prayer,date_local,time_local,utc_offset,lat,lng,elevation_m,source,notes
isha,2025-05-19,18:43,-3,-34.6037,-58.3816,25.0,Globe at Night Monitoring Network (GaN-MN). Continuous SQM-LE sky brightness data. https://globeatnight.org/gan-mn/. Station registry: http://globeatnight-network.org/,"GaN-MN station AHO (Almendra HackLab, Buenos Aires, Argentina); photometric inflection method; night median MSAS=17.53; MSAS at inflection=15.34; depression=9.85°; smoothing=5-pt median; dark rows=1465"
fajr,2025-05-20,07:07,-3,-34.6037,-58.3816,25.0,Globe at Night Monitoring Network (GaN-MN). Continuous SQM-LE sky brightness data. https://globeatnight.org/gan-mn/. Station registry: http://globeatnight-network.org/,"GaN-MN station AHO (Almendra HackLab, Buenos Aires, Argentina); photometric inflection method; night median MSAS=17.53; MSAS at inflection=15.51; depression=7.77°; smoothing=5-pt median; dark rows=1465"
isha,2025-05-28,19:11,-3,-34.6037,-58.3816,25.0,Globe at Night Monitoring Network (GaN-MN). Continuous SQM-LE sky brightness data. https://globeatnight.org/gan-mn/. Station registry: http://globeatnight-network.org/,"GaN-MN station AHO (Almendra HackLab, Buenos Aires, Argentina); photometric inflection method; night median MSAS=17.54; MSAS at inflection=15.89; depression=16.18°; smoothing=5-pt median; dark rows=1483"
isha,2025-05-13,19:51,8,22.3755,114.2707,10.0,Globe at Night Monitoring Network (GaN-MN). Continuous SQM-LE sky brightness data. https://globeatnight.org/gan-mn/. Station registry: http://globeatnight-network.org/,"GaN-MN station AP (Hong Kong Astropark, Sai Kung); photometric inflection method; night median MSAS=17.99; MSAS at inflection=19.19; depression=12.87°; smoothing=5-pt median; dark rows=1125"
fajr,2025-05-16,05:02,8,22.3755,114.2707,10.0,Globe at Night Monitoring Network (GaN-MN). Continuous SQM-LE sky brightness data. https://globeatnight.org/gan-mn/. Station registry: http://globeatnight-network.org/,"GaN-MN station AP (Hong Kong Astropark, Sai Kung); photometric inflection method; night median MSAS=18.41; MSAS at inflection=16.88; depression=9.28°; smoothing=5-pt median; dark rows=1121"
fajr,2025-05-20,04:11,8,22.3755,114.2707,10.0,Globe at Night Monitoring Network (GaN-MN). Continuous SQM-LE sky brightness data. https://globeatnight.org/gan-mn/. Station registry: http://globeatnight-network.org/,"GaN-MN station AP (Hong Kong Astropark, Sai Kung); photometric inflection method; night median MSAS=18.01; MSAS at inflection=17.71; depression=19.30°; smoothing=5-pt median; dark rows=1110"
fajr,2025-05-21,04:11,8,22.3755,114.2707,10.0,Globe at Night Monitoring Network (GaN-MN). Continuous SQM-LE sky brightness data. https://globeatnight.org/gan-mn/. Station registry: http://globeatnight-network.org/,"GaN-MN station AP (Hong Kong Astropark, Sai Kung); photometric inflection method; night median MSAS=18.53; MSAS at inflection=18.24; depression=19.21°; smoothing=5-pt median; dark rows=1111"
fajr,2025-05-23,04:42,8,22.3755,114.2707,10.0,Globe at Night Monitoring Network (GaN-MN). Continuous SQM-LE sky brightness data. https://globeatnight.org/gan-mn/. Station registry: http://globeatnight-network.org/,"GaN-MN station AP (Hong Kong Astropark, Sai Kung); photometric inflection method; night median MSAS=19.45; MSAS at inflection=19.91; depression=12.87°; smoothing=5-pt median; dark rows=1108"
isha,2025-05-25,19:58,8,22.3755,114.2707,10.0,Globe at Night Monitoring Network (GaN-MN). Continuous SQM-LE sky brightness data. https://globeatnight.org/gan-mn/. Station registry: http://globeatnight-network.org/,"GaN-MN station AP (Hong Kong Astropark, Sai Kung); photometric inflection method; night median MSAS=19.89; MSAS at inflection=19.38; depression=12.88°; smoothing=5-pt median; dark rows=1103"
fajr,2025-05-28,04:58,8,22.3755,114.2707,10.0,Globe at Night Monitoring Network (GaN-MN). Continuous SQM-LE sky brightness data. https://globeatnight.org/gan-mn/. Station registry: http://globeatnight-network.org/,"GaN-MN station AP (Hong Kong Astropark, Sai Kung); photometric inflection method; night median MSAS=19.60; MSAS at inflection=18.03; depression=9.30°; smoothing=5-pt median; dark rows=1100"
fajr,2025-05-31,03:56,8,22.3755,114.2707,10.0,Globe at Night Monitoring Network (GaN-MN). Continuous SQM-LE sky brightness data. https://globeatnight.org/gan-mn/. Station registry: http://globeatnight-network.org/,"GaN-MN station AP (Hong Kong Astropark, Sai Kung); photometric inflection method; night median MSAS=20.62; MSAS at inflection=20.78; depression=21.29°; smoothing=5-pt median; dark rows=1095"
isha,2025-05-31,19:39,8,22.3755,114.2707,10.0,Globe at Night Monitoring Network (GaN-MN). Continuous SQM-LE sky brightness data. https://globeatnight.org/gan-mn/. Station registry: http://globeatnight-network.org/,"GaN-MN station AP (Hong Kong Astropark, Sai Kung); photometric inflection method; night median MSAS=19.27; MSAS at inflection=17.36; depression=8.40°; smoothing=5-pt median; dark rows=1094"
isha,2025-05-01,22:24,2,51.1953,6.4578,80.0,Globe at Night Monitoring Network (GaN-MN). Continuous SQM-LE sky brightness data. https://globeatnight.org/gan-mn/. Station registry: http://globeatnight-network.org/,"GaN-MN station BO (Bettrath Observatory, Mönchengladbach, Germany); photometric inflection method; night median MSAS=20.25; MSAS at inflection=19.75; depression=12.04°; smoothing=5-pt median; dark rows=373"
fajr,2025-05-02,04:36,2,51.1953,6.4578,80.0,Globe at Night Monitoring Network (GaN-MN). Continuous SQM-LE sky brightness data. https://globeatnight.org/gan-mn/. Station registry: http://globeatnight-network.org/,"GaN-MN station BO (Bettrath Observatory, Mönchengladbach, Germany); photometric inflection method; night median MSAS=20.25; MSAS at inflection=19.97; depression=12.11°; smoothing=5-pt median; dark rows=373"
isha,2025-05-02,22:33,2,51.1953,6.4578,80.0,Globe at Night Monitoring Network (GaN-MN). Continuous SQM-LE sky brightness data. https://globeatnight.org/gan-mn/. Station registry: http://globeatnight-network.org/,"GaN-MN station BO (Bettrath Observatory, Mönchengladbach, Germany); photometric inflection method; night median MSAS=19.85; MSAS at inflection=19.46; depression=12.79°; smoothing=5-pt median; dark rows=368"
fajr,2025-05-03,04:34,2,51.1953,6.4578,80.0,Globe at Night Monitoring Network (GaN-MN). Continuous SQM-LE sky brightness data. https://globeatnight.org/gan-mn/. Station registry: http://globeatnight-network.org/,"GaN-MN station BO (Bettrath Observatory, Mönchengladbach, Germany); photometric inflection method; night median MSAS=19.85; MSAS at inflection=19.16; depression=12.05°; smoothing=5-pt median; dark rows=368"
isha,2025-05-04,00:11,2,51.1953,6.4578,80.0,Globe at Night Monitoring Network (GaN-MN). Continuous SQM-LE sky brightness data. https://globeatnight.org/gan-mn/. Station registry: http://globeatnight-network.org/,"GaN-MN station BO (Bettrath Observatory, Mönchengladbach, Germany); photometric inflection method; night median MSAS=20.10; MSAS at inflection=18.63; depression=20.65°; smoothing=5-pt median; dark rows=363"
fajr,2025-05-04,04:31,2,51.1953,6.4578,80.0,Globe at Night Monitoring Network (GaN-MN). Continuous SQM-LE sky brightness data. https://globeatnight.org/gan-mn/. Station registry: http://globeatnight-network.org/,"GaN-MN station BO (Bettrath Observatory, Mönchengladbach, Germany); photometric inflection method; night median MSAS=20.10; MSAS at inflection=19.79; depression=12.10°; smoothing=5-pt median; dark rows=363"
isha,2025-05-05,00:35,2,51.1953,6.4578,80.0,Globe at Night Monitoring Network (GaN-MN). Continuous SQM-LE sky brightness data. https://globeatnight.org/gan-mn/. Station registry: http://globeatnight-network.org/,"GaN-MN station BO (Bettrath Observatory, Mönchengladbach, Germany); photometric inflection method; night median MSAS=20.28; MSAS at inflection=20.22; depression=21.49°; smoothing=5-pt median; dark rows=359"
fajr,2025-05-05,04:29,2,51.1953,6.4578,80.0,Globe at Night Monitoring Network (GaN-MN). Continuous SQM-LE sky brightness data. https://globeatnight.org/gan-mn/. Station registry: http://globeatnight-network.org/,"GaN-MN station BO (Bettrath Observatory, Mönchengladbach, Germany); photometric inflection method; night median MSAS=20.28; MSAS at inflection=20.00; depression=12.05°; smoothing=5-pt median; dark rows=359"
isha,2025-05-05,23:27,2,51.1953,6.4578,80.0,Globe at Night Monitoring Network (GaN-MN). Continuous SQM-LE sky brightness data. https://globeatnight.org/gan-mn/. Station registry: http://globeatnight-network.org/,"GaN-MN station BO (Bettrath Observatory, Mönchengladbach, Germany); photometric inflection method; night median MSAS=20.17; MSAS at inflection=19.79; depression=17.15°; smoothing=5-pt median; dark rows=354"
fajr,2025-05-06,04:26,2,51.1953,6.4578,80.0,Globe at Night Monitoring Network (GaN-MN). Continuous SQM-LE sky brightness data. https://globeatnight.org/gan-mn/. Station registry: http://globeatnight-network.org/,"GaN-MN station BO (Bettrath Observatory, Mönchengladbach, Germany); photometric inflection method; night median MSAS=20.17; MSAS at inflection=20.03; depression=12.10°; smoothing=5-pt median; dark rows=354"
isha,2025-05-07,01:29,2,51.1953,6.4578,80.0,Globe at Night Monitoring Network (GaN-MN). Continuous SQM-LE sky brightness data. https://globeatnight.org/gan-mn/. Station registry: http://globeatnight-network.org/,"GaN-MN station BO (Bettrath Observatory, Mönchengladbach, Germany); photometric inflection method; night median MSAS=20.01; MSAS at inflection=20.02; depression=21.99°; smoothing=5-pt median; dark rows=350"
fajr,2025-05-07,04:24,2,51.1953,6.4578,80.0,Globe at Night Monitoring Network (GaN-MN). Continuous SQM-LE sky brightness data. https://globeatnight.org/gan-mn/. Station registry: http://globeatnight-network.org/,"GaN-MN station BO (Bettrath Observatory, Mönchengladbach, Germany); photometric inflection method; night median MSAS=20.01; MSAS at inflection=20.00; depression=12.05°; smoothing=5-pt median; dark rows=350"
isha,2025-05-08,01:30,2,51.1953,6.4578,80.0,Globe at Night Monitoring Network (GaN-MN). Continuous SQM-LE sky brightness data. https://globeatnight.org/gan-mn/. Station registry: http://globeatnight-network.org/,"GaN-MN station BO (Bettrath Observatory, Mönchengladbach, Germany); photometric inflection method; night median MSAS=18.61; MSAS at inflection=19.64; depression=21.71°; smoothing=5-pt median; dark rows=344"
isha,2025-05-08,22:41,2,51.1953,6.4578,80.0,Globe at Night Monitoring Network (GaN-MN). Continuous SQM-LE sky brightness data. https://globeatnight.org/gan-mn/. Station registry: http://globeatnight-network.org/,"GaN-MN station BO (Bettrath Observatory, Mönchengladbach, Germany); photometric inflection method; night median MSAS=19.88; MSAS at inflection=19.26; depression=12.11°; smoothing=5-pt median; dark rows=340"
fajr,2025-05-09,04:20,2,51.1953,6.4578,80.0,Globe at Night Monitoring Network (GaN-MN). Continuous SQM-LE sky brightness data. https://globeatnight.org/gan-mn/. Station registry: http://globeatnight-network.org/,"GaN-MN station BO (Bettrath Observatory, Mönchengladbach, Germany); photometric inflection method; night median MSAS=19.88; MSAS at inflection=19.93; depression=12.06°; smoothing=5-pt median; dark rows=340"
isha,2025-05-09,22:48,2,51.1953,6.4578,80.0,Globe at Night Monitoring Network (GaN-MN). Continuous SQM-LE sky brightness data. https://globeatnight.org/gan-mn/. Station registry: http://globeatnight-network.org/,"GaN-MN station BO (Bettrath Observatory, Mönchengladbach, Germany); photometric inflection method; night median MSAS=19.82; MSAS at inflection=19.46; depression=12.59°; smoothing=5-pt median; dark rows=335"
fajr,2025-05-10,04:17,2,51.1953,6.4578,80.0,Globe at Night Monitoring Network (GaN-MN). Continuous SQM-LE sky brightness data. https://globeatnight.org/gan-mn/. Station registry: http://globeatnight-network.org/,"GaN-MN station BO (Bettrath Observatory, Mönchengladbach, Germany); photometric inflection method; night median MSAS=19.82; MSAS at inflection=19.89; depression=12.11°; smoothing=5-pt median; dark rows=335"
fajr,2025-05-11,04:15,2,51.1953,6.4578,80.0,Globe at Night Monitoring Network (GaN-MN). Continuous SQM-LE sky brightness data. https://globeatnight.org/gan-mn/. Station registry: http://globeatnight-network.org/,"GaN-MN station BO (Bettrath Observatory, Mönchengladbach, Germany); photometric inflection method; night median MSAS=19.73; MSAS at inflection=19.76; depression=12.07°; smoothing=5-pt median; dark rows=331"
isha,2025-05-11,22:47,2,51.1953,6.4578,80.0,Globe at Night Monitoring Network (GaN-MN). Continuous SQM-LE sky brightness data. https://globeatnight.org/gan-mn/. Station registry: http://globeatnight-network.org/,"GaN-MN station BO (Bettrath Observatory, Mönchengladbach, Germany); photometric inflection method; night median MSAS=19.60; MSAS at inflection=19.34; depression=12.04°; smoothing=5-pt median; dark rows=327"
fajr,2025-05-12,04:13,2,51.1953,6.4578,80.0,Globe at Night Monitoring Network (GaN-MN). Continuous SQM-LE sky brightness data. https://globeatnight.org/gan-mn/. Station registry: http://globeatnight-network.org/,"GaN-MN station BO (Bettrath Observatory, Mönchengladbach, Germany); photometric inflection method; night median MSAS=19.60; MSAS at inflection=19.59; depression=12.03°; smoothing=5-pt median; dark rows=327"
isha,2025-05-12,23:48,2,51.1953,6.4578,80.0,Globe at Night Monitoring Network (GaN-MN). Continuous SQM-LE sky brightness data. https://globeatnight.org/gan-mn/. Station registry: http://globeatnight-network.org/,"GaN-MN station BO (Bettrath Observatory, Mönchengladbach, Germany); photometric inflection method; night median MSAS=19.56; MSAS at inflection=19.53; depression=16.92°; smoothing=5-pt median; dark rows=321"
fajr,2025-05-13,04:00,2,51.1953,6.4578,80.0,Globe at Night Monitoring Network (GaN-MN). Continuous SQM-LE sky brightness data. https://globeatnight.org/gan-mn/. Station registry: http://globeatnight-network.org/,"GaN-MN station BO (Bettrath Observatory, Mönchengladbach, Germany); photometric inflection method; night median MSAS=19.56; MSAS at inflection=19.65; depression=13.05°; smoothing=5-pt median; dark rows=321"
isha,2025-05-14,01:29,2,51.1953,6.4578,80.0,Globe at Night Monitoring Network (GaN-MN). Continuous SQM-LE sky brightness data. https://globeatnight.org/gan-mn/. Station registry: http://globeatnight-network.org/,"GaN-MN station BO (Bettrath Observatory, Mönchengladbach, Germany); photometric inflection method; night median MSAS=19.79; MSAS at inflection=19.69; depression=20.17°; smoothing=5-pt median; dark rows=317"
fajr,2025-05-14,04:08,2,51.1953,6.4578,80.0,Globe at Night Monitoring Network (GaN-MN). Continuous SQM-LE sky brightness data. https://globeatnight.org/gan-mn/. Station registry: http://globeatnight-network.org/,"GaN-MN station BO (Bettrath Observatory, Mönchengladbach, Germany); photometric inflection method; night median MSAS=19.79; MSAS at inflection=19.63; depression=12.06°; smoothing=5-pt median; dark rows=317"
isha,2025-05-19,23:05,2,51.1953,6.4578,80.0,Globe at Night Monitoring Network (GaN-MN). Continuous SQM-LE sky brightness data. https://globeatnight.org/gan-mn/. Station registry: http://globeatnight-network.org/,"GaN-MN station BO (Bettrath Observatory, Mönchengladbach, Germany); photometric inflection method; night median MSAS=20.38; MSAS at inflection=19.78; depression=12.06°; smoothing=5-pt median; dark rows=289"
fajr,2025-05-20,01:40,2,51.1953,6.4578,80.0,Globe at Night Monitoring Network (GaN-MN). Continuous SQM-LE sky brightness data. https://globeatnight.org/gan-mn/. Station registry: http://globeatnight-network.org/,"GaN-MN station BO (Bettrath Observatory, Mönchengladbach, Germany); photometric inflection method; night median MSAS=20.38; MSAS at inflection=20.50; depression=18.79°; smoothing=5-pt median; dark rows=289"
isha,2025-05-20,23:07,2,51.1953,6.4578,80.0,Globe at Night Monitoring Network (GaN-MN). Continuous SQM-LE sky brightness data. https://globeatnight.org/gan-mn/. Station registry: http://globeatnight-network.org/,"GaN-MN station BO (Bettrath Observatory, Mönchengladbach, Germany); photometric inflection method; night median MSAS=19.89; MSAS at inflection=19.53; depression=12.05°; smoothing=5-pt median; dark rows=286"
fajr,2025-05-21,03:52,2,51.1953,6.4578,80.0,Globe at Night Monitoring Network (GaN-MN). Continuous SQM-LE sky brightness data. https://globeatnight.org/gan-mn/. Station registry: http://globeatnight-network.org/,"GaN-MN station BO (Bettrath Observatory, Mönchengladbach, Germany); photometric inflection method; night median MSAS=19.89; MSAS at inflection=19.48; depression=12.10°; smoothing=5-pt median; dark rows=286"
isha,2025-05-21,23:16,2,51.1953,6.4578,80.0,Globe at Night Monitoring Network (GaN-MN). Continuous SQM-LE sky brightness data. https://globeatnight.org/gan-mn/. Station registry: http://globeatnight-network.org/,"GaN-MN station BO (Bettrath Observatory, Mönchengladbach, Germany); photometric inflection method; night median MSAS=19.93; MSAS at inflection=19.77; depression=12.63°; smoothing=5-pt median; dark rows=282"
fajr,2025-05-22,01:30,2,51.1953,6.4578,80.0,Globe at Night Monitoring Network (GaN-MN). Continuous SQM-LE sky brightness data. https://globeatnight.org/gan-mn/. Station registry: http://globeatnight-network.org/,"GaN-MN station BO (Bettrath Observatory, Mönchengladbach, Germany); photometric inflection method; night median MSAS=19.93; MSAS at inflection=20.45; depression=18.42°; smoothing=5-pt median; dark rows=282"
isha,2025-05-23,01:14,2,51.1953,6.4578,80.0,Globe at Night Monitoring Network (GaN-MN). Continuous SQM-LE sky brightness data. https://globeatnight.org/gan-mn/. Station registry: http://globeatnight-network.org/,"GaN-MN station BO (Bettrath Observatory, Mönchengladbach, Germany); photometric inflection method; night median MSAS=20.50; MSAS at inflection=20.51; depression=18.14°; smoothing=5-pt median; dark rows=277"
fajr,2025-05-23,01:39,2,51.1953,6.4578,80.0,Globe at Night Monitoring Network (GaN-MN). Continuous SQM-LE sky brightness data. https://globeatnight.org/gan-mn/. Station registry: http://globeatnight-network.org/,"GaN-MN station BO (Bettrath Observatory, Mönchengladbach, Germany); photometric inflection method; night median MSAS=20.50; MSAS at inflection=20.51; depression=18.20°; smoothing=5-pt median; dark rows=277"
fajr,2025-05-24,01:31,2,51.1953,6.4578,80.0,Globe at Night Monitoring Network (GaN-MN). Continuous SQM-LE sky brightness data. https://globeatnight.org/gan-mn/. Station registry: http://globeatnight-network.org/,"GaN-MN station BO (Bettrath Observatory, Mönchengladbach, Germany); photometric inflection method; night median MSAS=20.26; MSAS at inflection=20.48; depression=18.04°; smoothing=5-pt median; dark rows=273"
isha,2025-05-25,01:30,2,51.1953,6.4578,80.0,Globe at Night Monitoring Network (GaN-MN). Continuous SQM-LE sky brightness data. https://globeatnight.org/gan-mn/. Station registry: http://globeatnight-network.org/,"GaN-MN station BO (Bettrath Observatory, Mönchengladbach, Germany); photometric inflection method; night median MSAS=18.05; MSAS at inflection=18.06; depression=17.85°; smoothing=5-pt median; dark rows=269"
fajr,2025-05-25,03:41,2,51.1953,6.4578,80.0,Globe at Night Monitoring Network (GaN-MN). Continuous SQM-LE sky brightness data. https://globeatnight.org/gan-mn/. Station registry: http://globeatnight-network.org/,"GaN-MN station BO (Bettrath Observatory, Mönchengladbach, Germany); photometric inflection method; night median MSAS=18.05; MSAS at inflection=18.19; depression=12.40°; smoothing=5-pt median; dark rows=269"
isha,2025-05-26,01:30,2,51.1953,6.4578,80.0,Globe at Night Monitoring Network (GaN-MN). Continuous SQM-LE sky brightness data. https://globeatnight.org/gan-mn/. Station registry: http://globeatnight-network.org/,"GaN-MN station BO (Bettrath Observatory, Mönchengladbach, Germany); photometric inflection method; night median MSAS=19.40; MSAS at inflection=19.44; depression=17.68°; smoothing=5-pt median; dark rows=265"
isha,2025-05-26,23:21,2,51.1953,6.4578,80.0,Globe at Night Monitoring Network (GaN-MN). Continuous SQM-LE sky brightness data. https://globeatnight.org/gan-mn/. Station registry: http://globeatnight-network.org/,"GaN-MN station BO (Bettrath Observatory, Mönchengladbach, Germany); photometric inflection method; night median MSAS=18.78; MSAS at inflection=18.87; depression=12.10°; smoothing=5-pt median; dark rows=261"
fajr,2025-05-27,03:41,2,51.1953,6.4578,80.0,Globe at Night Monitoring Network (GaN-MN). Continuous SQM-LE sky brightness data. https://globeatnight.org/gan-mn/. Station registry: http://globeatnight-network.org/,"GaN-MN station BO (Bettrath Observatory, Mönchengladbach, Germany); photometric inflection method; night median MSAS=18.78; MSAS at inflection=18.29; depression=12.08°; smoothing=5-pt median; dark rows=261"
isha,2025-05-28,01:16,2,51.1953,6.4578,80.0,Globe at Night Monitoring Network (GaN-MN). Continuous SQM-LE sky brightness data. https://globeatnight.org/gan-mn/. Station registry: http://globeatnight-network.org/,"GaN-MN station BO (Bettrath Observatory, Mönchengladbach, Germany); photometric inflection method; night median MSAS=18.11; MSAS at inflection=17.96; depression=17.27°; smoothing=5-pt median; dark rows=257"
fajr,2025-05-28,03:39,2,51.1953,6.4578,80.0,Globe at Night Monitoring Network (GaN-MN). Continuous SQM-LE sky brightness data. https://globeatnight.org/gan-mn/. Station registry: http://globeatnight-network.org/,"GaN-MN station BO (Bettrath Observatory, Mönchengladbach, Germany); photometric inflection method; night median MSAS=18.11; MSAS at inflection=18.10; depression=12.09°; smoothing=5-pt median; dark rows=257"
isha,2025-05-29,01:30,2,51.1953,6.4578,80.0,Globe at Night Monitoring Network (GaN-MN). Continuous SQM-LE sky brightness data. https://globeatnight.org/gan-mn/. Station registry: http://globeatnight-network.org/,"GaN-MN station BO (Bettrath Observatory, Mönchengladbach, Germany); photometric inflection method; night median MSAS=20.12; MSAS at inflection=20.06; depression=17.19°; smoothing=5-pt median; dark rows=253"
fajr,2025-05-29,03:37,2,51.1953,6.4578,80.0,Globe at Night Monitoring Network (GaN-MN). Continuous SQM-LE sky brightness data. https://globeatnight.org/gan-mn/. Station registry: http://globeatnight-network.org/,"GaN-MN station BO (Bettrath Observatory, Mönchengladbach, Germany); photometric inflection method; night median MSAS=20.12; MSAS at inflection=19.42; depression=12.10°; smoothing=5-pt median; dark rows=253"
isha,2025-05-20,21:14,9,35.8714,128.6014,55.0,Globe at Night Monitoring Network (GaN-MN). Continuous SQM-LE sky brightness data. https://globeatnight.org/gan-mn/. Station registry: http://globeatnight-network.org/,"GaN-MN station DNSM (Daegu National Science Museum, Korea); photometric inflection method; night median MSAS=17.77; MSAS at inflection=17.52; depression=18.55°; smoothing=5-pt median; dark rows=968"
fajr,2025-05-21,04:18,9,35.8714,128.6014,55.0,Globe at Night Monitoring Network (GaN-MN). Continuous SQM-LE sky brightness data. https://globeatnight.org/gan-mn/. Station registry: http://globeatnight-network.org/,"GaN-MN station DNSM (Daegu National Science Museum, Korea); photometric inflection method; night median MSAS=17.77; MSAS at inflection=18.37; depression=10.84°; smoothing=5-pt median; dark rows=968"
fajr,2025-05-22,04:28,9,35.8714,128.6014,55.0,Globe at Night Monitoring Network (GaN-MN). Continuous SQM-LE sky brightness data. https://globeatnight.org/gan-mn/. Station registry: http://globeatnight-network.org/,"GaN-MN station DNSM (Daegu National Science Museum, Korea); photometric inflection method; night median MSAS=17.81; MSAS at inflection=17.21; depression=9.04°; smoothing=5-pt median; dark rows=964"
isha,2025-05-26,21:31,9,35.8714,128.6014,55.0,Globe at Night Monitoring Network (GaN-MN). Continuous SQM-LE sky brightness data. https://globeatnight.org/gan-mn/. Station registry: http://globeatnight-network.org/,"GaN-MN station DNSM (Daegu National Science Museum, Korea); photometric inflection method; night median MSAS=18.28; MSAS at inflection=17.15; depression=19.99°; smoothing=5-pt median; dark rows=948"
fajr,2025-05-30,04:13,9,35.8714,128.6014,55.0,Globe at Night Monitoring Network (GaN-MN). Continuous SQM-LE sky brightness data. https://globeatnight.org/gan-mn/. Station registry: http://globeatnight-network.org/,"GaN-MN station DNSM (Daegu National Science Museum, Korea); photometric inflection method; night median MSAS=18.33; MSAS at inflection=18.19; depression=10.75°; smoothing=5-pt median; dark rows=940"
isha,2025-05-01,22:40,2,45.6667,7.5167,1490.0,Globe at Night Monitoring Network (GaN-MN). Continuous SQM-LE sky brightness data. https://globeatnight.org/gan-mn/. Station registry: http://globeatnight-network.org/,"GaN-MN station Dal (Promiod, Aosta Valley, Italy); photometric inflection method; night median MSAS=21.47; MSAS at inflection=21.11; depression=18.28°; smoothing=5-pt median; dark rows=67"
isha,2025-05-02,22:50,2,45.6667,7.5167,1490.0,Globe at Night Monitoring Network (GaN-MN). Continuous SQM-LE sky brightness data. https://globeatnight.org/gan-mn/. Station registry: http://globeatnight-network.org/,"GaN-MN station Dal (Promiod, Aosta Valley, Italy); photometric inflection method; night median MSAS=19.88; MSAS at inflection=20.36; depression=19.19°; smoothing=5-pt median; dark rows=66"
fajr,2025-05-03,04:10,2,45.6667,7.5167,1490.0,Globe at Night Monitoring Network (GaN-MN). Continuous SQM-LE sky brightness data. https://globeatnight.org/gan-mn/. Station registry: http://globeatnight-network.org/,"GaN-MN station Dal (Promiod, Aosta Valley, Italy); photometric inflection method; night median MSAS=19.88; MSAS at inflection=19.85; depression=18.39°; smoothing=5-pt median; dark rows=66"
fajr,2025-05-04,04:05,2,45.6667,7.5167,1490.0,Globe at Night Monitoring Network (GaN-MN). Continuous SQM-LE sky brightness data. https://globeatnight.org/gan-mn/. Station registry: http://globeatnight-network.org/,"GaN-MN station Dal (Promiod, Aosta Valley, Italy); photometric inflection method; night median MSAS=20.32; MSAS at inflection=20.33; depression=18.70°; smoothing=5-pt median; dark rows=65"
fajr,2025-05-05,04:05,2,45.6667,7.5167,1490.0,Globe at Night Monitoring Network (GaN-MN). Continuous SQM-LE sky brightness data. https://globeatnight.org/gan-mn/. Station registry: http://globeatnight-network.org/,"GaN-MN station Dal (Promiod, Aosta Valley, Italy); photometric inflection method; night median MSAS=19.49; MSAS at inflection=21.22; depression=18.43°; smoothing=5-pt median; dark rows=65"
isha,2025-05-05,23:05,2,45.6667,7.5167,1490.0,Globe at Night Monitoring Network (GaN-MN). Continuous SQM-LE sky brightness data. https://globeatnight.org/gan-mn/. Station registry: http://globeatnight-network.org/,"GaN-MN station Dal (Promiod, Aosta Valley, Italy); photometric inflection method; night median MSAS=19.39; MSAS at inflection=18.57; depression=20.06°; smoothing=5-pt median; dark rows=64"
fajr,2025-05-06,04:05,2,45.6667,7.5167,1490.0,Globe at Night Monitoring Network (GaN-MN). Continuous SQM-LE sky brightness data. https://globeatnight.org/gan-mn/. Station registry: http://globeatnight-network.org/,"GaN-MN station Dal (Promiod, Aosta Valley, Italy); photometric inflection method; night median MSAS=19.39; MSAS at inflection=21.11; depression=18.17°; smoothing=5-pt median; dark rows=64"
isha,2025-05-06,22:50,2,45.6667,7.5167,1490.0,Globe at Night Monitoring Network (GaN-MN). Continuous SQM-LE sky brightness data. https://globeatnight.org/gan-mn/. Station registry: http://globeatnight-network.org/,"GaN-MN station Dal (Promiod, Aosta Valley, Italy); photometric inflection method; night median MSAS=19.15; MSAS at inflection=18.35; depression=18.22°; smoothing=5-pt median; dark rows=63"
isha,2025-05-07,22:55,2,45.6667,7.5167,1490.0,Globe at Night Monitoring Network (GaN-MN). Continuous SQM-LE sky brightness data. https://globeatnight.org/gan-mn/. Station registry: http://globeatnight-network.org/,"GaN-MN station Dal (Promiod, Aosta Valley, Italy); photometric inflection method; night median MSAS=18.87; MSAS at inflection=18.00; depression=18.53°; smoothing=5-pt median; dark rows=61"
isha,2025-05-10,23:00,2,45.6667,7.5167,1490.0,Globe at Night Monitoring Network (GaN-MN). Continuous SQM-LE sky brightness data. https://globeatnight.org/gan-mn/. Station registry: http://globeatnight-network.org/,"GaN-MN station Dal (Promiod, Aosta Valley, Italy); photometric inflection method; night median MSAS=18.90; MSAS at inflection=17.68; depression=18.36°; smoothing=5-pt median; dark rows=59"
fajr,2025-05-13,03:10,2,45.6667,7.5167,1490.0,Globe at Night Monitoring Network (GaN-MN). Continuous SQM-LE sky brightness data. https://globeatnight.org/gan-mn/. Station registry: http://globeatnight-network.org/,"GaN-MN station Dal (Promiod, Aosta Valley, Italy); photometric inflection method; night median MSAS=18.82; MSAS at inflection=19.07; depression=21.74°; smoothing=5-pt median; dark rows=57"
isha,2025-05-13,23:10,2,45.6667,7.5167,1490.0,Globe at Night Monitoring Network (GaN-MN). Continuous SQM-LE sky brightness data. https://globeatnight.org/gan-mn/. Station registry: http://globeatnight-network.org/,"GaN-MN station Dal (Promiod, Aosta Valley, Italy); photometric inflection method; night median MSAS=18.90; MSAS at inflection=19.23; depression=18.69°; smoothing=5-pt median; dark rows=56"
fajr,2025-05-14,03:45,2,45.6667,7.5167,1490.0,Globe at Night Monitoring Network (GaN-MN). Continuous SQM-LE sky brightness data. https://globeatnight.org/gan-mn/. Station registry: http://globeatnight-network.org/,"GaN-MN station Dal (Promiod, Aosta Valley, Italy); photometric inflection method; night median MSAS=18.90; MSAS at inflection=18.81; depression=18.40°; smoothing=5-pt median; dark rows=56"
isha,2025-05-15,23:10,2,45.6667,7.5167,1490.0,Globe at Night Monitoring Network (GaN-MN). Continuous SQM-LE sky brightness data. https://globeatnight.org/gan-mn/. Station registry: http://globeatnight-network.org/,"GaN-MN station Dal (Promiod, Aosta Valley, Italy); photometric inflection method; night median MSAS=20.56; MSAS at inflection=21.18; depression=18.26°; smoothing=5-pt median; dark rows=55"
fajr,2025-05-16,03:40,2,45.6667,7.5167,1490.0,Globe at Night Monitoring Network (GaN-MN). Continuous SQM-LE sky brightness data. https://globeatnight.org/gan-mn/. Station registry: http://globeatnight-network.org/,"GaN-MN station Dal (Promiod, Aosta Valley, Italy); photometric inflection method; night median MSAS=20.56; MSAS at inflection=20.07; depression=18.46°; smoothing=5-pt median; dark rows=55"
isha,2025-05-16,23:15,2,45.6667,7.5167,1490.0,Globe at Night Monitoring Network (GaN-MN). Continuous SQM-LE sky brightness data. https://globeatnight.org/gan-mn/. Station registry: http://globeatnight-network.org/,"GaN-MN station Dal (Promiod, Aosta Valley, Italy); photometric inflection method; night median MSAS=21.11; MSAS at inflection=21.48; depression=18.53°; smoothing=5-pt median; dark rows=54"
fajr,2025-05-17,03:40,2,45.6667,7.5167,1490.0,Globe at Night Monitoring Network (GaN-MN). Continuous SQM-LE sky brightness data. https://globeatnight.org/gan-mn/. Station registry: http://globeatnight-network.org/,"GaN-MN station Dal (Promiod, Aosta Valley, Italy); photometric inflection method; night median MSAS=21.11; MSAS at inflection=20.28; depression=18.25°; smoothing=5-pt median; dark rows=54"
fajr,2025-05-18,03:35,2,45.6667,7.5167,1490.0,Globe at Night Monitoring Network (GaN-MN). Continuous SQM-LE sky brightness data. https://globeatnight.org/gan-mn/. Station registry: http://globeatnight-network.org/,"GaN-MN station Dal (Promiod, Aosta Valley, Italy); photometric inflection method; night median MSAS=21.45; MSAS at inflection=20.62; depression=18.52°; smoothing=5-pt median; dark rows=53"
fajr,2025-05-19,03:35,2,45.6667,7.5167,1490.0,Globe at Night Monitoring Network (GaN-MN). Continuous SQM-LE sky brightness data. https://globeatnight.org/gan-mn/. Station registry: http://globeatnight-network.org/,"GaN-MN station Dal (Promiod, Aosta Valley, Italy); photometric inflection method; night median MSAS=21.49; MSAS at inflection=20.86; depression=18.33°; smoothing=5-pt median; dark rows=53"
isha,2025-05-19,23:20,2,45.6667,7.5167,1490.0,Globe at Night Monitoring Network (GaN-MN). Continuous SQM-LE sky brightness data. https://globeatnight.org/gan-mn/. Station registry: http://globeatnight-network.org/,"GaN-MN station Dal (Promiod, Aosta Valley, Italy); photometric inflection method; night median MSAS=20.25; MSAS at inflection=20.35; depression=18.38°; smoothing=5-pt median; dark rows=52"
fajr,2025-05-20,03:35,2,45.6667,7.5167,1490.0,Globe at Night Monitoring Network (GaN-MN). Continuous SQM-LE sky brightness data. https://globeatnight.org/gan-mn/. Station registry: http://globeatnight-network.org/,"GaN-MN station Dal (Promiod, Aosta Valley, Italy); photometric inflection method; night median MSAS=20.25; MSAS at inflection=19.66; depression=18.14°; smoothing=5-pt median; dark rows=52"
isha,2025-05-20,23:25,2,45.6667,7.5167,1490.0,Globe at Night Monitoring Network (GaN-MN). Continuous SQM-LE sky brightness data. https://globeatnight.org/gan-mn/. Station registry: http://globeatnight-network.org/,"GaN-MN station Dal (Promiod, Aosta Valley, Italy); photometric inflection method; night median MSAS=21.79; MSAS at inflection=21.29; depression=18.63°; smoothing=5-pt median; dark rows=50"
fajr,2025-05-21,03:30,2,45.6667,7.5167,1490.0,Globe at Night Monitoring Network (GaN-MN). Continuous SQM-LE sky brightness data. https://globeatnight.org/gan-mn/. Station registry: http://globeatnight-network.org/,"GaN-MN station Dal (Promiod, Aosta Valley, Italy); photometric inflection method; night median MSAS=21.79; MSAS at inflection=21.69; depression=18.41°; smoothing=5-pt median; dark rows=50"
isha,2025-05-21,23:25,2,45.6667,7.5167,1490.0,Globe at Night Monitoring Network (GaN-MN). Continuous SQM-LE sky brightness data. https://globeatnight.org/gan-mn/. Station registry: http://globeatnight-network.org/,"GaN-MN station Dal (Promiod, Aosta Valley, Italy); photometric inflection method; night median MSAS=20.46; MSAS at inflection=19.90; depression=18.44°; smoothing=5-pt median; dark rows=50"
isha,2025-05-22,23:25,2,45.6667,7.5167,1490.0,Globe at Night Monitoring Network (GaN-MN). Continuous SQM-LE sky brightness data. https://globeatnight.org/gan-mn/. Station registry: http://globeatnight-network.org/,"GaN-MN station Dal (Promiod, Aosta Valley, Italy); photometric inflection method; night median MSAS=21.55; MSAS at inflection=21.22; depression=18.25°; smoothing=5-pt median; dark rows=49"
fajr,2025-05-23,03:25,2,45.6667,7.5167,1490.0,Globe at Night Monitoring Network (GaN-MN). Continuous SQM-LE sky brightness data. https://globeatnight.org/gan-mn/. Station registry: http://globeatnight-network.org/,"GaN-MN station Dal (Promiod, Aosta Valley, Italy); photometric inflection method; night median MSAS=21.55; MSAS at inflection=21.47; depression=18.49°; smoothing=5-pt median; dark rows=49"
isha,2025-05-25,00:00,2,45.6667,7.5167,1490.0,Globe at Night Monitoring Network (GaN-MN). Continuous SQM-LE sky brightness data. https://globeatnight.org/gan-mn/. Station registry: http://globeatnight-network.org/,"GaN-MN station Dal (Promiod, Aosta Valley, Italy); photometric inflection method; night median MSAS=21.30; MSAS at inflection=21.20; depression=20.54°; smoothing=5-pt median; dark rows=43"
isha,2025-05-25,23:35,2,45.6667,7.5167,1490.0,Globe at Night Monitoring Network (GaN-MN). Continuous SQM-LE sky brightness data. https://globeatnight.org/gan-mn/. Station registry: http://globeatnight-network.org/,"GaN-MN station Dal (Promiod, Aosta Valley, Italy); photometric inflection method; night median MSAS=21.41; MSAS at inflection=19.91; depression=18.55°; smoothing=5-pt median; dark rows=47"
fajr,2025-05-27,03:20,2,45.6667,7.5167,1490.0,Globe at Night Monitoring Network (GaN-MN). Continuous SQM-LE sky brightness data. https://globeatnight.org/gan-mn/. Station registry: http://globeatnight-network.org/,"GaN-MN station Dal (Promiod, Aosta Valley, Italy); photometric inflection method; night median MSAS=20.59; MSAS at inflection=19.91; depression=18.27°; smoothing=5-pt median; dark rows=46"
isha,2025-05-28,00:20,2,45.6667,7.5167,1490.0,Globe at Night Monitoring Network (GaN-MN). Continuous SQM-LE sky brightness data. https://globeatnight.org/gan-mn/. Station registry: http://globeatnight-network.org/,"GaN-MN station Dal (Promiod, Aosta Valley, Italy); photometric inflection method; night median MSAS=21.49; MSAS at inflection=21.40; depression=21.17°; smoothing=5-pt median; dark rows=45"
fajr,2025-05-28,03:15,2,45.6667,7.5167,1490.0,Globe at Night Monitoring Network (GaN-MN). Continuous SQM-LE sky brightness data. https://globeatnight.org/gan-mn/. Station registry: http://globeatnight-network.org/,"GaN-MN station Dal (Promiod, Aosta Valley, Italy); photometric inflection method; night median MSAS=21.49; MSAS at inflection=21.43; depression=18.53°; smoothing=5-pt median; dark rows=45"
fajr,2025-05-29,03:15,2,45.6667,7.5167,1490.0,Globe at Night Monitoring Network (GaN-MN). Continuous SQM-LE sky brightness data. https://globeatnight.org/gan-mn/. Station registry: http://globeatnight-network.org/,"GaN-MN station Dal (Promiod, Aosta Valley, Italy); photometric inflection method; night median MSAS=21.47; MSAS at inflection=21.46; depression=18.39°; smoothing=5-pt median; dark rows=43"
isha,2025-05-29,23:40,2,45.6667,7.5167,1490.0,Globe at Night Monitoring Network (GaN-MN). Continuous SQM-LE sky brightness data. https://globeatnight.org/gan-mn/. Station registry: http://globeatnight-network.org/,"GaN-MN station Dal (Promiod, Aosta Valley, Italy); photometric inflection method; night median MSAS=21.06; MSAS at inflection=21.14; depression=18.30°; smoothing=5-pt median; dark rows=44"
isha,2025-06-01,00:50,2,45.6667,7.5167,1490.0,Globe at Night Monitoring Network (GaN-MN). Continuous SQM-LE sky brightness data. https://globeatnight.org/gan-mn/. Station registry: http://globeatnight-network.org/,"GaN-MN station Dal (Promiod, Aosta Valley, Italy); photometric inflection method; night median MSAS=19.68; MSAS at inflection=19.57; depression=21.74°; smoothing=5-pt median; dark rows=27"
fajr,2025-06-01,01:55,2,45.6667,7.5167,1490.0,Globe at Night Monitoring Network (GaN-MN). Continuous SQM-LE sky brightness data. https://globeatnight.org/gan-mn/. Station registry: http://globeatnight-network.org/,"GaN-MN station Dal (Promiod, Aosta Valley, Italy); photometric inflection method; night median MSAS=19.68; MSAS at inflection=20.16; depression=21.99°; smoothing=5-pt median; dark rows=27"
fajr,2025-05-02,04:30,8,22.4924,114.1393,20.0,Globe at Night Monitoring Network (GaN-MN). Continuous SQM-LE sky brightness data. https://globeatnight.org/gan-mn/. Station registry: http://globeatnight-network.org/,"GaN-MN station FKYC (Fanling, Hong Kong); photometric inflection method; night median MSAS=17.60; MSAS at inflection=18.01; depression=17.99°; smoothing=5-pt median; dark rows=1153"
isha,2025-05-02,20:00,8,22.4924,114.1393,20.0,Globe at Night Monitoring Network (GaN-MN). Continuous SQM-LE sky brightness data. https://globeatnight.org/gan-mn/. Station registry: http://globeatnight-network.org/,"GaN-MN station FKYC (Fanling, Hong Kong); photometric inflection method; night median MSAS=17.55; MSAS at inflection=17.22; depression=16.00°; smoothing=5-pt median; dark rows=1150"
isha,2025-05-14,19:42,8,22.4924,114.1393,20.0,Globe at Night Monitoring Network (GaN-MN). Continuous SQM-LE sky brightness data. https://globeatnight.org/gan-mn/. Station registry: http://globeatnight-network.org/,"GaN-MN station FKYC (Fanling, Hong Kong); photometric inflection method; night median MSAS=17.67; MSAS at inflection=17.72; depression=10.67°; smoothing=5-pt median; dark rows=1123"
isha,2025-05-02,20:09,8,22.3719,114.1133,80.0,Globe at Night Monitoring Network (GaN-MN). Continuous SQM-LE sky brightness data. https://globeatnight.org/gan-mn/. Station registry: http://globeatnight-network.org/,"GaN-MN station HKn (Ho Koon, Tsuen Wan, Hong Kong); photometric inflection method; night median MSAS=18.55; MSAS at inflection=18.05; depression=17.90°; smoothing=5-pt median; dark rows=1151"
fajr,2025-05-04,04:14,8,22.3719,114.1133,80.0,Globe at Night Monitoring Network (GaN-MN). Continuous SQM-LE sky brightness data. https://globeatnight.org/gan-mn/. Station registry: http://globeatnight-network.org/,"GaN-MN station HKn (Ho Koon, Tsuen Wan, Hong Kong); photometric inflection method; night median MSAS=18.08; MSAS at inflection=19.03; depression=21.11°; smoothing=5-pt median; dark rows=1146"
isha,2025-05-12,19:36,8,22.3719,114.1133,80.0,Globe at Night Monitoring Network (GaN-MN). Continuous SQM-LE sky brightness data. https://globeatnight.org/gan-mn/. Station registry: http://globeatnight-network.org/,"GaN-MN station HKn (Ho Koon, Tsuen Wan, Hong Kong); photometric inflection method; night median MSAS=17.98; MSAS at inflection=17.82; depression=9.70°; smoothing=5-pt median; dark rows=1128"
isha,2025-05-14,19:40,8,22.3719,114.1133,80.0,Globe at Night Monitoring Network (GaN-MN). Continuous SQM-LE sky brightness data. https://globeatnight.org/gan-mn/. Station registry: http://globeatnight-network.org/,"GaN-MN station HKn (Ho Koon, Tsuen Wan, Hong Kong); photometric inflection method; night median MSAS=18.27; MSAS at inflection=18.37; depression=10.24°; smoothing=5-pt median; dark rows=1124"
fajr,2025-05-15,05:00,8,22.3719,114.1133,80.0,Globe at Night Monitoring Network (GaN-MN). Continuous SQM-LE sky brightness data. https://globeatnight.org/gan-mn/. Station registry: http://globeatnight-network.org/,"GaN-MN station HKn (Ho Koon, Tsuen Wan, Hong Kong); photometric inflection method; night median MSAS=18.27; MSAS at inflection=18.27; depression=10.02°; smoothing=5-pt median; dark rows=1124"
isha,2025-05-01,19:23,8,24.1488,121.3239,2800.0,Globe at Night Monitoring Network (GaN-MN). Continuous SQM-LE sky brightness data. https://globeatnight.org/gan-mn/. Station registry: http://globeatnight-network.org/,"GaN-MN station Heh (Taroko National Park, Taiwan); photometric inflection method; night median MSAS=20.90; MSAS at inflection=20.45; depression=13.64°; smoothing=5-pt median; dark rows=1114"
isha,2025-05-02,19:16,8,24.1488,121.3239,2800.0,Globe at Night Monitoring Network (GaN-MN). Continuous SQM-LE sky brightness data. https://globeatnight.org/gan-mn/. Station registry: http://globeatnight-network.org/,"GaN-MN station Heh (Taroko National Park, Taiwan); photometric inflection method; night median MSAS=21.14; MSAS at inflection=19.62; depression=12.10°; smoothing=5-pt median; dark rows=809"
isha,2025-05-08,20:01,8,24.1488,121.3239,2800.0,Globe at Night Monitoring Network (GaN-MN). Continuous SQM-LE sky brightness data. https://globeatnight.org/gan-mn/. Station registry: http://globeatnight-network.org/,"GaN-MN station Heh (Taroko National Park, Taiwan); photometric inflection method; night median MSAS=19.21; MSAS at inflection=17.53; depression=20.36°; smoothing=5-pt median; dark rows=1069"
isha,2025-05-15,20:08,8,24.1488,121.3239,2800.0,Globe at Night Monitoring Network (GaN-MN). Continuous SQM-LE sky brightness data. https://globeatnight.org/gan-mn/. Station registry: http://globeatnight-network.org/,"GaN-MN station Heh (Taroko National Park, Taiwan); photometric inflection method; night median MSAS=19.08; MSAS at inflection=19.43; depression=20.76°; smoothing=5-pt median; dark rows=1105"
isha,2025-05-17,20:02,8,24.1488,121.3239,2800.0,Globe at Night Monitoring Network (GaN-MN). Continuous SQM-LE sky brightness data. https://globeatnight.org/gan-mn/. Station registry: http://globeatnight-network.org/,"GaN-MN station Heh (Taroko National Park, Taiwan); photometric inflection method; night median MSAS=20.12; MSAS at inflection=20.02; depression=19.21°; smoothing=5-pt median; dark rows=1100"
isha,2025-05-25,20:06,8,24.1488,121.3239,2800.0,Globe at Night Monitoring Network (GaN-MN). Continuous SQM-LE sky brightness data. https://globeatnight.org/gan-mn/. Station registry: http://globeatnight-network.org/,"GaN-MN station Heh (Taroko National Park, Taiwan); photometric inflection method; night median MSAS=20.55; MSAS at inflection=21.16; depression=18.93°; smoothing=5-pt median; dark rows=1086"
isha,2025-05-28,20:10,8,24.1488,121.3239,2800.0,Globe at Night Monitoring Network (GaN-MN). Continuous SQM-LE sky brightness data. https://globeatnight.org/gan-mn/. Station registry: http://globeatnight-network.org/,"GaN-MN station Heh (Taroko National Park, Taiwan); photometric inflection method; night median MSAS=21.33; MSAS at inflection=21.16; depression=19.35°; smoothing=5-pt median; dark rows=1080"
fajr,2025-05-29,03:46,8,24.1488,121.3239,2800.0,Globe at Night Monitoring Network (GaN-MN). Continuous SQM-LE sky brightness data. https://globeatnight.org/gan-mn/. Station registry: http://globeatnight-network.org/,"GaN-MN station Heh (Taroko National Park, Taiwan); photometric inflection method; night median MSAS=21.33; MSAS at inflection=21.62; depression=16.88°; smoothing=5-pt median; dark rows=1080"
fajr,2025-05-31,04:05,8,24.1488,121.3239,2800.0,Globe at Night Monitoring Network (GaN-MN). Continuous SQM-LE sky brightness data. https://globeatnight.org/gan-mn/. Station registry: http://globeatnight-network.org/,"GaN-MN station Heh (Taroko National Park, Taiwan); photometric inflection method; night median MSAS=21.05; MSAS at inflection=20.44; depression=13.27°; smoothing=5-pt median; dark rows=1070"
isha,2025-05-01,20:21,7,18.549,98.487,2565.0,Globe at Night Monitoring Network (GaN-MN). Continuous SQM-LE sky brightness data. https://globeatnight.org/gan-mn/. Station registry: http://globeatnight-network.org/,"GaN-MN station ISTC (Inthanon Mountain, Thailand); photometric inflection method; night median MSAS=18.68; MSAS at inflection=18.40; depression=21.57°; smoothing=5-pt median; dark rows=1178"
isha,2025-05-08,20:01,7,18.549,98.487,2565.0,Globe at Night Monitoring Network (GaN-MN). Continuous SQM-LE sky brightness data. https://globeatnight.org/gan-mn/. Station registry: http://globeatnight-network.org/,"GaN-MN station ISTC (Inthanon Mountain, Thailand); photometric inflection method; night median MSAS=18.21; MSAS at inflection=17.29; depression=16.64°; smoothing=5-pt median; dark rows=1165"
fajr,2025-05-16,04:55,7,18.549,98.487,2565.0,Globe at Night Monitoring Network (GaN-MN). Continuous SQM-LE sky brightness data. https://globeatnight.org/gan-mn/. Station registry: http://globeatnight-network.org/,"GaN-MN station ISTC (Inthanon Mountain, Thailand); photometric inflection method; night median MSAS=17.53; MSAS at inflection=17.62; depression=13.25°; smoothing=5-pt median; dark rows=991"
fajr,2025-05-18,05:16,7,18.549,98.487,2565.0,Globe at Night Monitoring Network (GaN-MN). Continuous SQM-LE sky brightness data. https://globeatnight.org/gan-mn/. Station registry: http://globeatnight-network.org/,"GaN-MN station ISTC (Inthanon Mountain, Thailand); photometric inflection method; night median MSAS=17.77; MSAS at inflection=16.59; depression=8.56°; smoothing=5-pt median; dark rows=1148"
isha,2025-05-04,00:50,2,59.0028,16.2068,50.0,Globe at Night Monitoring Network (GaN-MN). Continuous SQM-LE sky brightness data. https://globeatnight.org/gan-mn/. Station registry: http://globeatnight-network.org/,"GaN-MN station KO (Kolstugan Observatory, Katrineholm, Sweden); photometric inflection method; night median MSAS=19.77; MSAS at inflection=19.59; depression=15.04°; smoothing=5-pt median; dark rows=548"
isha,2025-05-05,00:53,2,59.0028,16.2068,50.0,Globe at Night Monitoring Network (GaN-MN). Continuous SQM-LE sky brightness data. https://globeatnight.org/gan-mn/. Station registry: http://globeatnight-network.org/,"GaN-MN station KO (Kolstugan Observatory, Katrineholm, Sweden); photometric inflection method; night median MSAS=20.03; MSAS at inflection=20.46; depression=14.75°; smoothing=5-pt median; dark rows=532"
fajr,2025-05-06,00:57,2,59.0028,16.2068,50.0,Globe at Night Monitoring Network (GaN-MN). Continuous SQM-LE sky brightness data. https://globeatnight.org/gan-mn/. Station registry: http://globeatnight-network.org/,"GaN-MN station KO (Kolstugan Observatory, Katrineholm, Sweden); photometric inflection method; night median MSAS=19.17; MSAS at inflection=19.46; depression=14.46°; smoothing=5-pt median; dark rows=515"
isha,2025-05-10,00:47,2,59.0028,16.2068,50.0,Globe at Night Monitoring Network (GaN-MN). Continuous SQM-LE sky brightness data. https://globeatnight.org/gan-mn/. Station registry: http://globeatnight-network.org/,"GaN-MN station KO (Kolstugan Observatory, Katrineholm, Sweden); photometric inflection method; night median MSAS=18.79; MSAS at inflection=19.42; depression=13.38°; smoothing=5-pt median; dark rows=450"
fajr,2025-05-10,00:48,2,59.0028,16.2068,50.0,Globe at Night Monitoring Network (GaN-MN). Continuous SQM-LE sky brightness data. https://globeatnight.org/gan-mn/. Station registry: http://globeatnight-network.org/,"GaN-MN station KO (Kolstugan Observatory, Katrineholm, Sweden); photometric inflection method; night median MSAS=18.79; MSAS at inflection=19.46; depression=13.38°; smoothing=5-pt median; dark rows=450"
isha,2025-05-11,00:56,2,59.0028,16.2068,50.0,Globe at Night Monitoring Network (GaN-MN). Continuous SQM-LE sky brightness data. https://globeatnight.org/gan-mn/. Station registry: http://globeatnight-network.org/,"GaN-MN station KO (Kolstugan Observatory, Katrineholm, Sweden); photometric inflection method; night median MSAS=18.80; MSAS at inflection=18.68; depression=13.11°; smoothing=5-pt median; dark rows=432"
fajr,2025-05-11,00:56,2,59.0028,16.2068,50.0,Globe at Night Monitoring Network (GaN-MN). Continuous SQM-LE sky brightness data. https://globeatnight.org/gan-mn/. Station registry: http://globeatnight-network.org/,"GaN-MN station KO (Kolstugan Observatory, Katrineholm, Sweden); photometric inflection method; night median MSAS=18.80; MSAS at inflection=18.71; depression=13.11°; smoothing=5-pt median; dark rows=432"
fajr,2025-05-15,01:18,2,59.0028,16.2068,50.0,Globe at Night Monitoring Network (GaN-MN). Continuous SQM-LE sky brightness data. https://globeatnight.org/gan-mn/. Station registry: http://globeatnight-network.org/,"GaN-MN station KO (Kolstugan Observatory, Katrineholm, Sweden); photometric inflection method; night median MSAS=19.30; MSAS at inflection=19.26; depression=11.94°; smoothing=5-pt median; dark rows=357"
isha,2025-05-15,23:21,2,59.0028,16.2068,50.0,Globe at Night Monitoring Network (GaN-MN). Continuous SQM-LE sky brightness data. https://globeatnight.org/gan-mn/. Station registry: http://globeatnight-network.org/,"GaN-MN station KO (Kolstugan Observatory, Katrineholm, Sweden); photometric inflection method; night median MSAS=19.08; MSAS at inflection=17.61; depression=9.76°; smoothing=5-pt median; dark rows=337"
isha,2025-05-20,00:52,2,59.0028,16.2068,50.0,Globe at Night Monitoring Network (GaN-MN). Continuous SQM-LE sky brightness data. https://globeatnight.org/gan-mn/. Station registry: http://globeatnight-network.org/,"GaN-MN station KO (Kolstugan Observatory, Katrineholm, Sweden); photometric inflection method; night median MSAS=18.51; MSAS at inflection=18.84; depression=11.02°; smoothing=5-pt median; dark rows=248"
isha,2025-05-20,23:45,2,59.0028,16.2068,50.0,Globe at Night Monitoring Network (GaN-MN). Continuous SQM-LE sky brightness data. https://globeatnight.org/gan-mn/. Station registry: http://globeatnight-network.org/,"GaN-MN station KO (Kolstugan Observatory, Katrineholm, Sweden); photometric inflection method; night median MSAS=18.45; MSAS at inflection=17.54; depression=9.67°; smoothing=5-pt median; dark rows=222"
isha,2025-05-22,00:55,2,59.0028,16.2068,50.0,Globe at Night Monitoring Network (GaN-MN). Continuous SQM-LE sky brightness data. https://globeatnight.org/gan-mn/. Station registry: http://globeatnight-network.org/,"GaN-MN station KO (Kolstugan Observatory, Katrineholm, Sweden); photometric inflection method; night median MSAS=18.93; MSAS at inflection=19.68; depression=10.61°; smoothing=5-pt median; dark rows=192"
fajr,2025-05-22,00:55,2,59.0028,16.2068,50.0,Globe at Night Monitoring Network (GaN-MN). Continuous SQM-LE sky brightness data. https://globeatnight.org/gan-mn/. Station registry: http://globeatnight-network.org/,"GaN-MN station KO (Kolstugan Observatory, Katrineholm, Sweden); photometric inflection method; night median MSAS=18.93; MSAS at inflection=19.77; depression=10.61°; smoothing=5-pt median; dark rows=192"
fajr,2025-05-02,03:40,-5,38.3361,-86.4656,200.0,Globe at Night Monitoring Network (GaN-MN). Continuous SQM-LE sky brightness data. https://globeatnight.org/gan-mn/. Station registry: http://globeatnight-network.org/,"GaN-MN station LASO (Louisville Astronomical Society, Indiana, USA); photometric inflection method; night median MSAS=21.20; MSAS at inflection=21.22; depression=21.94°; smoothing=5-pt median; dark rows=215"
fajr,2025-05-03,03:41,-5,38.3361,-86.4656,200.0,Globe at Night Monitoring Network (GaN-MN). Continuous SQM-LE sky brightness data. https://globeatnight.org/gan-mn/. Station registry: http://globeatnight-network.org/,"GaN-MN station LASO (Louisville Astronomical Society, Indiana, USA); photometric inflection method; night median MSAS=20.93; MSAS at inflection=20.79; depression=21.54°; smoothing=5-pt median; dark rows=167"
fajr,2025-05-04,03:38,-5,38.3361,-86.4656,200.0,Globe at Night Monitoring Network (GaN-MN). Continuous SQM-LE sky brightness data. https://globeatnight.org/gan-mn/. Station registry: http://globeatnight-network.org/,"GaN-MN station LASO (Louisville Astronomical Society, Indiana, USA); photometric inflection method; night median MSAS=21.22; MSAS at inflection=21.30; depression=21.71°; smoothing=5-pt median; dark rows=128"
fajr,2025-05-05,03:44,-5,38.3361,-86.4656,200.0,Globe at Night Monitoring Network (GaN-MN). Continuous SQM-LE sky brightness data. https://globeatnight.org/gan-mn/. Station registry: http://globeatnight-network.org/,"GaN-MN station LASO (Louisville Astronomical Society, Indiana, USA); photometric inflection method; night median MSAS=21.17; MSAS at inflection=21.28; depression=20.61°; smoothing=5-pt median; dark rows=97"
fajr,2025-05-06,03:35,-5,38.3361,-86.4656,200.0,Globe at Night Monitoring Network (GaN-MN). Continuous SQM-LE sky brightness data. https://globeatnight.org/gan-mn/. Station registry: http://globeatnight-network.org/,"GaN-MN station LASO (Louisville Astronomical Society, Indiana, USA); photometric inflection method; night median MSAS=21.20; MSAS at inflection=21.24; depression=21.64°; smoothing=5-pt median; dark rows=71"
fajr,2025-05-07,03:49,-5,38.3361,-86.4656,200.0,Globe at Night Monitoring Network (GaN-MN). Continuous SQM-LE sky brightness data. https://globeatnight.org/gan-mn/. Station registry: http://globeatnight-network.org/,"GaN-MN station LASO (Louisville Astronomical Society, Indiana, USA); photometric inflection method; night median MSAS=20.43; MSAS at inflection=20.51; depression=19.41°; smoothing=5-pt median; dark rows=47"
isha,2025-05-08,03:46,-5,38.3361,-86.4656,200.0,Globe at Night Monitoring Network (GaN-MN). Continuous SQM-LE sky brightness data. https://globeatnight.org/gan-mn/. Station registry: http://globeatnight-network.org/,"GaN-MN station LASO (Louisville Astronomical Society, Indiana, USA); photometric inflection method; night median MSAS=21.24; MSAS at inflection=21.24; depression=19.75°; smoothing=5-pt median; dark rows=25"
isha,2025-05-14,21:36,-5,38.3361,-86.4656,200.0,Globe at Night Monitoring Network (GaN-MN). Continuous SQM-LE sky brightness data. https://globeatnight.org/gan-mn/. Station registry: http://globeatnight-network.org/,"GaN-MN station LASO (Louisville Astronomical Society, Indiana, USA); photometric inflection method; night median MSAS=20.77; MSAS at inflection=20.71; depression=18.05°; smoothing=5-pt median; dark rows=49"
fajr,2025-05-14,22:04,-5,38.3361,-86.4656,200.0,Globe at Night Monitoring Network (GaN-MN). Continuous SQM-LE sky brightness data. https://globeatnight.org/gan-mn/. Station registry: http://globeatnight-network.org/,"GaN-MN station LASO (Louisville Astronomical Society, Indiana, USA); photometric inflection method; night median MSAS=20.77; MSAS at inflection=20.85; depression=21.81°; smoothing=5-pt median; dark rows=49"
isha,2025-05-15,21:54,-5,38.3361,-86.4656,200.0,Globe at Night Monitoring Network (GaN-MN). Continuous SQM-LE sky brightness data. https://globeatnight.org/gan-mn/. Station registry: http://globeatnight-network.org/,"GaN-MN station LASO (Louisville Astronomical Society, Indiana, USA); photometric inflection method; night median MSAS=20.23; MSAS at inflection=19.96; depression=20.33°; smoothing=5-pt median; dark rows=102"
isha,2025-05-16,21:39,-5,38.3361,-86.4656,200.0,Globe at Night Monitoring Network (GaN-MN). Continuous SQM-LE sky brightness data. https://globeatnight.org/gan-mn/. Station registry: http://globeatnight-network.org/,"GaN-MN station LASO (Louisville Astronomical Society, Indiana, USA); photometric inflection method; night median MSAS=20.40; MSAS at inflection=20.78; depression=18.08°; smoothing=5-pt median; dark rows=148"
isha,2025-05-17,21:40,-5,38.3361,-86.4656,200.0,Globe at Night Monitoring Network (GaN-MN). Continuous SQM-LE sky brightness data. https://globeatnight.org/gan-mn/. Station registry: http://globeatnight-network.org/,"GaN-MN station LASO (Louisville Astronomical Society, Indiana, USA); photometric inflection method; night median MSAS=21.10; MSAS at inflection=20.76; depression=18.04°; smoothing=5-pt median; dark rows=187"
isha,2025-05-18,22:08,-5,38.3361,-86.4656,200.0,Globe at Night Monitoring Network (GaN-MN). Continuous SQM-LE sky brightness data. https://globeatnight.org/gan-mn/. Station registry: http://globeatnight-network.org/,"GaN-MN station LASO (Louisville Astronomical Society, Indiana, USA); photometric inflection method; night median MSAS=20.50; MSAS at inflection=20.40; depression=21.53°; smoothing=5-pt median; dark rows=218"
isha,2025-05-19,21:43,-5,38.3361,-86.4656,200.0,Globe at Night Monitoring Network (GaN-MN). Continuous SQM-LE sky brightness data. https://globeatnight.org/gan-mn/. Station registry: http://globeatnight-network.org/,"GaN-MN station LASO (Louisville Astronomical Society, Indiana, USA); photometric inflection method; night median MSAS=20.24; MSAS at inflection=20.14; depression=18.10°; smoothing=5-pt median; dark rows=246"
isha,2025-05-23,21:56,-5,38.3361,-86.4656,200.0,Globe at Night Monitoring Network (GaN-MN). Continuous SQM-LE sky brightness data. https://globeatnight.org/gan-mn/. Station registry: http://globeatnight-network.org/,"GaN-MN station LASO (Louisville Astronomical Society, Indiana, USA); photometric inflection method; night median MSAS=21.12; MSAS at inflection=21.12; depression=19.14°; smoothing=5-pt median; dark rows=173"
fajr,2025-05-24,03:32,-5,38.3361,-86.4656,200.0,Globe at Night Monitoring Network (GaN-MN). Continuous SQM-LE sky brightness data. https://globeatnight.org/gan-mn/. Station registry: http://globeatnight-network.org/,"GaN-MN station LASO (Louisville Astronomical Society, Indiana, USA); photometric inflection method; night median MSAS=21.12; MSAS at inflection=20.72; depression=18.72°; smoothing=5-pt median; dark rows=173"
fajr,2025-05-25,03:36,-5,38.3361,-86.4656,200.0,Globe at Night Monitoring Network (GaN-MN). Continuous SQM-LE sky brightness data. https://globeatnight.org/gan-mn/. Station registry: http://globeatnight-network.org/,"GaN-MN station LASO (Louisville Astronomical Society, Indiana, USA); photometric inflection method; night median MSAS=21.13; MSAS at inflection=21.03; depression=18.05°; smoothing=5-pt median; dark rows=174"
fajr,2025-05-26,03:34,-5,38.3361,-86.4656,200.0,Globe at Night Monitoring Network (GaN-MN). Continuous SQM-LE sky brightness data. https://globeatnight.org/gan-mn/. Station registry: http://globeatnight-network.org/,"GaN-MN station LASO (Louisville Astronomical Society, Indiana, USA); photometric inflection method; night median MSAS=20.66; MSAS at inflection=20.14; depression=18.18°; smoothing=5-pt median; dark rows=173"
fajr,2025-05-27,03:34,-5,38.3361,-86.4656,200.0,Globe at Night Monitoring Network (GaN-MN). Continuous SQM-LE sky brightness data. https://globeatnight.org/gan-mn/. Station registry: http://globeatnight-network.org/,"GaN-MN station LASO (Louisville Astronomical Society, Indiana, USA); photometric inflection method; night median MSAS=20.37; MSAS at inflection=20.36; depression=18.05°; smoothing=5-pt median; dark rows=172"
isha,2025-05-27,21:52,-5,38.3361,-86.4656,200.0,Globe at Night Monitoring Network (GaN-MN). Continuous SQM-LE sky brightness data. https://globeatnight.org/gan-mn/. Station registry: http://globeatnight-network.org/,"GaN-MN station LASO (Louisville Astronomical Society, Indiana, USA); photometric inflection method; night median MSAS=21.12; MSAS at inflection=21.10; depression=18.03°; smoothing=5-pt median; dark rows=171"
fajr,2025-05-28,03:32,-5,38.3361,-86.4656,200.0,Globe at Night Monitoring Network (GaN-MN). Continuous SQM-LE sky brightness data. https://globeatnight.org/gan-mn/. Station registry: http://globeatnight-network.org/,"GaN-MN station LASO (Louisville Astronomical Society, Indiana, USA); photometric inflection method; night median MSAS=21.12; MSAS at inflection=20.85; depression=18.18°; smoothing=5-pt median; dark rows=171"
isha,2025-05-28,22:18,-5,38.3361,-86.4656,200.0,Globe at Night Monitoring Network (GaN-MN). Continuous SQM-LE sky brightness data. https://globeatnight.org/gan-mn/. Station registry: http://globeatnight-network.org/,"GaN-MN station LASO (Louisville Astronomical Society, Indiana, USA); photometric inflection method; night median MSAS=20.51; MSAS at inflection=20.62; depression=21.08°; smoothing=5-pt median; dark rows=159"
fajr,2025-05-30,03:30,-5,38.3361,-86.4656,200.0,Globe at Night Monitoring Network (GaN-MN). Continuous SQM-LE sky brightness data. https://globeatnight.org/gan-mn/. Station registry: http://globeatnight-network.org/,"GaN-MN station LASO (Louisville Astronomical Society, Indiana, USA); photometric inflection method; night median MSAS=20.76; MSAS at inflection=20.78; depression=18.20°; smoothing=5-pt median; dark rows=131"
fajr,2025-05-31,03:30,-5,38.3361,-86.4656,200.0,Globe at Night Monitoring Network (GaN-MN). Continuous SQM-LE sky brightness data. https://globeatnight.org/gan-mn/. Station registry: http://globeatnight-network.org/,"GaN-MN station LASO (Louisville Astronomical Society, Indiana, USA); photometric inflection method; night median MSAS=20.88; MSAS at inflection=20.95; depression=18.09°; smoothing=5-pt median; dark rows=110"
fajr,2025-05-03,04:50,8,22.4958,114.0322,3.0,Globe at Night Monitoring Network (GaN-MN). Continuous SQM-LE sky brightness data. https://globeatnight.org/gan-mn/. Station registry: http://globeatnight-network.org/,"GaN-MN station MP (Mai Po Nature Reserve, Hong Kong); photometric inflection method; night median MSAS=18.52; MSAS at inflection=18.74; depression=13.77°; smoothing=5-pt median; dark rows=1150"
fajr,2025-05-04,05:11,8,22.4958,114.0322,3.0,Globe at Night Monitoring Network (GaN-MN). Continuous SQM-LE sky brightness data. https://globeatnight.org/gan-mn/. Station registry: http://globeatnight-network.org/,"GaN-MN station MP (Mai Po Nature Reserve, Hong Kong); photometric inflection method; night median MSAS=17.77; MSAS at inflection=17.57; depression=9.24°; smoothing=5-pt median; dark rows=1147"
isha,2025-05-04,20:18,8,22.4958,114.0322,3.0,Globe at Night Monitoring Network (GaN-MN). Continuous SQM-LE sky brightness data. https://globeatnight.org/gan-mn/. Station registry: http://globeatnight-network.org/,"GaN-MN station MP (Mai Po Nature Reserve, Hong Kong); photometric inflection method; night median MSAS=18.23; MSAS at inflection=17.39; depression=19.21°; smoothing=5-pt median; dark rows=1145"
isha,2025-05-05,19:30,8,22.4958,114.0322,3.0,Globe at Night Monitoring Network (GaN-MN). Continuous SQM-LE sky brightness data. https://globeatnight.org/gan-mn/. Station registry: http://globeatnight-network.org/,"GaN-MN station MP (Mai Po Nature Reserve, Hong Kong); photometric inflection method; night median MSAS=17.63; MSAS at inflection=15.28; depression=9.03°; smoothing=5-pt median; dark rows=1143"
fajr,2025-05-15,05:06,8,22.4958,114.0322,3.0,Globe at Night Monitoring Network (GaN-MN). Continuous SQM-LE sky brightness data. https://globeatnight.org/gan-mn/. Station registry: http://globeatnight-network.org/,"GaN-MN station MP (Mai Po Nature Reserve, Hong Kong); photometric inflection method; night median MSAS=18.18; MSAS at inflection=16.36; depression=8.73°; smoothing=5-pt median; dark rows=1122"
fajr,2025-05-18,04:10,8,22.4958,114.0322,3.0,Globe at Night Monitoring Network (GaN-MN). Continuous SQM-LE sky brightness data. https://globeatnight.org/gan-mn/. Station registry: http://globeatnight-network.org/,"GaN-MN station MP (Mai Po Nature Reserve, Hong Kong); photometric inflection method; night median MSAS=18.02; MSAS at inflection=16.45; depression=19.76°; smoothing=5-pt median; dark rows=1116"
isha,2025-05-24,20:22,8,22.4958,114.0322,3.0,Globe at Night Monitoring Network (GaN-MN). Continuous SQM-LE sky brightness data. https://globeatnight.org/gan-mn/. Station registry: http://globeatnight-network.org/,"GaN-MN station MP (Mai Po Nature Reserve, Hong Kong); photometric inflection method; night median MSAS=17.68; MSAS at inflection=16.97; depression=17.53°; smoothing=5-pt median; dark rows=1102"
fajr,2025-05-08,06:41,2,-24.9667,15.95,1250.0,Globe at Night Monitoring Network (GaN-MN). Continuous SQM-LE sky brightness data. https://globeatnight.org/gan-mn/. Station registry: http://globeatnight-network.org/,"GaN-MN station Nrnr (NamibRand Nature Reserve, Namibia); photometric inflection method; night median MSAS=19.63; MSAS at inflection=17.51; depression=9.66°; smoothing=5-pt median; dark rows=139"
isha,2025-05-08,19:01,2,-24.9667,15.95,1250.0,Globe at Night Monitoring Network (GaN-MN). Continuous SQM-LE sky brightness data. https://globeatnight.org/gan-mn/. Station registry: http://globeatnight-network.org/,"GaN-MN station Nrnr (NamibRand Nature Reserve, Namibia); photometric inflection method; night median MSAS=18.93; MSAS at inflection=16.88; depression=9.09°; smoothing=5-pt median; dark rows=137"
fajr,2025-05-09,06:36,2,-24.9667,15.95,1250.0,Globe at Night Monitoring Network (GaN-MN). Continuous SQM-LE sky brightness data. https://globeatnight.org/gan-mn/. Station registry: http://globeatnight-network.org/,"GaN-MN station Nrnr (NamibRand Nature Reserve, Namibia); photometric inflection method; night median MSAS=18.93; MSAS at inflection=18.75; depression=10.84°; smoothing=5-pt median; dark rows=137"
fajr,2025-05-10,06:36,2,-24.9667,15.95,1250.0,Globe at Night Monitoring Network (GaN-MN). Continuous SQM-LE sky brightness data. https://globeatnight.org/gan-mn/. Station registry: http://globeatnight-network.org/,"GaN-MN station Nrnr (NamibRand Nature Reserve, Namibia); photometric inflection method; night median MSAS=18.64; MSAS at inflection=18.82; depression=10.92°; smoothing=5-pt median; dark rows=139"
fajr,2025-05-11,06:46,2,-24.9667,15.95,1250.0,Globe at Night Monitoring Network (GaN-MN). Continuous SQM-LE sky brightness data. https://globeatnight.org/gan-mn/. Station registry: http://globeatnight-network.org/,"GaN-MN station Nrnr (NamibRand Nature Reserve, Namibia); photometric inflection method; night median MSAS=18.35; MSAS at inflection=16.78; depression=8.82°; smoothing=5-pt median; dark rows=139"
fajr,2025-05-12,06:31,2,-24.9667,15.95,1250.0,Globe at Night Monitoring Network (GaN-MN). Continuous SQM-LE sky brightness data. https://globeatnight.org/gan-mn/. Station registry: http://globeatnight-network.org/,"GaN-MN station Nrnr (NamibRand Nature Reserve, Namibia); photometric inflection method; night median MSAS=17.95; MSAS at inflection=19.52; depression=12.18°; smoothing=5-pt median; dark rows=139"
fajr,2025-05-14,06:51,2,-24.9667,15.95,1250.0,Globe at Night Monitoring Network (GaN-MN). Continuous SQM-LE sky brightness data. https://globeatnight.org/gan-mn/. Station registry: http://globeatnight-network.org/,"GaN-MN station Nrnr (NamibRand Nature Reserve, Namibia); photometric inflection method; night median MSAS=18.08; MSAS at inflection=16.13; depression=7.96°; smoothing=5-pt median; dark rows=140"
isha,2025-05-16,18:56,2,-24.9667,15.95,1250.0,Globe at Night Monitoring Network (GaN-MN). Continuous SQM-LE sky brightness data. https://globeatnight.org/gan-mn/. Station registry: http://globeatnight-network.org/,"GaN-MN station Nrnr (NamibRand Nature Reserve, Namibia); photometric inflection method; night median MSAS=18.83; MSAS at inflection=16.76; depression=8.79°; smoothing=5-pt median; dark rows=125"
fajr,2025-05-17,06:31,2,-24.9667,15.95,1250.0,Globe at Night Monitoring Network (GaN-MN). Continuous SQM-LE sky brightness data. https://globeatnight.org/gan-mn/. Station registry: http://globeatnight-network.org/,"GaN-MN station Nrnr (NamibRand Nature Reserve, Namibia); photometric inflection method; night median MSAS=18.83; MSAS at inflection=17.64; depression=12.69°; smoothing=5-pt median; dark rows=125"
isha,2025-05-19,19:16,2,-24.9667,15.95,1250.0,Globe at Night Monitoring Network (GaN-MN). Continuous SQM-LE sky brightness data. https://globeatnight.org/gan-mn/. Station registry: http://globeatnight-network.org/,"GaN-MN station Nrnr (NamibRand Nature Reserve, Namibia); photometric inflection method; night median MSAS=21.50; MSAS at inflection=21.16; depression=13.40°; smoothing=5-pt median; dark rows=140"
isha,2025-05-20,19:26,2,-24.9667,15.95,1250.0,Globe at Night Monitoring Network (GaN-MN). Continuous SQM-LE sky brightness data. https://globeatnight.org/gan-mn/. Station registry: http://globeatnight-network.org/,"GaN-MN station Nrnr (NamibRand Nature Reserve, Namibia); photometric inflection method; night median MSAS=21.86; MSAS at inflection=21.78; depression=15.64°; smoothing=5-pt median; dark rows=141"
isha,2025-05-21,19:26,2,-24.9667,15.95,1250.0,Globe at Night Monitoring Network (GaN-MN). Continuous SQM-LE sky brightness data. https://globeatnight.org/gan-mn/. Station registry: http://globeatnight-network.org/,"GaN-MN station Nrnr (NamibRand Nature Reserve, Namibia); photometric inflection method; night median MSAS=21.99; MSAS at inflection=21.84; depression=15.70°; smoothing=5-pt median; dark rows=141"
isha,2025-05-22,19:11,2,-24.9667,15.95,1250.0,Globe at Night Monitoring Network (GaN-MN). Continuous SQM-LE sky brightness data. https://globeatnight.org/gan-mn/. Station registry: http://globeatnight-network.org/,"GaN-MN station Nrnr (NamibRand Nature Reserve, Namibia); photometric inflection method; night median MSAS=21.77; MSAS at inflection=20.26; depression=12.50°; smoothing=5-pt median; dark rows=141"
fajr,2025-05-23,06:26,2,-24.9667,15.95,1250.0,Globe at Night Monitoring Network (GaN-MN). Continuous SQM-LE sky brightness data. https://globeatnight.org/gan-mn/. Station registry: http://globeatnight-network.org/,"GaN-MN station Nrnr (NamibRand Nature Reserve, Namibia); photometric inflection method; night median MSAS=21.77; MSAS at inflection=20.91; depression=14.29°; smoothing=5-pt median; dark rows=141"
isha,2025-05-27,19:16,2,-24.9667,15.95,1250.0,Globe at Night Monitoring Network (GaN-MN). Continuous SQM-LE sky brightness data. https://globeatnight.org/gan-mn/. Station registry: http://globeatnight-network.org/,"GaN-MN station Nrnr (NamibRand Nature Reserve, Namibia); photometric inflection method; night median MSAS=21.93; MSAS at inflection=21.25; depression=13.81°; smoothing=5-pt median; dark rows=142"
fajr,2025-05-28,06:21,2,-24.9667,15.95,1250.0,Globe at Night Monitoring Network (GaN-MN). Continuous SQM-LE sky brightness data. https://globeatnight.org/gan-mn/. Station registry: http://globeatnight-network.org/,"GaN-MN station Nrnr (NamibRand Nature Reserve, Namibia); photometric inflection method; night median MSAS=21.93; MSAS at inflection=21.79; depression=15.80°; smoothing=5-pt median; dark rows=142"
fajr,2025-05-29,06:36,2,-24.9667,15.95,1250.0,Globe at Night Monitoring Network (GaN-MN). Continuous SQM-LE sky brightness data. https://globeatnight.org/gan-mn/. Station registry: http://globeatnight-network.org/,"GaN-MN station Nrnr (NamibRand Nature Reserve, Namibia); photometric inflection method; night median MSAS=21.92; MSAS at inflection=20.45; depression=12.65°; smoothing=5-pt median; dark rows=142"
isha,2025-05-29,19:16,2,-24.9667,15.95,1250.0,Globe at Night Monitoring Network (GaN-MN). Continuous SQM-LE sky brightness data. https://globeatnight.org/gan-mn/. Station registry: http://globeatnight-network.org/,"GaN-MN station Nrnr (NamibRand Nature Reserve, Namibia); photometric inflection method; night median MSAS=22.03; MSAS at inflection=21.33; depression=13.88°; smoothing=5-pt median; dark rows=142"
isha,2025-05-05,18:24,12,-45.0966,170.9694,30.0,Globe at Night Monitoring Network (GaN-MN). Continuous SQM-LE sky brightness data. https://globeatnight.org/gan-mn/. Station registry: http://globeatnight-network.org/,"GaN-MN station Oam (Oamaru, South Island, New Zealand); photometric inflection method; night median MSAS=20.28; MSAS at inflection=18.12; depression=10.15°; smoothing=5-pt median; dark rows=1475"
fajr,2025-05-20,06:33,12,-45.0966,170.9694,30.0,Globe at Night Monitoring Network (GaN-MN). Continuous SQM-LE sky brightness data. https://globeatnight.org/gan-mn/. Station registry: http://globeatnight-network.org/,"GaN-MN station Oam (Oamaru, South Island, New Zealand); photometric inflection method; night median MSAS=19.32; MSAS at inflection=16.85; depression=13.91°; smoothing=5-pt median; dark rows=1533"
isha,2025-05-02,19:02,-3,-22.2803,-46.3647,870.0,Globe at Night Monitoring Network (GaN-MN). Continuous SQM-LE sky brightness data. https://globeatnight.org/gan-mn/. Station registry: http://globeatnight-network.org/,"GaN-MN station PAOF (Ouro Fino, MG, Brazil); photometric inflection method; night median MSAS=21.17; MSAS at inflection=20.10; depression=19.46°; smoothing=5-pt median; dark rows=844"
isha,2025-05-05,18:25,-3,-22.2803,-46.3647,870.0,Globe at Night Monitoring Network (GaN-MN). Continuous SQM-LE sky brightness data. https://globeatnight.org/gan-mn/. Station registry: http://globeatnight-network.org/,"GaN-MN station PAOF (Ouro Fino, MG, Brazil); photometric inflection method; night median MSAS=19.80; MSAS at inflection=18.29; depression=11.32°; smoothing=5-pt median; dark rows=849"
isha,2025-05-06,18:58,-3,-22.2803,-46.3647,870.0,Globe at Night Monitoring Network (GaN-MN). Continuous SQM-LE sky brightness data. https://globeatnight.org/gan-mn/. Station registry: http://globeatnight-network.org/,"GaN-MN station PAOF (Ouro Fino, MG, Brazil); photometric inflection method; night median MSAS=19.22; MSAS at inflection=18.54; depression=18.93°; smoothing=5-pt median; dark rows=850"
fajr,2025-05-07,05:44,-3,-22.2803,-46.3647,870.0,Globe at Night Monitoring Network (GaN-MN). Continuous SQM-LE sky brightness data. https://globeatnight.org/gan-mn/. Station registry: http://globeatnight-network.org/,"GaN-MN station PAOF (Ouro Fino, MG, Brazil); photometric inflection method; night median MSAS=19.22; MSAS at inflection=18.49; depression=10.36°; smoothing=5-pt median; dark rows=850"
fajr,2025-05-08,05:51,-3,-22.2803,-46.3647,870.0,Globe at Night Monitoring Network (GaN-MN). Continuous SQM-LE sky brightness data. https://globeatnight.org/gan-mn/. Station registry: http://globeatnight-network.org/,"GaN-MN station PAOF (Ouro Fino, MG, Brazil); photometric inflection method; night median MSAS=18.84; MSAS at inflection=16.84; depression=8.73°; smoothing=5-pt median; dark rows=851"
fajr,2025-05-09,05:44,-3,-22.2803,-46.3647,870.0,Globe at Night Monitoring Network (GaN-MN). Continuous SQM-LE sky brightness data. https://globeatnight.org/gan-mn/. Station registry: http://globeatnight-network.org/,"GaN-MN station PAOF (Ouro Fino, MG, Brazil); photometric inflection method; night median MSAS=18.41; MSAS at inflection=17.96; depression=10.32°; smoothing=5-pt median; dark rows=859"
isha,2025-05-04,20:21,8,22.2328,113.9007,15.0,Globe at Night Monitoring Network (GaN-MN). Continuous SQM-LE sky brightness data. https://globeatnight.org/gan-mn/. Station registry: http://globeatnight-network.org/,"GaN-MN station SH (Shek Pik, Lantau Island, Hong Kong); photometric inflection method; night median MSAS=18.27; MSAS at inflection=16.84; depression=19.98°; smoothing=5-pt median; dark rows=1148"
isha,2025-05-20,20:30,8,22.2328,113.9007,15.0,Globe at Night Monitoring Network (GaN-MN). Continuous SQM-LE sky brightness data. https://globeatnight.org/gan-mn/. Station registry: http://globeatnight-network.org/,"GaN-MN station SH (Shek Pik, Lantau Island, Hong Kong); photometric inflection method; night median MSAS=17.80; MSAS at inflection=17.80; depression=19.62°; smoothing=5-pt median; dark rows=1113"
fajr,2025-05-21,04:13,8,22.2328,113.9007,15.0,Globe at Night Monitoring Network (GaN-MN). Continuous SQM-LE sky brightness data. https://globeatnight.org/gan-mn/. Station registry: http://globeatnight-network.org/,"GaN-MN station SH (Shek Pik, Lantau Island, Hong Kong); photometric inflection method; night median MSAS=17.80; MSAS at inflection=17.87; depression=19.07°; smoothing=5-pt median; dark rows=1113"
fajr,2025-05-22,04:13,8,22.2328,113.9007,15.0,Globe at Night Monitoring Network (GaN-MN). Continuous SQM-LE sky brightness data. https://globeatnight.org/gan-mn/. Station registry: http://globeatnight-network.org/,"GaN-MN station SH (Shek Pik, Lantau Island, Hong Kong); photometric inflection method; night median MSAS=17.76; MSAS at inflection=18.83; depression=19.17°; smoothing=5-pt median; dark rows=1111"
isha,2025-05-22,19:59,8,22.2328,113.9007,15.0,Globe at Night Monitoring Network (GaN-MN). Continuous SQM-LE sky brightness data. https://globeatnight.org/gan-mn/. Station registry: http://globeatnight-network.org/,"GaN-MN station SH (Shek Pik, Lantau Island, Hong Kong); photometric inflection method; night median MSAS=17.96; MSAS at inflection=17.53; depression=13.22°; smoothing=5-pt median; dark rows=1108"
fajr,2025-05-23,04:04,8,22.2328,113.9007,15.0,Globe at Night Monitoring Network (GaN-MN). Continuous SQM-LE sky brightness data. https://globeatnight.org/gan-mn/. Station registry: http://globeatnight-network.org/,"GaN-MN station SH (Shek Pik, Lantau Island, Hong Kong); photometric inflection method; night median MSAS=17.96; MSAS at inflection=18.46; depression=20.71°; smoothing=5-pt median; dark rows=1108"
isha,2025-05-23,19:36,8,22.2328,113.9007,15.0,Globe at Night Monitoring Network (GaN-MN). Continuous SQM-LE sky brightness data. https://globeatnight.org/gan-mn/. Station registry: http://globeatnight-network.org/,"GaN-MN station SH (Shek Pik, Lantau Island, Hong Kong); photometric inflection method; night median MSAS=17.56; MSAS at inflection=16.12; depression=8.40°; smoothing=5-pt median; dark rows=1107"
fajr,2025-05-24,04:55,8,22.2328,113.9007,15.0,Globe at Night Monitoring Network (GaN-MN). Continuous SQM-LE sky brightness data. https://globeatnight.org/gan-mn/. Station registry: http://globeatnight-network.org/,"GaN-MN station SH (Shek Pik, Lantau Island, Hong Kong); photometric inflection method; night median MSAS=17.56; MSAS at inflection=17.84; depression=10.59°; smoothing=5-pt median; dark rows=1107"
fajr,2025-05-28,04:59,8,22.2328,113.9007,15.0,Globe at Night Monitoring Network (GaN-MN). Continuous SQM-LE sky brightness data. https://globeatnight.org/gan-mn/. Station registry: http://globeatnight-network.org/,"GaN-MN station SH (Shek Pik, Lantau Island, Hong Kong); photometric inflection method; night median MSAS=17.94; MSAS at inflection=16.93; depression=9.41°; smoothing=5-pt median; dark rows=1101"
fajr,2025-05-29,04:33,8,22.2328,113.9007,15.0,Globe at Night Monitoring Network (GaN-MN). Continuous SQM-LE sky brightness data. https://globeatnight.org/gan-mn/. Station registry: http://globeatnight-network.org/,"GaN-MN station SH (Shek Pik, Lantau Island, Hong Kong); photometric inflection method; night median MSAS=17.79; MSAS at inflection=17.03; depression=14.69°; smoothing=5-pt median; dark rows=1099"
isha,2025-05-30,19:58,8,22.2328,113.9007,15.0,Globe at Night Monitoring Network (GaN-MN). Continuous SQM-LE sky brightness data. https://globeatnight.org/gan-mn/. Station registry: http://globeatnight-network.org/,"GaN-MN station SH (Shek Pik, Lantau Island, Hong Kong); photometric inflection method; night median MSAS=18.04; MSAS at inflection=18.01; depression=12.18°; smoothing=5-pt median; dark rows=1096"
isha,2025-05-03,19:28,8,22.4806,114.0194,5.0,Globe at Night Monitoring Network (GaN-MN). Continuous SQM-LE sky brightness data. https://globeatnight.org/gan-mn/. Station registry: http://globeatnight-network.org/,"GaN-MN station TBT (Tsim Bei Tsui, Yuen Long, Hong Kong); photometric inflection method; night median MSAS=17.88; MSAS at inflection=16.69; depression=8.90°; smoothing=5-pt median; dark rows=1147"
isha,2025-05-04,19:49,8,22.4806,114.0194,5.0,Globe at Night Monitoring Network (GaN-MN). Continuous SQM-LE sky brightness data. https://globeatnight.org/gan-mn/. Station registry: http://globeatnight-network.org/,"GaN-MN station TBT (Tsim Bei Tsui, Yuen Long, Hong Kong); photometric inflection method; night median MSAS=18.27; MSAS at inflection=16.69; depression=13.26°; smoothing=5-pt median; dark rows=1145"
isha,2025-05-13,20:37,8,22.4806,114.0194,5.0,Globe at Night Monitoring Network (GaN-MN). Continuous SQM-LE sky brightness data. https://globeatnight.org/gan-mn/. Station registry: http://globeatnight-network.org/,"GaN-MN station TBT (Tsim Bei Tsui, Yuen Long, Hong Kong); photometric inflection method; night median MSAS=17.90; MSAS at inflection=17.91; depression=21.80°; smoothing=5-pt median; dark rows=1124"
fajr,2025-05-22,05:02,8,22.4806,114.0194,5.0,Globe at Night Monitoring Network (GaN-MN). Continuous SQM-LE sky brightness data. https://globeatnight.org/gan-mn/. Station registry: http://globeatnight-network.org/,"GaN-MN station TBT (Tsim Bei Tsui, Yuen Long, Hong Kong); photometric inflection method; night median MSAS=18.07; MSAS at inflection=17.29; depression=8.92°; smoothing=5-pt median; dark rows=1109"
fajr,2025-05-27,04:48,8,22.4806,114.0194,5.0,Globe at Night Monitoring Network (GaN-MN). Continuous SQM-LE sky brightness data. https://globeatnight.org/gan-mn/. Station registry: http://globeatnight-network.org/,"GaN-MN station TBT (Tsim Bei Tsui, Yuen Long, Hong Kong); photometric inflection method; night median MSAS=17.69; MSAS at inflection=18.38; depression=11.52°; smoothing=5-pt median; dark rows=1101"
isha,2025-04-30,21:00,-7,32.6736,-116.5311,1220.0,Globe at Night Monitoring Network (GaN-MN). Continuous SQM-LE sky brightness data. https://globeatnight.org/gan-mn/. Station registry: http://globeatnight-network.org/,"GaN-MN station TSO (Tierra del Sol, San Diego, California, USA); photometric inflection method; night median MSAS=21.76; MSAS at inflection=21.39; depression=18.41°; smoothing=5-pt median; dark rows=451"
fajr,2025-05-01,04:09,-7,32.6736,-116.5311,1220.0,Globe at Night Monitoring Network (GaN-MN). Continuous SQM-LE sky brightness data. https://globeatnight.org/gan-mn/. Station registry: http://globeatnight-network.org/,"GaN-MN station TSO (Tierra del Sol, San Diego, California, USA); photometric inflection method; night median MSAS=21.76; MSAS at inflection=21.71; depression=21.36°; smoothing=5-pt median; dark rows=451"
isha,2025-05-01,20:58,-7,32.6736,-116.5311,1220.0,Globe at Night Monitoring Network (GaN-MN). Continuous SQM-LE sky brightness data. https://globeatnight.org/gan-mn/. Station registry: http://globeatnight-network.org/,"GaN-MN station TSO (Tierra del Sol, San Diego, California, USA); photometric inflection method; night median MSAS=21.32; MSAS at inflection=20.86; depression=17.87°; smoothing=5-pt median; dark rows=449"
isha,2025-05-02,20:58,-7,32.6736,-116.5311,1220.0,Globe at Night Monitoring Network (GaN-MN). Continuous SQM-LE sky brightness data. https://globeatnight.org/gan-mn/. Station registry: http://globeatnight-network.org/,"GaN-MN station TSO (Tierra del Sol, San Diego, California, USA); photometric inflection method; night median MSAS=21.46; MSAS at inflection=20.05; depression=17.86°; smoothing=5-pt median; dark rows=447"
fajr,2025-05-03,04:02,-7,32.6736,-116.5311,1220.0,Globe at Night Monitoring Network (GaN-MN). Continuous SQM-LE sky brightness data. https://globeatnight.org/gan-mn/. Station registry: http://globeatnight-network.org/,"GaN-MN station TSO (Tierra del Sol, San Diego, California, USA); photometric inflection method; night median MSAS=21.46; MSAS at inflection=21.64; depression=21.93°; smoothing=5-pt median; dark rows=447"
isha,2025-05-03,21:07,-7,32.6736,-116.5311,1220.0,Globe at Night Monitoring Network (GaN-MN). Continuous SQM-LE sky brightness data. https://globeatnight.org/gan-mn/. Station registry: http://globeatnight-network.org/,"GaN-MN station TSO (Tierra del Sol, San Diego, California, USA); photometric inflection method; night median MSAS=20.53; MSAS at inflection=19.56; depression=19.24°; smoothing=5-pt median; dark rows=445"
fajr,2025-05-04,04:09,-7,32.6736,-116.5311,1220.0,Globe at Night Monitoring Network (GaN-MN). Continuous SQM-LE sky brightness data. https://globeatnight.org/gan-mn/. Station registry: http://globeatnight-network.org/,"GaN-MN station TSO (Tierra del Sol, San Diego, California, USA); photometric inflection method; night median MSAS=20.53; MSAS at inflection=21.19; depression=20.52°; smoothing=5-pt median; dark rows=445"
isha,2025-05-04,21:00,-7,32.6736,-116.5311,1220.0,Globe at Night Monitoring Network (GaN-MN). Continuous SQM-LE sky brightness data. https://globeatnight.org/gan-mn/. Station registry: http://globeatnight-network.org/,"GaN-MN station TSO (Tierra del Sol, San Diego, California, USA); photometric inflection method; night median MSAS=20.62; MSAS at inflection=19.25; depression=17.84°; smoothing=5-pt median; dark rows=442"
fajr,2025-05-05,04:01,-7,32.6736,-116.5311,1220.0,Globe at Night Monitoring Network (GaN-MN). Continuous SQM-LE sky brightness data. https://globeatnight.org/gan-mn/. Station registry: http://globeatnight-network.org/,"GaN-MN station TSO (Tierra del Sol, San Diego, California, USA); photometric inflection method; night median MSAS=20.62; MSAS at inflection=21.32; depression=21.65°; smoothing=5-pt median; dark rows=442"
isha,2025-05-05,21:08,-7,32.6736,-116.5311,1220.0,Globe at Night Monitoring Network (GaN-MN). Continuous SQM-LE sky brightness data. https://globeatnight.org/gan-mn/. Station registry: http://globeatnight-network.org/,"GaN-MN station TSO (Tierra del Sol, San Diego, California, USA); photometric inflection method; night median MSAS=20.02; MSAS at inflection=18.71; depression=19.04°; smoothing=5-pt median; dark rows=440"
fajr,2025-05-06,03:58,-7,32.6736,-116.5311,1220.0,Globe at Night Monitoring Network (GaN-MN). Continuous SQM-LE sky brightness data. https://globeatnight.org/gan-mn/. Station registry: http://globeatnight-network.org/,"GaN-MN station TSO (Tierra del Sol, San Diego, California, USA); photometric inflection method; night median MSAS=20.02; MSAS at inflection=21.09; depression=21.93°; smoothing=5-pt median; dark rows=440"
isha,2025-05-06,21:03,-7,32.6736,-116.5311,1220.0,Globe at Night Monitoring Network (GaN-MN). Continuous SQM-LE sky brightness data. https://globeatnight.org/gan-mn/. Station registry: http://globeatnight-network.org/,"GaN-MN station TSO (Tierra del Sol, San Diego, California, USA); photometric inflection method; night median MSAS=19.21; MSAS at inflection=17.86; depression=18.00°; smoothing=5-pt median; dark rows=437"
fajr,2025-05-07,04:01,-7,32.6736,-116.5311,1220.0,Globe at Night Monitoring Network (GaN-MN). Continuous SQM-LE sky brightness data. https://globeatnight.org/gan-mn/. Station registry: http://globeatnight-network.org/,"GaN-MN station TSO (Tierra del Sol, San Diego, California, USA); photometric inflection method; night median MSAS=19.21; MSAS at inflection=21.63; depression=21.23°; smoothing=5-pt median; dark rows=437"
fajr,2025-05-08,04:06,-7,32.6736,-116.5311,1220.0,Globe at Night Monitoring Network (GaN-MN). Continuous SQM-LE sky brightness data. https://globeatnight.org/gan-mn/. Station registry: http://globeatnight-network.org/,"GaN-MN station TSO (Tierra del Sol, San Diego, California, USA); photometric inflection method; night median MSAS=20.17; MSAS at inflection=21.48; depression=20.20°; smoothing=5-pt median; dark rows=435"
isha,2025-05-08,21:12,-7,32.6736,-116.5311,1220.0,Globe at Night Monitoring Network (GaN-MN). Continuous SQM-LE sky brightness data. https://globeatnight.org/gan-mn/. Station registry: http://globeatnight-network.org/,"GaN-MN station TSO (Tierra del Sol, San Diego, California, USA); photometric inflection method; night median MSAS=19.59; MSAS at inflection=18.73; depression=19.17°; smoothing=5-pt median; dark rows=433"
isha,2025-05-09,21:09,-7,32.6736,-116.5311,1220.0,Globe at Night Monitoring Network (GaN-MN). Continuous SQM-LE sky brightness data. https://globeatnight.org/gan-mn/. Station registry: http://globeatnight-network.org/,"GaN-MN station TSO (Tierra del Sol, San Diego, California, USA); photometric inflection method; night median MSAS=19.08; MSAS at inflection=19.08; depression=18.48°; smoothing=5-pt median; dark rows=431"
isha,2025-05-10,21:13,-7,32.6736,-116.5311,1220.0,Globe at Night Monitoring Network (GaN-MN). Continuous SQM-LE sky brightness data. https://globeatnight.org/gan-mn/. Station registry: http://globeatnight-network.org/,"GaN-MN station TSO (Tierra del Sol, San Diego, California, USA); photometric inflection method; night median MSAS=18.71; MSAS at inflection=19.10; depression=18.98°; smoothing=5-pt median; dark rows=429"
fajr,2025-05-11,03:52,-7,32.6736,-116.5311,1220.0,Globe at Night Monitoring Network (GaN-MN). Continuous SQM-LE sky brightness data. https://globeatnight.org/gan-mn/. Station registry: http://globeatnight-network.org/,"GaN-MN station TSO (Tierra del Sol, San Diego, California, USA); photometric inflection method; night median MSAS=18.71; MSAS at inflection=19.03; depression=21.90°; smoothing=5-pt median; dark rows=429"
isha,2025-05-12,21:24,-7,32.6736,-116.5311,1220.0,Globe at Night Monitoring Network (GaN-MN). Continuous SQM-LE sky brightness data. https://globeatnight.org/gan-mn/. Station registry: http://globeatnight-network.org/,"GaN-MN station TSO (Tierra del Sol, San Diego, California, USA); photometric inflection method; night median MSAS=18.43; MSAS at inflection=18.96; depression=20.43°; smoothing=5-pt median; dark rows=425"
fajr,2025-05-13,03:52,-7,32.6736,-116.5311,1220.0,Globe at Night Monitoring Network (GaN-MN). Continuous SQM-LE sky brightness data. https://globeatnight.org/gan-mn/. Station registry: http://globeatnight-network.org/,"GaN-MN station TSO (Tierra del Sol, San Diego, California, USA); photometric inflection method; night median MSAS=18.43; MSAS at inflection=19.45; depression=21.52°; smoothing=5-pt median; dark rows=425"
isha,2025-05-13,21:10,-7,32.6736,-116.5311,1220.0,Globe at Night Monitoring Network (GaN-MN). Continuous SQM-LE sky brightness data. https://globeatnight.org/gan-mn/. Station registry: http://globeatnight-network.org/,"GaN-MN station TSO (Tierra del Sol, San Diego, California, USA); photometric inflection method; night median MSAS=18.78; MSAS at inflection=20.81; depression=17.95°; smoothing=5-pt median; dark rows=423"
fajr,2025-05-14,03:56,-7,32.6736,-116.5311,1220.0,Globe at Night Monitoring Network (GaN-MN). Continuous SQM-LE sky brightness data. https://globeatnight.org/gan-mn/. Station registry: http://globeatnight-network.org/,"GaN-MN station TSO (Tierra del Sol, San Diego, California, USA); photometric inflection method; night median MSAS=18.78; MSAS at inflection=19.50; depression=20.71°; smoothing=5-pt median; dark rows=423"
isha,2025-05-14,21:11,-7,32.6736,-116.5311,1220.0,Globe at Night Monitoring Network (GaN-MN). Continuous SQM-LE sky brightness data. https://globeatnight.org/gan-mn/. Station registry: http://globeatnight-network.org/,"GaN-MN station TSO (Tierra del Sol, San Diego, California, USA); photometric inflection method; night median MSAS=19.34; MSAS at inflection=21.41; depression=17.95°; smoothing=5-pt median; dark rows=421"
fajr,2025-05-15,03:56,-7,32.6736,-116.5311,1220.0,Globe at Night Monitoring Network (GaN-MN). Continuous SQM-LE sky brightness data. https://globeatnight.org/gan-mn/. Station registry: http://globeatnight-network.org/,"GaN-MN station TSO (Tierra del Sol, San Diego, California, USA); photometric inflection method; night median MSAS=19.34; MSAS at inflection=19.29; depression=20.54°; smoothing=5-pt median; dark rows=421"
isha,2025-05-15,21:14,-7,32.6736,-116.5311,1220.0,Globe at Night Monitoring Network (GaN-MN). Continuous SQM-LE sky brightness data. https://globeatnight.org/gan-mn/. Station registry: http://globeatnight-network.org/,"GaN-MN station TSO (Tierra del Sol, San Diego, California, USA); photometric inflection method; night median MSAS=20.32; MSAS at inflection=21.52; depression=18.27°; smoothing=5-pt median; dark rows=419"
isha,2025-05-16,21:28,-7,32.6736,-116.5311,1220.0,Globe at Night Monitoring Network (GaN-MN). Continuous SQM-LE sky brightness data. https://globeatnight.org/gan-mn/. Station registry: http://globeatnight-network.org/,"GaN-MN station TSO (Tierra del Sol, San Diego, California, USA); photometric inflection method; night median MSAS=20.03; MSAS at inflection=21.65; depression=20.36°; smoothing=5-pt median; dark rows=417"
fajr,2025-05-17,04:09,-7,32.6736,-116.5311,1220.0,Globe at Night Monitoring Network (GaN-MN). Continuous SQM-LE sky brightness data. https://globeatnight.org/gan-mn/. Station registry: http://globeatnight-network.org/,"GaN-MN station TSO (Tierra del Sol, San Diego, California, USA); photometric inflection method; night median MSAS=20.03; MSAS at inflection=19.04; depression=18.11°; smoothing=5-pt median; dark rows=417"
isha,2025-05-17,21:20,-7,32.6736,-116.5311,1220.0,Globe at Night Monitoring Network (GaN-MN). Continuous SQM-LE sky brightness data. https://globeatnight.org/gan-mn/. Station registry: http://globeatnight-network.org/,"GaN-MN station TSO (Tierra del Sol, San Diego, California, USA); photometric inflection method; night median MSAS=20.84; MSAS at inflection=20.93; depression=18.91°; smoothing=5-pt median; dark rows=415"
fajr,2025-05-18,03:50,-7,32.6736,-116.5311,1220.0,Globe at Night Monitoring Network (GaN-MN). Continuous SQM-LE sky brightness data. https://globeatnight.org/gan-mn/. Station registry: http://globeatnight-network.org/,"GaN-MN station TSO (Tierra del Sol, San Diego, California, USA); photometric inflection method; night median MSAS=20.84; MSAS at inflection=19.37; depression=21.00°; smoothing=5-pt median; dark rows=415"
fajr,2025-05-19,03:45,-7,32.6736,-116.5311,1220.0,Globe at Night Monitoring Network (GaN-MN). Continuous SQM-LE sky brightness data. https://globeatnight.org/gan-mn/. Station registry: http://globeatnight-network.org/,"GaN-MN station TSO (Tierra del Sol, San Diego, California, USA); photometric inflection method; night median MSAS=20.98; MSAS at inflection=20.54; depression=21.62°; smoothing=5-pt median; dark rows=413"
fajr,2025-05-20,04:01,-7,32.6736,-116.5311,1220.0,Globe at Night Monitoring Network (GaN-MN). Continuous SQM-LE sky brightness data. https://globeatnight.org/gan-mn/. Station registry: http://globeatnight-network.org/,"GaN-MN station TSO (Tierra del Sol, San Diego, California, USA); photometric inflection method; night median MSAS=21.53; MSAS at inflection=20.80; depression=18.97°; smoothing=5-pt median; dark rows=411"
isha,2025-05-20,21:27,-7,32.6736,-116.5311,1220.0,Globe at Night Monitoring Network (GaN-MN). Continuous SQM-LE sky brightness data. https://globeatnight.org/gan-mn/. Station registry: http://globeatnight-network.org/,"GaN-MN station TSO (Tierra del Sol, San Diego, California, USA); photometric inflection method; night median MSAS=21.52; MSAS at inflection=21.54; depression=19.54°; smoothing=5-pt median; dark rows=409"
fajr,2025-05-21,03:42,-7,32.6736,-116.5311,1220.0,Globe at Night Monitoring Network (GaN-MN). Continuous SQM-LE sky brightness data. https://globeatnight.org/gan-mn/. Station registry: http://globeatnight-network.org/,"GaN-MN station TSO (Tierra del Sol, San Diego, California, USA); photometric inflection method; night median MSAS=21.52; MSAS at inflection=21.13; depression=21.78°; smoothing=5-pt median; dark rows=409"
isha,2025-05-21,21:42,-7,32.6736,-116.5311,1220.0,Globe at Night Monitoring Network (GaN-MN). Continuous SQM-LE sky brightness data. https://globeatnight.org/gan-mn/. Station registry: http://globeatnight-network.org/,"GaN-MN station TSO (Tierra del Sol, San Diego, California, USA); photometric inflection method; night median MSAS=21.64; MSAS at inflection=21.60; depression=21.68°; smoothing=5-pt median; dark rows=407"
fajr,2025-05-22,03:43,-7,32.6736,-116.5311,1220.0,Globe at Night Monitoring Network (GaN-MN). Continuous SQM-LE sky brightness data. https://globeatnight.org/gan-mn/. Station registry: http://globeatnight-network.org/,"GaN-MN station TSO (Tierra del Sol, San Diego, California, USA); photometric inflection method; night median MSAS=21.64; MSAS at inflection=21.41; depression=21.49°; smoothing=5-pt median; dark rows=407"
isha,2025-05-22,21:24,-7,32.6736,-116.5311,1220.0,Globe at Night Monitoring Network (GaN-MN). Continuous SQM-LE sky brightness data. https://globeatnight.org/gan-mn/. Station registry: http://globeatnight-network.org/,"GaN-MN station TSO (Tierra del Sol, San Diego, California, USA); photometric inflection method; night median MSAS=21.67; MSAS at inflection=21.57; depression=18.75°; smoothing=5-pt median; dark rows=406"
fajr,2025-05-23,03:39,-7,32.6736,-116.5311,1220.0,Globe at Night Monitoring Network (GaN-MN). Continuous SQM-LE sky brightness data. https://globeatnight.org/gan-mn/. Station registry: http://globeatnight-network.org/,"GaN-MN station TSO (Tierra del Sol, San Diego, California, USA); photometric inflection method; night median MSAS=21.67; MSAS at inflection=21.53; depression=21.95°; smoothing=5-pt median; dark rows=406"
fajr,2025-05-24,04:03,-7,32.6736,-116.5311,1220.0,Globe at Night Monitoring Network (GaN-MN). Continuous SQM-LE sky brightness data. https://globeatnight.org/gan-mn/. Station registry: http://globeatnight-network.org/,"GaN-MN station TSO (Tierra del Sol, San Diego, California, USA); photometric inflection method; night median MSAS=21.53; MSAS at inflection=21.45; depression=18.14°; smoothing=5-pt median; dark rows=404"
isha,2025-05-25,21:29,-7,32.6736,-116.5311,1220.0,Globe at Night Monitoring Network (GaN-MN). Continuous SQM-LE sky brightness data. https://globeatnight.org/gan-mn/. Station registry: http://globeatnight-network.org/,"GaN-MN station TSO (Tierra del Sol, San Diego, California, USA); photometric inflection method; night median MSAS=21.59; MSAS at inflection=21.57; depression=19.08°; smoothing=5-pt median; dark rows=400"
fajr,2025-05-26,03:54,-7,32.6736,-116.5311,1220.0,Globe at Night Monitoring Network (GaN-MN). Continuous SQM-LE sky brightness data. https://globeatnight.org/gan-mn/. Station registry: http://globeatnight-network.org/,"GaN-MN station TSO (Tierra del Sol, San Diego, California, USA); photometric inflection method; night median MSAS=21.59; MSAS at inflection=21.53; depression=19.32°; smoothing=5-pt median; dark rows=400"
isha,2025-05-26,21:25,-7,32.6736,-116.5311,1220.0,Globe at Night Monitoring Network (GaN-MN). Continuous SQM-LE sky brightness data. https://globeatnight.org/gan-mn/. Station registry: http://globeatnight-network.org/,"GaN-MN station TSO (Tierra del Sol, San Diego, California, USA); photometric inflection method; night median MSAS=21.63; MSAS at inflection=20.55; depression=18.30°; smoothing=5-pt median; dark rows=399"
fajr,2025-05-27,03:53,-7,32.6736,-116.5311,1220.0,Globe at Night Monitoring Network (GaN-MN). Continuous SQM-LE sky brightness data. https://globeatnight.org/gan-mn/. Station registry: http://globeatnight-network.org/,"GaN-MN station TSO (Tierra del Sol, San Diego, California, USA); photometric inflection method; night median MSAS=21.63; MSAS at inflection=21.51; depression=19.37°; smoothing=5-pt median; dark rows=399"
isha,2025-05-27,21:26,-7,32.6736,-116.5311,1220.0,Globe at Night Monitoring Network (GaN-MN). Continuous SQM-LE sky brightness data. https://globeatnight.org/gan-mn/. Station registry: http://globeatnight-network.org/,"GaN-MN station TSO (Tierra del Sol, San Diego, California, USA); photometric inflection method; night median MSAS=21.65; MSAS at inflection=21.52; depression=18.32°; smoothing=5-pt median; dark rows=398"
fajr,2025-05-28,03:35,-7,32.6736,-116.5311,1220.0,Globe at Night Monitoring Network (GaN-MN). Continuous SQM-LE sky brightness data. https://globeatnight.org/gan-mn/. Station registry: http://globeatnight-network.org/,"GaN-MN station TSO (Tierra del Sol, San Diego, California, USA); photometric inflection method; night median MSAS=21.65; MSAS at inflection=21.46; depression=21.95°; smoothing=5-pt median; dark rows=398"
isha,2025-05-28,21:36,-7,32.6736,-116.5311,1220.0,Globe at Night Monitoring Network (GaN-MN). Continuous SQM-LE sky brightness data. https://globeatnight.org/gan-mn/. Station registry: http://globeatnight-network.org/,"GaN-MN station TSO (Tierra del Sol, San Diego, California, USA); photometric inflection method; night median MSAS=21.49; MSAS at inflection=21.20; depression=19.72°; smoothing=5-pt median; dark rows=397"
isha,2025-05-29,21:25,-7,32.6736,-116.5311,1220.0,Globe at Night Monitoring Network (GaN-MN). Continuous SQM-LE sky brightness data. https://globeatnight.org/gan-mn/. Station registry: http://globeatnight-network.org/,"GaN-MN station TSO (Tierra del Sol, San Diego, California, USA); photometric inflection method; night median MSAS=20.76; MSAS at inflection=20.28; depression=17.89°; smoothing=5-pt median; dark rows=395"
fajr,2025-05-30,03:58,-7,32.6736,-116.5311,1220.0,Globe at Night Monitoring Network (GaN-MN). Continuous SQM-LE sky brightness data. https://globeatnight.org/gan-mn/. Station registry: http://globeatnight-network.org/,"GaN-MN station TSO (Tierra del Sol, San Diego, California, USA); photometric inflection method; night median MSAS=20.76; MSAS at inflection=21.44; depression=18.32°; smoothing=5-pt median; dark rows=395"
isha,2025-05-30,21:51,-7,32.6736,-116.5311,1220.0,Globe at Night Monitoring Network (GaN-MN). Continuous SQM-LE sky brightness data. https://globeatnight.org/gan-mn/. Station registry: http://globeatnight-network.org/,"GaN-MN station TSO (Tierra del Sol, San Diego, California, USA); photometric inflection method; night median MSAS=20.63; MSAS at inflection=19.56; depression=21.65°; smoothing=5-pt median; dark rows=394"
fajr,2025-05-31,03:59,-7,32.6736,-116.5311,1220.0,Globe at Night Monitoring Network (GaN-MN). Continuous SQM-LE sky brightness data. https://globeatnight.org/gan-mn/. Station registry: http://globeatnight-network.org/,"GaN-MN station TSO (Tierra del Sol, San Diego, California, USA); photometric inflection method; night median MSAS=20.63; MSAS at inflection=20.90; depression=18.08°; smoothing=5-pt median; dark rows=394"
fajr,2025-05-02,05:28,10,-36.8983,149.9044,30.0,Globe at Night Monitoring Network (GaN-MN). Continuous SQM-LE sky brightness data. https://globeatnight.org/gan-mn/. Station registry: http://globeatnight-network.org/,"GaN-MN station Tura (Merimbula, New South Wales, Australia); photometric inflection method; night median MSAS=22.58; MSAS at inflection=22.35; depression=14.91°; smoothing=5-pt median; dark rows=709"
isha,2025-05-02,18:44,10,-36.8983,149.9044,30.0,Globe at Night Monitoring Network (GaN-MN). Continuous SQM-LE sky brightness data. https://globeatnight.org/gan-mn/. Station registry: http://globeatnight-network.org/,"GaN-MN station Tura (Merimbula, New South Wales, Australia); photometric inflection method; night median MSAS=22.61; MSAS at inflection=21.95; depression=18.47°; smoothing=5-pt median; dark rows=712"
fajr,2025-05-07,05:10,10,-36.8983,149.9044,30.0,Globe at Night Monitoring Network (GaN-MN). Continuous SQM-LE sky brightness data. https://globeatnight.org/gan-mn/. Station registry: http://globeatnight-network.org/,"GaN-MN station Tura (Merimbula, New South Wales, Australia); photometric inflection method; night median MSAS=21.55; MSAS at inflection=22.40; depression=19.04°; smoothing=5-pt median; dark rows=720"
fajr,2025-05-08,05:48,10,-36.8983,149.9044,30.0,Globe at Night Monitoring Network (GaN-MN). Continuous SQM-LE sky brightness data. https://globeatnight.org/gan-mn/. Station registry: http://globeatnight-network.org/,"GaN-MN station Tura (Merimbula, New South Wales, Australia); photometric inflection method; night median MSAS=20.96; MSAS at inflection=20.70; depression=11.87°; smoothing=5-pt median; dark rows=720"
isha,2025-05-10,18:01,10,-36.8983,149.9044,30.0,Globe at Night Monitoring Network (GaN-MN). Continuous SQM-LE sky brightness data. https://globeatnight.org/gan-mn/. Station registry: http://globeatnight-network.org/,"GaN-MN station Tura (Merimbula, New South Wales, Australia); photometric inflection method; night median MSAS=20.49; MSAS at inflection=19.82; depression=11.52°; smoothing=5-pt median; dark rows=724"
fajr,2025-05-11,05:03,10,-36.8983,149.9044,30.0,Globe at Night Monitoring Network (GaN-MN). Continuous SQM-LE sky brightness data. https://globeatnight.org/gan-mn/. Station registry: http://globeatnight-network.org/,"GaN-MN station Tura (Merimbula, New South Wales, Australia); photometric inflection method; night median MSAS=20.49; MSAS at inflection=21.81; depression=20.96°; smoothing=5-pt median; dark rows=724"
isha,2025-05-12,17:58,10,-36.8983,149.9044,30.0,Globe at Night Monitoring Network (GaN-MN). Continuous SQM-LE sky brightness data. https://globeatnight.org/gan-mn/. Station registry: http://globeatnight-network.org/,"GaN-MN station Tura (Merimbula, New South Wales, Australia); photometric inflection method; night median MSAS=19.98; MSAS at inflection=19.53; depression=11.14°; smoothing=5-pt median; dark rows=728"
fajr,2025-05-15,05:35,10,-36.8983,149.9044,30.0,Globe at Night Monitoring Network (GaN-MN). Continuous SQM-LE sky brightness data. https://globeatnight.org/gan-mn/. Station registry: http://globeatnight-network.org/,"GaN-MN station Tura (Merimbula, New South Wales, Australia); photometric inflection method; night median MSAS=19.71; MSAS at inflection=20.56; depression=15.22°; smoothing=5-pt median; dark rows=731"
isha,2025-05-15,18:47,10,-36.8983,149.9044,30.0,Globe at Night Monitoring Network (GaN-MN). Continuous SQM-LE sky brightness data. https://globeatnight.org/gan-mn/. Station registry: http://globeatnight-network.org/,"GaN-MN station Tura (Merimbula, New South Wales, Australia); photometric inflection method; night median MSAS=19.23; MSAS at inflection=21.49; depression=21.23°; smoothing=5-pt median; dark rows=732"
fajr,2025-05-16,05:24,10,-36.8983,149.9044,30.0,Globe at Night Monitoring Network (GaN-MN). Continuous SQM-LE sky brightness data. https://globeatnight.org/gan-mn/. Station registry: http://globeatnight-network.org/,"GaN-MN station Tura (Merimbula, New South Wales, Australia); photometric inflection method; night median MSAS=19.23; MSAS at inflection=19.23; depression=17.52°; smoothing=5-pt median; dark rows=732"
isha,2025-05-16,17:41,10,-36.8983,149.9044,30.0,Globe at Night Monitoring Network (GaN-MN). Continuous SQM-LE sky brightness data. https://globeatnight.org/gan-mn/. Station registry: http://globeatnight-network.org/,"GaN-MN station Tura (Merimbula, New South Wales, Australia); photometric inflection method; night median MSAS=19.51; MSAS at inflection=17.54; depression=8.54°; smoothing=5-pt median; dark rows=735"
fajr,2025-05-17,06:14,10,-36.8983,149.9044,30.0,Globe at Night Monitoring Network (GaN-MN). Continuous SQM-LE sky brightness data. https://globeatnight.org/gan-mn/. Station registry: http://globeatnight-network.org/,"GaN-MN station Tura (Merimbula, New South Wales, Australia); photometric inflection method; night median MSAS=19.51; MSAS at inflection=17.39; depression=8.14°; smoothing=5-pt median; dark rows=735"
isha,2025-05-18,18:35,10,-36.8983,149.9044,30.0,Globe at Night Monitoring Network (GaN-MN). Continuous SQM-LE sky brightness data. https://globeatnight.org/gan-mn/. Station registry: http://globeatnight-network.org/,"GaN-MN station Tura (Merimbula, New South Wales, Australia); photometric inflection method; night median MSAS=20.94; MSAS at inflection=22.47; depression=19.14°; smoothing=5-pt median; dark rows=738"
fajr,2025-05-19,06:02,10,-36.8983,149.9044,30.0,Globe at Night Monitoring Network (GaN-MN). Continuous SQM-LE sky brightness data. https://globeatnight.org/gan-mn/. Station registry: http://globeatnight-network.org/,"GaN-MN station Tura (Merimbula, New South Wales, Australia); photometric inflection method; night median MSAS=20.94; MSAS at inflection=19.35; depression=10.62°; smoothing=5-pt median; dark rows=738"
isha,2025-05-21,18:06,10,-36.8983,149.9044,30.0,Globe at Night Monitoring Network (GaN-MN). Continuous SQM-LE sky brightness data. https://globeatnight.org/gan-mn/. Station registry: http://globeatnight-network.org/,"GaN-MN station Tura (Merimbula, New South Wales, Australia); photometric inflection method; night median MSAS=22.51; MSAS at inflection=22.10; depression=13.74°; smoothing=5-pt median; dark rows=741"
fajr,2025-05-22,05:06,10,-36.8983,149.9044,30.0,Globe at Night Monitoring Network (GaN-MN). Continuous SQM-LE sky brightness data. https://globeatnight.org/gan-mn/. Station registry: http://globeatnight-network.org/,"GaN-MN station Tura (Merimbula, New South Wales, Australia); photometric inflection method; night median MSAS=22.51; MSAS at inflection=20.71; depression=21.96°; smoothing=5-pt median; dark rows=741"
fajr,2025-05-25,05:30,10,-36.8983,149.9044,30.0,Globe at Night Monitoring Network (GaN-MN). Continuous SQM-LE sky brightness data. https://globeatnight.org/gan-mn/. Station registry: http://globeatnight-network.org/,"GaN-MN station Tura (Merimbula, New South Wales, Australia); photometric inflection method; night median MSAS=22.62; MSAS at inflection=22.44; depression=17.50°; smoothing=5-pt median; dark rows=744"
isha,2025-05-25,18:38,10,-36.8983,149.9044,30.0,Globe at Night Monitoring Network (GaN-MN). Continuous SQM-LE sky brightness data. https://globeatnight.org/gan-mn/. Station registry: http://globeatnight-network.org/,"GaN-MN station Tura (Merimbula, New South Wales, Australia); photometric inflection method; night median MSAS=22.64; MSAS at inflection=22.55; depression=20.48°; smoothing=5-pt median; dark rows=746"
isha,2025-05-26,18:15,10,-36.8983,149.9044,30.0,Globe at Night Monitoring Network (GaN-MN). Continuous SQM-LE sky brightness data. https://globeatnight.org/gan-mn/. Station registry: http://globeatnight-network.org/,"GaN-MN station Tura (Merimbula, New South Wales, Australia); photometric inflection method; night median MSAS=22.69; MSAS at inflection=22.46; depression=15.99°; smoothing=5-pt median; dark rows=747"
isha,2025-05-27,17:44,10,-36.8983,149.9044,30.0,Globe at Night Monitoring Network (GaN-MN). Continuous SQM-LE sky brightness data. https://globeatnight.org/gan-mn/. Station registry: http://globeatnight-network.org/,"GaN-MN station Tura (Merimbula, New South Wales, Australia); photometric inflection method; night median MSAS=22.61; MSAS at inflection=20.95; depression=10.17°; smoothing=5-pt median; dark rows=746"
fajr,2025-05-28,05:27,10,-36.8983,149.9044,30.0,Globe at Night Monitoring Network (GaN-MN). Continuous SQM-LE sky brightness data. https://globeatnight.org/gan-mn/. Station registry: http://globeatnight-network.org/,"GaN-MN station Tura (Merimbula, New South Wales, Australia); photometric inflection method; night median MSAS=22.61; MSAS at inflection=22.40; depression=18.43°; smoothing=5-pt median; dark rows=746"
isha,2025-05-28,17:51,10,-36.8983,149.9044,30.0,Globe at Night Monitoring Network (GaN-MN). Continuous SQM-LE sky brightness data. https://globeatnight.org/gan-mn/. Station registry: http://globeatnight-network.org/,"GaN-MN station Tura (Merimbula, New South Wales, Australia); photometric inflection method; night median MSAS=22.59; MSAS at inflection=20.90; depression=11.62°; smoothing=5-pt median; dark rows=749"
fajr,2025-05-30,05:55,10,-36.8983,149.9044,30.0,Globe at Night Monitoring Network (GaN-MN). Continuous SQM-LE sky brightness data. https://globeatnight.org/gan-mn/. Station registry: http://globeatnight-network.org/,"GaN-MN station Tura (Merimbula, New South Wales, Australia); photometric inflection method; night median MSAS=22.66; MSAS at inflection=21.69; depression=13.36°; smoothing=5-pt median; dark rows=750"
fajr,2025-05-31,05:57,10,-36.8983,149.9044,30.0,Globe at Night Monitoring Network (GaN-MN). Continuous SQM-LE sky brightness data. https://globeatnight.org/gan-mn/. Station registry: http://globeatnight-network.org/,"GaN-MN station Tura (Merimbula, New South Wales, Australia); photometric inflection method; night median MSAS=22.75; MSAS at inflection=21.42; depression=13.05°; smoothing=5-pt median; dark rows=751"
isha,2025-05-02,00:00,2,59.9167,18.8333,5.0,Globe at Night Monitoring Network (GaN-MN). Continuous SQM-LE sky brightness data. https://globeatnight.org/gan-mn/. Station registry: http://globeatnight-network.org/,"GaN-MN station UO (Utanå Observatory, Väddö, Sweden); photometric inflection method; night median MSAS=20.49; MSAS at inflection=20.82; depression=14.27°; smoothing=5-pt median; dark rows=53"
fajr,2025-05-02,01:05,2,59.9167,18.8333,5.0,Globe at Night Monitoring Network (GaN-MN). Continuous SQM-LE sky brightness data. https://globeatnight.org/gan-mn/. Station registry: http://globeatnight-network.org/,"GaN-MN station UO (Utanå Observatory, Väddö, Sweden); photometric inflection method; night median MSAS=20.49; MSAS at inflection=20.64; depression=14.55°; smoothing=5-pt median; dark rows=53"
isha,2025-05-03,23:55,2,59.9167,18.8333,5.0,Globe at Night Monitoring Network (GaN-MN). Continuous SQM-LE sky brightness data. https://globeatnight.org/gan-mn/. Station registry: http://globeatnight-network.org/,"GaN-MN station UO (Utanå Observatory, Väddö, Sweden); photometric inflection method; night median MSAS=19.83; MSAS at inflection=19.85; depression=13.57°; smoothing=5-pt median; dark rows=51"
isha,2025-05-04,23:56,2,59.9167,18.8333,5.0,Globe at Night Monitoring Network (GaN-MN). Continuous SQM-LE sky brightness data. https://globeatnight.org/gan-mn/. Station registry: http://globeatnight-network.org/,"GaN-MN station UO (Utanå Observatory, Väddö, Sweden); photometric inflection method; night median MSAS=19.94; MSAS at inflection=20.14; depression=13.29°; smoothing=5-pt median; dark rows=49"
fajr,2025-05-06,01:35,2,59.9167,18.8333,5.0,Globe at Night Monitoring Network (GaN-MN). Continuous SQM-LE sky brightness data. https://globeatnight.org/gan-mn/. Station registry: http://globeatnight-network.org/,"GaN-MN station UO (Utanå Observatory, Väddö, Sweden); photometric inflection method; night median MSAS=19.25; MSAS at inflection=20.01; depression=12.77°; smoothing=5-pt median; dark rows=47"
isha,2025-05-07,00:00,2,59.9167,18.8333,5.0,Globe at Night Monitoring Network (GaN-MN). Continuous SQM-LE sky brightness data. https://globeatnight.org/gan-mn/. Station registry: http://globeatnight-network.org/,"GaN-MN station UO (Utanå Observatory, Väddö, Sweden); photometric inflection method; night median MSAS=18.68; MSAS at inflection=18.58; depression=12.83°; smoothing=5-pt median; dark rows=45"
fajr,2025-05-07,02:35,2,59.9167,18.8333,5.0,Globe at Night Monitoring Network (GaN-MN). Continuous SQM-LE sky brightness data. https://globeatnight.org/gan-mn/. Station registry: http://globeatnight-network.org/,"GaN-MN station UO (Utanå Observatory, Väddö, Sweden); photometric inflection method; night median MSAS=18.68; MSAS at inflection=17.53; depression=9.86°; smoothing=5-pt median; dark rows=45"
isha,2025-05-07,23:54,2,59.9167,18.8333,5.0,Globe at Night Monitoring Network (GaN-MN). Continuous SQM-LE sky brightness data. https://globeatnight.org/gan-mn/. Station registry: http://globeatnight-network.org/,"GaN-MN station UO (Utanå Observatory, Väddö, Sweden); photometric inflection method; night median MSAS=18.73; MSAS at inflection=18.94; depression=12.42°; smoothing=5-pt median; dark rows=43"
fajr,2025-05-09,02:43,2,59.9167,18.8333,5.0,Globe at Night Monitoring Network (GaN-MN). Continuous SQM-LE sky brightness data. https://globeatnight.org/gan-mn/. Station registry: http://globeatnight-network.org/,"GaN-MN station UO (Utanå Observatory, Väddö, Sweden); photometric inflection method; night median MSAS=18.61; MSAS at inflection=16.59; depression=8.85°; smoothing=5-pt median; dark rows=40"
isha,2025-05-09,23:57,2,59.9167,18.8333,5.0,Globe at Night Monitoring Network (GaN-MN). Continuous SQM-LE sky brightness data. https://globeatnight.org/gan-mn/. Station registry: http://globeatnight-network.org/,"GaN-MN station UO (Utanå Observatory, Väddö, Sweden); photometric inflection method; night median MSAS=18.87; MSAS at inflection=19.02; depression=11.96°; smoothing=5-pt median; dark rows=39"
fajr,2025-05-10,01:02,2,59.9167,18.8333,5.0,Globe at Night Monitoring Network (GaN-MN). Continuous SQM-LE sky brightness data. https://globeatnight.org/gan-mn/. Station registry: http://globeatnight-network.org/,"GaN-MN station UO (Utanå Observatory, Väddö, Sweden); photometric inflection method; night median MSAS=18.87; MSAS at inflection=19.07; depression=12.35°; smoothing=5-pt median; dark rows=39"
isha,2025-05-10,23:51,2,59.9167,18.8333,5.0,Globe at Night Monitoring Network (GaN-MN). Continuous SQM-LE sky brightness data. https://globeatnight.org/gan-mn/. Station registry: http://globeatnight-network.org/,"GaN-MN station UO (Utanå Observatory, Väddö, Sweden); photometric inflection method; night median MSAS=18.88; MSAS at inflection=18.86; depression=11.56°; smoothing=5-pt median; dark rows=37"
fajr,2025-05-11,02:16,2,59.9167,18.8333,5.0,Globe at Night Monitoring Network (GaN-MN). Continuous SQM-LE sky brightness data. https://globeatnight.org/gan-mn/. Station registry: http://globeatnight-network.org/,"GaN-MN station UO (Utanå Observatory, Väddö, Sweden); photometric inflection method; night median MSAS=18.88; MSAS at inflection=17.66; depression=9.83°; smoothing=5-pt median; dark rows=37"
isha,2025-05-11,23:54,2,59.9167,18.8333,5.0,Globe at Night Monitoring Network (GaN-MN). Continuous SQM-LE sky brightness data. https://globeatnight.org/gan-mn/. Station registry: http://globeatnight-network.org/,"GaN-MN station UO (Utanå Observatory, Väddö, Sweden); photometric inflection method; night median MSAS=18.70; MSAS at inflection=18.64; depression=11.38°; smoothing=5-pt median; dark rows=34"
fajr,2025-05-12,00:29,2,59.9167,18.8333,5.0,Globe at Night Monitoring Network (GaN-MN). Continuous SQM-LE sky brightness data. https://globeatnight.org/gan-mn/. Station registry: http://globeatnight-network.org/,"GaN-MN station UO (Utanå Observatory, Väddö, Sweden); photometric inflection method; night median MSAS=18.70; MSAS at inflection=18.85; depression=11.92°; smoothing=5-pt median; dark rows=34"
isha,2025-05-13,23:52,2,59.9167,18.8333,5.0,Globe at Night Monitoring Network (GaN-MN). Continuous SQM-LE sky brightness data. https://globeatnight.org/gan-mn/. Station registry: http://globeatnight-network.org/,"GaN-MN station UO (Utanå Observatory, Väddö, Sweden); photometric inflection method; night median MSAS=19.45; MSAS at inflection=19.36; depression=10.84°; smoothing=5-pt median; dark rows=30"
fajr,2025-05-14,00:37,2,59.9167,18.8333,5.0,Globe at Night Monitoring Network (GaN-MN). Continuous SQM-LE sky brightness data. https://globeatnight.org/gan-mn/. Station registry: http://globeatnight-network.org/,"GaN-MN station UO (Utanå Observatory, Väddö, Sweden); photometric inflection method; night median MSAS=19.45; MSAS at inflection=19.98; depression=11.46°; smoothing=5-pt median; dark rows=30"
isha,2025-05-14,23:59,2,59.9167,18.8333,5.0,Globe at Night Monitoring Network (GaN-MN). Continuous SQM-LE sky brightness data. https://globeatnight.org/gan-mn/. Station registry: http://globeatnight-network.org/,"GaN-MN station UO (Utanå Observatory, Väddö, Sweden); photometric inflection method; night median MSAS=18.78; MSAS at inflection=18.31; depression=10.77°; smoothing=5-pt median; dark rows=28"
isha,2025-05-16,23:53,2,59.9167,18.8333,5.0,Globe at Night Monitoring Network (GaN-MN). Continuous SQM-LE sky brightness data. https://globeatnight.org/gan-mn/. Station registry: http://globeatnight-network.org/,"GaN-MN station UO (Utanå Observatory, Väddö, Sweden); photometric inflection method; night median MSAS=18.21; MSAS at inflection=18.06; depression=10.17°; smoothing=5-pt median; dark rows=22"
isha,2025-05-06,21:42,2,49.0167,13.2333,590.0,Globe at Night Monitoring Network (GaN-MN). Continuous SQM-LE sky brightness data. https://globeatnight.org/gan-mn/. Station registry: http://globeatnight-network.org/,"GaN-MN station Zwi (Zwiesel, Germany); photometric inflection method; night median MSAS=20.01; MSAS at inflection=18.26; depression=10.54°; smoothing=5-pt median; dark rows=822"
fajr,2025-05-14,01:54,2,49.0167,13.2333,590.0,Globe at Night Monitoring Network (GaN-MN). Continuous SQM-LE sky brightness data. https://globeatnight.org/gan-mn/. Station registry: http://globeatnight-network.org/,"GaN-MN station Zwi (Zwiesel, Germany); photometric inflection method; night median MSAS=19.45; MSAS at inflection=19.45; depression=21.38°; smoothing=5-pt median; dark rows=770"
isha,2025-05-18,23:28,2,49.0167,13.2333,590.0,Globe at Night Monitoring Network (GaN-MN). Continuous SQM-LE sky brightness data. https://globeatnight.org/gan-mn/. Station registry: http://globeatnight-network.org/,"GaN-MN station Zwi (Zwiesel, Germany); photometric inflection method; night median MSAS=21.05; MSAS at inflection=21.19; depression=18.08°; smoothing=5-pt median; dark rows=736"
fajr,2025-05-20,00:56,2,49.0167,13.2333,590.0,Globe at Night Monitoring Network (GaN-MN). Continuous SQM-LE sky brightness data. https://globeatnight.org/gan-mn/. Station registry: http://globeatnight-network.org/,"GaN-MN station Zwi (Zwiesel, Germany); photometric inflection method; night median MSAS=21.18; MSAS at inflection=21.27; depression=20.99°; smoothing=5-pt median; dark rows=729"
isha,2025-05-22,00:48,2,49.0167,13.2333,590.0,Globe at Night Monitoring Network (GaN-MN). Continuous SQM-LE sky brightness data. https://globeatnight.org/gan-mn/. Station registry: http://globeatnight-network.org/,"GaN-MN station Zwi (Zwiesel, Germany); photometric inflection method; night median MSAS=19.57; MSAS at inflection=19.39; depression=20.53°; smoothing=5-pt median; dark rows=716"
fajr,2025-05-22,01:15,2,49.0167,13.2333,590.0,Globe at Night Monitoring Network (GaN-MN). Continuous SQM-LE sky brightness data. https://globeatnight.org/gan-mn/. Station registry: http://globeatnight-network.org/,"GaN-MN station Zwi (Zwiesel, Germany); photometric inflection method; night median MSAS=19.57; MSAS at inflection=19.51; depression=20.55°; smoothing=5-pt median; dark rows=716"
isha,2025-05-25,22:19,2,49.0167,13.2333,590.0,Globe at Night Monitoring Network (GaN-MN). Continuous SQM-LE sky brightness data. https://globeatnight.org/gan-mn/. Station registry: http://globeatnight-network.org/,"GaN-MN station Zwi (Zwiesel, Germany); photometric inflection method; night median MSAS=18.98; MSAS at inflection=17.82; depression=10.84°; smoothing=5-pt median; dark rows=692"
fajr,2025-05-26,00:51,2,49.0167,13.2333,590.0,Globe at Night Monitoring Network (GaN-MN). Continuous SQM-LE sky brightness data. https://globeatnight.org/gan-mn/. Station registry: http://globeatnight-network.org/,"GaN-MN station Zwi (Zwiesel, Germany); photometric inflection method; night median MSAS=18.98; MSAS at inflection=19.29; depression=19.81°; smoothing=5-pt median; dark rows=692"
isha,2025-05-28,01:02,2,49.0167,13.2333,590.0,Globe at Night Monitoring Network (GaN-MN). Continuous SQM-LE sky brightness data. https://globeatnight.org/gan-mn/. Station registry: http://globeatnight-network.org/,"GaN-MN station Zwi (Zwiesel, Germany); photometric inflection method; night median MSAS=19.72; MSAS at inflection=21.24; depression=19.52°; smoothing=5-pt median; dark rows=681"
fajr,2025-05-28,01:02,2,49.0167,13.2333,590.0,Globe at Night Monitoring Network (GaN-MN). Continuous SQM-LE sky brightness data. https://globeatnight.org/gan-mn/. Station registry: http://globeatnight-network.org/,"GaN-MN station Zwi (Zwiesel, Germany); photometric inflection method; night median MSAS=19.72; MSAS at inflection=21.24; depression=19.52°; smoothing=5-pt median; dark rows=681"
isha,2025-05-29,01:14,2,49.0167,13.2333,590.0,Globe at Night Monitoring Network (GaN-MN). Continuous SQM-LE sky brightness data. https://globeatnight.org/gan-mn/. Station registry: http://globeatnight-network.org/,"GaN-MN station Zwi (Zwiesel, Germany); photometric inflection method; night median MSAS=19.09; MSAS at inflection=19.57; depression=19.33°; smoothing=5-pt median; dark rows=675"
isha,2025-05-30,00:37,2,49.0167,13.2333,590.0,Globe at Night Monitoring Network (GaN-MN). Continuous SQM-LE sky brightness data. https://globeatnight.org/gan-mn/. Station registry: http://globeatnight-network.org/,"GaN-MN station Zwi (Zwiesel, Germany); photometric inflection method; night median MSAS=18.69; MSAS at inflection=18.98; depression=18.96°; smoothing=5-pt median; dark rows=655"
fajr,2025-05-30,01:20,2,49.0167,13.2333,590.0,Globe at Night Monitoring Network (GaN-MN). Continuous SQM-LE sky brightness data. https://globeatnight.org/gan-mn/. Station registry: http://globeatnight-network.org/,"GaN-MN station Zwi (Zwiesel, Germany); photometric inflection method; night median MSAS=18.69; MSAS at inflection=18.60; depression=19.12°; smoothing=5-pt median; dark rows=655"
isha,2025-05-31,23:09,2,49.0167,13.2333,590.0,Globe at Night Monitoring Network (GaN-MN). Continuous SQM-LE sky brightness data. https://globeatnight.org/gan-mn/. Station registry: http://globeatnight-network.org/,"GaN-MN station Zwi (Zwiesel, Germany); photometric inflection method; night median MSAS=20.15; MSAS at inflection=20.03; depression=14.44°; smoothing=5-pt median; dark rows=440"
fajr,2025-05-31,23:11,2,49.0167,13.2333,590.0,Globe at Night Monitoring Network (GaN-MN). Continuous SQM-LE sky brightness data. https://globeatnight.org/gan-mn/. Station registry: http://globeatnight-network.org/,"GaN-MN station Zwi (Zwiesel, Germany); photometric inflection method; night median MSAS=20.15; MSAS at inflection=20.04; depression=14.59°; smoothing=5-pt median; dark rows=440"
