prayer,date_local,time_local,utc_offset,lat,lng,elevation_m,source,notes
isha,2023-01-21,21:15,-3,-34.6037,-58.3816,25.0,Globe at Night Monitoring Network (GaN-MN). Continuous SQM-LE sky brightness data. https://globeatnight.org/gan-mn/. Station registry: http://globeatnight-network.org/,"GaN-MN station AHO (Almendra HackLab, Buenos Aires, Argentina); photometric inflection method; night median MSAS=17.72; MSAS at inflection=16.77; depression=13.00°; smoothing=5-pt median; dark rows=990"
isha,2023-01-22,21:38,-3,-34.6037,-58.3816,25.0,Globe at Night Monitoring Network (GaN-MN). Continuous SQM-LE sky brightness data. https://globeatnight.org/gan-mn/. Station registry: http://globeatnight-network.org/,"GaN-MN station AHO (Almendra HackLab, Buenos Aires, Argentina); photometric inflection method; night median MSAS=17.50; MSAS at inflection=15.46; depression=16.96°; smoothing=5-pt median; dark rows=993"
fajr,2023-01-27,05:20,-3,-34.6037,-58.3816,25.0,Globe at Night Monitoring Network (GaN-MN). Continuous SQM-LE sky brightness data. https://globeatnight.org/gan-mn/. Station registry: http://globeatnight-network.org/,"GaN-MN station AHO (Almendra HackLab, Buenos Aires, Argentina); photometric inflection method; night median MSAS=17.53; MSAS at inflection=15.93; depression=9.68°; smoothing=5-pt median; dark rows=1009"
fajr,2023-01-30,04:54,-3,-34.6037,-58.3816,25.0,Globe at Night Monitoring Network (GaN-MN). Continuous SQM-LE sky brightness data. https://globeatnight.org/gan-mn/. Station registry: http://globeatnight-network.org/,"GaN-MN station AHO (Almendra HackLab, Buenos Aires, Argentina); photometric inflection method; night median MSAS=17.51; MSAS at inflection=17.20; depression=14.83°; smoothing=5-pt median; dark rows=1020"
isha,2023-01-30,21:14,-3,-34.6037,-58.3816,25.0,Globe at Night Monitoring Network (GaN-MN). Continuous SQM-LE sky brightness data. https://globeatnight.org/gan-mn/. Station registry: http://globeatnight-network.org/,"GaN-MN station AHO (Almendra HackLab, Buenos Aires, Argentina); photometric inflection method; night median MSAS=17.66; MSAS at inflection=16.58; depression=14.17°; smoothing=5-pt median; dark rows=1024"
fajr,2023-01-31,04:55,-3,-34.6037,-58.3816,25.0,Globe at Night Monitoring Network (GaN-MN). Continuous SQM-LE sky brightness data. https://globeatnight.org/gan-mn/. Station registry: http://globeatnight-network.org/,"GaN-MN station AHO (Almendra HackLab, Buenos Aires, Argentina); photometric inflection method; night median MSAS=17.66; MSAS at inflection=17.32; depression=14.88°; smoothing=5-pt median; dark rows=1024"
isha,2023-01-01,18:44,8,22.3755,114.2707,10.0,Globe at Night Monitoring Network (GaN-MN). Continuous SQM-LE sky brightness data. https://globeatnight.org/gan-mn/. Station registry: http://globeatnight-network.org/,"GaN-MN station AP (Hong Kong Astropark, Sai Kung); photometric inflection method; night median MSAS=18.28; MSAS at inflection=17.09; depression=12.45°; smoothing=5-pt median; dark rows=1413"
fajr,2023-01-02,05:50,8,22.3755,114.2707,10.0,Globe at Night Monitoring Network (GaN-MN). Continuous SQM-LE sky brightness data. https://globeatnight.org/gan-mn/. Station registry: http://globeatnight-network.org/,"GaN-MN station AP (Hong Kong Astropark, Sai Kung); photometric inflection method; night median MSAS=18.28; MSAS at inflection=19.73; depression=16.41°; smoothing=5-pt median; dark rows=1413"
isha,2023-01-10,18:55,8,22.3755,114.2707,10.0,Globe at Night Monitoring Network (GaN-MN). Continuous SQM-LE sky brightness data. https://globeatnight.org/gan-mn/. Station registry: http://globeatnight-network.org/,"GaN-MN station AP (Hong Kong Astropark, Sai Kung); photometric inflection method; night median MSAS=18.27; MSAS at inflection=18.20; depression=13.64°; smoothing=5-pt median; dark rows=1407"
fajr,2023-01-12,05:53,8,22.3755,114.2707,10.0,Globe at Night Monitoring Network (GaN-MN). Continuous SQM-LE sky brightness data. https://globeatnight.org/gan-mn/. Station registry: http://globeatnight-network.org/,"GaN-MN station AP (Hong Kong Astropark, Sai Kung); photometric inflection method; night median MSAS=18.67; MSAS at inflection=17.94; depression=16.24°; smoothing=5-pt median; dark rows=1405"
isha,2023-01-17,19:27,8,22.3755,114.2707,10.0,Globe at Night Monitoring Network (GaN-MN). Continuous SQM-LE sky brightness data. https://globeatnight.org/gan-mn/. Station registry: http://globeatnight-network.org/,"GaN-MN station AP (Hong Kong Astropark, Sai Kung); photometric inflection method; night median MSAS=19.42; MSAS at inflection=18.43; depression=19.75°; smoothing=5-pt median; dark rows=1398"
fajr,2023-01-19,05:46,8,22.3755,114.2707,10.0,Globe at Night Monitoring Network (GaN-MN). Continuous SQM-LE sky brightness data. https://globeatnight.org/gan-mn/. Station registry: http://globeatnight-network.org/,"GaN-MN station AP (Hong Kong Astropark, Sai Kung); photometric inflection method; night median MSAS=20.01; MSAS at inflection=20.19; depression=17.97°; smoothing=5-pt median; dark rows=1397"
fajr,2023-01-21,05:45,8,22.3755,114.2707,10.0,Globe at Night Monitoring Network (GaN-MN). Continuous SQM-LE sky brightness data. https://globeatnight.org/gan-mn/. Station registry: http://globeatnight-network.org/,"GaN-MN station AP (Hong Kong Astropark, Sai Kung); photometric inflection method; night median MSAS=19.64; MSAS at inflection=20.20; depression=18.18°; smoothing=5-pt median; dark rows=1395"
fajr,2023-01-22,05:36,8,22.3755,114.2707,10.0,Globe at Night Monitoring Network (GaN-MN). Continuous SQM-LE sky brightness data. https://globeatnight.org/gan-mn/. Station registry: http://globeatnight-network.org/,"GaN-MN station AP (Hong Kong Astropark, Sai Kung); photometric inflection method; night median MSAS=20.11; MSAS at inflection=20.79; depression=20.20°; smoothing=5-pt median; dark rows=1393"
fajr,2023-01-26,06:19,8,22.3755,114.2707,10.0,Globe at Night Monitoring Network (GaN-MN). Continuous SQM-LE sky brightness data. https://globeatnight.org/gan-mn/. Station registry: http://globeatnight-network.org/,"GaN-MN station AP (Hong Kong Astropark, Sai Kung); photometric inflection method; night median MSAS=19.59; MSAS at inflection=17.66; depression=10.65°; smoothing=5-pt median; dark rows=1387"
fajr,2023-01-27,06:16,8,22.3755,114.2707,10.0,Globe at Night Monitoring Network (GaN-MN). Continuous SQM-LE sky brightness data. https://globeatnight.org/gan-mn/. Station registry: http://globeatnight-network.org/,"GaN-MN station AP (Hong Kong Astropark, Sai Kung); photometric inflection method; night median MSAS=19.11; MSAS at inflection=18.51; depression=11.17°; smoothing=5-pt median; dark rows=1386"
fajr,2023-01-28,06:14,8,22.3755,114.2707,10.0,Globe at Night Monitoring Network (GaN-MN). Continuous SQM-LE sky brightness data. https://globeatnight.org/gan-mn/. Station registry: http://globeatnight-network.org/,"GaN-MN station AP (Hong Kong Astropark, Sai Kung); photometric inflection method; night median MSAS=18.97; MSAS at inflection=18.69; depression=11.58°; smoothing=5-pt median; dark rows=1385"
fajr,2023-02-01,05:39,8,22.3755,114.2707,10.0,Globe at Night Monitoring Network (GaN-MN). Continuous SQM-LE sky brightness data. https://globeatnight.org/gan-mn/. Station registry: http://globeatnight-network.org/,"GaN-MN station AP (Hong Kong Astropark, Sai Kung); photometric inflection method; night median MSAS=18.08; MSAS at inflection=19.88; depression=19.24°; smoothing=5-pt median; dark rows=1377"
isha,2023-01-26,18:26,-5,38.8816,-77.091,55.0,Globe at Night Monitoring Network (GaN-MN). Continuous SQM-LE sky brightness data. https://globeatnight.org/gan-mn/. Station registry: http://globeatnight-network.org/,"GaN-MN station Arl (Arlington, Virginia, USA); photometric inflection method; night median MSAS=17.81; MSAS at inflection=16.56; depression=12.64°; smoothing=5-pt median; dark rows=1473"
fajr,2023-01-01,05:33,-6,35.95,-92.5833,220.0,Globe at Night Monitoring Network (GaN-MN). Continuous SQM-LE sky brightness data. https://globeatnight.org/gan-mn/. Station registry: http://globeatnight-network.org/,"GaN-MN station BMCO (Big Music Creek, Arkansas, USA); photometric inflection method; night median MSAS=20.07; MSAS at inflection=21.38; depression=21.10°; smoothing=5-pt median; dark rows=653"
fajr,2023-01-10,06:11,-6,35.95,-92.5833,220.0,Globe at Night Monitoring Network (GaN-MN). Continuous SQM-LE sky brightness data. https://globeatnight.org/gan-mn/. Station registry: http://globeatnight-network.org/,"GaN-MN station BMCO (Big Music Creek, Arkansas, USA); photometric inflection method; night median MSAS=18.30; MSAS at inflection=19.00; depression=13.81°; smoothing=5-pt median; dark rows=646"
fajr,2023-01-12,06:23,-6,35.95,-92.5833,220.0,Globe at Night Monitoring Network (GaN-MN). Continuous SQM-LE sky brightness data. https://globeatnight.org/gan-mn/. Station registry: http://globeatnight-network.org/,"GaN-MN station BMCO (Big Music Creek, Arkansas, USA); photometric inflection method; night median MSAS=19.07; MSAS at inflection=18.03; depression=11.61°; smoothing=5-pt median; dark rows=645"
fajr,2023-01-31,05:36,-6,35.95,-92.5833,220.0,Globe at Night Monitoring Network (GaN-MN). Continuous SQM-LE sky brightness data. https://globeatnight.org/gan-mn/. Station registry: http://globeatnight-network.org/,"GaN-MN station BMCO (Big Music Creek, Arkansas, USA); photometric inflection method; night median MSAS=19.57; MSAS at inflection=21.19; depression=19.50°; smoothing=5-pt median; dark rows=620"
isha,2023-01-18,18:34,9,37.456,126.9522,80.0,Globe at Night Monitoring Network (GaN-MN). Continuous SQM-LE sky brightness data. https://globeatnight.org/gan-mn/. Station registry: http://globeatnight-network.org/,"GaN-MN station CEOU (Seoul National University, Korea); photometric inflection method; night median MSAS=17.77; MSAS at inflection=17.04; depression=10.81°; smoothing=5-pt median; dark rows=131"
fajr,2023-01-19,06:49,9,37.456,126.9522,80.0,Globe at Night Monitoring Network (GaN-MN). Continuous SQM-LE sky brightness data. https://globeatnight.org/gan-mn/. Station registry: http://globeatnight-network.org/,"GaN-MN station CEOU (Seoul National University, Korea); photometric inflection method; night median MSAS=17.77; MSAS at inflection=17.38; depression=10.89°; smoothing=5-pt median; dark rows=131"
isha,2023-01-20,19:15,9,37.456,126.9522,80.0,Globe at Night Monitoring Network (GaN-MN). Continuous SQM-LE sky brightness data. https://globeatnight.org/gan-mn/. Station registry: http://globeatnight-network.org/,"GaN-MN station CEOU (Seoul National University, Korea); photometric inflection method; night median MSAS=17.86; MSAS at inflection=17.42; depression=18.31°; smoothing=5-pt median; dark rows=149"
fajr,2023-01-21,06:39,9,37.456,126.9522,80.0,Globe at Night Monitoring Network (GaN-MN). Continuous SQM-LE sky brightness data. https://globeatnight.org/gan-mn/. Station registry: http://globeatnight-network.org/,"GaN-MN station CEOU (Seoul National University, Korea); photometric inflection method; night median MSAS=17.86; MSAS at inflection=17.96; depression=12.76°; smoothing=5-pt median; dark rows=149"
fajr,2023-01-27,05:59,9,37.456,126.9522,80.0,Globe at Night Monitoring Network (GaN-MN). Continuous SQM-LE sky brightness data. https://globeatnight.org/gan-mn/. Station registry: http://globeatnight-network.org/,"GaN-MN station CEOU (Seoul National University, Korea); photometric inflection method; night median MSAS=17.76; MSAS at inflection=17.89; depression=20.01°; smoothing=5-pt median; dark rows=121"
fajr,2023-01-28,06:27,9,37.456,126.9522,80.0,Globe at Night Monitoring Network (GaN-MN). Continuous SQM-LE sky brightness data. https://globeatnight.org/gan-mn/. Station registry: http://globeatnight-network.org/,"GaN-MN station CEOU (Seoul National University, Korea); photometric inflection method; night median MSAS=17.83; MSAS at inflection=17.85; depression=14.43°; smoothing=5-pt median; dark rows=120"
isha,2023-01-28,18:35,9,37.456,126.9522,80.0,Globe at Night Monitoring Network (GaN-MN). Continuous SQM-LE sky brightness data. https://globeatnight.org/gan-mn/. Station registry: http://globeatnight-network.org/,"GaN-MN station CEOU (Seoul National University, Korea); photometric inflection method; night median MSAS=17.75; MSAS at inflection=16.03; depression=9.20°; smoothing=5-pt median; dark rows=118"
fajr,2023-01-29,06:58,9,37.456,126.9522,80.0,Globe at Night Monitoring Network (GaN-MN). Continuous SQM-LE sky brightness data. https://globeatnight.org/gan-mn/. Station registry: http://globeatnight-network.org/,"GaN-MN station CEOU (Seoul National University, Korea); photometric inflection method; night median MSAS=17.75; MSAS at inflection=16.03; depression=8.26°; smoothing=5-pt median; dark rows=118"
isha,2023-01-29,19:01,9,37.456,126.9522,80.0,Globe at Night Monitoring Network (GaN-MN). Continuous SQM-LE sky brightness data. https://globeatnight.org/gan-mn/. Station registry: http://globeatnight-network.org/,"GaN-MN station CEOU (Seoul National University, Korea); photometric inflection method; night median MSAS=17.95; MSAS at inflection=16.22; depression=13.92°; smoothing=5-pt median; dark rows=126"
fajr,2023-01-30,06:50,9,37.456,126.9522,80.0,Globe at Night Monitoring Network (GaN-MN). Continuous SQM-LE sky brightness data. https://globeatnight.org/gan-mn/. Station registry: http://globeatnight-network.org/,"GaN-MN station CEOU (Seoul National University, Korea); photometric inflection method; night median MSAS=17.95; MSAS at inflection=17.10; depression=9.76°; smoothing=5-pt median; dark rows=126"
isha,2023-01-30,18:36,9,37.456,126.9522,80.0,Globe at Night Monitoring Network (GaN-MN). Continuous SQM-LE sky brightness data. https://globeatnight.org/gan-mn/. Station registry: http://globeatnight-network.org/,"GaN-MN station CEOU (Seoul National University, Korea); photometric inflection method; night median MSAS=17.81; MSAS at inflection=15.55; depression=9.01°; smoothing=5-pt median; dark rows=129"
fajr,2023-01-31,06:13,9,37.456,126.9522,80.0,Globe at Night Monitoring Network (GaN-MN). Continuous SQM-LE sky brightness data. https://globeatnight.org/gan-mn/. Station registry: http://globeatnight-network.org/,"GaN-MN station CEOU (Seoul National University, Korea); photometric inflection method; night median MSAS=17.81; MSAS at inflection=17.92; depression=16.71°; smoothing=5-pt median; dark rows=129"
isha,2023-01-10,19:13,8,22.2083,114.2569,40.0,Globe at Night Monitoring Network (GaN-MN). Continuous SQM-LE sky brightness data. https://globeatnight.org/gan-mn/. Station registry: http://globeatnight-network.org/,"GaN-MN station Cap (Cape D'Aguilar, Hong Kong); photometric inflection method; night median MSAS=17.81; MSAS at inflection=17.69; depression=17.63°; smoothing=5-pt median; dark rows=1406"
fajr,2023-01-13,05:30,8,22.2083,114.2569,40.0,Globe at Night Monitoring Network (GaN-MN). Continuous SQM-LE sky brightness data. https://globeatnight.org/gan-mn/. Station registry: http://globeatnight-network.org/,"GaN-MN station Cap (Cape D'Aguilar, Hong Kong); photometric inflection method; night median MSAS=17.50; MSAS at inflection=17.26; depression=21.34°; smoothing=5-pt median; dark rows=1404"
isha,2023-01-14,18:40,8,22.2083,114.2569,40.0,Globe at Night Monitoring Network (GaN-MN). Continuous SQM-LE sky brightness data. https://globeatnight.org/gan-mn/. Station registry: http://globeatnight-network.org/,"GaN-MN station Cap (Cape D'Aguilar, Hong Kong); photometric inflection method; night median MSAS=18.90; MSAS at inflection=17.07; depression=9.84°; smoothing=5-pt median; dark rows=1401"
fajr,2023-01-19,06:13,8,22.2083,114.2569,40.0,Globe at Night Monitoring Network (GaN-MN). Continuous SQM-LE sky brightness data. https://globeatnight.org/gan-mn/. Station registry: http://globeatnight-network.org/,"GaN-MN station Cap (Cape D'Aguilar, Hong Kong); photometric inflection method; night median MSAS=20.03; MSAS at inflection=19.30; depression=11.99°; smoothing=5-pt median; dark rows=1397"
isha,2023-01-26,18:47,8,22.2083,114.2569,40.0,Globe at Night Monitoring Network (GaN-MN). Continuous SQM-LE sky brightness data. https://globeatnight.org/gan-mn/. Station registry: http://globeatnight-network.org/,"GaN-MN station Cap (Cape D'Aguilar, Hong Kong); photometric inflection method; night median MSAS=18.72; MSAS at inflection=16.87; depression=9.65°; smoothing=5-pt median; dark rows=1385"
fajr,2023-01-31,06:18,8,22.2083,114.2569,40.0,Globe at Night Monitoring Network (GaN-MN). Continuous SQM-LE sky brightness data. https://globeatnight.org/gan-mn/. Station registry: http://globeatnight-network.org/,"GaN-MN station Cap (Cape D'Aguilar, Hong Kong); photometric inflection method; night median MSAS=19.45; MSAS at inflection=18.12; depression=10.47°; smoothing=5-pt median; dark rows=1379"
isha,2022-12-31,17:39,-7,37.9958,-105.6972,2474.0,Globe at Night Monitoring Network (GaN-MN). Continuous SQM-LE sky brightness data. https://globeatnight.org/gan-mn/. Station registry: http://globeatnight-network.org/,"GaN-MN station Cre (Crestone, Colorado, USA); photometric inflection method; night median MSAS=18.79; MSAS at inflection=17.63; depression=9.05°; smoothing=5-pt median; dark rows=1525"
isha,2023-01-02,18:41,-7,37.9958,-105.6972,2474.0,Globe at Night Monitoring Network (GaN-MN). Continuous SQM-LE sky brightness data. https://globeatnight.org/gan-mn/. Station registry: http://globeatnight-network.org/,"GaN-MN station Cre (Crestone, Colorado, USA); photometric inflection method; night median MSAS=17.96; MSAS at inflection=17.73; depression=20.43°; smoothing=5-pt median; dark rows=1522"
isha,2023-01-04,17:45,-7,37.9958,-105.6972,2474.0,Globe at Night Monitoring Network (GaN-MN). Continuous SQM-LE sky brightness data. https://globeatnight.org/gan-mn/. Station registry: http://globeatnight-network.org/,"GaN-MN station Cre (Crestone, Colorado, USA); photometric inflection method; night median MSAS=18.41; MSAS at inflection=17.31; depression=9.67°; smoothing=5-pt median; dark rows=1148"
fajr,2023-01-05,06:35,-7,37.9958,-105.6972,2474.0,Globe at Night Monitoring Network (GaN-MN). Continuous SQM-LE sky brightness data. https://globeatnight.org/gan-mn/. Station registry: http://globeatnight-network.org/,"GaN-MN station Cre (Crestone, Colorado, USA); photometric inflection method; night median MSAS=18.41; MSAS at inflection=16.30; depression=8.55°; smoothing=5-pt median; dark rows=1148"
isha,2023-01-05,17:57,-7,37.9958,-105.6972,2474.0,Globe at Night Monitoring Network (GaN-MN). Continuous SQM-LE sky brightness data. https://globeatnight.org/gan-mn/. Station registry: http://globeatnight-network.org/,"GaN-MN station Cre (Crestone, Colorado, USA); photometric inflection method; night median MSAS=17.59; MSAS at inflection=18.73; depression=11.59°; smoothing=5-pt median; dark rows=1194"
fajr,2023-01-06,06:31,-7,37.9958,-105.6972,2474.0,Globe at Night Monitoring Network (GaN-MN). Continuous SQM-LE sky brightness data. https://globeatnight.org/gan-mn/. Station registry: http://globeatnight-network.org/,"GaN-MN station Cre (Crestone, Colorado, USA); photometric inflection method; night median MSAS=17.59; MSAS at inflection=17.37; depression=9.41°; smoothing=5-pt median; dark rows=1194"
isha,2023-01-08,17:59,-7,37.9958,-105.6972,2474.0,Globe at Night Monitoring Network (GaN-MN). Continuous SQM-LE sky brightness data. https://globeatnight.org/gan-mn/. Station registry: http://globeatnight-network.org/,"GaN-MN station Cre (Crestone, Colorado, USA); photometric inflection method; night median MSAS=18.96; MSAS at inflection=19.43; depression=11.46°; smoothing=5-pt median; dark rows=1211"
fajr,2023-01-11,05:34,-7,37.9958,-105.6972,2474.0,Globe at Night Monitoring Network (GaN-MN). Continuous SQM-LE sky brightness data. https://globeatnight.org/gan-mn/. Station registry: http://globeatnight-network.org/,"GaN-MN station Cre (Crestone, Colorado, USA); photometric inflection method; night median MSAS=18.80; MSAS at inflection=17.31; depression=20.10°; smoothing=5-pt median; dark rows=1508"
isha,2023-01-12,17:56,-7,37.9958,-105.6972,2474.0,Globe at Night Monitoring Network (GaN-MN). Continuous SQM-LE sky brightness data. https://globeatnight.org/gan-mn/. Station registry: http://globeatnight-network.org/,"GaN-MN station Cre (Crestone, Colorado, USA); photometric inflection method; night median MSAS=20.55; MSAS at inflection=18.38; depression=10.29°; smoothing=5-pt median; dark rows=1506"
isha,2023-01-14,18:28,-7,37.9958,-105.6972,2474.0,Globe at Night Monitoring Network (GaN-MN). Continuous SQM-LE sky brightness data. https://globeatnight.org/gan-mn/. Station registry: http://globeatnight-network.org/,"GaN-MN station Cre (Crestone, Colorado, USA); photometric inflection method; night median MSAS=21.43; MSAS at inflection=21.38; depression=16.08°; smoothing=5-pt median; dark rows=1501"
isha,2023-01-15,18:21,-7,37.9958,-105.6972,2474.0,Globe at Night Monitoring Network (GaN-MN). Continuous SQM-LE sky brightness data. https://globeatnight.org/gan-mn/. Station registry: http://globeatnight-network.org/,"GaN-MN station Cre (Crestone, Colorado, USA); photometric inflection method; night median MSAS=21.36; MSAS at inflection=20.91; depression=14.52°; smoothing=5-pt median; dark rows=1499"
isha,2023-01-10,18:18,9,35.8714,128.6014,55.0,Globe at Night Monitoring Network (GaN-MN). Continuous SQM-LE sky brightness data. https://globeatnight.org/gan-mn/. Station registry: http://globeatnight-network.org/,"GaN-MN station DNSM (Daegu National Science Museum, Korea); photometric inflection method; night median MSAS=17.53; MSAS at inflection=17.10; depression=9.95°; smoothing=5-pt median; dark rows=1496"
fajr,2023-01-18,06:56,9,35.8714,128.6014,55.0,Globe at Night Monitoring Network (GaN-MN). Continuous SQM-LE sky brightness data. https://globeatnight.org/gan-mn/. Station registry: http://globeatnight-network.org/,"GaN-MN station DNSM (Daegu National Science Museum, Korea); photometric inflection method; night median MSAS=17.80; MSAS at inflection=15.34; depression=7.97°; smoothing=5-pt median; dark rows=1481"
fajr,2023-01-21,06:52,9,35.8714,128.6014,55.0,Globe at Night Monitoring Network (GaN-MN). Continuous SQM-LE sky brightness data. https://globeatnight.org/gan-mn/. Station registry: http://globeatnight-network.org/,"GaN-MN station DNSM (Daegu National Science Museum, Korea); photometric inflection method; night median MSAS=18.48; MSAS at inflection=16.40; depression=8.55°; smoothing=5-pt median; dark rows=1473"
isha,2023-01-25,18:55,9,35.8714,128.6014,55.0,Globe at Night Monitoring Network (GaN-MN). Continuous SQM-LE sky brightness data. https://globeatnight.org/gan-mn/. Station registry: http://globeatnight-network.org/,"GaN-MN station DNSM (Daegu National Science Museum, Korea); photometric inflection method; night median MSAS=18.39; MSAS at inflection=18.02; depression=14.43°; smoothing=5-pt median; dark rows=1460"
fajr,2023-01-31,06:25,9,35.8714,128.6014,55.0,Globe at Night Monitoring Network (GaN-MN). Continuous SQM-LE sky brightness data. https://globeatnight.org/gan-mn/. Station registry: http://globeatnight-network.org/,"GaN-MN station DNSM (Daegu National Science Museum, Korea); photometric inflection method; night median MSAS=18.43; MSAS at inflection=18.52; depression=12.84°; smoothing=5-pt median; dark rows=1444"
fajr,2023-01-02,07:14,1,51.7667,13.7667,90.0,Globe at Night Monitoring Network (GaN-MN). Continuous SQM-LE sky brightness data. https://globeatnight.org/gan-mn/. Station registry: http://globeatnight-network.org/,"GaN-MN station ELO (South-Brandenburg, Germany); photometric inflection method; night median MSAS=19.25; MSAS at inflection=17.40; depression=8.35°; smoothing=5-pt median; dark rows=1557"
isha,2023-01-02,18:04,1,51.7667,13.7667,90.0,Globe at Night Monitoring Network (GaN-MN). Continuous SQM-LE sky brightness data. https://globeatnight.org/gan-mn/. Station registry: http://globeatnight-network.org/,"GaN-MN station ELO (South-Brandenburg, Germany); photometric inflection method; night median MSAS=18.57; MSAS at inflection=18.33; depression=17.15°; smoothing=5-pt median; dark rows=1595"
fajr,2023-01-03,05:56,1,51.7667,13.7667,90.0,Globe at Night Monitoring Network (GaN-MN). Continuous SQM-LE sky brightness data. https://globeatnight.org/gan-mn/. Station registry: http://globeatnight-network.org/,"GaN-MN station ELO (South-Brandenburg, Germany); photometric inflection method; night median MSAS=18.57; MSAS at inflection=20.67; depression=19.68°; smoothing=5-pt median; dark rows=1595"
isha,2023-01-03,17:16,1,51.7667,13.7667,90.0,Globe at Night Monitoring Network (GaN-MN). Continuous SQM-LE sky brightness data. https://globeatnight.org/gan-mn/. Station registry: http://globeatnight-network.org/,"GaN-MN station ELO (South-Brandenburg, Germany); photometric inflection method; night median MSAS=19.12; MSAS at inflection=17.42; depression=10.05°; smoothing=5-pt median; dark rows=1589"
isha,2023-01-04,17:49,1,51.7667,13.7667,90.0,Globe at Night Monitoring Network (GaN-MN). Continuous SQM-LE sky brightness data. https://globeatnight.org/gan-mn/. Station registry: http://globeatnight-network.org/,"GaN-MN station ELO (South-Brandenburg, Germany); photometric inflection method; night median MSAS=17.81; MSAS at inflection=18.13; depression=14.57°; smoothing=5-pt median; dark rows=1605"
fajr,2023-01-05,06:55,1,51.7667,13.7667,90.0,Globe at Night Monitoring Network (GaN-MN). Continuous SQM-LE sky brightness data. https://globeatnight.org/gan-mn/. Station registry: http://globeatnight-network.org/,"GaN-MN station ELO (South-Brandenburg, Germany); photometric inflection method; night median MSAS=17.81; MSAS at inflection=19.42; depression=10.97°; smoothing=5-pt median; dark rows=1605"
isha,2023-01-07,17:14,1,51.7667,13.7667,90.0,Globe at Night Monitoring Network (GaN-MN). Continuous SQM-LE sky brightness data. https://globeatnight.org/gan-mn/. Station registry: http://globeatnight-network.org/,"GaN-MN station ELO (South-Brandenburg, Germany); photometric inflection method; night median MSAS=17.58; MSAS at inflection=17.35; depression=9.17°; smoothing=5-pt median; dark rows=1591"
isha,2023-01-08,18:00,1,51.7667,13.7667,90.0,Globe at Night Monitoring Network (GaN-MN). Continuous SQM-LE sky brightness data. https://globeatnight.org/gan-mn/. Station registry: http://globeatnight-network.org/,"GaN-MN station ELO (South-Brandenburg, Germany); photometric inflection method; night median MSAS=17.73; MSAS at inflection=19.96; depression=15.55°; smoothing=5-pt median; dark rows=1590"
isha,2023-01-09,17:41,1,51.7667,13.7667,90.0,Globe at Night Monitoring Network (GaN-MN). Continuous SQM-LE sky brightness data. https://globeatnight.org/gan-mn/. Station registry: http://globeatnight-network.org/,"GaN-MN station ELO (South-Brandenburg, Germany); photometric inflection method; night median MSAS=17.95; MSAS at inflection=20.25; depression=12.69°; smoothing=5-pt median; dark rows=1579"
isha,2023-01-10,18:05,1,51.7667,13.7667,90.0,Globe at Night Monitoring Network (GaN-MN). Continuous SQM-LE sky brightness data. https://globeatnight.org/gan-mn/. Station registry: http://globeatnight-network.org/,"GaN-MN station ELO (South-Brandenburg, Germany); photometric inflection method; night median MSAS=18.46; MSAS at inflection=20.78; depression=16.02°; smoothing=5-pt median; dark rows=1574"
fajr,2023-01-11,06:05,1,51.7667,13.7667,90.0,Globe at Night Monitoring Network (GaN-MN). Continuous SQM-LE sky brightness data. https://globeatnight.org/gan-mn/. Station registry: http://globeatnight-network.org/,"GaN-MN station ELO (South-Brandenburg, Germany); photometric inflection method; night median MSAS=18.46; MSAS at inflection=18.23; depression=18.10°; smoothing=5-pt median; dark rows=1574"
isha,2023-01-11,17:36,1,51.7667,13.7667,90.0,Globe at Night Monitoring Network (GaN-MN). Continuous SQM-LE sky brightness data. https://globeatnight.org/gan-mn/. Station registry: http://globeatnight-network.org/,"GaN-MN station ELO (South-Brandenburg, Germany); photometric inflection method; night median MSAS=19.25; MSAS at inflection=19.86; depression=11.64°; smoothing=5-pt median; dark rows=1584"
fajr,2023-01-13,06:22,1,51.7667,13.7667,90.0,Globe at Night Monitoring Network (GaN-MN). Continuous SQM-LE sky brightness data. https://globeatnight.org/gan-mn/. Station registry: http://globeatnight-network.org/,"GaN-MN station ELO (South-Brandenburg, Germany); photometric inflection method; night median MSAS=19.57; MSAS at inflection=18.81; depression=15.39°; smoothing=5-pt median; dark rows=1575"
isha,2023-01-13,17:31,1,51.7667,13.7667,90.0,Globe at Night Monitoring Network (GaN-MN). Continuous SQM-LE sky brightness data. https://globeatnight.org/gan-mn/. Station registry: http://globeatnight-network.org/,"GaN-MN station ELO (South-Brandenburg, Germany); photometric inflection method; night median MSAS=20.55; MSAS at inflection=18.60; depression=10.53°; smoothing=5-pt median; dark rows=1578"
fajr,2023-01-14,05:45,1,51.7667,13.7667,90.0,Globe at Night Monitoring Network (GaN-MN). Continuous SQM-LE sky brightness data. https://globeatnight.org/gan-mn/. Station registry: http://globeatnight-network.org/,"GaN-MN station ELO (South-Brandenburg, Germany); photometric inflection method; night median MSAS=20.55; MSAS at inflection=19.27; depression=20.89°; smoothing=5-pt median; dark rows=1578"
fajr,2023-01-15,05:48,1,51.7667,13.7667,90.0,Globe at Night Monitoring Network (GaN-MN). Continuous SQM-LE sky brightness data. https://globeatnight.org/gan-mn/. Station registry: http://globeatnight-network.org/,"GaN-MN station ELO (South-Brandenburg, Germany); photometric inflection method; night median MSAS=20.82; MSAS at inflection=20.00; depression=20.37°; smoothing=5-pt median; dark rows=1542"
isha,2023-01-17,18:40,1,51.7667,13.7667,90.0,Globe at Night Monitoring Network (GaN-MN). Continuous SQM-LE sky brightness data. https://globeatnight.org/gan-mn/. Station registry: http://globeatnight-network.org/,"GaN-MN station ELO (South-Brandenburg, Germany); photometric inflection method; night median MSAS=21.12; MSAS at inflection=21.11; depression=20.00°; smoothing=5-pt median; dark rows=1549"
fajr,2023-01-18,06:02,1,51.7667,13.7667,90.0,Globe at Night Monitoring Network (GaN-MN). Continuous SQM-LE sky brightness data. https://globeatnight.org/gan-mn/. Station registry: http://globeatnight-network.org/,"GaN-MN station ELO (South-Brandenburg, Germany); photometric inflection method; night median MSAS=21.12; MSAS at inflection=20.63; depression=17.99°; smoothing=5-pt median; dark rows=1549"
isha,2023-01-19,18:18,1,51.7667,13.7667,90.0,Globe at Night Monitoring Network (GaN-MN). Continuous SQM-LE sky brightness data. https://globeatnight.org/gan-mn/. Station registry: http://globeatnight-network.org/,"GaN-MN station ELO (South-Brandenburg, Germany); photometric inflection method; night median MSAS=19.12; MSAS at inflection=21.00; depression=16.29°; smoothing=5-pt median; dark rows=1540"
fajr,2023-01-20,06:58,1,51.7667,13.7667,90.0,Globe at Night Monitoring Network (GaN-MN). Continuous SQM-LE sky brightness data. https://globeatnight.org/gan-mn/. Station registry: http://globeatnight-network.org/,"GaN-MN station ELO (South-Brandenburg, Germany); photometric inflection method; night median MSAS=19.12; MSAS at inflection=17.44; depression=9.37°; smoothing=5-pt median; dark rows=1540"
isha,2023-01-20,18:35,1,51.7667,13.7667,90.0,Globe at Night Monitoring Network (GaN-MN). Continuous SQM-LE sky brightness data. https://globeatnight.org/gan-mn/. Station registry: http://globeatnight-network.org/,"GaN-MN station ELO (South-Brandenburg, Germany); photometric inflection method; night median MSAS=19.20; MSAS at inflection=19.40; depression=18.55°; smoothing=5-pt median; dark rows=1536"
isha,2023-01-21,18:48,1,51.7667,13.7667,90.0,Globe at Night Monitoring Network (GaN-MN). Continuous SQM-LE sky brightness data. https://globeatnight.org/gan-mn/. Station registry: http://globeatnight-network.org/,"GaN-MN station ELO (South-Brandenburg, Germany); photometric inflection method; night median MSAS=19.06; MSAS at inflection=18.48; depression=20.34°; smoothing=5-pt median; dark rows=1533"
fajr,2023-01-22,06:59,1,51.7667,13.7667,90.0,Globe at Night Monitoring Network (GaN-MN). Continuous SQM-LE sky brightness data. https://globeatnight.org/gan-mn/. Station registry: http://globeatnight-network.org/,"GaN-MN station ELO (South-Brandenburg, Germany); photometric inflection method; night median MSAS=19.06; MSAS at inflection=17.07; depression=8.96°; smoothing=5-pt median; dark rows=1533"
isha,2023-01-22,18:35,1,51.7667,13.7667,90.0,Globe at Night Monitoring Network (GaN-MN). Continuous SQM-LE sky brightness data. https://globeatnight.org/gan-mn/. Station registry: http://globeatnight-network.org/,"GaN-MN station ELO (South-Brandenburg, Germany); photometric inflection method; night median MSAS=20.22; MSAS at inflection=19.81; depression=18.13°; smoothing=5-pt median; dark rows=1546"
fajr,2023-01-23,06:45,1,51.7667,13.7667,90.0,Globe at Night Monitoring Network (GaN-MN). Continuous SQM-LE sky brightness data. https://globeatnight.org/gan-mn/. Station registry: http://globeatnight-network.org/,"GaN-MN station ELO (South-Brandenburg, Germany); photometric inflection method; night median MSAS=20.22; MSAS at inflection=18.91; depression=10.96°; smoothing=5-pt median; dark rows=1546"
isha,2023-01-24,18:05,1,51.7667,13.7667,90.0,Globe at Night Monitoring Network (GaN-MN). Continuous SQM-LE sky brightness data. https://globeatnight.org/gan-mn/. Station registry: http://globeatnight-network.org/,"GaN-MN station ELO (South-Brandenburg, Germany); photometric inflection method; night median MSAS=20.59; MSAS at inflection=19.97; depression=13.24°; smoothing=5-pt median; dark rows=1527"
isha,2023-01-25,17:45,1,51.7667,13.7667,90.0,Globe at Night Monitoring Network (GaN-MN). Continuous SQM-LE sky brightness data. https://globeatnight.org/gan-mn/. Station registry: http://globeatnight-network.org/,"GaN-MN station ELO (South-Brandenburg, Germany); photometric inflection method; night median MSAS=20.23; MSAS at inflection=18.68; depression=10.00°; smoothing=5-pt median; dark rows=1534"
fajr,2023-01-26,06:20,1,51.7667,13.7667,90.0,Globe at Night Monitoring Network (GaN-MN). Continuous SQM-LE sky brightness data. https://globeatnight.org/gan-mn/. Station registry: http://globeatnight-network.org/,"GaN-MN station ELO (South-Brandenburg, Germany); photometric inflection method; night median MSAS=20.23; MSAS at inflection=18.97; depression=14.10°; smoothing=5-pt median; dark rows=1534"
isha,2023-01-26,18:15,1,51.7667,13.7667,90.0,Globe at Night Monitoring Network (GaN-MN). Continuous SQM-LE sky brightness data. https://globeatnight.org/gan-mn/. Station registry: http://globeatnight-network.org/,"GaN-MN station ELO (South-Brandenburg, Germany); photometric inflection method; night median MSAS=20.35; MSAS at inflection=19.38; depression=14.27°; smoothing=5-pt median; dark rows=1521"
fajr,2023-01-29,06:37,1,51.7667,13.7667,90.0,Globe at Night Monitoring Network (GaN-MN). Continuous SQM-LE sky brightness data. https://globeatnight.org/gan-mn/. Station registry: http://globeatnight-network.org/,"GaN-MN station ELO (South-Brandenburg, Germany); photometric inflection method; night median MSAS=19.92; MSAS at inflection=19.12; depression=11.17°; smoothing=5-pt median; dark rows=1518"
fajr,2023-01-30,06:54,1,51.7667,13.7667,90.0,Globe at Night Monitoring Network (GaN-MN). Continuous SQM-LE sky brightness data. https://globeatnight.org/gan-mn/. Station registry: http://globeatnight-network.org/,"GaN-MN station ELO (South-Brandenburg, Germany); photometric inflection method; night median MSAS=19.32; MSAS at inflection=17.81; depression=8.37°; smoothing=5-pt median; dark rows=1501"
isha,2023-01-30,18:25,1,51.7667,13.7667,90.0,Globe at Night Monitoring Network (GaN-MN). Continuous SQM-LE sky brightness data. https://globeatnight.org/gan-mn/. Station registry: http://globeatnight-network.org/,"GaN-MN station ELO (South-Brandenburg, Germany); photometric inflection method; night median MSAS=20.04; MSAS at inflection=17.88; depression=14.85°; smoothing=5-pt median; dark rows=1494"
fajr,2023-01-31,05:35,1,51.7667,13.7667,90.0,Globe at Night Monitoring Network (GaN-MN). Continuous SQM-LE sky brightness data. https://globeatnight.org/gan-mn/. Station registry: http://globeatnight-network.org/,"GaN-MN station ELO (South-Brandenburg, Germany); photometric inflection method; night median MSAS=20.04; MSAS at inflection=21.10; depression=20.18°; smoothing=5-pt median; dark rows=1494"
isha,2023-01-31,18:26,1,51.7667,13.7667,90.0,Globe at Night Monitoring Network (GaN-MN). Continuous SQM-LE sky brightness data. https://globeatnight.org/gan-mn/. Station registry: http://globeatnight-network.org/,"GaN-MN station ELO (South-Brandenburg, Germany); photometric inflection method; night median MSAS=18.61; MSAS at inflection=18.28; depression=14.83°; smoothing=5-pt median; dark rows=824"
isha,2023-01-14,18:31,8,22.4924,114.1393,20.0,Globe at Night Monitoring Network (GaN-MN). Continuous SQM-LE sky brightness data. https://globeatnight.org/gan-mn/. Station registry: http://globeatnight-network.org/,"GaN-MN station FKYC (Fanling, Hong Kong); photometric inflection method; night median MSAS=17.70; MSAS at inflection=15.25; depression=7.80°; smoothing=5-pt median; dark rows=1403"
fajr,2023-01-23,06:14,8,22.4924,114.1393,20.0,Globe at Night Monitoring Network (GaN-MN). Continuous SQM-LE sky brightness data. https://globeatnight.org/gan-mn/. Station registry: http://globeatnight-network.org/,"GaN-MN station FKYC (Fanling, Hong Kong); photometric inflection method; night median MSAS=18.40; MSAS at inflection=18.41; depression=11.96°; smoothing=5-pt median; dark rows=1392"
fajr,2023-01-03,06:00,-8,34.2994,-116.5056,1325.0,Globe at Night Monitoring Network (GaN-MN). Continuous SQM-LE sky brightness data. https://globeatnight.org/gan-mn/. Station registry: http://globeatnight-network.org/,"GaN-MN station GMARS (Landers, California, USA); photometric inflection method; night median MSAS=17.64; MSAS at inflection=18.44; depression=10.67°; smoothing=5-pt median; dark rows=135"
fajr,2023-01-17,05:40,-8,34.2994,-116.5056,1325.0,Globe at Night Monitoring Network (GaN-MN). Continuous SQM-LE sky brightness data. https://globeatnight.org/gan-mn/. Station registry: http://globeatnight-network.org/,"GaN-MN station GMARS (Landers, California, USA); photometric inflection method; night median MSAS=21.22; MSAS at inflection=19.80; depression=14.66°; smoothing=5-pt median; dark rows=133"
fajr,2023-01-26,05:15,-8,34.2994,-116.5056,1325.0,Globe at Night Monitoring Network (GaN-MN). Continuous SQM-LE sky brightness data. https://globeatnight.org/gan-mn/. Station registry: http://globeatnight-network.org/,"GaN-MN station GMARS (Landers, California, USA); photometric inflection method; night median MSAS=21.29; MSAS at inflection=21.37; depression=19.13°; smoothing=5-pt median; dark rows=131"
fajr,2023-01-27,05:30,-8,34.2994,-116.5056,1325.0,Globe at Night Monitoring Network (GaN-MN). Continuous SQM-LE sky brightness data. https://globeatnight.org/gan-mn/. Station registry: http://globeatnight-network.org/,"GaN-MN station GMARS (Landers, California, USA); photometric inflection method; night median MSAS=21.24; MSAS at inflection=21.21; depression=15.99°; smoothing=5-pt median; dark rows=130"
fajr,2023-01-29,05:50,-8,34.2994,-116.5056,1325.0,Globe at Night Monitoring Network (GaN-MN). Continuous SQM-LE sky brightness data. https://globeatnight.org/gan-mn/. Station registry: http://globeatnight-network.org/,"GaN-MN station GMARS (Landers, California, USA); photometric inflection method; night median MSAS=20.75; MSAS at inflection=19.20; depression=11.75°; smoothing=5-pt median; dark rows=130"
isha,2023-01-02,16:32,1,54.352,18.6466,5.0,Globe at Night Monitoring Network (GaN-MN). Continuous SQM-LE sky brightness data. https://globeatnight.org/gan-mn/. Station registry: http://globeatnight-network.org/,"GaN-MN station GUT (Gdansk University of Technology, Poland); photometric inflection method; night median MSAS=18.04; MSAS at inflection=15.74; depression=8.06°; smoothing=5-pt median; dark rows=795"
fajr,2023-01-03,06:58,1,54.352,18.6466,5.0,Globe at Night Monitoring Network (GaN-MN). Continuous SQM-LE sky brightness data. https://globeatnight.org/gan-mn/. Station registry: http://globeatnight-network.org/,"GaN-MN station GUT (Gdansk University of Technology, Poland); photometric inflection method; night median MSAS=18.04; MSAS at inflection=16.69; depression=8.96°; smoothing=5-pt median; dark rows=795"
isha,2023-01-13,17:53,1,54.352,18.6466,5.0,Globe at Night Monitoring Network (GaN-MN). Continuous SQM-LE sky brightness data. https://globeatnight.org/gan-mn/. Station registry: http://globeatnight-network.org/,"GaN-MN station GUT (Gdansk University of Technology, Poland); photometric inflection method; night median MSAS=17.62; MSAS at inflection=18.08; depression=17.20°; smoothing=5-pt median; dark rows=1241"
fajr,2023-01-14,06:57,1,54.352,18.6466,5.0,Globe at Night Monitoring Network (GaN-MN). Continuous SQM-LE sky brightness data. https://globeatnight.org/gan-mn/. Station registry: http://globeatnight-network.org/,"GaN-MN station GUT (Gdansk University of Technology, Poland); photometric inflection method; night median MSAS=17.62; MSAS at inflection=16.54; depression=8.51°; smoothing=5-pt median; dark rows=1241"
isha,2023-01-15,17:03,1,54.352,18.6466,5.0,Globe at Night Monitoring Network (GaN-MN). Continuous SQM-LE sky brightness data. https://globeatnight.org/gan-mn/. Station registry: http://globeatnight-network.org/,"GaN-MN station GUT (Gdansk University of Technology, Poland); photometric inflection method; night median MSAS=18.56; MSAS at inflection=16.30; depression=9.96°; smoothing=5-pt median; dark rows=1351"
fajr,2023-01-16,06:11,1,54.352,18.6466,5.0,Globe at Night Monitoring Network (GaN-MN). Continuous SQM-LE sky brightness data. https://globeatnight.org/gan-mn/. Station registry: http://globeatnight-network.org/,"GaN-MN station GUT (Gdansk University of Technology, Poland); photometric inflection method; night median MSAS=18.56; MSAS at inflection=18.48; depression=14.65°; smoothing=5-pt median; dark rows=1351"
fajr,2023-01-18,06:51,1,54.352,18.6466,5.0,Globe at Night Monitoring Network (GaN-MN). Continuous SQM-LE sky brightness data. https://globeatnight.org/gan-mn/. Station registry: http://globeatnight-network.org/,"GaN-MN station GUT (Gdansk University of Technology, Poland); photometric inflection method; night median MSAS=18.33; MSAS at inflection=16.36; depression=8.87°; smoothing=5-pt median; dark rows=1260"
isha,2023-01-30,17:34,1,54.352,18.6466,5.0,Globe at Night Monitoring Network (GaN-MN). Continuous SQM-LE sky brightness data. https://globeatnight.org/gan-mn/. Station registry: http://globeatnight-network.org/,"GaN-MN station GUT (Gdansk University of Technology, Poland); photometric inflection method; night median MSAS=18.48; MSAS at inflection=16.89; depression=10.80°; smoothing=5-pt median; dark rows=292"
fajr,2023-01-31,06:35,1,54.352,18.6466,5.0,Globe at Night Monitoring Network (GaN-MN). Continuous SQM-LE sky brightness data. https://globeatnight.org/gan-mn/. Station registry: http://globeatnight-network.org/,"GaN-MN station GUT (Gdansk University of Technology, Poland); photometric inflection method; night median MSAS=18.48; MSAS at inflection=16.73; depression=8.97°; smoothing=5-pt median; dark rows=292"
isha,2023-01-17,19:07,8,22.3719,114.1133,80.0,Globe at Night Monitoring Network (GaN-MN). Continuous SQM-LE sky brightness data. https://globeatnight.org/gan-mn/. Station registry: http://globeatnight-network.org/,"GaN-MN station HKn (Ho Koon, Tsuen Wan, Hong Kong); photometric inflection method; night median MSAS=17.53; MSAS at inflection=15.98; depression=15.30°; smoothing=5-pt median; dark rows=1399"
isha,2023-01-03,18:07,8,24.1488,121.3239,2800.0,Globe at Night Monitoring Network (GaN-MN). Continuous SQM-LE sky brightness data. https://globeatnight.org/gan-mn/. Station registry: http://globeatnight-network.org/,"GaN-MN station Heh (Taroko National Park, Taiwan); photometric inflection method; night median MSAS=17.61; MSAS at inflection=16.69; depression=10.97°; smoothing=5-pt median; dark rows=1423"
fajr,2023-01-11,05:12,8,24.1488,121.3239,2800.0,Globe at Night Monitoring Network (GaN-MN). Continuous SQM-LE sky brightness data. https://globeatnight.org/gan-mn/. Station registry: http://globeatnight-network.org/,"GaN-MN station Heh (Taroko National Park, Taiwan); photometric inflection method; night median MSAS=18.00; MSAS at inflection=17.66; depression=19.58°; smoothing=5-pt median; dark rows=1417"
fajr,2023-01-12,05:52,8,24.1488,121.3239,2800.0,Globe at Night Monitoring Network (GaN-MN). Continuous SQM-LE sky brightness data. https://globeatnight.org/gan-mn/. Station registry: http://globeatnight-network.org/,"GaN-MN station Heh (Taroko National Park, Taiwan); photometric inflection method; night median MSAS=18.23; MSAS at inflection=18.08; depression=10.90°; smoothing=5-pt median; dark rows=1417"
fajr,2023-01-15,05:05,8,24.1488,121.3239,2800.0,Globe at Night Monitoring Network (GaN-MN). Continuous SQM-LE sky brightness data. https://globeatnight.org/gan-mn/. Station registry: http://globeatnight-network.org/,"GaN-MN station Heh (Taroko National Park, Taiwan); photometric inflection method; night median MSAS=21.08; MSAS at inflection=18.95; depression=21.30°; smoothing=5-pt median; dark rows=1413"
isha,2023-01-16,18:48,8,24.1488,121.3239,2800.0,Globe at Night Monitoring Network (GaN-MN). Continuous SQM-LE sky brightness data. https://globeatnight.org/gan-mn/. Station registry: http://globeatnight-network.org/,"GaN-MN station Heh (Taroko National Park, Taiwan); photometric inflection method; night median MSAS=21.26; MSAS at inflection=21.27; depression=18.04°; smoothing=5-pt median; dark rows=1410"
isha,2023-01-19,18:36,8,24.1488,121.3239,2800.0,Globe at Night Monitoring Network (GaN-MN). Continuous SQM-LE sky brightness data. https://globeatnight.org/gan-mn/. Station registry: http://globeatnight-network.org/,"GaN-MN station Heh (Taroko National Park, Taiwan); photometric inflection method; night median MSAS=21.47; MSAS at inflection=20.99; depression=15.04°; smoothing=5-pt median; dark rows=1407"
fajr,2023-01-23,05:31,8,24.1488,121.3239,2800.0,Globe at Night Monitoring Network (GaN-MN). Continuous SQM-LE sky brightness data. https://globeatnight.org/gan-mn/. Station registry: http://globeatnight-network.org/,"GaN-MN station Heh (Taroko National Park, Taiwan); photometric inflection method; night median MSAS=21.44; MSAS at inflection=21.38; depression=15.51°; smoothing=5-pt median; dark rows=1401"
fajr,2023-01-24,05:47,8,24.1488,121.3239,2800.0,Globe at Night Monitoring Network (GaN-MN). Continuous SQM-LE sky brightness data. https://globeatnight.org/gan-mn/. Station registry: http://globeatnight-network.org/,"GaN-MN station Heh (Taroko National Park, Taiwan); photometric inflection method; night median MSAS=21.47; MSAS at inflection=19.69; depression=11.96°; smoothing=5-pt median; dark rows=1400"
fajr,2023-01-26,05:31,8,24.1488,121.3239,2800.0,Globe at Night Monitoring Network (GaN-MN). Continuous SQM-LE sky brightness data. https://globeatnight.org/gan-mn/. Station registry: http://globeatnight-network.org/,"GaN-MN station Heh (Taroko National Park, Taiwan); photometric inflection method; night median MSAS=21.43; MSAS at inflection=21.43; depression=15.37°; smoothing=5-pt median; dark rows=1396"
fajr,2023-01-28,05:24,8,24.1488,121.3239,2800.0,Globe at Night Monitoring Network (GaN-MN). Continuous SQM-LE sky brightness data. https://globeatnight.org/gan-mn/. Station registry: http://globeatnight-network.org/,"GaN-MN station Heh (Taroko National Park, Taiwan); photometric inflection method; night median MSAS=20.73; MSAS at inflection=21.35; depression=16.86°; smoothing=5-pt median; dark rows=1394"
fajr,2023-02-01,05:25,8,24.1488,121.3239,2800.0,Globe at Night Monitoring Network (GaN-MN). Continuous SQM-LE sky brightness data. https://globeatnight.org/gan-mn/. Station registry: http://globeatnight-network.org/,"GaN-MN station Heh (Taroko National Park, Taiwan); photometric inflection method; night median MSAS=19.94; MSAS at inflection=21.59; depression=16.39°; smoothing=5-pt median; dark rows=1386"
fajr,2023-01-02,05:54,7,18.549,98.487,2565.0,Globe at Night Monitoring Network (GaN-MN). Continuous SQM-LE sky brightness data. https://globeatnight.org/gan-mn/. Station registry: http://globeatnight-network.org/,"GaN-MN station ISTC (Inthanon Mountain, Thailand); photometric inflection method; night median MSAS=18.51; MSAS at inflection=18.67; depression=15.02°; smoothing=5-pt median; dark rows=1389"
isha,2023-01-21,19:38,7,18.549,98.487,2565.0,Globe at Night Monitoring Network (GaN-MN). Continuous SQM-LE sky brightness data. https://globeatnight.org/gan-mn/. Station registry: http://globeatnight-network.org/,"GaN-MN station ISTC (Inthanon Mountain, Thailand); photometric inflection method; night median MSAS=19.49; MSAS at inflection=19.00; depression=20.04°; smoothing=5-pt median; dark rows=1372"
fajr,2023-02-01,06:28,8,22.4958,114.0322,3.0,Globe at Night Monitoring Network (GaN-MN). Continuous SQM-LE sky brightness data. https://globeatnight.org/gan-mn/. Station registry: http://globeatnight-network.org/,"GaN-MN station MP (Mai Po Nature Reserve, Hong Kong); photometric inflection method; night median MSAS=17.54; MSAS at inflection=15.58; depression=8.48°; smoothing=5-pt median; dark rows=1377"
isha,2023-01-01,20:29,2,-24.9667,15.95,1250.0,Globe at Night Monitoring Network (GaN-MN). Continuous SQM-LE sky brightness data. https://globeatnight.org/gan-mn/. Station registry: http://globeatnight-network.org/,"GaN-MN station Nrnr (NamibRand Nature Reserve, Namibia); photometric inflection method; night median MSAS=19.32; MSAS at inflection=17.24; depression=8.80°; smoothing=5-pt median; dark rows=106"
fajr,2023-01-02,05:29,2,-24.9667,15.95,1250.0,Globe at Night Monitoring Network (GaN-MN). Continuous SQM-LE sky brightness data. https://globeatnight.org/gan-mn/. Station registry: http://globeatnight-network.org/,"GaN-MN station Nrnr (NamibRand Nature Reserve, Namibia); photometric inflection method; night median MSAS=19.32; MSAS at inflection=17.11; depression=9.04°; smoothing=5-pt median; dark rows=106"
fajr,2023-01-04,05:29,2,-24.9667,15.95,1250.0,Globe at Night Monitoring Network (GaN-MN). Continuous SQM-LE sky brightness data. https://globeatnight.org/gan-mn/. Station registry: http://globeatnight-network.org/,"GaN-MN station Nrnr (NamibRand Nature Reserve, Namibia); photometric inflection method; night median MSAS=18.52; MSAS at inflection=17.40; depression=9.30°; smoothing=5-pt median; dark rows=106"
isha,2023-01-05,20:34,2,-24.9667,15.95,1250.0,Globe at Night Monitoring Network (GaN-MN). Continuous SQM-LE sky brightness data. https://globeatnight.org/gan-mn/. Station registry: http://globeatnight-network.org/,"GaN-MN station Nrnr (NamibRand Nature Reserve, Namibia); photometric inflection method; night median MSAS=18.94; MSAS at inflection=17.09; depression=9.68°; smoothing=5-pt median; dark rows=106"
fajr,2023-01-06,04:29,2,-24.9667,15.95,1250.0,Globe at Night Monitoring Network (GaN-MN). Continuous SQM-LE sky brightness data. https://globeatnight.org/gan-mn/. Station registry: http://globeatnight-network.org/,"GaN-MN station Nrnr (NamibRand Nature Reserve, Namibia); photometric inflection method; night median MSAS=18.94; MSAS at inflection=20.18; depression=20.76°; smoothing=5-pt median; dark rows=106"
isha,2023-01-06,20:44,2,-24.9667,15.95,1250.0,Globe at Night Monitoring Network (GaN-MN). Continuous SQM-LE sky brightness data. https://globeatnight.org/gan-mn/. Station registry: http://globeatnight-network.org/,"GaN-MN station Nrnr (NamibRand Nature Reserve, Namibia); photometric inflection method; night median MSAS=18.64; MSAS at inflection=18.59; depression=11.61°; smoothing=5-pt median; dark rows=106"
fajr,2023-01-08,05:14,2,-24.9667,15.95,1250.0,Globe at Night Monitoring Network (GaN-MN). Continuous SQM-LE sky brightness data. https://globeatnight.org/gan-mn/. Station registry: http://globeatnight-network.org/,"GaN-MN station Nrnr (NamibRand Nature Reserve, Namibia); photometric inflection method; night median MSAS=18.88; MSAS at inflection=18.88; depression=12.76°; smoothing=5-pt median; dark rows=106"
isha,2023-01-08,20:39,2,-24.9667,15.95,1250.0,Globe at Night Monitoring Network (GaN-MN). Continuous SQM-LE sky brightness data. https://globeatnight.org/gan-mn/. Station registry: http://globeatnight-network.org/,"GaN-MN station Nrnr (NamibRand Nature Reserve, Namibia); photometric inflection method; night median MSAS=18.93; MSAS at inflection=18.44; depression=10.63°; smoothing=5-pt median; dark rows=107"
fajr,2023-01-10,05:14,2,-24.9667,15.95,1250.0,Globe at Night Monitoring Network (GaN-MN). Continuous SQM-LE sky brightness data. https://globeatnight.org/gan-mn/. Station registry: http://globeatnight-network.org/,"GaN-MN station Nrnr (NamibRand Nature Reserve, Namibia); photometric inflection method; night median MSAS=18.89; MSAS at inflection=17.71; depression=13.06°; smoothing=5-pt median; dark rows=107"
isha,2023-01-11,20:44,2,-24.9667,15.95,1250.0,Globe at Night Monitoring Network (GaN-MN). Continuous SQM-LE sky brightness data. https://globeatnight.org/gan-mn/. Station registry: http://globeatnight-network.org/,"GaN-MN station Nrnr (NamibRand Nature Reserve, Namibia); photometric inflection method; night median MSAS=20.01; MSAS at inflection=19.16; depression=11.63°; smoothing=5-pt median; dark rows=99"
fajr,2023-01-20,04:54,2,-24.9667,15.95,1250.0,Globe at Night Monitoring Network (GaN-MN). Continuous SQM-LE sky brightness data. https://globeatnight.org/gan-mn/. Station registry: http://globeatnight-network.org/,"GaN-MN station Nrnr (NamibRand Nature Reserve, Namibia); photometric inflection method; night median MSAS=22.11; MSAS at inflection=22.00; depression=18.64°; smoothing=5-pt median; dark rows=102"
isha,2023-01-20,21:24,2,-24.9667,15.95,1250.0,Globe at Night Monitoring Network (GaN-MN). Continuous SQM-LE sky brightness data. https://globeatnight.org/gan-mn/. Station registry: http://globeatnight-network.org/,"GaN-MN station Nrnr (NamibRand Nature Reserve, Namibia); photometric inflection method; night median MSAS=22.10; MSAS at inflection=22.03; depression=19.59°; smoothing=5-pt median; dark rows=96"
isha,2023-01-23,20:48,2,-24.9667,15.95,1250.0,Globe at Night Monitoring Network (GaN-MN). Continuous SQM-LE sky brightness data. https://globeatnight.org/gan-mn/. Station registry: http://globeatnight-network.org/,"GaN-MN station Nrnr (NamibRand Nature Reserve, Namibia); photometric inflection method; night median MSAS=22.09; MSAS at inflection=20.43; depression=12.92°; smoothing=5-pt median; dark rows=109"
fajr,2023-01-24,05:28,2,-24.9667,15.95,1250.0,Globe at Night Monitoring Network (GaN-MN). Continuous SQM-LE sky brightness data. https://globeatnight.org/gan-mn/. Station registry: http://globeatnight-network.org/,"GaN-MN station Nrnr (NamibRand Nature Reserve, Namibia); photometric inflection method; night median MSAS=22.09; MSAS at inflection=20.69; depression=12.74°; smoothing=5-pt median; dark rows=109"
fajr,2023-01-27,05:23,2,-24.9667,15.95,1250.0,Globe at Night Monitoring Network (GaN-MN). Continuous SQM-LE sky brightness data. https://globeatnight.org/gan-mn/. Station registry: http://globeatnight-network.org/,"GaN-MN station Nrnr (NamibRand Nature Reserve, Namibia); photometric inflection method; night median MSAS=22.23; MSAS at inflection=21.60; depression=14.24°; smoothing=5-pt median; dark rows=110"
isha,2023-01-27,20:48,2,-24.9667,15.95,1250.0,Globe at Night Monitoring Network (GaN-MN). Continuous SQM-LE sky brightness data. https://globeatnight.org/gan-mn/. Station registry: http://globeatnight-network.org/,"GaN-MN station Nrnr (NamibRand Nature Reserve, Namibia); photometric inflection method; night median MSAS=22.07; MSAS at inflection=20.01; depression=13.31°; smoothing=5-pt median; dark rows=111"
isha,2023-01-28,21:18,2,-24.9667,15.95,1250.0,Globe at Night Monitoring Network (GaN-MN). Continuous SQM-LE sky brightness data. https://globeatnight.org/gan-mn/. Station registry: http://globeatnight-network.org/,"GaN-MN station Nrnr (NamibRand Nature Reserve, Namibia); photometric inflection method; night median MSAS=21.98; MSAS at inflection=20.38; depression=19.34°; smoothing=5-pt median; dark rows=111"
isha,2023-01-30,20:43,2,-24.9667,15.95,1250.0,Globe at Night Monitoring Network (GaN-MN). Continuous SQM-LE sky brightness data. https://globeatnight.org/gan-mn/. Station registry: http://globeatnight-network.org/,"GaN-MN station Nrnr (NamibRand Nature Reserve, Namibia); photometric inflection method; night median MSAS=21.08; MSAS at inflection=19.03; depression=12.65°; smoothing=5-pt median; dark rows=111"
isha,2023-01-03,01:41,13,-45.0966,170.9694,30.0,Globe at Night Monitoring Network (GaN-MN). Continuous SQM-LE sky brightness data. https://globeatnight.org/gan-mn/. Station registry: http://globeatnight-network.org/,"GaN-MN station Oam (Oamaru, South Island, New Zealand); photometric inflection method; night median MSAS=19.71; MSAS at inflection=19.81; depression=21.99°; smoothing=5-pt median; dark rows=741"
fajr,2023-01-03,01:41,13,-45.0966,170.9694,30.0,Globe at Night Monitoring Network (GaN-MN). Continuous SQM-LE sky brightness data. https://globeatnight.org/gan-mn/. Station registry: http://globeatnight-network.org/,"GaN-MN station Oam (Oamaru, South Island, New Zealand); photometric inflection method; night median MSAS=19.71; MSAS at inflection=19.81; depression=21.99°; smoothing=5-pt median; dark rows=741"
isha,2023-01-05,00:09,13,-45.0966,170.9694,30.0,Globe at Night Monitoring Network (GaN-MN). Continuous SQM-LE sky brightness data. https://globeatnight.org/gan-mn/. Station registry: http://globeatnight-network.org/,"GaN-MN station Oam (Oamaru, South Island, New Zealand); photometric inflection method; night median MSAS=18.67; MSAS at inflection=17.97; depression=19.08°; smoothing=5-pt median; dark rows=746"
isha,2023-01-09,23:46,13,-45.0966,170.9694,30.0,Globe at Night Monitoring Network (GaN-MN). Continuous SQM-LE sky brightness data. https://globeatnight.org/gan-mn/. Station registry: http://globeatnight-network.org/,"GaN-MN station Oam (Oamaru, South Island, New Zealand); photometric inflection method; night median MSAS=19.28; MSAS at inflection=19.99; depression=17.73°; smoothing=5-pt median; dark rows=764"
isha,2023-01-17,00:31,13,-45.0966,170.9694,30.0,Globe at Night Monitoring Network (GaN-MN). Continuous SQM-LE sky brightness data. https://globeatnight.org/gan-mn/. Station registry: http://globeatnight-network.org/,"GaN-MN station Oam (Oamaru, South Island, New Zealand); photometric inflection method; night median MSAS=20.44; MSAS at inflection=20.52; depression=21.86°; smoothing=5-pt median; dark rows=795"
isha,2023-01-23,22:28,13,-45.0966,170.9694,30.0,Globe at Night Monitoring Network (GaN-MN). Continuous SQM-LE sky brightness data. https://globeatnight.org/gan-mn/. Station registry: http://globeatnight-network.org/,"GaN-MN station Oam (Oamaru, South Island, New Zealand); photometric inflection method; night median MSAS=18.48; MSAS at inflection=17.56; depression=11.13°; smoothing=5-pt median; dark rows=833"
fajr,2023-01-01,04:09,-3,-22.2803,-46.3647,870.0,Globe at Night Monitoring Network (GaN-MN). Continuous SQM-LE sky brightness data. https://globeatnight.org/gan-mn/. Station registry: http://globeatnight-network.org/,"GaN-MN station PAOF (Ouro Fino, MG, Brazil); photometric inflection method; night median MSAS=20.20; MSAS at inflection=20.81; depression=16.02°; smoothing=5-pt median; dark rows=570"
isha,2023-01-01,19:47,-3,-22.2803,-46.3647,870.0,Globe at Night Monitoring Network (GaN-MN). Continuous SQM-LE sky brightness data. https://globeatnight.org/gan-mn/. Station registry: http://globeatnight-network.org/,"GaN-MN station PAOF (Ouro Fino, MG, Brazil); photometric inflection method; night median MSAS=19.80; MSAS at inflection=17.85; depression=11.90°; smoothing=5-pt median; dark rows=671"
fajr,2023-01-03,04:43,-3,-22.2803,-46.3647,870.0,Globe at Night Monitoring Network (GaN-MN). Continuous SQM-LE sky brightness data. https://globeatnight.org/gan-mn/. Station registry: http://globeatnight-network.org/,"GaN-MN station PAOF (Ouro Fino, MG, Brazil); photometric inflection method; night median MSAS=19.57; MSAS at inflection=17.48; depression=9.61°; smoothing=5-pt median; dark rows=677"
fajr,2023-01-05,04:52,-3,-22.2803,-46.3647,870.0,Globe at Night Monitoring Network (GaN-MN). Continuous SQM-LE sky brightness data. https://globeatnight.org/gan-mn/. Station registry: http://globeatnight-network.org/,"GaN-MN station PAOF (Ouro Fino, MG, Brazil); photometric inflection method; night median MSAS=18.42; MSAS at inflection=17.81; depression=8.07°; smoothing=5-pt median; dark rows=670"
isha,2023-01-05,20:19,-3,-22.2803,-46.3647,870.0,Globe at Night Monitoring Network (GaN-MN). Continuous SQM-LE sky brightness data. https://globeatnight.org/gan-mn/. Station registry: http://globeatnight-network.org/,"GaN-MN station PAOF (Ouro Fino, MG, Brazil); photometric inflection method; night median MSAS=17.85; MSAS at inflection=17.81; depression=17.97°; smoothing=5-pt median; dark rows=674"
fajr,2023-01-06,04:32,-3,-22.2803,-46.3647,870.0,Globe at Night Monitoring Network (GaN-MN). Continuous SQM-LE sky brightness data. https://globeatnight.org/gan-mn/. Station registry: http://globeatnight-network.org/,"GaN-MN station PAOF (Ouro Fino, MG, Brazil); photometric inflection method; night median MSAS=17.85; MSAS at inflection=19.50; depression=12.29°; smoothing=5-pt median; dark rows=674"
fajr,2023-01-07,03:51,-3,-22.2803,-46.3647,870.0,Globe at Night Monitoring Network (GaN-MN). Continuous SQM-LE sky brightness data. https://globeatnight.org/gan-mn/. Station registry: http://globeatnight-network.org/,"GaN-MN station PAOF (Ouro Fino, MG, Brazil); photometric inflection method; night median MSAS=17.56; MSAS at inflection=18.43; depression=20.28°; smoothing=5-pt median; dark rows=677"
isha,2023-01-07,20:02,-3,-22.2803,-46.3647,870.0,Globe at Night Monitoring Network (GaN-MN). Continuous SQM-LE sky brightness data. https://globeatnight.org/gan-mn/. Station registry: http://globeatnight-network.org/,"GaN-MN station PAOF (Ouro Fino, MG, Brazil); photometric inflection method; night median MSAS=17.61; MSAS at inflection=19.67; depression=14.74°; smoothing=5-pt median; dark rows=674"
fajr,2023-01-08,04:59,-3,-22.2803,-46.3647,870.0,Globe at Night Monitoring Network (GaN-MN). Continuous SQM-LE sky brightness data. https://globeatnight.org/gan-mn/. Station registry: http://globeatnight-network.org/,"GaN-MN station PAOF (Ouro Fino, MG, Brazil); photometric inflection method; night median MSAS=17.61; MSAS at inflection=15.27; depression=7.05°; smoothing=5-pt median; dark rows=674"
isha,2023-01-08,19:44,-3,-22.2803,-46.3647,870.0,Globe at Night Monitoring Network (GaN-MN). Continuous SQM-LE sky brightness data. https://globeatnight.org/gan-mn/. Station registry: http://globeatnight-network.org/,"GaN-MN station PAOF (Ouro Fino, MG, Brazil); photometric inflection method; night median MSAS=18.08; MSAS at inflection=19.50; depression=11.11°; smoothing=5-pt median; dark rows=677"
fajr,2023-01-09,04:29,-3,-22.2803,-46.3647,870.0,Globe at Night Monitoring Network (GaN-MN). Continuous SQM-LE sky brightness data. https://globeatnight.org/gan-mn/. Station registry: http://globeatnight-network.org/,"GaN-MN station PAOF (Ouro Fino, MG, Brazil); photometric inflection method; night median MSAS=18.08; MSAS at inflection=18.43; depression=13.31°; smoothing=5-pt median; dark rows=677"
isha,2023-01-09,20:24,-3,-22.2803,-46.3647,870.0,Globe at Night Monitoring Network (GaN-MN). Continuous SQM-LE sky brightness data. https://globeatnight.org/gan-mn/. Station registry: http://globeatnight-network.org/,"GaN-MN station PAOF (Ouro Fino, MG, Brazil); photometric inflection method; night median MSAS=19.40; MSAS at inflection=21.52; depression=18.99°; smoothing=5-pt median; dark rows=679"
fajr,2023-01-10,04:43,-3,-22.2803,-46.3647,870.0,Globe at Night Monitoring Network (GaN-MN). Continuous SQM-LE sky brightness data. https://globeatnight.org/gan-mn/. Station registry: http://globeatnight-network.org/,"GaN-MN station PAOF (Ouro Fino, MG, Brazil); photometric inflection method; night median MSAS=19.40; MSAS at inflection=18.93; depression=10.68°; smoothing=5-pt median; dark rows=679"
isha,2023-01-10,19:37,-3,-22.2803,-46.3647,870.0,Globe at Night Monitoring Network (GaN-MN). Continuous SQM-LE sky brightness data. https://globeatnight.org/gan-mn/. Station registry: http://globeatnight-network.org/,"GaN-MN station PAOF (Ouro Fino, MG, Brazil); photometric inflection method; night median MSAS=18.63; MSAS at inflection=18.19; depression=9.72°; smoothing=5-pt median; dark rows=679"
fajr,2023-01-11,04:44,-3,-22.2803,-46.3647,870.0,Globe at Night Monitoring Network (GaN-MN). Continuous SQM-LE sky brightness data. https://globeatnight.org/gan-mn/. Station registry: http://globeatnight-network.org/,"GaN-MN station PAOF (Ouro Fino, MG, Brazil); photometric inflection method; night median MSAS=18.63; MSAS at inflection=18.23; depression=10.48°; smoothing=5-pt median; dark rows=679"
fajr,2023-01-12,04:32,-3,-22.2803,-46.3647,870.0,Globe at Night Monitoring Network (GaN-MN). Continuous SQM-LE sky brightness data. https://globeatnight.org/gan-mn/. Station registry: http://globeatnight-network.org/,"GaN-MN station PAOF (Ouro Fino, MG, Brazil); photometric inflection method; night median MSAS=19.47; MSAS at inflection=17.84; depression=13.12°; smoothing=5-pt median; dark rows=680"
isha,2023-01-12,19:43,-3,-22.2803,-46.3647,870.0,Globe at Night Monitoring Network (GaN-MN). Continuous SQM-LE sky brightness data. https://globeatnight.org/gan-mn/. Station registry: http://globeatnight-network.org/,"GaN-MN station PAOF (Ouro Fino, MG, Brazil); photometric inflection method; night median MSAS=20.02; MSAS at inflection=18.95; depression=10.92°; smoothing=5-pt median; dark rows=680"
fajr,2023-01-13,04:50,-3,-22.2803,-46.3647,870.0,Globe at Night Monitoring Network (GaN-MN). Continuous SQM-LE sky brightness data. https://globeatnight.org/gan-mn/. Station registry: http://globeatnight-network.org/,"GaN-MN station PAOF (Ouro Fino, MG, Brazil); photometric inflection method; night median MSAS=20.02; MSAS at inflection=17.72; depression=9.65°; smoothing=5-pt median; dark rows=680"
isha,2023-01-14,19:39,-3,-22.2803,-46.3647,870.0,Globe at Night Monitoring Network (GaN-MN). Continuous SQM-LE sky brightness data. https://globeatnight.org/gan-mn/. Station registry: http://globeatnight-network.org/,"GaN-MN station PAOF (Ouro Fino, MG, Brazil); photometric inflection method; night median MSAS=20.10; MSAS at inflection=20.05; depression=10.11°; smoothing=5-pt median; dark rows=683"
fajr,2023-01-15,03:54,-3,-22.2803,-46.3647,870.0,Globe at Night Monitoring Network (GaN-MN). Continuous SQM-LE sky brightness data. https://globeatnight.org/gan-mn/. Station registry: http://globeatnight-network.org/,"GaN-MN station PAOF (Ouro Fino, MG, Brazil); photometric inflection method; night median MSAS=20.10; MSAS at inflection=19.53; depression=21.02°; smoothing=5-pt median; dark rows=683"
isha,2023-01-15,20:17,-3,-22.2803,-46.3647,870.0,Globe at Night Monitoring Network (GaN-MN). Continuous SQM-LE sky brightness data. https://globeatnight.org/gan-mn/. Station registry: http://globeatnight-network.org/,"GaN-MN station PAOF (Ouro Fino, MG, Brazil); photometric inflection method; night median MSAS=20.52; MSAS at inflection=20.34; depression=17.64°; smoothing=5-pt median; dark rows=683"
isha,2023-01-16,19:33,-3,-22.2803,-46.3647,870.0,Globe at Night Monitoring Network (GaN-MN). Continuous SQM-LE sky brightness data. https://globeatnight.org/gan-mn/. Station registry: http://globeatnight-network.org/,"GaN-MN station PAOF (Ouro Fino, MG, Brazil); photometric inflection method; night median MSAS=21.07; MSAS at inflection=20.13; depression=8.85°; smoothing=5-pt median; dark rows=688"
isha,2023-01-18,19:38,-3,-22.2803,-46.3647,870.0,Globe at Night Monitoring Network (GaN-MN). Continuous SQM-LE sky brightness data. https://globeatnight.org/gan-mn/. Station registry: http://globeatnight-network.org/,"GaN-MN station PAOF (Ouro Fino, MG, Brazil); photometric inflection method; night median MSAS=21.12; MSAS at inflection=18.64; depression=10.06°; smoothing=5-pt median; dark rows=690"
fajr,2023-01-19,04:04,-3,-22.2803,-46.3647,870.0,Globe at Night Monitoring Network (GaN-MN). Continuous SQM-LE sky brightness data. https://globeatnight.org/gan-mn/. Station registry: http://globeatnight-network.org/,"GaN-MN station PAOF (Ouro Fino, MG, Brazil); photometric inflection method; night median MSAS=21.12; MSAS at inflection=21.30; depression=19.84°; smoothing=5-pt median; dark rows=690"
isha,2023-01-01,18:36,8,22.2328,113.9007,15.0,Globe at Night Monitoring Network (GaN-MN). Continuous SQM-LE sky brightness data. https://globeatnight.org/gan-mn/. Station registry: http://globeatnight-network.org/,"GaN-MN station SH (Shek Pik, Lantau Island, Hong Kong); photometric inflection method; night median MSAS=18.01; MSAS at inflection=17.01; depression=10.33°; smoothing=5-pt median; dark rows=1409"
fajr,2023-01-15,06:32,8,22.4806,114.0194,5.0,Globe at Night Monitoring Network (GaN-MN). Continuous SQM-LE sky brightness data. https://globeatnight.org/gan-mn/. Station registry: http://globeatnight-network.org/,"GaN-MN station TBT (Tsim Bei Tsui, Yuen Long, Hong Kong); photometric inflection method; night median MSAS=18.60; MSAS at inflection=17.76; depression=8.04°; smoothing=5-pt median; dark rows=1404"
fajr,2023-01-19,06:27,8,22.4806,114.0194,5.0,Globe at Night Monitoring Network (GaN-MN). Continuous SQM-LE sky brightness data. https://globeatnight.org/gan-mn/. Station registry: http://globeatnight-network.org/,"GaN-MN station TBT (Tsim Bei Tsui, Yuen Long, Hong Kong); photometric inflection method; night median MSAS=19.04; MSAS at inflection=17.22; depression=9.17°; smoothing=5-pt median; dark rows=1398"
fajr,2023-01-20,05:31,8,22.4806,114.0194,5.0,Globe at Night Monitoring Network (GaN-MN). Continuous SQM-LE sky brightness data. https://globeatnight.org/gan-mn/. Station registry: http://globeatnight-network.org/,"GaN-MN station TBT (Tsim Bei Tsui, Yuen Long, Hong Kong); photometric inflection method; night median MSAS=17.72; MSAS at inflection=17.61; depression=21.60°; smoothing=5-pt median; dark rows=1397"
isha,2023-01-24,18:54,8,22.4806,114.0194,5.0,Globe at Night Monitoring Network (GaN-MN). Continuous SQM-LE sky brightness data. https://globeatnight.org/gan-mn/. Station registry: http://globeatnight-network.org/,"GaN-MN station TBT (Tsim Bei Tsui, Yuen Long, Hong Kong); photometric inflection method; night median MSAS=17.77; MSAS at inflection=18.03; depression=11.44°; smoothing=5-pt median; dark rows=1389"
fajr,2023-01-25,06:00,8,22.4806,114.0194,5.0,Globe at Night Monitoring Network (GaN-MN). Continuous SQM-LE sky brightness data. https://globeatnight.org/gan-mn/. Station registry: http://globeatnight-network.org/,"GaN-MN station TBT (Tsim Bei Tsui, Yuen Long, Hong Kong); photometric inflection method; night median MSAS=17.77; MSAS at inflection=17.71; depression=15.08°; smoothing=5-pt median; dark rows=1389"
fajr,2023-01-31,05:40,8,22.4806,114.0194,5.0,Globe at Night Monitoring Network (GaN-MN). Continuous SQM-LE sky brightness data. https://globeatnight.org/gan-mn/. Station registry: http://globeatnight-network.org/,"GaN-MN station TBT (Tsim Bei Tsui, Yuen Long, Hong Kong); photometric inflection method; night median MSAS=18.88; MSAS at inflection=19.24; depression=19.36°; smoothing=5-pt median; dark rows=1380"
fajr,2023-01-05,06:01,-8,32.6736,-116.5311,1220.0,Globe at Night Monitoring Network (GaN-MN). Continuous SQM-LE sky brightness data. https://globeatnight.org/gan-mn/. Station registry: http://globeatnight-network.org/,"GaN-MN station TSO (Tierra del Sol, San Diego, California, USA); photometric inflection method; night median MSAS=17.50; MSAS at inflection=18.04; depression=10.00°; smoothing=5-pt median; dark rows=641"
fajr,2023-01-10,05:07,-8,32.6736,-116.5311,1220.0,Globe at Night Monitoring Network (GaN-MN). Continuous SQM-LE sky brightness data. https://globeatnight.org/gan-mn/. Station registry: http://globeatnight-network.org/,"GaN-MN station TSO (Tierra del Sol, San Diego, California, USA); photometric inflection method; night median MSAS=17.76; MSAS at inflection=17.82; depression=21.03°; smoothing=5-pt median; dark rows=638"
fajr,2023-01-14,05:31,-8,32.6736,-116.5311,1220.0,Globe at Night Monitoring Network (GaN-MN). Continuous SQM-LE sky brightness data. https://globeatnight.org/gan-mn/. Station registry: http://globeatnight-network.org/,"GaN-MN station TSO (Tierra del Sol, San Diego, California, USA); photometric inflection method; night median MSAS=19.98; MSAS at inflection=19.04; depression=15.98°; smoothing=5-pt median; dark rows=634"
fajr,2023-01-17,05:07,-8,32.6736,-116.5311,1220.0,Globe at Night Monitoring Network (GaN-MN). Continuous SQM-LE sky brightness data. https://globeatnight.org/gan-mn/. Station registry: http://globeatnight-network.org/,"GaN-MN station TSO (Tierra del Sol, San Diego, California, USA); photometric inflection method; night median MSAS=21.05; MSAS at inflection=20.26; depression=20.87°; smoothing=5-pt median; dark rows=632"
fajr,2023-01-23,05:52,-8,32.6736,-116.5311,1220.0,Globe at Night Monitoring Network (GaN-MN). Continuous SQM-LE sky brightness data. https://globeatnight.org/gan-mn/. Station registry: http://globeatnight-network.org/,"GaN-MN station TSO (Tierra del Sol, San Diego, California, USA); photometric inflection method; night median MSAS=21.55; MSAS at inflection=19.66; depression=11.47°; smoothing=5-pt median; dark rows=626"
fajr,2023-01-30,05:56,-8,32.6736,-116.5311,1220.0,Globe at Night Monitoring Network (GaN-MN). Continuous SQM-LE sky brightness data. https://globeatnight.org/gan-mn/. Station registry: http://globeatnight-network.org/,"GaN-MN station TSO (Tierra del Sol, San Diego, California, USA); photometric inflection method; night median MSAS=20.08; MSAS at inflection=17.85; depression=9.91°; smoothing=5-pt median; dark rows=615"
fajr,2023-01-31,05:56,-8,32.6736,-116.5311,1220.0,Globe at Night Monitoring Network (GaN-MN). Continuous SQM-LE sky brightness data. https://globeatnight.org/gan-mn/. Station registry: http://globeatnight-network.org/,"GaN-MN station TSO (Tierra del Sol, San Diego, California, USA); photometric inflection method; night median MSAS=19.66; MSAS at inflection=17.29; depression=9.81°; smoothing=5-pt median; dark rows=613"
fajr,2023-01-01,21:37,11,-36.8983,149.9044,30.0,Globe at Night Monitoring Network (GaN-MN). Continuous SQM-LE sky brightness data. https://globeatnight.org/gan-mn/. Station registry: http://globeatnight-network.org/,"GaN-MN station Tura (Merimbula, New South Wales, Australia); photometric inflection method; night median MSAS=18.69; MSAS at inflection=18.54; depression=12.91°; smoothing=5-pt median; dark rows=44"
fajr,2023-01-05,04:42,11,-36.8983,149.9044,30.0,Globe at Night Monitoring Network (GaN-MN). Continuous SQM-LE sky brightness data. https://globeatnight.org/gan-mn/. Station registry: http://globeatnight-network.org/,"GaN-MN station Tura (Merimbula, New South Wales, Australia); photometric inflection method; night median MSAS=19.44; MSAS at inflection=20.28; depression=11.47°; smoothing=5-pt median; dark rows=379"
isha,2023-01-06,21:46,11,-36.8983,149.9044,30.0,Globe at Night Monitoring Network (GaN-MN). Continuous SQM-LE sky brightness data. https://globeatnight.org/gan-mn/. Station registry: http://globeatnight-network.org/,"GaN-MN station Tura (Merimbula, New South Wales, Australia); photometric inflection method; night median MSAS=18.63; MSAS at inflection=18.99; depression=14.23°; smoothing=5-pt median; dark rows=444"
fajr,2023-01-07,05:04,11,-36.8983,149.9044,30.0,Globe at Night Monitoring Network (GaN-MN). Continuous SQM-LE sky brightness data. https://globeatnight.org/gan-mn/. Station registry: http://globeatnight-network.org/,"GaN-MN station Tura (Merimbula, New South Wales, Australia); photometric inflection method; night median MSAS=18.63; MSAS at inflection=17.31; depression=8.32°; smoothing=5-pt median; dark rows=444"
isha,2023-01-07,21:07,11,-36.8983,149.9044,30.0,Globe at Night Monitoring Network (GaN-MN). Continuous SQM-LE sky brightness data. https://globeatnight.org/gan-mn/. Station registry: http://globeatnight-network.org/,"GaN-MN station Tura (Merimbula, New South Wales, Australia); photometric inflection method; night median MSAS=18.64; MSAS at inflection=16.22; depression=8.32°; smoothing=5-pt median; dark rows=443"
fajr,2023-01-08,04:48,11,-36.8983,149.9044,30.0,Globe at Night Monitoring Network (GaN-MN). Continuous SQM-LE sky brightness data. https://globeatnight.org/gan-mn/. Station registry: http://globeatnight-network.org/,"GaN-MN station Tura (Merimbula, New South Wales, Australia); photometric inflection method; night median MSAS=18.64; MSAS at inflection=18.08; depression=11.04°; smoothing=5-pt median; dark rows=443"
fajr,2023-01-10,04:42,11,-36.8983,149.9044,30.0,Globe at Night Monitoring Network (GaN-MN). Continuous SQM-LE sky brightness data. https://globeatnight.org/gan-mn/. Station registry: http://globeatnight-network.org/,"GaN-MN station Tura (Merimbula, New South Wales, Australia); photometric inflection method; night median MSAS=20.05; MSAS at inflection=18.36; depression=12.30°; smoothing=5-pt median; dark rows=454"
isha,2023-01-10,21:35,11,-36.8983,149.9044,30.0,Globe at Night Monitoring Network (GaN-MN). Continuous SQM-LE sky brightness data. https://globeatnight.org/gan-mn/. Station registry: http://globeatnight-network.org/,"GaN-MN station Tura (Merimbula, New South Wales, Australia); photometric inflection method; night median MSAS=19.47; MSAS at inflection=20.24; depression=12.82°; smoothing=5-pt median; dark rows=457"
fajr,2023-01-11,05:03,11,-36.8983,149.9044,30.0,Globe at Night Monitoring Network (GaN-MN). Continuous SQM-LE sky brightness data. https://globeatnight.org/gan-mn/. Station registry: http://globeatnight-network.org/,"GaN-MN station Tura (Merimbula, New South Wales, Australia); photometric inflection method; night median MSAS=19.47; MSAS at inflection=17.59; depression=9.08°; smoothing=5-pt median; dark rows=457"
fajr,2023-01-12,03:38,11,-36.8983,149.9044,30.0,Globe at Night Monitoring Network (GaN-MN). Continuous SQM-LE sky brightness data. https://globeatnight.org/gan-mn/. Station registry: http://globeatnight-network.org/,"GaN-MN station Tura (Merimbula, New South Wales, Australia); photometric inflection method; night median MSAS=20.05; MSAS at inflection=19.16; depression=21.47°; smoothing=5-pt median; dark rows=455"
isha,2023-01-13,21:24,11,-36.8983,149.9044,30.0,Globe at Night Monitoring Network (GaN-MN). Continuous SQM-LE sky brightness data. https://globeatnight.org/gan-mn/. Station registry: http://globeatnight-network.org/,"GaN-MN station Tura (Merimbula, New South Wales, Australia); photometric inflection method; night median MSAS=20.64; MSAS at inflection=19.59; depression=11.26°; smoothing=5-pt median; dark rows=451"
fajr,2023-01-14,04:05,11,-36.8983,149.9044,30.0,Globe at Night Monitoring Network (GaN-MN). Continuous SQM-LE sky brightness data. https://globeatnight.org/gan-mn/. Station registry: http://globeatnight-network.org/,"GaN-MN station Tura (Merimbula, New South Wales, Australia); photometric inflection method; night median MSAS=20.64; MSAS at inflection=20.02; depression=18.33°; smoothing=5-pt median; dark rows=451"
isha,2023-01-14,22:29,11,-36.8983,149.9044,30.0,Globe at Night Monitoring Network (GaN-MN). Continuous SQM-LE sky brightness data. https://globeatnight.org/gan-mn/. Station registry: http://globeatnight-network.org/,"GaN-MN station Tura (Merimbula, New South Wales, Australia); photometric inflection method; night median MSAS=21.45; MSAS at inflection=21.61; depression=20.69°; smoothing=5-pt median; dark rows=430"
fajr,2023-01-15,03:40,11,-36.8983,149.9044,30.0,Globe at Night Monitoring Network (GaN-MN). Continuous SQM-LE sky brightness data. https://globeatnight.org/gan-mn/. Station registry: http://globeatnight-network.org/,"GaN-MN station Tura (Merimbula, New South Wales, Australia); photometric inflection method; night median MSAS=21.45; MSAS at inflection=19.65; depression=21.77°; smoothing=5-pt median; dark rows=430"
isha,2023-01-15,21:30,11,-36.8983,149.9044,30.0,Globe at Night Monitoring Network (GaN-MN). Continuous SQM-LE sky brightness data. https://globeatnight.org/gan-mn/. Station registry: http://globeatnight-network.org/,"GaN-MN station Tura (Merimbula, New South Wales, Australia); photometric inflection method; night median MSAS=20.86; MSAS at inflection=19.68; depression=12.35°; smoothing=5-pt median; dark rows=409"
fajr,2023-01-19,04:59,11,-36.8983,149.9044,30.0,Globe at Night Monitoring Network (GaN-MN). Continuous SQM-LE sky brightness data. https://globeatnight.org/gan-mn/. Station registry: http://globeatnight-network.org/,"GaN-MN station Tura (Merimbula, New South Wales, Australia); photometric inflection method; night median MSAS=21.62; MSAS at inflection=20.06; depression=11.29°; smoothing=5-pt median; dark rows=472"
fajr,2023-01-20,04:57,11,-36.8983,149.9044,30.0,Globe at Night Monitoring Network (GaN-MN). Continuous SQM-LE sky brightness data. https://globeatnight.org/gan-mn/. Station registry: http://globeatnight-network.org/,"GaN-MN station Tura (Merimbula, New South Wales, Australia); photometric inflection method; night median MSAS=22.01; MSAS at inflection=19.85; depression=11.88°; smoothing=5-pt median; dark rows=457"
isha,2023-01-22,21:23,11,-36.8983,149.9044,30.0,Globe at Night Monitoring Network (GaN-MN). Continuous SQM-LE sky brightness data. https://globeatnight.org/gan-mn/. Station registry: http://globeatnight-network.org/,"GaN-MN station Tura (Merimbula, New South Wales, Australia); photometric inflection method; night median MSAS=22.18; MSAS at inflection=20.72; depression=11.98°; smoothing=5-pt median; dark rows=475"
fajr,2023-01-23,04:51,11,-36.8983,149.9044,30.0,Globe at Night Monitoring Network (GaN-MN). Continuous SQM-LE sky brightness data. https://globeatnight.org/gan-mn/. Station registry: http://globeatnight-network.org/,"GaN-MN station Tura (Merimbula, New South Wales, Australia); photometric inflection method; night median MSAS=22.18; MSAS at inflection=21.11; depression=13.45°; smoothing=5-pt median; dark rows=475"
isha,2023-01-24,21:22,11,-36.8983,149.9044,30.0,Globe at Night Monitoring Network (GaN-MN). Continuous SQM-LE sky brightness data. https://globeatnight.org/gan-mn/. Station registry: http://globeatnight-network.org/,"GaN-MN station Tura (Merimbula, New South Wales, Australia); photometric inflection method; night median MSAS=21.89; MSAS at inflection=20.40; depression=11.99°; smoothing=5-pt median; dark rows=474"
fajr,2023-01-26,04:47,11,-36.8983,149.9044,30.0,Globe at Night Monitoring Network (GaN-MN). Continuous SQM-LE sky brightness data. https://globeatnight.org/gan-mn/. Station registry: http://globeatnight-network.org/,"GaN-MN station Tura (Merimbula, New South Wales, Australia); photometric inflection method; night median MSAS=22.28; MSAS at inflection=22.17; depression=14.74°; smoothing=5-pt median; dark rows=475"
isha,2023-01-26,21:24,11,-36.8983,149.9044,30.0,Globe at Night Monitoring Network (GaN-MN). Continuous SQM-LE sky brightness data. https://globeatnight.org/gan-mn/. Station registry: http://globeatnight-network.org/,"GaN-MN station Tura (Merimbula, New South Wales, Australia); photometric inflection method; night median MSAS=21.42; MSAS at inflection=20.45; depression=12.65°; smoothing=5-pt median; dark rows=472"
fajr,2023-01-29,05:11,11,-36.8983,149.9044,30.0,Globe at Night Monitoring Network (GaN-MN). Continuous SQM-LE sky brightness data. https://globeatnight.org/gan-mn/. Station registry: http://globeatnight-network.org/,"GaN-MN station Tura (Merimbula, New South Wales, Australia); photometric inflection method; night median MSAS=21.01; MSAS at inflection=19.94; depression=11.37°; smoothing=5-pt median; dark rows=479"
fajr,2023-01-30,04:05,11,-36.8983,149.9044,30.0,Globe at Night Monitoring Network (GaN-MN). Continuous SQM-LE sky brightness data. https://globeatnight.org/gan-mn/. Station registry: http://globeatnight-network.org/,"GaN-MN station Tura (Merimbula, New South Wales, Australia); photometric inflection method; night median MSAS=21.29; MSAS at inflection=21.31; depression=21.84°; smoothing=5-pt median; dark rows=421"
fajr,2023-01-03,07:09,1,59.9167,18.8333,5.0,Globe at Night Monitoring Network (GaN-MN). Continuous SQM-LE sky brightness data. https://globeatnight.org/gan-mn/. Station registry: http://globeatnight-network.org/,"GaN-MN station UO (Utanå Observatory, Väddö, Sweden); photometric inflection method; night median MSAS=18.54; MSAS at inflection=18.50; depression=10.22°; smoothing=5-pt median; dark rows=177"
fajr,2023-01-05,07:09,1,59.9167,18.8333,5.0,Globe at Night Monitoring Network (GaN-MN). Continuous SQM-LE sky brightness data. https://globeatnight.org/gan-mn/. Station registry: http://globeatnight-network.org/,"GaN-MN station UO (Utanå Observatory, Väddö, Sweden); photometric inflection method; night median MSAS=18.05; MSAS at inflection=18.09; depression=10.12°; smoothing=5-pt median; dark rows=177"
fajr,2023-01-08,06:09,1,59.9167,18.8333,5.0,Globe at Night Monitoring Network (GaN-MN). Continuous SQM-LE sky brightness data. https://globeatnight.org/gan-mn/. Station registry: http://globeatnight-network.org/,"GaN-MN station UO (Utanå Observatory, Väddö, Sweden); photometric inflection method; night median MSAS=17.89; MSAS at inflection=18.11; depression=16.89°; smoothing=5-pt median; dark rows=175"
isha,2023-01-08,16:09,1,59.9167,18.8333,5.0,Globe at Night Monitoring Network (GaN-MN). Continuous SQM-LE sky brightness data. https://globeatnight.org/gan-mn/. Station registry: http://globeatnight-network.org/,"GaN-MN station UO (Utanå Observatory, Väddö, Sweden); photometric inflection method; night median MSAS=18.34; MSAS at inflection=16.53; depression=7.33°; smoothing=5-pt median; dark rows=175"
fajr,2023-01-14,06:15,1,59.9167,18.8333,5.0,Globe at Night Monitoring Network (GaN-MN). Continuous SQM-LE sky brightness data. https://globeatnight.org/gan-mn/. Station registry: http://globeatnight-network.org/,"GaN-MN station UO (Utanå Observatory, Väddö, Sweden); photometric inflection method; night median MSAS=20.55; MSAS at inflection=19.81; depression=15.72°; smoothing=5-pt median; dark rows=172"
isha,2023-01-15,18:10,1,59.9167,18.8333,5.0,Globe at Night Monitoring Network (GaN-MN). Continuous SQM-LE sky brightness data. https://globeatnight.org/gan-mn/. Station registry: http://globeatnight-network.org/,"GaN-MN station UO (Utanå Observatory, Väddö, Sweden); photometric inflection method; night median MSAS=21.12; MSAS at inflection=21.10; depression=20.15°; smoothing=5-pt median; dark rows=45"
fajr,2023-01-21,06:30,1,59.9167,18.8333,5.0,Globe at Night Monitoring Network (GaN-MN). Continuous SQM-LE sky brightness data. https://globeatnight.org/gan-mn/. Station registry: http://globeatnight-network.org/,"GaN-MN station UO (Utanå Observatory, Väddö, Sweden); photometric inflection method; night median MSAS=21.43; MSAS at inflection=20.47; depression=12.94°; smoothing=5-pt median; dark rows=751"
fajr,2023-01-24,06:41,1,59.9167,18.8333,5.0,Globe at Night Monitoring Network (GaN-MN). Continuous SQM-LE sky brightness data. https://globeatnight.org/gan-mn/. Station registry: http://globeatnight-network.org/,"GaN-MN station UO (Utanå Observatory, Väddö, Sweden); photometric inflection method; night median MSAS=21.40; MSAS at inflection=19.73; depression=11.20°; smoothing=5-pt median; dark rows=831"
fajr,2023-01-25,05:41,1,59.9167,18.8333,5.0,Globe at Night Monitoring Network (GaN-MN). Continuous SQM-LE sky brightness data. https://globeatnight.org/gan-mn/. Station registry: http://globeatnight-network.org/,"GaN-MN station UO (Utanå Observatory, Väddö, Sweden); photometric inflection method; night median MSAS=21.37; MSAS at inflection=21.37; depression=18.32°; smoothing=5-pt median; dark rows=827"
isha,2023-01-26,17:34,1,59.9167,18.8333,5.0,Globe at Night Monitoring Network (GaN-MN). Continuous SQM-LE sky brightness data. https://globeatnight.org/gan-mn/. Station registry: http://globeatnight-network.org/,"GaN-MN station UO (Utanå Observatory, Väddö, Sweden); photometric inflection method; night median MSAS=20.97; MSAS at inflection=20.03; depression=13.30°; smoothing=5-pt median; dark rows=720"
fajr,2023-01-27,05:32,1,59.9167,18.8333,5.0,Globe at Night Monitoring Network (GaN-MN). Continuous SQM-LE sky brightness data. https://globeatnight.org/gan-mn/. Station registry: http://globeatnight-network.org/,"GaN-MN station UO (Utanå Observatory, Väddö, Sweden); photometric inflection method; night median MSAS=20.97; MSAS at inflection=21.02; depression=19.01°; smoothing=5-pt median; dark rows=720"
fajr,2023-01-28,05:14,1,59.9167,18.8333,5.0,Globe at Night Monitoring Network (GaN-MN). Continuous SQM-LE sky brightness data. https://globeatnight.org/gan-mn/. Station registry: http://globeatnight-network.org/,"GaN-MN station UO (Utanå Observatory, Väddö, Sweden); photometric inflection method; night median MSAS=20.82; MSAS at inflection=20.90; depression=21.10°; smoothing=5-pt median; dark rows=816"
isha,2023-01-28,18:08,1,59.9167,18.8333,5.0,Globe at Night Monitoring Network (GaN-MN). Continuous SQM-LE sky brightness data. https://globeatnight.org/gan-mn/. Station registry: http://globeatnight-network.org/,"GaN-MN station UO (Utanå Observatory, Väddö, Sweden); photometric inflection method; night median MSAS=20.09; MSAS at inflection=19.75; depression=16.99°; smoothing=5-pt median; dark rows=812"
fajr,2023-01-29,05:06,1,59.9167,18.8333,5.0,Globe at Night Monitoring Network (GaN-MN). Continuous SQM-LE sky brightness data. https://globeatnight.org/gan-mn/. Station registry: http://globeatnight-network.org/,"GaN-MN station UO (Utanå Observatory, Väddö, Sweden); photometric inflection method; night median MSAS=20.09; MSAS at inflection=21.19; depression=21.90°; smoothing=5-pt median; dark rows=812"
isha,2023-01-29,18:03,1,59.9167,18.8333,5.0,Globe at Night Monitoring Network (GaN-MN). Continuous SQM-LE sky brightness data. https://globeatnight.org/gan-mn/. Station registry: http://globeatnight-network.org/,"GaN-MN station UO (Utanå Observatory, Väddö, Sweden); photometric inflection method; night median MSAS=19.70; MSAS at inflection=18.84; depression=16.17°; smoothing=5-pt median; dark rows=730"
fajr,2023-01-30,05:52,1,59.9167,18.8333,5.0,Globe at Night Monitoring Network (GaN-MN). Continuous SQM-LE sky brightness data. https://globeatnight.org/gan-mn/. Station registry: http://globeatnight-network.org/,"GaN-MN station UO (Utanå Observatory, Väddö, Sweden); photometric inflection method; night median MSAS=19.70; MSAS at inflection=21.23; depression=15.97°; smoothing=5-pt median; dark rows=730"
fajr,2023-01-31,06:44,1,59.9167,18.8333,5.0,Globe at Night Monitoring Network (GaN-MN). Continuous SQM-LE sky brightness data. https://globeatnight.org/gan-mn/. Station registry: http://globeatnight-network.org/,"GaN-MN station UO (Utanå Observatory, Väddö, Sweden); photometric inflection method; night median MSAS=19.61; MSAS at inflection=17.31; depression=9.36°; smoothing=5-pt median; dark rows=803"
isha,2023-01-22,18:38,9,36.6673,129.1133,200.0,Globe at Night Monitoring Network (GaN-MN). Continuous SQM-LE sky brightness data. https://globeatnight.org/gan-mn/. Station registry: http://globeatnight-network.org/,"GaN-MN station YFAO (Yeongyang, Korea); photometric inflection method; night median MSAS=20.88; MSAS at inflection=19.75; depression=12.34°; smoothing=5-pt median; dark rows=1473"
isha,2023-01-23,18:39,9,36.6673,129.1133,200.0,Globe at Night Monitoring Network (GaN-MN). Continuous SQM-LE sky brightness data. https://globeatnight.org/gan-mn/. Station registry: http://globeatnight-network.org/,"GaN-MN station YFAO (Yeongyang, Korea); photometric inflection method; night median MSAS=20.83; MSAS at inflection=19.75; depression=12.26°; smoothing=5-pt median; dark rows=1470"
fajr,2023-01-25,06:18,9,36.6673,129.1133,200.0,Globe at Night Monitoring Network (GaN-MN). Continuous SQM-LE sky brightness data. https://globeatnight.org/gan-mn/. Station registry: http://globeatnight-network.org/,"GaN-MN station YFAO (Yeongyang, Korea); photometric inflection method; night median MSAS=21.24; MSAS at inflection=21.01; depression=14.55°; smoothing=5-pt median; dark rows=1467"
fajr,2023-02-01,06:24,9,36.6673,129.1133,200.0,Globe at Night Monitoring Network (GaN-MN). Continuous SQM-LE sky brightness data. https://globeatnight.org/gan-mn/. Station registry: http://globeatnight-network.org/,"GaN-MN station YFAO (Yeongyang, Korea); photometric inflection method; night median MSAS=18.51; MSAS at inflection=19.92; depression=12.59°; smoothing=5-pt median; dark rows=1445"
isha,2023-01-11,17:16,1,49.0167,13.2333,590.0,Globe at Night Monitoring Network (GaN-MN). Continuous SQM-LE sky brightness data. https://globeatnight.org/gan-mn/. Station registry: http://globeatnight-network.org/,"GaN-MN station Zwi (Zwiesel, Germany); photometric inflection method; night median MSAS=17.96; MSAS at inflection=16.19; depression=7.26°; smoothing=5-pt median; dark rows=1600"
fajr,2023-01-13,06:30,1,49.0167,13.2333,590.0,Globe at Night Monitoring Network (GaN-MN). Continuous SQM-LE sky brightness data. https://globeatnight.org/gan-mn/. Station registry: http://globeatnight-network.org/,"GaN-MN station Zwi (Zwiesel, Germany); photometric inflection method; night median MSAS=18.43; MSAS at inflection=17.84; depression=13.77°; smoothing=5-pt median; dark rows=1597"
fajr,2023-01-17,06:00,1,49.0167,13.2333,590.0,Globe at Night Monitoring Network (GaN-MN). Continuous SQM-LE sky brightness data. https://globeatnight.org/gan-mn/. Station registry: http://globeatnight-network.org/,"GaN-MN station Zwi (Zwiesel, Germany); photometric inflection method; night median MSAS=18.66; MSAS at inflection=17.71; depression=18.23°; smoothing=5-pt median; dark rows=1583"
isha,2023-01-26,18:30,1,49.0167,13.2333,590.0,Globe at Night Monitoring Network (GaN-MN). Continuous SQM-LE sky brightness data. https://globeatnight.org/gan-mn/. Station registry: http://globeatnight-network.org/,"GaN-MN station Zwi (Zwiesel, Germany); photometric inflection method; night median MSAS=17.55; MSAS at inflection=16.67; depression=15.77°; smoothing=5-pt median; dark rows=1539"
fajr,2023-01-12,06:20,8,22.3767,114.27,10.0,Globe at Night Monitoring Network (GaN-MN). Continuous SQM-LE sky brightness data. https://globeatnight.org/gan-mn/. Station registry: http://globeatnight-network.org/,"GaN-MN station iObs (Sai Kung iObservatory, Hong Kong); photometric inflection method; night median MSAS=17.81; MSAS at inflection=17.53; depression=10.30°; smoothing=5-pt median; dark rows=1402"
fajr,2023-01-14,05:46,8,22.3767,114.27,10.0,Globe at Night Monitoring Network (GaN-MN). Continuous SQM-LE sky brightness data. https://globeatnight.org/gan-mn/. Station registry: http://globeatnight-network.org/,"GaN-MN station iObs (Sai Kung iObservatory, Hong Kong); photometric inflection method; night median MSAS=17.79; MSAS at inflection=17.21; depression=17.93°; smoothing=5-pt median; dark rows=1399"
fajr,2023-01-15,05:35,8,22.3767,114.27,10.0,Globe at Night Monitoring Network (GaN-MN). Continuous SQM-LE sky brightness data. https://globeatnight.org/gan-mn/. Station registry: http://globeatnight-network.org/,"GaN-MN station iObs (Sai Kung iObservatory, Hong Kong); photometric inflection method; night median MSAS=19.33; MSAS at inflection=18.71; depression=20.30°; smoothing=5-pt median; dark rows=1398"
fajr,2023-01-19,06:03,8,22.3767,114.27,10.0,Globe at Night Monitoring Network (GaN-MN). Continuous SQM-LE sky brightness data. https://globeatnight.org/gan-mn/. Station registry: http://globeatnight-network.org/,"GaN-MN station iObs (Sai Kung iObservatory, Hong Kong); photometric inflection method; night median MSAS=19.86; MSAS at inflection=19.99; depression=14.25°; smoothing=5-pt median; dark rows=1393"
isha,2023-01-19,19:22,8,22.3767,114.27,10.0,Globe at Night Monitoring Network (GaN-MN). Continuous SQM-LE sky brightness data. https://globeatnight.org/gan-mn/. Station registry: http://globeatnight-network.org/,"GaN-MN station iObs (Sai Kung iObservatory, Hong Kong); photometric inflection method; night median MSAS=19.11; MSAS at inflection=18.85; depression=18.52°; smoothing=5-pt median; dark rows=1390"
fajr,2023-01-22,05:56,8,22.3767,114.27,10.0,Globe at Night Monitoring Network (GaN-MN). Continuous SQM-LE sky brightness data. https://globeatnight.org/gan-mn/. Station registry: http://globeatnight-network.org/,"GaN-MN station iObs (Sai Kung iObservatory, Hong Kong); photometric inflection method; night median MSAS=18.19; MSAS at inflection=19.13; depression=15.74°; smoothing=5-pt median; dark rows=1391"
fajr,2023-01-24,06:19,8,22.3767,114.27,10.0,Globe at Night Monitoring Network (GaN-MN). Continuous SQM-LE sky brightness data. https://globeatnight.org/gan-mn/. Station registry: http://globeatnight-network.org/,"GaN-MN station iObs (Sai Kung iObservatory, Hong Kong); photometric inflection method; night median MSAS=18.61; MSAS at inflection=17.98; depression=10.53°; smoothing=5-pt median; dark rows=1389"
isha,2023-01-24,18:49,8,22.3767,114.27,10.0,Globe at Night Monitoring Network (GaN-MN). Continuous SQM-LE sky brightness data. https://globeatnight.org/gan-mn/. Station registry: http://globeatnight-network.org/,"GaN-MN station iObs (Sai Kung iObservatory, Hong Kong); photometric inflection method; night median MSAS=19.28; MSAS at inflection=17.71; depression=10.51°; smoothing=5-pt median; dark rows=1387"
fajr,2023-01-26,06:06,8,22.3767,114.27,10.0,Globe at Night Monitoring Network (GaN-MN). Continuous SQM-LE sky brightness data. https://globeatnight.org/gan-mn/. Station registry: http://globeatnight-network.org/,"GaN-MN station iObs (Sai Kung iObservatory, Hong Kong); photometric inflection method; night median MSAS=19.03; MSAS at inflection=18.89; depression=13.47°; smoothing=5-pt median; dark rows=1386"
fajr,2023-01-27,06:25,8,22.3767,114.27,10.0,Globe at Night Monitoring Network (GaN-MN). Continuous SQM-LE sky brightness data. https://globeatnight.org/gan-mn/. Station registry: http://globeatnight-network.org/,"GaN-MN station iObs (Sai Kung iObservatory, Hong Kong); photometric inflection method; night median MSAS=18.74; MSAS at inflection=16.77; depression=9.08°; smoothing=5-pt median; dark rows=1382"
fajr,2023-01-28,06:17,8,22.3767,114.27,10.0,Globe at Night Monitoring Network (GaN-MN). Continuous SQM-LE sky brightness data. https://globeatnight.org/gan-mn/. Station registry: http://globeatnight-network.org/,"GaN-MN station iObs (Sai Kung iObservatory, Hong Kong); photometric inflection method; night median MSAS=18.65; MSAS at inflection=18.18; depression=10.94°; smoothing=5-pt median; dark rows=1384"
fajr,2023-01-29,06:06,8,22.3767,114.27,10.0,Globe at Night Monitoring Network (GaN-MN). Continuous SQM-LE sky brightness data. https://globeatnight.org/gan-mn/. Station registry: http://globeatnight-network.org/,"GaN-MN station iObs (Sai Kung iObservatory, Hong Kong); photometric inflection method; night median MSAS=19.78; MSAS at inflection=19.74; depression=13.23°; smoothing=5-pt median; dark rows=1382"
