prayer,date_local,time_local,utc_offset,lat,lng,elevation_m,source,notes
isha,2025-09-01,19:55,8,22.3755,114.2707,10.0,Globe at Night Monitoring Network (GaN-MN). Continuous SQM-LE sky brightness data. https://globeatnight.org/gan-mn/. Station registry: http://globeatnight-network.org/,"GaN-MN station AP (Hong Kong Astropark, Sai Kung); photometric inflection method; night median MSAS=18.65; MSAS at inflection=18.57; depression=17.76°; smoothing=5-pt median; dark rows=1209"
fajr,2025-09-03,05:05,8,22.3755,114.2707,10.0,Globe at Night Monitoring Network (GaN-MN). Continuous SQM-LE sky brightness data. https://globeatnight.org/gan-mn/. Station registry: http://globeatnight-network.org/,"GaN-MN station AP (Hong Kong Astropark, Sai Kung); photometric inflection method; night median MSAS=19.06; MSAS at inflection=19.83; depression=14.56°; smoothing=5-pt median; dark rows=1213"
fajr,2025-09-05,05:26,8,22.3755,114.2707,10.0,Globe at Night Monitoring Network (GaN-MN). Continuous SQM-LE sky brightness data. https://globeatnight.org/gan-mn/. Station registry: http://globeatnight-network.org/,"GaN-MN station AP (Hong Kong Astropark, Sai Kung); photometric inflection method; night median MSAS=18.18; MSAS at inflection=17.78; depression=9.98°; smoothing=5-pt median; dark rows=1218"
fajr,2025-09-06,05:07,8,22.3755,114.2707,10.0,Globe at Night Monitoring Network (GaN-MN). Continuous SQM-LE sky brightness data. https://globeatnight.org/gan-mn/. Station registry: http://globeatnight-network.org/,"GaN-MN station AP (Hong Kong Astropark, Sai Kung); photometric inflection method; night median MSAS=18.13; MSAS at inflection=19.99; depression=14.45°; smoothing=5-pt median; dark rows=1221"
fajr,2025-09-15,04:59,8,22.3755,114.2707,10.0,Globe at Night Monitoring Network (GaN-MN). Continuous SQM-LE sky brightness data. https://globeatnight.org/gan-mn/. Station registry: http://globeatnight-network.org/,"GaN-MN station AP (Hong Kong Astropark, Sai Kung); photometric inflection method; night median MSAS=19.18; MSAS at inflection=18.03; depression=16.82°; smoothing=5-pt median; dark rows=1245"
fajr,2025-09-16,05:21,8,22.3755,114.2707,10.0,Globe at Night Monitoring Network (GaN-MN). Continuous SQM-LE sky brightness data. https://globeatnight.org/gan-mn/. Station registry: http://globeatnight-network.org/,"GaN-MN station AP (Hong Kong Astropark, Sai Kung); photometric inflection method; night median MSAS=19.11; MSAS at inflection=17.67; depression=11.98°; smoothing=5-pt median; dark rows=1248"
fajr,2025-09-18,05:13,8,22.3755,114.2707,10.0,Globe at Night Monitoring Network (GaN-MN). Continuous SQM-LE sky brightness data. https://globeatnight.org/gan-mn/. Station registry: http://globeatnight-network.org/,"GaN-MN station AP (Hong Kong Astropark, Sai Kung); photometric inflection method; night median MSAS=19.37; MSAS at inflection=19.95; depression=14.06°; smoothing=5-pt median; dark rows=1252"
isha,2025-09-18,19:32,8,22.3755,114.2707,10.0,Globe at Night Monitoring Network (GaN-MN). Continuous SQM-LE sky brightness data. https://globeatnight.org/gan-mn/. Station registry: http://globeatnight-network.org/,"GaN-MN station AP (Hong Kong Astropark, Sai Kung); photometric inflection method; night median MSAS=19.20; MSAS at inflection=18.01; depression=16.64°; smoothing=5-pt median; dark rows=1255"
isha,2025-09-19,19:03,8,22.3755,114.2707,10.0,Globe at Night Monitoring Network (GaN-MN). Continuous SQM-LE sky brightness data. https://globeatnight.org/gan-mn/. Station registry: http://globeatnight-network.org/,"GaN-MN station AP (Hong Kong Astropark, Sai Kung); photometric inflection method; night median MSAS=19.68; MSAS at inflection=17.28; depression=10.34°; smoothing=5-pt median; dark rows=1258"
fajr,2025-09-20,05:07,8,22.3755,114.2707,10.0,Globe at Night Monitoring Network (GaN-MN). Continuous SQM-LE sky brightness data. https://globeatnight.org/gan-mn/. Station registry: http://globeatnight-network.org/,"GaN-MN station AP (Hong Kong Astropark, Sai Kung); photometric inflection method; night median MSAS=19.68; MSAS at inflection=19.93; depression=15.45°; smoothing=5-pt median; dark rows=1258"
isha,2025-09-23,19:43,8,22.3755,114.2707,10.0,Globe at Night Monitoring Network (GaN-MN). Continuous SQM-LE sky brightness data. https://globeatnight.org/gan-mn/. Station registry: http://globeatnight-network.org/,"GaN-MN station AP (Hong Kong Astropark, Sai Kung); photometric inflection method; night median MSAS=18.77; MSAS at inflection=18.92; depression=20.49°; smoothing=5-pt median; dark rows=1269"
fajr,2025-09-24,05:10,8,22.3755,114.2707,10.0,Globe at Night Monitoring Network (GaN-MN). Continuous SQM-LE sky brightness data. https://globeatnight.org/gan-mn/. Station registry: http://globeatnight-network.org/,"GaN-MN station AP (Hong Kong Astropark, Sai Kung); photometric inflection method; night median MSAS=18.77; MSAS at inflection=19.66; depression=15.14°; smoothing=5-pt median; dark rows=1269"
isha,2025-09-02,21:59,2,51.1953,6.4578,80.0,Globe at Night Monitoring Network (GaN-MN). Continuous SQM-LE sky brightness data. https://globeatnight.org/gan-mn/. Station registry: http://globeatnight-network.org/,"GaN-MN station BO (Bettrath Observatory, Mönchengladbach, Germany); photometric inflection method; night median MSAS=18.34; MSAS at inflection=17.64; depression=15.50°; smoothing=5-pt median; dark rows=455"
fajr,2025-09-03,04:14,2,51.1953,6.4578,80.0,Globe at Night Monitoring Network (GaN-MN). Continuous SQM-LE sky brightness data. https://globeatnight.org/gan-mn/. Station registry: http://globeatnight-network.org/,"GaN-MN station BO (Bettrath Observatory, Mönchengladbach, Germany); photometric inflection method; night median MSAS=18.34; MSAS at inflection=18.31; depression=21.94°; smoothing=5-pt median; dark rows=455"
fajr,2025-09-04,05:35,2,51.1953,6.4578,80.0,Globe at Night Monitoring Network (GaN-MN). Continuous SQM-LE sky brightness data. https://globeatnight.org/gan-mn/. Station registry: http://globeatnight-network.org/,"GaN-MN station BO (Bettrath Observatory, Mönchengladbach, Germany); photometric inflection method; night median MSAS=20.15; MSAS at inflection=19.18; depression=12.14°; smoothing=5-pt median; dark rows=484"
fajr,2025-09-05,05:37,2,51.1953,6.4578,80.0,Globe at Night Monitoring Network (GaN-MN). Continuous SQM-LE sky brightness data. https://globeatnight.org/gan-mn/. Station registry: http://globeatnight-network.org/,"GaN-MN station BO (Bettrath Observatory, Mönchengladbach, Germany); photometric inflection method; night median MSAS=18.95; MSAS at inflection=20.04; depression=12.11°; smoothing=5-pt median; dark rows=489"
isha,2025-09-05,21:35,2,51.1953,6.4578,80.0,Globe at Night Monitoring Network (GaN-MN). Continuous SQM-LE sky brightness data. https://globeatnight.org/gan-mn/. Station registry: http://globeatnight-network.org/,"GaN-MN station BO (Bettrath Observatory, Mönchengladbach, Germany); photometric inflection method; night median MSAS=19.58; MSAS at inflection=18.13; depression=13.24°; smoothing=5-pt median; dark rows=493"
fajr,2025-09-06,05:10,2,51.1953,6.4578,80.0,Globe at Night Monitoring Network (GaN-MN). Continuous SQM-LE sky brightness data. https://globeatnight.org/gan-mn/. Station registry: http://globeatnight-network.org/,"GaN-MN station BO (Bettrath Observatory, Mönchengladbach, Germany); photometric inflection method; night median MSAS=19.58; MSAS at inflection=20.52; depression=16.03°; smoothing=5-pt median; dark rows=493"
fajr,2025-09-07,05:41,2,51.1953,6.4578,80.0,Globe at Night Monitoring Network (GaN-MN). Continuous SQM-LE sky brightness data. https://globeatnight.org/gan-mn/. Station registry: http://globeatnight-network.org/,"GaN-MN station BO (Bettrath Observatory, Mönchengladbach, Germany); photometric inflection method; night median MSAS=18.99; MSAS at inflection=19.75; depression=12.06°; smoothing=5-pt median; dark rows=498"
isha,2025-09-07,21:22,2,51.1953,6.4578,80.0,Globe at Night Monitoring Network (GaN-MN). Continuous SQM-LE sky brightness data. https://globeatnight.org/gan-mn/. Station registry: http://globeatnight-network.org/,"GaN-MN station BO (Bettrath Observatory, Mönchengladbach, Germany); photometric inflection method; night median MSAS=18.38; MSAS at inflection=19.88; depression=12.16°; smoothing=5-pt median; dark rows=502"
fajr,2025-09-08,05:43,2,51.1953,6.4578,80.0,Globe at Night Monitoring Network (GaN-MN). Continuous SQM-LE sky brightness data. https://globeatnight.org/gan-mn/. Station registry: http://globeatnight-network.org/,"GaN-MN station BO (Bettrath Observatory, Mönchengladbach, Germany); photometric inflection method; night median MSAS=18.38; MSAS at inflection=17.72; depression=12.03°; smoothing=5-pt median; dark rows=502"
isha,2025-09-08,21:19,2,51.1953,6.4578,80.0,Globe at Night Monitoring Network (GaN-MN). Continuous SQM-LE sky brightness data. https://globeatnight.org/gan-mn/. Station registry: http://globeatnight-network.org/,"GaN-MN station BO (Bettrath Observatory, Mönchengladbach, Germany); photometric inflection method; night median MSAS=17.70; MSAS at inflection=17.71; depression=12.10°; smoothing=5-pt median; dark rows=504"
fajr,2025-09-09,05:26,2,51.1953,6.4578,80.0,Globe at Night Monitoring Network (GaN-MN). Continuous SQM-LE sky brightness data. https://globeatnight.org/gan-mn/. Station registry: http://globeatnight-network.org/,"GaN-MN station BO (Bettrath Observatory, Mönchengladbach, Germany); photometric inflection method; night median MSAS=17.70; MSAS at inflection=17.62; depression=14.65°; smoothing=5-pt median; dark rows=504"
isha,2025-09-09,22:18,2,51.1953,6.4578,80.0,Globe at Night Monitoring Network (GaN-MN). Continuous SQM-LE sky brightness data. https://globeatnight.org/gan-mn/. Station registry: http://globeatnight-network.org/,"GaN-MN station BO (Bettrath Observatory, Mönchengladbach, Germany); photometric inflection method; night median MSAS=19.07; MSAS at inflection=19.76; depression=20.38°; smoothing=5-pt median; dark rows=511"
fajr,2025-09-10,05:46,2,51.1953,6.4578,80.0,Globe at Night Monitoring Network (GaN-MN). Continuous SQM-LE sky brightness data. https://globeatnight.org/gan-mn/. Station registry: http://globeatnight-network.org/,"GaN-MN station BO (Bettrath Observatory, Mönchengladbach, Germany); photometric inflection method; night median MSAS=19.07; MSAS at inflection=17.56; depression=12.10°; smoothing=5-pt median; dark rows=511"
isha,2025-09-13,22:04,2,51.1953,6.4578,80.0,Globe at Night Monitoring Network (GaN-MN). Continuous SQM-LE sky brightness data. https://globeatnight.org/gan-mn/. Station registry: http://globeatnight-network.org/,"GaN-MN station BO (Bettrath Observatory, Mönchengladbach, Germany); photometric inflection method; night median MSAS=19.23; MSAS at inflection=17.50; depression=20.08°; smoothing=5-pt median; dark rows=470"
fajr,2025-09-14,04:41,2,51.1953,6.4578,80.0,Globe at Night Monitoring Network (GaN-MN). Continuous SQM-LE sky brightness data. https://globeatnight.org/gan-mn/. Station registry: http://globeatnight-network.org/,"GaN-MN station BO (Bettrath Observatory, Mönchengladbach, Germany); photometric inflection method; night median MSAS=19.23; MSAS at inflection=18.69; depression=21.96°; smoothing=5-pt median; dark rows=470"
isha,2025-09-14,21:04,2,51.1953,6.4578,80.0,Globe at Night Monitoring Network (GaN-MN). Continuous SQM-LE sky brightness data. https://globeatnight.org/gan-mn/. Station registry: http://globeatnight-network.org/,"GaN-MN station BO (Bettrath Observatory, Mönchengladbach, Germany); photometric inflection method; night median MSAS=18.31; MSAS at inflection=17.71; depression=12.10°; smoothing=5-pt median; dark rows=532"
fajr,2025-09-15,04:43,2,51.1953,6.4578,80.0,Globe at Night Monitoring Network (GaN-MN). Continuous SQM-LE sky brightness data. https://globeatnight.org/gan-mn/. Station registry: http://globeatnight-network.org/,"GaN-MN station BO (Bettrath Observatory, Mönchengladbach, Germany); photometric inflection method; night median MSAS=18.31; MSAS at inflection=18.11; depression=22.00°; smoothing=5-pt median; dark rows=532"
fajr,2025-09-16,04:46,2,51.1953,6.4578,80.0,Globe at Night Monitoring Network (GaN-MN). Continuous SQM-LE sky brightness data. https://globeatnight.org/gan-mn/. Station registry: http://globeatnight-network.org/,"GaN-MN station BO (Bettrath Observatory, Mönchengladbach, Germany); photometric inflection method; night median MSAS=20.00; MSAS at inflection=20.07; depression=21.90°; smoothing=5-pt median; dark rows=537"
isha,2025-09-16,20:59,2,51.1953,6.4578,80.0,Globe at Night Monitoring Network (GaN-MN). Continuous SQM-LE sky brightness data. https://globeatnight.org/gan-mn/. Station registry: http://globeatnight-network.org/,"GaN-MN station BO (Bettrath Observatory, Mönchengladbach, Germany); photometric inflection method; night median MSAS=19.94; MSAS at inflection=19.35; depression=12.10°; smoothing=5-pt median; dark rows=541"
fajr,2025-09-17,04:54,2,51.1953,6.4578,80.0,Globe at Night Monitoring Network (GaN-MN). Continuous SQM-LE sky brightness data. https://globeatnight.org/gan-mn/. Station registry: http://globeatnight-network.org/,"GaN-MN station BO (Bettrath Observatory, Mönchengladbach, Germany); photometric inflection method; night median MSAS=19.94; MSAS at inflection=20.52; depression=21.14°; smoothing=5-pt median; dark rows=541"
isha,2025-09-17,20:56,2,51.1953,6.4578,80.0,Globe at Night Monitoring Network (GaN-MN). Continuous SQM-LE sky brightness data. https://globeatnight.org/gan-mn/. Station registry: http://globeatnight-network.org/,"GaN-MN station BO (Bettrath Observatory, Mönchengladbach, Germany); photometric inflection method; night median MSAS=18.67; MSAS at inflection=17.94; depression=12.03°; smoothing=5-pt median; dark rows=545"
fajr,2025-09-18,04:50,2,51.1953,6.4578,80.0,Globe at Night Monitoring Network (GaN-MN). Continuous SQM-LE sky brightness data. https://globeatnight.org/gan-mn/. Station registry: http://globeatnight-network.org/,"GaN-MN station BO (Bettrath Observatory, Mönchengladbach, Germany); photometric inflection method; night median MSAS=18.67; MSAS at inflection=19.21; depression=21.94°; smoothing=5-pt median; dark rows=545"
fajr,2025-09-19,06:02,2,51.1953,6.4578,80.0,Globe at Night Monitoring Network (GaN-MN). Continuous SQM-LE sky brightness data. https://globeatnight.org/gan-mn/. Station registry: http://globeatnight-network.org/,"GaN-MN station BO (Bettrath Observatory, Mönchengladbach, Germany); photometric inflection method; night median MSAS=20.33; MSAS at inflection=19.85; depression=12.08°; smoothing=5-pt median; dark rows=549"
isha,2025-09-19,20:51,2,51.1953,6.4578,80.0,Globe at Night Monitoring Network (GaN-MN). Continuous SQM-LE sky brightness data. https://globeatnight.org/gan-mn/. Station registry: http://globeatnight-network.org/,"GaN-MN station BO (Bettrath Observatory, Mönchengladbach, Germany); photometric inflection method; night median MSAS=20.28; MSAS at inflection=19.81; depression=12.02°; smoothing=5-pt median; dark rows=554"
fajr,2025-09-20,06:04,2,51.1953,6.4578,80.0,Globe at Night Monitoring Network (GaN-MN). Continuous SQM-LE sky brightness data. https://globeatnight.org/gan-mn/. Station registry: http://globeatnight-network.org/,"GaN-MN station BO (Bettrath Observatory, Mönchengladbach, Germany); photometric inflection method; night median MSAS=20.28; MSAS at inflection=19.83; depression=12.03°; smoothing=5-pt median; dark rows=554"
isha,2025-09-20,21:18,2,51.1953,6.4578,80.0,Globe at Night Monitoring Network (GaN-MN). Continuous SQM-LE sky brightness data. https://globeatnight.org/gan-mn/. Station registry: http://globeatnight-network.org/,"GaN-MN station BO (Bettrath Observatory, Mönchengladbach, Germany); photometric inflection method; night median MSAS=18.39; MSAS at inflection=18.27; depression=16.38°; smoothing=5-pt median; dark rows=557"
fajr,2025-09-21,06:05,2,51.1953,6.4578,80.0,Globe at Night Monitoring Network (GaN-MN). Continuous SQM-LE sky brightness data. https://globeatnight.org/gan-mn/. Station registry: http://globeatnight-network.org/,"GaN-MN station BO (Bettrath Observatory, Mönchengladbach, Germany); photometric inflection method; night median MSAS=18.39; MSAS at inflection=18.57; depression=12.13°; smoothing=5-pt median; dark rows=557"
isha,2025-09-21,20:47,2,51.1953,6.4578,80.0,Globe at Night Monitoring Network (GaN-MN). Continuous SQM-LE sky brightness data. https://globeatnight.org/gan-mn/. Station registry: http://globeatnight-network.org/,"GaN-MN station BO (Bettrath Observatory, Mönchengladbach, Germany); photometric inflection method; night median MSAS=19.97; MSAS at inflection=18.21; depression=12.17°; smoothing=5-pt median; dark rows=561"
fajr,2025-09-22,05:07,2,51.1953,6.4578,80.0,Globe at Night Monitoring Network (GaN-MN). Continuous SQM-LE sky brightness data. https://globeatnight.org/gan-mn/. Station registry: http://globeatnight-network.org/,"GaN-MN station BO (Bettrath Observatory, Mönchengladbach, Germany); photometric inflection method; night median MSAS=19.97; MSAS at inflection=18.86; depression=20.76°; smoothing=5-pt median; dark rows=561"
isha,2025-09-22,20:49,2,51.1953,6.4578,80.0,Globe at Night Monitoring Network (GaN-MN). Continuous SQM-LE sky brightness data. https://globeatnight.org/gan-mn/. Station registry: http://globeatnight-network.org/,"GaN-MN station BO (Bettrath Observatory, Mönchengladbach, Germany); photometric inflection method; night median MSAS=18.51; MSAS at inflection=17.84; depression=12.84°; smoothing=5-pt median; dark rows=566"
fajr,2025-09-23,05:12,2,51.1953,6.4578,80.0,Globe at Night Monitoring Network (GaN-MN). Continuous SQM-LE sky brightness data. https://globeatnight.org/gan-mn/. Station registry: http://globeatnight-network.org/,"GaN-MN station BO (Bettrath Observatory, Mönchengladbach, Germany); photometric inflection method; night median MSAS=18.51; MSAS at inflection=20.56; depression=20.34°; smoothing=5-pt median; dark rows=566"
fajr,2025-09-24,06:10,2,51.1953,6.4578,80.0,Globe at Night Monitoring Network (GaN-MN). Continuous SQM-LE sky brightness data. https://globeatnight.org/gan-mn/. Station registry: http://globeatnight-network.org/,"GaN-MN station BO (Bettrath Observatory, Mönchengladbach, Germany); photometric inflection method; night median MSAS=19.76; MSAS at inflection=19.41; depression=12.12°; smoothing=5-pt median; dark rows=569"
isha,2025-09-24,21:24,2,51.1953,6.4578,80.0,Globe at Night Monitoring Network (GaN-MN). Continuous SQM-LE sky brightness data. https://globeatnight.org/gan-mn/. Station registry: http://globeatnight-network.org/,"GaN-MN station BO (Bettrath Observatory, Mönchengladbach, Germany); photometric inflection method; night median MSAS=18.09; MSAS at inflection=19.12; depression=18.75°; smoothing=5-pt median; dark rows=574"
fajr,2025-09-25,05:04,2,51.1953,6.4578,80.0,Globe at Night Monitoring Network (GaN-MN). Continuous SQM-LE sky brightness data. https://globeatnight.org/gan-mn/. Station registry: http://globeatnight-network.org/,"GaN-MN station BO (Bettrath Observatory, Mönchengladbach, Germany); photometric inflection method; night median MSAS=18.09; MSAS at inflection=17.87; depression=21.98°; smoothing=5-pt median; dark rows=574"
isha,2025-09-25,20:37,2,51.1953,6.4578,80.0,Globe at Night Monitoring Network (GaN-MN). Continuous SQM-LE sky brightness data. https://globeatnight.org/gan-mn/. Station registry: http://globeatnight-network.org/,"GaN-MN station BO (Bettrath Observatory, Mönchengladbach, Germany); photometric inflection method; night median MSAS=18.37; MSAS at inflection=17.64; depression=12.13°; smoothing=5-pt median; dark rows=577"
fajr,2025-09-26,05:06,2,51.1953,6.4578,80.0,Globe at Night Monitoring Network (GaN-MN). Continuous SQM-LE sky brightness data. https://globeatnight.org/gan-mn/. Station registry: http://globeatnight-network.org/,"GaN-MN station BO (Bettrath Observatory, Mönchengladbach, Germany); photometric inflection method; night median MSAS=18.37; MSAS at inflection=18.30; depression=21.97°; smoothing=5-pt median; dark rows=577"
fajr,2025-09-03,04:41,9,35.8714,128.6014,55.0,Globe at Night Monitoring Network (GaN-MN). Continuous SQM-LE sky brightness data. https://globeatnight.org/gan-mn/. Station registry: http://globeatnight-network.org/,"GaN-MN station DNSM (Daegu National Science Museum, Korea); photometric inflection method; night median MSAS=17.74; MSAS at inflection=18.69; depression=15.83°; smoothing=5-pt median; dark rows=1148"
fajr,2025-09-04,05:07,9,35.8714,128.6014,55.0,Globe at Night Monitoring Network (GaN-MN). Continuous SQM-LE sky brightness data. https://globeatnight.org/gan-mn/. Station registry: http://globeatnight-network.org/,"GaN-MN station DNSM (Daegu National Science Museum, Korea); photometric inflection method; night median MSAS=18.37; MSAS at inflection=18.65; depression=11.14°; smoothing=5-pt median; dark rows=1152"
fajr,2025-09-18,05:22,9,35.8714,128.6014,55.0,Globe at Night Monitoring Network (GaN-MN). Continuous SQM-LE sky brightness data. https://globeatnight.org/gan-mn/. Station registry: http://globeatnight-network.org/,"GaN-MN station DNSM (Daegu National Science Museum, Korea); photometric inflection method; night median MSAS=17.62; MSAS at inflection=16.34; depression=10.37°; smoothing=5-pt median; dark rows=1217"
isha,2025-09-25,19:25,9,35.8714,128.6014,55.0,Globe at Night Monitoring Network (GaN-MN). Continuous SQM-LE sky brightness data. https://globeatnight.org/gan-mn/. Station registry: http://globeatnight-network.org/,"GaN-MN station DNSM (Daegu National Science Museum, Korea); photometric inflection method; night median MSAS=17.82; MSAS at inflection=17.62; depression=14.47°; smoothing=5-pt median; dark rows=1254"
fajr,2025-09-26,05:30,9,35.8714,128.6014,55.0,Globe at Night Monitoring Network (GaN-MN). Continuous SQM-LE sky brightness data. https://globeatnight.org/gan-mn/. Station registry: http://globeatnight-network.org/,"GaN-MN station DNSM (Daegu National Science Museum, Korea); photometric inflection method; night median MSAS=17.82; MSAS at inflection=18.06; depression=10.05°; smoothing=5-pt median; dark rows=1254"
fajr,2025-09-30,04:54,9,35.8714,128.6014,55.0,Globe at Night Monitoring Network (GaN-MN). Continuous SQM-LE sky brightness data. https://globeatnight.org/gan-mn/. Station registry: http://globeatnight-network.org/,"GaN-MN station DNSM (Daegu National Science Museum, Korea); photometric inflection method; night median MSAS=18.10; MSAS at inflection=18.16; depression=18.02°; smoothing=5-pt median; dark rows=1272"
fajr,2025-09-02,05:10,2,51.7667,13.7667,90.0,Globe at Night Monitoring Network (GaN-MN). Continuous SQM-LE sky brightness data. https://globeatnight.org/gan-mn/. Station registry: http://globeatnight-network.org/,"GaN-MN station ELO (South-Brandenburg, Germany); photometric inflection method; night median MSAS=21.22; MSAS at inflection=20.34; depression=10.67°; smoothing=5-pt median; dark rows=971"
isha,2025-09-02,21:47,2,51.7667,13.7667,90.0,Globe at Night Monitoring Network (GaN-MN). Continuous SQM-LE sky brightness data. https://globeatnight.org/gan-mn/. Station registry: http://globeatnight-network.org/,"GaN-MN station ELO (South-Brandenburg, Germany); photometric inflection method; night median MSAS=21.42; MSAS at inflection=20.37; depression=17.27°; smoothing=5-pt median; dark rows=983"
fajr,2025-09-03,04:18,2,51.7667,13.7667,90.0,Globe at Night Monitoring Network (GaN-MN). Continuous SQM-LE sky brightness data. https://globeatnight.org/gan-mn/. Station registry: http://globeatnight-network.org/,"GaN-MN station ELO (South-Brandenburg, Germany); photometric inflection method; night median MSAS=21.42; MSAS at inflection=21.57; depression=17.73°; smoothing=5-pt median; dark rows=983"
isha,2025-09-03,21:42,2,51.7667,13.7667,90.0,Globe at Night Monitoring Network (GaN-MN). Continuous SQM-LE sky brightness data. https://globeatnight.org/gan-mn/. Station registry: http://globeatnight-network.org/,"GaN-MN station ELO (South-Brandenburg, Germany); photometric inflection method; night median MSAS=20.81; MSAS at inflection=20.11; depression=16.99°; smoothing=5-pt median; dark rows=998"
isha,2025-09-04,22:03,2,51.7667,13.7667,90.0,Globe at Night Monitoring Network (GaN-MN). Continuous SQM-LE sky brightness data. https://globeatnight.org/gan-mn/. Station registry: http://globeatnight-network.org/,"GaN-MN station ELO (South-Brandenburg, Germany); photometric inflection method; night median MSAS=20.25; MSAS at inflection=20.02; depression=19.85°; smoothing=5-pt median; dark rows=1006"
isha,2025-09-05,21:35,2,51.7667,13.7667,90.0,Globe at Night Monitoring Network (GaN-MN). Continuous SQM-LE sky brightness data. https://globeatnight.org/gan-mn/. Station registry: http://globeatnight-network.org/,"GaN-MN station ELO (South-Brandenburg, Germany); photometric inflection method; night median MSAS=18.71; MSAS at inflection=18.93; depression=16.91°; smoothing=5-pt median; dark rows=1005"
fajr,2025-09-06,05:15,2,51.7667,13.7667,90.0,Globe at Night Monitoring Network (GaN-MN). Continuous SQM-LE sky brightness data. https://globeatnight.org/gan-mn/. Station registry: http://globeatnight-network.org/,"GaN-MN station ELO (South-Brandenburg, Germany); photometric inflection method; night median MSAS=18.71; MSAS at inflection=19.41; depression=11.01°; smoothing=5-pt median; dark rows=1005"
isha,2025-09-06,21:27,2,51.7667,13.7667,90.0,Globe at Night Monitoring Network (GaN-MN). Continuous SQM-LE sky brightness data. https://globeatnight.org/gan-mn/. Station registry: http://globeatnight-network.org/,"GaN-MN station ELO (South-Brandenburg, Germany); photometric inflection method; night median MSAS=18.90; MSAS at inflection=18.85; depression=16.19°; smoothing=5-pt median; dark rows=1022"
fajr,2025-09-08,05:22,2,51.7667,13.7667,90.0,Globe at Night Monitoring Network (GaN-MN). Continuous SQM-LE sky brightness data. https://globeatnight.org/gan-mn/. Station registry: http://globeatnight-network.org/,"GaN-MN station ELO (South-Brandenburg, Germany); photometric inflection method; night median MSAS=18.44; MSAS at inflection=18.18; depression=10.55°; smoothing=5-pt median; dark rows=1030"
isha,2025-09-08,21:32,2,51.7667,13.7667,90.0,Globe at Night Monitoring Network (GaN-MN). Continuous SQM-LE sky brightness data. https://globeatnight.org/gan-mn/. Station registry: http://globeatnight-network.org/,"GaN-MN station ELO (South-Brandenburg, Germany); photometric inflection method; night median MSAS=18.16; MSAS at inflection=18.47; depression=17.59°; smoothing=5-pt median; dark rows=1021"
fajr,2025-09-09,05:36,2,51.7667,13.7667,90.0,Globe at Night Monitoring Network (GaN-MN). Continuous SQM-LE sky brightness data. https://globeatnight.org/gan-mn/. Station registry: http://globeatnight-network.org/,"GaN-MN station ELO (South-Brandenburg, Germany); photometric inflection method; night median MSAS=18.16; MSAS at inflection=16.77; depression=8.85°; smoothing=5-pt median; dark rows=1021"
isha,2025-09-09,21:11,2,51.7667,13.7667,90.0,Globe at Night Monitoring Network (GaN-MN). Continuous SQM-LE sky brightness data. https://globeatnight.org/gan-mn/. Station registry: http://globeatnight-network.org/,"GaN-MN station ELO (South-Brandenburg, Germany); photometric inflection method; night median MSAS=18.78; MSAS at inflection=19.81; depression=15.13°; smoothing=5-pt median; dark rows=1046"
fajr,2025-09-10,05:29,2,51.7667,13.7667,90.0,Globe at Night Monitoring Network (GaN-MN). Continuous SQM-LE sky brightness data. https://globeatnight.org/gan-mn/. Station registry: http://globeatnight-network.org/,"GaN-MN station ELO (South-Brandenburg, Germany); photometric inflection method; night median MSAS=18.78; MSAS at inflection=17.69; depression=10.15°; smoothing=5-pt median; dark rows=1046"
fajr,2025-09-16,04:24,2,51.7667,13.7667,90.0,Globe at Night Monitoring Network (GaN-MN). Continuous SQM-LE sky brightness data. https://globeatnight.org/gan-mn/. Station registry: http://globeatnight-network.org/,"GaN-MN station ELO (South-Brandenburg, Germany); photometric inflection method; night median MSAS=20.50; MSAS at inflection=19.88; depression=20.62°; smoothing=5-pt median; dark rows=724"
fajr,2025-09-17,04:54,2,51.7667,13.7667,90.0,Globe at Night Monitoring Network (GaN-MN). Continuous SQM-LE sky brightness data. https://globeatnight.org/gan-mn/. Station registry: http://globeatnight-network.org/,"GaN-MN station ELO (South-Brandenburg, Germany); photometric inflection method; night median MSAS=21.08; MSAS at inflection=20.44; depression=16.86°; smoothing=5-pt median; dark rows=1097"
fajr,2025-09-18,05:48,2,51.7667,13.7667,90.0,Globe at Night Monitoring Network (GaN-MN). Continuous SQM-LE sky brightness data. https://globeatnight.org/gan-mn/. Station registry: http://globeatnight-network.org/,"GaN-MN station ELO (South-Brandenburg, Germany); photometric inflection method; night median MSAS=21.24; MSAS at inflection=18.85; depression=9.42°; smoothing=5-pt median; dark rows=1114"
isha,2025-09-21,20:51,2,51.7667,13.7667,90.0,Globe at Night Monitoring Network (GaN-MN). Continuous SQM-LE sky brightness data. https://globeatnight.org/gan-mn/. Station registry: http://globeatnight-network.org/,"GaN-MN station ELO (South-Brandenburg, Germany); photometric inflection method; night median MSAS=21.23; MSAS at inflection=20.94; depression=16.76°; smoothing=5-pt median; dark rows=1140"
isha,2025-09-23,20:36,2,51.7667,13.7667,90.0,Globe at Night Monitoring Network (GaN-MN). Continuous SQM-LE sky brightness data. https://globeatnight.org/gan-mn/. Station registry: http://globeatnight-network.org/,"GaN-MN station ELO (South-Brandenburg, Germany); photometric inflection method; night median MSAS=21.64; MSAS at inflection=21.09; depression=15.34°; smoothing=5-pt median; dark rows=1161"
isha,2025-09-24,21:03,2,51.7667,13.7667,90.0,Globe at Night Monitoring Network (GaN-MN). Continuous SQM-LE sky brightness data. https://globeatnight.org/gan-mn/. Station registry: http://globeatnight-network.org/,"GaN-MN station ELO (South-Brandenburg, Germany); photometric inflection method; night median MSAS=21.47; MSAS at inflection=21.46; depression=19.68°; smoothing=5-pt median; dark rows=1168"
isha,2025-09-25,20:11,2,51.7667,13.7667,90.0,Globe at Night Monitoring Network (GaN-MN). Continuous SQM-LE sky brightness data. https://globeatnight.org/gan-mn/. Station registry: http://globeatnight-network.org/,"GaN-MN station ELO (South-Brandenburg, Germany); photometric inflection method; night median MSAS=21.32; MSAS at inflection=20.35; depression=12.38°; smoothing=5-pt median; dark rows=1175"
fajr,2025-09-26,04:37,2,51.7667,13.7667,90.0,Globe at Night Monitoring Network (GaN-MN). Continuous SQM-LE sky brightness data. https://globeatnight.org/gan-mn/. Station registry: http://globeatnight-network.org/,"GaN-MN station ELO (South-Brandenburg, Germany); photometric inflection method; night median MSAS=21.32; MSAS at inflection=21.15; depression=21.75°; smoothing=5-pt median; dark rows=1175"
isha,2025-09-29,20:23,2,51.7667,13.7667,90.0,Globe at Night Monitoring Network (GaN-MN). Continuous SQM-LE sky brightness data. https://globeatnight.org/gan-mn/. Station registry: http://globeatnight-network.org/,"GaN-MN station ELO (South-Brandenburg, Germany); photometric inflection method; night median MSAS=21.45; MSAS at inflection=20.47; depression=15.61°; smoothing=5-pt median; dark rows=1208"
isha,2025-09-01,19:12,8,22.4924,114.1393,20.0,Globe at Night Monitoring Network (GaN-MN). Continuous SQM-LE sky brightness data. https://globeatnight.org/gan-mn/. Station registry: http://globeatnight-network.org/,"GaN-MN station FKYC (Fanling, Hong Kong); photometric inflection method; night median MSAS=17.58; MSAS at inflection=15.79; depression=8.11°; smoothing=5-pt median; dark rows=1210"
fajr,2025-09-02,04:55,8,22.4924,114.1393,20.0,Globe at Night Monitoring Network (GaN-MN). Continuous SQM-LE sky brightness data. https://globeatnight.org/gan-mn/. Station registry: http://globeatnight-network.org/,"GaN-MN station FKYC (Fanling, Hong Kong); photometric inflection method; night median MSAS=17.58; MSAS at inflection=15.62; depression=16.89°; smoothing=5-pt median; dark rows=1210"
isha,2025-09-02,19:11,8,22.4924,114.1393,20.0,Globe at Night Monitoring Network (GaN-MN). Continuous SQM-LE sky brightness data. https://globeatnight.org/gan-mn/. Station registry: http://globeatnight-network.org/,"GaN-MN station FKYC (Fanling, Hong Kong); photometric inflection method; night median MSAS=17.67; MSAS at inflection=16.02; depression=8.10°; smoothing=5-pt median; dark rows=1208"
fajr,2025-09-03,04:43,8,22.4924,114.1393,20.0,Globe at Night Monitoring Network (GaN-MN). Continuous SQM-LE sky brightness data. https://globeatnight.org/gan-mn/. Station registry: http://globeatnight-network.org/,"GaN-MN station FKYC (Fanling, Hong Kong); photometric inflection method; night median MSAS=17.67; MSAS at inflection=18.34; depression=19.63°; smoothing=5-pt median; dark rows=1208"
isha,2025-09-03,19:13,8,22.4924,114.1393,20.0,Globe at Night Monitoring Network (GaN-MN). Continuous SQM-LE sky brightness data. https://globeatnight.org/gan-mn/. Station registry: http://globeatnight-network.org/,"GaN-MN station FKYC (Fanling, Hong Kong); photometric inflection method; night median MSAS=17.88; MSAS at inflection=16.12; depression=8.67°; smoothing=5-pt median; dark rows=1216"
fajr,2025-09-05,05:34,8,22.4924,114.1393,20.0,Globe at Night Monitoring Network (GaN-MN). Continuous SQM-LE sky brightness data. https://globeatnight.org/gan-mn/. Station registry: http://globeatnight-network.org/,"GaN-MN station FKYC (Fanling, Hong Kong); photometric inflection method; night median MSAS=17.50; MSAS at inflection=15.60; depression=8.39°; smoothing=5-pt median; dark rows=1218"
isha,2025-09-12,19:04,8,22.4924,114.1393,20.0,Globe at Night Monitoring Network (GaN-MN). Continuous SQM-LE sky brightness data. https://globeatnight.org/gan-mn/. Station registry: http://globeatnight-network.org/,"GaN-MN station FKYC (Fanling, Hong Kong); photometric inflection method; night median MSAS=17.56; MSAS at inflection=16.42; depression=8.74°; smoothing=5-pt median; dark rows=1239"
isha,2025-09-13,19:01,8,22.4924,114.1393,20.0,Globe at Night Monitoring Network (GaN-MN). Continuous SQM-LE sky brightness data. https://globeatnight.org/gan-mn/. Station registry: http://globeatnight-network.org/,"GaN-MN station FKYC (Fanling, Hong Kong); photometric inflection method; night median MSAS=17.77; MSAS at inflection=16.08; depression=8.40°; smoothing=5-pt median; dark rows=1242"
isha,2025-09-14,19:14,8,22.4924,114.1393,20.0,Globe at Night Monitoring Network (GaN-MN). Continuous SQM-LE sky brightness data. https://globeatnight.org/gan-mn/. Station registry: http://globeatnight-network.org/,"GaN-MN station FKYC (Fanling, Hong Kong); photometric inflection method; night median MSAS=18.08; MSAS at inflection=17.46; depression=11.61°; smoothing=5-pt median; dark rows=1245"
isha,2025-09-27,18:46,8,22.4924,114.1393,20.0,Globe at Night Monitoring Network (GaN-MN). Continuous SQM-LE sky brightness data. https://globeatnight.org/gan-mn/. Station registry: http://globeatnight-network.org/,"GaN-MN station FKYC (Fanling, Hong Kong); photometric inflection method; night median MSAS=17.99; MSAS at inflection=15.90; depression=8.13°; smoothing=5-pt median; dark rows=1273"
fajr,2025-09-28,05:27,8,22.4924,114.1393,20.0,Globe at Night Monitoring Network (GaN-MN). Continuous SQM-LE sky brightness data. https://globeatnight.org/gan-mn/. Station registry: http://globeatnight-network.org/,"GaN-MN station FKYC (Fanling, Hong Kong); photometric inflection method; night median MSAS=17.99; MSAS at inflection=17.96; depression=11.66°; smoothing=5-pt median; dark rows=1273"
fajr,2025-09-10,04:33,2,54.352,18.6466,5.0,Globe at Night Monitoring Network (GaN-MN). Continuous SQM-LE sky brightness data. https://globeatnight.org/gan-mn/. Station registry: http://globeatnight-network.org/,"GaN-MN station GUT (Gdansk University of Technology, Poland); photometric inflection method; night median MSAS=17.61; MSAS at inflection=17.71; depression=13.90°; smoothing=5-pt median; dark rows=1037"
fajr,2025-09-13,05:15,2,54.352,18.6466,5.0,Globe at Night Monitoring Network (GaN-MN). Continuous SQM-LE sky brightness data. https://globeatnight.org/gan-mn/. Station registry: http://globeatnight-network.org/,"GaN-MN station GUT (Gdansk University of Technology, Poland); photometric inflection method; night median MSAS=18.29; MSAS at inflection=16.85; depression=9.25°; smoothing=5-pt median; dark rows=1066"
isha,2025-09-15,20:42,2,54.352,18.6466,5.0,Globe at Night Monitoring Network (GaN-MN). Continuous SQM-LE sky brightness data. https://globeatnight.org/gan-mn/. Station registry: http://globeatnight-network.org/,"GaN-MN station GUT (Gdansk University of Technology, Poland); photometric inflection method; night median MSAS=18.43; MSAS at inflection=17.95; depression=14.91°; smoothing=5-pt median; dark rows=1093"
isha,2025-09-16,19:57,2,54.352,18.6466,5.0,Globe at Night Monitoring Network (GaN-MN). Continuous SQM-LE sky brightness data. https://globeatnight.org/gan-mn/. Station registry: http://globeatnight-network.org/,"GaN-MN station GUT (Gdansk University of Technology, Poland); photometric inflection method; night median MSAS=18.34; MSAS at inflection=16.38; depression=9.20°; smoothing=5-pt median; dark rows=908"
isha,2025-09-17,20:13,2,54.352,18.6466,5.0,Globe at Night Monitoring Network (GaN-MN). Continuous SQM-LE sky brightness data. https://globeatnight.org/gan-mn/. Station registry: http://globeatnight-network.org/,"GaN-MN station GUT (Gdansk University of Technology, Poland); photometric inflection method; night median MSAS=18.45; MSAS at inflection=17.31; depression=11.85°; smoothing=5-pt median; dark rows=793"
isha,2025-09-19,20:53,2,54.352,18.6466,5.0,Globe at Night Monitoring Network (GaN-MN). Continuous SQM-LE sky brightness data. https://globeatnight.org/gan-mn/. Station registry: http://globeatnight-network.org/,"GaN-MN station GUT (Gdansk University of Technology, Poland); photometric inflection method; night median MSAS=18.59; MSAS at inflection=18.42; depression=17.84°; smoothing=5-pt median; dark rows=629"
fajr,2025-09-21,04:49,2,54.352,18.6466,5.0,Globe at Night Monitoring Network (GaN-MN). Continuous SQM-LE sky brightness data. https://globeatnight.org/gan-mn/. Station registry: http://globeatnight-network.org/,"GaN-MN station GUT (Gdansk University of Technology, Poland); photometric inflection method; night median MSAS=18.40; MSAS at inflection=18.38; depression=14.93°; smoothing=5-pt median; dark rows=737"
isha,2025-09-25,20:28,2,54.352,18.6466,5.0,Globe at Night Monitoring Network (GaN-MN). Continuous SQM-LE sky brightness data. https://globeatnight.org/gan-mn/. Station registry: http://globeatnight-network.org/,"GaN-MN station GUT (Gdansk University of Technology, Poland); photometric inflection method; night median MSAS=18.61; MSAS at inflection=18.49; depression=16.76°; smoothing=5-pt median; dark rows=935"
fajr,2025-09-26,05:33,2,54.352,18.6466,5.0,Globe at Night Monitoring Network (GaN-MN). Continuous SQM-LE sky brightness data. https://globeatnight.org/gan-mn/. Station registry: http://globeatnight-network.org/,"GaN-MN station GUT (Gdansk University of Technology, Poland); photometric inflection method; night median MSAS=18.61; MSAS at inflection=17.69; depression=10.28°; smoothing=5-pt median; dark rows=935"
fajr,2025-09-02,04:55,8,22.2838,114.1337,70.0,Globe at Night Monitoring Network (GaN-MN). Continuous SQM-LE sky brightness data. https://globeatnight.org/gan-mn/. Station registry: http://globeatnight-network.org/,"GaN-MN station HKU (Pokfulam, Hong Kong); photometric inflection method; night median MSAS=18.00; MSAS at inflection=18.59; depression=16.90°; smoothing=5-pt median; dark rows=1211"
fajr,2025-09-04,05:15,8,22.2838,114.1337,70.0,Globe at Night Monitoring Network (GaN-MN). Continuous SQM-LE sky brightness data. https://globeatnight.org/gan-mn/. Station registry: http://globeatnight-network.org/,"GaN-MN station HKU (Pokfulam, Hong Kong); photometric inflection method; night median MSAS=18.05; MSAS at inflection=18.40; depression=12.60°; smoothing=5-pt median; dark rows=1217"
isha,2025-09-12,19:20,8,22.2838,114.1337,70.0,Globe at Night Monitoring Network (GaN-MN). Continuous SQM-LE sky brightness data. https://globeatnight.org/gan-mn/. Station registry: http://globeatnight-network.org/,"GaN-MN station HKU (Pokfulam, Hong Kong); photometric inflection method; night median MSAS=17.67; MSAS at inflection=17.60; depression=12.54°; smoothing=5-pt median; dark rows=1240"
fajr,2025-09-15,05:01,8,22.2838,114.1337,70.0,Globe at Night Monitoring Network (GaN-MN). Continuous SQM-LE sky brightness data. https://globeatnight.org/gan-mn/. Station registry: http://globeatnight-network.org/,"GaN-MN station HKU (Pokfulam, Hong Kong); photometric inflection method; night median MSAS=18.09; MSAS at inflection=17.61; depression=16.53°; smoothing=5-pt median; dark rows=1246"
fajr,2025-09-30,05:25,8,22.2838,114.1337,70.0,Globe at Night Monitoring Network (GaN-MN). Continuous SQM-LE sky brightness data. https://globeatnight.org/gan-mn/. Station registry: http://globeatnight-network.org/,"GaN-MN station HKU (Pokfulam, Hong Kong); photometric inflection method; night median MSAS=17.65; MSAS at inflection=17.90; depression=12.23°; smoothing=5-pt median; dark rows=1285"
isha,2025-09-01,19:20,8,22.3719,114.1133,80.0,Globe at Night Monitoring Network (GaN-MN). Continuous SQM-LE sky brightness data. https://globeatnight.org/gan-mn/. Station registry: http://globeatnight-network.org/,"GaN-MN station HKn (Ho Koon, Tsuen Wan, Hong Kong); photometric inflection method; night median MSAS=19.16; MSAS at inflection=18.09; depression=9.80°; smoothing=5-pt median; dark rows=1209"
fajr,2025-09-04,04:57,8,22.3719,114.1133,80.0,Globe at Night Monitoring Network (GaN-MN). Continuous SQM-LE sky brightness data. https://globeatnight.org/gan-mn/. Station registry: http://globeatnight-network.org/,"GaN-MN station HKn (Ho Koon, Tsuen Wan, Hong Kong); photometric inflection method; night median MSAS=19.28; MSAS at inflection=19.77; depression=16.57°; smoothing=5-pt median; dark rows=1214"
isha,2025-09-05,19:23,8,22.3719,114.1133,80.0,Globe at Night Monitoring Network (GaN-MN). Continuous SQM-LE sky brightness data. https://globeatnight.org/gan-mn/. Station registry: http://globeatnight-network.org/,"GaN-MN station HKn (Ho Koon, Tsuen Wan, Hong Kong); photometric inflection method; night median MSAS=18.51; MSAS at inflection=18.53; depression=11.50°; smoothing=5-pt median; dark rows=1219"
isha,2025-09-11,19:29,8,22.3719,114.1133,80.0,Globe at Night Monitoring Network (GaN-MN). Continuous SQM-LE sky brightness data. https://globeatnight.org/gan-mn/. Station registry: http://globeatnight-network.org/,"GaN-MN station HKn (Ho Koon, Tsuen Wan, Hong Kong); photometric inflection method; night median MSAS=18.16; MSAS at inflection=16.98; depression=14.27°; smoothing=5-pt median; dark rows=1235"
isha,2025-09-12,19:06,8,22.3719,114.1133,80.0,Globe at Night Monitoring Network (GaN-MN). Continuous SQM-LE sky brightness data. https://globeatnight.org/gan-mn/. Station registry: http://globeatnight-network.org/,"GaN-MN station HKn (Ho Koon, Tsuen Wan, Hong Kong); photometric inflection method; night median MSAS=19.12; MSAS at inflection=18.15; depression=9.14°; smoothing=5-pt median; dark rows=1238"
fajr,2025-09-14,04:37,8,22.3719,114.1133,80.0,Globe at Night Monitoring Network (GaN-MN). Continuous SQM-LE sky brightness data. https://globeatnight.org/gan-mn/. Station registry: http://globeatnight-network.org/,"GaN-MN station HKn (Ho Koon, Tsuen Wan, Hong Kong); photometric inflection method; night median MSAS=19.12; MSAS at inflection=17.79; depression=21.91°; smoothing=5-pt median; dark rows=1241"
fajr,2025-09-15,05:36,8,22.3719,114.1133,80.0,Globe at Night Monitoring Network (GaN-MN). Continuous SQM-LE sky brightness data. https://globeatnight.org/gan-mn/. Station registry: http://globeatnight-network.org/,"GaN-MN station HKn (Ho Koon, Tsuen Wan, Hong Kong); photometric inflection method; night median MSAS=19.53; MSAS at inflection=17.05; depression=8.58°; smoothing=5-pt median; dark rows=1243"
isha,2025-09-27,18:50,8,22.3719,114.1133,80.0,Globe at Night Monitoring Network (GaN-MN). Continuous SQM-LE sky brightness data. https://globeatnight.org/gan-mn/. Station registry: http://globeatnight-network.org/,"GaN-MN station HKn (Ho Koon, Tsuen Wan, Hong Kong); photometric inflection method; night median MSAS=19.43; MSAS at inflection=17.99; depression=8.94°; smoothing=5-pt median; dark rows=1277"
fajr,2025-09-30,05:30,8,22.3719,114.1133,80.0,Globe at Night Monitoring Network (GaN-MN). Continuous SQM-LE sky brightness data. https://globeatnight.org/gan-mn/. Station registry: http://globeatnight-network.org/,"GaN-MN station HKn (Ho Koon, Tsuen Wan, Hong Kong); photometric inflection method; night median MSAS=18.60; MSAS at inflection=18.80; depression=11.12°; smoothing=5-pt median; dark rows=1284"
isha,2025-09-03,19:28,8,24.1488,121.3239,2800.0,Globe at Night Monitoring Network (GaN-MN). Continuous SQM-LE sky brightness data. https://globeatnight.org/gan-mn/. Station registry: http://globeatnight-network.org/,"GaN-MN station Heh (Taroko National Park, Taiwan); photometric inflection method; night median MSAS=19.73; MSAS at inflection=18.49; depression=18.00°; smoothing=5-pt median; dark rows=1209"
fajr,2025-09-04,04:57,8,24.1488,121.3239,2800.0,Globe at Night Monitoring Network (GaN-MN). Continuous SQM-LE sky brightness data. https://globeatnight.org/gan-mn/. Station registry: http://globeatnight-network.org/,"GaN-MN station Heh (Taroko National Park, Taiwan); photometric inflection method; night median MSAS=19.73; MSAS at inflection=18.05; depression=9.70°; smoothing=5-pt median; dark rows=1209"
isha,2025-09-04,19:01,8,24.1488,121.3239,2800.0,Globe at Night Monitoring Network (GaN-MN). Continuous SQM-LE sky brightness data. https://globeatnight.org/gan-mn/. Station registry: http://globeatnight-network.org/,"GaN-MN station Heh (Taroko National Park, Taiwan); photometric inflection method; night median MSAS=19.66; MSAS at inflection=18.31; depression=12.39°; smoothing=5-pt median; dark rows=1166"
fajr,2025-09-08,04:31,8,24.1488,121.3239,2800.0,Globe at Night Monitoring Network (GaN-MN). Continuous SQM-LE sky brightness data. https://globeatnight.org/gan-mn/. Station registry: http://globeatnight-network.org/,"GaN-MN station Heh (Taroko National Park, Taiwan); photometric inflection method; night median MSAS=17.75; MSAS at inflection=19.11; depression=15.85°; smoothing=5-pt median; dark rows=1221"
isha,2025-09-19,19:18,8,24.1488,121.3239,2800.0,Globe at Night Monitoring Network (GaN-MN). Continuous SQM-LE sky brightness data. https://globeatnight.org/gan-mn/. Station registry: http://globeatnight-network.org/,"GaN-MN station Heh (Taroko National Park, Taiwan); photometric inflection method; night median MSAS=20.92; MSAS at inflection=20.08; depression=19.96°; smoothing=5-pt median; dark rows=1256"
fajr,2025-09-22,04:41,8,24.1488,121.3239,2800.0,Globe at Night Monitoring Network (GaN-MN). Continuous SQM-LE sky brightness data. https://globeatnight.org/gan-mn/. Station registry: http://globeatnight-network.org/,"GaN-MN station Heh (Taroko National Park, Taiwan); photometric inflection method; night median MSAS=19.36; MSAS at inflection=18.62; depression=14.92°; smoothing=5-pt median; dark rows=1261"
fajr,2025-09-23,05:15,8,24.1488,121.3239,2800.0,Globe at Night Monitoring Network (GaN-MN). Continuous SQM-LE sky brightness data. https://globeatnight.org/gan-mn/. Station registry: http://globeatnight-network.org/,"GaN-MN station Heh (Taroko National Park, Taiwan); photometric inflection method; night median MSAS=19.93; MSAS at inflection=17.53; depression=7.25°; smoothing=5-pt median; dark rows=1264"
isha,2025-09-24,19:07,8,24.1488,121.3239,2800.0,Globe at Night Monitoring Network (GaN-MN). Continuous SQM-LE sky brightness data. https://globeatnight.org/gan-mn/. Station registry: http://globeatnight-network.org/,"GaN-MN station Heh (Taroko National Park, Taiwan); photometric inflection method; night median MSAS=20.30; MSAS at inflection=20.68; depression=18.75°; smoothing=5-pt median; dark rows=1270"
fajr,2025-09-26,04:36,8,24.1488,121.3239,2800.0,Globe at Night Monitoring Network (GaN-MN). Continuous SQM-LE sky brightness data. https://globeatnight.org/gan-mn/. Station registry: http://globeatnight-network.org/,"GaN-MN station Heh (Taroko National Park, Taiwan); photometric inflection method; night median MSAS=20.11; MSAS at inflection=19.30; depression=16.39°; smoothing=5-pt median; dark rows=1272"
fajr,2025-09-27,04:16,8,24.1488,121.3239,2800.0,Globe at Night Monitoring Network (GaN-MN). Continuous SQM-LE sky brightness data. https://globeatnight.org/gan-mn/. Station registry: http://globeatnight-network.org/,"GaN-MN station Heh (Taroko National Park, Taiwan); photometric inflection method; night median MSAS=20.89; MSAS at inflection=20.92; depression=20.99°; smoothing=5-pt median; dark rows=1275"
isha,2025-09-01,22:16,2,59.0028,16.2068,50.0,Globe at Night Monitoring Network (GaN-MN). Continuous SQM-LE sky brightness data. https://globeatnight.org/gan-mn/. Station registry: http://globeatnight-network.org/,"GaN-MN station KO (Kolstugan Observatory, Katrineholm, Sweden); photometric inflection method; night median MSAS=20.96; MSAS at inflection=20.74; depression=15.93°; smoothing=5-pt median; dark rows=881"
isha,2025-09-04,22:38,2,59.0028,16.2068,50.0,Globe at Night Monitoring Network (GaN-MN). Continuous SQM-LE sky brightness data. https://globeatnight.org/gan-mn/. Station registry: http://globeatnight-network.org/,"GaN-MN station KO (Kolstugan Observatory, Katrineholm, Sweden); photometric inflection method; night median MSAS=20.05; MSAS at inflection=19.89; depression=18.82°; smoothing=5-pt median; dark rows=917"
isha,2025-09-05,21:11,2,59.0028,16.2068,50.0,Globe at Night Monitoring Network (GaN-MN). Continuous SQM-LE sky brightness data. https://globeatnight.org/gan-mn/. Station registry: http://globeatnight-network.org/,"GaN-MN station KO (Kolstugan Observatory, Katrineholm, Sweden); photometric inflection method; night median MSAS=19.58; MSAS at inflection=18.26; depression=11.12°; smoothing=5-pt median; dark rows=929"
fajr,2025-09-12,04:04,2,59.0028,16.2068,50.0,Globe at Night Monitoring Network (GaN-MN). Continuous SQM-LE sky brightness data. https://globeatnight.org/gan-mn/. Station registry: http://globeatnight-network.org/,"GaN-MN station KO (Kolstugan Observatory, Katrineholm, Sweden); photometric inflection method; night median MSAS=18.82; MSAS at inflection=17.72; depression=16.30°; smoothing=5-pt median; dark rows=1001"
isha,2025-09-12,21:03,2,59.0028,16.2068,50.0,Globe at Night Monitoring Network (GaN-MN). Continuous SQM-LE sky brightness data. https://globeatnight.org/gan-mn/. Station registry: http://globeatnight-network.org/,"GaN-MN station KO (Kolstugan Observatory, Katrineholm, Sweden); photometric inflection method; night median MSAS=19.79; MSAS at inflection=19.96; depression=12.86°; smoothing=5-pt median; dark rows=1013"
isha,2025-09-13,20:44,2,59.0028,16.2068,50.0,Globe at Night Monitoring Network (GaN-MN). Continuous SQM-LE sky brightness data. https://globeatnight.org/gan-mn/. Station registry: http://globeatnight-network.org/,"GaN-MN station KO (Kolstugan Observatory, Katrineholm, Sweden); photometric inflection method; night median MSAS=19.88; MSAS at inflection=18.73; depression=11.09°; smoothing=5-pt median; dark rows=810"
isha,2025-09-14,20:56,2,59.0028,16.2068,50.0,Globe at Night Monitoring Network (GaN-MN). Continuous SQM-LE sky brightness data. https://globeatnight.org/gan-mn/. Station registry: http://globeatnight-network.org/,"GaN-MN station KO (Kolstugan Observatory, Katrineholm, Sweden); photometric inflection method; night median MSAS=19.69; MSAS at inflection=19.50; depression=12.89°; smoothing=5-pt median; dark rows=1036"
fajr,2025-09-16,04:28,2,59.0028,16.2068,50.0,Globe at Night Monitoring Network (GaN-MN). Continuous SQM-LE sky brightness data. https://globeatnight.org/gan-mn/. Station registry: http://globeatnight-network.org/,"GaN-MN station KO (Kolstugan Observatory, Katrineholm, Sweden); photometric inflection method; night median MSAS=20.68; MSAS at inflection=19.35; depression=15.00°; smoothing=5-pt median; dark rows=1048"
isha,2025-09-14,19:12,8,22.3125,114.1753,65.0,Globe at Night Monitoring Network (GaN-MN). Continuous SQM-LE sky brightness data. https://globeatnight.org/gan-mn/. Station registry: http://globeatnight-network.org/,"GaN-MN station KP (King's Park, Hong Kong Observatory); photometric inflection method; night median MSAS=17.66; MSAS at inflection=16.70; depression=11.10°; smoothing=5-pt median; dark rows=1245"
fajr,2025-09-15,04:40,8,22.3125,114.1753,65.0,Globe at Night Monitoring Network (GaN-MN). Continuous SQM-LE sky brightness data. https://globeatnight.org/gan-mn/. Station registry: http://globeatnight-network.org/,"GaN-MN station KP (King's Park, Hong Kong Observatory); photometric inflection method; night median MSAS=17.66; MSAS at inflection=17.73; depression=21.25°; smoothing=5-pt median; dark rows=1245"
fajr,2025-09-25,05:51,-4,38.3361,-86.4656,200.0,Globe at Night Monitoring Network (GaN-MN). Continuous SQM-LE sky brightness data. https://globeatnight.org/gan-mn/. Station registry: http://globeatnight-network.org/,"GaN-MN station LASO (Louisville Astronomical Society, Indiana, USA); photometric inflection method; night median MSAS=20.77; MSAS at inflection=21.36; depression=21.23°; smoothing=5-pt median; dark rows=174"
isha,2025-09-25,21:19,-4,38.3361,-86.4656,200.0,Globe at Night Monitoring Network (GaN-MN). Continuous SQM-LE sky brightness data. https://globeatnight.org/gan-mn/. Station registry: http://globeatnight-network.org/,"GaN-MN station LASO (Louisville Astronomical Society, Indiana, USA); photometric inflection method; night median MSAS=21.19; MSAS at inflection=21.06; depression=20.56°; smoothing=5-pt median; dark rows=192"
fajr,2025-09-26,05:51,-4,38.3361,-86.4656,200.0,Globe at Night Monitoring Network (GaN-MN). Continuous SQM-LE sky brightness data. https://globeatnight.org/gan-mn/. Station registry: http://globeatnight-network.org/,"GaN-MN station LASO (Louisville Astronomical Society, Indiana, USA); photometric inflection method; night median MSAS=21.19; MSAS at inflection=21.16; depression=21.42°; smoothing=5-pt median; dark rows=192"
fajr,2025-09-27,05:59,-4,38.3361,-86.4656,200.0,Globe at Night Monitoring Network (GaN-MN). Continuous SQM-LE sky brightness data. https://globeatnight.org/gan-mn/. Station registry: http://globeatnight-network.org/,"GaN-MN station LASO (Louisville Astronomical Society, Indiana, USA); photometric inflection method; night median MSAS=21.14; MSAS at inflection=21.10; depression=20.09°; smoothing=5-pt median; dark rows=176"
fajr,2025-09-28,06:01,-4,38.3361,-86.4656,200.0,Globe at Night Monitoring Network (GaN-MN). Continuous SQM-LE sky brightness data. https://globeatnight.org/gan-mn/. Station registry: http://globeatnight-network.org/,"GaN-MN station LASO (Louisville Astronomical Society, Indiana, USA); photometric inflection method; night median MSAS=21.14; MSAS at inflection=21.14; depression=19.89°; smoothing=5-pt median; dark rows=156"
fajr,2025-09-29,06:10,-4,38.3361,-86.4656,200.0,Globe at Night Monitoring Network (GaN-MN). Continuous SQM-LE sky brightness data. https://globeatnight.org/gan-mn/. Station registry: http://globeatnight-network.org/,"GaN-MN station LASO (Louisville Astronomical Society, Indiana, USA); photometric inflection method; night median MSAS=21.16; MSAS at inflection=21.12; depression=18.36°; smoothing=5-pt median; dark rows=157"
fajr,2025-09-03,04:35,8,22.2833,114.2444,25.0,Globe at Night Monitoring Network (GaN-MN). Continuous SQM-LE sky brightness data. https://globeatnight.org/gan-mn/. Station registry: http://globeatnight-network.org/,"GaN-MN station LHY (Siu Sai Wan, Hong Kong); photometric inflection method; night median MSAS=17.96; MSAS at inflection=18.35; depression=21.23°; smoothing=5-pt median; dark rows=1213"
isha,2025-09-03,19:14,8,22.2833,114.2444,25.0,Globe at Night Monitoring Network (GaN-MN). Continuous SQM-LE sky brightness data. https://globeatnight.org/gan-mn/. Station registry: http://globeatnight-network.org/,"GaN-MN station LHY (Siu Sai Wan, Hong Kong); photometric inflection method; night median MSAS=18.33; MSAS at inflection=17.01; depression=9.19°; smoothing=5-pt median; dark rows=1216"
isha,2025-09-05,20:02,8,22.2833,114.2444,25.0,Globe at Night Monitoring Network (GaN-MN). Continuous SQM-LE sky brightness data. https://globeatnight.org/gan-mn/. Station registry: http://globeatnight-network.org/,"GaN-MN station LHY (Siu Sai Wan, Hong Kong); photometric inflection method; night median MSAS=18.15; MSAS at inflection=17.95; depression=20.27°; smoothing=5-pt median; dark rows=1221"
fajr,2025-09-06,05:15,8,22.2833,114.2444,25.0,Globe at Night Monitoring Network (GaN-MN). Continuous SQM-LE sky brightness data. https://globeatnight.org/gan-mn/. Station registry: http://globeatnight-network.org/,"GaN-MN station LHY (Siu Sai Wan, Hong Kong); photometric inflection method; night median MSAS=18.15; MSAS at inflection=18.99; depression=12.54°; smoothing=5-pt median; dark rows=1221"
isha,2025-09-10,20:00,8,22.2833,114.2444,25.0,Globe at Night Monitoring Network (GaN-MN). Continuous SQM-LE sky brightness data. https://globeatnight.org/gan-mn/. Station registry: http://globeatnight-network.org/,"GaN-MN station LHY (Siu Sai Wan, Hong Kong); photometric inflection method; night median MSAS=17.75; MSAS at inflection=16.98; depression=21.24°; smoothing=5-pt median; dark rows=1230"
isha,2025-09-14,19:18,8,22.2833,114.2444,25.0,Globe at Night Monitoring Network (GaN-MN). Continuous SQM-LE sky brightness data. https://globeatnight.org/gan-mn/. Station registry: http://globeatnight-network.org/,"GaN-MN station LHY (Siu Sai Wan, Hong Kong); photometric inflection method; night median MSAS=18.74; MSAS at inflection=18.23; depression=12.60°; smoothing=5-pt median; dark rows=1245"
fajr,2025-09-15,05:26,8,22.2833,114.2444,25.0,Globe at Night Monitoring Network (GaN-MN). Continuous SQM-LE sky brightness data. https://globeatnight.org/gan-mn/. Station registry: http://globeatnight-network.org/,"GaN-MN station LHY (Siu Sai Wan, Hong Kong); photometric inflection method; night median MSAS=18.74; MSAS at inflection=16.70; depression=10.77°; smoothing=5-pt median; dark rows=1245"
isha,2025-09-16,19:04,8,22.2833,114.2444,25.0,Globe at Night Monitoring Network (GaN-MN). Continuous SQM-LE sky brightness data. https://globeatnight.org/gan-mn/. Station registry: http://globeatnight-network.org/,"GaN-MN station LHY (Siu Sai Wan, Hong Kong); photometric inflection method; night median MSAS=18.01; MSAS at inflection=17.33; depression=9.87°; smoothing=5-pt median; dark rows=1250"
fajr,2025-09-17,05:34,8,22.2833,114.2444,25.0,Globe at Night Monitoring Network (GaN-MN). Continuous SQM-LE sky brightness data. https://globeatnight.org/gan-mn/. Station registry: http://globeatnight-network.org/,"GaN-MN station LHY (Siu Sai Wan, Hong Kong); photometric inflection method; night median MSAS=18.01; MSAS at inflection=17.76; depression=9.18°; smoothing=5-pt median; dark rows=1250"
isha,2025-09-17,18:55,8,22.2833,114.2444,25.0,Globe at Night Monitoring Network (GaN-MN). Continuous SQM-LE sky brightness data. https://globeatnight.org/gan-mn/. Station registry: http://globeatnight-network.org/,"GaN-MN station LHY (Siu Sai Wan, Hong Kong); photometric inflection method; night median MSAS=17.95; MSAS at inflection=15.83; depression=8.04°; smoothing=5-pt median; dark rows=1252"
fajr,2025-09-18,05:28,8,22.2833,114.2444,25.0,Globe at Night Monitoring Network (GaN-MN). Continuous SQM-LE sky brightness data. https://globeatnight.org/gan-mn/. Station registry: http://globeatnight-network.org/,"GaN-MN station LHY (Siu Sai Wan, Hong Kong); photometric inflection method; night median MSAS=17.95; MSAS at inflection=18.57; depression=10.62°; smoothing=5-pt median; dark rows=1252"
isha,2025-09-21,19:20,8,22.2833,114.2444,25.0,Globe at Night Monitoring Network (GaN-MN). Continuous SQM-LE sky brightness data. https://globeatnight.org/gan-mn/. Station registry: http://globeatnight-network.org/,"GaN-MN station LHY (Siu Sai Wan, Hong Kong); photometric inflection method; night median MSAS=17.88; MSAS at inflection=15.57; depression=14.76°; smoothing=5-pt median; dark rows=1264"
isha,2025-09-22,18:58,8,22.2833,114.2444,25.0,Globe at Night Monitoring Network (GaN-MN). Continuous SQM-LE sky brightness data. https://globeatnight.org/gan-mn/. Station registry: http://globeatnight-network.org/,"GaN-MN station LHY (Siu Sai Wan, Hong Kong); photometric inflection method; night median MSAS=17.82; MSAS at inflection=17.39; depression=9.81°; smoothing=5-pt median; dark rows=1267"
isha,2025-09-26,19:10,8,22.2833,114.2444,25.0,Globe at Night Monitoring Network (GaN-MN). Continuous SQM-LE sky brightness data. https://globeatnight.org/gan-mn/. Station registry: http://globeatnight-network.org/,"GaN-MN station LHY (Siu Sai Wan, Hong Kong); photometric inflection method; night median MSAS=17.59; MSAS at inflection=17.24; depression=13.64°; smoothing=5-pt median; dark rows=1277"
fajr,2025-09-27,05:35,8,22.2833,114.2444,25.0,Globe at Night Monitoring Network (GaN-MN). Continuous SQM-LE sky brightness data. https://globeatnight.org/gan-mn/. Station registry: http://globeatnight-network.org/,"GaN-MN station LHY (Siu Sai Wan, Hong Kong); photometric inflection method; night median MSAS=17.59; MSAS at inflection=17.24; depression=9.51°; smoothing=5-pt median; dark rows=1277"
fajr,2025-10-01,05:25,8,22.2833,114.2444,25.0,Globe at Night Monitoring Network (GaN-MN). Continuous SQM-LE sky brightness data. https://globeatnight.org/gan-mn/. Station registry: http://globeatnight-network.org/,"GaN-MN station LHY (Siu Sai Wan, Hong Kong); photometric inflection method; night median MSAS=17.92; MSAS at inflection=18.63; depression=12.13°; smoothing=5-pt median; dark rows=1287"
fajr,2025-09-02,05:16,8,22.4958,114.0322,3.0,Globe at Night Monitoring Network (GaN-MN). Continuous SQM-LE sky brightness data. https://globeatnight.org/gan-mn/. Station registry: http://globeatnight-network.org/,"GaN-MN station MP (Mai Po Nature Reserve, Hong Kong); photometric inflection method; night median MSAS=18.91; MSAS at inflection=19.18; depression=12.23°; smoothing=5-pt median; dark rows=1210"
fajr,2025-09-03,05:34,8,22.4958,114.0322,3.0,Globe at Night Monitoring Network (GaN-MN). Continuous SQM-LE sky brightness data. https://globeatnight.org/gan-mn/. Station registry: http://globeatnight-network.org/,"GaN-MN station MP (Mai Po Nature Reserve, Hong Kong); photometric inflection method; night median MSAS=18.78; MSAS at inflection=16.85; depression=8.26°; smoothing=5-pt median; dark rows=1212"
fajr,2025-09-05,05:35,8,22.4958,114.0322,3.0,Globe at Night Monitoring Network (GaN-MN). Continuous SQM-LE sky brightness data. https://globeatnight.org/gan-mn/. Station registry: http://globeatnight-network.org/,"GaN-MN station MP (Mai Po Nature Reserve, Hong Kong); photometric inflection method; night median MSAS=18.33; MSAS at inflection=16.82; depression=8.17°; smoothing=5-pt median; dark rows=1217"
fajr,2025-09-07,05:31,8,22.4958,114.0322,3.0,Globe at Night Monitoring Network (GaN-MN). Continuous SQM-LE sky brightness data. https://globeatnight.org/gan-mn/. Station registry: http://globeatnight-network.org/,"GaN-MN station MP (Mai Po Nature Reserve, Hong Kong); photometric inflection method; night median MSAS=17.50; MSAS at inflection=17.51; depression=9.22°; smoothing=5-pt median; dark rows=1224"
fajr,2025-09-14,05:32,8,22.4958,114.0322,3.0,Globe at Night Monitoring Network (GaN-MN). Continuous SQM-LE sky brightness data. https://globeatnight.org/gan-mn/. Station registry: http://globeatnight-network.org/,"GaN-MN station MP (Mai Po Nature Reserve, Hong Kong); photometric inflection method; night median MSAS=18.12; MSAS at inflection=15.73; depression=9.47°; smoothing=5-pt median; dark rows=1242"
fajr,2025-09-19,05:17,8,22.4958,114.0322,3.0,Globe at Night Monitoring Network (GaN-MN). Continuous SQM-LE sky brightness data. https://globeatnight.org/gan-mn/. Station registry: http://globeatnight-network.org/,"GaN-MN station MP (Mai Po Nature Reserve, Hong Kong); photometric inflection method; night median MSAS=18.40; MSAS at inflection=18.48; depression=13.22°; smoothing=5-pt median; dark rows=1255"
fajr,2025-09-22,05:35,8,22.4958,114.0322,3.0,Globe at Night Monitoring Network (GaN-MN). Continuous SQM-LE sky brightness data. https://globeatnight.org/gan-mn/. Station registry: http://globeatnight-network.org/,"GaN-MN station MP (Mai Po Nature Reserve, Hong Kong); photometric inflection method; night median MSAS=18.98; MSAS at inflection=18.13; depression=9.42°; smoothing=5-pt median; dark rows=1263"
fajr,2025-09-26,05:21,8,22.4958,114.0322,3.0,Globe at Night Monitoring Network (GaN-MN). Continuous SQM-LE sky brightness data. https://globeatnight.org/gan-mn/. Station registry: http://globeatnight-network.org/,"GaN-MN station MP (Mai Po Nature Reserve, Hong Kong); photometric inflection method; night median MSAS=17.71; MSAS at inflection=17.53; depression=12.79°; smoothing=5-pt median; dark rows=1273"
fajr,2025-09-27,05:35,8,22.4958,114.0322,3.0,Globe at Night Monitoring Network (GaN-MN). Continuous SQM-LE sky brightness data. https://globeatnight.org/gan-mn/. Station registry: http://globeatnight-network.org/,"GaN-MN station MP (Mai Po Nature Reserve, Hong Kong); photometric inflection method; night median MSAS=17.82; MSAS at inflection=17.62; depression=9.63°; smoothing=5-pt median; dark rows=1276"
fajr,2025-09-28,05:02,8,22.4958,114.0322,3.0,Globe at Night Monitoring Network (GaN-MN). Continuous SQM-LE sky brightness data. https://globeatnight.org/gan-mn/. Station registry: http://globeatnight-network.org/,"GaN-MN station MP (Mai Po Nature Reserve, Hong Kong); photometric inflection method; night median MSAS=18.65; MSAS at inflection=17.98; depression=17.30°; smoothing=5-pt median; dark rows=1279"
fajr,2025-09-30,04:57,8,22.4958,114.0322,3.0,Globe at Night Monitoring Network (GaN-MN). Continuous SQM-LE sky brightness data. https://globeatnight.org/gan-mn/. Station registry: http://globeatnight-network.org/,"GaN-MN station MP (Mai Po Nature Reserve, Hong Kong); photometric inflection method; night median MSAS=17.55; MSAS at inflection=18.62; depression=18.71°; smoothing=5-pt median; dark rows=1283"
fajr,2025-09-07,05:41,2,-24.9667,15.95,1250.0,Globe at Night Monitoring Network (GaN-MN). Continuous SQM-LE sky brightness data. https://globeatnight.org/gan-mn/. Station registry: http://globeatnight-network.org/,"GaN-MN station Nrnr (NamibRand Nature Reserve, Namibia); photometric inflection method; night median MSAS=17.71; MSAS at inflection=19.67; depression=18.95°; smoothing=5-pt median; dark rows=130"
isha,2025-09-09,19:26,2,-24.9667,15.95,1250.0,Globe at Night Monitoring Network (GaN-MN). Continuous SQM-LE sky brightness data. https://globeatnight.org/gan-mn/. Station registry: http://globeatnight-network.org/,"GaN-MN station Nrnr (NamibRand Nature Reserve, Namibia); photometric inflection method; night median MSAS=18.84; MSAS at inflection=17.99; depression=9.67°; smoothing=5-pt median; dark rows=130"
fajr,2025-09-10,06:16,2,-24.9667,15.95,1250.0,Globe at Night Monitoring Network (GaN-MN). Continuous SQM-LE sky brightness data. https://globeatnight.org/gan-mn/. Station registry: http://globeatnight-network.org/,"GaN-MN station Nrnr (NamibRand Nature Reserve, Namibia); photometric inflection method; night median MSAS=18.84; MSAS at inflection=18.36; depression=10.31°; smoothing=5-pt median; dark rows=130"
fajr,2025-09-14,05:01,12,-45.0966,170.9694,30.0,Globe at Night Monitoring Network (GaN-MN). Continuous SQM-LE sky brightness data. https://globeatnight.org/gan-mn/. Station registry: http://globeatnight-network.org/,"GaN-MN station Oam (Oamaru, South Island, New Zealand); photometric inflection method; night median MSAS=19.24; MSAS at inflection=20.07; depression=18.38°; smoothing=5-pt median; dark rows=1270"
isha,2025-09-14,19:32,12,-45.0966,170.9694,30.0,Globe at Night Monitoring Network (GaN-MN). Continuous SQM-LE sky brightness data. https://globeatnight.org/gan-mn/. Station registry: http://globeatnight-network.org/,"GaN-MN station Oam (Oamaru, South Island, New Zealand); photometric inflection method; night median MSAS=20.83; MSAS at inflection=19.90; depression=13.10°; smoothing=5-pt median; dark rows=1264"
fajr,2025-09-17,05:01,12,-45.0966,170.9694,30.0,Globe at Night Monitoring Network (GaN-MN). Continuous SQM-LE sky brightness data. https://globeatnight.org/gan-mn/. Station registry: http://globeatnight-network.org/,"GaN-MN station Oam (Oamaru, South Island, New Zealand); photometric inflection method; night median MSAS=20.30; MSAS at inflection=20.54; depression=17.35°; smoothing=5-pt median; dark rows=1251"
fajr,2025-09-20,05:27,12,-45.0966,170.9694,30.0,Globe at Night Monitoring Network (GaN-MN). Continuous SQM-LE sky brightness data. https://globeatnight.org/gan-mn/. Station registry: http://globeatnight-network.org/,"GaN-MN station Oam (Oamaru, South Island, New Zealand); photometric inflection method; night median MSAS=20.78; MSAS at inflection=18.91; depression=11.77°; smoothing=5-pt median; dark rows=1232"
fajr,2025-09-22,05:23,12,-45.0966,170.9694,30.0,Globe at Night Monitoring Network (GaN-MN). Continuous SQM-LE sky brightness data. https://globeatnight.org/gan-mn/. Station registry: http://globeatnight-network.org/,"GaN-MN station Oam (Oamaru, South Island, New Zealand); photometric inflection method; night median MSAS=20.46; MSAS at inflection=19.74; depression=11.79°; smoothing=5-pt median; dark rows=1219"
fajr,2025-09-23,05:01,12,-45.0966,170.9694,30.0,Globe at Night Monitoring Network (GaN-MN). Continuous SQM-LE sky brightness data. https://globeatnight.org/gan-mn/. Station registry: http://globeatnight-network.org/,"GaN-MN station Oam (Oamaru, South Island, New Zealand); photometric inflection method; night median MSAS=20.72; MSAS at inflection=18.69; depression=15.28°; smoothing=5-pt median; dark rows=1212"
fajr,2025-09-24,05:22,12,-45.0966,170.9694,30.0,Globe at Night Monitoring Network (GaN-MN). Continuous SQM-LE sky brightness data. https://globeatnight.org/gan-mn/. Station registry: http://globeatnight-network.org/,"GaN-MN station Oam (Oamaru, South Island, New Zealand); photometric inflection method; night median MSAS=19.79; MSAS at inflection=19.25; depression=11.19°; smoothing=5-pt median; dark rows=1206"
isha,2025-09-28,20:03,12,-45.0966,170.9694,30.0,Globe at Night Monitoring Network (GaN-MN). Continuous SQM-LE sky brightness data. https://globeatnight.org/gan-mn/. Station registry: http://globeatnight-network.org/,"GaN-MN station Oam (Oamaru, South Island, New Zealand); photometric inflection method; night median MSAS=20.34; MSAS at inflection=19.61; depression=15.20°; smoothing=5-pt median; dark rows=1173"
fajr,2025-09-29,05:20,12,-45.0966,170.9694,30.0,Globe at Night Monitoring Network (GaN-MN). Continuous SQM-LE sky brightness data. https://globeatnight.org/gan-mn/. Station registry: http://globeatnight-network.org/,"GaN-MN station Oam (Oamaru, South Island, New Zealand); photometric inflection method; night median MSAS=20.34; MSAS at inflection=18.10; depression=9.91°; smoothing=5-pt median; dark rows=1173"
fajr,2025-10-01,05:01,12,-45.0966,170.9694,30.0,Globe at Night Monitoring Network (GaN-MN). Continuous SQM-LE sky brightness data. https://globeatnight.org/gan-mn/. Station registry: http://globeatnight-network.org/,"GaN-MN station Oam (Oamaru, South Island, New Zealand); photometric inflection method; night median MSAS=18.38; MSAS at inflection=18.38; depression=12.53°; smoothing=5-pt median; dark rows=1161"
fajr,2025-09-02,05:07,-3,-22.2803,-46.3647,870.0,Globe at Night Monitoring Network (GaN-MN). Continuous SQM-LE sky brightness data. https://globeatnight.org/gan-mn/. Station registry: http://globeatnight-network.org/,"GaN-MN station PAOF (Ouro Fino, MG, Brazil); photometric inflection method; night median MSAS=19.87; MSAS at inflection=21.07; depression=16.27°; smoothing=5-pt median; dark rows=817"
isha,2025-09-02,18:38,-3,-22.2803,-46.3647,870.0,Globe at Night Monitoring Network (GaN-MN). Continuous SQM-LE sky brightness data. https://globeatnight.org/gan-mn/. Station registry: http://globeatnight-network.org/,"GaN-MN station PAOF (Ouro Fino, MG, Brazil); photometric inflection method; night median MSAS=18.63; MSAS at inflection=17.31; depression=10.60°; smoothing=5-pt median; dark rows=525"
fajr,2025-09-03,05:37,-3,-22.2803,-46.3647,870.0,Globe at Night Monitoring Network (GaN-MN). Continuous SQM-LE sky brightness data. https://globeatnight.org/gan-mn/. Station registry: http://globeatnight-network.org/,"GaN-MN station PAOF (Ouro Fino, MG, Brazil); photometric inflection method; night median MSAS=18.63; MSAS at inflection=16.73; depression=8.97°; smoothing=5-pt median; dark rows=525"
isha,2025-09-04,19:09,-3,-22.2803,-46.3647,870.0,Globe at Night Monitoring Network (GaN-MN). Continuous SQM-LE sky brightness data. https://globeatnight.org/gan-mn/. Station registry: http://globeatnight-network.org/,"GaN-MN station PAOF (Ouro Fino, MG, Brazil); photometric inflection method; night median MSAS=18.22; MSAS at inflection=18.13; depression=17.59°; smoothing=5-pt median; dark rows=636"
fajr,2025-09-09,05:18,-3,-22.2803,-46.3647,870.0,Globe at Night Monitoring Network (GaN-MN). Continuous SQM-LE sky brightness data. https://globeatnight.org/gan-mn/. Station registry: http://globeatnight-network.org/,"GaN-MN station PAOF (Ouro Fino, MG, Brazil); photometric inflection method; night median MSAS=17.87; MSAS at inflection=18.45; depression=12.28°; smoothing=5-pt median; dark rows=783"
fajr,2025-09-10,05:30,-3,-22.2803,-46.3647,870.0,Globe at Night Monitoring Network (GaN-MN). Continuous SQM-LE sky brightness data. https://globeatnight.org/gan-mn/. Station registry: http://globeatnight-network.org/,"GaN-MN station PAOF (Ouro Fino, MG, Brazil); photometric inflection method; night median MSAS=18.57; MSAS at inflection=16.73; depression=9.14°; smoothing=5-pt median; dark rows=803"
fajr,2025-09-11,05:09,-3,-22.2803,-46.3647,870.0,Globe at Night Monitoring Network (GaN-MN). Continuous SQM-LE sky brightness data. https://globeatnight.org/gan-mn/. Station registry: http://globeatnight-network.org/,"GaN-MN station PAOF (Ouro Fino, MG, Brazil); photometric inflection method; night median MSAS=19.27; MSAS at inflection=18.76; depression=13.86°; smoothing=5-pt median; dark rows=803"
fajr,2025-09-02,05:03,8,22.2328,113.9007,15.0,Globe at Night Monitoring Network (GaN-MN). Continuous SQM-LE sky brightness data. https://globeatnight.org/gan-mn/. Station registry: http://globeatnight-network.org/,"GaN-MN station SH (Shek Pik, Lantau Island, Hong Kong); photometric inflection method; night median MSAS=18.19; MSAS at inflection=19.26; depression=15.38°; smoothing=5-pt median; dark rows=1211"
isha,2025-09-02,20:00,8,22.2328,113.9007,15.0,Globe at Night Monitoring Network (GaN-MN). Continuous SQM-LE sky brightness data. https://globeatnight.org/gan-mn/. Station registry: http://globeatnight-network.org/,"GaN-MN station SH (Shek Pik, Lantau Island, Hong Kong); photometric inflection method; night median MSAS=18.41; MSAS at inflection=18.37; depression=18.84°; smoothing=5-pt median; dark rows=1213"
fajr,2025-09-03,05:12,8,22.2328,113.9007,15.0,Globe at Night Monitoring Network (GaN-MN). Continuous SQM-LE sky brightness data. https://globeatnight.org/gan-mn/. Station registry: http://globeatnight-network.org/,"GaN-MN station SH (Shek Pik, Lantau Island, Hong Kong); photometric inflection method; night median MSAS=18.41; MSAS at inflection=19.54; depression=13.33°; smoothing=5-pt median; dark rows=1213"
isha,2025-09-04,19:39,8,22.2328,113.9007,15.0,Globe at Night Monitoring Network (GaN-MN). Continuous SQM-LE sky brightness data. https://globeatnight.org/gan-mn/. Station registry: http://globeatnight-network.org/,"GaN-MN station SH (Shek Pik, Lantau Island, Hong Kong); photometric inflection method; night median MSAS=18.09; MSAS at inflection=18.13; depression=14.74°; smoothing=5-pt median; dark rows=1219"
fajr,2025-09-17,05:30,8,22.2328,113.9007,15.0,Globe at Night Monitoring Network (GaN-MN). Continuous SQM-LE sky brightness data. https://globeatnight.org/gan-mn/. Station registry: http://globeatnight-network.org/,"GaN-MN station SH (Shek Pik, Lantau Island, Hong Kong); photometric inflection method; night median MSAS=18.05; MSAS at inflection=18.07; depression=10.24°; smoothing=5-pt median; dark rows=1251"
isha,2025-09-18,19:07,8,22.2328,113.9007,15.0,Globe at Night Monitoring Network (GaN-MN). Continuous SQM-LE sky brightness data. https://globeatnight.org/gan-mn/. Station registry: http://globeatnight-network.org/,"GaN-MN station SH (Shek Pik, Lantau Island, Hong Kong); photometric inflection method; night median MSAS=19.34; MSAS at inflection=18.55; depression=10.78°; smoothing=5-pt median; dark rows=1255"
fajr,2025-09-19,05:03,8,22.2328,113.9007,15.0,Globe at Night Monitoring Network (GaN-MN). Continuous SQM-LE sky brightness data. https://globeatnight.org/gan-mn/. Station registry: http://globeatnight-network.org/,"GaN-MN station SH (Shek Pik, Lantau Island, Hong Kong); photometric inflection method; night median MSAS=19.34; MSAS at inflection=18.20; depression=16.68°; smoothing=5-pt median; dark rows=1255"
isha,2025-09-20,18:56,8,22.2328,113.9007,15.0,Globe at Night Monitoring Network (GaN-MN). Continuous SQM-LE sky brightness data. https://globeatnight.org/gan-mn/. Station registry: http://globeatnight-network.org/,"GaN-MN station SH (Shek Pik, Lantau Island, Hong Kong); photometric inflection method; night median MSAS=18.01; MSAS at inflection=16.75; depression=8.72°; smoothing=5-pt median; dark rows=1261"
fajr,2025-09-21,05:45,8,22.2328,113.9007,15.0,Globe at Night Monitoring Network (GaN-MN). Continuous SQM-LE sky brightness data. https://globeatnight.org/gan-mn/. Station registry: http://globeatnight-network.org/,"GaN-MN station SH (Shek Pik, Lantau Island, Hong Kong); photometric inflection method; night median MSAS=18.01; MSAS at inflection=16.10; depression=7.00°; smoothing=5-pt median; dark rows=1261"
isha,2025-09-23,18:45,8,22.2328,113.9007,15.0,Globe at Night Monitoring Network (GaN-MN). Continuous SQM-LE sky brightness data. https://globeatnight.org/gan-mn/. Station registry: http://globeatnight-network.org/,"GaN-MN station SH (Shek Pik, Lantau Island, Hong Kong); photometric inflection method; night median MSAS=17.56; MSAS at inflection=15.63; depression=6.81°; smoothing=5-pt median; dark rows=1268"
isha,2025-09-26,18:54,8,22.2328,113.9007,15.0,Globe at Night Monitoring Network (GaN-MN). Continuous SQM-LE sky brightness data. https://globeatnight.org/gan-mn/. Station registry: http://globeatnight-network.org/,"GaN-MN station SH (Shek Pik, Lantau Island, Hong Kong); photometric inflection method; night median MSAS=18.78; MSAS at inflection=17.47; depression=9.42°; smoothing=5-pt median; dark rows=1275"
fajr,2025-09-28,05:17,8,22.2328,113.9007,15.0,Globe at Night Monitoring Network (GaN-MN). Continuous SQM-LE sky brightness data. https://globeatnight.org/gan-mn/. Station registry: http://globeatnight-network.org/,"GaN-MN station SH (Shek Pik, Lantau Island, Hong Kong); photometric inflection method; night median MSAS=19.53; MSAS at inflection=19.43; depression=14.20°; smoothing=5-pt median; dark rows=1279"
fajr,2025-10-01,05:35,8,22.2328,113.9007,15.0,Globe at Night Monitoring Network (GaN-MN). Continuous SQM-LE sky brightness data. https://globeatnight.org/gan-mn/. Station registry: http://globeatnight-network.org/,"GaN-MN station SH (Shek Pik, Lantau Island, Hong Kong); photometric inflection method; night median MSAS=18.27; MSAS at inflection=16.90; depression=10.13°; smoothing=5-pt median; dark rows=1287"
fajr,2025-09-15,04:52,8,22.5431,114.0579,20.0,Globe at Night Monitoring Network (GaN-MN). Continuous SQM-LE sky brightness data. https://globeatnight.org/gan-mn/. Station registry: http://globeatnight-network.org/,"GaN-MN station SZMS (Shenzhen Middle School, Shenzhen, China); photometric inflection method; night median MSAS=17.61; MSAS at inflection=17.36; depression=18.60°; smoothing=5-pt median; dark rows=1245"
isha,2025-09-03,19:35,8,22.4806,114.0194,5.0,Globe at Night Monitoring Network (GaN-MN). Continuous SQM-LE sky brightness data. https://globeatnight.org/gan-mn/. Station registry: http://globeatnight-network.org/,"GaN-MN station TBT (Tsim Bei Tsui, Yuen Long, Hong Kong); photometric inflection method; night median MSAS=18.68; MSAS at inflection=17.90; depression=13.51°; smoothing=5-pt median; dark rows=1216"
fajr,2025-09-07,05:33,8,22.4806,114.0194,5.0,Globe at Night Monitoring Network (GaN-MN). Continuous SQM-LE sky brightness data. https://globeatnight.org/gan-mn/. Station registry: http://globeatnight-network.org/,"GaN-MN station TBT (Tsim Bei Tsui, Yuen Long, Hong Kong); photometric inflection method; night median MSAS=17.56; MSAS at inflection=16.92; depression=8.76°; smoothing=5-pt median; dark rows=1224"
isha,2025-09-11,19:11,8,22.4806,114.0194,5.0,Globe at Night Monitoring Network (GaN-MN). Continuous SQM-LE sky brightness data. https://globeatnight.org/gan-mn/. Station registry: http://globeatnight-network.org/,"GaN-MN station TBT (Tsim Bei Tsui, Yuen Long, Hong Kong); photometric inflection method; night median MSAS=18.16; MSAS at inflection=17.66; depression=10.09°; smoothing=5-pt median; dark rows=1237"
isha,2025-09-14,19:54,8,22.4806,114.0194,5.0,Globe at Night Monitoring Network (GaN-MN). Continuous SQM-LE sky brightness data. https://globeatnight.org/gan-mn/. Station registry: http://globeatnight-network.org/,"GaN-MN station TBT (Tsim Bei Tsui, Yuen Long, Hong Kong); photometric inflection method; night median MSAS=18.99; MSAS at inflection=18.29; depression=20.48°; smoothing=5-pt median; dark rows=1245"
fajr,2025-09-15,05:26,8,22.4806,114.0194,5.0,Globe at Night Monitoring Network (GaN-MN). Continuous SQM-LE sky brightness data. https://globeatnight.org/gan-mn/. Station registry: http://globeatnight-network.org/,"GaN-MN station TBT (Tsim Bei Tsui, Yuen Long, Hong Kong); photometric inflection method; night median MSAS=18.99; MSAS at inflection=18.43; depression=11.01°; smoothing=5-pt median; dark rows=1245"
fajr,2025-09-19,05:18,8,22.4806,114.0194,5.0,Globe at Night Monitoring Network (GaN-MN). Continuous SQM-LE sky brightness data. https://globeatnight.org/gan-mn/. Station registry: http://globeatnight-network.org/,"GaN-MN station TBT (Tsim Bei Tsui, Yuen Long, Hong Kong); photometric inflection method; night median MSAS=18.97; MSAS at inflection=18.98; depression=13.12°; smoothing=5-pt median; dark rows=1255"
isha,2025-09-24,19:16,8,22.4806,114.0194,5.0,Globe at Night Monitoring Network (GaN-MN). Continuous SQM-LE sky brightness data. https://globeatnight.org/gan-mn/. Station registry: http://globeatnight-network.org/,"GaN-MN station TBT (Tsim Bei Tsui, Yuen Long, Hong Kong); photometric inflection method; night median MSAS=17.61; MSAS at inflection=16.69; depression=14.26°; smoothing=5-pt median; dark rows=1271"
isha,2025-09-25,19:26,8,22.4806,114.0194,5.0,Globe at Night Monitoring Network (GaN-MN). Continuous SQM-LE sky brightness data. https://globeatnight.org/gan-mn/. Station registry: http://globeatnight-network.org/,"GaN-MN station TBT (Tsim Bei Tsui, Yuen Long, Hong Kong); photometric inflection method; night median MSAS=18.14; MSAS at inflection=17.04; depression=16.68°; smoothing=5-pt median; dark rows=1274"
fajr,2025-09-28,05:21,8,22.4806,114.0194,5.0,Globe at Night Monitoring Network (GaN-MN). Continuous SQM-LE sky brightness data. https://globeatnight.org/gan-mn/. Station registry: http://globeatnight-network.org/,"GaN-MN station TBT (Tsim Bei Tsui, Yuen Long, Hong Kong); photometric inflection method; night median MSAS=18.97; MSAS at inflection=19.47; depression=13.13°; smoothing=5-pt median; dark rows=1280"
fajr,2025-09-30,05:01,8,22.4806,114.0194,5.0,Globe at Night Monitoring Network (GaN-MN). Continuous SQM-LE sky brightness data. https://globeatnight.org/gan-mn/. Station registry: http://globeatnight-network.org/,"GaN-MN station TBT (Tsim Bei Tsui, Yuen Long, Hong Kong); photometric inflection method; night median MSAS=18.09; MSAS at inflection=19.32; depression=17.88°; smoothing=5-pt median; dark rows=1285"
fajr,2025-09-11,05:37,7,18.5834,98.4868,2565.0,Globe at Night Monitoring Network (GaN-MN). Continuous SQM-LE sky brightness data. https://globeatnight.org/gan-mn/. Station registry: http://globeatnight-network.org/,"GaN-MN station TNO (Doi Inthanon, Chiang Mai, Thailand); photometric inflection method; night median MSAS=17.76; MSAS at inflection=16.53; depression=9.20°; smoothing=5-pt median; dark rows=1241"
isha,2025-09-11,19:21,7,18.5834,98.4868,2565.0,Globe at Night Monitoring Network (GaN-MN). Continuous SQM-LE sky brightness data. https://globeatnight.org/gan-mn/. Station registry: http://globeatnight-network.org/,"GaN-MN station TNO (Doi Inthanon, Chiang Mai, Thailand); photometric inflection method; night median MSAS=18.16; MSAS at inflection=19.95; depression=12.52°; smoothing=5-pt median; dark rows=1247"
fajr,2025-09-14,04:48,7,18.5834,98.4868,2565.0,Globe at Night Monitoring Network (GaN-MN). Continuous SQM-LE sky brightness data. https://globeatnight.org/gan-mn/. Station registry: http://globeatnight-network.org/,"GaN-MN station TNO (Doi Inthanon, Chiang Mai, Thailand); photometric inflection method; night median MSAS=19.04; MSAS at inflection=17.93; depression=20.90°; smoothing=5-pt median; dark rows=1252"
isha,2025-09-15,19:25,7,18.5834,98.4868,2565.0,Globe at Night Monitoring Network (GaN-MN). Continuous SQM-LE sky brightness data. https://globeatnight.org/gan-mn/. Station registry: http://globeatnight-network.org/,"GaN-MN station TNO (Doi Inthanon, Chiang Mai, Thailand); photometric inflection method; night median MSAS=20.59; MSAS at inflection=20.80; depression=14.33°; smoothing=5-pt median; dark rows=1255"
isha,2025-08-31,20:35,-7,32.6736,-116.5311,1220.0,Globe at Night Monitoring Network (GaN-MN). Continuous SQM-LE sky brightness data. https://globeatnight.org/gan-mn/. Station registry: http://globeatnight-network.org/,"GaN-MN station TSO (Tierra del Sol, San Diego, California, USA); photometric inflection method; night median MSAS=21.57; MSAS at inflection=20.58; depression=17.85°; smoothing=5-pt median; dark rows=498"
fajr,2025-09-01,04:42,-7,32.6736,-116.5311,1220.0,Globe at Night Monitoring Network (GaN-MN). Continuous SQM-LE sky brightness data. https://globeatnight.org/gan-mn/. Station registry: http://globeatnight-network.org/,"GaN-MN station TSO (Tierra del Sol, San Diego, California, USA); photometric inflection method; night median MSAS=21.57; MSAS at inflection=21.69; depression=20.55°; smoothing=5-pt median; dark rows=498"
isha,2025-09-02,20:46,-7,32.6736,-116.5311,1220.0,Globe at Night Monitoring Network (GaN-MN). Continuous SQM-LE sky brightness data. https://globeatnight.org/gan-mn/. Station registry: http://globeatnight-network.org/,"GaN-MN station TSO (Tierra del Sol, San Diego, California, USA); photometric inflection method; night median MSAS=20.62; MSAS at inflection=19.96; depression=20.56°; smoothing=5-pt median; dark rows=505"
fajr,2025-09-03,04:56,-7,32.6736,-116.5311,1220.0,Globe at Night Monitoring Network (GaN-MN). Continuous SQM-LE sky brightness data. https://globeatnight.org/gan-mn/. Station registry: http://globeatnight-network.org/,"GaN-MN station TSO (Tierra del Sol, San Diego, California, USA); photometric inflection method; night median MSAS=20.62; MSAS at inflection=21.40; depression=18.18°; smoothing=5-pt median; dark rows=505"
fajr,2025-09-04,04:38,-7,32.6736,-116.5311,1220.0,Globe at Night Monitoring Network (GaN-MN). Continuous SQM-LE sky brightness data. https://globeatnight.org/gan-mn/. Station registry: http://globeatnight-network.org/,"GaN-MN station TSO (Tierra del Sol, San Diego, California, USA); photometric inflection method; night median MSAS=20.02; MSAS at inflection=21.57; depression=21.84°; smoothing=5-pt median; dark rows=501"
isha,2025-09-05,20:47,-7,32.6736,-116.5311,1220.0,Globe at Night Monitoring Network (GaN-MN). Continuous SQM-LE sky brightness data. https://globeatnight.org/gan-mn/. Station registry: http://globeatnight-network.org/,"GaN-MN station TSO (Tierra del Sol, San Diego, California, USA); photometric inflection method; night median MSAS=18.64; MSAS at inflection=19.06; depression=21.64°; smoothing=5-pt median; dark rows=499"
fajr,2025-09-06,04:45,-7,32.6736,-116.5311,1220.0,Globe at Night Monitoring Network (GaN-MN). Continuous SQM-LE sky brightness data. https://globeatnight.org/gan-mn/. Station registry: http://globeatnight-network.org/,"GaN-MN station TSO (Tierra del Sol, San Diego, California, USA); photometric inflection method; night median MSAS=18.64; MSAS at inflection=20.57; depression=20.82°; smoothing=5-pt median; dark rows=499"
isha,2025-09-07,20:32,-7,32.6736,-116.5311,1220.0,Globe at Night Monitoring Network (GaN-MN). Continuous SQM-LE sky brightness data. https://globeatnight.org/gan-mn/. Station registry: http://globeatnight-network.org/,"GaN-MN station TSO (Tierra del Sol, San Diego, California, USA); photometric inflection method; night median MSAS=17.74; MSAS at inflection=19.22; depression=19.29°; smoothing=5-pt median; dark rows=516"
isha,2025-09-08,20:28,-7,32.6736,-116.5311,1220.0,Globe at Night Monitoring Network (GaN-MN). Continuous SQM-LE sky brightness data. https://globeatnight.org/gan-mn/. Station registry: http://globeatnight-network.org/,"GaN-MN station TSO (Tierra del Sol, San Diego, California, USA); photometric inflection method; night median MSAS=17.77; MSAS at inflection=19.95; depression=18.80°; smoothing=5-pt median; dark rows=518"
fajr,2025-09-09,04:42,-7,32.6736,-116.5311,1220.0,Globe at Night Monitoring Network (GaN-MN). Continuous SQM-LE sky brightness data. https://globeatnight.org/gan-mn/. Station registry: http://globeatnight-network.org/,"GaN-MN station TSO (Tierra del Sol, San Diego, California, USA); photometric inflection method; night median MSAS=17.77; MSAS at inflection=18.55; depression=21.91°; smoothing=5-pt median; dark rows=518"
fajr,2025-09-10,04:45,-7,32.6736,-116.5311,1220.0,Globe at Night Monitoring Network (GaN-MN). Continuous SQM-LE sky brightness data. https://globeatnight.org/gan-mn/. Station registry: http://globeatnight-network.org/,"GaN-MN station TSO (Tierra del Sol, San Diego, California, USA); photometric inflection method; night median MSAS=17.87; MSAS at inflection=17.49; depression=21.49°; smoothing=5-pt median; dark rows=520"
fajr,2025-09-11,05:01,-7,32.6736,-116.5311,1220.0,Globe at Night Monitoring Network (GaN-MN). Continuous SQM-LE sky brightness data. https://globeatnight.org/gan-mn/. Station registry: http://globeatnight-network.org/,"GaN-MN station TSO (Tierra del Sol, San Diego, California, USA); photometric inflection method; night median MSAS=18.63; MSAS at inflection=16.80; depression=18.48°; smoothing=5-pt median; dark rows=522"
isha,2025-09-12,20:27,-7,32.6736,-116.5311,1220.0,Globe at Night Monitoring Network (GaN-MN). Continuous SQM-LE sky brightness data. https://globeatnight.org/gan-mn/. Station registry: http://globeatnight-network.org/,"GaN-MN station TSO (Tierra del Sol, San Diego, California, USA); photometric inflection method; night median MSAS=20.27; MSAS at inflection=21.49; depression=19.79°; smoothing=5-pt median; dark rows=527"
fajr,2025-09-14,04:46,-7,32.6736,-116.5311,1220.0,Globe at Night Monitoring Network (GaN-MN). Continuous SQM-LE sky brightness data. https://globeatnight.org/gan-mn/. Station registry: http://globeatnight-network.org/,"GaN-MN station TSO (Tierra del Sol, San Diego, California, USA); photometric inflection method; night median MSAS=20.98; MSAS at inflection=18.99; depression=21.95°; smoothing=5-pt median; dark rows=530"
isha,2025-09-14,20:20,-7,32.6736,-116.5311,1220.0,Globe at Night Monitoring Network (GaN-MN). Continuous SQM-LE sky brightness data. https://globeatnight.org/gan-mn/. Station registry: http://globeatnight-network.org/,"GaN-MN station TSO (Tierra del Sol, San Diego, California, USA); photometric inflection method; night median MSAS=21.38; MSAS at inflection=21.41; depression=18.97°; smoothing=5-pt median; dark rows=531"
fajr,2025-09-15,04:47,-7,32.6736,-116.5311,1220.0,Globe at Night Monitoring Network (GaN-MN). Continuous SQM-LE sky brightness data. https://globeatnight.org/gan-mn/. Station registry: http://globeatnight-network.org/,"GaN-MN station TSO (Tierra del Sol, San Diego, California, USA); photometric inflection method; night median MSAS=21.38; MSAS at inflection=20.08; depression=21.92°; smoothing=5-pt median; dark rows=531"
fajr,2025-09-16,04:48,-7,32.6736,-116.5311,1220.0,Globe at Night Monitoring Network (GaN-MN). Continuous SQM-LE sky brightness data. https://globeatnight.org/gan-mn/. Station registry: http://globeatnight-network.org/,"GaN-MN station TSO (Tierra del Sol, San Diego, California, USA); photometric inflection method; night median MSAS=21.34; MSAS at inflection=20.79; depression=21.88°; smoothing=5-pt median; dark rows=534"
isha,2025-09-16,20:21,-7,32.6736,-116.5311,1220.0,Globe at Night Monitoring Network (GaN-MN). Continuous SQM-LE sky brightness data. https://globeatnight.org/gan-mn/. Station registry: http://globeatnight-network.org/,"GaN-MN station TSO (Tierra del Sol, San Diego, California, USA); photometric inflection method; night median MSAS=20.69; MSAS at inflection=20.28; depression=19.77°; smoothing=5-pt median; dark rows=536"
isha,2025-09-17,20:18,-7,32.6736,-116.5311,1220.0,Globe at Night Monitoring Network (GaN-MN). Continuous SQM-LE sky brightness data. https://globeatnight.org/gan-mn/. Station registry: http://globeatnight-network.org/,"GaN-MN station TSO (Tierra del Sol, San Diego, California, USA); photometric inflection method; night median MSAS=20.43; MSAS at inflection=20.19; depression=19.46°; smoothing=5-pt median; dark rows=538"
fajr,2025-09-18,04:55,-7,32.6736,-116.5311,1220.0,Globe at Night Monitoring Network (GaN-MN). Continuous SQM-LE sky brightness data. https://globeatnight.org/gan-mn/. Station registry: http://globeatnight-network.org/,"GaN-MN station TSO (Tierra del Sol, San Diego, California, USA); photometric inflection method; night median MSAS=20.43; MSAS at inflection=20.37; depression=20.79°; smoothing=5-pt median; dark rows=538"
isha,2025-09-18,20:26,-7,32.6736,-116.5311,1220.0,Globe at Night Monitoring Network (GaN-MN). Continuous SQM-LE sky brightness data. https://globeatnight.org/gan-mn/. Station registry: http://globeatnight-network.org/,"GaN-MN station TSO (Tierra del Sol, San Diego, California, USA); photometric inflection method; night median MSAS=21.48; MSAS at inflection=21.19; depression=21.38°; smoothing=5-pt median; dark rows=535"
fajr,2025-09-19,04:52,-7,32.6736,-116.5311,1220.0,Globe at Night Monitoring Network (GaN-MN). Continuous SQM-LE sky brightness data. https://globeatnight.org/gan-mn/. Station registry: http://globeatnight-network.org/,"GaN-MN station TSO (Tierra del Sol, San Diego, California, USA); photometric inflection method; night median MSAS=21.48; MSAS at inflection=21.61; depression=21.56°; smoothing=5-pt median; dark rows=535"
fajr,2025-09-20,05:09,-7,32.6736,-116.5311,1220.0,Globe at Night Monitoring Network (GaN-MN). Continuous SQM-LE sky brightness data. https://globeatnight.org/gan-mn/. Station registry: http://globeatnight-network.org/,"GaN-MN station TSO (Tierra del Sol, San Diego, California, USA); photometric inflection method; night median MSAS=21.56; MSAS at inflection=21.63; depression=18.26°; smoothing=5-pt median; dark rows=542"
isha,2025-09-20,20:19,-7,32.6736,-116.5311,1220.0,Globe at Night Monitoring Network (GaN-MN). Continuous SQM-LE sky brightness data. https://globeatnight.org/gan-mn/. Station registry: http://globeatnight-network.org/,"GaN-MN station TSO (Tierra del Sol, San Diego, California, USA); photometric inflection method; night median MSAS=21.35; MSAS at inflection=21.38; depression=20.56°; smoothing=5-pt median; dark rows=545"
fajr,2025-09-21,05:10,-7,32.6736,-116.5311,1220.0,Globe at Night Monitoring Network (GaN-MN). Continuous SQM-LE sky brightness data. https://globeatnight.org/gan-mn/. Station registry: http://globeatnight-network.org/,"GaN-MN station TSO (Tierra del Sol, San Diego, California, USA); photometric inflection method; night median MSAS=21.35; MSAS at inflection=20.33; depression=18.21°; smoothing=5-pt median; dark rows=545"
isha,2025-09-22,20:03,-7,32.6736,-116.5311,1220.0,Globe at Night Monitoring Network (GaN-MN). Continuous SQM-LE sky brightness data. https://globeatnight.org/gan-mn/. Station registry: http://globeatnight-network.org/,"GaN-MN station TSO (Tierra del Sol, San Diego, California, USA); photometric inflection method; night median MSAS=21.29; MSAS at inflection=20.92; depression=17.86°; smoothing=5-pt median; dark rows=549"
fajr,2025-09-23,05:06,-7,32.6736,-116.5311,1220.0,Globe at Night Monitoring Network (GaN-MN). Continuous SQM-LE sky brightness data. https://globeatnight.org/gan-mn/. Station registry: http://globeatnight-network.org/,"GaN-MN station TSO (Tierra del Sol, San Diego, California, USA); photometric inflection method; night median MSAS=21.29; MSAS at inflection=21.26; depression=19.33°; smoothing=5-pt median; dark rows=549"
fajr,2025-09-24,05:04,-7,32.6736,-116.5311,1220.0,Globe at Night Monitoring Network (GaN-MN). Continuous SQM-LE sky brightness data. https://globeatnight.org/gan-mn/. Station registry: http://globeatnight-network.org/,"GaN-MN station TSO (Tierra del Sol, San Diego, California, USA); photometric inflection method; night median MSAS=21.42; MSAS at inflection=21.49; depression=19.89°; smoothing=5-pt median; dark rows=551"
isha,2025-09-24,20:04,-7,32.6736,-116.5311,1220.0,Globe at Night Monitoring Network (GaN-MN). Continuous SQM-LE sky brightness data. https://globeatnight.org/gan-mn/. Station registry: http://globeatnight-network.org/,"GaN-MN station TSO (Tierra del Sol, San Diego, California, USA); photometric inflection method; night median MSAS=21.55; MSAS at inflection=21.40; depression=18.64°; smoothing=5-pt median; dark rows=551"
fajr,2025-09-25,05:11,-7,32.6736,-116.5311,1220.0,Globe at Night Monitoring Network (GaN-MN). Continuous SQM-LE sky brightness data. https://globeatnight.org/gan-mn/. Station registry: http://globeatnight-network.org/,"GaN-MN station TSO (Tierra del Sol, San Diego, California, USA); photometric inflection method; night median MSAS=21.55; MSAS at inflection=21.56; depression=18.61°; smoothing=5-pt median; dark rows=551"
isha,2025-09-25,20:02,-7,32.6736,-116.5311,1220.0,Globe at Night Monitoring Network (GaN-MN). Continuous SQM-LE sky brightness data. https://globeatnight.org/gan-mn/. Station registry: http://globeatnight-network.org/,"GaN-MN station TSO (Tierra del Sol, San Diego, California, USA); photometric inflection method; night median MSAS=21.48; MSAS at inflection=21.46; depression=18.52°; smoothing=5-pt median; dark rows=555"
fajr,2025-09-26,05:13,-7,32.6736,-116.5311,1220.0,Globe at Night Monitoring Network (GaN-MN). Continuous SQM-LE sky brightness data. https://globeatnight.org/gan-mn/. Station registry: http://globeatnight-network.org/,"GaN-MN station TSO (Tierra del Sol, San Diego, California, USA); photometric inflection method; night median MSAS=21.48; MSAS at inflection=21.16; depression=18.34°; smoothing=5-pt median; dark rows=555"
isha,2025-09-26,19:58,-7,32.6736,-116.5311,1220.0,Globe at Night Monitoring Network (GaN-MN). Continuous SQM-LE sky brightness data. https://globeatnight.org/gan-mn/. Station registry: http://globeatnight-network.org/,"GaN-MN station TSO (Tierra del Sol, San Diego, California, USA); photometric inflection method; night median MSAS=21.15; MSAS at inflection=20.95; depression=17.98°; smoothing=5-pt median; dark rows=557"
isha,2025-09-27,19:56,-7,32.6736,-116.5311,1220.0,Globe at Night Monitoring Network (GaN-MN). Continuous SQM-LE sky brightness data. https://globeatnight.org/gan-mn/. Station registry: http://globeatnight-network.org/,"GaN-MN station TSO (Tierra del Sol, San Diego, California, USA); photometric inflection method; night median MSAS=21.33; MSAS at inflection=20.89; depression=17.85°; smoothing=5-pt median; dark rows=560"
fajr,2025-09-28,05:04,-7,32.6736,-116.5311,1220.0,Globe at Night Monitoring Network (GaN-MN). Continuous SQM-LE sky brightness data. https://globeatnight.org/gan-mn/. Station registry: http://globeatnight-network.org/,"GaN-MN station TSO (Tierra del Sol, San Diego, California, USA); photometric inflection method; night median MSAS=21.33; MSAS at inflection=21.57; depression=20.51°; smoothing=5-pt median; dark rows=560"
isha,2025-09-28,19:55,-7,32.6736,-116.5311,1220.0,Globe at Night Monitoring Network (GaN-MN). Continuous SQM-LE sky brightness data. https://globeatnight.org/gan-mn/. Station registry: http://globeatnight-network.org/,"GaN-MN station TSO (Tierra del Sol, San Diego, California, USA); photometric inflection method; night median MSAS=21.40; MSAS at inflection=20.70; depression=17.92°; smoothing=5-pt median; dark rows=562"
fajr,2025-09-29,05:05,-7,32.6736,-116.5311,1220.0,Globe at Night Monitoring Network (GaN-MN). Continuous SQM-LE sky brightness data. https://globeatnight.org/gan-mn/. Station registry: http://globeatnight-network.org/,"GaN-MN station TSO (Tierra del Sol, San Diego, California, USA); photometric inflection method; night median MSAS=21.40; MSAS at inflection=21.41; depression=20.45°; smoothing=5-pt median; dark rows=562"
isha,2025-09-29,20:02,-7,32.6736,-116.5311,1220.0,Globe at Night Monitoring Network (GaN-MN). Continuous SQM-LE sky brightness data. https://globeatnight.org/gan-mn/. Station registry: http://globeatnight-network.org/,"GaN-MN station TSO (Tierra del Sol, San Diego, California, USA); photometric inflection method; night median MSAS=21.35; MSAS at inflection=20.45; depression=19.66°; smoothing=5-pt median; dark rows=563"
fajr,2025-09-30,05:16,-7,32.6736,-116.5311,1220.0,Globe at Night Monitoring Network (GaN-MN). Continuous SQM-LE sky brightness data. https://globeatnight.org/gan-mn/. Station registry: http://globeatnight-network.org/,"GaN-MN station TSO (Tierra del Sol, San Diego, California, USA); photometric inflection method; night median MSAS=21.35; MSAS at inflection=21.35; depression=18.31°; smoothing=5-pt median; dark rows=563"
isha,2025-09-02,19:07,8,22.2974,114.1737,5.0,Globe at Night Monitoring Network (GaN-MN). Continuous SQM-LE sky brightness data. https://globeatnight.org/gan-mn/. Station registry: http://globeatnight-network.org/,"GaN-MN station TST (Kowloon, Hong Kong Space Museum); photometric inflection method; night median MSAS=17.63; MSAS at inflection=15.61; depression=7.09°; smoothing=5-pt median; dark rows=1212"
isha,2025-09-05,19:59,8,22.2974,114.1737,5.0,Globe at Night Monitoring Network (GaN-MN). Continuous SQM-LE sky brightness data. https://globeatnight.org/gan-mn/. Station registry: http://globeatnight-network.org/,"GaN-MN station TST (Kowloon, Hong Kong Space Museum); photometric inflection method; night median MSAS=17.85; MSAS at inflection=17.09; depression=19.64°; smoothing=5-pt median; dark rows=1221"
fajr,2025-09-14,05:00,8,22.2974,114.1737,5.0,Globe at Night Monitoring Network (GaN-MN). Continuous SQM-LE sky brightness data. https://globeatnight.org/gan-mn/. Station registry: http://globeatnight-network.org/,"GaN-MN station TST (Kowloon, Hong Kong Space Museum); photometric inflection method; night median MSAS=18.21; MSAS at inflection=15.97; depression=16.64°; smoothing=5-pt median; dark rows=1243"
isha,2025-09-14,19:50,8,22.2974,114.1737,5.0,Globe at Night Monitoring Network (GaN-MN). Continuous SQM-LE sky brightness data. https://globeatnight.org/gan-mn/. Station registry: http://globeatnight-network.org/,"GaN-MN station TST (Kowloon, Hong Kong Space Museum); photometric inflection method; night median MSAS=18.48; MSAS at inflection=17.15; depression=19.86°; smoothing=5-pt median; dark rows=1245"
fajr,2025-09-15,05:25,8,22.2974,114.1737,5.0,Globe at Night Monitoring Network (GaN-MN). Continuous SQM-LE sky brightness data. https://globeatnight.org/gan-mn/. Station registry: http://globeatnight-network.org/,"GaN-MN station TST (Kowloon, Hong Kong Space Museum); photometric inflection method; night median MSAS=18.48; MSAS at inflection=17.72; depression=11.00°; smoothing=5-pt median; dark rows=1245"
fajr,2025-09-17,05:26,8,22.2974,114.1737,5.0,Globe at Night Monitoring Network (GaN-MN). Continuous SQM-LE sky brightness data. https://globeatnight.org/gan-mn/. Station registry: http://globeatnight-network.org/,"GaN-MN station TST (Kowloon, Hong Kong Space Museum); photometric inflection method; night median MSAS=17.61; MSAS at inflection=18.37; depression=11.01°; smoothing=5-pt median; dark rows=1250"
isha,2025-09-29,18:55,8,22.2974,114.1737,5.0,Globe at Night Monitoring Network (GaN-MN). Continuous SQM-LE sky brightness data. https://globeatnight.org/gan-mn/. Station registry: http://globeatnight-network.org/,"GaN-MN station TST (Kowloon, Hong Kong Space Museum); photometric inflection method; night median MSAS=17.94; MSAS at inflection=17.00; depression=10.73°; smoothing=5-pt median; dark rows=1285"
fajr,2025-09-30,05:46,8,22.2974,114.1737,5.0,Globe at Night Monitoring Network (GaN-MN). Continuous SQM-LE sky brightness data. https://globeatnight.org/gan-mn/. Station registry: http://globeatnight-network.org/,"GaN-MN station TST (Kowloon, Hong Kong Space Museum); photometric inflection method; night median MSAS=17.94; MSAS at inflection=15.51; depression=7.32°; smoothing=5-pt median; dark rows=1285"
isha,2025-09-01,18:53,10,-36.8983,149.9044,30.0,Globe at Night Monitoring Network (GaN-MN). Continuous SQM-LE sky brightness data. https://globeatnight.org/gan-mn/. Station registry: http://globeatnight-network.org/,"GaN-MN station Tura (Merimbula, New South Wales, Australia); photometric inflection method; night median MSAS=22.18; MSAS at inflection=20.02; depression=15.47°; smoothing=5-pt median; dark rows=667"
isha,2025-09-02,19:13,10,-36.8983,149.9044,30.0,Globe at Night Monitoring Network (GaN-MN). Continuous SQM-LE sky brightness data. https://globeatnight.org/gan-mn/. Station registry: http://globeatnight-network.org/,"GaN-MN station Tura (Merimbula, New South Wales, Australia); photometric inflection method; night median MSAS=21.48; MSAS at inflection=20.52; depression=19.34°; smoothing=5-pt median; dark rows=656"
fajr,2025-09-03,04:51,10,-36.8983,149.9044,30.0,Globe at Night Monitoring Network (GaN-MN). Continuous SQM-LE sky brightness data. https://globeatnight.org/gan-mn/. Station registry: http://globeatnight-network.org/,"GaN-MN station Tura (Merimbula, New South Wales, Australia); photometric inflection method; night median MSAS=21.48; MSAS at inflection=23.09; depression=18.25°; smoothing=5-pt median; dark rows=656"
isha,2025-09-05,18:35,10,-36.8983,149.9044,30.0,Globe at Night Monitoring Network (GaN-MN). Continuous SQM-LE sky brightness data. https://globeatnight.org/gan-mn/. Station registry: http://globeatnight-network.org/,"GaN-MN station Tura (Merimbula, New South Wales, Australia); photometric inflection method; night median MSAS=20.13; MSAS at inflection=20.15; depression=11.34°; smoothing=5-pt median; dark rows=658"
fajr,2025-09-07,05:29,10,-36.8983,149.9044,30.0,Globe at Night Monitoring Network (GaN-MN). Continuous SQM-LE sky brightness data. https://globeatnight.org/gan-mn/. Station registry: http://globeatnight-network.org/,"GaN-MN station Tura (Merimbula, New South Wales, Australia); photometric inflection method; night median MSAS=18.93; MSAS at inflection=19.00; depression=9.55°; smoothing=5-pt median; dark rows=656"
fajr,2025-09-08,05:29,10,-36.8983,149.9044,30.0,Globe at Night Monitoring Network (GaN-MN). Continuous SQM-LE sky brightness data. https://globeatnight.org/gan-mn/. Station registry: http://globeatnight-network.org/,"GaN-MN station Tura (Merimbula, New South Wales, Australia); photometric inflection method; night median MSAS=18.38; MSAS at inflection=19.08; depression=9.21°; smoothing=5-pt median; dark rows=655"
isha,2025-09-08,19:26,10,-36.8983,149.9044,30.0,Globe at Night Monitoring Network (GaN-MN). Continuous SQM-LE sky brightness data. https://globeatnight.org/gan-mn/. Station registry: http://globeatnight-network.org/,"GaN-MN station Tura (Merimbula, New South Wales, Australia); photometric inflection method; night median MSAS=18.78; MSAS at inflection=20.24; depression=20.95°; smoothing=5-pt median; dark rows=651"
isha,2025-09-09,18:53,10,-36.8983,149.9044,30.0,Globe at Night Monitoring Network (GaN-MN). Continuous SQM-LE sky brightness data. https://globeatnight.org/gan-mn/. Station registry: http://globeatnight-network.org/,"GaN-MN station Tura (Merimbula, New South Wales, Australia); photometric inflection method; night median MSAS=19.20; MSAS at inflection=21.49; depression=14.28°; smoothing=5-pt median; dark rows=650"
fajr,2025-09-11,05:22,10,-36.8983,149.9044,30.0,Globe at Night Monitoring Network (GaN-MN). Continuous SQM-LE sky brightness data. https://globeatnight.org/gan-mn/. Station registry: http://globeatnight-network.org/,"GaN-MN station Tura (Merimbula, New South Wales, Australia); photometric inflection method; night median MSAS=20.70; MSAS at inflection=18.80; depression=9.61°; smoothing=5-pt median; dark rows=644"
fajr,2025-09-12,04:42,10,-36.8983,149.9044,30.0,Globe at Night Monitoring Network (GaN-MN). Continuous SQM-LE sky brightness data. https://globeatnight.org/gan-mn/. Station registry: http://globeatnight-network.org/,"GaN-MN station Tura (Merimbula, New South Wales, Australia); photometric inflection method; night median MSAS=19.68; MSAS at inflection=19.63; depression=17.37°; smoothing=5-pt median; dark rows=644"
isha,2025-09-12,19:17,10,-36.8983,149.9044,30.0,Globe at Night Monitoring Network (GaN-MN). Continuous SQM-LE sky brightness data. https://globeatnight.org/gan-mn/. Station registry: http://globeatnight-network.org/,"GaN-MN station Tura (Merimbula, New South Wales, Australia); photometric inflection method; night median MSAS=20.62; MSAS at inflection=22.24; depression=18.56°; smoothing=5-pt median; dark rows=643"
fajr,2025-09-15,04:30,10,-36.8983,149.9044,30.0,Globe at Night Monitoring Network (GaN-MN). Continuous SQM-LE sky brightness data. https://globeatnight.org/gan-mn/. Station registry: http://globeatnight-network.org/,"GaN-MN station Tura (Merimbula, New South Wales, Australia); photometric inflection method; night median MSAS=22.61; MSAS at inflection=20.41; depression=18.90°; smoothing=5-pt median; dark rows=637"
fajr,2025-09-16,05:13,10,-36.8983,149.9044,30.0,Globe at Night Monitoring Network (GaN-MN). Continuous SQM-LE sky brightness data. https://globeatnight.org/gan-mn/. Station registry: http://globeatnight-network.org/,"GaN-MN station Tura (Merimbula, New South Wales, Australia); photometric inflection method; night median MSAS=23.06; MSAS at inflection=21.05; depression=10.02°; smoothing=5-pt median; dark rows=636"
fajr,2025-09-19,04:39,10,-36.8983,149.9044,30.0,Globe at Night Monitoring Network (GaN-MN). Continuous SQM-LE sky brightness data. https://globeatnight.org/gan-mn/. Station registry: http://globeatnight-network.org/,"GaN-MN station Tura (Merimbula, New South Wales, Australia); photometric inflection method; night median MSAS=22.83; MSAS at inflection=22.51; depression=15.74°; smoothing=5-pt median; dark rows=627"
isha,2025-09-19,18:48,10,-36.8983,149.9044,30.0,Globe at Night Monitoring Network (GaN-MN). Continuous SQM-LE sky brightness data. https://globeatnight.org/gan-mn/. Station registry: http://globeatnight-network.org/,"GaN-MN station Tura (Merimbula, New South Wales, Australia); photometric inflection method; night median MSAS=22.89; MSAS at inflection=21.47; depression=11.56°; smoothing=5-pt median; dark rows=626"
fajr,2025-09-21,04:12,10,-36.8983,149.9044,30.0,Globe at Night Monitoring Network (GaN-MN). Continuous SQM-LE sky brightness data. https://globeatnight.org/gan-mn/. Station registry: http://globeatnight-network.org/,"GaN-MN station Tura (Merimbula, New South Wales, Australia); photometric inflection method; night median MSAS=22.93; MSAS at inflection=22.98; depression=20.50°; smoothing=5-pt median; dark rows=625"
isha,2025-09-23,19:29,10,-36.8983,149.9044,30.0,Globe at Night Monitoring Network (GaN-MN). Continuous SQM-LE sky brightness data. https://globeatnight.org/gan-mn/. Station registry: http://globeatnight-network.org/,"GaN-MN station Tura (Merimbula, New South Wales, Australia); photometric inflection method; night median MSAS=23.01; MSAS at inflection=22.58; depression=19.05°; smoothing=5-pt median; dark rows=616"
fajr,2025-09-24,04:53,10,-36.8983,149.9044,30.0,Globe at Night Monitoring Network (GaN-MN). Continuous SQM-LE sky brightness data. https://globeatnight.org/gan-mn/. Station registry: http://globeatnight-network.org/,"GaN-MN station Tura (Merimbula, New South Wales, Australia); photometric inflection method; night median MSAS=23.01; MSAS at inflection=21.06; depression=11.43°; smoothing=5-pt median; dark rows=616"
fajr,2025-09-25,04:31,10,-36.8983,149.9044,30.0,Globe at Night Monitoring Network (GaN-MN). Continuous SQM-LE sky brightness data. https://globeatnight.org/gan-mn/. Station registry: http://globeatnight-network.org/,"GaN-MN station Tura (Merimbula, New South Wales, Australia); photometric inflection method; night median MSAS=22.80; MSAS at inflection=22.70; depression=15.60°; smoothing=5-pt median; dark rows=615"
isha,2025-09-03,23:47,2,59.9167,18.8333,5.0,Globe at Night Monitoring Network (GaN-MN). Continuous SQM-LE sky brightness data. https://globeatnight.org/gan-mn/. Station registry: http://globeatnight-network.org/,"GaN-MN station UO (Utanå Observatory, Väddö, Sweden); photometric inflection method; night median MSAS=21.39; MSAS at inflection=21.22; depression=21.98°; smoothing=5-pt median; dark rows=67"
isha,2025-09-13,20:53,2,59.9167,18.8333,5.0,Globe at Night Monitoring Network (GaN-MN). Continuous SQM-LE sky brightness data. https://globeatnight.org/gan-mn/. Station registry: http://globeatnight-network.org/,"GaN-MN station UO (Utanå Observatory, Väddö, Sweden); photometric inflection method; night median MSAS=19.46; MSAS at inflection=20.23; depression=12.83°; smoothing=5-pt median; dark rows=102"
isha,2025-09-23,20:22,2,59.9167,18.8333,5.0,Globe at Night Monitoring Network (GaN-MN). Continuous SQM-LE sky brightness data. https://globeatnight.org/gan-mn/. Station registry: http://globeatnight-network.org/,"GaN-MN station UO (Utanå Observatory, Väddö, Sweden); photometric inflection method; night median MSAS=21.43; MSAS at inflection=20.75; depression=13.21°; smoothing=5-pt median; dark rows=112"
isha,2025-09-28,20:27,2,59.9167,18.8333,5.0,Globe at Night Monitoring Network (GaN-MN). Continuous SQM-LE sky brightness data. https://globeatnight.org/gan-mn/. Station registry: http://globeatnight-network.org/,"GaN-MN station UO (Utanå Observatory, Väddö, Sweden); photometric inflection method; night median MSAS=21.36; MSAS at inflection=21.26; depression=15.72°; smoothing=5-pt median; dark rows=118"
isha,2025-09-30,20:58,2,59.9167,18.8333,5.0,Globe at Night Monitoring Network (GaN-MN). Continuous SQM-LE sky brightness data. https://globeatnight.org/gan-mn/. Station registry: http://globeatnight-network.org/,"GaN-MN station UO (Utanå Observatory, Väddö, Sweden); photometric inflection method; night median MSAS=20.75; MSAS at inflection=20.73; depression=19.95°; smoothing=5-pt median; dark rows=78"
isha,2025-09-06,20:43,2,49.0167,13.2333,590.0,Globe at Night Monitoring Network (GaN-MN). Continuous SQM-LE sky brightness data. https://globeatnight.org/gan-mn/. Station registry: http://globeatnight-network.org/,"GaN-MN station Zwi (Zwiesel, Germany); photometric inflection method; night median MSAS=18.86; MSAS at inflection=18.54; depression=10.93°; smoothing=5-pt median; dark rows=1074"
fajr,2025-09-09,05:26,2,49.0167,13.2333,590.0,Globe at Night Monitoring Network (GaN-MN). Continuous SQM-LE sky brightness data. https://globeatnight.org/gan-mn/. Station registry: http://globeatnight-network.org/,"GaN-MN station Zwi (Zwiesel, Germany); photometric inflection method; night median MSAS=18.82; MSAS at inflection=18.63; depression=11.69°; smoothing=5-pt median; dark rows=1090"
isha,2025-09-11,20:12,2,49.0167,13.2333,590.0,Globe at Night Monitoring Network (GaN-MN). Continuous SQM-LE sky brightness data. https://globeatnight.org/gan-mn/. Station registry: http://globeatnight-network.org/,"GaN-MN station Zwi (Zwiesel, Germany); photometric inflection method; night median MSAS=18.20; MSAS at inflection=16.33; depression=7.96°; smoothing=5-pt median; dark rows=1113"
isha,2025-09-12,20:55,2,49.0167,13.2333,590.0,Globe at Night Monitoring Network (GaN-MN). Continuous SQM-LE sky brightness data. https://globeatnight.org/gan-mn/. Station registry: http://globeatnight-network.org/,"GaN-MN station Zwi (Zwiesel, Germany); photometric inflection method; night median MSAS=18.55; MSAS at inflection=20.46; depression=14.88°; smoothing=5-pt median; dark rows=1120"
isha,2025-09-14,20:16,2,49.0167,13.2333,590.0,Globe at Night Monitoring Network (GaN-MN). Continuous SQM-LE sky brightness data. https://globeatnight.org/gan-mn/. Station registry: http://globeatnight-network.org/,"GaN-MN station Zwi (Zwiesel, Germany); photometric inflection method; night median MSAS=19.21; MSAS at inflection=17.39; depression=9.67°; smoothing=5-pt median; dark rows=1135"
isha,2025-09-15,20:23,2,49.0167,13.2333,590.0,Globe at Night Monitoring Network (GaN-MN). Continuous SQM-LE sky brightness data. https://globeatnight.org/gan-mn/. Station registry: http://globeatnight-network.org/,"GaN-MN station Zwi (Zwiesel, Germany); photometric inflection method; night median MSAS=20.29; MSAS at inflection=18.63; depression=11.05°; smoothing=5-pt median; dark rows=1143"
isha,2025-09-17,20:23,2,49.0167,13.2333,590.0,Globe at Night Monitoring Network (GaN-MN). Continuous SQM-LE sky brightness data. https://globeatnight.org/gan-mn/. Station registry: http://globeatnight-network.org/,"GaN-MN station Zwi (Zwiesel, Germany); photometric inflection method; night median MSAS=19.55; MSAS at inflection=19.36; depression=11.76°; smoothing=5-pt median; dark rows=1158"
fajr,2025-09-19,05:22,2,49.0167,13.2333,590.0,Globe at Night Monitoring Network (GaN-MN). Continuous SQM-LE sky brightness data. https://globeatnight.org/gan-mn/. Station registry: http://globeatnight-network.org/,"GaN-MN station Zwi (Zwiesel, Germany); photometric inflection method; night median MSAS=20.97; MSAS at inflection=20.67; depression=14.76°; smoothing=5-pt median; dark rows=1165"
isha,2025-09-21,21:00,2,49.0167,13.2333,590.0,Globe at Night Monitoring Network (GaN-MN). Continuous SQM-LE sky brightness data. https://globeatnight.org/gan-mn/. Station registry: http://globeatnight-network.org/,"GaN-MN station Zwi (Zwiesel, Germany); photometric inflection method; night median MSAS=19.89; MSAS at inflection=19.90; depression=18.91°; smoothing=5-pt median; dark rows=1188"
fajr,2025-09-22,05:26,2,49.0167,13.2333,590.0,Globe at Night Monitoring Network (GaN-MN). Continuous SQM-LE sky brightness data. https://globeatnight.org/gan-mn/. Station registry: http://globeatnight-network.org/,"GaN-MN station Zwi (Zwiesel, Germany); photometric inflection method; night median MSAS=19.89; MSAS at inflection=19.04; depression=14.89°; smoothing=5-pt median; dark rows=1188"
isha,2025-09-24,20:23,2,49.0167,13.2333,590.0,Globe at Night Monitoring Network (GaN-MN). Continuous SQM-LE sky brightness data. https://globeatnight.org/gan-mn/. Station registry: http://globeatnight-network.org/,"GaN-MN station Zwi (Zwiesel, Germany); photometric inflection method; night median MSAS=18.53; MSAS at inflection=18.60; depression=14.28°; smoothing=5-pt median; dark rows=1210"
fajr,2025-09-25,05:29,2,49.0167,13.2333,590.0,Globe at Night Monitoring Network (GaN-MN). Continuous SQM-LE sky brightness data. https://globeatnight.org/gan-mn/. Station registry: http://globeatnight-network.org/,"GaN-MN station Zwi (Zwiesel, Germany); photometric inflection method; night median MSAS=18.53; MSAS at inflection=18.16; depression=15.08°; smoothing=5-pt median; dark rows=1210"
isha,2025-09-25,21:09,2,49.0167,13.2333,590.0,Globe at Night Monitoring Network (GaN-MN). Continuous SQM-LE sky brightness data. https://globeatnight.org/gan-mn/. Station registry: http://globeatnight-network.org/,"GaN-MN station Zwi (Zwiesel, Germany); photometric inflection method; night median MSAS=20.00; MSAS at inflection=20.67; depression=21.79°; smoothing=5-pt median; dark rows=1217"
