prayer,date_local,time_local,utc_offset,lat,lng,elevation_m,source,notes
isha,2022-09-19,19:22,-3,-34.6037,-58.3816,25.0,Globe at Night Monitoring Network (GaN-MN). Continuous SQM-LE sky brightness data. https://globeatnight.org/gan-mn/. Station registry: http://globeatnight-network.org/,"GaN-MN station AHO (Almendra HackLab, Buenos Aires, Argentina); photometric inflection method; night median MSAS=17.55; MSAS at inflection=15.15; depression=7.89°; smoothing=5-pt median; dark rows=1257"
isha,2022-09-22,20:08,-3,-34.6037,-58.3816,25.0,Globe at Night Monitoring Network (GaN-MN). Continuous SQM-LE sky brightness data. https://globeatnight.org/gan-mn/. Station registry: http://globeatnight-network.org/,"GaN-MN station AHO (Almendra HackLab, Buenos Aires, Argentina); photometric inflection method; night median MSAS=17.74; MSAS at inflection=16.30; depression=16.80°; smoothing=5-pt median; dark rows=1244"
isha,2022-09-03,20:59,-4,38.8816,-77.091,55.0,Globe at Night Monitoring Network (GaN-MN). Continuous SQM-LE sky brightness data. https://globeatnight.org/gan-mn/. Station registry: http://globeatnight-network.org/,"GaN-MN station Arl (Arlington, Virginia, USA); photometric inflection method; night median MSAS=17.77; MSAS at inflection=17.76; depression=16.52°; smoothing=5-pt median; dark rows=1135"
fajr,2022-09-23,06:00,-4,38.8816,-77.091,55.0,Globe at Night Monitoring Network (GaN-MN). Continuous SQM-LE sky brightness data. https://globeatnight.org/gan-mn/. Station registry: http://globeatnight-network.org/,"GaN-MN station Arl (Arlington, Virginia, USA); photometric inflection method; night median MSAS=18.27; MSAS at inflection=18.02; depression=11.73°; smoothing=5-pt median; dark rows=1234"
isha,2022-09-01,21:12,-5,35.95,-92.5833,220.0,Globe at Night Monitoring Network (GaN-MN). Continuous SQM-LE sky brightness data. https://globeatnight.org/gan-mn/. Station registry: http://globeatnight-network.org/,"GaN-MN station BMCO (Big Music Creek, Arkansas, USA); photometric inflection method; night median MSAS=21.18; MSAS at inflection=20.37; depression=18.97°; smoothing=5-pt median; dark rows=485"
fajr,2022-09-02,05:05,-5,35.95,-92.5833,220.0,Globe at Night Monitoring Network (GaN-MN). Continuous SQM-LE sky brightness data. https://globeatnight.org/gan-mn/. Station registry: http://globeatnight-network.org/,"GaN-MN station BMCO (Big Music Creek, Arkansas, USA); photometric inflection method; night median MSAS=21.18; MSAS at inflection=22.30; depression=19.61°; smoothing=5-pt median; dark rows=485"
isha,2022-09-06,21:05,-5,35.95,-92.5833,220.0,Globe at Night Monitoring Network (GaN-MN). Continuous SQM-LE sky brightness data. https://globeatnight.org/gan-mn/. Station registry: http://globeatnight-network.org/,"GaN-MN station BMCO (Big Music Creek, Arkansas, USA); photometric inflection method; night median MSAS=19.26; MSAS at inflection=19.12; depression=19.24°; smoothing=5-pt median; dark rows=499"
fajr,2022-09-08,05:18,-5,35.95,-92.5833,220.0,Globe at Night Monitoring Network (GaN-MN). Continuous SQM-LE sky brightness data. https://globeatnight.org/gan-mn/. Station registry: http://globeatnight-network.org/,"GaN-MN station BMCO (Big Music Creek, Arkansas, USA); photometric inflection method; night median MSAS=19.04; MSAS at inflection=21.52; depression=18.19°; smoothing=5-pt median; dark rows=501"
isha,2022-09-18,20:54,-5,35.95,-92.5833,220.0,Globe at Night Monitoring Network (GaN-MN). Continuous SQM-LE sky brightness data. https://globeatnight.org/gan-mn/. Station registry: http://globeatnight-network.org/,"GaN-MN station BMCO (Big Music Creek, Arkansas, USA); photometric inflection method; night median MSAS=21.21; MSAS at inflection=21.29; depression=20.96°; smoothing=5-pt median; dark rows=529"
fajr,2022-09-19,05:09,-5,35.95,-92.5833,220.0,Globe at Night Monitoring Network (GaN-MN). Continuous SQM-LE sky brightness data. https://globeatnight.org/gan-mn/. Station registry: http://globeatnight-network.org/,"GaN-MN station BMCO (Big Music Creek, Arkansas, USA); photometric inflection method; night median MSAS=21.21; MSAS at inflection=20.27; depression=21.99°; smoothing=5-pt median; dark rows=529"
isha,2022-09-19,20:43,-5,35.95,-92.5833,220.0,Globe at Night Monitoring Network (GaN-MN). Continuous SQM-LE sky brightness data. https://globeatnight.org/gan-mn/. Station registry: http://globeatnight-network.org/,"GaN-MN station BMCO (Big Music Creek, Arkansas, USA); photometric inflection method; night median MSAS=21.26; MSAS at inflection=21.23; depression=19.20°; smoothing=5-pt median; dark rows=532"
fajr,2022-09-20,05:30,-5,35.95,-92.5833,220.0,Globe at Night Monitoring Network (GaN-MN). Continuous SQM-LE sky brightness data. https://globeatnight.org/gan-mn/. Station registry: http://globeatnight-network.org/,"GaN-MN station BMCO (Big Music Creek, Arkansas, USA); photometric inflection method; night median MSAS=21.26; MSAS at inflection=20.77; depression=18.04°; smoothing=5-pt median; dark rows=532"
isha,2022-09-21,20:43,-5,35.95,-92.5833,220.0,Globe at Night Monitoring Network (GaN-MN). Continuous SQM-LE sky brightness data. https://globeatnight.org/gan-mn/. Station registry: http://globeatnight-network.org/,"GaN-MN station BMCO (Big Music Creek, Arkansas, USA); photometric inflection method; night median MSAS=21.56; MSAS at inflection=21.34; depression=19.77°; smoothing=5-pt median; dark rows=537"
isha,2022-09-22,20:34,-5,35.95,-92.5833,220.0,Globe at Night Monitoring Network (GaN-MN). Continuous SQM-LE sky brightness data. https://globeatnight.org/gan-mn/. Station registry: http://globeatnight-network.org/,"GaN-MN station BMCO (Big Music Creek, Arkansas, USA); photometric inflection method; night median MSAS=21.34; MSAS at inflection=21.23; depression=18.38°; smoothing=5-pt median; dark rows=539"
fajr,2022-09-23,05:14,-5,35.95,-92.5833,220.0,Globe at Night Monitoring Network (GaN-MN). Continuous SQM-LE sky brightness data. https://globeatnight.org/gan-mn/. Station registry: http://globeatnight-network.org/,"GaN-MN station BMCO (Big Music Creek, Arkansas, USA); photometric inflection method; night median MSAS=21.34; MSAS at inflection=21.27; depression=21.68°; smoothing=5-pt median; dark rows=539"
fajr,2022-09-24,05:13,-5,35.95,-92.5833,220.0,Globe at Night Monitoring Network (GaN-MN). Continuous SQM-LE sky brightness data. https://globeatnight.org/gan-mn/. Station registry: http://globeatnight-network.org/,"GaN-MN station BMCO (Big Music Creek, Arkansas, USA); photometric inflection method; night median MSAS=21.24; MSAS at inflection=21.39; depression=21.99°; smoothing=5-pt median; dark rows=542"
isha,2022-09-24,20:46,-5,35.95,-92.5833,220.0,Globe at Night Monitoring Network (GaN-MN). Continuous SQM-LE sky brightness data. https://globeatnight.org/gan-mn/. Station registry: http://globeatnight-network.org/,"GaN-MN station BMCO (Big Music Creek, Arkansas, USA); photometric inflection method; night median MSAS=21.34; MSAS at inflection=21.36; depression=21.28°; smoothing=5-pt median; dark rows=545"
fajr,2022-09-25,05:35,-5,35.95,-92.5833,220.0,Globe at Night Monitoring Network (GaN-MN). Continuous SQM-LE sky brightness data. https://globeatnight.org/gan-mn/. Station registry: http://globeatnight-network.org/,"GaN-MN station BMCO (Big Music Creek, Arkansas, USA); photometric inflection method; night median MSAS=21.34; MSAS at inflection=21.30; depression=17.98°; smoothing=5-pt median; dark rows=545"
fajr,2022-09-27,05:16,-5,35.95,-92.5833,220.0,Globe at Night Monitoring Network (GaN-MN). Continuous SQM-LE sky brightness data. https://globeatnight.org/gan-mn/. Station registry: http://globeatnight-network.org/,"GaN-MN station BMCO (Big Music Creek, Arkansas, USA); photometric inflection method; night median MSAS=21.47; MSAS at inflection=21.44; depression=21.94°; smoothing=5-pt median; dark rows=549"
fajr,2022-09-28,05:25,-5,35.95,-92.5833,220.0,Globe at Night Monitoring Network (GaN-MN). Continuous SQM-LE sky brightness data. https://globeatnight.org/gan-mn/. Station registry: http://globeatnight-network.org/,"GaN-MN station BMCO (Big Music Creek, Arkansas, USA); photometric inflection method; night median MSAS=21.49; MSAS at inflection=21.43; depression=20.46°; smoothing=5-pt median; dark rows=552"
isha,2022-09-28,20:27,-5,35.95,-92.5833,220.0,Globe at Night Monitoring Network (GaN-MN). Continuous SQM-LE sky brightness data. https://globeatnight.org/gan-mn/. Station registry: http://globeatnight-network.org/,"GaN-MN station BMCO (Big Music Creek, Arkansas, USA); photometric inflection method; night median MSAS=21.52; MSAS at inflection=21.32; depression=18.86°; smoothing=5-pt median; dark rows=554"
fajr,2022-09-29,05:30,-5,35.95,-92.5833,220.0,Globe at Night Monitoring Network (GaN-MN). Continuous SQM-LE sky brightness data. https://globeatnight.org/gan-mn/. Station registry: http://globeatnight-network.org/,"GaN-MN station BMCO (Big Music Creek, Arkansas, USA); photometric inflection method; night median MSAS=21.52; MSAS at inflection=21.39; depression=19.54°; smoothing=5-pt median; dark rows=554"
isha,2022-09-29,20:26,-5,35.95,-92.5833,220.0,Globe at Night Monitoring Network (GaN-MN). Continuous SQM-LE sky brightness data. https://globeatnight.org/gan-mn/. Station registry: http://globeatnight-network.org/,"GaN-MN station BMCO (Big Music Creek, Arkansas, USA); photometric inflection method; night median MSAS=21.47; MSAS at inflection=21.16; depression=18.87°; smoothing=5-pt median; dark rows=557"
fajr,2022-09-30,05:39,-5,35.95,-92.5833,220.0,Globe at Night Monitoring Network (GaN-MN). Continuous SQM-LE sky brightness data. https://globeatnight.org/gan-mn/. Station registry: http://globeatnight-network.org/,"GaN-MN station BMCO (Big Music Creek, Arkansas, USA); photometric inflection method; night median MSAS=21.47; MSAS at inflection=21.39; depression=18.01°; smoothing=5-pt median; dark rows=557"
fajr,2022-09-03,04:18,9,37.456,126.9522,80.0,Globe at Night Monitoring Network (GaN-MN). Continuous SQM-LE sky brightness data. https://globeatnight.org/gan-mn/. Station registry: http://globeatnight-network.org/,"GaN-MN station CEOU (Seoul National University, Korea); photometric inflection method; night median MSAS=17.83; MSAS at inflection=17.91; depression=20.52°; smoothing=5-pt median; dark rows=1133"
isha,2022-09-26,19:36,9,37.456,126.9522,80.0,Globe at Night Monitoring Network (GaN-MN). Continuous SQM-LE sky brightness data. https://globeatnight.org/gan-mn/. Station registry: http://globeatnight-network.org/,"GaN-MN station CEOU (Seoul National University, Korea); photometric inflection method; night median MSAS=18.25; MSAS at inflection=16.85; depression=15.16°; smoothing=5-pt median; dark rows=1255"
isha,2022-09-27,19:57,9,37.456,126.9522,80.0,Globe at Night Monitoring Network (GaN-MN). Continuous SQM-LE sky brightness data. https://globeatnight.org/gan-mn/. Station registry: http://globeatnight-network.org/,"GaN-MN station CEOU (Seoul National University, Korea); photometric inflection method; night median MSAS=17.84; MSAS at inflection=17.54; depression=19.67°; smoothing=5-pt median; dark rows=1259"
isha,2022-09-28,19:33,9,37.456,126.9522,80.0,Globe at Night Monitoring Network (GaN-MN). Continuous SQM-LE sky brightness data. https://globeatnight.org/gan-mn/. Station registry: http://globeatnight-network.org/,"GaN-MN station CEOU (Seoul National University, Korea); photometric inflection method; night median MSAS=17.88; MSAS at inflection=17.32; depression=15.25°; smoothing=5-pt median; dark rows=1262"
isha,2022-09-02,20:00,8,22.2083,114.2569,40.0,Globe at Night Monitoring Network (GaN-MN). Continuous SQM-LE sky brightness data. https://globeatnight.org/gan-mn/. Station registry: http://globeatnight-network.org/,"GaN-MN station Cap (Cape D'Aguilar, Hong Kong); photometric inflection method; night median MSAS=19.90; MSAS at inflection=19.21; depression=19.14°; smoothing=5-pt median; dark rows=1213"
fajr,2022-09-03,05:01,8,22.2083,114.2569,40.0,Globe at Night Monitoring Network (GaN-MN). Continuous SQM-LE sky brightness data. https://globeatnight.org/gan-mn/. Station registry: http://globeatnight-network.org/,"GaN-MN station Cap (Cape D'Aguilar, Hong Kong); photometric inflection method; night median MSAS=19.90; MSAS at inflection=20.12; depression=15.54°; smoothing=5-pt median; dark rows=1213"
fajr,2022-09-04,05:08,8,22.2083,114.2569,40.0,Globe at Night Monitoring Network (GaN-MN). Continuous SQM-LE sky brightness data. https://globeatnight.org/gan-mn/. Station registry: http://globeatnight-network.org/,"GaN-MN station Cap (Cape D'Aguilar, Hong Kong); photometric inflection method; night median MSAS=19.63; MSAS at inflection=20.13; depression=13.93°; smoothing=5-pt median; dark rows=1215"
isha,2022-09-04,19:54,8,22.2083,114.2569,40.0,Globe at Night Monitoring Network (GaN-MN). Continuous SQM-LE sky brightness data. https://globeatnight.org/gan-mn/. Station registry: http://globeatnight-network.org/,"GaN-MN station Cap (Cape D'Aguilar, Hong Kong); photometric inflection method; night median MSAS=20.00; MSAS at inflection=18.79; depression=18.30°; smoothing=5-pt median; dark rows=1218"
fajr,2022-09-05,05:01,8,22.2083,114.2569,40.0,Globe at Night Monitoring Network (GaN-MN). Continuous SQM-LE sky brightness data. https://globeatnight.org/gan-mn/. Station registry: http://globeatnight-network.org/,"GaN-MN station Cap (Cape D'Aguilar, Hong Kong); photometric inflection method; night median MSAS=20.00; MSAS at inflection=20.23; depression=15.58°; smoothing=5-pt median; dark rows=1218"
fajr,2022-09-07,04:37,8,22.2083,114.2569,40.0,Globe at Night Monitoring Network (GaN-MN). Continuous SQM-LE sky brightness data. https://globeatnight.org/gan-mn/. Station registry: http://globeatnight-network.org/,"GaN-MN station Cap (Cape D'Aguilar, Hong Kong); photometric inflection method; night median MSAS=18.44; MSAS at inflection=18.71; depression=21.29°; smoothing=5-pt median; dark rows=1220"
isha,2022-09-07,19:38,8,22.2083,114.2569,40.0,Globe at Night Monitoring Network (GaN-MN). Continuous SQM-LE sky brightness data. https://globeatnight.org/gan-mn/. Station registry: http://globeatnight-network.org/,"GaN-MN station Cap (Cape D'Aguilar, Hong Kong); photometric inflection method; night median MSAS=17.59; MSAS at inflection=17.06; depression=15.36°; smoothing=5-pt median; dark rows=1227"
fajr,2022-09-08,05:32,8,22.2083,114.2569,40.0,Globe at Night Monitoring Network (GaN-MN). Continuous SQM-LE sky brightness data. https://globeatnight.org/gan-mn/. Station registry: http://globeatnight-network.org/,"GaN-MN station Cap (Cape D'Aguilar, Hong Kong); photometric inflection method; night median MSAS=17.59; MSAS at inflection=16.96; depression=8.98°; smoothing=5-pt median; dark rows=1227"
isha,2022-09-12,19:31,8,22.2083,114.2569,40.0,Globe at Night Monitoring Network (GaN-MN). Continuous SQM-LE sky brightness data. https://globeatnight.org/gan-mn/. Station registry: http://globeatnight-network.org/,"GaN-MN station Cap (Cape D'Aguilar, Hong Kong); photometric inflection method; night median MSAS=17.51; MSAS at inflection=19.18; depression=15.10°; smoothing=5-pt median; dark rows=1239"
fajr,2022-09-13,05:40,8,22.2083,114.2569,40.0,Globe at Night Monitoring Network (GaN-MN). Continuous SQM-LE sky brightness data. https://globeatnight.org/gan-mn/. Station registry: http://globeatnight-network.org/,"GaN-MN station Cap (Cape D'Aguilar, Hong Kong); photometric inflection method; night median MSAS=17.51; MSAS at inflection=15.23; depression=7.44°; smoothing=5-pt median; dark rows=1239"
fajr,2022-09-28,05:25,8,22.2083,114.2569,40.0,Globe at Night Monitoring Network (GaN-MN). Continuous SQM-LE sky brightness data. https://globeatnight.org/gan-mn/. Station registry: http://globeatnight-network.org/,"GaN-MN station Cap (Cape D'Aguilar, Hong Kong); photometric inflection method; night median MSAS=18.54; MSAS at inflection=18.09; depression=11.86°; smoothing=5-pt median; dark rows=1279"
fajr,2022-09-29,05:05,8,22.2083,114.2569,40.0,Globe at Night Monitoring Network (GaN-MN). Continuous SQM-LE sky brightness data. https://globeatnight.org/gan-mn/. Station registry: http://globeatnight-network.org/,"GaN-MN station Cap (Cape D'Aguilar, Hong Kong); photometric inflection method; night median MSAS=19.06; MSAS at inflection=19.28; depression=16.54°; smoothing=5-pt median; dark rows=1281"
fajr,2022-09-30,04:45,8,22.2083,114.2569,40.0,Globe at Night Monitoring Network (GaN-MN). Continuous SQM-LE sky brightness data. https://globeatnight.org/gan-mn/. Station registry: http://globeatnight-network.org/,"GaN-MN station Cap (Cape D'Aguilar, Hong Kong); photometric inflection method; night median MSAS=18.81; MSAS at inflection=19.22; depression=21.22°; smoothing=5-pt median; dark rows=1284"
isha,2022-08-31,21:01,-6,37.9958,-105.6972,2474.0,Globe at Night Monitoring Network (GaN-MN). Continuous SQM-LE sky brightness data. https://globeatnight.org/gan-mn/. Station registry: http://globeatnight-network.org/,"GaN-MN station Cre (Crestone, Colorado, USA); photometric inflection method; night median MSAS=21.73; MSAS at inflection=21.38; depression=17.32°; smoothing=5-pt median; dark rows=1126"
isha,2022-09-01,20:34,-6,37.9958,-105.6972,2474.0,Globe at Night Monitoring Network (GaN-MN). Continuous SQM-LE sky brightness data. https://globeatnight.org/gan-mn/. Station registry: http://globeatnight-network.org/,"GaN-MN station Cre (Crestone, Colorado, USA); photometric inflection method; night median MSAS=21.66; MSAS at inflection=20.01; depression=12.65°; smoothing=5-pt median; dark rows=1131"
isha,2022-09-06,20:09,-6,37.9958,-105.6972,2474.0,Globe at Night Monitoring Network (GaN-MN). Continuous SQM-LE sky brightness data. https://globeatnight.org/gan-mn/. Station registry: http://globeatnight-network.org/,"GaN-MN station Cre (Crestone, Colorado, USA); photometric inflection method; night median MSAS=19.33; MSAS at inflection=17.39; depression=9.49°; smoothing=5-pt median; dark rows=1156"
isha,2022-09-07,20:43,-6,37.9958,-105.6972,2474.0,Globe at Night Monitoring Network (GaN-MN). Continuous SQM-LE sky brightness data. https://globeatnight.org/gan-mn/. Station registry: http://globeatnight-network.org/,"GaN-MN station Cre (Crestone, Colorado, USA); photometric inflection method; night median MSAS=18.69; MSAS at inflection=18.58; depression=16.21°; smoothing=5-pt median; dark rows=1161"
isha,2022-09-13,20:06,-6,37.9958,-105.6972,2474.0,Globe at Night Monitoring Network (GaN-MN). Continuous SQM-LE sky brightness data. https://globeatnight.org/gan-mn/. Station registry: http://globeatnight-network.org/,"GaN-MN station Cre (Crestone, Colorado, USA); photometric inflection method; night median MSAS=18.39; MSAS at inflection=18.89; depression=11.03°; smoothing=5-pt median; dark rows=1192"
isha,2022-09-22,20:33,-6,37.9958,-105.6972,2474.0,Globe at Night Monitoring Network (GaN-MN). Continuous SQM-LE sky brightness data. https://globeatnight.org/gan-mn/. Station registry: http://globeatnight-network.org/,"GaN-MN station Cre (Crestone, Colorado, USA); photometric inflection method; night median MSAS=21.72; MSAS at inflection=21.54; depression=19.18°; smoothing=5-pt median; dark rows=1237"
isha,2022-09-25,20:01,-6,37.9958,-105.6972,2474.0,Globe at Night Monitoring Network (GaN-MN). Continuous SQM-LE sky brightness data. https://globeatnight.org/gan-mn/. Station registry: http://globeatnight-network.org/,"GaN-MN station Cre (Crestone, Colorado, USA); photometric inflection method; night median MSAS=21.51; MSAS at inflection=20.77; depression=13.88°; smoothing=5-pt median; dark rows=1252"
isha,2022-09-29,20:07,-6,37.9958,-105.6972,2474.0,Globe at Night Monitoring Network (GaN-MN). Continuous SQM-LE sky brightness data. https://globeatnight.org/gan-mn/. Station registry: http://globeatnight-network.org/,"GaN-MN station Cre (Crestone, Colorado, USA); photometric inflection method; night median MSAS=21.70; MSAS at inflection=21.04; depression=16.41°; smoothing=5-pt median; dark rows=1272"
isha,2022-09-20,19:31,9,36.3504,127.3845,75.0,Globe at Night Monitoring Network (GaN-MN). Continuous SQM-LE sky brightness data. https://globeatnight.org/gan-mn/. Station registry: http://globeatnight-network.org/,"GaN-MN station DAO (Daejeon, Korea); photometric inflection method; night median MSAS=17.94; MSAS at inflection=17.64; depression=12.86°; smoothing=5-pt median; dark rows=132"
fajr,2022-09-20,19:57,9,36.3504,127.3845,75.0,Globe at Night Monitoring Network (GaN-MN). Continuous SQM-LE sky brightness data. https://globeatnight.org/gan-mn/. Station registry: http://globeatnight-network.org/,"GaN-MN station DAO (Daejeon, Korea); photometric inflection method; night median MSAS=17.94; MSAS at inflection=17.77; depression=18.06°; smoothing=5-pt median; dark rows=132"
fajr,2022-09-07,04:16,9,35.8714,128.6014,55.0,Globe at Night Monitoring Network (GaN-MN). Continuous SQM-LE sky brightness data. https://globeatnight.org/gan-mn/. Station registry: http://globeatnight-network.org/,"GaN-MN station DNSM (Daegu National Science Museum, Korea); photometric inflection method; night median MSAS=18.50; MSAS at inflection=18.78; depression=21.26°; smoothing=5-pt median; dark rows=1165"
isha,2022-09-04,21:13,2,51.7667,13.7667,90.0,Globe at Night Monitoring Network (GaN-MN). Continuous SQM-LE sky brightness data. https://globeatnight.org/gan-mn/. Station registry: http://globeatnight-network.org/,"GaN-MN station ELO (South-Brandenburg, Germany); photometric inflection method; night median MSAS=21.31; MSAS at inflection=20.16; depression=13.47°; smoothing=5-pt median; dark rows=679"
isha,2022-09-05,21:57,2,51.7667,13.7667,90.0,Globe at Night Monitoring Network (GaN-MN). Continuous SQM-LE sky brightness data. https://globeatnight.org/gan-mn/. Station registry: http://globeatnight-network.org/,"GaN-MN station ELO (South-Brandenburg, Germany); photometric inflection method; night median MSAS=21.30; MSAS at inflection=20.31; depression=19.48°; smoothing=5-pt median; dark rows=875"
fajr,2022-09-07,03:59,2,51.7667,13.7667,90.0,Globe at Night Monitoring Network (GaN-MN). Continuous SQM-LE sky brightness data. https://globeatnight.org/gan-mn/. Station registry: http://globeatnight-network.org/,"GaN-MN station ELO (South-Brandenburg, Germany); photometric inflection method; night median MSAS=21.50; MSAS at inflection=21.50; depression=20.94°; smoothing=5-pt median; dark rows=565"
isha,2022-09-07,22:12,2,51.7667,13.7667,90.0,Globe at Night Monitoring Network (GaN-MN). Continuous SQM-LE sky brightness data. https://globeatnight.org/gan-mn/. Station registry: http://globeatnight-network.org/,"GaN-MN station ELO (South-Brandenburg, Germany); photometric inflection method; night median MSAS=19.72; MSAS at inflection=19.68; depression=21.96°; smoothing=5-pt median; dark rows=848"
fajr,2022-09-09,04:58,2,51.7667,13.7667,90.0,Globe at Night Monitoring Network (GaN-MN). Continuous SQM-LE sky brightness data. https://globeatnight.org/gan-mn/. Station registry: http://globeatnight-network.org/,"GaN-MN station ELO (South-Brandenburg, Germany); photometric inflection method; night median MSAS=19.47; MSAS at inflection=21.08; depression=14.06°; smoothing=5-pt median; dark rows=772"
fajr,2022-09-10,04:11,2,51.7667,13.7667,90.0,Globe at Night Monitoring Network (GaN-MN). Continuous SQM-LE sky brightness data. https://globeatnight.org/gan-mn/. Station registry: http://globeatnight-network.org/,"GaN-MN station ELO (South-Brandenburg, Germany); photometric inflection method; night median MSAS=18.90; MSAS at inflection=19.17; depression=20.50°; smoothing=5-pt median; dark rows=671"
isha,2022-09-11,20:32,2,51.7667,13.7667,90.0,Globe at Night Monitoring Network (GaN-MN). Continuous SQM-LE sky brightness data. https://globeatnight.org/gan-mn/. Station registry: http://globeatnight-network.org/,"GaN-MN station ELO (South-Brandenburg, Germany); photometric inflection method; night median MSAS=18.54; MSAS at inflection=18.10; depression=10.27°; smoothing=5-pt median; dark rows=895"
fajr,2022-09-12,05:12,2,51.7667,13.7667,90.0,Globe at Night Monitoring Network (GaN-MN). Continuous SQM-LE sky brightness data. https://globeatnight.org/gan-mn/. Station registry: http://globeatnight-network.org/,"GaN-MN station ELO (South-Brandenburg, Germany); photometric inflection method; night median MSAS=18.54; MSAS at inflection=18.58; depression=12.98°; smoothing=5-pt median; dark rows=895"
isha,2022-09-12,21:14,2,51.7667,13.7667,90.0,Globe at Night Monitoring Network (GaN-MN). Continuous SQM-LE sky brightness data. https://globeatnight.org/gan-mn/. Station registry: http://globeatnight-network.org/,"GaN-MN station ELO (South-Brandenburg, Germany); photometric inflection method; night median MSAS=18.85; MSAS at inflection=20.00; depression=16.52°; smoothing=5-pt median; dark rows=1043"
fajr,2022-09-13,04:14,2,51.7667,13.7667,90.0,Globe at Night Monitoring Network (GaN-MN). Continuous SQM-LE sky brightness data. https://globeatnight.org/gan-mn/. Station registry: http://globeatnight-network.org/,"GaN-MN station ELO (South-Brandenburg, Germany); photometric inflection method; night median MSAS=18.85; MSAS at inflection=18.90; depression=20.99°; smoothing=5-pt median; dark rows=1043"
fajr,2022-09-14,05:29,2,51.7667,13.7667,90.0,Globe at Night Monitoring Network (GaN-MN). Continuous SQM-LE sky brightness data. https://globeatnight.org/gan-mn/. Station registry: http://globeatnight-network.org/,"GaN-MN station ELO (South-Brandenburg, Germany); photometric inflection method; night median MSAS=18.30; MSAS at inflection=18.32; depression=11.00°; smoothing=5-pt median; dark rows=643"
isha,2022-09-14,20:26,2,51.7667,13.7667,90.0,Globe at Night Monitoring Network (GaN-MN). Continuous SQM-LE sky brightness data. https://globeatnight.org/gan-mn/. Station registry: http://globeatnight-network.org/,"GaN-MN station ELO (South-Brandenburg, Germany); photometric inflection method; night median MSAS=18.68; MSAS at inflection=19.26; depression=10.54°; smoothing=5-pt median; dark rows=991"
fajr,2022-09-15,04:55,2,51.7667,13.7667,90.0,Globe at Night Monitoring Network (GaN-MN). Continuous SQM-LE sky brightness data. https://globeatnight.org/gan-mn/. Station registry: http://globeatnight-network.org/,"GaN-MN station ELO (South-Brandenburg, Germany); photometric inflection method; night median MSAS=18.68; MSAS at inflection=18.91; depression=16.18°; smoothing=5-pt median; dark rows=991"
isha,2022-09-17,20:27,2,51.7667,13.7667,90.0,Globe at Night Monitoring Network (GaN-MN). Continuous SQM-LE sky brightness data. https://globeatnight.org/gan-mn/. Station registry: http://globeatnight-network.org/,"GaN-MN station ELO (South-Brandenburg, Germany); photometric inflection method; night median MSAS=20.46; MSAS at inflection=19.51; depression=11.81°; smoothing=5-pt median; dark rows=1091"
fajr,2022-09-18,04:52,2,51.7667,13.7667,90.0,Globe at Night Monitoring Network (GaN-MN). Continuous SQM-LE sky brightness data. https://globeatnight.org/gan-mn/. Station registry: http://globeatnight-network.org/,"GaN-MN station ELO (South-Brandenburg, Germany); photometric inflection method; night median MSAS=20.46; MSAS at inflection=19.92; depression=17.43°; smoothing=5-pt median; dark rows=1091"
isha,2022-09-22,20:32,2,51.7667,13.7667,90.0,Globe at Night Monitoring Network (GaN-MN). Continuous SQM-LE sky brightness data. https://globeatnight.org/gan-mn/. Station registry: http://globeatnight-network.org/,"GaN-MN station ELO (South-Brandenburg, Germany); photometric inflection method; night median MSAS=21.62; MSAS at inflection=21.03; depression=14.34°; smoothing=5-pt median; dark rows=578"
fajr,2022-09-23,05:16,2,51.7667,13.7667,90.0,Globe at Night Monitoring Network (GaN-MN). Continuous SQM-LE sky brightness data. https://globeatnight.org/gan-mn/. Station registry: http://globeatnight-network.org/,"GaN-MN station ELO (South-Brandenburg, Germany); photometric inflection method; night median MSAS=21.62; MSAS at inflection=21.45; depression=15.32°; smoothing=5-pt median; dark rows=578"
isha,2022-09-25,20:57,2,51.7667,13.7667,90.0,Globe at Night Monitoring Network (GaN-MN). Continuous SQM-LE sky brightness data. https://globeatnight.org/gan-mn/. Station registry: http://globeatnight-network.org/,"GaN-MN station ELO (South-Brandenburg, Germany); photometric inflection method; night median MSAS=21.37; MSAS at inflection=21.27; depression=19.03°; smoothing=5-pt median; dark rows=480"
isha,2022-09-28,20:01,2,51.7667,13.7667,90.0,Globe at Night Monitoring Network (GaN-MN). Continuous SQM-LE sky brightness data. https://globeatnight.org/gan-mn/. Station registry: http://globeatnight-network.org/,"GaN-MN station ELO (South-Brandenburg, Germany); photometric inflection method; night median MSAS=21.35; MSAS at inflection=19.50; depression=11.97°; smoothing=5-pt median; dark rows=1153"
fajr,2022-09-05,05:24,8,22.4924,114.1393,20.0,Globe at Night Monitoring Network (GaN-MN). Continuous SQM-LE sky brightness data. https://globeatnight.org/gan-mn/. Station registry: http://globeatnight-network.org/,"GaN-MN station FKYC (Fanling, Hong Kong); photometric inflection method; night median MSAS=20.94; MSAS at inflection=21.03; depression=10.52°; smoothing=5-pt median; dark rows=1217"
fajr,2022-09-15,04:38,8,22.4924,114.1393,20.0,Globe at Night Monitoring Network (GaN-MN). Continuous SQM-LE sky brightness data. https://globeatnight.org/gan-mn/. Station registry: http://globeatnight-network.org/,"GaN-MN station FKYC (Fanling, Hong Kong); photometric inflection method; night median MSAS=17.58; MSAS at inflection=15.25; depression=21.63°; smoothing=5-pt median; dark rows=1243"
isha,2022-09-19,18:59,8,22.4924,114.1393,20.0,Globe at Night Monitoring Network (GaN-MN). Continuous SQM-LE sky brightness data. https://globeatnight.org/gan-mn/. Station registry: http://globeatnight-network.org/,"GaN-MN station FKYC (Fanling, Hong Kong); photometric inflection method; night median MSAS=17.76; MSAS at inflection=16.40; depression=9.23°; smoothing=5-pt median; dark rows=1258"
isha,2022-08-31,20:15,-7,34.2994,-116.5056,1325.0,Globe at Night Monitoring Network (GaN-MN). Continuous SQM-LE sky brightness data. https://globeatnight.org/gan-mn/. Station registry: http://globeatnight-network.org/,"GaN-MN station GMARS (Landers, California, USA); photometric inflection method; night median MSAS=21.32; MSAS at inflection=20.59; depression=13.25°; smoothing=5-pt median; dark rows=111"
fajr,2022-09-01,05:20,-7,34.2994,-116.5056,1325.0,Globe at Night Monitoring Network (GaN-MN). Continuous SQM-LE sky brightness data. https://globeatnight.org/gan-mn/. Station registry: http://globeatnight-network.org/,"GaN-MN station GMARS (Landers, California, USA); photometric inflection method; night median MSAS=21.32; MSAS at inflection=20.67; depression=12.59°; smoothing=5-pt median; dark rows=111"
isha,2022-09-01,20:15,-7,34.2994,-116.5056,1325.0,Globe at Night Monitoring Network (GaN-MN). Continuous SQM-LE sky brightness data. https://globeatnight.org/gan-mn/. Station registry: http://globeatnight-network.org/,"GaN-MN station GMARS (Landers, California, USA); photometric inflection method; night median MSAS=21.36; MSAS at inflection=20.51; depression=13.54°; smoothing=5-pt median; dark rows=110"
fajr,2022-09-02,05:20,-7,34.2994,-116.5056,1325.0,Globe at Night Monitoring Network (GaN-MN). Continuous SQM-LE sky brightness data. https://globeatnight.org/gan-mn/. Station registry: http://globeatnight-network.org/,"GaN-MN station GMARS (Landers, California, USA); photometric inflection method; night median MSAS=21.36; MSAS at inflection=20.80; depression=12.75°; smoothing=5-pt median; dark rows=110"
isha,2022-09-02,20:15,-7,34.2994,-116.5056,1325.0,Globe at Night Monitoring Network (GaN-MN). Continuous SQM-LE sky brightness data. https://globeatnight.org/gan-mn/. Station registry: http://globeatnight-network.org/,"GaN-MN station GMARS (Landers, California, USA); photometric inflection method; night median MSAS=21.16; MSAS at inflection=20.31; depression=13.84°; smoothing=5-pt median; dark rows=111"
fajr,2022-09-03,05:20,-7,34.2994,-116.5056,1325.0,Globe at Night Monitoring Network (GaN-MN). Continuous SQM-LE sky brightness data. https://globeatnight.org/gan-mn/. Station registry: http://globeatnight-network.org/,"GaN-MN station GMARS (Landers, California, USA); photometric inflection method; night median MSAS=21.16; MSAS at inflection=20.92; depression=12.91°; smoothing=5-pt median; dark rows=111"
isha,2022-09-03,20:25,-7,34.2994,-116.5056,1325.0,Globe at Night Monitoring Network (GaN-MN). Continuous SQM-LE sky brightness data. https://globeatnight.org/gan-mn/. Station registry: http://globeatnight-network.org/,"GaN-MN station GMARS (Landers, California, USA); photometric inflection method; night median MSAS=21.27; MSAS at inflection=20.15; depression=16.08°; smoothing=5-pt median; dark rows=112"
fajr,2022-09-04,05:20,-7,34.2994,-116.5056,1325.0,Globe at Night Monitoring Network (GaN-MN). Continuous SQM-LE sky brightness data. https://globeatnight.org/gan-mn/. Station registry: http://globeatnight-network.org/,"GaN-MN station GMARS (Landers, California, USA); photometric inflection method; night median MSAS=21.27; MSAS at inflection=20.87; depression=13.06°; smoothing=5-pt median; dark rows=112"
isha,2022-09-04,20:20,-7,34.2994,-116.5056,1325.0,Globe at Night Monitoring Network (GaN-MN). Continuous SQM-LE sky brightness data. https://globeatnight.org/gan-mn/. Station registry: http://globeatnight-network.org/,"GaN-MN station GMARS (Landers, California, USA); photometric inflection method; night median MSAS=20.76; MSAS at inflection=19.81; depression=15.41°; smoothing=5-pt median; dark rows=113"
fajr,2022-09-05,05:25,-7,34.2994,-116.5056,1325.0,Globe at Night Monitoring Network (GaN-MN). Continuous SQM-LE sky brightness data. https://globeatnight.org/gan-mn/. Station registry: http://globeatnight-network.org/,"GaN-MN station GMARS (Landers, California, USA); photometric inflection method; night median MSAS=20.76; MSAS at inflection=20.40; depression=12.24°; smoothing=5-pt median; dark rows=113"
isha,2022-09-05,20:10,-7,34.2994,-116.5056,1325.0,Globe at Night Monitoring Network (GaN-MN). Continuous SQM-LE sky brightness data. https://globeatnight.org/gan-mn/. Station registry: http://globeatnight-network.org/,"GaN-MN station GMARS (Landers, California, USA); photometric inflection method; night median MSAS=20.09; MSAS at inflection=19.47; depression=13.75°; smoothing=5-pt median; dark rows=113"
fajr,2022-09-06,05:25,-7,34.2994,-116.5056,1325.0,Globe at Night Monitoring Network (GaN-MN). Continuous SQM-LE sky brightness data. https://globeatnight.org/gan-mn/. Station registry: http://globeatnight-network.org/,"GaN-MN station GMARS (Landers, California, USA); photometric inflection method; night median MSAS=20.09; MSAS at inflection=20.59; depression=12.39°; smoothing=5-pt median; dark rows=113"
isha,2022-09-06,20:00,-7,34.2994,-116.5056,1325.0,Globe at Night Monitoring Network (GaN-MN). Continuous SQM-LE sky brightness data. https://globeatnight.org/gan-mn/. Station registry: http://globeatnight-network.org/,"GaN-MN station GMARS (Landers, California, USA); photometric inflection method; night median MSAS=19.34; MSAS at inflection=19.06; depression=12.07°; smoothing=5-pt median; dark rows=114"
fajr,2022-09-07,05:25,-7,34.2994,-116.5056,1325.0,Globe at Night Monitoring Network (GaN-MN). Continuous SQM-LE sky brightness data. https://globeatnight.org/gan-mn/. Station registry: http://globeatnight-network.org/,"GaN-MN station GMARS (Landers, California, USA); photometric inflection method; night median MSAS=19.34; MSAS at inflection=20.68; depression=12.55°; smoothing=5-pt median; dark rows=114"
isha,2022-09-07,20:05,-7,34.2994,-116.5056,1325.0,Globe at Night Monitoring Network (GaN-MN). Continuous SQM-LE sky brightness data. https://globeatnight.org/gan-mn/. Station registry: http://globeatnight-network.org/,"GaN-MN station GMARS (Landers, California, USA); photometric inflection method; night median MSAS=18.75; MSAS at inflection=18.92; depression=13.35°; smoothing=5-pt median; dark rows=114"
fajr,2022-09-08,05:25,-7,34.2994,-116.5056,1325.0,Globe at Night Monitoring Network (GaN-MN). Continuous SQM-LE sky brightness data. https://globeatnight.org/gan-mn/. Station registry: http://globeatnight-network.org/,"GaN-MN station GMARS (Landers, California, USA); photometric inflection method; night median MSAS=18.75; MSAS at inflection=20.85; depression=12.70°; smoothing=5-pt median; dark rows=114"
isha,2022-09-11,20:35,-7,34.2994,-116.5056,1325.0,Globe at Night Monitoring Network (GaN-MN). Continuous SQM-LE sky brightness data. https://globeatnight.org/gan-mn/. Station registry: http://globeatnight-network.org/,"GaN-MN station GMARS (Landers, California, USA); photometric inflection method; night median MSAS=18.24; MSAS at inflection=20.13; depression=20.46°; smoothing=5-pt median; dark rows=116"
fajr,2022-09-12,05:30,-7,34.2994,-116.5056,1325.0,Globe at Night Monitoring Network (GaN-MN). Continuous SQM-LE sky brightness data. https://globeatnight.org/gan-mn/. Station registry: http://globeatnight-network.org/,"GaN-MN station GMARS (Landers, California, USA); photometric inflection method; night median MSAS=18.24; MSAS at inflection=17.50; depression=12.32°; smoothing=5-pt median; dark rows=116"
isha,2022-09-12,20:00,-7,34.2994,-116.5056,1325.0,Globe at Night Monitoring Network (GaN-MN). Continuous SQM-LE sky brightness data. https://globeatnight.org/gan-mn/. Station registry: http://globeatnight-network.org/,"GaN-MN station GMARS (Landers, California, USA); photometric inflection method; night median MSAS=18.45; MSAS at inflection=20.71; depression=13.86°; smoothing=5-pt median; dark rows=116"
isha,2022-09-13,19:55,-7,34.2994,-116.5056,1325.0,Globe at Night Monitoring Network (GaN-MN). Continuous SQM-LE sky brightness data. https://globeatnight.org/gan-mn/. Station registry: http://globeatnight-network.org/,"GaN-MN station GMARS (Landers, California, USA); photometric inflection method; night median MSAS=18.92; MSAS at inflection=20.54; depression=13.17°; smoothing=5-pt median; dark rows=117"
fajr,2022-09-14,05:30,-7,34.2994,-116.5056,1325.0,Globe at Night Monitoring Network (GaN-MN). Continuous SQM-LE sky brightness data. https://globeatnight.org/gan-mn/. Station registry: http://globeatnight-network.org/,"GaN-MN station GMARS (Landers, California, USA); photometric inflection method; night median MSAS=18.92; MSAS at inflection=17.50; depression=12.62°; smoothing=5-pt median; dark rows=117"
isha,2022-09-14,19:50,-7,34.2994,-116.5056,1325.0,Globe at Night Monitoring Network (GaN-MN). Continuous SQM-LE sky brightness data. https://globeatnight.org/gan-mn/. Station registry: http://globeatnight-network.org/,"GaN-MN station GMARS (Landers, California, USA); photometric inflection method; night median MSAS=19.64; MSAS at inflection=20.55; depression=12.46°; smoothing=5-pt median; dark rows=117"
isha,2022-09-15,19:55,-7,34.2994,-116.5056,1325.0,Globe at Night Monitoring Network (GaN-MN). Continuous SQM-LE sky brightness data. https://globeatnight.org/gan-mn/. Station registry: http://globeatnight-network.org/,"GaN-MN station GMARS (Landers, California, USA); photometric inflection method; night median MSAS=20.10; MSAS at inflection=20.91; depression=13.77°; smoothing=5-pt median; dark rows=117"
isha,2022-09-16,19:45,-7,34.2994,-116.5056,1325.0,Globe at Night Monitoring Network (GaN-MN). Continuous SQM-LE sky brightness data. https://globeatnight.org/gan-mn/. Station registry: http://globeatnight-network.org/,"GaN-MN station GMARS (Landers, California, USA); photometric inflection method; night median MSAS=20.51; MSAS at inflection=20.30; depression=12.05°; smoothing=5-pt median; dark rows=118"
fajr,2022-09-17,05:30,-7,34.2994,-116.5056,1325.0,Globe at Night Monitoring Network (GaN-MN). Continuous SQM-LE sky brightness data. https://globeatnight.org/gan-mn/. Station registry: http://globeatnight-network.org/,"GaN-MN station GMARS (Landers, California, USA); photometric inflection method; night median MSAS=20.51; MSAS at inflection=18.16; depression=13.08°; smoothing=5-pt median; dark rows=118"
isha,2022-09-17,19:45,-7,34.2994,-116.5056,1325.0,Globe at Night Monitoring Network (GaN-MN). Continuous SQM-LE sky brightness data. https://globeatnight.org/gan-mn/. Station registry: http://globeatnight-network.org/,"GaN-MN station GMARS (Landers, California, USA); photometric inflection method; night median MSAS=20.89; MSAS at inflection=20.45; depression=12.36°; smoothing=5-pt median; dark rows=119"
fajr,2022-09-18,05:35,-7,34.2994,-116.5056,1325.0,Globe at Night Monitoring Network (GaN-MN). Continuous SQM-LE sky brightness data. https://globeatnight.org/gan-mn/. Station registry: http://globeatnight-network.org/,"GaN-MN station GMARS (Landers, California, USA); photometric inflection method; night median MSAS=20.89; MSAS at inflection=19.02; depression=12.22°; smoothing=5-pt median; dark rows=119"
isha,2022-09-18,19:45,-7,34.2994,-116.5056,1325.0,Globe at Night Monitoring Network (GaN-MN). Continuous SQM-LE sky brightness data. https://globeatnight.org/gan-mn/. Station registry: http://globeatnight-network.org/,"GaN-MN station GMARS (Landers, California, USA); photometric inflection method; night median MSAS=21.10; MSAS at inflection=20.61; depression=12.66°; smoothing=5-pt median; dark rows=119"
fajr,2022-09-19,05:35,-7,34.2994,-116.5056,1325.0,Globe at Night Monitoring Network (GaN-MN). Continuous SQM-LE sky brightness data. https://globeatnight.org/gan-mn/. Station registry: http://globeatnight-network.org/,"GaN-MN station GMARS (Landers, California, USA); photometric inflection method; night median MSAS=21.10; MSAS at inflection=19.78; depression=12.37°; smoothing=5-pt median; dark rows=119"
isha,2022-09-19,19:40,-7,34.2994,-116.5056,1325.0,Globe at Night Monitoring Network (GaN-MN). Continuous SQM-LE sky brightness data. https://globeatnight.org/gan-mn/. Station registry: http://globeatnight-network.org/,"GaN-MN station GMARS (Landers, California, USA); photometric inflection method; night median MSAS=21.08; MSAS at inflection=20.23; depression=11.94°; smoothing=5-pt median; dark rows=120"
fajr,2022-09-20,05:35,-7,34.2994,-116.5056,1325.0,Globe at Night Monitoring Network (GaN-MN). Continuous SQM-LE sky brightness data. https://globeatnight.org/gan-mn/. Station registry: http://globeatnight-network.org/,"GaN-MN station GMARS (Landers, California, USA); photometric inflection method; night median MSAS=21.08; MSAS at inflection=20.22; depression=12.52°; smoothing=5-pt median; dark rows=120"
isha,2022-09-20,19:40,-7,34.2994,-116.5056,1325.0,Globe at Night Monitoring Network (GaN-MN). Continuous SQM-LE sky brightness data. https://globeatnight.org/gan-mn/. Station registry: http://globeatnight-network.org/,"GaN-MN station GMARS (Landers, California, USA); photometric inflection method; night median MSAS=21.13; MSAS at inflection=20.35; depression=12.24°; smoothing=5-pt median; dark rows=120"
fajr,2022-09-21,05:35,-7,34.2994,-116.5056,1325.0,Globe at Night Monitoring Network (GaN-MN). Continuous SQM-LE sky brightness data. https://globeatnight.org/gan-mn/. Station registry: http://globeatnight-network.org/,"GaN-MN station GMARS (Landers, California, USA); photometric inflection method; night median MSAS=21.13; MSAS at inflection=20.51; depression=12.67°; smoothing=5-pt median; dark rows=120"
isha,2022-09-21,19:45,-7,34.2994,-116.5056,1325.0,Globe at Night Monitoring Network (GaN-MN). Continuous SQM-LE sky brightness data. https://globeatnight.org/gan-mn/. Station registry: http://globeatnight-network.org/,"GaN-MN station GMARS (Landers, California, USA); photometric inflection method; night median MSAS=21.28; MSAS at inflection=20.68; depression=13.56°; smoothing=5-pt median; dark rows=120"
fajr,2022-09-22,05:35,-7,34.2994,-116.5056,1325.0,Globe at Night Monitoring Network (GaN-MN). Continuous SQM-LE sky brightness data. https://globeatnight.org/gan-mn/. Station registry: http://globeatnight-network.org/,"GaN-MN station GMARS (Landers, California, USA); photometric inflection method; night median MSAS=21.28; MSAS at inflection=20.62; depression=12.82°; smoothing=5-pt median; dark rows=120"
isha,2022-09-22,19:45,-7,34.2994,-116.5056,1325.0,Globe at Night Monitoring Network (GaN-MN). Continuous SQM-LE sky brightness data. https://globeatnight.org/gan-mn/. Station registry: http://globeatnight-network.org/,"GaN-MN station GMARS (Landers, California, USA); photometric inflection method; night median MSAS=21.31; MSAS at inflection=20.84; depression=13.86°; smoothing=5-pt median; dark rows=120"
fajr,2022-09-23,05:35,-7,34.2994,-116.5056,1325.0,Globe at Night Monitoring Network (GaN-MN). Continuous SQM-LE sky brightness data. https://globeatnight.org/gan-mn/. Station registry: http://globeatnight-network.org/,"GaN-MN station GMARS (Landers, California, USA); photometric inflection method; night median MSAS=21.31; MSAS at inflection=20.72; depression=12.97°; smoothing=5-pt median; dark rows=120"
isha,2022-09-23,19:35,-7,34.2994,-116.5056,1325.0,Globe at Night Monitoring Network (GaN-MN). Continuous SQM-LE sky brightness data. https://globeatnight.org/gan-mn/. Station registry: http://globeatnight-network.org/,"GaN-MN station GMARS (Landers, California, USA); photometric inflection method; night median MSAS=21.25; MSAS at inflection=20.28; depression=12.12°; smoothing=5-pt median; dark rows=122"
fajr,2022-09-24,05:40,-7,34.2994,-116.5056,1325.0,Globe at Night Monitoring Network (GaN-MN). Continuous SQM-LE sky brightness data. https://globeatnight.org/gan-mn/. Station registry: http://globeatnight-network.org/,"GaN-MN station GMARS (Landers, California, USA); photometric inflection method; night median MSAS=21.25; MSAS at inflection=20.23; depression=12.10°; smoothing=5-pt median; dark rows=122"
isha,2022-09-24,19:35,-7,34.2994,-116.5056,1325.0,Globe at Night Monitoring Network (GaN-MN). Continuous SQM-LE sky brightness data. https://globeatnight.org/gan-mn/. Station registry: http://globeatnight-network.org/,"GaN-MN station GMARS (Landers, California, USA); photometric inflection method; night median MSAS=21.19; MSAS at inflection=20.35; depression=12.41°; smoothing=5-pt median; dark rows=122"
fajr,2022-09-25,05:40,-7,34.2994,-116.5056,1325.0,Globe at Night Monitoring Network (GaN-MN). Continuous SQM-LE sky brightness data. https://globeatnight.org/gan-mn/. Station registry: http://globeatnight-network.org/,"GaN-MN station GMARS (Landers, California, USA); photometric inflection method; night median MSAS=21.19; MSAS at inflection=20.32; depression=12.25°; smoothing=5-pt median; dark rows=122"
isha,2022-09-25,19:35,-7,34.2994,-116.5056,1325.0,Globe at Night Monitoring Network (GaN-MN). Continuous SQM-LE sky brightness data. https://globeatnight.org/gan-mn/. Station registry: http://globeatnight-network.org/,"GaN-MN station GMARS (Landers, California, USA); photometric inflection method; night median MSAS=21.25; MSAS at inflection=20.56; depression=12.71°; smoothing=5-pt median; dark rows=122"
fajr,2022-09-26,05:40,-7,34.2994,-116.5056,1325.0,Globe at Night Monitoring Network (GaN-MN). Continuous SQM-LE sky brightness data. https://globeatnight.org/gan-mn/. Station registry: http://globeatnight-network.org/,"GaN-MN station GMARS (Landers, California, USA); photometric inflection method; night median MSAS=21.25; MSAS at inflection=20.42; depression=12.40°; smoothing=5-pt median; dark rows=122"
isha,2022-09-26,19:30,-7,34.2994,-116.5056,1325.0,Globe at Night Monitoring Network (GaN-MN). Continuous SQM-LE sky brightness data. https://globeatnight.org/gan-mn/. Station registry: http://globeatnight-network.org/,"GaN-MN station GMARS (Landers, California, USA); photometric inflection method; night median MSAS=21.23; MSAS at inflection=20.26; depression=11.98°; smoothing=5-pt median; dark rows=123"
fajr,2022-09-27,05:40,-7,34.2994,-116.5056,1325.0,Globe at Night Monitoring Network (GaN-MN). Continuous SQM-LE sky brightness data. https://globeatnight.org/gan-mn/. Station registry: http://globeatnight-network.org/,"GaN-MN station GMARS (Landers, California, USA); photometric inflection method; night median MSAS=21.23; MSAS at inflection=20.55; depression=12.55°; smoothing=5-pt median; dark rows=123"
isha,2022-09-27,19:30,-7,34.2994,-116.5056,1325.0,Globe at Night Monitoring Network (GaN-MN). Continuous SQM-LE sky brightness data. https://globeatnight.org/gan-mn/. Station registry: http://globeatnight-network.org/,"GaN-MN station GMARS (Landers, California, USA); photometric inflection method; night median MSAS=21.33; MSAS at inflection=20.40; depression=12.28°; smoothing=5-pt median; dark rows=123"
fajr,2022-09-28,05:40,-7,34.2994,-116.5056,1325.0,Globe at Night Monitoring Network (GaN-MN). Continuous SQM-LE sky brightness data. https://globeatnight.org/gan-mn/. Station registry: http://globeatnight-network.org/,"GaN-MN station GMARS (Landers, California, USA); photometric inflection method; night median MSAS=21.33; MSAS at inflection=20.70; depression=12.70°; smoothing=5-pt median; dark rows=123"
isha,2022-09-28,19:40,-7,34.2994,-116.5056,1325.0,Globe at Night Monitoring Network (GaN-MN). Continuous SQM-LE sky brightness data. https://globeatnight.org/gan-mn/. Station registry: http://globeatnight-network.org/,"GaN-MN station GMARS (Landers, California, USA); photometric inflection method; night median MSAS=21.29; MSAS at inflection=20.20; depression=14.63°; smoothing=5-pt median; dark rows=119"
fajr,2022-09-29,05:40,-7,34.2994,-116.5056,1325.0,Globe at Night Monitoring Network (GaN-MN). Continuous SQM-LE sky brightness data. https://globeatnight.org/gan-mn/. Station registry: http://globeatnight-network.org/,"GaN-MN station GMARS (Landers, California, USA); photometric inflection method; night median MSAS=21.29; MSAS at inflection=20.79; depression=12.85°; smoothing=5-pt median; dark rows=119"
isha,2022-09-29,19:35,-7,34.2994,-116.5056,1325.0,Globe at Night Monitoring Network (GaN-MN). Continuous SQM-LE sky brightness data. https://globeatnight.org/gan-mn/. Station registry: http://globeatnight-network.org/,"GaN-MN station GMARS (Landers, California, USA); photometric inflection method; night median MSAS=21.38; MSAS at inflection=20.66; depression=13.89°; smoothing=5-pt median; dark rows=123"
fajr,2022-09-30,05:40,-7,34.2994,-116.5056,1325.0,Globe at Night Monitoring Network (GaN-MN). Continuous SQM-LE sky brightness data. https://globeatnight.org/gan-mn/. Station registry: http://globeatnight-network.org/,"GaN-MN station GMARS (Landers, California, USA); photometric inflection method; night median MSAS=21.38; MSAS at inflection=20.82; depression=13.00°; smoothing=5-pt median; dark rows=123"
isha,2022-09-01,20:36,2,54.352,18.6466,5.0,Globe at Night Monitoring Network (GaN-MN). Continuous SQM-LE sky brightness data. https://globeatnight.org/gan-mn/. Station registry: http://globeatnight-network.org/,"GaN-MN station GUT (Gdansk University of Technology, Poland); photometric inflection method; night median MSAS=18.00; MSAS at inflection=16.29; depression=8.84°; smoothing=5-pt median; dark rows=835"
fajr,2022-09-02,04:59,2,54.352,18.6466,5.0,Globe at Night Monitoring Network (GaN-MN). Continuous SQM-LE sky brightness data. https://globeatnight.org/gan-mn/. Station registry: http://globeatnight-network.org/,"GaN-MN station GUT (Gdansk University of Technology, Poland); photometric inflection method; night median MSAS=18.00; MSAS at inflection=15.66; depression=8.31°; smoothing=5-pt median; dark rows=835"
fajr,2022-09-07,04:54,2,54.352,18.6466,5.0,Globe at Night Monitoring Network (GaN-MN). Continuous SQM-LE sky brightness data. https://globeatnight.org/gan-mn/. Station registry: http://globeatnight-network.org/,"GaN-MN station GUT (Gdansk University of Technology, Poland); photometric inflection method; night median MSAS=18.50; MSAS at inflection=17.68; depression=10.37°; smoothing=5-pt median; dark rows=776"
isha,2022-09-07,20:15,2,54.352,18.6466,5.0,Globe at Night Monitoring Network (GaN-MN). Continuous SQM-LE sky brightness data. https://globeatnight.org/gan-mn/. Station registry: http://globeatnight-network.org/,"GaN-MN station GUT (Gdansk University of Technology, Poland); photometric inflection method; night median MSAS=18.25; MSAS at inflection=16.09; depression=8.28°; smoothing=5-pt median; dark rows=1008"
fajr,2022-09-12,05:03,2,54.352,18.6466,5.0,Globe at Night Monitoring Network (GaN-MN). Continuous SQM-LE sky brightness data. https://globeatnight.org/gan-mn/. Station registry: http://globeatnight-network.org/,"GaN-MN station GUT (Gdansk University of Technology, Poland); photometric inflection method; night median MSAS=17.70; MSAS at inflection=17.52; depression=10.53°; smoothing=5-pt median; dark rows=1059"
fajr,2022-09-24,05:17,2,54.352,18.6466,5.0,Globe at Night Monitoring Network (GaN-MN). Continuous SQM-LE sky brightness data. https://globeatnight.org/gan-mn/. Station registry: http://globeatnight-network.org/,"GaN-MN station GUT (Gdansk University of Technology, Poland); photometric inflection method; night median MSAS=17.97; MSAS at inflection=16.34; depression=11.82°; smoothing=5-pt median; dark rows=1166"
fajr,2022-09-30,05:31,2,54.352,18.6466,5.0,Globe at Night Monitoring Network (GaN-MN). Continuous SQM-LE sky brightness data. https://globeatnight.org/gan-mn/. Station registry: http://globeatnight-network.org/,"GaN-MN station GUT (Gdansk University of Technology, Poland); photometric inflection method; night median MSAS=18.53; MSAS at inflection=16.54; depression=11.54°; smoothing=5-pt median; dark rows=1223"
fajr,2022-09-18,04:49,8,22.3719,114.1133,80.0,Globe at Night Monitoring Network (GaN-MN). Continuous SQM-LE sky brightness data. https://globeatnight.org/gan-mn/. Station registry: http://globeatnight-network.org/,"GaN-MN station HKn (Ho Koon, Tsuen Wan, Hong Kong); photometric inflection method; night median MSAS=18.23; MSAS at inflection=17.75; depression=19.64°; smoothing=5-pt median; dark rows=1253"
fajr,2022-09-04,04:39,8,24.1488,121.3239,2800.0,Globe at Night Monitoring Network (GaN-MN). Continuous SQM-LE sky brightness data. https://globeatnight.org/gan-mn/. Station registry: http://globeatnight-network.org/,"GaN-MN station Heh (Taroko National Park, Taiwan); photometric inflection method; night median MSAS=21.44; MSAS at inflection=21.58; depression=13.80°; smoothing=5-pt median; dark rows=1208"
fajr,2022-09-05,04:59,8,24.1488,121.3239,2800.0,Globe at Night Monitoring Network (GaN-MN). Continuous SQM-LE sky brightness data. https://globeatnight.org/gan-mn/. Station registry: http://globeatnight-network.org/,"GaN-MN station Heh (Taroko National Park, Taiwan); photometric inflection method; night median MSAS=20.85; MSAS at inflection=18.59; depression=9.45°; smoothing=5-pt median; dark rows=1211"
isha,2022-09-06,18:37,8,24.1488,121.3239,2800.0,Globe at Night Monitoring Network (GaN-MN). Continuous SQM-LE sky brightness data. https://globeatnight.org/gan-mn/. Station registry: http://globeatnight-network.org/,"GaN-MN station Heh (Taroko National Park, Taiwan); photometric inflection method; night median MSAS=19.28; MSAS at inflection=17.73; depression=7.31°; smoothing=5-pt median; dark rows=1217"
fajr,2022-09-07,04:50,8,24.1488,121.3239,2800.0,Globe at Night Monitoring Network (GaN-MN). Continuous SQM-LE sky brightness data. https://globeatnight.org/gan-mn/. Station registry: http://globeatnight-network.org/,"GaN-MN station Heh (Taroko National Park, Taiwan); photometric inflection method; night median MSAS=19.28; MSAS at inflection=19.80; depression=11.62°; smoothing=5-pt median; dark rows=1217"
fajr,2022-09-09,04:54,8,24.1488,121.3239,2800.0,Globe at Night Monitoring Network (GaN-MN). Continuous SQM-LE sky brightness data. https://globeatnight.org/gan-mn/. Station registry: http://globeatnight-network.org/,"GaN-MN station Heh (Taroko National Park, Taiwan); photometric inflection method; night median MSAS=19.25; MSAS at inflection=18.74; depression=10.78°; smoothing=5-pt median; dark rows=1223"
isha,2022-09-09,18:38,8,24.1488,121.3239,2800.0,Globe at Night Monitoring Network (GaN-MN). Continuous SQM-LE sky brightness data. https://globeatnight.org/gan-mn/. Station registry: http://globeatnight-network.org/,"GaN-MN station Heh (Taroko National Park, Taiwan); photometric inflection method; night median MSAS=18.75; MSAS at inflection=16.42; depression=8.29°; smoothing=5-pt median; dark rows=1225"
fajr,2022-09-10,04:47,8,24.1488,121.3239,2800.0,Globe at Night Monitoring Network (GaN-MN). Continuous SQM-LE sky brightness data. https://globeatnight.org/gan-mn/. Station registry: http://globeatnight-network.org/,"GaN-MN station Heh (Taroko National Park, Taiwan); photometric inflection method; night median MSAS=18.75; MSAS at inflection=19.74; depression=12.43°; smoothing=5-pt median; dark rows=1225"
fajr,2022-09-11,05:08,8,24.1488,121.3239,2800.0,Globe at Night Monitoring Network (GaN-MN). Continuous SQM-LE sky brightness data. https://globeatnight.org/gan-mn/. Station registry: http://globeatnight-network.org/,"GaN-MN station Heh (Taroko National Park, Taiwan); photometric inflection method; night median MSAS=17.86; MSAS at inflection=16.69; depression=7.90°; smoothing=5-pt median; dark rows=1229"
fajr,2022-09-22,04:58,8,24.1488,121.3239,2800.0,Globe at Night Monitoring Network (GaN-MN). Continuous SQM-LE sky brightness data. https://globeatnight.org/gan-mn/. Station registry: http://globeatnight-network.org/,"GaN-MN station Heh (Taroko National Park, Taiwan); photometric inflection method; night median MSAS=21.39; MSAS at inflection=19.04; depression=11.12°; smoothing=5-pt median; dark rows=1259"
fajr,2022-09-23,04:45,8,24.1488,121.3239,2800.0,Globe at Night Monitoring Network (GaN-MN). Continuous SQM-LE sky brightness data. https://globeatnight.org/gan-mn/. Station registry: http://globeatnight-network.org/,"GaN-MN station Heh (Taroko National Park, Taiwan); photometric inflection method; night median MSAS=21.40; MSAS at inflection=20.87; depression=14.01°; smoothing=5-pt median; dark rows=1263"
isha,2022-09-24,18:56,8,24.1488,121.3239,2800.0,Globe at Night Monitoring Network (GaN-MN). Continuous SQM-LE sky brightness data. https://globeatnight.org/gan-mn/. Station registry: http://globeatnight-network.org/,"GaN-MN station Heh (Taroko National Park, Taiwan); photometric inflection method; night median MSAS=20.71; MSAS at inflection=19.69; depression=16.14°; smoothing=5-pt median; dark rows=1269"
fajr,2022-09-25,04:52,8,24.1488,121.3239,2800.0,Globe at Night Monitoring Network (GaN-MN). Continuous SQM-LE sky brightness data. https://globeatnight.org/gan-mn/. Station registry: http://globeatnight-network.org/,"GaN-MN station Heh (Taroko National Park, Taiwan); photometric inflection method; night median MSAS=20.71; MSAS at inflection=20.38; depression=12.70°; smoothing=5-pt median; dark rows=1269"
fajr,2022-09-26,04:59,8,24.1488,121.3239,2800.0,Globe at Night Monitoring Network (GaN-MN). Continuous SQM-LE sky brightness data. https://globeatnight.org/gan-mn/. Station registry: http://globeatnight-network.org/,"GaN-MN station Heh (Taroko National Park, Taiwan); photometric inflection method; night median MSAS=20.86; MSAS at inflection=18.58; depression=11.07°; smoothing=5-pt median; dark rows=1272"
isha,2022-09-28,18:45,8,24.1488,121.3239,2800.0,Globe at Night Monitoring Network (GaN-MN). Continuous SQM-LE sky brightness data. https://globeatnight.org/gan-mn/. Station registry: http://globeatnight-network.org/,"GaN-MN station Heh (Taroko National Park, Taiwan); photometric inflection method; night median MSAS=21.47; MSAS at inflection=19.12; depression=14.62°; smoothing=5-pt median; dark rows=1280"
fajr,2022-09-02,05:18,7,18.549,98.487,2565.0,Globe at Night Monitoring Network (GaN-MN). Continuous SQM-LE sky brightness data. https://globeatnight.org/gan-mn/. Station registry: http://globeatnight-network.org/,"GaN-MN station ISTC (Inthanon Mountain, Thailand); photometric inflection method; night median MSAS=19.25; MSAS at inflection=19.50; depression=13.14°; smoothing=5-pt median; dark rows=1208"
isha,2022-09-02,19:56,7,18.549,98.487,2565.0,Globe at Night Monitoring Network (GaN-MN). Continuous SQM-LE sky brightness data. https://globeatnight.org/gan-mn/. Station registry: http://globeatnight-network.org/,"GaN-MN station ISTC (Inthanon Mountain, Thailand); photometric inflection method; night median MSAS=19.43; MSAS at inflection=17.70; depression=18.50°; smoothing=5-pt median; dark rows=1208"
isha,2022-09-03,19:12,7,18.549,98.487,2565.0,Globe at Night Monitoring Network (GaN-MN). Continuous SQM-LE sky brightness data. https://globeatnight.org/gan-mn/. Station registry: http://globeatnight-network.org/,"GaN-MN station ISTC (Inthanon Mountain, Thailand); photometric inflection method; night median MSAS=19.17; MSAS at inflection=17.29; depression=8.62°; smoothing=5-pt median; dark rows=1214"
fajr,2022-09-04,05:06,7,18.549,98.487,2565.0,Globe at Night Monitoring Network (GaN-MN). Continuous SQM-LE sky brightness data. https://globeatnight.org/gan-mn/. Station registry: http://globeatnight-network.org/,"GaN-MN station ISTC (Inthanon Mountain, Thailand); photometric inflection method; night median MSAS=19.17; MSAS at inflection=19.51; depression=15.96°; smoothing=5-pt median; dark rows=1214"
isha,2022-09-13,18:59,7,18.549,98.487,2565.0,Globe at Night Monitoring Network (GaN-MN). Continuous SQM-LE sky brightness data. https://globeatnight.org/gan-mn/. Station registry: http://globeatnight-network.org/,"GaN-MN station ISTC (Inthanon Mountain, Thailand); photometric inflection method; night median MSAS=17.59; MSAS at inflection=16.20; depression=7.75°; smoothing=5-pt median; dark rows=1140"
fajr,2022-09-14,04:46,7,18.549,98.487,2565.0,Globe at Night Monitoring Network (GaN-MN). Continuous SQM-LE sky brightness data. https://globeatnight.org/gan-mn/. Station registry: http://globeatnight-network.org/,"GaN-MN station ISTC (Inthanon Mountain, Thailand); photometric inflection method; night median MSAS=17.59; MSAS at inflection=17.10; depression=21.22°; smoothing=5-pt median; dark rows=1140"
isha,2022-09-16,19:31,7,18.549,98.487,2565.0,Globe at Night Monitoring Network (GaN-MN). Continuous SQM-LE sky brightness data. https://globeatnight.org/gan-mn/. Station registry: http://globeatnight-network.org/,"GaN-MN station ISTC (Inthanon Mountain, Thailand); photometric inflection method; night median MSAS=18.99; MSAS at inflection=19.26; depression=15.93°; smoothing=5-pt median; dark rows=1231"
isha,2022-09-17,18:58,7,18.549,98.487,2565.0,Globe at Night Monitoring Network (GaN-MN). Continuous SQM-LE sky brightness data. https://globeatnight.org/gan-mn/. Station registry: http://globeatnight-network.org/,"GaN-MN station ISTC (Inthanon Mountain, Thailand); photometric inflection method; night median MSAS=18.62; MSAS at inflection=16.66; depression=8.26°; smoothing=5-pt median; dark rows=1235"
isha,2022-09-18,19:54,7,18.549,98.487,2565.0,Globe at Night Monitoring Network (GaN-MN). Continuous SQM-LE sky brightness data. https://globeatnight.org/gan-mn/. Station registry: http://globeatnight-network.org/,"GaN-MN station ISTC (Inthanon Mountain, Thailand); photometric inflection method; night median MSAS=18.55; MSAS at inflection=18.04; depression=21.71°; smoothing=5-pt median; dark rows=1236"
fajr,2022-09-19,05:41,7,18.549,98.487,2565.0,Globe at Night Monitoring Network (GaN-MN). Continuous SQM-LE sky brightness data. https://globeatnight.org/gan-mn/. Station registry: http://globeatnight-network.org/,"GaN-MN station ISTC (Inthanon Mountain, Thailand); photometric inflection method; night median MSAS=18.55; MSAS at inflection=16.42; depression=8.71°; smoothing=5-pt median; dark rows=1236"
isha,2022-09-19,19:14,7,18.549,98.487,2565.0,Globe at Night Monitoring Network (GaN-MN). Continuous SQM-LE sky brightness data. https://globeatnight.org/gan-mn/. Station registry: http://globeatnight-network.org/,"GaN-MN station ISTC (Inthanon Mountain, Thailand); photometric inflection method; night median MSAS=19.23; MSAS at inflection=19.11; depression=12.39°; smoothing=5-pt median; dark rows=1237"
isha,2022-09-20,19:00,7,18.549,98.487,2565.0,Globe at Night Monitoring Network (GaN-MN). Continuous SQM-LE sky brightness data. https://globeatnight.org/gan-mn/. Station registry: http://globeatnight-network.org/,"GaN-MN station ISTC (Inthanon Mountain, Thailand); photometric inflection method; night median MSAS=18.94; MSAS at inflection=17.51; depression=9.47°; smoothing=5-pt median; dark rows=1237"
fajr,2022-09-21,05:42,7,18.549,98.487,2565.0,Globe at Night Monitoring Network (GaN-MN). Continuous SQM-LE sky brightness data. https://globeatnight.org/gan-mn/. Station registry: http://globeatnight-network.org/,"GaN-MN station ISTC (Inthanon Mountain, Thailand); photometric inflection method; night median MSAS=18.94; MSAS at inflection=17.26; depression=8.55°; smoothing=5-pt median; dark rows=1237"
isha,2022-09-23,19:06,7,18.549,98.487,2565.0,Globe at Night Monitoring Network (GaN-MN). Continuous SQM-LE sky brightness data. https://globeatnight.org/gan-mn/. Station registry: http://globeatnight-network.org/,"GaN-MN station ISTC (Inthanon Mountain, Thailand); photometric inflection method; night median MSAS=17.66; MSAS at inflection=17.86; depression=11.40°; smoothing=5-pt median; dark rows=1250"
fajr,2022-09-24,05:11,7,18.549,98.487,2565.0,Globe at Night Monitoring Network (GaN-MN). Continuous SQM-LE sky brightness data. https://globeatnight.org/gan-mn/. Station registry: http://globeatnight-network.org/,"GaN-MN station ISTC (Inthanon Mountain, Thailand); photometric inflection method; night median MSAS=17.66; MSAS at inflection=18.14; depression=15.92°; smoothing=5-pt median; dark rows=1250"
isha,2022-09-24,18:57,7,18.549,98.487,2565.0,Globe at Night Monitoring Network (GaN-MN). Continuous SQM-LE sky brightness data. https://globeatnight.org/gan-mn/. Station registry: http://globeatnight-network.org/,"GaN-MN station ISTC (Inthanon Mountain, Thailand); photometric inflection method; night median MSAS=18.02; MSAS at inflection=17.82; depression=9.47°; smoothing=5-pt median; dark rows=1253"
fajr,2022-09-25,05:38,7,18.549,98.487,2565.0,Globe at Night Monitoring Network (GaN-MN). Continuous SQM-LE sky brightness data. https://globeatnight.org/gan-mn/. Station registry: http://globeatnight-network.org/,"GaN-MN station ISTC (Inthanon Mountain, Thailand); photometric inflection method; night median MSAS=18.02; MSAS at inflection=18.09; depression=9.59°; smoothing=5-pt median; dark rows=1253"
isha,2022-09-28,19:35,7,18.549,98.487,2565.0,Globe at Night Monitoring Network (GaN-MN). Continuous SQM-LE sky brightness data. https://globeatnight.org/gan-mn/. Station registry: http://globeatnight-network.org/,"GaN-MN station ISTC (Inthanon Mountain, Thailand); photometric inflection method; night median MSAS=18.26; MSAS at inflection=18.68; depression=19.36°; smoothing=5-pt median; dark rows=1264"
fajr,2022-09-29,05:44,7,18.549,98.487,2565.0,Globe at Night Monitoring Network (GaN-MN). Continuous SQM-LE sky brightness data. https://globeatnight.org/gan-mn/. Station registry: http://globeatnight-network.org/,"GaN-MN station ISTC (Inthanon Mountain, Thailand); photometric inflection method; night median MSAS=18.26; MSAS at inflection=17.59; depression=8.31°; smoothing=5-pt median; dark rows=1264"
isha,2022-09-19,18:55,8,22.4958,114.0322,3.0,Globe at Night Monitoring Network (GaN-MN). Continuous SQM-LE sky brightness data. https://globeatnight.org/gan-mn/. Station registry: http://globeatnight-network.org/,"GaN-MN station MP (Mai Po Nature Reserve, Hong Kong); photometric inflection method; night median MSAS=17.94; MSAS at inflection=15.69; depression=8.27°; smoothing=5-pt median; dark rows=1257"
fajr,2022-09-22,04:40,8,22.4958,114.0322,3.0,Globe at Night Monitoring Network (GaN-MN). Continuous SQM-LE sky brightness data. https://globeatnight.org/gan-mn/. Station registry: http://globeatnight-network.org/,"GaN-MN station MP (Mai Po Nature Reserve, Hong Kong); photometric inflection method; night median MSAS=17.73; MSAS at inflection=18.26; depression=21.89°; smoothing=5-pt median; dark rows=1261"
fajr,2022-09-03,06:11,2,-24.9667,15.95,1250.0,Globe at Night Monitoring Network (GaN-MN). Continuous SQM-LE sky brightness data. https://globeatnight.org/gan-mn/. Station registry: http://globeatnight-network.org/,"GaN-MN station Nrnr (NamibRand Nature Reserve, Namibia); photometric inflection method; night median MSAS=22.29; MSAS at inflection=20.81; depression=13.28°; smoothing=5-pt median; dark rows=132"
fajr,2022-09-05,06:01,2,-24.9667,15.95,1250.0,Globe at Night Monitoring Network (GaN-MN). Continuous SQM-LE sky brightness data. https://globeatnight.org/gan-mn/. Station registry: http://globeatnight-network.org/,"GaN-MN station Nrnr (NamibRand Nature Reserve, Namibia); photometric inflection method; night median MSAS=20.55; MSAS at inflection=21.84; depression=15.09°; smoothing=5-pt median; dark rows=130"
isha,2022-09-07,20:11,2,-24.9667,15.95,1250.0,Globe at Night Monitoring Network (GaN-MN). Continuous SQM-LE sky brightness data. https://globeatnight.org/gan-mn/. Station registry: http://globeatnight-network.org/,"GaN-MN station Nrnr (NamibRand Nature Reserve, Namibia); photometric inflection method; night median MSAS=17.96; MSAS at inflection=17.96; depression=19.89°; smoothing=5-pt median; dark rows=130"
fajr,2022-09-09,06:26,2,-24.9667,15.95,1250.0,Globe at Night Monitoring Network (GaN-MN). Continuous SQM-LE sky brightness data. https://globeatnight.org/gan-mn/. Station registry: http://globeatnight-network.org/,"GaN-MN station Nrnr (NamibRand Nature Reserve, Namibia); photometric inflection method; night median MSAS=17.82; MSAS at inflection=16.12; depression=8.48°; smoothing=5-pt median; dark rows=130"
isha,2022-09-09,19:21,2,-24.9667,15.95,1250.0,Globe at Night Monitoring Network (GaN-MN). Continuous SQM-LE sky brightness data. https://globeatnight.org/gan-mn/. Station registry: http://globeatnight-network.org/,"GaN-MN station Nrnr (NamibRand Nature Reserve, Namibia); photometric inflection method; night median MSAS=17.51; MSAS at inflection=16.28; depression=8.44°; smoothing=5-pt median; dark rows=130"
fajr,2022-09-10,06:26,2,-24.9667,15.95,1250.0,Globe at Night Monitoring Network (GaN-MN). Continuous SQM-LE sky brightness data. https://globeatnight.org/gan-mn/. Station registry: http://globeatnight-network.org/,"GaN-MN station Nrnr (NamibRand Nature Reserve, Namibia); photometric inflection method; night median MSAS=17.51; MSAS at inflection=15.87; depression=8.24°; smoothing=5-pt median; dark rows=130"
isha,2022-09-10,19:31,2,-24.9667,15.95,1250.0,Globe at Night Monitoring Network (GaN-MN). Continuous SQM-LE sky brightness data. https://globeatnight.org/gan-mn/. Station registry: http://globeatnight-network.org/,"GaN-MN station Nrnr (NamibRand Nature Reserve, Namibia); photometric inflection method; night median MSAS=17.52; MSAS at inflection=18.18; depression=10.66°; smoothing=5-pt median; dark rows=129"
fajr,2022-09-11,05:31,2,-24.9667,15.95,1250.0,Globe at Night Monitoring Network (GaN-MN). Continuous SQM-LE sky brightness data. https://globeatnight.org/gan-mn/. Station registry: http://globeatnight-network.org/,"GaN-MN station Nrnr (NamibRand Nature Reserve, Namibia); photometric inflection method; night median MSAS=17.52; MSAS at inflection=18.44; depression=20.47°; smoothing=5-pt median; dark rows=129"
fajr,2022-09-12,06:26,2,-24.9667,15.95,1250.0,Globe at Night Monitoring Network (GaN-MN). Continuous SQM-LE sky brightness data. https://globeatnight.org/gan-mn/. Station registry: http://globeatnight-network.org/,"GaN-MN station Nrnr (NamibRand Nature Reserve, Namibia); photometric inflection method; night median MSAS=17.84; MSAS at inflection=15.41; depression=7.72°; smoothing=5-pt median; dark rows=130"
isha,2022-09-12,19:46,2,-24.9667,15.95,1250.0,Globe at Night Monitoring Network (GaN-MN). Continuous SQM-LE sky brightness data. https://globeatnight.org/gan-mn/. Station registry: http://globeatnight-network.org/,"GaN-MN station Nrnr (NamibRand Nature Reserve, Namibia); photometric inflection method; night median MSAS=18.99; MSAS at inflection=21.05; depression=13.88°; smoothing=5-pt median; dark rows=103"
fajr,2022-09-15,06:11,2,-24.9667,15.95,1250.0,Globe at Night Monitoring Network (GaN-MN). Continuous SQM-LE sky brightness data. https://globeatnight.org/gan-mn/. Station registry: http://globeatnight-network.org/,"GaN-MN station Nrnr (NamibRand Nature Reserve, Namibia); photometric inflection method; night median MSAS=19.90; MSAS at inflection=17.84; depression=10.41°; smoothing=5-pt median; dark rows=129"
fajr,2022-09-16,06:01,2,-24.9667,15.95,1250.0,Globe at Night Monitoring Network (GaN-MN). Continuous SQM-LE sky brightness data. https://globeatnight.org/gan-mn/. Station registry: http://globeatnight-network.org/,"GaN-MN station Nrnr (NamibRand Nature Reserve, Namibia); photometric inflection method; night median MSAS=20.66; MSAS at inflection=18.66; depression=12.43°; smoothing=5-pt median; dark rows=129"
fajr,2022-09-23,05:27,2,-24.9667,15.95,1250.0,Globe at Night Monitoring Network (GaN-MN). Continuous SQM-LE sky brightness data. https://globeatnight.org/gan-mn/. Station registry: http://globeatnight-network.org/,"GaN-MN station Nrnr (NamibRand Nature Reserve, Namibia); photometric inflection method; night median MSAS=22.21; MSAS at inflection=22.21; depression=18.27°; smoothing=5-pt median; dark rows=126"
isha,2022-09-24,19:52,2,-24.9667,15.95,1250.0,Globe at Night Monitoring Network (GaN-MN). Continuous SQM-LE sky brightness data. https://globeatnight.org/gan-mn/. Station registry: http://globeatnight-network.org/,"GaN-MN station Nrnr (NamibRand Nature Reserve, Namibia); photometric inflection method; night median MSAS=22.39; MSAS at inflection=21.52; depression=14.34°; smoothing=5-pt median; dark rows=125"
fajr,2022-09-25,05:47,2,-24.9667,15.95,1250.0,Globe at Night Monitoring Network (GaN-MN). Continuous SQM-LE sky brightness data. https://globeatnight.org/gan-mn/. Station registry: http://globeatnight-network.org/,"GaN-MN station Nrnr (NamibRand Nature Reserve, Namibia); photometric inflection method; night median MSAS=22.39; MSAS at inflection=20.97; depression=13.26°; smoothing=5-pt median; dark rows=125"
fajr,2022-09-27,05:37,2,-24.9667,15.95,1250.0,Globe at Night Monitoring Network (GaN-MN). Continuous SQM-LE sky brightness data. https://globeatnight.org/gan-mn/. Station registry: http://globeatnight-network.org/,"GaN-MN station Nrnr (NamibRand Nature Reserve, Namibia); photometric inflection method; night median MSAS=22.21; MSAS at inflection=21.92; depression=14.99°; smoothing=5-pt median; dark rows=125"
fajr,2022-09-29,05:37,2,-24.9667,15.95,1250.0,Globe at Night Monitoring Network (GaN-MN). Continuous SQM-LE sky brightness data. https://globeatnight.org/gan-mn/. Station registry: http://globeatnight-network.org/,"GaN-MN station Nrnr (NamibRand Nature Reserve, Namibia); photometric inflection method; night median MSAS=22.29; MSAS at inflection=21.71; depression=14.48°; smoothing=5-pt median; dark rows=124"
fajr,2022-09-30,05:07,2,-24.9667,15.95,1250.0,Globe at Night Monitoring Network (GaN-MN). Continuous SQM-LE sky brightness data. https://globeatnight.org/gan-mn/. Station registry: http://globeatnight-network.org/,"GaN-MN station Nrnr (NamibRand Nature Reserve, Namibia); photometric inflection method; night median MSAS=22.16; MSAS at inflection=22.17; depression=20.88°; smoothing=5-pt median; dark rows=124"
isha,2022-09-01,18:59,12,-45.0966,170.9694,30.0,Globe at Night Monitoring Network (GaN-MN). Continuous SQM-LE sky brightness data. https://globeatnight.org/gan-mn/. Station registry: http://globeatnight-network.org/,"GaN-MN station Oam (Oamaru, South Island, New Zealand); photometric inflection method; night median MSAS=19.26; MSAS at inflection=18.06; depression=9.86°; smoothing=5-pt median; dark rows=1344"
fajr,2022-09-07,05:53,12,-45.0966,170.9694,30.0,Globe at Night Monitoring Network (GaN-MN). Continuous SQM-LE sky brightness data. https://globeatnight.org/gan-mn/. Station registry: http://globeatnight-network.org/,"GaN-MN station Oam (Oamaru, South Island, New Zealand); photometric inflection method; night median MSAS=18.88; MSAS at inflection=18.99; depression=11.71°; smoothing=5-pt median; dark rows=1315"
fajr,2022-09-21,05:01,12,-45.0966,170.9694,30.0,Globe at Night Monitoring Network (GaN-MN). Continuous SQM-LE sky brightness data. https://globeatnight.org/gan-mn/. Station registry: http://globeatnight-network.org/,"GaN-MN station Oam (Oamaru, South Island, New Zealand); photometric inflection method; night median MSAS=19.02; MSAS at inflection=19.66; depression=16.07°; smoothing=5-pt median; dark rows=1228"
fajr,2022-10-01,05:08,12,-45.0966,170.9694,30.0,Globe at Night Monitoring Network (GaN-MN). Continuous SQM-LE sky brightness data. https://globeatnight.org/gan-mn/. Station registry: http://globeatnight-network.org/,"GaN-MN station Oam (Oamaru, South Island, New Zealand); photometric inflection method; night median MSAS=19.93; MSAS at inflection=18.08; depression=11.31°; smoothing=5-pt median; dark rows=1163"
fajr,2022-09-04,05:16,-3,-22.2803,-46.3647,870.0,Globe at Night Monitoring Network (GaN-MN). Continuous SQM-LE sky brightness data. https://globeatnight.org/gan-mn/. Station registry: http://globeatnight-network.org/,"GaN-MN station PAOF (Ouro Fino, MG, Brazil); photometric inflection method; night median MSAS=20.12; MSAS at inflection=20.43; depression=13.69°; smoothing=5-pt median; dark rows=814"
fajr,2022-09-05,04:51,-3,-22.2803,-46.3647,870.0,Globe at Night Monitoring Network (GaN-MN). Continuous SQM-LE sky brightness data. https://globeatnight.org/gan-mn/. Station registry: http://globeatnight-network.org/,"GaN-MN station PAOF (Ouro Fino, MG, Brazil); photometric inflection method; night median MSAS=19.48; MSAS at inflection=21.15; depression=19.34°; smoothing=5-pt median; dark rows=809"
isha,2022-09-05,18:51,-3,-22.2803,-46.3647,870.0,Globe at Night Monitoring Network (GaN-MN). Continuous SQM-LE sky brightness data. https://globeatnight.org/gan-mn/. Station registry: http://globeatnight-network.org/,"GaN-MN station PAOF (Ouro Fino, MG, Brazil); photometric inflection method; night median MSAS=18.67; MSAS at inflection=16.63; depression=13.48°; smoothing=5-pt median; dark rows=810"
fajr,2022-09-06,05:34,-3,-22.2803,-46.3647,870.0,Globe at Night Monitoring Network (GaN-MN). Continuous SQM-LE sky brightness data. https://globeatnight.org/gan-mn/. Station registry: http://globeatnight-network.org/,"GaN-MN station PAOF (Ouro Fino, MG, Brazil); photometric inflection method; night median MSAS=18.67; MSAS at inflection=17.25; depression=9.17°; smoothing=5-pt median; dark rows=810"
fajr,2022-09-08,05:29,-3,-22.2803,-46.3647,870.0,Globe at Night Monitoring Network (GaN-MN). Continuous SQM-LE sky brightness data. https://globeatnight.org/gan-mn/. Station registry: http://globeatnight-network.org/,"GaN-MN station PAOF (Ouro Fino, MG, Brazil); photometric inflection method; night median MSAS=17.92; MSAS at inflection=18.25; depression=9.93°; smoothing=5-pt median; dark rows=808"
isha,2022-09-12,18:42,-3,-22.2803,-46.3647,870.0,Globe at Night Monitoring Network (GaN-MN). Continuous SQM-LE sky brightness data. https://globeatnight.org/gan-mn/. Station registry: http://globeatnight-network.org/,"GaN-MN station PAOF (Ouro Fino, MG, Brazil); photometric inflection method; night median MSAS=17.87; MSAS at inflection=18.08; depression=10.94°; smoothing=5-pt median; dark rows=802"
fajr,2022-09-13,05:29,-3,-22.2803,-46.3647,870.0,Globe at Night Monitoring Network (GaN-MN). Continuous SQM-LE sky brightness data. https://globeatnight.org/gan-mn/. Station registry: http://globeatnight-network.org/,"GaN-MN station PAOF (Ouro Fino, MG, Brazil); photometric inflection method; night median MSAS=17.87; MSAS at inflection=16.48; depression=8.76°; smoothing=5-pt median; dark rows=802"
isha,2022-09-13,18:36,-3,-22.2803,-46.3647,870.0,Globe at Night Monitoring Network (GaN-MN). Continuous SQM-LE sky brightness data. https://globeatnight.org/gan-mn/. Station registry: http://globeatnight-network.org/,"GaN-MN station PAOF (Ouro Fino, MG, Brazil); photometric inflection method; night median MSAS=19.45; MSAS at inflection=16.99; depression=9.42°; smoothing=5-pt median; dark rows=796"
fajr,2022-09-15,04:37,-3,-22.2803,-46.3647,870.0,Globe at Night Monitoring Network (GaN-MN). Continuous SQM-LE sky brightness data. https://globeatnight.org/gan-mn/. Station registry: http://globeatnight-network.org/,"GaN-MN station PAOF (Ouro Fino, MG, Brazil); photometric inflection method; night median MSAS=20.55; MSAS at inflection=20.26; depression=20.34°; smoothing=5-pt median; dark rows=796"
isha,2022-09-15,18:41,-3,-22.2803,-46.3647,870.0,Globe at Night Monitoring Network (GaN-MN). Continuous SQM-LE sky brightness data. https://globeatnight.org/gan-mn/. Station registry: http://globeatnight-network.org/,"GaN-MN station PAOF (Ouro Fino, MG, Brazil); photometric inflection method; night median MSAS=20.45; MSAS at inflection=18.74; depression=10.51°; smoothing=5-pt median; dark rows=798"
isha,2022-09-16,18:48,-3,-22.2803,-46.3647,870.0,Globe at Night Monitoring Network (GaN-MN). Continuous SQM-LE sky brightness data. https://globeatnight.org/gan-mn/. Station registry: http://globeatnight-network.org/,"GaN-MN station PAOF (Ouro Fino, MG, Brazil); photometric inflection method; night median MSAS=21.20; MSAS at inflection=18.70; depression=11.97°; smoothing=5-pt median; dark rows=796"
fajr,2022-09-17,05:15,-3,-22.2803,-46.3647,870.0,Globe at Night Monitoring Network (GaN-MN). Continuous SQM-LE sky brightness data. https://globeatnight.org/gan-mn/. Station registry: http://globeatnight-network.org/,"GaN-MN station PAOF (Ouro Fino, MG, Brazil); photometric inflection method; night median MSAS=21.20; MSAS at inflection=18.97; depression=11.06°; smoothing=5-pt median; dark rows=796"
isha,2022-09-17,19:15,-3,-22.2803,-46.3647,870.0,Globe at Night Monitoring Network (GaN-MN). Continuous SQM-LE sky brightness data. https://globeatnight.org/gan-mn/. Station registry: http://globeatnight-network.org/,"GaN-MN station PAOF (Ouro Fino, MG, Brazil); photometric inflection method; night median MSAS=21.29; MSAS at inflection=21.02; depression=18.18°; smoothing=5-pt median; dark rows=789"
isha,2022-09-20,19:14,-3,-22.2803,-46.3647,870.0,Globe at Night Monitoring Network (GaN-MN). Continuous SQM-LE sky brightness data. https://globeatnight.org/gan-mn/. Station registry: http://globeatnight-network.org/,"GaN-MN station PAOF (Ouro Fino, MG, Brazil); photometric inflection method; night median MSAS=21.48; MSAS at inflection=21.04; depression=17.83°; smoothing=5-pt median; dark rows=785"
isha,2022-09-21,18:40,-3,-22.2803,-46.3647,870.0,Globe at Night Monitoring Network (GaN-MN). Continuous SQM-LE sky brightness data. https://globeatnight.org/gan-mn/. Station registry: http://globeatnight-network.org/,"GaN-MN station PAOF (Ouro Fino, MG, Brazil); photometric inflection method; night median MSAS=21.06; MSAS at inflection=19.02; depression=9.81°; smoothing=5-pt median; dark rows=788"
isha,2022-09-22,19:14,-3,-22.2803,-46.3647,870.0,Globe at Night Monitoring Network (GaN-MN). Continuous SQM-LE sky brightness data. https://globeatnight.org/gan-mn/. Station registry: http://globeatnight-network.org/,"GaN-MN station PAOF (Ouro Fino, MG, Brazil); photometric inflection method; night median MSAS=20.97; MSAS at inflection=21.21; depression=17.59°; smoothing=5-pt median; dark rows=782"
fajr,2022-09-24,05:10,-3,-22.2803,-46.3647,870.0,Globe at Night Monitoring Network (GaN-MN). Continuous SQM-LE sky brightness data. https://globeatnight.org/gan-mn/. Station registry: http://globeatnight-network.org/,"GaN-MN station PAOF (Ouro Fino, MG, Brazil); photometric inflection method; night median MSAS=21.17; MSAS at inflection=19.23; depression=10.72°; smoothing=5-pt median; dark rows=784"
isha,2022-09-25,19:00,-3,-22.2803,-46.3647,870.0,Globe at Night Monitoring Network (GaN-MN). Continuous SQM-LE sky brightness data. https://globeatnight.org/gan-mn/. Station registry: http://globeatnight-network.org/,"GaN-MN station PAOF (Ouro Fino, MG, Brazil); photometric inflection method; night median MSAS=21.40; MSAS at inflection=20.85; depression=14.34°; smoothing=5-pt median; dark rows=779"
fajr,2022-09-26,04:57,-3,-22.2803,-46.3647,870.0,Globe at Night Monitoring Network (GaN-MN). Continuous SQM-LE sky brightness data. https://globeatnight.org/gan-mn/. Station registry: http://globeatnight-network.org/,"GaN-MN station PAOF (Ouro Fino, MG, Brazil); photometric inflection method; night median MSAS=21.40; MSAS at inflection=20.31; depression=13.26°; smoothing=5-pt median; dark rows=779"
isha,2022-09-26,19:20,-3,-22.2803,-46.3647,870.0,Globe at Night Monitoring Network (GaN-MN). Continuous SQM-LE sky brightness data. https://globeatnight.org/gan-mn/. Station registry: http://globeatnight-network.org/,"GaN-MN station PAOF (Ouro Fino, MG, Brazil); photometric inflection method; night median MSAS=21.08; MSAS at inflection=21.34; depression=18.76°; smoothing=5-pt median; dark rows=778"
isha,2022-09-27,18:36,-3,-22.2803,-46.3647,870.0,Globe at Night Monitoring Network (GaN-MN). Continuous SQM-LE sky brightness data. https://globeatnight.org/gan-mn/. Station registry: http://globeatnight-network.org/,"GaN-MN station PAOF (Ouro Fino, MG, Brazil); photometric inflection method; night median MSAS=21.50; MSAS at inflection=19.52; depression=8.65°; smoothing=5-pt median; dark rows=778"
fajr,2022-09-28,04:56,-3,-22.2803,-46.3647,870.0,Globe at Night Monitoring Network (GaN-MN). Continuous SQM-LE sky brightness data. https://globeatnight.org/gan-mn/. Station registry: http://globeatnight-network.org/,"GaN-MN station PAOF (Ouro Fino, MG, Brazil); photometric inflection method; night median MSAS=21.50; MSAS at inflection=20.44; depression=12.98°; smoothing=5-pt median; dark rows=778"
isha,2022-09-28,18:38,-3,-22.2803,-46.3647,870.0,Globe at Night Monitoring Network (GaN-MN). Continuous SQM-LE sky brightness data. https://globeatnight.org/gan-mn/. Station registry: http://globeatnight-network.org/,"GaN-MN station PAOF (Ouro Fino, MG, Brazil); photometric inflection method; night median MSAS=21.08; MSAS at inflection=18.61; depression=9.00°; smoothing=5-pt median; dark rows=776"
fajr,2022-09-29,04:21,-3,-22.2803,-46.3647,870.0,Globe at Night Monitoring Network (GaN-MN). Continuous SQM-LE sky brightness data. https://globeatnight.org/gan-mn/. Station registry: http://globeatnight-network.org/,"GaN-MN station PAOF (Ouro Fino, MG, Brazil); photometric inflection method; night median MSAS=21.08; MSAS at inflection=21.33; depression=20.74°; smoothing=5-pt median; dark rows=776"
isha,2022-09-17,19:50,8,22.2328,113.9007,15.0,Globe at Night Monitoring Network (GaN-MN). Continuous SQM-LE sky brightness data. https://globeatnight.org/gan-mn/. Station registry: http://globeatnight-network.org/,"GaN-MN station SH (Shek Pik, Lantau Island, Hong Kong); photometric inflection method; night median MSAS=18.88; MSAS at inflection=19.07; depression=20.30°; smoothing=5-pt median; dark rows=1250"
isha,2022-09-18,19:01,8,22.2328,113.9007,15.0,Globe at Night Monitoring Network (GaN-MN). Continuous SQM-LE sky brightness data. https://globeatnight.org/gan-mn/. Station registry: http://globeatnight-network.org/,"GaN-MN station SH (Shek Pik, Lantau Island, Hong Kong); photometric inflection method; night median MSAS=17.76; MSAS at inflection=16.81; depression=9.32°; smoothing=5-pt median; dark rows=1254"
fajr,2022-09-22,05:19,8,22.2328,113.9007,15.0,Globe at Night Monitoring Network (GaN-MN). Continuous SQM-LE sky brightness data. https://globeatnight.org/gan-mn/. Station registry: http://globeatnight-network.org/,"GaN-MN station SH (Shek Pik, Lantau Island, Hong Kong); photometric inflection method; night median MSAS=19.29; MSAS at inflection=19.33; depression=13.21°; smoothing=5-pt median; dark rows=1259"
isha,2022-09-28,19:10,8,22.2328,113.9007,15.0,Globe at Night Monitoring Network (GaN-MN). Continuous SQM-LE sky brightness data. https://globeatnight.org/gan-mn/. Station registry: http://globeatnight-network.org/,"GaN-MN station SH (Shek Pik, Lantau Island, Hong Kong); photometric inflection method; night median MSAS=18.42; MSAS at inflection=18.85; depression=13.65°; smoothing=5-pt median; dark rows=1278"
isha,2022-09-29,19:33,8,22.2328,113.9007,15.0,Globe at Night Monitoring Network (GaN-MN). Continuous SQM-LE sky brightness data. https://globeatnight.org/gan-mn/. Station registry: http://globeatnight-network.org/,"GaN-MN station SH (Shek Pik, Lantau Island, Hong Kong); photometric inflection method; night median MSAS=17.88; MSAS at inflection=18.38; depression=19.08°; smoothing=5-pt median; dark rows=1282"
fajr,2022-09-24,05:27,9,37.456,126.9522,80.0,Globe at Night Monitoring Network (GaN-MN). Continuous SQM-LE sky brightness data. https://globeatnight.org/gan-mn/. Station registry: http://globeatnight-network.org/,"GaN-MN station SNUO (Seoul National University Observatory, Korea); photometric inflection method; night median MSAS=18.01; MSAS at inflection=17.92; depression=11.36°; smoothing=5-pt median; dark rows=1240"
fajr,2022-09-05,04:46,8,22.4806,114.0194,5.0,Globe at Night Monitoring Network (GaN-MN). Continuous SQM-LE sky brightness data. https://globeatnight.org/gan-mn/. Station registry: http://globeatnight-network.org/,"GaN-MN station TBT (Tsim Bei Tsui, Yuen Long, Hong Kong); photometric inflection method; night median MSAS=18.98; MSAS at inflection=19.24; depression=19.21°; smoothing=5-pt median; dark rows=1218"
isha,2022-09-12,19:07,8,22.4806,114.0194,5.0,Globe at Night Monitoring Network (GaN-MN). Continuous SQM-LE sky brightness data. https://globeatnight.org/gan-mn/. Station registry: http://globeatnight-network.org/,"GaN-MN station TBT (Tsim Bei Tsui, Yuen Long, Hong Kong); photometric inflection method; night median MSAS=17.82; MSAS at inflection=17.28; depression=9.21°; smoothing=5-pt median; dark rows=1239"
isha,2022-09-13,19:13,8,22.4806,114.0194,5.0,Globe at Night Monitoring Network (GaN-MN). Continuous SQM-LE sky brightness data. https://globeatnight.org/gan-mn/. Station registry: http://globeatnight-network.org/,"GaN-MN station TBT (Tsim Bei Tsui, Yuen Long, Hong Kong); photometric inflection method; night median MSAS=17.56; MSAS at inflection=17.88; depression=10.81°; smoothing=5-pt median; dark rows=1242"
isha,2022-09-14,19:19,8,22.4806,114.0194,5.0,Globe at Night Monitoring Network (GaN-MN). Continuous SQM-LE sky brightness data. https://globeatnight.org/gan-mn/. Station registry: http://globeatnight-network.org/,"GaN-MN station TBT (Tsim Bei Tsui, Yuen Long, Hong Kong); photometric inflection method; night median MSAS=18.13; MSAS at inflection=18.06; depression=12.42°; smoothing=5-pt median; dark rows=1245"
isha,2022-09-15,19:07,8,22.4806,114.0194,5.0,Globe at Night Monitoring Network (GaN-MN). Continuous SQM-LE sky brightness data. https://globeatnight.org/gan-mn/. Station registry: http://globeatnight-network.org/,"GaN-MN station TBT (Tsim Bei Tsui, Yuen Long, Hong Kong); photometric inflection method; night median MSAS=17.86; MSAS at inflection=17.51; depression=10.02°; smoothing=5-pt median; dark rows=1247"
isha,2022-09-19,19:27,8,22.4806,114.0194,5.0,Globe at Night Monitoring Network (GaN-MN). Continuous SQM-LE sky brightness data. https://globeatnight.org/gan-mn/. Station registry: http://globeatnight-network.org/,"GaN-MN station TBT (Tsim Bei Tsui, Yuen Long, Hong Kong); photometric inflection method; night median MSAS=18.38; MSAS at inflection=18.06; depression=15.41°; smoothing=5-pt median; dark rows=1258"
isha,2022-09-26,19:34,8,22.4806,114.0194,5.0,Globe at Night Monitoring Network (GaN-MN). Continuous SQM-LE sky brightness data. https://globeatnight.org/gan-mn/. Station registry: http://globeatnight-network.org/,"GaN-MN station TBT (Tsim Bei Tsui, Yuen Long, Hong Kong); photometric inflection method; night median MSAS=18.78; MSAS at inflection=16.81; depression=18.76°; smoothing=5-pt median; dark rows=1188"
isha,2022-08-31,20:43,-7,32.6736,-116.5311,1220.0,Globe at Night Monitoring Network (GaN-MN). Continuous SQM-LE sky brightness data. https://globeatnight.org/gan-mn/. Station registry: http://globeatnight-network.org/,"GaN-MN station TSO (Tierra del Sol, San Diego, California, USA); photometric inflection method; night median MSAS=21.60; MSAS at inflection=21.44; depression=19.25°; smoothing=5-pt median; dark rows=499"
isha,2022-09-02,20:33,-7,32.6736,-116.5311,1220.0,Globe at Night Monitoring Network (GaN-MN). Continuous SQM-LE sky brightness data. https://globeatnight.org/gan-mn/. Station registry: http://globeatnight-network.org/,"GaN-MN station TSO (Tierra del Sol, San Diego, California, USA); photometric inflection method; night median MSAS=21.53; MSAS at inflection=20.85; depression=17.86°; smoothing=5-pt median; dark rows=504"
fajr,2022-09-03,04:48,-7,32.6736,-116.5311,1220.0,Globe at Night Monitoring Network (GaN-MN). Continuous SQM-LE sky brightness data. https://globeatnight.org/gan-mn/. Station registry: http://globeatnight-network.org/,"GaN-MN station TSO (Tierra del Sol, San Diego, California, USA); photometric inflection method; night median MSAS=21.53; MSAS at inflection=21.71; depression=19.79°; smoothing=5-pt median; dark rows=504"
isha,2022-09-03,20:47,-7,32.6736,-116.5311,1220.0,Globe at Night Monitoring Network (GaN-MN). Continuous SQM-LE sky brightness data. https://globeatnight.org/gan-mn/. Station registry: http://globeatnight-network.org/,"GaN-MN station TSO (Tierra del Sol, San Diego, California, USA); photometric inflection method; night median MSAS=20.42; MSAS at inflection=19.63; depression=20.86°; smoothing=5-pt median; dark rows=506"
fajr,2022-09-04,04:38,-7,32.6736,-116.5311,1220.0,Globe at Night Monitoring Network (GaN-MN). Continuous SQM-LE sky brightness data. https://globeatnight.org/gan-mn/. Station registry: http://globeatnight-network.org/,"GaN-MN station TSO (Tierra del Sol, San Diego, California, USA); photometric inflection method; night median MSAS=20.42; MSAS at inflection=20.35; depression=21.89°; smoothing=5-pt median; dark rows=506"
isha,2022-09-04,20:39,-7,32.6736,-116.5311,1220.0,Globe at Night Monitoring Network (GaN-MN). Continuous SQM-LE sky brightness data. https://globeatnight.org/gan-mn/. Station registry: http://globeatnight-network.org/,"GaN-MN station TSO (Tierra del Sol, San Diego, California, USA); photometric inflection method; night median MSAS=20.82; MSAS at inflection=20.00; depression=19.59°; smoothing=5-pt median; dark rows=509"
fajr,2022-09-07,04:46,-7,32.6736,-116.5311,1220.0,Globe at Night Monitoring Network (GaN-MN). Continuous SQM-LE sky brightness data. https://globeatnight.org/gan-mn/. Station registry: http://globeatnight-network.org/,"GaN-MN station TSO (Tierra del Sol, San Diego, California, USA); photometric inflection method; night median MSAS=19.80; MSAS at inflection=21.64; depression=20.89°; smoothing=5-pt median; dark rows=513"
fajr,2022-09-08,04:59,-7,32.6736,-116.5311,1220.0,Globe at Night Monitoring Network (GaN-MN). Continuous SQM-LE sky brightness data. https://globeatnight.org/gan-mn/. Station registry: http://globeatnight-network.org/,"GaN-MN station TSO (Tierra del Sol, San Diego, California, USA); photometric inflection method; night median MSAS=19.08; MSAS at inflection=21.36; depression=18.32°; smoothing=5-pt median; dark rows=515"
fajr,2022-09-09,04:52,-7,32.6736,-116.5311,1220.0,Globe at Night Monitoring Network (GaN-MN). Continuous SQM-LE sky brightness data. https://globeatnight.org/gan-mn/. Station registry: http://globeatnight-network.org/,"GaN-MN station TSO (Tierra del Sol, San Diego, California, USA); photometric inflection method; night median MSAS=17.92; MSAS at inflection=20.32; depression=19.87°; smoothing=5-pt median; dark rows=517"
isha,2022-09-09,20:34,-7,32.6736,-116.5311,1220.0,Globe at Night Monitoring Network (GaN-MN). Continuous SQM-LE sky brightness data. https://globeatnight.org/gan-mn/. Station registry: http://globeatnight-network.org/,"GaN-MN station TSO (Tierra del Sol, San Diego, California, USA); photometric inflection method; night median MSAS=17.60; MSAS at inflection=18.86; depression=20.22°; smoothing=5-pt median; dark rows=520"
fajr,2022-09-10,04:45,-7,32.6736,-116.5311,1220.0,Globe at Night Monitoring Network (GaN-MN). Continuous SQM-LE sky brightness data. https://globeatnight.org/gan-mn/. Station registry: http://globeatnight-network.org/,"GaN-MN station TSO (Tierra del Sol, San Diego, California, USA); photometric inflection method; night median MSAS=17.60; MSAS at inflection=18.36; depression=21.43°; smoothing=5-pt median; dark rows=520"
isha,2022-09-10,20:21,-7,32.6736,-116.5311,1220.0,Globe at Night Monitoring Network (GaN-MN). Continuous SQM-LE sky brightness data. https://globeatnight.org/gan-mn/. Station registry: http://globeatnight-network.org/,"GaN-MN station TSO (Tierra del Sol, San Diego, California, USA); photometric inflection method; night median MSAS=18.17; MSAS at inflection=19.29; depression=17.92°; smoothing=5-pt median; dark rows=522"
fajr,2022-09-13,05:04,-7,32.6736,-116.5311,1220.0,Globe at Night Monitoring Network (GaN-MN). Continuous SQM-LE sky brightness data. https://globeatnight.org/gan-mn/. Station registry: http://globeatnight-network.org/,"GaN-MN station TSO (Tierra del Sol, San Diego, California, USA); photometric inflection method; night median MSAS=17.82; MSAS at inflection=17.61; depression=18.17°; smoothing=5-pt median; dark rows=527"
fajr,2022-09-14,04:47,-7,32.6736,-116.5311,1220.0,Globe at Night Monitoring Network (GaN-MN). Continuous SQM-LE sky brightness data. https://globeatnight.org/gan-mn/. Station registry: http://globeatnight-network.org/,"GaN-MN station TSO (Tierra del Sol, San Diego, California, USA); photometric inflection method; night median MSAS=18.19; MSAS at inflection=17.71; depression=21.74°; smoothing=5-pt median; dark rows=528"
isha,2022-09-14,20:30,-7,32.6736,-116.5311,1220.0,Globe at Night Monitoring Network (GaN-MN). Continuous SQM-LE sky brightness data. https://globeatnight.org/gan-mn/. Station registry: http://globeatnight-network.org/,"GaN-MN station TSO (Tierra del Sol, San Diego, California, USA); photometric inflection method; night median MSAS=20.10; MSAS at inflection=21.36; depression=20.86°; smoothing=5-pt median; dark rows=531"
isha,2022-09-15,20:32,-7,32.6736,-116.5311,1220.0,Globe at Night Monitoring Network (GaN-MN). Continuous SQM-LE sky brightness data. https://globeatnight.org/gan-mn/. Station registry: http://globeatnight-network.org/,"GaN-MN station TSO (Tierra del Sol, San Diego, California, USA); photometric inflection method; night median MSAS=20.65; MSAS at inflection=21.40; depression=21.55°; smoothing=5-pt median; dark rows=533"
isha,2022-09-16,20:25,-7,32.6736,-116.5311,1220.0,Globe at Night Monitoring Network (GaN-MN). Continuous SQM-LE sky brightness data. https://globeatnight.org/gan-mn/. Station registry: http://globeatnight-network.org/,"GaN-MN station TSO (Tierra del Sol, San Diego, California, USA); photometric inflection method; night median MSAS=21.03; MSAS at inflection=21.39; depression=20.43°; smoothing=5-pt median; dark rows=535"
fajr,2022-09-17,04:49,-7,32.6736,-116.5311,1220.0,Globe at Night Monitoring Network (GaN-MN). Continuous SQM-LE sky brightness data. https://globeatnight.org/gan-mn/. Station registry: http://globeatnight-network.org/,"GaN-MN station TSO (Tierra del Sol, San Diego, California, USA); photometric inflection method; night median MSAS=21.03; MSAS at inflection=18.79; depression=21.86°; smoothing=5-pt median; dark rows=535"
isha,2022-09-17,20:23,-7,32.6736,-116.5311,1220.0,Globe at Night Monitoring Network (GaN-MN). Continuous SQM-LE sky brightness data. https://globeatnight.org/gan-mn/. Station registry: http://globeatnight-network.org/,"GaN-MN station TSO (Tierra del Sol, San Diego, California, USA); photometric inflection method; night median MSAS=21.40; MSAS at inflection=21.42; depression=20.31°; smoothing=5-pt median; dark rows=538"
fajr,2022-09-18,05:08,-7,32.6736,-116.5311,1220.0,Globe at Night Monitoring Network (GaN-MN). Continuous SQM-LE sky brightness data. https://globeatnight.org/gan-mn/. Station registry: http://globeatnight-network.org/,"GaN-MN station TSO (Tierra del Sol, San Diego, California, USA); photometric inflection method; night median MSAS=21.40; MSAS at inflection=19.70; depression=18.19°; smoothing=5-pt median; dark rows=538"
fajr,2022-09-19,05:09,-7,32.6736,-116.5311,1220.0,Globe at Night Monitoring Network (GaN-MN). Continuous SQM-LE sky brightness data. https://globeatnight.org/gan-mn/. Station registry: http://globeatnight-network.org/,"GaN-MN station TSO (Tierra del Sol, San Diego, California, USA); photometric inflection method; night median MSAS=21.34; MSAS at inflection=20.55; depression=18.15°; smoothing=5-pt median; dark rows=540"
fajr,2022-09-20,04:56,-7,32.6736,-116.5311,1220.0,Globe at Night Monitoring Network (GaN-MN). Continuous SQM-LE sky brightness data. https://globeatnight.org/gan-mn/. Station registry: http://globeatnight-network.org/,"GaN-MN station TSO (Tierra del Sol, San Diego, California, USA); photometric inflection method; night median MSAS=21.36; MSAS at inflection=21.09; depression=20.97°; smoothing=5-pt median; dark rows=542"
isha,2022-09-20,20:07,-7,32.6736,-116.5311,1220.0,Globe at Night Monitoring Network (GaN-MN). Continuous SQM-LE sky brightness data. https://globeatnight.org/gan-mn/. Station registry: http://globeatnight-network.org/,"GaN-MN station TSO (Tierra del Sol, San Diego, California, USA); photometric inflection method; night median MSAS=21.47; MSAS at inflection=21.27; depression=17.90°; smoothing=5-pt median; dark rows=544"
fajr,2022-09-21,04:58,-7,32.6736,-116.5311,1220.0,Globe at Night Monitoring Network (GaN-MN). Continuous SQM-LE sky brightness data. https://globeatnight.org/gan-mn/. Station registry: http://globeatnight-network.org/,"GaN-MN station TSO (Tierra del Sol, San Diego, California, USA); photometric inflection method; night median MSAS=21.47; MSAS at inflection=21.47; depression=20.73°; smoothing=5-pt median; dark rows=544"
fajr,2022-09-23,04:53,-7,32.6736,-116.5311,1220.0,Globe at Night Monitoring Network (GaN-MN). Continuous SQM-LE sky brightness data. https://globeatnight.org/gan-mn/. Station registry: http://globeatnight-network.org/,"GaN-MN station TSO (Tierra del Sol, San Diego, California, USA); photometric inflection method; night median MSAS=21.56; MSAS at inflection=21.53; depression=21.88°; smoothing=5-pt median; dark rows=549"
isha,2022-09-23,20:11,-7,32.6736,-116.5311,1220.0,Globe at Night Monitoring Network (GaN-MN). Continuous SQM-LE sky brightness data. https://globeatnight.org/gan-mn/. Station registry: http://globeatnight-network.org/,"GaN-MN station TSO (Tierra del Sol, San Diego, California, USA); photometric inflection method; night median MSAS=21.45; MSAS at inflection=21.36; depression=19.77°; smoothing=5-pt median; dark rows=550"
fajr,2022-09-24,04:55,-7,32.6736,-116.5311,1220.0,Globe at Night Monitoring Network (GaN-MN). Continuous SQM-LE sky brightness data. https://globeatnight.org/gan-mn/. Station registry: http://globeatnight-network.org/,"GaN-MN station TSO (Tierra del Sol, San Diego, California, USA); photometric inflection method; night median MSAS=21.45; MSAS at inflection=21.44; depression=21.64°; smoothing=5-pt median; dark rows=550"
fajr,2022-09-25,05:09,-7,32.6736,-116.5311,1220.0,Globe at Night Monitoring Network (GaN-MN). Continuous SQM-LE sky brightness data. https://globeatnight.org/gan-mn/. Station registry: http://globeatnight-network.org/,"GaN-MN station TSO (Tierra del Sol, San Diego, California, USA); photometric inflection method; night median MSAS=21.42; MSAS at inflection=21.40; depression=18.94°; smoothing=5-pt median; dark rows=552"
fajr,2022-09-26,05:00,-7,32.6736,-116.5311,1220.0,Globe at Night Monitoring Network (GaN-MN). Continuous SQM-LE sky brightness data. https://globeatnight.org/gan-mn/. Station registry: http://globeatnight-network.org/,"GaN-MN station TSO (Tierra del Sol, San Diego, California, USA); photometric inflection method; night median MSAS=21.52; MSAS at inflection=21.51; depression=20.95°; smoothing=5-pt median; dark rows=555"
fajr,2022-09-27,05:14,-7,32.6736,-116.5311,1220.0,Globe at Night Monitoring Network (GaN-MN). Continuous SQM-LE sky brightness data. https://globeatnight.org/gan-mn/. Station registry: http://globeatnight-network.org/,"GaN-MN station TSO (Tierra del Sol, San Diego, California, USA); photometric inflection method; night median MSAS=21.53; MSAS at inflection=21.53; depression=18.23°; smoothing=5-pt median; dark rows=557"
isha,2022-09-27,20:16,-7,32.6736,-116.5311,1220.0,Globe at Night Monitoring Network (GaN-MN). Continuous SQM-LE sky brightness data. https://globeatnight.org/gan-mn/. Station registry: http://globeatnight-network.org/,"GaN-MN station TSO (Tierra del Sol, San Diego, California, USA); photometric inflection method; night median MSAS=21.61; MSAS at inflection=21.37; depression=21.90°; smoothing=5-pt median; dark rows=559"
fajr,2022-09-28,05:13,-7,32.6736,-116.5311,1220.0,Globe at Night Monitoring Network (GaN-MN). Continuous SQM-LE sky brightness data. https://globeatnight.org/gan-mn/. Station registry: http://globeatnight-network.org/,"GaN-MN station TSO (Tierra del Sol, San Diego, California, USA); photometric inflection method; night median MSAS=21.61; MSAS at inflection=21.62; depression=18.60°; smoothing=5-pt median; dark rows=559"
isha,2022-09-28,20:00,-7,32.6736,-116.5311,1220.0,Globe at Night Monitoring Network (GaN-MN). Continuous SQM-LE sky brightness data. https://globeatnight.org/gan-mn/. Station registry: http://globeatnight-network.org/,"GaN-MN station TSO (Tierra del Sol, San Diego, California, USA); photometric inflection method; night median MSAS=21.53; MSAS at inflection=21.32; depression=18.87°; smoothing=5-pt median; dark rows=561"
fajr,2022-09-29,05:04,-7,32.6736,-116.5311,1220.0,Globe at Night Monitoring Network (GaN-MN). Continuous SQM-LE sky brightness data. https://globeatnight.org/gan-mn/. Station registry: http://globeatnight-network.org/,"GaN-MN station TSO (Tierra del Sol, San Diego, California, USA); photometric inflection method; night median MSAS=21.53; MSAS at inflection=21.60; depression=20.62°; smoothing=5-pt median; dark rows=561"
isha,2022-09-29,20:02,-7,32.6736,-116.5311,1220.0,Globe at Night Monitoring Network (GaN-MN). Continuous SQM-LE sky brightness data. https://globeatnight.org/gan-mn/. Station registry: http://globeatnight-network.org/,"GaN-MN station TSO (Tierra del Sol, San Diego, California, USA); photometric inflection method; night median MSAS=21.66; MSAS at inflection=20.52; depression=19.56°; smoothing=5-pt median; dark rows=563"
fajr,2022-09-05,04:45,8,22.2974,114.1737,5.0,Globe at Night Monitoring Network (GaN-MN). Continuous SQM-LE sky brightness data. https://globeatnight.org/gan-mn/. Station registry: http://globeatnight-network.org/,"GaN-MN station TST (Kowloon, Hong Kong Space Museum); photometric inflection method; night median MSAS=19.02; MSAS at inflection=19.34; depression=19.37°; smoothing=5-pt median; dark rows=1218"
isha,2022-09-11,18:59,8,22.2974,114.1737,5.0,Globe at Night Monitoring Network (GaN-MN). Continuous SQM-LE sky brightness data. https://globeatnight.org/gan-mn/. Station registry: http://globeatnight-network.org/,"GaN-MN station TST (Kowloon, Hong Kong Space Museum); photometric inflection method; night median MSAS=17.51; MSAS at inflection=15.91; depression=7.37°; smoothing=5-pt median; dark rows=1237"
fajr,2022-09-02,05:25,10,-36.8983,149.9044,30.0,Globe at Night Monitoring Network (GaN-MN). Continuous SQM-LE sky brightness data. https://globeatnight.org/gan-mn/. Station registry: http://globeatnight-network.org/,"GaN-MN station Tura (Merimbula, New South Wales, Australia); photometric inflection method; night median MSAS=21.36; MSAS at inflection=20.45; depression=11.71°; smoothing=5-pt median; dark rows=658"
fajr,2022-09-03,05:27,10,-36.8983,149.9044,30.0,Globe at Night Monitoring Network (GaN-MN). Continuous SQM-LE sky brightness data. https://globeatnight.org/gan-mn/. Station registry: http://globeatnight-network.org/,"GaN-MN station Tura (Merimbula, New South Wales, Australia); photometric inflection method; night median MSAS=22.15; MSAS at inflection=19.86; depression=11.13°; smoothing=5-pt median; dark rows=653"
fajr,2022-09-04,05:28,10,-36.8983,149.9044,30.0,Globe at Night Monitoring Network (GaN-MN). Continuous SQM-LE sky brightness data. https://globeatnight.org/gan-mn/. Station registry: http://globeatnight-network.org/,"GaN-MN station Tura (Merimbula, New South Wales, Australia); photometric inflection method; night median MSAS=21.50; MSAS at inflection=19.48; depression=10.56°; smoothing=5-pt median; dark rows=650"
fajr,2022-09-06,05:18,10,-36.8983,149.9044,30.0,Globe at Night Monitoring Network (GaN-MN). Continuous SQM-LE sky brightness data. https://globeatnight.org/gan-mn/. Station registry: http://globeatnight-network.org/,"GaN-MN station Tura (Merimbula, New South Wales, Australia); photometric inflection method; night median MSAS=20.85; MSAS at inflection=20.30; depression=11.96°; smoothing=5-pt median; dark rows=643"
isha,2022-09-06,18:27,10,-36.8983,149.9044,30.0,Globe at Night Monitoring Network (GaN-MN). Continuous SQM-LE sky brightness data. https://globeatnight.org/gan-mn/. Station registry: http://globeatnight-network.org/,"GaN-MN station Tura (Merimbula, New South Wales, Australia); photometric inflection method; night median MSAS=19.41; MSAS at inflection=17.05; depression=9.57°; smoothing=5-pt median; dark rows=643"
fajr,2022-09-07,05:22,10,-36.8983,149.9044,30.0,Globe at Night Monitoring Network (GaN-MN). Continuous SQM-LE sky brightness data. https://globeatnight.org/gan-mn/. Station registry: http://globeatnight-network.org/,"GaN-MN station Tura (Merimbula, New South Wales, Australia); photometric inflection method; night median MSAS=19.41; MSAS at inflection=18.52; depression=11.02°; smoothing=5-pt median; dark rows=643"
isha,2022-09-07,19:03,10,-36.8983,149.9044,30.0,Globe at Night Monitoring Network (GaN-MN). Continuous SQM-LE sky brightness data. https://globeatnight.org/gan-mn/. Station registry: http://globeatnight-network.org/,"GaN-MN station Tura (Merimbula, New South Wales, Australia); photometric inflection method; night median MSAS=18.28; MSAS at inflection=18.71; depression=16.56°; smoothing=5-pt median; dark rows=643"
fajr,2022-09-08,05:38,10,-36.8983,149.9044,30.0,Globe at Night Monitoring Network (GaN-MN). Continuous SQM-LE sky brightness data. https://globeatnight.org/gan-mn/. Station registry: http://globeatnight-network.org/,"GaN-MN station Tura (Merimbula, New South Wales, Australia); photometric inflection method; night median MSAS=18.28; MSAS at inflection=15.98; depression=7.44°; smoothing=5-pt median; dark rows=643"
isha,2022-09-08,18:51,10,-36.8983,149.9044,30.0,Globe at Night Monitoring Network (GaN-MN). Continuous SQM-LE sky brightness data. https://globeatnight.org/gan-mn/. Station registry: http://globeatnight-network.org/,"GaN-MN station Tura (Merimbula, New South Wales, Australia); photometric inflection method; night median MSAS=18.19; MSAS at inflection=18.08; depression=14.08°; smoothing=5-pt median; dark rows=641"
fajr,2022-09-09,05:23,10,-36.8983,149.9044,30.0,Globe at Night Monitoring Network (GaN-MN). Continuous SQM-LE sky brightness data. https://globeatnight.org/gan-mn/. Station registry: http://globeatnight-network.org/,"GaN-MN station Tura (Merimbula, New South Wales, Australia); photometric inflection method; night median MSAS=18.19; MSAS at inflection=19.35; depression=10.10°; smoothing=5-pt median; dark rows=641"
isha,2022-09-09,19:03,10,-36.8983,149.9044,30.0,Globe at Night Monitoring Network (GaN-MN). Continuous SQM-LE sky brightness data. https://globeatnight.org/gan-mn/. Station registry: http://globeatnight-network.org/,"GaN-MN station Tura (Merimbula, New South Wales, Australia); photometric inflection method; night median MSAS=17.51; MSAS at inflection=17.82; depression=16.20°; smoothing=5-pt median; dark rows=642"
fajr,2022-09-10,05:40,10,-36.8983,149.9044,30.0,Globe at Night Monitoring Network (GaN-MN). Continuous SQM-LE sky brightness data. https://globeatnight.org/gan-mn/. Station registry: http://globeatnight-network.org/,"GaN-MN station Tura (Merimbula, New South Wales, Australia); photometric inflection method; night median MSAS=17.51; MSAS at inflection=15.06; depression=6.41°; smoothing=5-pt median; dark rows=642"
fajr,2022-09-12,04:46,10,-36.8983,149.9044,30.0,Globe at Night Monitoring Network (GaN-MN). Continuous SQM-LE sky brightness data. https://globeatnight.org/gan-mn/. Station registry: http://globeatnight-network.org/,"GaN-MN station Tura (Merimbula, New South Wales, Australia); photometric inflection method; night median MSAS=18.71; MSAS at inflection=19.03; depression=16.70°; smoothing=5-pt median; dark rows=637"
fajr,2022-09-13,05:17,10,-36.8983,149.9044,30.0,Globe at Night Monitoring Network (GaN-MN). Continuous SQM-LE sky brightness data. https://globeatnight.org/gan-mn/. Station registry: http://globeatnight-network.org/,"GaN-MN station Tura (Merimbula, New South Wales, Australia); photometric inflection method; night median MSAS=19.73; MSAS at inflection=18.54; depression=10.14°; smoothing=5-pt median; dark rows=630"
isha,2022-09-13,18:36,10,-36.8983,149.9044,30.0,Globe at Night Monitoring Network (GaN-MN). Continuous SQM-LE sky brightness data. https://globeatnight.org/gan-mn/. Station registry: http://globeatnight-network.org/,"GaN-MN station Tura (Merimbula, New South Wales, Australia); photometric inflection method; night median MSAS=20.30; MSAS at inflection=18.94; depression=10.36°; smoothing=5-pt median; dark rows=633"
isha,2022-09-15,18:44,10,-36.8983,149.9044,30.0,Globe at Night Monitoring Network (GaN-MN). Continuous SQM-LE sky brightness data. https://globeatnight.org/gan-mn/. Station registry: http://globeatnight-network.org/,"GaN-MN station Tura (Merimbula, New South Wales, Australia); photometric inflection method; night median MSAS=21.01; MSAS at inflection=20.22; depression=11.60°; smoothing=5-pt median; dark rows=620"
fajr,2022-09-16,05:12,10,-36.8983,149.9044,30.0,Globe at Night Monitoring Network (GaN-MN). Continuous SQM-LE sky brightness data. https://globeatnight.org/gan-mn/. Station registry: http://globeatnight-network.org/,"GaN-MN station Tura (Merimbula, New South Wales, Australia); photometric inflection method; night median MSAS=21.01; MSAS at inflection=19.16; depression=10.19°; smoothing=5-pt median; dark rows=620"
isha,2022-09-17,18:40,10,-36.8983,149.9044,30.0,Globe at Night Monitoring Network (GaN-MN). Continuous SQM-LE sky brightness data. https://globeatnight.org/gan-mn/. Station registry: http://globeatnight-network.org/,"GaN-MN station Tura (Merimbula, New South Wales, Australia); photometric inflection method; night median MSAS=21.88; MSAS at inflection=19.38; depression=10.48°; smoothing=5-pt median; dark rows=621"
fajr,2022-09-24,04:49,10,-36.8983,149.9044,30.0,Globe at Night Monitoring Network (GaN-MN). Continuous SQM-LE sky brightness data. https://globeatnight.org/gan-mn/. Station registry: http://globeatnight-network.org/,"GaN-MN station Tura (Merimbula, New South Wales, Australia); photometric inflection method; night median MSAS=21.30; MSAS at inflection=20.98; depression=12.39°; smoothing=5-pt median; dark rows=608"
isha,2022-09-24,19:01,10,-36.8983,149.9044,30.0,Globe at Night Monitoring Network (GaN-MN). Continuous SQM-LE sky brightness data. https://globeatnight.org/gan-mn/. Station registry: http://globeatnight-network.org/,"GaN-MN station Tura (Merimbula, New South Wales, Australia); photometric inflection method; night median MSAS=22.51; MSAS at inflection=21.27; depression=13.46°; smoothing=5-pt median; dark rows=605"
fajr,2022-09-29,04:47,10,-36.8983,149.9044,30.0,Globe at Night Monitoring Network (GaN-MN). Continuous SQM-LE sky brightness data. https://globeatnight.org/gan-mn/. Station registry: http://globeatnight-network.org/,"GaN-MN station Tura (Merimbula, New South Wales, Australia); photometric inflection method; night median MSAS=21.02; MSAS at inflection=19.96; depression=11.34°; smoothing=5-pt median; dark rows=601"
fajr,2022-10-01,04:29,10,-36.8983,149.9044,30.0,Globe at Night Monitoring Network (GaN-MN). Continuous SQM-LE sky brightness data. https://globeatnight.org/gan-mn/. Station registry: http://globeatnight-network.org/,"GaN-MN station Tura (Merimbula, New South Wales, Australia); photometric inflection method; night median MSAS=21.71; MSAS at inflection=21.60; depression=14.21°; smoothing=5-pt median; dark rows=589"
isha,2022-09-01,23:49,2,59.9167,18.8333,5.0,Globe at Night Monitoring Network (GaN-MN). Continuous SQM-LE sky brightness data. https://globeatnight.org/gan-mn/. Station registry: http://globeatnight-network.org/,"GaN-MN station UO (Utanå Observatory, Väddö, Sweden); photometric inflection method; night median MSAS=21.35; MSAS at inflection=21.37; depression=21.16°; smoothing=5-pt median; dark rows=85"
isha,2022-09-02,22:37,2,59.9167,18.8333,5.0,Globe at Night Monitoring Network (GaN-MN). Continuous SQM-LE sky brightness data. https://globeatnight.org/gan-mn/. Station registry: http://globeatnight-network.org/,"GaN-MN station UO (Utanå Observatory, Väddö, Sweden); photometric inflection method; night median MSAS=21.32; MSAS at inflection=21.23; depression=17.86°; smoothing=5-pt median; dark rows=88"
isha,2022-09-03,21:30,2,59.9167,18.8333,5.0,Globe at Night Monitoring Network (GaN-MN). Continuous SQM-LE sky brightness data. https://globeatnight.org/gan-mn/. Station registry: http://globeatnight-network.org/,"GaN-MN station UO (Utanå Observatory, Väddö, Sweden); photometric inflection method; night median MSAS=21.23; MSAS at inflection=20.06; depression=12.68°; smoothing=5-pt median; dark rows=89"
fajr,2022-09-05,02:58,2,59.9167,18.8333,5.0,Globe at Night Monitoring Network (GaN-MN). Continuous SQM-LE sky brightness data. https://globeatnight.org/gan-mn/. Station registry: http://globeatnight-network.org/,"GaN-MN station UO (Utanå Observatory, Väddö, Sweden); photometric inflection method; night median MSAS=20.85; MSAS at inflection=20.88; depression=18.07°; smoothing=5-pt median; dark rows=89"
isha,2022-09-05,22:46,2,59.9167,18.8333,5.0,Globe at Night Monitoring Network (GaN-MN). Continuous SQM-LE sky brightness data. https://globeatnight.org/gan-mn/. Station registry: http://globeatnight-network.org/,"GaN-MN station UO (Utanå Observatory, Väddö, Sweden); photometric inflection method; night median MSAS=21.32; MSAS at inflection=21.34; depression=19.62°; smoothing=5-pt median; dark rows=91"
isha,2022-09-08,21:16,2,59.9167,18.8333,5.0,Globe at Night Monitoring Network (GaN-MN). Continuous SQM-LE sky brightness data. https://globeatnight.org/gan-mn/. Station registry: http://globeatnight-network.org/,"GaN-MN station UO (Utanå Observatory, Väddö, Sweden); photometric inflection method; night median MSAS=19.48; MSAS at inflection=18.94; depression=13.17°; smoothing=5-pt median; dark rows=94"
fajr,2022-09-09,04:47,2,59.9167,18.8333,5.0,Globe at Night Monitoring Network (GaN-MN). Continuous SQM-LE sky brightness data. https://globeatnight.org/gan-mn/. Station registry: http://globeatnight-network.org/,"GaN-MN station UO (Utanå Observatory, Väddö, Sweden); photometric inflection method; night median MSAS=19.48; MSAS at inflection=17.72; depression=9.18°; smoothing=5-pt median; dark rows=94"
isha,2022-09-11,22:30,2,59.9167,18.8333,5.0,Globe at Night Monitoring Network (GaN-MN). Continuous SQM-LE sky brightness data. https://globeatnight.org/gan-mn/. Station registry: http://globeatnight-network.org/,"GaN-MN station UO (Utanå Observatory, Väddö, Sweden); photometric inflection method; night median MSAS=19.00; MSAS at inflection=19.25; depression=20.81°; smoothing=5-pt median; dark rows=98"
isha,2022-09-12,21:35,2,59.9167,18.8333,5.0,Globe at Night Monitoring Network (GaN-MN). Continuous SQM-LE sky brightness data. https://globeatnight.org/gan-mn/. Station registry: http://globeatnight-network.org/,"GaN-MN station UO (Utanå Observatory, Väddö, Sweden); photometric inflection method; night median MSAS=18.74; MSAS at inflection=18.83; depression=16.58°; smoothing=5-pt median; dark rows=100"
isha,2022-09-19,21:26,2,59.9167,18.8333,5.0,Globe at Night Monitoring Network (GaN-MN). Continuous SQM-LE sky brightness data. https://globeatnight.org/gan-mn/. Station registry: http://globeatnight-network.org/,"GaN-MN station UO (Utanå Observatory, Väddö, Sweden); photometric inflection method; night median MSAS=21.19; MSAS at inflection=22.03; depression=18.41°; smoothing=5-pt median; dark rows=108"
fajr,2022-09-21,04:59,2,59.9167,18.8333,5.0,Globe at Night Monitoring Network (GaN-MN). Continuous SQM-LE sky brightness data. https://globeatnight.org/gan-mn/. Station registry: http://globeatnight-network.org/,"GaN-MN station UO (Utanå Observatory, Väddö, Sweden); photometric inflection method; night median MSAS=21.26; MSAS at inflection=19.03; depression=11.44°; smoothing=5-pt median; dark rows=109"
isha,2022-09-21,20:51,2,59.9167,18.8333,5.0,Globe at Night Monitoring Network (GaN-MN). Continuous SQM-LE sky brightness data. https://globeatnight.org/gan-mn/. Station registry: http://globeatnight-network.org/,"GaN-MN station UO (Utanå Observatory, Väddö, Sweden); photometric inflection method; night median MSAS=21.34; MSAS at inflection=21.30; depression=15.56°; smoothing=5-pt median; dark rows=110"
fajr,2022-09-22,04:56,2,59.9167,18.8333,5.0,Globe at Night Monitoring Network (GaN-MN). Continuous SQM-LE sky brightness data. https://globeatnight.org/gan-mn/. Station registry: http://globeatnight-network.org/,"GaN-MN station UO (Utanå Observatory, Väddö, Sweden); photometric inflection method; night median MSAS=21.34; MSAS at inflection=19.76; depression=12.09°; smoothing=5-pt median; dark rows=110"
isha,2022-09-22,20:18,2,59.9167,18.8333,5.0,Globe at Night Monitoring Network (GaN-MN). Continuous SQM-LE sky brightness data. https://globeatnight.org/gan-mn/. Station registry: http://globeatnight-network.org/,"GaN-MN station UO (Utanå Observatory, Väddö, Sweden); photometric inflection method; night median MSAS=21.40; MSAS at inflection=20.16; depression=12.23°; smoothing=5-pt median; dark rows=111"
isha,2022-09-23,21:00,2,59.9167,18.8333,5.0,Globe at Night Monitoring Network (GaN-MN). Continuous SQM-LE sky brightness data. https://globeatnight.org/gan-mn/. Station registry: http://globeatnight-network.org/,"GaN-MN station UO (Utanå Observatory, Väddö, Sweden); photometric inflection method; night median MSAS=21.31; MSAS at inflection=21.19; depression=17.33°; smoothing=5-pt median; dark rows=112"
fajr,2022-09-24,04:50,2,59.9167,18.8333,5.0,Globe at Night Monitoring Network (GaN-MN). Continuous SQM-LE sky brightness data. https://globeatnight.org/gan-mn/. Station registry: http://globeatnight-network.org/,"GaN-MN station UO (Utanå Observatory, Väddö, Sweden); photometric inflection method; night median MSAS=21.31; MSAS at inflection=20.73; depression=13.36°; smoothing=5-pt median; dark rows=112"
isha,2022-09-26,21:23,2,59.9167,18.8333,5.0,Globe at Night Monitoring Network (GaN-MN). Continuous SQM-LE sky brightness data. https://globeatnight.org/gan-mn/. Station registry: http://globeatnight-network.org/,"GaN-MN station UO (Utanå Observatory, Väddö, Sweden); photometric inflection method; night median MSAS=21.42; MSAS at inflection=21.44; depression=20.92°; smoothing=5-pt median; dark rows=116"
fajr,2022-09-27,05:03,2,59.9167,18.8333,5.0,Globe at Night Monitoring Network (GaN-MN). Continuous SQM-LE sky brightness data. https://globeatnight.org/gan-mn/. Station registry: http://globeatnight-network.org/,"GaN-MN station UO (Utanå Observatory, Väddö, Sweden); photometric inflection method; night median MSAS=21.42; MSAS at inflection=20.18; depression=12.71°; smoothing=5-pt median; dark rows=116"
isha,2022-09-28,20:03,2,59.9167,18.8333,5.0,Globe at Night Monitoring Network (GaN-MN). Continuous SQM-LE sky brightness data. https://globeatnight.org/gan-mn/. Station registry: http://globeatnight-network.org/,"GaN-MN station UO (Utanå Observatory, Väddö, Sweden); photometric inflection method; night median MSAS=21.51; MSAS at inflection=20.74; depression=12.84°; smoothing=5-pt median; dark rows=118"
isha,2022-09-29,20:02,2,59.9167,18.8333,5.0,Globe at Night Monitoring Network (GaN-MN). Continuous SQM-LE sky brightness data. https://globeatnight.org/gan-mn/. Station registry: http://globeatnight-network.org/,"GaN-MN station UO (Utanå Observatory, Väddö, Sweden); photometric inflection method; night median MSAS=21.53; MSAS at inflection=20.39; depression=13.11°; smoothing=5-pt median; dark rows=120"
fajr,2022-09-11,05:46,2,52.2125,4.5344,2.0,Globe at Night Monitoring Network (GaN-MN). Continuous SQM-LE sky brightness data. https://globeatnight.org/gan-mn/. Station registry: http://globeatnight-network.org/,"GaN-MN station Wad (Warmond, Netherlands); photometric inflection method; night median MSAS=18.02; MSAS at inflection=18.15; depression=12.97°; smoothing=5-pt median; dark rows=1062"
fajr,2022-09-22,05:35,2,52.2125,4.5344,2.0,Globe at Night Monitoring Network (GaN-MN). Continuous SQM-LE sky brightness data. https://globeatnight.org/gan-mn/. Station registry: http://globeatnight-network.org/,"GaN-MN station Wad (Warmond, Netherlands); photometric inflection method; night median MSAS=19.14; MSAS at inflection=18.98; depression=17.48°; smoothing=5-pt median; dark rows=1071"
isha,2022-09-03,20:11,9,36.6673,129.1133,200.0,Globe at Night Monitoring Network (GaN-MN). Continuous SQM-LE sky brightness data. https://globeatnight.org/gan-mn/. Station registry: http://globeatnight-network.org/,"GaN-MN station YFAO (Yeongyang, Korea); photometric inflection method; night median MSAS=21.21; MSAS at inflection=20.23; depression=16.58°; smoothing=5-pt median; dark rows=1146"
isha,2022-09-05,19:51,9,36.6673,129.1133,200.0,Globe at Night Monitoring Network (GaN-MN). Continuous SQM-LE sky brightness data. https://globeatnight.org/gan-mn/. Station registry: http://globeatnight-network.org/,"GaN-MN station YFAO (Yeongyang, Korea); photometric inflection method; night median MSAS=21.45; MSAS at inflection=20.52; depression=13.35°; smoothing=5-pt median; dark rows=1156"
isha,2022-09-12,19:16,9,36.6673,129.1133,200.0,Globe at Night Monitoring Network (GaN-MN). Continuous SQM-LE sky brightness data. https://globeatnight.org/gan-mn/. Station registry: http://globeatnight-network.org/,"GaN-MN station YFAO (Yeongyang, Korea); photometric inflection method; night median MSAS=17.54; MSAS at inflection=16.99; depression=8.73°; smoothing=5-pt median; dark rows=1190"
fajr,2022-09-16,04:56,9,36.6673,129.1133,200.0,Globe at Night Monitoring Network (GaN-MN). Continuous SQM-LE sky brightness data. https://globeatnight.org/gan-mn/. Station registry: http://globeatnight-network.org/,"GaN-MN station YFAO (Yeongyang, Korea); photometric inflection method; night median MSAS=18.77; MSAS at inflection=18.09; depression=14.67°; smoothing=5-pt median; dark rows=1204"
isha,2022-09-24,19:08,9,36.6673,129.1133,200.0,Globe at Night Monitoring Network (GaN-MN). Continuous SQM-LE sky brightness data. https://globeatnight.org/gan-mn/. Station registry: http://globeatnight-network.org/,"GaN-MN station YFAO (Yeongyang, Korea); photometric inflection method; night median MSAS=20.59; MSAS at inflection=18.70; depression=10.94°; smoothing=5-pt median; dark rows=1247"
isha,2022-09-07,21:47,2,49.0167,13.2333,590.0,Globe at Night Monitoring Network (GaN-MN). Continuous SQM-LE sky brightness data. https://globeatnight.org/gan-mn/. Station registry: http://globeatnight-network.org/,"GaN-MN station Zwi (Zwiesel, Germany); photometric inflection method; night median MSAS=19.32; MSAS at inflection=19.28; depression=20.43°; smoothing=5-pt median; dark rows=1080"
isha,2022-09-09,21:46,2,49.0167,13.2333,590.0,Globe at Night Monitoring Network (GaN-MN). Continuous SQM-LE sky brightness data. https://globeatnight.org/gan-mn/. Station registry: http://globeatnight-network.org/,"GaN-MN station Zwi (Zwiesel, Germany); photometric inflection method; night median MSAS=17.91; MSAS at inflection=18.50; depression=20.96°; smoothing=5-pt median; dark rows=1095"
isha,2022-09-14,20:05,2,49.0167,13.2333,590.0,Globe at Night Monitoring Network (GaN-MN). Continuous SQM-LE sky brightness data. https://globeatnight.org/gan-mn/. Station registry: http://globeatnight-network.org/,"GaN-MN station Zwi (Zwiesel, Germany); photometric inflection method; night median MSAS=18.16; MSAS at inflection=16.23; depression=7.77°; smoothing=5-pt median; dark rows=1134"
fajr,2022-09-19,05:25,2,49.0167,13.2333,590.0,Globe at Night Monitoring Network (GaN-MN). Continuous SQM-LE sky brightness data. https://globeatnight.org/gan-mn/. Station registry: http://globeatnight-network.org/,"GaN-MN station Zwi (Zwiesel, Germany); photometric inflection method; night median MSAS=18.52; MSAS at inflection=17.70; depression=14.27°; smoothing=5-pt median; dark rows=1164"
isha,2022-09-20,20:44,2,49.0167,13.2333,590.0,Globe at Night Monitoring Network (GaN-MN). Continuous SQM-LE sky brightness data. https://globeatnight.org/gan-mn/. Station registry: http://globeatnight-network.org/,"GaN-MN station Zwi (Zwiesel, Germany); photometric inflection method; night median MSAS=19.03; MSAS at inflection=20.32; depression=15.97°; smoothing=5-pt median; dark rows=1179"
fajr,2022-09-27,04:57,2,49.0167,13.2333,590.0,Globe at Night Monitoring Network (GaN-MN). Continuous SQM-LE sky brightness data. https://globeatnight.org/gan-mn/. Station registry: http://globeatnight-network.org/,"GaN-MN station Zwi (Zwiesel, Germany); photometric inflection method; night median MSAS=19.63; MSAS at inflection=19.11; depression=20.49°; smoothing=5-pt median; dark rows=1223"
fajr,2022-09-02,05:30,8,22.3767,114.27,10.0,Globe at Night Monitoring Network (GaN-MN). Continuous SQM-LE sky brightness data. https://globeatnight.org/gan-mn/. Station registry: http://globeatnight-network.org/,"GaN-MN station iObs (Sai Kung iObservatory, Hong Kong); photometric inflection method; night median MSAS=19.07; MSAS at inflection=17.00; depression=8.80°; smoothing=5-pt median; dark rows=1209"
fajr,2022-09-04,05:09,8,22.3767,114.27,10.0,Globe at Night Monitoring Network (GaN-MN). Continuous SQM-LE sky brightness data. https://globeatnight.org/gan-mn/. Station registry: http://globeatnight-network.org/,"GaN-MN station iObs (Sai Kung iObservatory, Hong Kong); photometric inflection method; night median MSAS=19.43; MSAS at inflection=19.86; depression=13.68°; smoothing=5-pt median; dark rows=1215"
isha,2022-09-23,19:02,8,22.3767,114.27,10.0,Globe at Night Monitoring Network (GaN-MN). Continuous SQM-LE sky brightness data. https://globeatnight.org/gan-mn/. Station registry: http://globeatnight-network.org/,"GaN-MN station iObs (Sai Kung iObservatory, Hong Kong); photometric inflection method; night median MSAS=18.63; MSAS at inflection=18.12; depression=11.05°; smoothing=5-pt median; dark rows=1268"
isha,2022-09-25,19:05,8,22.3767,114.27,10.0,Globe at Night Monitoring Network (GaN-MN). Continuous SQM-LE sky brightness data. https://globeatnight.org/gan-mn/. Station registry: http://globeatnight-network.org/,"GaN-MN station iObs (Sai Kung iObservatory, Hong Kong); photometric inflection method; night median MSAS=19.23; MSAS at inflection=18.67; depression=12.09°; smoothing=5-pt median; dark rows=1274"
isha,2022-09-27,19:04,8,22.3767,114.27,10.0,Globe at Night Monitoring Network (GaN-MN). Continuous SQM-LE sky brightness data. https://globeatnight.org/gan-mn/. Station registry: http://globeatnight-network.org/,"GaN-MN station iObs (Sai Kung iObservatory, Hong Kong); photometric inflection method; night median MSAS=18.39; MSAS at inflection=18.14; depression=12.44°; smoothing=5-pt median; dark rows=1278"
isha,2022-09-28,18:54,8,22.3767,114.27,10.0,Globe at Night Monitoring Network (GaN-MN). Continuous SQM-LE sky brightness data. https://globeatnight.org/gan-mn/. Station registry: http://globeatnight-network.org/,"GaN-MN station iObs (Sai Kung iObservatory, Hong Kong); photometric inflection method; night median MSAS=18.88; MSAS at inflection=17.90; depression=10.23°; smoothing=5-pt median; dark rows=1282"
fajr,2022-09-29,05:01,8,22.3767,114.27,10.0,Globe at Night Monitoring Network (GaN-MN). Continuous SQM-LE sky brightness data. https://globeatnight.org/gan-mn/. Station registry: http://globeatnight-network.org/,"GaN-MN station iObs (Sai Kung iObservatory, Hong Kong); photometric inflection method; night median MSAS=18.88; MSAS at inflection=19.01; depression=17.50°; smoothing=5-pt median; dark rows=1282"
