prayer,date_local,time_local,utc_offset,lat,lng,elevation_m,source,notes
isha,2024-05-17,19:29,-3,-34.6037,-58.3816,25.0,Globe at Night Monitoring Network (GaN-MN). Continuous SQM-LE sky brightness data. https://globeatnight.org/gan-mn/. Station registry: http://globeatnight-network.org/,"GaN-MN station AHO (Almendra HackLab, Buenos Aires, Argentina); photometric inflection method; night median MSAS=17.54; MSAS at inflection=16.05; depression=18.92°; smoothing=5-pt median; dark rows=1461"
fajr,2024-05-18,06:58,-3,-34.6037,-58.3816,25.0,Globe at Night Monitoring Network (GaN-MN). Continuous SQM-LE sky brightness data. https://globeatnight.org/gan-mn/. Station registry: http://globeatnight-network.org/,"GaN-MN station AHO (Almendra HackLab, Buenos Aires, Argentina); photometric inflection method; night median MSAS=17.54; MSAS at inflection=16.51; depression=9.42°; smoothing=5-pt median; dark rows=1461"
fajr,2024-05-02,04:32,8,22.3755,114.2707,10.0,Globe at Night Monitoring Network (GaN-MN). Continuous SQM-LE sky brightness data. https://globeatnight.org/gan-mn/. Station registry: http://globeatnight-network.org/,"GaN-MN station AP (Hong Kong Astropark, Sai Kung); photometric inflection method; night median MSAS=19.74; MSAS at inflection=19.36; depression=17.65°; smoothing=5-pt median; dark rows=1153"
isha,2024-05-03,19:47,8,22.3755,114.2707,10.0,Globe at Night Monitoring Network (GaN-MN). Continuous SQM-LE sky brightness data. https://globeatnight.org/gan-mn/. Station registry: http://globeatnight-network.org/,"GaN-MN station AP (Hong Kong Astropark, Sai Kung); photometric inflection method; night median MSAS=20.13; MSAS at inflection=19.14; depression=13.18°; smoothing=5-pt median; dark rows=1148"
isha,2024-05-06,19:23,8,22.3755,114.2707,10.0,Globe at Night Monitoring Network (GaN-MN). Continuous SQM-LE sky brightness data. https://globeatnight.org/gan-mn/. Station registry: http://globeatnight-network.org/,"GaN-MN station AP (Hong Kong Astropark, Sai Kung); photometric inflection method; night median MSAS=18.34; MSAS at inflection=16.11; depression=7.82°; smoothing=5-pt median; dark rows=1140"
fajr,2024-05-07,05:07,8,22.3755,114.2707,10.0,Globe at Night Monitoring Network (GaN-MN). Continuous SQM-LE sky brightness data. https://globeatnight.org/gan-mn/. Station registry: http://globeatnight-network.org/,"GaN-MN station AP (Hong Kong Astropark, Sai Kung); photometric inflection method; night median MSAS=18.34; MSAS at inflection=17.44; depression=9.28°; smoothing=5-pt median; dark rows=1140"
isha,2024-05-08,19:48,8,22.3755,114.2707,10.0,Globe at Night Monitoring Network (GaN-MN). Continuous SQM-LE sky brightness data. https://globeatnight.org/gan-mn/. Station registry: http://globeatnight-network.org/,"GaN-MN station AP (Hong Kong Astropark, Sai Kung); photometric inflection method; night median MSAS=18.36; MSAS at inflection=18.10; depression=12.79°; smoothing=5-pt median; dark rows=1136"
isha,2024-05-09,19:37,8,22.3755,114.2707,10.0,Globe at Night Monitoring Network (GaN-MN). Continuous SQM-LE sky brightness data. https://globeatnight.org/gan-mn/. Station registry: http://globeatnight-network.org/,"GaN-MN station AP (Hong Kong Astropark, Sai Kung); photometric inflection method; night median MSAS=19.89; MSAS at inflection=17.78; depression=10.36°; smoothing=5-pt median; dark rows=1134"
fajr,2024-05-13,04:56,8,22.3755,114.2707,10.0,Globe at Night Monitoring Network (GaN-MN). Continuous SQM-LE sky brightness data. https://globeatnight.org/gan-mn/. Station registry: http://globeatnight-network.org/,"GaN-MN station AP (Hong Kong Astropark, Sai Kung); photometric inflection method; night median MSAS=18.29; MSAS at inflection=18.41; depression=10.85°; smoothing=5-pt median; dark rows=1128"
fajr,2024-05-14,04:49,8,22.3755,114.2707,10.0,Globe at Night Monitoring Network (GaN-MN). Continuous SQM-LE sky brightness data. https://globeatnight.org/gan-mn/. Station registry: http://globeatnight-network.org/,"GaN-MN station AP (Hong Kong Astropark, Sai Kung); photometric inflection method; night median MSAS=19.83; MSAS at inflection=19.47; depression=12.29°; smoothing=5-pt median; dark rows=1126"
isha,2024-05-14,19:57,8,22.3755,114.2707,10.0,Globe at Night Monitoring Network (GaN-MN). Continuous SQM-LE sky brightness data. https://globeatnight.org/gan-mn/. Station registry: http://globeatnight-network.org/,"GaN-MN station AP (Hong Kong Astropark, Sai Kung); photometric inflection method; night median MSAS=19.27; MSAS at inflection=18.69; depression=14.04°; smoothing=5-pt median; dark rows=1122"
fajr,2024-05-15,04:58,8,22.3755,114.2707,10.0,Globe at Night Monitoring Network (GaN-MN). Continuous SQM-LE sky brightness data. https://globeatnight.org/gan-mn/. Station registry: http://globeatnight-network.org/,"GaN-MN station AP (Hong Kong Astropark, Sai Kung); photometric inflection method; night median MSAS=19.27; MSAS at inflection=18.12; depression=10.21°; smoothing=5-pt median; dark rows=1122"
isha,2024-05-15,19:52,8,22.3755,114.2707,10.0,Globe at Night Monitoring Network (GaN-MN). Continuous SQM-LE sky brightness data. https://globeatnight.org/gan-mn/. Station registry: http://globeatnight-network.org/,"GaN-MN station AP (Hong Kong Astropark, Sai Kung); photometric inflection method; night median MSAS=18.83; MSAS at inflection=17.36; depression=12.89°; smoothing=5-pt median; dark rows=1120"
fajr,2024-05-17,04:54,8,22.3755,114.2707,10.0,Globe at Night Monitoring Network (GaN-MN). Continuous SQM-LE sky brightness data. https://globeatnight.org/gan-mn/. Station registry: http://globeatnight-network.org/,"GaN-MN station AP (Hong Kong Astropark, Sai Kung); photometric inflection method; night median MSAS=19.24; MSAS at inflection=18.59; depression=10.83°; smoothing=5-pt median; dark rows=1119"
fajr,2024-05-18,05:09,8,22.3755,114.2707,10.0,Globe at Night Monitoring Network (GaN-MN). Continuous SQM-LE sky brightness data. https://globeatnight.org/gan-mn/. Station registry: http://globeatnight-network.org/,"GaN-MN station AP (Hong Kong Astropark, Sai Kung); photometric inflection method; night median MSAS=17.65; MSAS at inflection=16.36; depression=7.59°; smoothing=5-pt median; dark rows=1117"
isha,2024-05-18,19:58,8,22.3755,114.2707,10.0,Globe at Night Monitoring Network (GaN-MN). Continuous SQM-LE sky brightness data. https://globeatnight.org/gan-mn/. Station registry: http://globeatnight-network.org/,"GaN-MN station AP (Hong Kong Astropark, Sai Kung); photometric inflection method; night median MSAS=17.82; MSAS at inflection=17.09; depression=13.65°; smoothing=5-pt median; dark rows=1115"
isha,2024-05-19,20:38,8,22.3755,114.2707,10.0,Globe at Night Monitoring Network (GaN-MN). Continuous SQM-LE sky brightness data. https://globeatnight.org/gan-mn/. Station registry: http://globeatnight-network.org/,"GaN-MN station AP (Hong Kong Astropark, Sai Kung); photometric inflection method; night median MSAS=19.47; MSAS at inflection=18.63; depression=21.53°; smoothing=5-pt median; dark rows=1113"
fajr,2024-05-20,04:18,8,22.3755,114.2707,10.0,Globe at Night Monitoring Network (GaN-MN). Continuous SQM-LE sky brightness data. https://globeatnight.org/gan-mn/. Station registry: http://globeatnight-network.org/,"GaN-MN station AP (Hong Kong Astropark, Sai Kung); photometric inflection method; night median MSAS=19.47; MSAS at inflection=20.68; depression=17.83°; smoothing=5-pt median; dark rows=1113"
fajr,2024-05-21,04:27,8,22.3755,114.2707,10.0,Globe at Night Monitoring Network (GaN-MN). Continuous SQM-LE sky brightness data. https://globeatnight.org/gan-mn/. Station registry: http://globeatnight-network.org/,"GaN-MN station AP (Hong Kong Astropark, Sai Kung); photometric inflection method; night median MSAS=19.16; MSAS at inflection=20.95; depression=16.04°; smoothing=5-pt median; dark rows=1111"
isha,2024-05-22,19:36,8,22.3755,114.2707,10.0,Globe at Night Monitoring Network (GaN-MN). Continuous SQM-LE sky brightness data. https://globeatnight.org/gan-mn/. Station registry: http://globeatnight-network.org/,"GaN-MN station AP (Hong Kong Astropark, Sai Kung); photometric inflection method; night median MSAS=17.59; MSAS at inflection=16.92; depression=8.69°; smoothing=5-pt median; dark rows=1108"
isha,2024-05-23,19:39,8,22.3755,114.2707,10.0,Globe at Night Monitoring Network (GaN-MN). Continuous SQM-LE sky brightness data. https://globeatnight.org/gan-mn/. Station registry: http://globeatnight-network.org/,"GaN-MN station AP (Hong Kong Astropark, Sai Kung); photometric inflection method; night median MSAS=17.79; MSAS at inflection=17.61; depression=9.30°; smoothing=5-pt median; dark rows=1106"
fajr,2024-05-24,05:05,8,22.3755,114.2707,10.0,Globe at Night Monitoring Network (GaN-MN). Continuous SQM-LE sky brightness data. https://globeatnight.org/gan-mn/. Station registry: http://globeatnight-network.org/,"GaN-MN station AP (Hong Kong Astropark, Sai Kung); photometric inflection method; night median MSAS=17.79; MSAS at inflection=16.87; depression=7.97°; smoothing=5-pt median; dark rows=1106"
fajr,2024-05-25,04:02,8,22.3755,114.2707,10.0,Globe at Night Monitoring Network (GaN-MN). Continuous SQM-LE sky brightness data. https://globeatnight.org/gan-mn/. Station registry: http://globeatnight-network.org/,"GaN-MN station AP (Hong Kong Astropark, Sai Kung); photometric inflection method; night median MSAS=18.44; MSAS at inflection=18.31; depression=20.56°; smoothing=5-pt median; dark rows=1104"
isha,2024-05-25,20:28,8,22.3755,114.2707,10.0,Globe at Night Monitoring Network (GaN-MN). Continuous SQM-LE sky brightness data. https://globeatnight.org/gan-mn/. Station registry: http://globeatnight-network.org/,"GaN-MN station AP (Hong Kong Astropark, Sai Kung); photometric inflection method; night median MSAS=17.51; MSAS at inflection=17.52; depression=18.76°; smoothing=5-pt median; dark rows=1103"
fajr,2024-05-26,05:01,8,22.3755,114.2707,10.0,Globe at Night Monitoring Network (GaN-MN). Continuous SQM-LE sky brightness data. https://globeatnight.org/gan-mn/. Station registry: http://globeatnight-network.org/,"GaN-MN station AP (Hong Kong Astropark, Sai Kung); photometric inflection method; night median MSAS=17.51; MSAS at inflection=18.00; depression=8.68°; smoothing=5-pt median; dark rows=1103"
fajr,2024-05-27,03:58,8,22.3755,114.2707,10.0,Globe at Night Monitoring Network (GaN-MN). Continuous SQM-LE sky brightness data. https://globeatnight.org/gan-mn/. Station registry: http://globeatnight-network.org/,"GaN-MN station AP (Hong Kong Astropark, Sai Kung); photometric inflection method; night median MSAS=17.62; MSAS at inflection=17.64; depression=21.16°; smoothing=5-pt median; dark rows=1101"
isha,2024-05-27,19:35,8,22.3755,114.2707,10.0,Globe at Night Monitoring Network (GaN-MN). Continuous SQM-LE sky brightness data. https://globeatnight.org/gan-mn/. Station registry: http://globeatnight-network.org/,"GaN-MN station AP (Hong Kong Astropark, Sai Kung); photometric inflection method; night median MSAS=18.16; MSAS at inflection=16.47; depression=7.95°; smoothing=5-pt median; dark rows=1099"
fajr,2024-05-28,03:54,8,22.3755,114.2707,10.0,Globe at Night Monitoring Network (GaN-MN). Continuous SQM-LE sky brightness data. https://globeatnight.org/gan-mn/. Station registry: http://globeatnight-network.org/,"GaN-MN station AP (Hong Kong Astropark, Sai Kung); photometric inflection method; night median MSAS=18.16; MSAS at inflection=19.43; depression=21.75°; smoothing=5-pt median; dark rows=1099"
isha,2024-05-29,19:54,8,22.3755,114.2707,10.0,Globe at Night Monitoring Network (GaN-MN). Continuous SQM-LE sky brightness data. https://globeatnight.org/gan-mn/. Station registry: http://globeatnight-network.org/,"GaN-MN station AP (Hong Kong Astropark, Sai Kung); photometric inflection method; night median MSAS=20.08; MSAS at inflection=19.19; depression=11.61°; smoothing=5-pt median; dark rows=1096"
fajr,2024-05-30,04:38,8,22.3755,114.2707,10.0,Globe at Night Monitoring Network (GaN-MN). Continuous SQM-LE sky brightness data. https://globeatnight.org/gan-mn/. Station registry: http://globeatnight-network.org/,"GaN-MN station AP (Hong Kong Astropark, Sai Kung); photometric inflection method; night median MSAS=20.08; MSAS at inflection=18.96; depression=13.13°; smoothing=5-pt median; dark rows=1096"
fajr,2024-05-04,03:53,9,37.456,126.9522,80.0,Globe at Night Monitoring Network (GaN-MN). Continuous SQM-LE sky brightness data. https://globeatnight.org/gan-mn/. Station registry: http://globeatnight-network.org/,"GaN-MN station CEOU (Seoul National University, Korea); photometric inflection method; night median MSAS=17.88; MSAS at inflection=18.03; depression=18.15°; smoothing=5-pt median; dark rows=1015"
fajr,2024-05-04,03:44,9,35.8714,128.6014,55.0,Globe at Night Monitoring Network (GaN-MN). Continuous SQM-LE sky brightness data. https://globeatnight.org/gan-mn/. Station registry: http://globeatnight-network.org/,"GaN-MN station DNSM (Daegu National Science Museum, Korea); photometric inflection method; night median MSAS=18.48; MSAS at inflection=18.70; depression=19.58°; smoothing=5-pt median; dark rows=1033"
isha,2024-05-16,21:33,9,35.8714,128.6014,55.0,Globe at Night Monitoring Network (GaN-MN). Continuous SQM-LE sky brightness data. https://globeatnight.org/gan-mn/. Station registry: http://globeatnight-network.org/,"GaN-MN station DNSM (Daegu National Science Museum, Korea); photometric inflection method; night median MSAS=18.36; MSAS at inflection=17.52; depression=21.94°; smoothing=5-pt median; dark rows=981"
fajr,2024-05-02,04:10,2,45.6667,7.5167,1490.0,Globe at Night Monitoring Network (GaN-MN). Continuous SQM-LE sky brightness data. https://globeatnight.org/gan-mn/. Station registry: http://globeatnight-network.org/,"GaN-MN station Dal (Promiod, Aosta Valley, Italy); photometric inflection method; night median MSAS=19.60; MSAS at inflection=19.68; depression=18.59°; smoothing=5-pt median; dark rows=67"
isha,2024-05-03,22:45,2,45.6667,7.5167,1490.0,Globe at Night Monitoring Network (GaN-MN). Continuous SQM-LE sky brightness data. https://globeatnight.org/gan-mn/. Station registry: http://globeatnight-network.org/,"GaN-MN station Dal (Promiod, Aosta Valley, Italy); photometric inflection method; night median MSAS=21.62; MSAS at inflection=19.25; depression=18.32°; smoothing=5-pt median; dark rows=65"
fajr,2024-05-04,04:00,2,45.6667,7.5167,1490.0,Globe at Night Monitoring Network (GaN-MN). Continuous SQM-LE sky brightness data. https://globeatnight.org/gan-mn/. Station registry: http://globeatnight-network.org/,"GaN-MN station Dal (Promiod, Aosta Valley, Italy); photometric inflection method; night median MSAS=21.62; MSAS at inflection=21.71; depression=19.18°; smoothing=5-pt median; dark rows=65"
fajr,2024-05-05,04:05,2,45.6667,7.5167,1490.0,Globe at Night Monitoring Network (GaN-MN). Continuous SQM-LE sky brightness data. https://globeatnight.org/gan-mn/. Station registry: http://globeatnight-network.org/,"GaN-MN station Dal (Promiod, Aosta Valley, Italy); photometric inflection method; night median MSAS=19.74; MSAS at inflection=19.85; depression=18.36°; smoothing=5-pt median; dark rows=65"
fajr,2024-05-06,04:00,2,45.6667,7.5167,1490.0,Globe at Night Monitoring Network (GaN-MN). Continuous SQM-LE sky brightness data. https://globeatnight.org/gan-mn/. Station registry: http://globeatnight-network.org/,"GaN-MN station Dal (Promiod, Aosta Valley, Italy); photometric inflection method; night median MSAS=19.79; MSAS at inflection=19.27; depression=18.66°; smoothing=5-pt median; dark rows=63"
fajr,2024-05-11,03:50,2,45.6667,7.5167,1490.0,Globe at Night Monitoring Network (GaN-MN). Continuous SQM-LE sky brightness data. https://globeatnight.org/gan-mn/. Station registry: http://globeatnight-network.org/,"GaN-MN station Dal (Promiod, Aosta Valley, Italy); photometric inflection method; night median MSAS=20.63; MSAS at inflection=20.73; depression=18.52°; smoothing=5-pt median; dark rows=59"
isha,2024-05-11,23:35,2,45.6667,7.5167,1490.0,Globe at Night Monitoring Network (GaN-MN). Continuous SQM-LE sky brightness data. https://globeatnight.org/gan-mn/. Station registry: http://globeatnight-network.org/,"GaN-MN station Dal (Promiod, Aosta Valley, Italy); photometric inflection method; night median MSAS=20.47; MSAS at inflection=20.74; depression=21.35°; smoothing=5-pt median; dark rows=59"
fajr,2024-05-12,03:35,2,45.6667,7.5167,1490.0,Globe at Night Monitoring Network (GaN-MN). Continuous SQM-LE sky brightness data. https://globeatnight.org/gan-mn/. Station registry: http://globeatnight-network.org/,"GaN-MN station Dal (Promiod, Aosta Valley, Italy); photometric inflection method; night median MSAS=20.47; MSAS at inflection=21.20; depression=19.76°; smoothing=5-pt median; dark rows=59"
isha,2024-05-12,23:25,2,45.6667,7.5167,1490.0,Globe at Night Monitoring Network (GaN-MN). Continuous SQM-LE sky brightness data. https://globeatnight.org/gan-mn/. Station registry: http://globeatnight-network.org/,"GaN-MN station Dal (Promiod, Aosta Valley, Italy); photometric inflection method; night median MSAS=19.67; MSAS at inflection=19.38; depression=20.26°; smoothing=5-pt median; dark rows=57"
fajr,2024-05-13,03:45,2,45.6667,7.5167,1490.0,Globe at Night Monitoring Network (GaN-MN). Continuous SQM-LE sky brightness data. https://globeatnight.org/gan-mn/. Station registry: http://globeatnight-network.org/,"GaN-MN station Dal (Promiod, Aosta Valley, Italy); photometric inflection method; night median MSAS=19.67; MSAS at inflection=19.65; depression=18.56°; smoothing=5-pt median; dark rows=57"
fajr,2024-05-14,03:35,2,45.6667,7.5167,1490.0,Globe at Night Monitoring Network (GaN-MN). Continuous SQM-LE sky brightness data. https://globeatnight.org/gan-mn/. Station registry: http://globeatnight-network.org/,"GaN-MN station Dal (Promiod, Aosta Valley, Italy); photometric inflection method; night median MSAS=20.09; MSAS at inflection=21.35; depression=19.31°; smoothing=5-pt median; dark rows=57"
isha,2024-05-14,23:10,2,45.6667,7.5167,1490.0,Globe at Night Monitoring Network (GaN-MN). Continuous SQM-LE sky brightness data. https://globeatnight.org/gan-mn/. Station registry: http://globeatnight-network.org/,"GaN-MN station Dal (Promiod, Aosta Valley, Italy); photometric inflection method; night median MSAS=19.58; MSAS at inflection=19.26; depression=18.43°; smoothing=5-pt median; dark rows=55"
isha,2024-05-15,23:10,2,45.6667,7.5167,1490.0,Globe at Night Monitoring Network (GaN-MN). Continuous SQM-LE sky brightness data. https://globeatnight.org/gan-mn/. Station registry: http://globeatnight-network.org/,"GaN-MN station Dal (Promiod, Aosta Valley, Italy); photometric inflection method; night median MSAS=19.58; MSAS at inflection=19.21; depression=18.21°; smoothing=5-pt median; dark rows=55"
isha,2024-05-16,23:20,2,45.6667,7.5167,1490.0,Globe at Night Monitoring Network (GaN-MN). Continuous SQM-LE sky brightness data. https://globeatnight.org/gan-mn/. Station registry: http://globeatnight-network.org/,"GaN-MN station Dal (Promiod, Aosta Valley, Italy); photometric inflection method; night median MSAS=20.46; MSAS at inflection=18.84; depression=18.94°; smoothing=5-pt median; dark rows=54"
isha,2024-05-17,23:30,2,45.6667,7.5167,1490.0,Globe at Night Monitoring Network (GaN-MN). Continuous SQM-LE sky brightness data. https://globeatnight.org/gan-mn/. Station registry: http://globeatnight-network.org/,"GaN-MN station Dal (Promiod, Aosta Valley, Italy); photometric inflection method; night median MSAS=18.94; MSAS at inflection=18.29; depression=19.61°; smoothing=5-pt median; dark rows=53"
fajr,2024-05-18,03:35,2,45.6667,7.5167,1490.0,Globe at Night Monitoring Network (GaN-MN). Continuous SQM-LE sky brightness data. https://globeatnight.org/gan-mn/. Station registry: http://globeatnight-network.org/,"GaN-MN station Dal (Promiod, Aosta Valley, Italy); photometric inflection method; night median MSAS=18.94; MSAS at inflection=19.59; depression=18.48°; smoothing=5-pt median; dark rows=53"
isha,2024-05-18,23:20,2,45.6667,7.5167,1490.0,Globe at Night Monitoring Network (GaN-MN). Continuous SQM-LE sky brightness data. https://globeatnight.org/gan-mn/. Station registry: http://globeatnight-network.org/,"GaN-MN station Dal (Promiod, Aosta Valley, Italy); photometric inflection method; night median MSAS=19.54; MSAS at inflection=18.04; depression=18.53°; smoothing=5-pt median; dark rows=52"
fajr,2024-05-19,03:00,2,45.6667,7.5167,1490.0,Globe at Night Monitoring Network (GaN-MN). Continuous SQM-LE sky brightness data. https://globeatnight.org/gan-mn/. Station registry: http://globeatnight-network.org/,"GaN-MN station Dal (Promiod, Aosta Valley, Italy); photometric inflection method; night median MSAS=19.54; MSAS at inflection=20.70; depression=21.13°; smoothing=5-pt median; dark rows=52"
isha,2024-05-19,23:45,2,45.6667,7.5167,1490.0,Globe at Night Monitoring Network (GaN-MN). Continuous SQM-LE sky brightness data. https://globeatnight.org/gan-mn/. Station registry: http://globeatnight-network.org/,"GaN-MN station Dal (Promiod, Aosta Valley, Italy); photometric inflection method; night median MSAS=18.71; MSAS at inflection=18.22; depression=20.40°; smoothing=5-pt median; dark rows=51"
isha,2024-05-20,23:20,2,45.6667,7.5167,1490.0,Globe at Night Monitoring Network (GaN-MN). Continuous SQM-LE sky brightness data. https://globeatnight.org/gan-mn/. Station registry: http://globeatnight-network.org/,"GaN-MN station Dal (Promiod, Aosta Valley, Italy); photometric inflection method; night median MSAS=18.51; MSAS at inflection=18.10; depression=18.14°; smoothing=5-pt median; dark rows=51"
isha,2024-05-21,23:25,2,45.6667,7.5167,1490.0,Globe at Night Monitoring Network (GaN-MN). Continuous SQM-LE sky brightness data. https://globeatnight.org/gan-mn/. Station registry: http://globeatnight-network.org/,"GaN-MN station Dal (Promiod, Aosta Valley, Italy); photometric inflection method; night median MSAS=18.50; MSAS at inflection=17.88; depression=18.39°; smoothing=5-pt median; dark rows=50"
isha,2024-05-22,23:30,2,45.6667,7.5167,1490.0,Globe at Night Monitoring Network (GaN-MN). Continuous SQM-LE sky brightness data. https://globeatnight.org/gan-mn/. Station registry: http://globeatnight-network.org/,"GaN-MN station Dal (Promiod, Aosta Valley, Italy); photometric inflection method; night median MSAS=18.43; MSAS at inflection=18.18; depression=18.63°; smoothing=5-pt median; dark rows=49"
fajr,2024-05-23,03:25,2,45.6667,7.5167,1490.0,Globe at Night Monitoring Network (GaN-MN). Continuous SQM-LE sky brightness data. https://globeatnight.org/gan-mn/. Station registry: http://globeatnight-network.org/,"GaN-MN station Dal (Promiod, Aosta Valley, Italy); photometric inflection method; night median MSAS=18.43; MSAS at inflection=18.48; depression=18.45°; smoothing=5-pt median; dark rows=49"
isha,2024-05-24,23:30,2,45.6667,7.5167,1490.0,Globe at Night Monitoring Network (GaN-MN). Continuous SQM-LE sky brightness data. https://globeatnight.org/gan-mn/. Station registry: http://globeatnight-network.org/,"GaN-MN station Dal (Promiod, Aosta Valley, Italy); photometric inflection method; night median MSAS=18.79; MSAS at inflection=20.11; depression=18.27°; smoothing=5-pt median; dark rows=47"
fajr,2024-05-26,03:10,2,45.6667,7.5167,1490.0,Globe at Night Monitoring Network (GaN-MN). Continuous SQM-LE sky brightness data. https://globeatnight.org/gan-mn/. Station registry: http://globeatnight-network.org/,"GaN-MN station Dal (Promiod, Aosta Valley, Italy); photometric inflection method; night median MSAS=19.92; MSAS at inflection=19.20; depression=19.17°; smoothing=5-pt median; dark rows=47"
fajr,2024-05-27,03:20,2,45.6667,7.5167,1490.0,Globe at Night Monitoring Network (GaN-MN). Continuous SQM-LE sky brightness data. https://globeatnight.org/gan-mn/. Station registry: http://globeatnight-network.org/,"GaN-MN station Dal (Promiod, Aosta Valley, Italy); photometric inflection method; night median MSAS=19.27; MSAS at inflection=19.19; depression=18.24°; smoothing=5-pt median; dark rows=44"
isha,2024-05-27,23:35,2,45.6667,7.5167,1490.0,Globe at Night Monitoring Network (GaN-MN). Continuous SQM-LE sky brightness data. https://globeatnight.org/gan-mn/. Station registry: http://globeatnight-network.org/,"GaN-MN station Dal (Promiod, Aosta Valley, Italy); photometric inflection method; night median MSAS=21.37; MSAS at inflection=21.50; depression=18.18°; smoothing=5-pt median; dark rows=45"
fajr,2024-05-28,03:15,2,45.6667,7.5167,1490.0,Globe at Night Monitoring Network (GaN-MN). Continuous SQM-LE sky brightness data. https://globeatnight.org/gan-mn/. Station registry: http://globeatnight-network.org/,"GaN-MN station Dal (Promiod, Aosta Valley, Italy); photometric inflection method; night median MSAS=21.37; MSAS at inflection=20.49; depression=18.49°; smoothing=5-pt median; dark rows=45"
fajr,2024-05-29,03:15,2,45.6667,7.5167,1490.0,Globe at Night Monitoring Network (GaN-MN). Continuous SQM-LE sky brightness data. https://globeatnight.org/gan-mn/. Station registry: http://globeatnight-network.org/,"GaN-MN station Dal (Promiod, Aosta Valley, Italy); photometric inflection method; night median MSAS=20.19; MSAS at inflection=19.86; depression=18.36°; smoothing=5-pt median; dark rows=44"
isha,2024-05-29,23:45,2,45.6667,7.5167,1490.0,Globe at Night Monitoring Network (GaN-MN). Continuous SQM-LE sky brightness data. https://globeatnight.org/gan-mn/. Station registry: http://globeatnight-network.org/,"GaN-MN station Dal (Promiod, Aosta Valley, Italy); photometric inflection method; night median MSAS=20.43; MSAS at inflection=20.34; depression=18.64°; smoothing=5-pt median; dark rows=44"
fajr,2024-05-30,03:15,2,45.6667,7.5167,1490.0,Globe at Night Monitoring Network (GaN-MN). Continuous SQM-LE sky brightness data. https://globeatnight.org/gan-mn/. Station registry: http://globeatnight-network.org/,"GaN-MN station Dal (Promiod, Aosta Valley, Italy); photometric inflection method; night median MSAS=20.43; MSAS at inflection=19.72; depression=18.22°; smoothing=5-pt median; dark rows=44"
isha,2024-05-31,00:45,2,45.6667,7.5167,1490.0,Globe at Night Monitoring Network (GaN-MN). Continuous SQM-LE sky brightness data. https://globeatnight.org/gan-mn/. Station registry: http://globeatnight-network.org/,"GaN-MN station Dal (Promiod, Aosta Valley, Italy); photometric inflection method; night median MSAS=21.54; MSAS at inflection=21.56; depression=21.70°; smoothing=5-pt median; dark rows=28"
fajr,2024-05-06,05:06,8,22.4924,114.1393,20.0,Globe at Night Monitoring Network (GaN-MN). Continuous SQM-LE sky brightness data. https://globeatnight.org/gan-mn/. Station registry: http://globeatnight-network.org/,"GaN-MN station FKYC (Fanling, Hong Kong); photometric inflection method; night median MSAS=18.17; MSAS at inflection=17.56; depression=9.86°; smoothing=5-pt median; dark rows=1142"
isha,2024-05-01,20:16,8,22.3719,114.1133,80.0,Globe at Night Monitoring Network (GaN-MN). Continuous SQM-LE sky brightness data. https://globeatnight.org/gan-mn/. Station registry: http://globeatnight-network.org/,"GaN-MN station HKn (Ho Koon, Tsuen Wan, Hong Kong); photometric inflection method; night median MSAS=18.13; MSAS at inflection=16.08; depression=19.31°; smoothing=5-pt median; dark rows=1153"
fajr,2024-05-02,04:51,8,22.3719,114.1133,80.0,Globe at Night Monitoring Network (GaN-MN). Continuous SQM-LE sky brightness data. https://globeatnight.org/gan-mn/. Station registry: http://globeatnight-network.org/,"GaN-MN station HKn (Ho Koon, Tsuen Wan, Hong Kong); photometric inflection method; night median MSAS=18.13; MSAS at inflection=18.12; depression=13.74°; smoothing=5-pt median; dark rows=1153"
isha,2024-05-06,19:26,8,22.3719,114.1133,80.0,Globe at Night Monitoring Network (GaN-MN). Continuous SQM-LE sky brightness data. https://globeatnight.org/gan-mn/. Station registry: http://globeatnight-network.org/,"GaN-MN station HKn (Ho Koon, Tsuen Wan, Hong Kong); photometric inflection method; night median MSAS=17.58; MSAS at inflection=16.75; depression=8.27°; smoothing=5-pt median; dark rows=1140"
isha,2024-05-07,19:27,8,22.3719,114.1133,80.0,Globe at Night Monitoring Network (GaN-MN). Continuous SQM-LE sky brightness data. https://globeatnight.org/gan-mn/. Station registry: http://globeatnight-network.org/,"GaN-MN station HKn (Ho Koon, Tsuen Wan, Hong Kong); photometric inflection method; night median MSAS=18.25; MSAS at inflection=17.11; depression=8.27°; smoothing=5-pt median; dark rows=1138"
isha,2024-05-09,19:33,8,22.3719,114.1133,80.0,Globe at Night Monitoring Network (GaN-MN). Continuous SQM-LE sky brightness data. https://globeatnight.org/gan-mn/. Station registry: http://globeatnight-network.org/,"GaN-MN station HKn (Ho Koon, Tsuen Wan, Hong Kong); photometric inflection method; night median MSAS=17.68; MSAS at inflection=16.63; depression=9.33°; smoothing=5-pt median; dark rows=1134"
isha,2024-05-11,19:50,8,22.3719,114.1133,80.0,Globe at Night Monitoring Network (GaN-MN). Continuous SQM-LE sky brightness data. https://globeatnight.org/gan-mn/. Station registry: http://globeatnight-network.org/,"GaN-MN station HKn (Ho Koon, Tsuen Wan, Hong Kong); photometric inflection method; night median MSAS=18.17; MSAS at inflection=18.51; depression=12.77°; smoothing=5-pt median; dark rows=1129"
isha,2024-05-14,19:36,8,22.3719,114.1133,80.0,Globe at Night Monitoring Network (GaN-MN). Continuous SQM-LE sky brightness data. https://globeatnight.org/gan-mn/. Station registry: http://globeatnight-network.org/,"GaN-MN station HKn (Ho Koon, Tsuen Wan, Hong Kong); photometric inflection method; night median MSAS=18.93; MSAS at inflection=17.17; depression=9.39°; smoothing=5-pt median; dark rows=1123"
fajr,2024-05-15,04:53,8,22.3719,114.1133,80.0,Globe at Night Monitoring Network (GaN-MN). Continuous SQM-LE sky brightness data. https://globeatnight.org/gan-mn/. Station registry: http://globeatnight-network.org/,"GaN-MN station HKn (Ho Koon, Tsuen Wan, Hong Kong); photometric inflection method; night median MSAS=18.93; MSAS at inflection=19.06; depression=11.54°; smoothing=5-pt median; dark rows=1123"
isha,2024-05-16,20:34,8,22.3719,114.1133,80.0,Globe at Night Monitoring Network (GaN-MN). Continuous SQM-LE sky brightness data. https://globeatnight.org/gan-mn/. Station registry: http://globeatnight-network.org/,"GaN-MN station HKn (Ho Koon, Tsuen Wan, Hong Kong); photometric inflection method; night median MSAS=18.69; MSAS at inflection=16.90; depression=20.91°; smoothing=5-pt median; dark rows=1119"
isha,2024-05-01,20:02,8,24.1488,121.3239,2800.0,Globe at Night Monitoring Network (GaN-MN). Continuous SQM-LE sky brightness data. https://globeatnight.org/gan-mn/. Station registry: http://globeatnight-network.org/,"GaN-MN station Heh (Taroko National Park, Taiwan); photometric inflection method; night median MSAS=20.87; MSAS at inflection=21.66; depression=21.53°; smoothing=5-pt median; dark rows=1141"
fajr,2024-05-02,04:00,8,24.1488,121.3239,2800.0,Globe at Night Monitoring Network (GaN-MN). Continuous SQM-LE sky brightness data. https://globeatnight.org/gan-mn/. Station registry: http://globeatnight-network.org/,"GaN-MN station Heh (Taroko National Park, Taiwan); photometric inflection method; night median MSAS=20.87; MSAS at inflection=20.06; depression=17.46°; smoothing=5-pt median; dark rows=1141"
isha,2024-05-08,19:52,8,24.1488,121.3239,2800.0,Globe at Night Monitoring Network (GaN-MN). Continuous SQM-LE sky brightness data. https://globeatnight.org/gan-mn/. Station registry: http://globeatnight-network.org/,"GaN-MN station Heh (Taroko National Park, Taiwan); photometric inflection method; night median MSAS=21.12; MSAS at inflection=20.12; depression=18.48°; smoothing=5-pt median; dark rows=1123"
isha,2024-05-10,19:31,8,24.1488,121.3239,2800.0,Globe at Night Monitoring Network (GaN-MN). Continuous SQM-LE sky brightness data. https://globeatnight.org/gan-mn/. Station registry: http://globeatnight-network.org/,"GaN-MN station Heh (Taroko National Park, Taiwan); photometric inflection method; night median MSAS=21.31; MSAS at inflection=20.97; depression=14.17°; smoothing=5-pt median; dark rows=1117"
isha,2024-05-12,19:07,8,24.1488,121.3239,2800.0,Globe at Night Monitoring Network (GaN-MN). Continuous SQM-LE sky brightness data. https://globeatnight.org/gan-mn/. Station registry: http://globeatnight-network.org/,"GaN-MN station Heh (Taroko National Park, Taiwan); photometric inflection method; night median MSAS=21.15; MSAS at inflection=19.47; depression=8.83°; smoothing=5-pt median; dark rows=1113"
fajr,2024-05-13,04:22,8,24.1488,121.3239,2800.0,Globe at Night Monitoring Network (GaN-MN). Continuous SQM-LE sky brightness data. https://globeatnight.org/gan-mn/. Station registry: http://globeatnight-network.org/,"GaN-MN station Heh (Taroko National Park, Taiwan); photometric inflection method; night median MSAS=21.15; MSAS at inflection=19.71; depression=11.35°; smoothing=5-pt median; dark rows=1113"
isha,2024-05-13,19:46,8,24.1488,121.3239,2800.0,Globe at Night Monitoring Network (GaN-MN). Continuous SQM-LE sky brightness data. https://globeatnight.org/gan-mn/. Station registry: http://globeatnight-network.org/,"GaN-MN station Heh (Taroko National Park, Taiwan); photometric inflection method; night median MSAS=20.67; MSAS at inflection=19.90; depression=16.61°; smoothing=5-pt median; dark rows=1110"
isha,2024-05-14,19:18,8,24.1488,121.3239,2800.0,Globe at Night Monitoring Network (GaN-MN). Continuous SQM-LE sky brightness data. https://globeatnight.org/gan-mn/. Station registry: http://globeatnight-network.org/,"GaN-MN station Heh (Taroko National Park, Taiwan); photometric inflection method; night median MSAS=20.96; MSAS at inflection=18.52; depression=10.96°; smoothing=5-pt median; dark rows=1108"
fajr,2024-05-16,03:36,8,24.1488,121.3239,2800.0,Globe at Night Monitoring Network (GaN-MN). Continuous SQM-LE sky brightness data. https://globeatnight.org/gan-mn/. Station registry: http://globeatnight-network.org/,"GaN-MN station Heh (Taroko National Park, Taiwan); photometric inflection method; night median MSAS=20.88; MSAS at inflection=21.23; depression=20.15°; smoothing=5-pt median; dark rows=1106"
fajr,2024-05-18,04:25,8,24.1488,121.3239,2800.0,Globe at Night Monitoring Network (GaN-MN). Continuous SQM-LE sky brightness data. https://globeatnight.org/gan-mn/. Station registry: http://globeatnight-network.org/,"GaN-MN station Heh (Taroko National Park, Taiwan); photometric inflection method; night median MSAS=19.30; MSAS at inflection=18.43; depression=10.15°; smoothing=5-pt median; dark rows=1102"
isha,2024-05-18,19:23,8,24.1488,121.3239,2800.0,Globe at Night Monitoring Network (GaN-MN). Continuous SQM-LE sky brightness data. https://globeatnight.org/gan-mn/. Station registry: http://globeatnight-network.org/,"GaN-MN station Heh (Taroko National Park, Taiwan); photometric inflection method; night median MSAS=19.03; MSAS at inflection=17.05; depression=11.44°; smoothing=5-pt median; dark rows=1100"
isha,2024-05-19,19:48,8,24.1488,121.3239,2800.0,Globe at Night Monitoring Network (GaN-MN). Continuous SQM-LE sky brightness data. https://globeatnight.org/gan-mn/. Station registry: http://globeatnight-network.org/,"GaN-MN station Heh (Taroko National Park, Taiwan); photometric inflection method; night median MSAS=18.11; MSAS at inflection=17.21; depression=16.38°; smoothing=5-pt median; dark rows=1098"
isha,2024-05-20,19:13,8,24.1488,121.3239,2800.0,Globe at Night Monitoring Network (GaN-MN). Continuous SQM-LE sky brightness data. https://globeatnight.org/gan-mn/. Station registry: http://globeatnight-network.org/,"GaN-MN station Heh (Taroko National Park, Taiwan); photometric inflection method; night median MSAS=17.79; MSAS at inflection=17.35; depression=9.20°; smoothing=5-pt median; dark rows=1096"
isha,2024-05-21,19:49,8,24.1488,121.3239,2800.0,Globe at Night Monitoring Network (GaN-MN). Continuous SQM-LE sky brightness data. https://globeatnight.org/gan-mn/. Station registry: http://globeatnight-network.org/,"GaN-MN station Heh (Taroko National Park, Taiwan); photometric inflection method; night median MSAS=18.45; MSAS at inflection=18.35; depression=16.23°; smoothing=5-pt median; dark rows=1092"
fajr,2024-05-22,04:34,8,24.1488,121.3239,2800.0,Globe at Night Monitoring Network (GaN-MN). Continuous SQM-LE sky brightness data. https://globeatnight.org/gan-mn/. Station registry: http://globeatnight-network.org/,"GaN-MN station Heh (Taroko National Park, Taiwan); photometric inflection method; night median MSAS=18.45; MSAS at inflection=16.82; depression=7.98°; smoothing=5-pt median; dark rows=1092"
isha,2024-05-22,20:03,8,24.1488,121.3239,2800.0,Globe at Night Monitoring Network (GaN-MN). Continuous SQM-LE sky brightness data. https://globeatnight.org/gan-mn/. Station registry: http://globeatnight-network.org/,"GaN-MN station Heh (Taroko National Park, Taiwan); photometric inflection method; night median MSAS=17.59; MSAS at inflection=18.16; depression=18.88°; smoothing=5-pt median; dark rows=1081"
fajr,2024-05-23,03:57,8,24.1488,121.3239,2800.0,Globe at Night Monitoring Network (GaN-MN). Continuous SQM-LE sky brightness data. https://globeatnight.org/gan-mn/. Station registry: http://globeatnight-network.org/,"GaN-MN station Heh (Taroko National Park, Taiwan); photometric inflection method; night median MSAS=17.59; MSAS at inflection=19.50; depression=15.18°; smoothing=5-pt median; dark rows=1081"
isha,2024-05-23,19:58,8,24.1488,121.3239,2800.0,Globe at Night Monitoring Network (GaN-MN). Continuous SQM-LE sky brightness data. https://globeatnight.org/gan-mn/. Station registry: http://globeatnight-network.org/,"GaN-MN station Heh (Taroko National Park, Taiwan); photometric inflection method; night median MSAS=17.55; MSAS at inflection=17.99; depression=17.71°; smoothing=5-pt median; dark rows=1088"
fajr,2024-05-24,03:47,8,24.1488,121.3239,2800.0,Globe at Night Monitoring Network (GaN-MN). Continuous SQM-LE sky brightness data. https://globeatnight.org/gan-mn/. Station registry: http://globeatnight-network.org/,"GaN-MN station Heh (Taroko National Park, Taiwan); photometric inflection method; night median MSAS=17.55; MSAS at inflection=18.30; depression=17.02°; smoothing=5-pt median; dark rows=1088"
isha,2024-05-24,19:15,8,24.1488,121.3239,2800.0,Globe at Night Monitoring Network (GaN-MN). Continuous SQM-LE sky brightness data. https://globeatnight.org/gan-mn/. Station registry: http://globeatnight-network.org/,"GaN-MN station Heh (Taroko National Park, Taiwan); photometric inflection method; night median MSAS=18.06; MSAS at inflection=18.54; depression=9.21°; smoothing=5-pt median; dark rows=1088"
fajr,2024-05-25,04:31,8,24.1488,121.3239,2800.0,Globe at Night Monitoring Network (GaN-MN). Continuous SQM-LE sky brightness data. https://globeatnight.org/gan-mn/. Station registry: http://globeatnight-network.org/,"GaN-MN station Heh (Taroko National Park, Taiwan); photometric inflection method; night median MSAS=18.06; MSAS at inflection=16.41; depression=8.31°; smoothing=5-pt median; dark rows=1088"
fajr,2024-05-26,04:34,8,24.1488,121.3239,2800.0,Globe at Night Monitoring Network (GaN-MN). Continuous SQM-LE sky brightness data. https://globeatnight.org/gan-mn/. Station registry: http://globeatnight-network.org/,"GaN-MN station Heh (Taroko National Park, Taiwan); photometric inflection method; night median MSAS=18.29; MSAS at inflection=16.20; depression=7.72°; smoothing=5-pt median; dark rows=1086"
isha,2024-05-26,19:30,8,24.1488,121.3239,2800.0,Globe at Night Monitoring Network (GaN-MN). Continuous SQM-LE sky brightness data. https://globeatnight.org/gan-mn/. Station registry: http://globeatnight-network.org/,"GaN-MN station Heh (Taroko National Park, Taiwan); photometric inflection method; night median MSAS=19.64; MSAS at inflection=19.87; depression=11.89°; smoothing=5-pt median; dark rows=1084"
isha,2024-05-27,19:26,8,24.1488,121.3239,2800.0,Globe at Night Monitoring Network (GaN-MN). Continuous SQM-LE sky brightness data. https://globeatnight.org/gan-mn/. Station registry: http://globeatnight-network.org/,"GaN-MN station Heh (Taroko National Park, Taiwan); photometric inflection method; night median MSAS=19.63; MSAS at inflection=20.36; depression=10.99°; smoothing=5-pt median; dark rows=1082"
fajr,2024-05-28,04:02,8,24.1488,121.3239,2800.0,Globe at Night Monitoring Network (GaN-MN). Continuous SQM-LE sky brightness data. https://globeatnight.org/gan-mn/. Station registry: http://globeatnight-network.org/,"GaN-MN station Heh (Taroko National Park, Taiwan); photometric inflection method; night median MSAS=19.63; MSAS at inflection=18.06; depression=13.96°; smoothing=5-pt median; dark rows=1082"
isha,2024-05-29,19:52,8,24.1488,121.3239,2800.0,Globe at Night Monitoring Network (GaN-MN). Continuous SQM-LE sky brightness data. https://globeatnight.org/gan-mn/. Station registry: http://globeatnight-network.org/,"GaN-MN station Heh (Taroko National Park, Taiwan); photometric inflection method; night median MSAS=20.29; MSAS at inflection=21.17; depression=15.93°; smoothing=5-pt median; dark rows=1079"
fajr,2024-05-30,03:43,8,24.1488,121.3239,2800.0,Globe at Night Monitoring Network (GaN-MN). Continuous SQM-LE sky brightness data. https://globeatnight.org/gan-mn/. Station registry: http://globeatnight-network.org/,"GaN-MN station Heh (Taroko National Park, Taiwan); photometric inflection method; night median MSAS=20.29; MSAS at inflection=19.23; depression=17.36°; smoothing=5-pt median; dark rows=1079"
fajr,2024-05-31,03:46,8,24.1488,121.3239,2800.0,Globe at Night Monitoring Network (GaN-MN). Continuous SQM-LE sky brightness data. https://globeatnight.org/gan-mn/. Station registry: http://globeatnight-network.org/,"GaN-MN station Heh (Taroko National Park, Taiwan); photometric inflection method; night median MSAS=20.85; MSAS at inflection=18.62; depression=16.85°; smoothing=5-pt median; dark rows=1077"
fajr,2024-05-05,04:48,7,18.549,98.487,2565.0,Globe at Night Monitoring Network (GaN-MN). Continuous SQM-LE sky brightness data. https://globeatnight.org/gan-mn/. Station registry: http://globeatnight-network.org/,"GaN-MN station ISTC (Inthanon Mountain, Thailand); photometric inflection method; night median MSAS=18.97; MSAS at inflection=19.24; depression=15.92°; smoothing=5-pt median; dark rows=1172"
isha,2024-05-08,01:12,2,59.0028,16.2068,50.0,Globe at Night Monitoring Network (GaN-MN). Continuous SQM-LE sky brightness data. https://globeatnight.org/gan-mn/. Station registry: http://globeatnight-network.org/,"GaN-MN station KO (Kolstugan Observatory, Katrineholm, Sweden); photometric inflection method; night median MSAS=19.96; MSAS at inflection=20.18; depression=13.73°; smoothing=5-pt median; dark rows=479"
fajr,2024-05-09,02:44,2,59.0028,16.2068,50.0,Globe at Night Monitoring Network (GaN-MN). Continuous SQM-LE sky brightness data. https://globeatnight.org/gan-mn/. Station registry: http://globeatnight-network.org/,"GaN-MN station KO (Kolstugan Observatory, Katrineholm, Sweden); photometric inflection method; night median MSAS=20.23; MSAS at inflection=18.53; depression=10.12°; smoothing=5-pt median; dark rows=462"
fajr,2024-05-11,02:13,2,59.0028,16.2068,50.0,Globe at Night Monitoring Network (GaN-MN). Continuous SQM-LE sky brightness data. https://globeatnight.org/gan-mn/. Station registry: http://globeatnight-network.org/,"GaN-MN station KO (Kolstugan Observatory, Katrineholm, Sweden); photometric inflection method; night median MSAS=18.21; MSAS at inflection=17.48; depression=11.24°; smoothing=5-pt median; dark rows=427"
fajr,2024-05-12,02:43,2,59.0028,16.2068,50.0,Globe at Night Monitoring Network (GaN-MN). Continuous SQM-LE sky brightness data. https://globeatnight.org/gan-mn/. Station registry: http://globeatnight-network.org/,"GaN-MN station KO (Kolstugan Observatory, Katrineholm, Sweden); photometric inflection method; night median MSAS=19.52; MSAS at inflection=17.15; depression=9.46°; smoothing=5-pt median; dark rows=408"
fajr,2024-05-14,01:59,2,59.0028,16.2068,50.0,Globe at Night Monitoring Network (GaN-MN). Continuous SQM-LE sky brightness data. https://globeatnight.org/gan-mn/. Station registry: http://globeatnight-network.org/,"GaN-MN station KO (Kolstugan Observatory, Katrineholm, Sweden); photometric inflection method; night median MSAS=19.31; MSAS at inflection=18.78; depression=11.06°; smoothing=5-pt median; dark rows=372"
isha,2024-05-14,23:31,2,59.0028,16.2068,50.0,Globe at Night Monitoring Network (GaN-MN). Continuous SQM-LE sky brightness data. https://globeatnight.org/gan-mn/. Station registry: http://globeatnight-network.org/,"GaN-MN station KO (Kolstugan Observatory, Katrineholm, Sweden); photometric inflection method; night median MSAS=18.78; MSAS at inflection=17.95; depression=10.39°; smoothing=5-pt median; dark rows=353"
isha,2024-05-16,23:28,2,59.0028,16.2068,50.0,Globe at Night Monitoring Network (GaN-MN). Continuous SQM-LE sky brightness data. https://globeatnight.org/gan-mn/. Station registry: http://globeatnight-network.org/,"GaN-MN station KO (Kolstugan Observatory, Katrineholm, Sweden); photometric inflection method; night median MSAS=18.73; MSAS at inflection=17.56; depression=9.80°; smoothing=5-pt median; dark rows=311"
fajr,2024-05-19,01:03,2,59.0028,16.2068,50.0,Globe at Night Monitoring Network (GaN-MN). Continuous SQM-LE sky brightness data. https://globeatnight.org/gan-mn/. Station registry: http://globeatnight-network.org/,"GaN-MN station KO (Kolstugan Observatory, Katrineholm, Sweden); photometric inflection method; night median MSAS=18.38; MSAS at inflection=18.56; depression=11.14°; smoothing=5-pt median; dark rows=266"
fajr,2024-05-23,02:15,2,59.0028,16.2068,50.0,Globe at Night Monitoring Network (GaN-MN). Continuous SQM-LE sky brightness data. https://globeatnight.org/gan-mn/. Station registry: http://globeatnight-network.org/,"GaN-MN station KO (Kolstugan Observatory, Katrineholm, Sweden); photometric inflection method; night median MSAS=17.88; MSAS at inflection=16.30; depression=8.50°; smoothing=5-pt median; dark rows=150"
fajr,2024-05-02,04:29,8,22.4958,114.0322,3.0,Globe at Night Monitoring Network (GaN-MN). Continuous SQM-LE sky brightness data. https://globeatnight.org/gan-mn/. Station registry: http://globeatnight-network.org/,"GaN-MN station MP (Mai Po Nature Reserve, Hong Kong); photometric inflection method; night median MSAS=17.58; MSAS at inflection=17.98; depression=18.23°; smoothing=5-pt median; dark rows=1152"
fajr,2024-05-15,05:07,8,22.4958,114.0322,3.0,Globe at Night Monitoring Network (GaN-MN). Continuous SQM-LE sky brightness data. https://globeatnight.org/gan-mn/. Station registry: http://globeatnight-network.org/,"GaN-MN station MP (Mai Po Nature Reserve, Hong Kong); photometric inflection method; night median MSAS=18.09; MSAS at inflection=16.56; depression=8.52°; smoothing=5-pt median; dark rows=1122"
isha,2024-05-15,19:45,8,22.4958,114.0322,3.0,Globe at Night Monitoring Network (GaN-MN). Continuous SQM-LE sky brightness data. https://globeatnight.org/gan-mn/. Station registry: http://globeatnight-network.org/,"GaN-MN station MP (Mai Po Nature Reserve, Hong Kong); photometric inflection method; night median MSAS=17.89; MSAS at inflection=16.06; depression=11.04°; smoothing=5-pt median; dark rows=1120"
isha,2024-05-03,19:16,2,-24.9667,15.95,1250.0,Globe at Night Monitoring Network (GaN-MN). Continuous SQM-LE sky brightness data. https://globeatnight.org/gan-mn/. Station registry: http://globeatnight-network.org/,"GaN-MN station Nrnr (NamibRand Nature Reserve, Namibia); photometric inflection method; night median MSAS=22.05; MSAS at inflection=19.67; depression=11.77°; smoothing=5-pt median; dark rows=138"
isha,2024-05-21,18:50,2,-24.9667,15.95,1250.0,Globe at Night Monitoring Network (GaN-MN). Continuous SQM-LE sky brightness data. https://globeatnight.org/gan-mn/. Station registry: http://globeatnight-network.org/,"GaN-MN station Nrnr (NamibRand Nature Reserve, Namibia); photometric inflection method; night median MSAS=18.07; MSAS at inflection=15.84; depression=8.02°; smoothing=5-pt median; dark rows=141"
fajr,2024-05-23,06:55,2,-24.9667,15.95,1250.0,Globe at Night Monitoring Network (GaN-MN). Continuous SQM-LE sky brightness data. https://globeatnight.org/gan-mn/. Station registry: http://globeatnight-network.org/,"GaN-MN station Nrnr (NamibRand Nature Reserve, Namibia); photometric inflection method; night median MSAS=17.73; MSAS at inflection=15.78; depression=7.94°; smoothing=5-pt median; dark rows=142"
fajr,2024-05-24,06:35,2,-24.9667,15.95,1250.0,Globe at Night Monitoring Network (GaN-MN). Continuous SQM-LE sky brightness data. https://globeatnight.org/gan-mn/. Station registry: http://globeatnight-network.org/,"GaN-MN station Nrnr (NamibRand Nature Reserve, Namibia); photometric inflection method; night median MSAS=17.59; MSAS at inflection=18.88; depression=12.33°; smoothing=5-pt median; dark rows=141"
isha,2024-05-24,18:51,2,-24.9667,15.95,1250.0,Globe at Night Monitoring Network (GaN-MN). Continuous SQM-LE sky brightness data. https://globeatnight.org/gan-mn/. Station registry: http://globeatnight-network.org/,"GaN-MN station Nrnr (NamibRand Nature Reserve, Namibia); photometric inflection method; night median MSAS=17.95; MSAS at inflection=16.27; depression=8.26°; smoothing=5-pt median; dark rows=141"
isha,2024-05-25,19:06,2,-24.9667,15.95,1250.0,Globe at Night Monitoring Network (GaN-MN). Continuous SQM-LE sky brightness data. https://globeatnight.org/gan-mn/. Station registry: http://globeatnight-network.org/,"GaN-MN station Nrnr (NamibRand Nature Reserve, Namibia); photometric inflection method; night median MSAS=18.28; MSAS at inflection=19.53; depression=11.50°; smoothing=5-pt median; dark rows=140"
isha,2024-05-26,18:51,2,-24.9667,15.95,1250.0,Globe at Night Monitoring Network (GaN-MN). Continuous SQM-LE sky brightness data. https://globeatnight.org/gan-mn/. Station registry: http://globeatnight-network.org/,"GaN-MN station Nrnr (NamibRand Nature Reserve, Namibia); photometric inflection method; night median MSAS=18.76; MSAS at inflection=16.40; depression=8.34°; smoothing=5-pt median; dark rows=142"
fajr,2024-05-27,06:51,2,-24.9667,15.95,1250.0,Globe at Night Monitoring Network (GaN-MN). Continuous SQM-LE sky brightness data. https://globeatnight.org/gan-mn/. Station registry: http://globeatnight-network.org/,"GaN-MN station Nrnr (NamibRand Nature Reserve, Namibia); photometric inflection method; night median MSAS=18.76; MSAS at inflection=16.99; depression=9.34°; smoothing=5-pt median; dark rows=142"
isha,2024-05-27,19:21,2,-24.9667,15.95,1250.0,Globe at Night Monitoring Network (GaN-MN). Continuous SQM-LE sky brightness data. https://globeatnight.org/gan-mn/. Station registry: http://globeatnight-network.org/,"GaN-MN station Nrnr (NamibRand Nature Reserve, Namibia); photometric inflection method; night median MSAS=19.55; MSAS at inflection=21.80; depression=14.85°; smoothing=5-pt median; dark rows=142"
isha,2024-05-28,19:06,2,-24.9667,15.95,1250.0,Globe at Night Monitoring Network (GaN-MN). Continuous SQM-LE sky brightness data. https://globeatnight.org/gan-mn/. Station registry: http://globeatnight-network.org/,"GaN-MN station Nrnr (NamibRand Nature Reserve, Namibia); photometric inflection method; night median MSAS=20.37; MSAS at inflection=19.67; depression=11.65°; smoothing=5-pt median; dark rows=142"
fajr,2024-05-12,06:33,12,-45.0966,170.9694,30.0,Globe at Night Monitoring Network (GaN-MN). Continuous SQM-LE sky brightness data. https://globeatnight.org/gan-mn/. Station registry: http://globeatnight-network.org/,"GaN-MN station Oam (Oamaru, South Island, New Zealand); photometric inflection method; night median MSAS=19.60; MSAS at inflection=19.57; depression=12.66°; smoothing=5-pt median; dark rows=1503"
isha,2024-05-17,19:12,12,-45.0966,170.9694,30.0,Globe at Night Monitoring Network (GaN-MN). Continuous SQM-LE sky brightness data. https://globeatnight.org/gan-mn/. Station registry: http://globeatnight-network.org/,"GaN-MN station Oam (Oamaru, South Island, New Zealand); photometric inflection method; night median MSAS=20.05; MSAS at inflection=19.55; depression=20.50°; smoothing=5-pt median; dark rows=1526"
fajr,2024-05-01,04:51,-3,-22.2803,-46.3647,870.0,Globe at Night Monitoring Network (GaN-MN). Continuous SQM-LE sky brightness data. https://globeatnight.org/gan-mn/. Station registry: http://globeatnight-network.org/,"GaN-MN station PAOF (Ouro Fino, MG, Brazil); photometric inflection method; night median MSAS=20.84; MSAS at inflection=18.75; depression=21.79°; smoothing=5-pt median; dark rows=649"
isha,2024-05-02,18:39,-3,-22.2803,-46.3647,870.0,Globe at Night Monitoring Network (GaN-MN). Continuous SQM-LE sky brightness data. https://globeatnight.org/gan-mn/. Station registry: http://globeatnight-network.org/,"GaN-MN station PAOF (Ouro Fino, MG, Brazil); photometric inflection method; night median MSAS=21.32; MSAS at inflection=20.85; depression=14.37°; smoothing=5-pt median; dark rows=844"
fajr,2024-05-06,05:15,-3,-22.2803,-46.3647,870.0,Globe at Night Monitoring Network (GaN-MN). Continuous SQM-LE sky brightness data. https://globeatnight.org/gan-mn/. Station registry: http://globeatnight-network.org/,"GaN-MN station PAOF (Ouro Fino, MG, Brazil); photometric inflection method; night median MSAS=21.38; MSAS at inflection=21.22; depression=16.79°; smoothing=5-pt median; dark rows=847"
isha,2024-05-08,18:25,-3,-22.2803,-46.3647,870.0,Globe at Night Monitoring Network (GaN-MN). Continuous SQM-LE sky brightness data. https://globeatnight.org/gan-mn/. Station registry: http://globeatnight-network.org/,"GaN-MN station PAOF (Ouro Fino, MG, Brazil); photometric inflection method; night median MSAS=21.24; MSAS at inflection=19.06; depression=11.81°; smoothing=5-pt median; dark rows=854"
fajr,2024-05-09,05:32,-3,-22.2803,-46.3647,870.0,Globe at Night Monitoring Network (GaN-MN). Continuous SQM-LE sky brightness data. https://globeatnight.org/gan-mn/. Station registry: http://globeatnight-network.org/,"GaN-MN station PAOF (Ouro Fino, MG, Brazil); photometric inflection method; night median MSAS=21.24; MSAS at inflection=20.56; depression=13.18°; smoothing=5-pt median; dark rows=854"
isha,2024-05-09,18:32,-3,-22.2803,-46.3647,870.0,Globe at Night Monitoring Network (GaN-MN). Continuous SQM-LE sky brightness data. https://globeatnight.org/gan-mn/. Station registry: http://globeatnight-network.org/,"GaN-MN station PAOF (Ouro Fino, MG, Brazil); photometric inflection method; night median MSAS=21.23; MSAS at inflection=19.74; depression=13.45°; smoothing=5-pt median; dark rows=856"
fajr,2024-05-10,05:42,-3,-22.2803,-46.3647,870.0,Globe at Night Monitoring Network (GaN-MN). Continuous SQM-LE sky brightness data. https://globeatnight.org/gan-mn/. Station registry: http://globeatnight-network.org/,"GaN-MN station PAOF (Ouro Fino, MG, Brazil); photometric inflection method; night median MSAS=21.23; MSAS at inflection=18.76; depression=10.91°; smoothing=5-pt median; dark rows=856"
isha,2024-05-10,18:28,-3,-22.2803,-46.3647,870.0,Globe at Night Monitoring Network (GaN-MN). Continuous SQM-LE sky brightness data. https://globeatnight.org/gan-mn/. Station registry: http://globeatnight-network.org/,"GaN-MN station PAOF (Ouro Fino, MG, Brazil); photometric inflection method; night median MSAS=21.21; MSAS at inflection=19.95; depression=12.68°; smoothing=5-pt median; dark rows=855"
isha,2024-05-11,18:23,-3,-22.2803,-46.3647,870.0,Globe at Night Monitoring Network (GaN-MN). Continuous SQM-LE sky brightness data. https://globeatnight.org/gan-mn/. Station registry: http://globeatnight-network.org/,"GaN-MN station PAOF (Ouro Fino, MG, Brazil); photometric inflection method; night median MSAS=21.26; MSAS at inflection=18.84; depression=11.61°; smoothing=5-pt median; dark rows=862"
fajr,2024-05-13,05:02,-3,-22.2803,-46.3647,870.0,Globe at Night Monitoring Network (GaN-MN). Continuous SQM-LE sky brightness data. https://globeatnight.org/gan-mn/. Station registry: http://globeatnight-network.org/,"GaN-MN station PAOF (Ouro Fino, MG, Brazil); photometric inflection method; night median MSAS=21.14; MSAS at inflection=21.24; depression=20.27°; smoothing=5-pt median; dark rows=853"
isha,2024-05-13,18:22,-3,-22.2803,-46.3647,870.0,Globe at Night Monitoring Network (GaN-MN). Continuous SQM-LE sky brightness data. https://globeatnight.org/gan-mn/. Station registry: http://globeatnight-network.org/,"GaN-MN station PAOF (Ouro Fino, MG, Brazil); photometric inflection method; night median MSAS=21.07; MSAS at inflection=18.68; depression=11.58°; smoothing=5-pt median; dark rows=856"
fajr,2024-05-14,05:38,-3,-22.2803,-46.3647,870.0,Globe at Night Monitoring Network (GaN-MN). Continuous SQM-LE sky brightness data. https://globeatnight.org/gan-mn/. Station registry: http://globeatnight-network.org/,"GaN-MN station PAOF (Ouro Fino, MG, Brazil); photometric inflection method; night median MSAS=21.07; MSAS at inflection=19.88; depression=12.24°; smoothing=5-pt median; dark rows=856"
isha,2024-05-15,19:04,-3,-22.2803,-46.3647,870.0,Globe at Night Monitoring Network (GaN-MN). Continuous SQM-LE sky brightness data. https://globeatnight.org/gan-mn/. Station registry: http://globeatnight-network.org/,"GaN-MN station PAOF (Ouro Fino, MG, Brazil); photometric inflection method; night median MSAS=20.84; MSAS at inflection=18.98; depression=21.14°; smoothing=5-pt median; dark rows=863"
isha,2024-05-16,18:34,-3,-22.2803,-46.3647,870.0,Globe at Night Monitoring Network (GaN-MN). Continuous SQM-LE sky brightness data. https://globeatnight.org/gan-mn/. Station registry: http://globeatnight-network.org/,"GaN-MN station PAOF (Ouro Fino, MG, Brazil); photometric inflection method; night median MSAS=20.24; MSAS at inflection=18.51; depression=14.41°; smoothing=5-pt median; dark rows=865"
isha,2024-05-17,18:13,-3,-22.2803,-46.3647,870.0,Globe at Night Monitoring Network (GaN-MN). Continuous SQM-LE sky brightness data. https://globeatnight.org/gan-mn/. Station registry: http://globeatnight-network.org/,"GaN-MN station PAOF (Ouro Fino, MG, Brazil); photometric inflection method; night median MSAS=19.40; MSAS at inflection=17.30; depression=9.97°; smoothing=5-pt median; dark rows=864"
fajr,2024-05-19,05:52,-3,-22.2803,-46.3647,870.0,Globe at Night Monitoring Network (GaN-MN). Continuous SQM-LE sky brightness data. https://globeatnight.org/gan-mn/. Station registry: http://globeatnight-network.org/,"GaN-MN station PAOF (Ouro Fino, MG, Brazil); photometric inflection method; night median MSAS=18.66; MSAS at inflection=17.32; depression=9.40°; smoothing=5-pt median; dark rows=860"
fajr,2024-05-20,05:55,-3,-22.2803,-46.3647,870.0,Globe at Night Monitoring Network (GaN-MN). Continuous SQM-LE sky brightness data. https://globeatnight.org/gan-mn/. Station registry: http://globeatnight-network.org/,"GaN-MN station PAOF (Ouro Fino, MG, Brazil); photometric inflection method; night median MSAS=18.18; MSAS at inflection=16.71; depression=8.99°; smoothing=5-pt median; dark rows=862"
fajr,2024-05-21,05:42,-3,-22.2803,-46.3647,870.0,Globe at Night Monitoring Network (GaN-MN). Continuous SQM-LE sky brightness data. https://globeatnight.org/gan-mn/. Station registry: http://globeatnight-network.org/,"GaN-MN station PAOF (Ouro Fino, MG, Brazil); photometric inflection method; night median MSAS=17.76; MSAS at inflection=19.68; depression=11.81°; smoothing=5-pt median; dark rows=863"
fajr,2024-05-25,05:06,-3,-22.2803,-46.3647,870.0,Globe at Night Monitoring Network (GaN-MN). Continuous SQM-LE sky brightness data. https://globeatnight.org/gan-mn/. Station registry: http://globeatnight-network.org/,"GaN-MN station PAOF (Ouro Fino, MG, Brazil); photometric inflection method; night median MSAS=17.96; MSAS at inflection=18.36; depression=20.27°; smoothing=5-pt median; dark rows=865"
isha,2024-05-25,18:24,-3,-22.2803,-46.3647,870.0,Globe at Night Monitoring Network (GaN-MN). Continuous SQM-LE sky brightness data. https://globeatnight.org/gan-mn/. Station registry: http://globeatnight-network.org/,"GaN-MN station PAOF (Ouro Fino, MG, Brazil); photometric inflection method; night median MSAS=18.05; MSAS at inflection=20.10; depression=12.72°; smoothing=5-pt median; dark rows=863"
fajr,2024-05-27,05:28,-3,-22.2803,-46.3647,870.0,Globe at Night Monitoring Network (GaN-MN). Continuous SQM-LE sky brightness data. https://globeatnight.org/gan-mn/. Station registry: http://globeatnight-network.org/,"GaN-MN station PAOF (Ouro Fino, MG, Brazil); photometric inflection method; night median MSAS=18.38; MSAS at inflection=18.21; depression=15.49°; smoothing=5-pt median; dark rows=867"
isha,2024-05-27,19:01,-3,-22.2803,-46.3647,870.0,Globe at Night Monitoring Network (GaN-MN). Continuous SQM-LE sky brightness data. https://globeatnight.org/gan-mn/. Station registry: http://globeatnight-network.org/,"GaN-MN station PAOF (Ouro Fino, MG, Brazil); photometric inflection method; night median MSAS=19.38; MSAS at inflection=21.40; depression=20.90°; smoothing=5-pt median; dark rows=869"
fajr,2024-05-28,05:00,-3,-22.2803,-46.3647,870.0,Globe at Night Monitoring Network (GaN-MN). Continuous SQM-LE sky brightness data. https://globeatnight.org/gan-mn/. Station registry: http://globeatnight-network.org/,"GaN-MN station PAOF (Ouro Fino, MG, Brazil); photometric inflection method; night median MSAS=19.38; MSAS at inflection=19.12; depression=21.76°; smoothing=5-pt median; dark rows=869"
isha,2024-05-28,18:09,-3,-22.2803,-46.3647,870.0,Globe at Night Monitoring Network (GaN-MN). Continuous SQM-LE sky brightness data. https://globeatnight.org/gan-mn/. Station registry: http://globeatnight-network.org/,"GaN-MN station PAOF (Ouro Fino, MG, Brazil); photometric inflection method; night median MSAS=19.85; MSAS at inflection=18.00; depression=9.54°; smoothing=5-pt median; dark rows=868"
fajr,2024-05-29,05:04,-3,-22.2803,-46.3647,870.0,Globe at Night Monitoring Network (GaN-MN). Continuous SQM-LE sky brightness data. https://globeatnight.org/gan-mn/. Station registry: http://globeatnight-network.org/,"GaN-MN station PAOF (Ouro Fino, MG, Brazil); photometric inflection method; night median MSAS=19.85; MSAS at inflection=17.96; depression=20.99°; smoothing=5-pt median; dark rows=868"
isha,2024-05-29,18:31,-3,-22.2803,-46.3647,870.0,Globe at Night Monitoring Network (GaN-MN). Continuous SQM-LE sky brightness data. https://globeatnight.org/gan-mn/. Station registry: http://globeatnight-network.org/,"GaN-MN station PAOF (Ouro Fino, MG, Brazil); photometric inflection method; night median MSAS=21.03; MSAS at inflection=20.80; depression=14.35°; smoothing=5-pt median; dark rows=870"
isha,2024-05-04,20:04,8,22.2328,113.9007,15.0,Globe at Night Monitoring Network (GaN-MN). Continuous SQM-LE sky brightness data. https://globeatnight.org/gan-mn/. Station registry: http://globeatnight-network.org/,"GaN-MN station SH (Shek Pik, Lantau Island, Hong Kong); photometric inflection method; night median MSAS=18.49; MSAS at inflection=17.35; depression=16.36°; smoothing=5-pt median; dark rows=1146"
fajr,2024-05-05,04:24,8,22.2328,113.9007,15.0,Globe at Night Monitoring Network (GaN-MN). Continuous SQM-LE sky brightness data. https://globeatnight.org/gan-mn/. Station registry: http://globeatnight-network.org/,"GaN-MN station SH (Shek Pik, Lantau Island, Hong Kong); photometric inflection method; night median MSAS=18.49; MSAS at inflection=17.95; depression=19.09°; smoothing=5-pt median; dark rows=1146"
isha,2024-05-05,19:32,8,22.2328,113.9007,15.0,Globe at Night Monitoring Network (GaN-MN). Continuous SQM-LE sky brightness data. https://globeatnight.org/gan-mn/. Station registry: http://globeatnight-network.org/,"GaN-MN station SH (Shek Pik, Lantau Island, Hong Kong); photometric inflection method; night median MSAS=19.18; MSAS at inflection=17.11; depression=9.46°; smoothing=5-pt median; dark rows=1143"
isha,2024-05-06,20:26,8,22.2328,113.9007,15.0,Globe at Night Monitoring Network (GaN-MN). Continuous SQM-LE sky brightness data. https://globeatnight.org/gan-mn/. Station registry: http://globeatnight-network.org/,"GaN-MN station SH (Shek Pik, Lantau Island, Hong Kong); photometric inflection method; night median MSAS=18.03; MSAS at inflection=18.15; depression=20.55°; smoothing=5-pt median; dark rows=1070"
fajr,2024-05-07,04:30,8,22.2328,113.9007,15.0,Globe at Night Monitoring Network (GaN-MN). Continuous SQM-LE sky brightness data. https://globeatnight.org/gan-mn/. Station registry: http://globeatnight-network.org/,"GaN-MN station SH (Shek Pik, Lantau Island, Hong Kong); photometric inflection method; night median MSAS=18.03; MSAS at inflection=19.19; depression=17.50°; smoothing=5-pt median; dark rows=1070"
fajr,2024-05-05,04:10,8,22.4806,114.0194,5.0,Globe at Night Monitoring Network (GaN-MN). Continuous SQM-LE sky brightness data. https://globeatnight.org/gan-mn/. Station registry: http://globeatnight-network.org/,"GaN-MN station TBT (Tsim Bei Tsui, Yuen Long, Hong Kong); photometric inflection method; night median MSAS=17.84; MSAS at inflection=19.00; depression=21.68°; smoothing=5-pt median; dark rows=1145"
fajr,2024-05-06,04:37,8,22.4806,114.0194,5.0,Globe at Night Monitoring Network (GaN-MN). Continuous SQM-LE sky brightness data. https://globeatnight.org/gan-mn/. Station registry: http://globeatnight-network.org/,"GaN-MN station TBT (Tsim Bei Tsui, Yuen Long, Hong Kong); photometric inflection method; night median MSAS=18.91; MSAS at inflection=19.18; depression=15.99°; smoothing=5-pt median; dark rows=1142"
isha,2024-05-15,20:08,8,22.4806,114.0194,5.0,Globe at Night Monitoring Network (GaN-MN). Continuous SQM-LE sky brightness data. https://globeatnight.org/gan-mn/. Station registry: http://globeatnight-network.org/,"GaN-MN station TBT (Tsim Bei Tsui, Yuen Long, Hong Kong); photometric inflection method; night median MSAS=18.60; MSAS at inflection=17.04; depression=15.72°; smoothing=5-pt median; dark rows=1120"
isha,2024-05-30,19:36,8,22.4806,114.0194,5.0,Globe at Night Monitoring Network (GaN-MN). Continuous SQM-LE sky brightness data. https://globeatnight.org/gan-mn/. Station registry: http://globeatnight-network.org/,"GaN-MN station TBT (Tsim Bei Tsui, Yuen Long, Hong Kong); photometric inflection method; night median MSAS=18.30; MSAS at inflection=16.19; depression=7.73°; smoothing=5-pt median; dark rows=1092"
isha,2024-04-30,20:59,-7,32.6736,-116.5311,1220.0,Globe at Night Monitoring Network (GaN-MN). Continuous SQM-LE sky brightness data. https://globeatnight.org/gan-mn/. Station registry: http://globeatnight-network.org/,"GaN-MN station TSO (Tierra del Sol, San Diego, California, USA); photometric inflection method; night median MSAS=21.65; MSAS at inflection=21.55; depression=18.33°; smoothing=5-pt median; dark rows=449"
fajr,2024-05-01,04:11,-7,32.6736,-116.5311,1220.0,Globe at Night Monitoring Network (GaN-MN). Continuous SQM-LE sky brightness data. https://globeatnight.org/gan-mn/. Station registry: http://globeatnight-network.org/,"GaN-MN station TSO (Tierra del Sol, San Diego, California, USA); photometric inflection method; night median MSAS=21.65; MSAS at inflection=20.60; depression=20.83°; smoothing=5-pt median; dark rows=449"
isha,2024-05-01,21:00,-7,32.6736,-116.5311,1220.0,Globe at Night Monitoring Network (GaN-MN). Continuous SQM-LE sky brightness data. https://globeatnight.org/gan-mn/. Station registry: http://globeatnight-network.org/,"GaN-MN station TSO (Tierra del Sol, San Diego, California, USA); photometric inflection method; night median MSAS=21.54; MSAS at inflection=21.47; depression=18.31°; smoothing=5-pt median; dark rows=447"
fajr,2024-05-02,04:20,-7,32.6736,-116.5311,1220.0,Globe at Night Monitoring Network (GaN-MN). Continuous SQM-LE sky brightness data. https://globeatnight.org/gan-mn/. Station registry: http://globeatnight-network.org/,"GaN-MN station TSO (Tierra del Sol, San Diego, California, USA); photometric inflection method; night median MSAS=21.54; MSAS at inflection=21.13; depression=19.05°; smoothing=5-pt median; dark rows=447"
fajr,2024-05-03,04:07,-7,32.6736,-116.5311,1220.0,Globe at Night Monitoring Network (GaN-MN). Continuous SQM-LE sky brightness data. https://globeatnight.org/gan-mn/. Station registry: http://globeatnight-network.org/,"GaN-MN station TSO (Tierra del Sol, San Diego, California, USA); photometric inflection method; night median MSAS=21.64; MSAS at inflection=21.48; depression=21.07°; smoothing=5-pt median; dark rows=446"
isha,2024-05-03,21:22,-7,32.6736,-116.5311,1220.0,Globe at Night Monitoring Network (GaN-MN). Continuous SQM-LE sky brightness data. https://globeatnight.org/gan-mn/. Station registry: http://globeatnight-network.org/,"GaN-MN station TSO (Tierra del Sol, San Diego, California, USA); photometric inflection method; night median MSAS=21.66; MSAS at inflection=21.48; depression=21.70°; smoothing=5-pt median; dark rows=444"
fajr,2024-05-04,04:19,-7,32.6736,-116.5311,1220.0,Globe at Night Monitoring Network (GaN-MN). Continuous SQM-LE sky brightness data. https://globeatnight.org/gan-mn/. Station registry: http://globeatnight-network.org/,"GaN-MN station TSO (Tierra del Sol, San Diego, California, USA); photometric inflection method; night median MSAS=21.66; MSAS at inflection=21.55; depression=18.80°; smoothing=5-pt median; dark rows=444"
isha,2024-05-04,21:22,-7,32.6736,-116.5311,1220.0,Globe at Night Monitoring Network (GaN-MN). Continuous SQM-LE sky brightness data. https://globeatnight.org/gan-mn/. Station registry: http://globeatnight-network.org/,"GaN-MN station TSO (Tierra del Sol, San Diego, California, USA); photometric inflection method; night median MSAS=20.96; MSAS at inflection=21.01; depression=21.50°; smoothing=5-pt median; dark rows=441"
fajr,2024-05-05,04:10,-7,32.6736,-116.5311,1220.0,Globe at Night Monitoring Network (GaN-MN). Continuous SQM-LE sky brightness data. https://globeatnight.org/gan-mn/. Station registry: http://globeatnight-network.org/,"GaN-MN station TSO (Tierra del Sol, San Diego, California, USA); photometric inflection method; night median MSAS=20.96; MSAS at inflection=20.73; depression=20.14°; smoothing=5-pt median; dark rows=441"
isha,2024-05-05,21:16,-7,32.6736,-116.5311,1220.0,Globe at Night Monitoring Network (GaN-MN). Continuous SQM-LE sky brightness data. https://globeatnight.org/gan-mn/. Station registry: http://globeatnight-network.org/,"GaN-MN station TSO (Tierra del Sol, San Diego, California, USA); photometric inflection method; night median MSAS=21.45; MSAS at inflection=21.37; depression=20.30°; smoothing=5-pt median; dark rows=439"
isha,2024-05-06,21:07,-7,32.6736,-116.5311,1220.0,Globe at Night Monitoring Network (GaN-MN). Continuous SQM-LE sky brightness data. https://globeatnight.org/gan-mn/. Station registry: http://globeatnight-network.org/,"GaN-MN station TSO (Tierra del Sol, San Diego, California, USA); photometric inflection method; night median MSAS=21.46; MSAS at inflection=21.42; depression=18.58°; smoothing=5-pt median; dark rows=436"
fajr,2024-05-07,04:02,-7,32.6736,-116.5311,1220.0,Globe at Night Monitoring Network (GaN-MN). Continuous SQM-LE sky brightness data. https://globeatnight.org/gan-mn/. Station registry: http://globeatnight-network.org/,"GaN-MN station TSO (Tierra del Sol, San Diego, California, USA); photometric inflection method; night median MSAS=21.46; MSAS at inflection=21.45; depression=21.07°; smoothing=5-pt median; dark rows=436"
isha,2024-05-07,21:21,-7,32.6736,-116.5311,1220.0,Globe at Night Monitoring Network (GaN-MN). Continuous SQM-LE sky brightness data. https://globeatnight.org/gan-mn/. Station registry: http://globeatnight-network.org/,"GaN-MN station TSO (Tierra del Sol, San Diego, California, USA); photometric inflection method; night median MSAS=21.54; MSAS at inflection=21.43; depression=20.75°; smoothing=5-pt median; dark rows=435"
isha,2024-05-08,21:07,-7,32.6736,-116.5311,1220.0,Globe at Night Monitoring Network (GaN-MN). Continuous SQM-LE sky brightness data. https://globeatnight.org/gan-mn/. Station registry: http://globeatnight-network.org/,"GaN-MN station TSO (Tierra del Sol, San Diego, California, USA); photometric inflection method; night median MSAS=21.58; MSAS at inflection=21.45; depression=18.21°; smoothing=5-pt median; dark rows=433"
fajr,2024-05-09,03:59,-7,32.6736,-116.5311,1220.0,Globe at Night Monitoring Network (GaN-MN). Continuous SQM-LE sky brightness data. https://globeatnight.org/gan-mn/. Station registry: http://globeatnight-network.org/,"GaN-MN station TSO (Tierra del Sol, San Diego, California, USA); photometric inflection method; night median MSAS=21.58; MSAS at inflection=21.48; depression=21.18°; smoothing=5-pt median; dark rows=433"
isha,2024-05-09,21:06,-7,32.6736,-116.5311,1220.0,Globe at Night Monitoring Network (GaN-MN). Continuous SQM-LE sky brightness data. https://globeatnight.org/gan-mn/. Station registry: http://globeatnight-network.org/,"GaN-MN station TSO (Tierra del Sol, San Diego, California, USA); photometric inflection method; night median MSAS=21.51; MSAS at inflection=21.42; depression=17.85°; smoothing=5-pt median; dark rows=431"
isha,2024-05-10,21:15,-7,32.6736,-116.5311,1220.0,Globe at Night Monitoring Network (GaN-MN). Continuous SQM-LE sky brightness data. https://globeatnight.org/gan-mn/. Station registry: http://globeatnight-network.org/,"GaN-MN station TSO (Tierra del Sol, San Diego, California, USA); photometric inflection method; night median MSAS=21.25; MSAS at inflection=21.10; depression=19.18°; smoothing=5-pt median; dark rows=429"
fajr,2024-05-11,03:58,-7,32.6736,-116.5311,1220.0,Globe at Night Monitoring Network (GaN-MN). Continuous SQM-LE sky brightness data. https://globeatnight.org/gan-mn/. Station registry: http://globeatnight-network.org/,"GaN-MN station TSO (Tierra del Sol, San Diego, California, USA); photometric inflection method; night median MSAS=21.25; MSAS at inflection=21.26; depression=20.97°; smoothing=5-pt median; dark rows=429"
isha,2024-05-11,21:10,-7,32.6736,-116.5311,1220.0,Globe at Night Monitoring Network (GaN-MN). Continuous SQM-LE sky brightness data. https://globeatnight.org/gan-mn/. Station registry: http://globeatnight-network.org/,"GaN-MN station TSO (Tierra del Sol, San Diego, California, USA); photometric inflection method; night median MSAS=21.49; MSAS at inflection=21.19; depression=18.17°; smoothing=5-pt median; dark rows=427"
isha,2024-05-12,21:10,-7,32.6736,-116.5311,1220.0,Globe at Night Monitoring Network (GaN-MN). Continuous SQM-LE sky brightness data. https://globeatnight.org/gan-mn/. Station registry: http://globeatnight-network.org/,"GaN-MN station TSO (Tierra del Sol, San Diego, California, USA); photometric inflection method; night median MSAS=21.40; MSAS at inflection=20.76; depression=17.98°; smoothing=5-pt median; dark rows=424"
isha,2024-05-13,21:23,-7,32.6736,-116.5311,1220.0,Globe at Night Monitoring Network (GaN-MN). Continuous SQM-LE sky brightness data. https://globeatnight.org/gan-mn/. Station registry: http://globeatnight-network.org/,"GaN-MN station TSO (Tierra del Sol, San Diego, California, USA); photometric inflection method; night median MSAS=21.41; MSAS at inflection=20.24; depression=19.94°; smoothing=5-pt median; dark rows=422"
fajr,2024-05-14,04:01,-7,32.6736,-116.5311,1220.0,Globe at Night Monitoring Network (GaN-MN). Continuous SQM-LE sky brightness data. https://globeatnight.org/gan-mn/. Station registry: http://globeatnight-network.org/,"GaN-MN station TSO (Tierra del Sol, San Diego, California, USA); photometric inflection method; night median MSAS=21.41; MSAS at inflection=21.42; depression=19.96°; smoothing=5-pt median; dark rows=422"
isha,2024-05-14,21:12,-7,32.6736,-116.5311,1220.0,Globe at Night Monitoring Network (GaN-MN). Continuous SQM-LE sky brightness data. https://globeatnight.org/gan-mn/. Station registry: http://globeatnight-network.org/,"GaN-MN station TSO (Tierra del Sol, San Diego, California, USA); photometric inflection method; night median MSAS=21.12; MSAS at inflection=19.29; depression=17.96°; smoothing=5-pt median; dark rows=420"
fajr,2024-05-15,03:57,-7,32.6736,-116.5311,1220.0,Globe at Night Monitoring Network (GaN-MN). Continuous SQM-LE sky brightness data. https://globeatnight.org/gan-mn/. Station registry: http://globeatnight-network.org/,"GaN-MN station TSO (Tierra del Sol, San Diego, California, USA); photometric inflection method; night median MSAS=21.12; MSAS at inflection=21.44; depression=20.44°; smoothing=5-pt median; dark rows=420"
isha,2024-05-15,21:31,-7,32.6736,-116.5311,1220.0,Globe at Night Monitoring Network (GaN-MN). Continuous SQM-LE sky brightness data. https://globeatnight.org/gan-mn/. Station registry: http://globeatnight-network.org/,"GaN-MN station TSO (Tierra del Sol, San Diego, California, USA); photometric inflection method; night median MSAS=20.23; MSAS at inflection=18.30; depression=20.86°; smoothing=5-pt median; dark rows=418"
fajr,2024-05-16,03:52,-7,32.6736,-116.5311,1220.0,Globe at Night Monitoring Network (GaN-MN). Continuous SQM-LE sky brightness data. https://globeatnight.org/gan-mn/. Station registry: http://globeatnight-network.org/,"GaN-MN station TSO (Tierra del Sol, San Diego, California, USA); photometric inflection method; night median MSAS=20.23; MSAS at inflection=21.46; depression=21.07°; smoothing=5-pt median; dark rows=418"
isha,2024-05-16,21:14,-7,32.6736,-116.5311,1220.0,Globe at Night Monitoring Network (GaN-MN). Continuous SQM-LE sky brightness data. https://globeatnight.org/gan-mn/. Station registry: http://globeatnight-network.org/,"GaN-MN station TSO (Tierra del Sol, San Diego, California, USA); photometric inflection method; night median MSAS=19.74; MSAS at inflection=18.13; depression=17.94°; smoothing=5-pt median; dark rows=416"
fajr,2024-05-17,03:59,-7,32.6736,-116.5311,1220.0,Globe at Night Monitoring Network (GaN-MN). Continuous SQM-LE sky brightness data. https://globeatnight.org/gan-mn/. Station registry: http://globeatnight-network.org/,"GaN-MN station TSO (Tierra del Sol, San Diego, California, USA); photometric inflection method; night median MSAS=19.74; MSAS at inflection=21.34; depression=19.81°; smoothing=5-pt median; dark rows=416"
fajr,2024-05-18,04:08,-7,32.6736,-116.5311,1220.0,Globe at Night Monitoring Network (GaN-MN). Continuous SQM-LE sky brightness data. https://globeatnight.org/gan-mn/. Station registry: http://globeatnight-network.org/,"GaN-MN station TSO (Tierra del Sol, San Diego, California, USA); photometric inflection method; night median MSAS=20.35; MSAS at inflection=20.99; depression=18.21°; smoothing=5-pt median; dark rows=414"
fajr,2024-05-19,04:03,-7,32.6736,-116.5311,1220.0,Globe at Night Monitoring Network (GaN-MN). Continuous SQM-LE sky brightness data. https://globeatnight.org/gan-mn/. Station registry: http://globeatnight-network.org/,"GaN-MN station TSO (Tierra del Sol, San Diego, California, USA); photometric inflection method; night median MSAS=20.25; MSAS at inflection=21.54; depression=18.88°; smoothing=5-pt median; dark rows=412"
fajr,2024-05-20,04:00,-7,32.6736,-116.5311,1220.0,Globe at Night Monitoring Network (GaN-MN). Continuous SQM-LE sky brightness data. https://globeatnight.org/gan-mn/. Station registry: http://globeatnight-network.org/,"GaN-MN station TSO (Tierra del Sol, San Diego, California, USA); photometric inflection method; night median MSAS=19.52; MSAS at inflection=21.54; depression=19.22°; smoothing=5-pt median; dark rows=411"
isha,2024-05-20,21:37,-7,32.6736,-116.5311,1220.0,Globe at Night Monitoring Network (GaN-MN). Continuous SQM-LE sky brightness data. https://globeatnight.org/gan-mn/. Station registry: http://globeatnight-network.org/,"GaN-MN station TSO (Tierra del Sol, San Diego, California, USA); photometric inflection method; night median MSAS=18.86; MSAS at inflection=18.78; depression=20.93°; smoothing=5-pt median; dark rows=409"
fajr,2024-05-21,03:53,-7,32.6736,-116.5311,1220.0,Globe at Night Monitoring Network (GaN-MN). Continuous SQM-LE sky brightness data. https://globeatnight.org/gan-mn/. Station registry: http://globeatnight-network.org/,"GaN-MN station TSO (Tierra del Sol, San Diego, California, USA); photometric inflection method; night median MSAS=18.86; MSAS at inflection=20.54; depression=20.04°; smoothing=5-pt median; dark rows=409"
fajr,2024-05-23,04:03,-7,32.6736,-116.5311,1220.0,Globe at Night Monitoring Network (GaN-MN). Continuous SQM-LE sky brightness data. https://globeatnight.org/gan-mn/. Station registry: http://globeatnight-network.org/,"GaN-MN station TSO (Tierra del Sol, San Diego, California, USA); photometric inflection method; night median MSAS=18.25; MSAS at inflection=18.55; depression=18.21°; smoothing=5-pt median; dark rows=405"
fajr,2024-05-24,04:03,-7,32.6736,-116.5311,1220.0,Globe at Night Monitoring Network (GaN-MN). Continuous SQM-LE sky brightness data. https://globeatnight.org/gan-mn/. Station registry: http://globeatnight-network.org/,"GaN-MN station TSO (Tierra del Sol, San Diego, California, USA); photometric inflection method; night median MSAS=18.95; MSAS at inflection=19.11; depression=18.10°; smoothing=5-pt median; dark rows=404"
isha,2024-05-25,21:22,-7,32.6736,-116.5311,1220.0,Globe at Night Monitoring Network (GaN-MN). Continuous SQM-LE sky brightness data. https://globeatnight.org/gan-mn/. Station registry: http://globeatnight-network.org/,"GaN-MN station TSO (Tierra del Sol, San Diego, California, USA); photometric inflection method; night median MSAS=20.05; MSAS at inflection=21.60; depression=17.97°; smoothing=5-pt median; dark rows=400"
isha,2024-05-26,21:48,-7,32.6736,-116.5311,1220.0,Globe at Night Monitoring Network (GaN-MN). Continuous SQM-LE sky brightness data. https://globeatnight.org/gan-mn/. Station registry: http://globeatnight-network.org/,"GaN-MN station TSO (Tierra del Sol, San Diego, California, USA); photometric inflection method; night median MSAS=20.46; MSAS at inflection=21.53; depression=21.70°; smoothing=5-pt median; dark rows=399"
isha,2024-05-28,21:28,-7,32.6736,-116.5311,1220.0,Globe at Night Monitoring Network (GaN-MN). Continuous SQM-LE sky brightness data. https://globeatnight.org/gan-mn/. Station registry: http://globeatnight-network.org/,"GaN-MN station TSO (Tierra del Sol, San Diego, California, USA); photometric inflection method; night median MSAS=21.63; MSAS at inflection=21.68; depression=18.45°; smoothing=5-pt median; dark rows=396"
fajr,2024-05-29,03:34,-7,32.6736,-116.5311,1220.0,Globe at Night Monitoring Network (GaN-MN). Continuous SQM-LE sky brightness data. https://globeatnight.org/gan-mn/. Station registry: http://globeatnight-network.org/,"GaN-MN station TSO (Tierra del Sol, San Diego, California, USA); photometric inflection method; night median MSAS=21.63; MSAS at inflection=20.46; depression=21.98°; smoothing=5-pt median; dark rows=396"
isha,2024-05-29,21:34,-7,32.6736,-116.5311,1220.0,Globe at Night Monitoring Network (GaN-MN). Continuous SQM-LE sky brightness data. https://globeatnight.org/gan-mn/. Station registry: http://globeatnight-network.org/,"GaN-MN station TSO (Tierra del Sol, San Diego, California, USA); photometric inflection method; night median MSAS=21.56; MSAS at inflection=21.52; depression=19.23°; smoothing=5-pt median; dark rows=395"
fajr,2024-05-30,03:43,-7,32.6736,-116.5311,1220.0,Globe at Night Monitoring Network (GaN-MN). Continuous SQM-LE sky brightness data. https://globeatnight.org/gan-mn/. Station registry: http://globeatnight-network.org/,"GaN-MN station TSO (Tierra del Sol, San Diego, California, USA); photometric inflection method; night median MSAS=21.56; MSAS at inflection=20.64; depression=20.63°; smoothing=5-pt median; dark rows=395"
fajr,2024-05-02,05:20,-5,29.8944,-97.9397,190.0,Globe at Night Monitoring Network (GaN-MN). Continuous SQM-LE sky brightness data. https://globeatnight.org/gan-mn/. Station registry: http://globeatnight-network.org/,"GaN-MN station TSU (Texas State Univ, Freeman Center, TX, USA); photometric inflection method; night median MSAS=20.10; MSAS at inflection=21.59; depression=18.07°; smoothing=5-pt median; dark rows=107"
fajr,2024-05-03,05:45,-5,29.8944,-97.9397,190.0,Globe at Night Monitoring Network (GaN-MN). Continuous SQM-LE sky brightness data. https://globeatnight.org/gan-mn/. Station registry: http://globeatnight-network.org/,"GaN-MN station TSU (Texas State Univ, Freeman Center, TX, USA); photometric inflection method; night median MSAS=21.69; MSAS at inflection=21.09; depression=13.14°; smoothing=5-pt median; dark rows=109"
fajr,2024-05-06,05:00,-5,29.8944,-97.9397,190.0,Globe at Night Monitoring Network (GaN-MN). Continuous SQM-LE sky brightness data. https://globeatnight.org/gan-mn/. Station registry: http://globeatnight-network.org/,"GaN-MN station TSU (Texas State Univ, Freeman Center, TX, USA); photometric inflection method; night median MSAS=20.92; MSAS at inflection=21.31; depression=20.90°; smoothing=5-pt median; dark rows=108"
isha,2024-05-06,21:36,-5,29.8944,-97.9397,190.0,Globe at Night Monitoring Network (GaN-MN). Continuous SQM-LE sky brightness data. https://globeatnight.org/gan-mn/. Station registry: http://globeatnight-network.org/,"GaN-MN station TSU (Texas State Univ, Freeman Center, TX, USA); photometric inflection method; night median MSAS=20.36; MSAS at inflection=20.01; depression=17.07°; smoothing=5-pt median; dark rows=108"
fajr,2024-05-08,05:25,-5,29.8944,-97.9397,190.0,Globe at Night Monitoring Network (GaN-MN). Continuous SQM-LE sky brightness data. https://globeatnight.org/gan-mn/. Station registry: http://globeatnight-network.org/,"GaN-MN station TSU (Texas State Univ, Freeman Center, TX, USA); photometric inflection method; night median MSAS=20.87; MSAS at inflection=21.47; depression=15.99°; smoothing=5-pt median; dark rows=108"
fajr,2024-05-12,05:15,-5,29.8944,-97.9397,190.0,Globe at Night Monitoring Network (GaN-MN). Continuous SQM-LE sky brightness data. https://globeatnight.org/gan-mn/. Station registry: http://globeatnight-network.org/,"GaN-MN station TSU (Texas State Univ, Freeman Center, TX, USA); photometric inflection method; night median MSAS=20.50; MSAS at inflection=20.82; depression=17.15°; smoothing=5-pt median; dark rows=106"
fajr,2024-05-13,05:35,-5,29.8944,-97.9397,190.0,Globe at Night Monitoring Network (GaN-MN). Continuous SQM-LE sky brightness data. https://globeatnight.org/gan-mn/. Station registry: http://globeatnight-network.org/,"GaN-MN station TSU (Texas State Univ, Freeman Center, TX, USA); photometric inflection method; night median MSAS=20.81; MSAS at inflection=21.18; depression=13.31°; smoothing=5-pt median; dark rows=106"
fajr,2024-05-14,05:50,-5,29.8944,-97.9397,190.0,Globe at Night Monitoring Network (GaN-MN). Continuous SQM-LE sky brightness data. https://globeatnight.org/gan-mn/. Station registry: http://globeatnight-network.org/,"GaN-MN station TSU (Texas State Univ, Freeman Center, TX, USA); photometric inflection method; night median MSAS=19.99; MSAS at inflection=18.12; depression=10.36°; smoothing=5-pt median; dark rows=106"
fajr,2024-05-19,05:25,-5,29.8944,-97.9397,190.0,Globe at Night Monitoring Network (GaN-MN). Continuous SQM-LE sky brightness data. https://globeatnight.org/gan-mn/. Station registry: http://globeatnight-network.org/,"GaN-MN station TSU (Texas State Univ, Freeman Center, TX, USA); photometric inflection method; night median MSAS=18.64; MSAS at inflection=20.46; depression=14.33°; smoothing=5-pt median; dark rows=104"
fajr,2024-05-21,05:35,-5,29.8944,-97.9397,190.0,Globe at Night Monitoring Network (GaN-MN). Continuous SQM-LE sky brightness data. https://globeatnight.org/gan-mn/. Station registry: http://globeatnight-network.org/,"GaN-MN station TSU (Texas State Univ, Freeman Center, TX, USA); photometric inflection method; night median MSAS=18.00; MSAS at inflection=19.70; depression=12.28°; smoothing=5-pt median; dark rows=104"
fajr,2024-05-25,05:00,-5,29.8944,-97.9397,190.0,Globe at Night Monitoring Network (GaN-MN). Continuous SQM-LE sky brightness data. https://globeatnight.org/gan-mn/. Station registry: http://globeatnight-network.org/,"GaN-MN station TSU (Texas State Univ, Freeman Center, TX, USA); photometric inflection method; night median MSAS=18.30; MSAS at inflection=18.04; depression=18.03°; smoothing=5-pt median; dark rows=103"
isha,2024-05-03,00:11,2,59.9167,18.8333,5.0,Globe at Night Monitoring Network (GaN-MN). Continuous SQM-LE sky brightness data. https://globeatnight.org/gan-mn/. Station registry: http://globeatnight-network.org/,"GaN-MN station UO (Utanå Observatory, Väddö, Sweden); photometric inflection method; night median MSAS=20.84; MSAS at inflection=21.00; depression=14.10°; smoothing=5-pt median; dark rows=32"
fajr,2024-05-03,02:06,2,59.9167,18.8333,5.0,Globe at Night Monitoring Network (GaN-MN). Continuous SQM-LE sky brightness data. https://globeatnight.org/gan-mn/. Station registry: http://globeatnight-network.org/,"GaN-MN station UO (Utanå Observatory, Väddö, Sweden); photometric inflection method; night median MSAS=20.84; MSAS at inflection=19.98; depression=12.42°; smoothing=5-pt median; dark rows=32"
isha,2024-05-03,23:42,2,59.9167,18.8333,5.0,Globe at Night Monitoring Network (GaN-MN). Continuous SQM-LE sky brightness data. https://globeatnight.org/gan-mn/. Station registry: http://globeatnight-network.org/,"GaN-MN station UO (Utanå Observatory, Väddö, Sweden); photometric inflection method; night median MSAS=20.95; MSAS at inflection=20.80; depression=13.12°; smoothing=5-pt median; dark rows=37"
fajr,2024-05-04,01:47,2,59.9167,18.8333,5.0,Globe at Night Monitoring Network (GaN-MN). Continuous SQM-LE sky brightness data. https://globeatnight.org/gan-mn/. Station registry: http://globeatnight-network.org/,"GaN-MN station UO (Utanå Observatory, Väddö, Sweden); photometric inflection method; night median MSAS=20.95; MSAS at inflection=20.53; depression=12.88°; smoothing=5-pt median; dark rows=37"
isha,2024-05-04,23:54,2,59.9167,18.8333,5.0,Globe at Night Monitoring Network (GaN-MN). Continuous SQM-LE sky brightness data. https://globeatnight.org/gan-mn/. Station registry: http://globeatnight-network.org/,"GaN-MN station UO (Utanå Observatory, Väddö, Sweden); photometric inflection method; night median MSAS=20.41; MSAS at inflection=20.70; depression=13.18°; smoothing=5-pt median; dark rows=48"
fajr,2024-05-05,02:09,2,59.9167,18.8333,5.0,Globe at Night Monitoring Network (GaN-MN). Continuous SQM-LE sky brightness data. https://globeatnight.org/gan-mn/. Station registry: http://globeatnight-network.org/,"GaN-MN station UO (Utanå Observatory, Väddö, Sweden); photometric inflection method; night median MSAS=20.41; MSAS at inflection=19.47; depression=11.70°; smoothing=5-pt median; dark rows=48"
isha,2024-05-06,23:57,2,59.9167,18.8333,5.0,Globe at Night Monitoring Network (GaN-MN). Continuous SQM-LE sky brightness data. https://globeatnight.org/gan-mn/. Station registry: http://globeatnight-network.org/,"GaN-MN station UO (Utanå Observatory, Väddö, Sweden); photometric inflection method; night median MSAS=20.02; MSAS at inflection=20.26; depression=12.70°; smoothing=5-pt median; dark rows=44"
fajr,2024-05-07,00:57,2,59.9167,18.8333,5.0,Globe at Night Monitoring Network (GaN-MN). Continuous SQM-LE sky brightness data. https://globeatnight.org/gan-mn/. Station registry: http://globeatnight-network.org/,"GaN-MN station UO (Utanå Observatory, Väddö, Sweden); photometric inflection method; night median MSAS=20.02; MSAS at inflection=20.57; depression=13.13°; smoothing=5-pt median; dark rows=44"
isha,2024-05-08,00:03,2,59.9167,18.8333,5.0,Globe at Night Monitoring Network (GaN-MN). Continuous SQM-LE sky brightness data. https://globeatnight.org/gan-mn/. Station registry: http://globeatnight-network.org/,"GaN-MN station UO (Utanå Observatory, Väddö, Sweden); photometric inflection method; night median MSAS=19.85; MSAS at inflection=20.18; depression=12.57°; smoothing=5-pt median; dark rows=42"
isha,2024-05-08,23:58,2,59.9167,18.8333,5.0,Globe at Night Monitoring Network (GaN-MN). Continuous SQM-LE sky brightness data. https://globeatnight.org/gan-mn/. Station registry: http://globeatnight-network.org/,"GaN-MN station UO (Utanå Observatory, Väddö, Sweden); photometric inflection method; night median MSAS=19.97; MSAS at inflection=20.06; depression=12.20°; smoothing=5-pt median; dark rows=40"
isha,2024-05-09,23:58,2,59.9167,18.8333,5.0,Globe at Night Monitoring Network (GaN-MN). Continuous SQM-LE sky brightness data. https://globeatnight.org/gan-mn/. Station registry: http://globeatnight-network.org/,"GaN-MN station UO (Utanå Observatory, Väddö, Sweden); photometric inflection method; night median MSAS=19.63; MSAS at inflection=19.31; depression=11.94°; smoothing=5-pt median; dark rows=38"
fajr,2024-05-11,00:03,2,59.9167,18.8333,5.0,Globe at Night Monitoring Network (GaN-MN). Continuous SQM-LE sky brightness data. https://globeatnight.org/gan-mn/. Station registry: http://globeatnight-network.org/,"GaN-MN station UO (Utanå Observatory, Väddö, Sweden); photometric inflection method; night median MSAS=18.00; MSAS at inflection=18.54; depression=11.79°; smoothing=5-pt median; dark rows=36"
isha,2024-05-11,23:52,2,59.9167,18.8333,5.0,Globe at Night Monitoring Network (GaN-MN). Continuous SQM-LE sky brightness data. https://globeatnight.org/gan-mn/. Station registry: http://globeatnight-network.org/,"GaN-MN station UO (Utanå Observatory, Väddö, Sweden); photometric inflection method; night median MSAS=19.05; MSAS at inflection=18.93; depression=11.29°; smoothing=5-pt median; dark rows=34"
isha,2024-05-13,00:00,2,59.9167,18.8333,5.0,Globe at Night Monitoring Network (GaN-MN). Continuous SQM-LE sky brightness data. https://globeatnight.org/gan-mn/. Station registry: http://globeatnight-network.org/,"GaN-MN station UO (Utanå Observatory, Väddö, Sweden); photometric inflection method; night median MSAS=18.86; MSAS at inflection=18.84; depression=11.23°; smoothing=5-pt median; dark rows=31"
isha,2024-05-13,23:53,2,59.9167,18.8333,5.0,Globe at Night Monitoring Network (GaN-MN). Continuous SQM-LE sky brightness data. https://globeatnight.org/gan-mn/. Station registry: http://globeatnight-network.org/,"GaN-MN station UO (Utanå Observatory, Väddö, Sweden); photometric inflection method; night median MSAS=18.86; MSAS at inflection=18.72; depression=10.83°; smoothing=5-pt median; dark rows=30"
isha,2024-05-14,23:50,2,59.9167,18.8333,5.0,Globe at Night Monitoring Network (GaN-MN). Continuous SQM-LE sky brightness data. https://globeatnight.org/gan-mn/. Station registry: http://globeatnight-network.org/,"GaN-MN station UO (Utanå Observatory, Väddö, Sweden); photometric inflection method; night median MSAS=18.70; MSAS at inflection=18.38; depression=10.51°; smoothing=5-pt median; dark rows=27"
isha,2024-05-15,23:51,2,59.9167,18.8333,5.0,Globe at Night Monitoring Network (GaN-MN). Continuous SQM-LE sky brightness data. https://globeatnight.org/gan-mn/. Station registry: http://globeatnight-network.org/,"GaN-MN station UO (Utanå Observatory, Väddö, Sweden); photometric inflection method; night median MSAS=18.41; MSAS at inflection=18.15; depression=10.31°; smoothing=5-pt median; dark rows=24"
isha,2024-05-16,23:56,2,59.9167,18.8333,5.0,Globe at Night Monitoring Network (GaN-MN). Continuous SQM-LE sky brightness data. https://globeatnight.org/gan-mn/. Station registry: http://globeatnight-network.org/,"GaN-MN station UO (Utanå Observatory, Väddö, Sweden); photometric inflection method; night median MSAS=18.26; MSAS at inflection=17.98; depression=10.20°; smoothing=5-pt median; dark rows=21"
fajr,2024-05-02,04:11,2,49.0167,13.2333,590.0,Globe at Night Monitoring Network (GaN-MN). Continuous SQM-LE sky brightness data. https://globeatnight.org/gan-mn/. Station registry: http://globeatnight-network.org/,"GaN-MN station Zwi (Zwiesel, Germany); photometric inflection method; night median MSAS=20.95; MSAS at inflection=20.28; depression=13.34°; smoothing=5-pt median; dark rows=858"
fajr,2024-05-03,03:11,2,49.0167,13.2333,590.0,Globe at Night Monitoring Network (GaN-MN). Continuous SQM-LE sky brightness data. https://globeatnight.org/gan-mn/. Station registry: http://globeatnight-network.org/,"GaN-MN station Zwi (Zwiesel, Germany); photometric inflection method; night median MSAS=20.28; MSAS at inflection=18.04; depression=19.27°; smoothing=5-pt median; dark rows=850"
fajr,2024-05-07,03:11,2,49.0167,13.2333,590.0,Globe at Night Monitoring Network (GaN-MN). Continuous SQM-LE sky brightness data. https://globeatnight.org/gan-mn/. Station registry: http://globeatnight-network.org/,"GaN-MN station Zwi (Zwiesel, Germany); photometric inflection method; night median MSAS=18.58; MSAS at inflection=18.23; depression=18.23°; smoothing=5-pt median; dark rows=820"
fajr,2024-05-08,04:12,2,49.0167,13.2333,590.0,Globe at Night Monitoring Network (GaN-MN). Continuous SQM-LE sky brightness data. https://globeatnight.org/gan-mn/. Station registry: http://globeatnight-network.org/,"GaN-MN station Zwi (Zwiesel, Germany); photometric inflection method; night median MSAS=19.28; MSAS at inflection=18.88; depression=11.67°; smoothing=5-pt median; dark rows=812"
isha,2024-05-10,22:12,2,49.0167,13.2333,590.0,Globe at Night Monitoring Network (GaN-MN). Continuous SQM-LE sky brightness data. https://globeatnight.org/gan-mn/. Station registry: http://globeatnight-network.org/,"GaN-MN station Zwi (Zwiesel, Germany); photometric inflection method; night median MSAS=20.05; MSAS at inflection=20.00; depression=13.02°; smoothing=5-pt median; dark rows=790"
fajr,2024-05-12,04:01,2,49.0167,13.2333,590.0,Globe at Night Monitoring Network (GaN-MN). Continuous SQM-LE sky brightness data. https://globeatnight.org/gan-mn/. Station registry: http://globeatnight-network.org/,"GaN-MN station Zwi (Zwiesel, Germany); photometric inflection method; night median MSAS=20.76; MSAS at inflection=19.41; depression=12.06°; smoothing=5-pt median; dark rows=783"
isha,2024-05-12,21:59,2,49.0167,13.2333,590.0,Globe at Night Monitoring Network (GaN-MN). Continuous SQM-LE sky brightness data. https://globeatnight.org/gan-mn/. Station registry: http://globeatnight-network.org/,"GaN-MN station Zwi (Zwiesel, Germany); photometric inflection method; night median MSAS=20.69; MSAS at inflection=18.62; depression=11.19°; smoothing=5-pt median; dark rows=776"
fajr,2024-05-13,03:11,2,49.0167,13.2333,590.0,Globe at Night Monitoring Network (GaN-MN). Continuous SQM-LE sky brightness data. https://globeatnight.org/gan-mn/. Station registry: http://globeatnight-network.org/,"GaN-MN station Zwi (Zwiesel, Germany); photometric inflection method; night median MSAS=20.69; MSAS at inflection=20.76; depression=16.79°; smoothing=5-pt median; dark rows=776"
fajr,2024-05-14,04:08,2,49.0167,13.2333,590.0,Globe at Night Monitoring Network (GaN-MN). Continuous SQM-LE sky brightness data. https://globeatnight.org/gan-mn/. Station registry: http://globeatnight-network.org/,"GaN-MN station Zwi (Zwiesel, Germany); photometric inflection method; night median MSAS=20.59; MSAS at inflection=18.58; depression=10.83°; smoothing=5-pt median; dark rows=769"
isha,2024-05-14,22:00,2,49.0167,13.2333,590.0,Globe at Night Monitoring Network (GaN-MN). Continuous SQM-LE sky brightness data. https://globeatnight.org/gan-mn/. Station registry: http://globeatnight-network.org/,"GaN-MN station Zwi (Zwiesel, Germany); photometric inflection method; night median MSAS=20.61; MSAS at inflection=18.67; depression=10.89°; smoothing=5-pt median; dark rows=761"
fajr,2024-05-15,04:11,2,49.0167,13.2333,590.0,Globe at Night Monitoring Network (GaN-MN). Continuous SQM-LE sky brightness data. https://globeatnight.org/gan-mn/. Station registry: http://globeatnight-network.org/,"GaN-MN station Zwi (Zwiesel, Germany); photometric inflection method; night median MSAS=20.61; MSAS at inflection=18.16; depression=10.22°; smoothing=5-pt median; dark rows=761"
isha,2024-05-16,00:56,2,49.0167,13.2333,590.0,Globe at Night Monitoring Network (GaN-MN). Continuous SQM-LE sky brightness data. https://globeatnight.org/gan-mn/. Station registry: http://globeatnight-network.org/,"GaN-MN station Zwi (Zwiesel, Germany); photometric inflection method; night median MSAS=19.86; MSAS at inflection=19.55; depression=21.81°; smoothing=5-pt median; dark rows=754"
fajr,2024-05-16,04:12,2,49.0167,13.2333,590.0,Globe at Night Monitoring Network (GaN-MN). Continuous SQM-LE sky brightness data. https://globeatnight.org/gan-mn/. Station registry: http://globeatnight-network.org/,"GaN-MN station Zwi (Zwiesel, Germany); photometric inflection method; night median MSAS=19.86; MSAS at inflection=17.80; depression=9.96°; smoothing=5-pt median; dark rows=754"
isha,2024-05-17,01:14,2,49.0167,13.2333,590.0,Globe at Night Monitoring Network (GaN-MN). Continuous SQM-LE sky brightness data. https://globeatnight.org/gan-mn/. Station registry: http://globeatnight-network.org/,"GaN-MN station Zwi (Zwiesel, Germany); photometric inflection method; night median MSAS=19.17; MSAS at inflection=19.85; depression=21.55°; smoothing=5-pt median; dark rows=747"
fajr,2024-05-17,04:03,2,49.0167,13.2333,590.0,Globe at Night Monitoring Network (GaN-MN). Continuous SQM-LE sky brightness data. https://globeatnight.org/gan-mn/. Station registry: http://globeatnight-network.org/,"GaN-MN station Zwi (Zwiesel, Germany); photometric inflection method; night median MSAS=19.17; MSAS at inflection=18.69; depression=10.73°; smoothing=5-pt median; dark rows=747"
isha,2024-05-17,21:48,2,49.0167,13.2333,590.0,Globe at Night Monitoring Network (GaN-MN). Continuous SQM-LE sky brightness data. https://globeatnight.org/gan-mn/. Station registry: http://globeatnight-network.org/,"GaN-MN station Zwi (Zwiesel, Germany); photometric inflection method; night median MSAS=18.59; MSAS at inflection=17.16; depression=8.91°; smoothing=5-pt median; dark rows=741"
fajr,2024-05-18,03:11,2,49.0167,13.2333,590.0,Globe at Night Monitoring Network (GaN-MN). Continuous SQM-LE sky brightness data. https://globeatnight.org/gan-mn/. Station registry: http://globeatnight-network.org/,"GaN-MN station Zwi (Zwiesel, Germany); photometric inflection method; night median MSAS=18.59; MSAS at inflection=18.94; depression=15.72°; smoothing=5-pt median; dark rows=741"
fajr,2024-05-19,04:10,2,49.0167,13.2333,590.0,Globe at Night Monitoring Network (GaN-MN). Continuous SQM-LE sky brightness data. https://globeatnight.org/gan-mn/. Station registry: http://globeatnight-network.org/,"GaN-MN station Zwi (Zwiesel, Germany); photometric inflection method; night median MSAS=18.59; MSAS at inflection=18.17; depression=9.62°; smoothing=5-pt median; dark rows=734"
fajr,2024-05-20,03:57,2,49.0167,13.2333,590.0,Globe at Night Monitoring Network (GaN-MN). Continuous SQM-LE sky brightness data. https://globeatnight.org/gan-mn/. Station registry: http://globeatnight-network.org/,"GaN-MN station Zwi (Zwiesel, Germany); photometric inflection method; night median MSAS=18.78; MSAS at inflection=18.81; depression=10.83°; smoothing=5-pt median; dark rows=728"
isha,2024-05-21,00:58,2,49.0167,13.2333,590.0,Globe at Night Monitoring Network (GaN-MN). Continuous SQM-LE sky brightness data. https://globeatnight.org/gan-mn/. Station registry: http://globeatnight-network.org/,"GaN-MN station Zwi (Zwiesel, Germany); photometric inflection method; night median MSAS=18.66; MSAS at inflection=18.72; depression=20.74°; smoothing=5-pt median; dark rows=721"
fajr,2024-05-21,04:05,2,49.0167,13.2333,590.0,Globe at Night Monitoring Network (GaN-MN). Continuous SQM-LE sky brightness data. https://globeatnight.org/gan-mn/. Station registry: http://globeatnight-network.org/,"GaN-MN station Zwi (Zwiesel, Germany); photometric inflection method; night median MSAS=18.66; MSAS at inflection=17.37; depression=9.78°; smoothing=5-pt median; dark rows=721"
isha,2024-05-21,21:45,2,49.0167,13.2333,590.0,Globe at Night Monitoring Network (GaN-MN). Continuous SQM-LE sky brightness data. https://globeatnight.org/gan-mn/. Station registry: http://globeatnight-network.org/,"GaN-MN station Zwi (Zwiesel, Germany); photometric inflection method; night median MSAS=18.27; MSAS at inflection=16.26; depression=7.74°; smoothing=5-pt median; dark rows=714"
fajr,2024-05-22,03:12,2,49.0167,13.2333,590.0,Globe at Night Monitoring Network (GaN-MN). Continuous SQM-LE sky brightness data. https://globeatnight.org/gan-mn/. Station registry: http://globeatnight-network.org/,"GaN-MN station Zwi (Zwiesel, Germany); photometric inflection method; night median MSAS=18.27; MSAS at inflection=18.68; depression=14.88°; smoothing=5-pt median; dark rows=714"
isha,2024-05-23,00:56,2,49.0167,13.2333,590.0,Globe at Night Monitoring Network (GaN-MN). Continuous SQM-LE sky brightness data. https://globeatnight.org/gan-mn/. Station registry: http://globeatnight-network.org/,"GaN-MN station Zwi (Zwiesel, Germany); photometric inflection method; night median MSAS=18.02; MSAS at inflection=17.96; depression=20.34°; smoothing=5-pt median; dark rows=708"
isha,2024-05-23,22:00,2,49.0167,13.2333,590.0,Globe at Night Monitoring Network (GaN-MN). Continuous SQM-LE sky brightness data. https://globeatnight.org/gan-mn/. Station registry: http://globeatnight-network.org/,"GaN-MN station Zwi (Zwiesel, Germany); photometric inflection method; night median MSAS=18.20; MSAS at inflection=17.66; depression=9.13°; smoothing=5-pt median; dark rows=703"
isha,2024-05-25,22:32,2,49.0167,13.2333,590.0,Globe at Night Monitoring Network (GaN-MN). Continuous SQM-LE sky brightness data. https://globeatnight.org/gan-mn/. Station registry: http://globeatnight-network.org/,"GaN-MN station Zwi (Zwiesel, Germany); photometric inflection method; night median MSAS=19.71; MSAS at inflection=19.62; depression=12.12°; smoothing=5-pt median; dark rows=690"
fajr,2024-05-27,03:00,2,49.0167,13.2333,590.0,Globe at Night Monitoring Network (GaN-MN). Continuous SQM-LE sky brightness data. https://globeatnight.org/gan-mn/. Station registry: http://globeatnight-network.org/,"GaN-MN station Zwi (Zwiesel, Germany); photometric inflection method; night median MSAS=20.06; MSAS at inflection=19.22; depression=15.03°; smoothing=5-pt median; dark rows=684"
isha,2024-05-28,00:51,2,49.0167,13.2333,590.0,Globe at Night Monitoring Network (GaN-MN). Continuous SQM-LE sky brightness data. https://globeatnight.org/gan-mn/. Station registry: http://globeatnight-network.org/,"GaN-MN station Zwi (Zwiesel, Germany); photometric inflection method; night median MSAS=19.18; MSAS at inflection=18.80; depression=19.43°; smoothing=5-pt median; dark rows=679"
fajr,2024-05-28,03:33,2,49.0167,13.2333,590.0,Globe at Night Monitoring Network (GaN-MN). Continuous SQM-LE sky brightness data. https://globeatnight.org/gan-mn/. Station registry: http://globeatnight-network.org/,"GaN-MN station Zwi (Zwiesel, Germany); photometric inflection method; night median MSAS=19.18; MSAS at inflection=18.73; depression=12.06°; smoothing=5-pt median; dark rows=679"
isha,2024-05-30,00:36,2,49.0167,13.2333,590.0,Globe at Night Monitoring Network (GaN-MN). Continuous SQM-LE sky brightness data. https://globeatnight.org/gan-mn/. Station registry: http://globeatnight-network.org/,"GaN-MN station Zwi (Zwiesel, Germany); photometric inflection method; night median MSAS=19.37; MSAS at inflection=19.62; depression=18.90°; smoothing=5-pt median; dark rows=669"
isha,2024-05-30,22:30,2,49.0167,13.2333,590.0,Globe at Night Monitoring Network (GaN-MN). Continuous SQM-LE sky brightness data. https://globeatnight.org/gan-mn/. Station registry: http://globeatnight-network.org/,"GaN-MN station Zwi (Zwiesel, Germany); photometric inflection method; night median MSAS=19.07; MSAS at inflection=18.66; depression=11.16°; smoothing=5-pt median; dark rows=443"
fajr,2024-05-31,00:31,2,49.0167,13.2333,590.0,Globe at Night Monitoring Network (GaN-MN). Continuous SQM-LE sky brightness data. https://globeatnight.org/gan-mn/. Station registry: http://globeatnight-network.org/,"GaN-MN station Zwi (Zwiesel, Germany); photometric inflection method; night median MSAS=19.07; MSAS at inflection=19.07; depression=18.65°; smoothing=5-pt median; dark rows=443"
isha,2024-05-04,20:22,8,22.3767,114.27,10.0,Globe at Night Monitoring Network (GaN-MN). Continuous SQM-LE sky brightness data. https://globeatnight.org/gan-mn/. Station registry: http://globeatnight-network.org/,"GaN-MN station iObs (Sai Kung iObservatory, Hong Kong); photometric inflection method; night median MSAS=18.68; MSAS at inflection=17.48; depression=20.30°; smoothing=5-pt median; dark rows=1144"
fajr,2024-05-18,04:02,8,22.3767,114.27,10.0,Globe at Night Monitoring Network (GaN-MN). Continuous SQM-LE sky brightness data. https://globeatnight.org/gan-mn/. Station registry: http://globeatnight-network.org/,"GaN-MN station iObs (Sai Kung iObservatory, Hong Kong); photometric inflection method; night median MSAS=17.71; MSAS at inflection=18.87; depression=21.23°; smoothing=5-pt median; dark rows=1130"
isha,2024-05-30,20:28,8,22.3767,114.27,10.0,Globe at Night Monitoring Network (GaN-MN). Continuous SQM-LE sky brightness data. https://globeatnight.org/gan-mn/. Station registry: http://globeatnight-network.org/,"GaN-MN station iObs (Sai Kung iObservatory, Hong Kong); photometric inflection method; night median MSAS=18.44; MSAS at inflection=17.90; depression=18.18°; smoothing=5-pt median; dark rows=1094"
