prayer,date_local,time_local,utc_offset,lat,lng,elevation_m,source,notes
isha,2024-07-04,18:30,-3,-34.6037,-58.3816,25.0,Globe at Night Monitoring Network (GaN-MN). Continuous SQM-LE sky brightness data. https://globeatnight.org/gan-mn/. Station registry: http://globeatnight-network.org/,"GaN-MN station AHO (Almendra HackLab, Buenos Aires, Argentina); photometric inflection method; night median MSAS=17.52; MSAS at inflection=15.06; depression=7.30°; smoothing=5-pt median; dark rows=1496"
fajr,2024-07-09,07:21,-3,-34.6037,-58.3816,25.0,Globe at Night Monitoring Network (GaN-MN). Continuous SQM-LE sky brightness data. https://globeatnight.org/gan-mn/. Station registry: http://globeatnight-network.org/,"GaN-MN station AHO (Almendra HackLab, Buenos Aires, Argentina); photometric inflection method; night median MSAS=17.57; MSAS at inflection=15.80; depression=8.10°; smoothing=5-pt median; dark rows=1491"
isha,2024-07-01,20:00,8,22.3755,114.2707,10.0,Globe at Night Monitoring Network (GaN-MN). Continuous SQM-LE sky brightness data. https://globeatnight.org/gan-mn/. Station registry: http://globeatnight-network.org/,"GaN-MN station AP (Hong Kong Astropark, Sai Kung); photometric inflection method; night median MSAS=18.93; MSAS at inflection=17.89; depression=10.91°; smoothing=5-pt median; dark rows=1084"
fajr,2024-07-02,04:55,8,22.3755,114.2707,10.0,Globe at Night Monitoring Network (GaN-MN). Continuous SQM-LE sky brightness data. https://globeatnight.org/gan-mn/. Station registry: http://globeatnight-network.org/,"GaN-MN station AP (Hong Kong Astropark, Sai Kung); photometric inflection method; night median MSAS=18.93; MSAS at inflection=18.04; depression=10.56°; smoothing=5-pt median; dark rows=1084"
isha,2024-07-05,20:48,8,22.3755,114.2707,10.0,Globe at Night Monitoring Network (GaN-MN). Continuous SQM-LE sky brightness data. https://globeatnight.org/gan-mn/. Station registry: http://globeatnight-network.org/,"GaN-MN station AP (Hong Kong Astropark, Sai Kung); photometric inflection method; night median MSAS=19.54; MSAS at inflection=18.65; depression=20.20°; smoothing=5-pt median; dark rows=1087"
isha,2024-07-06,20:56,8,22.3755,114.2707,10.0,Globe at Night Monitoring Network (GaN-MN). Continuous SQM-LE sky brightness data. https://globeatnight.org/gan-mn/. Station registry: http://globeatnight-network.org/,"GaN-MN station AP (Hong Kong Astropark, Sai Kung); photometric inflection method; night median MSAS=19.20; MSAS at inflection=19.07; depression=21.71°; smoothing=5-pt median; dark rows=1088"
fajr,2024-07-07,04:54,8,22.3755,114.2707,10.0,Globe at Night Monitoring Network (GaN-MN). Continuous SQM-LE sky brightness data. https://globeatnight.org/gan-mn/. Station registry: http://globeatnight-network.org/,"GaN-MN station AP (Hong Kong Astropark, Sai Kung); photometric inflection method; night median MSAS=19.20; MSAS at inflection=18.15; depression=11.07°; smoothing=5-pt median; dark rows=1088"
isha,2024-07-10,19:47,8,22.3755,114.2707,10.0,Globe at Night Monitoring Network (GaN-MN). Continuous SQM-LE sky brightness data. https://globeatnight.org/gan-mn/. Station registry: http://globeatnight-network.org/,"GaN-MN station AP (Hong Kong Astropark, Sai Kung); photometric inflection method; night median MSAS=19.39; MSAS at inflection=16.91; depression=8.43°; smoothing=5-pt median; dark rows=1093"
isha,2024-07-11,20:34,8,22.3755,114.2707,10.0,Globe at Night Monitoring Network (GaN-MN). Continuous SQM-LE sky brightness data. https://globeatnight.org/gan-mn/. Station registry: http://globeatnight-network.org/,"GaN-MN station AP (Hong Kong Astropark, Sai Kung); photometric inflection method; night median MSAS=18.96; MSAS at inflection=17.93; depression=17.79°; smoothing=5-pt median; dark rows=1094"
fajr,2024-07-12,05:10,8,22.3755,114.2707,10.0,Globe at Night Monitoring Network (GaN-MN). Continuous SQM-LE sky brightness data. https://globeatnight.org/gan-mn/. Station registry: http://globeatnight-network.org/,"GaN-MN station AP (Hong Kong Astropark, Sai Kung); photometric inflection method; night median MSAS=18.96; MSAS at inflection=16.88; depression=8.39°; smoothing=5-pt median; dark rows=1094"
fajr,2024-07-13,04:44,8,22.3755,114.2707,10.0,Globe at Night Monitoring Network (GaN-MN). Continuous SQM-LE sky brightness data. https://globeatnight.org/gan-mn/. Station registry: http://globeatnight-network.org/,"GaN-MN station AP (Hong Kong Astropark, Sai Kung); photometric inflection method; night median MSAS=18.93; MSAS at inflection=20.28; depression=13.63°; smoothing=5-pt median; dark rows=1096"
fajr,2024-07-14,05:11,8,22.3755,114.2707,10.0,Globe at Night Monitoring Network (GaN-MN). Continuous SQM-LE sky brightness data. https://globeatnight.org/gan-mn/. Station registry: http://globeatnight-network.org/,"GaN-MN station AP (Hong Kong Astropark, Sai Kung); photometric inflection method; night median MSAS=18.75; MSAS at inflection=16.84; depression=8.38°; smoothing=5-pt median; dark rows=1097"
fajr,2024-07-17,05:08,8,22.3755,114.2707,10.0,Globe at Night Monitoring Network (GaN-MN). Continuous SQM-LE sky brightness data. https://globeatnight.org/gan-mn/. Station registry: http://globeatnight-network.org/,"GaN-MN station AP (Hong Kong Astropark, Sai Kung); photometric inflection method; night median MSAS=18.81; MSAS at inflection=17.25; depression=9.19°; smoothing=5-pt median; dark rows=1102"
isha,2024-07-17,20:40,8,22.3755,114.2707,10.0,Globe at Night Monitoring Network (GaN-MN). Continuous SQM-LE sky brightness data. https://globeatnight.org/gan-mn/. Station registry: http://globeatnight-network.org/,"GaN-MN station AP (Hong Kong Astropark, Sai Kung); photometric inflection method; night median MSAS=19.00; MSAS at inflection=17.87; depression=19.25°; smoothing=5-pt median; dark rows=1103"
fajr,2024-07-18,04:48,8,22.3755,114.2707,10.0,Globe at Night Monitoring Network (GaN-MN). Continuous SQM-LE sky brightness data. https://globeatnight.org/gan-mn/. Station registry: http://globeatnight-network.org/,"GaN-MN station AP (Hong Kong Astropark, Sai Kung); photometric inflection method; night median MSAS=19.00; MSAS at inflection=19.22; depression=13.35°; smoothing=5-pt median; dark rows=1103"
fajr,2024-07-19,04:22,8,22.3755,114.2707,10.0,Globe at Night Monitoring Network (GaN-MN). Continuous SQM-LE sky brightness data. https://globeatnight.org/gan-mn/. Station registry: http://globeatnight-network.org/,"GaN-MN station AP (Hong Kong Astropark, Sai Kung); photometric inflection method; night median MSAS=18.07; MSAS at inflection=19.25; depression=18.58°; smoothing=5-pt median; dark rows=1104"
fajr,2024-07-20,05:18,8,22.3755,114.2707,10.0,Globe at Night Monitoring Network (GaN-MN). Continuous SQM-LE sky brightness data. https://globeatnight.org/gan-mn/. Station registry: http://globeatnight-network.org/,"GaN-MN station AP (Hong Kong Astropark, Sai Kung); photometric inflection method; night median MSAS=17.71; MSAS at inflection=15.36; depression=7.39°; smoothing=5-pt median; dark rows=1107"
isha,2024-07-20,20:19,8,22.3755,114.2707,10.0,Globe at Night Monitoring Network (GaN-MN). Continuous SQM-LE sky brightness data. https://globeatnight.org/gan-mn/. Station registry: http://globeatnight-network.org/,"GaN-MN station AP (Hong Kong Astropark, Sai Kung); photometric inflection method; night median MSAS=17.97; MSAS at inflection=18.26; depression=15.50°; smoothing=5-pt median; dark rows=1109"
isha,2024-07-23,19:37,8,22.3755,114.2707,10.0,Globe at Night Monitoring Network (GaN-MN). Continuous SQM-LE sky brightness data. https://globeatnight.org/gan-mn/. Station registry: http://globeatnight-network.org/,"GaN-MN station AP (Hong Kong Astropark, Sai Kung); photometric inflection method; night median MSAS=17.78; MSAS at inflection=15.49; depression=7.23°; smoothing=5-pt median; dark rows=1114"
fajr,2024-07-24,05:20,8,22.3755,114.2707,10.0,Globe at Night Monitoring Network (GaN-MN). Continuous SQM-LE sky brightness data. https://globeatnight.org/gan-mn/. Station registry: http://globeatnight-network.org/,"GaN-MN station AP (Hong Kong Astropark, Sai Kung); photometric inflection method; night median MSAS=17.78; MSAS at inflection=15.55; depression=7.26°; smoothing=5-pt median; dark rows=1114"
isha,2024-07-25,19:41,8,22.3755,114.2707,10.0,Globe at Night Monitoring Network (GaN-MN). Continuous SQM-LE sky brightness data. https://globeatnight.org/gan-mn/. Station registry: http://globeatnight-network.org/,"GaN-MN station AP (Hong Kong Astropark, Sai Kung); photometric inflection method; night median MSAS=17.72; MSAS at inflection=15.91; depression=8.29°; smoothing=5-pt median; dark rows=1118"
fajr,2024-07-26,04:21,8,22.3755,114.2707,10.0,Globe at Night Monitoring Network (GaN-MN). Continuous SQM-LE sky brightness data. https://globeatnight.org/gan-mn/. Station registry: http://globeatnight-network.org/,"GaN-MN station AP (Hong Kong Astropark, Sai Kung); photometric inflection method; night median MSAS=17.72; MSAS at inflection=18.60; depression=19.52°; smoothing=5-pt median; dark rows=1118"
isha,2024-07-26,19:58,8,22.3755,114.2707,10.0,Globe at Night Monitoring Network (GaN-MN). Continuous SQM-LE sky brightness data. https://globeatnight.org/gan-mn/. Station registry: http://globeatnight-network.org/,"GaN-MN station AP (Hong Kong Astropark, Sai Kung); photometric inflection method; night median MSAS=17.96; MSAS at inflection=18.04; depression=11.83°; smoothing=5-pt median; dark rows=1120"
isha,2024-07-27,19:38,8,22.3755,114.2707,10.0,Globe at Night Monitoring Network (GaN-MN). Continuous SQM-LE sky brightness data. https://globeatnight.org/gan-mn/. Station registry: http://globeatnight-network.org/,"GaN-MN station AP (Hong Kong Astropark, Sai Kung); photometric inflection method; night median MSAS=18.21; MSAS at inflection=16.68; depression=7.75°; smoothing=5-pt median; dark rows=1122"
fajr,2024-07-28,04:27,8,22.3755,114.2707,10.0,Globe at Night Monitoring Network (GaN-MN). Continuous SQM-LE sky brightness data. https://globeatnight.org/gan-mn/. Station registry: http://globeatnight-network.org/,"GaN-MN station AP (Hong Kong Astropark, Sai Kung); photometric inflection method; night median MSAS=18.21; MSAS at inflection=18.93; depression=18.68°; smoothing=5-pt median; dark rows=1122"
isha,2024-07-28,20:24,8,22.3755,114.2707,10.0,Globe at Night Monitoring Network (GaN-MN). Continuous SQM-LE sky brightness data. https://globeatnight.org/gan-mn/. Station registry: http://globeatnight-network.org/,"GaN-MN station AP (Hong Kong Astropark, Sai Kung); photometric inflection method; night median MSAS=18.42; MSAS at inflection=18.03; depression=17.36°; smoothing=5-pt median; dark rows=1124"
fajr,2024-07-29,04:11,8,22.3755,114.2707,10.0,Globe at Night Monitoring Network (GaN-MN). Continuous SQM-LE sky brightness data. https://globeatnight.org/gan-mn/. Station registry: http://globeatnight-network.org/,"GaN-MN station AP (Hong Kong Astropark, Sai Kung); photometric inflection method; night median MSAS=18.42; MSAS at inflection=18.68; depression=21.94°; smoothing=5-pt median; dark rows=1124"
fajr,2024-07-31,05:11,8,22.3755,114.2707,10.0,Globe at Night Monitoring Network (GaN-MN). Continuous SQM-LE sky brightness data. https://globeatnight.org/gan-mn/. Station registry: http://globeatnight-network.org/,"GaN-MN station AP (Hong Kong Astropark, Sai Kung); photometric inflection method; night median MSAS=18.38; MSAS at inflection=17.16; depression=9.91°; smoothing=5-pt median; dark rows=1128"
fajr,2024-08-01,04:50,8,22.3755,114.2707,10.0,Globe at Night Monitoring Network (GaN-MN). Continuous SQM-LE sky brightness data. https://globeatnight.org/gan-mn/. Station registry: http://globeatnight-network.org/,"GaN-MN station AP (Hong Kong Astropark, Sai Kung); photometric inflection method; night median MSAS=19.36; MSAS at inflection=19.60; depression=14.39°; smoothing=5-pt median; dark rows=1086"
isha,2024-06-30,22:23,-5,35.95,-92.5833,220.0,Globe at Night Monitoring Network (GaN-MN). Continuous SQM-LE sky brightness data. https://globeatnight.org/gan-mn/. Station registry: http://globeatnight-network.org/,"GaN-MN station BMCO (Big Music Creek, Arkansas, USA); photometric inflection method; night median MSAS=21.35; MSAS at inflection=21.80; depression=18.47°; smoothing=5-pt median; dark rows=344"
fajr,2024-07-01,04:06,-5,35.95,-92.5833,220.0,Globe at Night Monitoring Network (GaN-MN). Continuous SQM-LE sky brightness data. https://globeatnight.org/gan-mn/. Station registry: http://globeatnight-network.org/,"GaN-MN station BMCO (Big Music Creek, Arkansas, USA); photometric inflection method; night median MSAS=21.35; MSAS at inflection=20.78; depression=18.35°; smoothing=5-pt median; dark rows=344"
isha,2024-07-01,22:39,-5,35.95,-92.5833,220.0,Globe at Night Monitoring Network (GaN-MN). Continuous SQM-LE sky brightness data. https://globeatnight.org/gan-mn/. Station registry: http://globeatnight-network.org/,"GaN-MN station BMCO (Big Music Creek, Arkansas, USA); photometric inflection method; night median MSAS=21.68; MSAS at inflection=21.86; depression=20.59°; smoothing=5-pt median; dark rows=345"
fajr,2024-07-02,03:54,-5,35.95,-92.5833,220.0,Globe at Night Monitoring Network (GaN-MN). Continuous SQM-LE sky brightness data. https://globeatnight.org/gan-mn/. Station registry: http://globeatnight-network.org/,"GaN-MN station BMCO (Big Music Creek, Arkansas, USA); photometric inflection method; night median MSAS=21.68; MSAS at inflection=21.43; depression=19.98°; smoothing=5-pt median; dark rows=345"
isha,2024-07-02,22:46,-5,35.95,-92.5833,220.0,Globe at Night Monitoring Network (GaN-MN). Continuous SQM-LE sky brightness data. https://globeatnight.org/gan-mn/. Station registry: http://globeatnight-network.org/,"GaN-MN station BMCO (Big Music Creek, Arkansas, USA); photometric inflection method; night median MSAS=21.62; MSAS at inflection=21.77; depression=21.52°; smoothing=5-pt median; dark rows=346"
fajr,2024-07-03,04:00,-5,35.95,-92.5833,220.0,Globe at Night Monitoring Network (GaN-MN). Continuous SQM-LE sky brightness data. https://globeatnight.org/gan-mn/. Station registry: http://globeatnight-network.org/,"GaN-MN station BMCO (Big Music Creek, Arkansas, USA); photometric inflection method; night median MSAS=21.62; MSAS at inflection=21.56; depression=19.28°; smoothing=5-pt median; dark rows=346"
isha,2024-07-03,22:30,-5,35.95,-92.5833,220.0,Globe at Night Monitoring Network (GaN-MN). Continuous SQM-LE sky brightness data. https://globeatnight.org/gan-mn/. Station registry: http://globeatnight-network.org/,"GaN-MN station BMCO (Big Music Creek, Arkansas, USA); photometric inflection method; night median MSAS=21.48; MSAS at inflection=21.72; depression=19.58°; smoothing=5-pt median; dark rows=347"
isha,2024-07-04,22:21,-5,35.95,-92.5833,220.0,Globe at Night Monitoring Network (GaN-MN). Continuous SQM-LE sky brightness data. https://globeatnight.org/gan-mn/. Station registry: http://globeatnight-network.org/,"GaN-MN station BMCO (Big Music Creek, Arkansas, USA); photometric inflection method; night median MSAS=21.07; MSAS at inflection=19.79; depression=18.46°; smoothing=5-pt median; dark rows=349"
fajr,2024-07-05,03:43,-5,35.95,-92.5833,220.0,Globe at Night Monitoring Network (GaN-MN). Continuous SQM-LE sky brightness data. https://globeatnight.org/gan-mn/. Station registry: http://globeatnight-network.org/,"GaN-MN station BMCO (Big Music Creek, Arkansas, USA); photometric inflection method; night median MSAS=21.07; MSAS at inflection=21.45; depression=21.59°; smoothing=5-pt median; dark rows=349"
isha,2024-07-05,22:22,-5,35.95,-92.5833,220.0,Globe at Night Monitoring Network (GaN-MN). Continuous SQM-LE sky brightness data. https://globeatnight.org/gan-mn/. Station registry: http://globeatnight-network.org/,"GaN-MN station BMCO (Big Music Creek, Arkansas, USA); photometric inflection method; night median MSAS=21.18; MSAS at inflection=21.14; depression=18.53°; smoothing=5-pt median; dark rows=349"
isha,2024-07-07,22:20,-5,35.95,-92.5833,220.0,Globe at Night Monitoring Network (GaN-MN). Continuous SQM-LE sky brightness data. https://globeatnight.org/gan-mn/. Station registry: http://globeatnight-network.org/,"GaN-MN station BMCO (Big Music Creek, Arkansas, USA); photometric inflection method; night median MSAS=21.49; MSAS at inflection=21.03; depression=18.44°; smoothing=5-pt median; dark rows=353"
fajr,2024-07-08,03:48,-5,35.95,-92.5833,220.0,Globe at Night Monitoring Network (GaN-MN). Continuous SQM-LE sky brightness data. https://globeatnight.org/gan-mn/. Station registry: http://globeatnight-network.org/,"GaN-MN station BMCO (Big Music Creek, Arkansas, USA); photometric inflection method; night median MSAS=21.49; MSAS at inflection=21.32; depression=21.38°; smoothing=5-pt median; dark rows=353"
isha,2024-07-08,22:46,-5,35.95,-92.5833,220.0,Globe at Night Monitoring Network (GaN-MN). Continuous SQM-LE sky brightness data. https://globeatnight.org/gan-mn/. Station registry: http://globeatnight-network.org/,"GaN-MN station BMCO (Big Music Creek, Arkansas, USA); photometric inflection method; night median MSAS=21.40; MSAS at inflection=21.26; depression=21.91°; smoothing=5-pt median; dark rows=353"
fajr,2024-07-09,04:00,-5,35.95,-92.5833,220.0,Globe at Night Monitoring Network (GaN-MN). Continuous SQM-LE sky brightness data. https://globeatnight.org/gan-mn/. Station registry: http://globeatnight-network.org/,"GaN-MN station BMCO (Big Music Creek, Arkansas, USA); photometric inflection method; night median MSAS=21.40; MSAS at inflection=21.94; depression=19.94°; smoothing=5-pt median; dark rows=353"
fajr,2024-07-10,03:55,-5,35.95,-92.5833,220.0,Globe at Night Monitoring Network (GaN-MN). Continuous SQM-LE sky brightness data. https://globeatnight.org/gan-mn/. Station registry: http://globeatnight-network.org/,"GaN-MN station BMCO (Big Music Creek, Arkansas, USA); photometric inflection method; night median MSAS=21.44; MSAS at inflection=21.37; depression=20.70°; smoothing=5-pt median; dark rows=355"
isha,2024-07-11,21:05,9,35.8714,128.6014,55.0,Globe at Night Monitoring Network (GaN-MN). Continuous SQM-LE sky brightness data. https://globeatnight.org/gan-mn/. Station registry: http://globeatnight-network.org/,"GaN-MN station DNSM (Daegu National Science Museum, Korea); photometric inflection method; night median MSAS=17.74; MSAS at inflection=16.30; depression=14.48°; smoothing=5-pt median; dark rows=935"
isha,2024-07-12,21:09,9,35.8714,128.6014,55.0,Globe at Night Monitoring Network (GaN-MN). Continuous SQM-LE sky brightness data. https://globeatnight.org/gan-mn/. Station registry: http://globeatnight-network.org/,"GaN-MN station DNSM (Daegu National Science Museum, Korea); photometric inflection method; night median MSAS=17.77; MSAS at inflection=17.15; depression=15.17°; smoothing=5-pt median; dark rows=938"
isha,2024-07-19,21:11,9,35.8714,128.6014,55.0,Globe at Night Monitoring Network (GaN-MN). Continuous SQM-LE sky brightness data. https://globeatnight.org/gan-mn/. Station registry: http://globeatnight-network.org/,"GaN-MN station DNSM (Daegu National Science Museum, Korea); photometric inflection method; night median MSAS=18.01; MSAS at inflection=17.57; depression=16.19°; smoothing=5-pt median; dark rows=958"
isha,2024-07-02,01:35,2,45.6667,7.5167,1490.0,Globe at Night Monitoring Network (GaN-MN). Continuous SQM-LE sky brightness data. https://globeatnight.org/gan-mn/. Station registry: http://globeatnight-network.org/,"GaN-MN station Dal (Promiod, Aosta Valley, Italy); photometric inflection method; night median MSAS=21.41; MSAS at inflection=21.10; depression=21.32°; smoothing=5-pt median; dark rows=37"
fajr,2024-07-02,02:00,2,45.6667,7.5167,1490.0,Globe at Night Monitoring Network (GaN-MN). Continuous SQM-LE sky brightness data. https://globeatnight.org/gan-mn/. Station registry: http://globeatnight-network.org/,"GaN-MN station Dal (Promiod, Aosta Valley, Italy); photometric inflection method; night median MSAS=21.41; MSAS at inflection=21.20; depression=21.06°; smoothing=5-pt median; dark rows=37"
isha,2024-07-03,01:30,2,45.6667,7.5167,1490.0,Globe at Night Monitoring Network (GaN-MN). Continuous SQM-LE sky brightness data. https://globeatnight.org/gan-mn/. Station registry: http://globeatnight-network.org/,"GaN-MN station Dal (Promiod, Aosta Valley, Italy); photometric inflection method; night median MSAS=21.23; MSAS at inflection=20.96; depression=21.39°; smoothing=5-pt median; dark rows=38"
fajr,2024-07-03,03:05,2,45.6667,7.5167,1490.0,Globe at Night Monitoring Network (GaN-MN). Continuous SQM-LE sky brightness data. https://globeatnight.org/gan-mn/. Station registry: http://globeatnight-network.org/,"GaN-MN station Dal (Promiod, Aosta Valley, Italy); photometric inflection method; night median MSAS=21.23; MSAS at inflection=21.35; depression=18.36°; smoothing=5-pt median; dark rows=38"
fajr,2024-07-04,03:05,2,45.6667,7.5167,1490.0,Globe at Night Monitoring Network (GaN-MN). Continuous SQM-LE sky brightness data. https://globeatnight.org/gan-mn/. Station registry: http://globeatnight-network.org/,"GaN-MN station Dal (Promiod, Aosta Valley, Italy); photometric inflection method; night median MSAS=21.58; MSAS at inflection=21.42; depression=18.46°; smoothing=5-pt median; dark rows=38"
fajr,2024-07-05,01:35,2,45.6667,7.5167,1490.0,Globe at Night Monitoring Network (GaN-MN). Continuous SQM-LE sky brightness data. https://globeatnight.org/gan-mn/. Station registry: http://globeatnight-network.org/,"GaN-MN station Dal (Promiod, Aosta Valley, Italy); photometric inflection method; night median MSAS=21.63; MSAS at inflection=21.63; depression=21.58°; smoothing=5-pt median; dark rows=39"
isha,2024-07-06,00:00,2,45.6667,7.5167,1490.0,Globe at Night Monitoring Network (GaN-MN). Continuous SQM-LE sky brightness data. https://globeatnight.org/gan-mn/. Station registry: http://globeatnight-network.org/,"GaN-MN station Dal (Promiod, Aosta Valley, Italy); photometric inflection method; night median MSAS=19.98; MSAS at inflection=19.89; depression=18.37°; smoothing=5-pt median; dark rows=39"
fajr,2024-07-06,03:10,2,45.6667,7.5167,1490.0,Globe at Night Monitoring Network (GaN-MN). Continuous SQM-LE sky brightness data. https://globeatnight.org/gan-mn/. Station registry: http://globeatnight-network.org/,"GaN-MN station Dal (Promiod, Aosta Valley, Italy); photometric inflection method; night median MSAS=19.98; MSAS at inflection=19.97; depression=18.33°; smoothing=5-pt median; dark rows=39"
isha,2024-07-06,23:55,2,45.6667,7.5167,1490.0,Globe at Night Monitoring Network (GaN-MN). Continuous SQM-LE sky brightness data. https://globeatnight.org/gan-mn/. Station registry: http://globeatnight-network.org/,"GaN-MN station Dal (Promiod, Aosta Valley, Italy); photometric inflection method; night median MSAS=19.69; MSAS at inflection=19.57; depression=18.11°; smoothing=5-pt median; dark rows=40"
fajr,2024-07-07,01:55,2,45.6667,7.5167,1490.0,Globe at Night Monitoring Network (GaN-MN). Continuous SQM-LE sky brightness data. https://globeatnight.org/gan-mn/. Station registry: http://globeatnight-network.org/,"GaN-MN station Dal (Promiod, Aosta Valley, Italy); photometric inflection method; night median MSAS=19.69; MSAS at inflection=19.70; depression=21.63°; smoothing=5-pt median; dark rows=40"
fajr,2024-07-08,03:15,2,45.6667,7.5167,1490.0,Globe at Night Monitoring Network (GaN-MN). Continuous SQM-LE sky brightness data. https://globeatnight.org/gan-mn/. Station registry: http://globeatnight-network.org/,"GaN-MN station Dal (Promiod, Aosta Valley, Italy); photometric inflection method; night median MSAS=21.16; MSAS at inflection=21.23; depression=18.21°; smoothing=5-pt median; dark rows=41"
fajr,2024-07-09,03:15,2,45.6667,7.5167,1490.0,Globe at Night Monitoring Network (GaN-MN). Continuous SQM-LE sky brightness data. https://globeatnight.org/gan-mn/. Station registry: http://globeatnight-network.org/,"GaN-MN station Dal (Promiod, Aosta Valley, Italy); photometric inflection method; night median MSAS=21.31; MSAS at inflection=21.28; depression=18.34°; smoothing=5-pt median; dark rows=41"
isha,2024-07-10,00:30,2,45.6667,7.5167,1490.0,Globe at Night Monitoring Network (GaN-MN). Continuous SQM-LE sky brightness data. https://globeatnight.org/gan-mn/. Station registry: http://globeatnight-network.org/,"GaN-MN station Dal (Promiod, Aosta Valley, Italy); photometric inflection method; night median MSAS=21.19; MSAS at inflection=20.94; depression=20.53°; smoothing=5-pt median; dark rows=41"
fajr,2024-07-10,03:15,2,45.6667,7.5167,1490.0,Globe at Night Monitoring Network (GaN-MN). Continuous SQM-LE sky brightness data. https://globeatnight.org/gan-mn/. Station registry: http://globeatnight-network.org/,"GaN-MN station Dal (Promiod, Aosta Valley, Italy); photometric inflection method; night median MSAS=21.19; MSAS at inflection=21.19; depression=18.47°; smoothing=5-pt median; dark rows=41"
isha,2024-07-11,01:05,2,45.6667,7.5167,1490.0,Globe at Night Monitoring Network (GaN-MN). Continuous SQM-LE sky brightness data. https://globeatnight.org/gan-mn/. Station registry: http://globeatnight-network.org/,"GaN-MN station Dal (Promiod, Aosta Valley, Italy); photometric inflection method; night median MSAS=21.39; MSAS at inflection=21.41; depression=21.91°; smoothing=5-pt median; dark rows=43"
isha,2024-07-12,00:00,2,45.6667,7.5167,1490.0,Globe at Night Monitoring Network (GaN-MN). Continuous SQM-LE sky brightness data. https://globeatnight.org/gan-mn/. Station registry: http://globeatnight-network.org/,"GaN-MN station Dal (Promiod, Aosta Valley, Italy); photometric inflection method; night median MSAS=19.55; MSAS at inflection=19.46; depression=19.00°; smoothing=5-pt median; dark rows=43"
fajr,2024-07-12,02:55,2,45.6667,7.5167,1490.0,Globe at Night Monitoring Network (GaN-MN). Continuous SQM-LE sky brightness data. https://globeatnight.org/gan-mn/. Station registry: http://globeatnight-network.org/,"GaN-MN station Dal (Promiod, Aosta Valley, Italy); photometric inflection method; night median MSAS=19.55; MSAS at inflection=19.52; depression=20.05°; smoothing=5-pt median; dark rows=43"
isha,2024-07-12,23:50,2,45.6667,7.5167,1490.0,Globe at Night Monitoring Network (GaN-MN). Continuous SQM-LE sky brightness data. https://globeatnight.org/gan-mn/. Station registry: http://globeatnight-network.org/,"GaN-MN station Dal (Promiod, Aosta Valley, Italy); photometric inflection method; night median MSAS=21.41; MSAS at inflection=21.34; depression=18.40°; smoothing=5-pt median; dark rows=44"
isha,2024-07-13,23:45,2,45.6667,7.5167,1490.0,Globe at Night Monitoring Network (GaN-MN). Continuous SQM-LE sky brightness data. https://globeatnight.org/gan-mn/. Station registry: http://globeatnight-network.org/,"GaN-MN station Dal (Promiod, Aosta Valley, Italy); photometric inflection method; night median MSAS=21.40; MSAS at inflection=21.12; depression=18.14°; smoothing=5-pt median; dark rows=45"
isha,2024-07-14,23:45,2,45.6667,7.5167,1490.0,Globe at Night Monitoring Network (GaN-MN). Continuous SQM-LE sky brightness data. https://globeatnight.org/gan-mn/. Station registry: http://globeatnight-network.org/,"GaN-MN station Dal (Promiod, Aosta Valley, Italy); photometric inflection method; night median MSAS=21.24; MSAS at inflection=20.62; depression=18.28°; smoothing=5-pt median; dark rows=45"
isha,2024-07-15,23:45,2,45.6667,7.5167,1490.0,Globe at Night Monitoring Network (GaN-MN). Continuous SQM-LE sky brightness data. https://globeatnight.org/gan-mn/. Station registry: http://globeatnight-network.org/,"GaN-MN station Dal (Promiod, Aosta Valley, Italy); photometric inflection method; night median MSAS=20.81; MSAS at inflection=19.45; depression=18.42°; smoothing=5-pt median; dark rows=46"
fajr,2024-07-16,03:25,2,45.6667,7.5167,1490.0,Globe at Night Monitoring Network (GaN-MN). Continuous SQM-LE sky brightness data. https://globeatnight.org/gan-mn/. Station registry: http://globeatnight-network.org/,"GaN-MN station Dal (Promiod, Aosta Valley, Italy); photometric inflection method; night median MSAS=20.81; MSAS at inflection=20.73; depression=18.60°; smoothing=5-pt median; dark rows=46"
isha,2024-07-16,23:50,2,45.6667,7.5167,1490.0,Globe at Night Monitoring Network (GaN-MN). Continuous SQM-LE sky brightness data. https://globeatnight.org/gan-mn/. Station registry: http://globeatnight-network.org/,"GaN-MN station Dal (Promiod, Aosta Valley, Italy); photometric inflection method; night median MSAS=20.71; MSAS at inflection=20.10; depression=18.97°; smoothing=5-pt median; dark rows=47"
fajr,2024-07-17,03:30,2,45.6667,7.5167,1490.0,Globe at Night Monitoring Network (GaN-MN). Continuous SQM-LE sky brightness data. https://globeatnight.org/gan-mn/. Station registry: http://globeatnight-network.org/,"GaN-MN station Dal (Promiod, Aosta Valley, Italy); photometric inflection method; night median MSAS=20.71; MSAS at inflection=20.92; depression=18.37°; smoothing=5-pt median; dark rows=47"
isha,2024-07-18,00:05,2,45.6667,7.5167,1490.0,Globe at Night Monitoring Network (GaN-MN). Continuous SQM-LE sky brightness data. https://globeatnight.org/gan-mn/. Station registry: http://globeatnight-network.org/,"GaN-MN station Dal (Promiod, Aosta Valley, Italy); photometric inflection method; night median MSAS=20.43; MSAS at inflection=19.54; depression=20.21°; smoothing=5-pt median; dark rows=47"
fajr,2024-07-18,03:30,2,45.6667,7.5167,1490.0,Globe at Night Monitoring Network (GaN-MN). Continuous SQM-LE sky brightness data. https://globeatnight.org/gan-mn/. Station registry: http://globeatnight-network.org/,"GaN-MN station Dal (Promiod, Aosta Valley, Italy); photometric inflection method; night median MSAS=20.43; MSAS at inflection=21.11; depression=18.54°; smoothing=5-pt median; dark rows=47"
fajr,2024-07-20,02:45,2,45.6667,7.5167,1490.0,Globe at Night Monitoring Network (GaN-MN). Continuous SQM-LE sky brightness data. https://globeatnight.org/gan-mn/. Station registry: http://globeatnight-network.org/,"GaN-MN station Dal (Promiod, Aosta Valley, Italy); photometric inflection method; night median MSAS=19.19; MSAS at inflection=19.60; depression=21.92°; smoothing=5-pt median; dark rows=49"
fajr,2024-07-21,03:40,2,45.6667,7.5167,1490.0,Globe at Night Monitoring Network (GaN-MN). Continuous SQM-LE sky brightness data. https://globeatnight.org/gan-mn/. Station registry: http://globeatnight-network.org/,"GaN-MN station Dal (Promiod, Aosta Valley, Italy); photometric inflection method; night median MSAS=18.23; MSAS at inflection=18.71; depression=18.22°; smoothing=5-pt median; dark rows=50"
fajr,2024-07-24,03:45,2,45.6667,7.5167,1490.0,Globe at Night Monitoring Network (GaN-MN). Continuous SQM-LE sky brightness data. https://globeatnight.org/gan-mn/. Station registry: http://globeatnight-network.org/,"GaN-MN station Dal (Promiod, Aosta Valley, Italy); photometric inflection method; night median MSAS=19.40; MSAS at inflection=18.15; depression=18.34°; smoothing=5-pt median; dark rows=52"
fajr,2024-07-25,03:45,2,45.6667,7.5167,1490.0,Globe at Night Monitoring Network (GaN-MN). Continuous SQM-LE sky brightness data. https://globeatnight.org/gan-mn/. Station registry: http://globeatnight-network.org/,"GaN-MN station Dal (Promiod, Aosta Valley, Italy); photometric inflection method; night median MSAS=19.50; MSAS at inflection=18.13; depression=18.54°; smoothing=5-pt median; dark rows=53"
isha,2024-07-30,23:20,2,45.6667,7.5167,1490.0,Globe at Night Monitoring Network (GaN-MN). Continuous SQM-LE sky brightness data. https://globeatnight.org/gan-mn/. Station registry: http://globeatnight-network.org/,"GaN-MN station Dal (Promiod, Aosta Valley, Italy); photometric inflection method; night median MSAS=21.28; MSAS at inflection=20.02; depression=19.04°; smoothing=5-pt median; dark rows=58"
fajr,2024-07-31,04:00,2,45.6667,7.5167,1490.0,Globe at Night Monitoring Network (GaN-MN). Continuous SQM-LE sky brightness data. https://globeatnight.org/gan-mn/. Station registry: http://globeatnight-network.org/,"GaN-MN station Dal (Promiod, Aosta Valley, Italy); photometric inflection method; night median MSAS=21.28; MSAS at inflection=21.32; depression=18.34°; smoothing=5-pt median; dark rows=58"
fajr,2024-07-03,05:07,8,22.4924,114.1393,20.0,Globe at Night Monitoring Network (GaN-MN). Continuous SQM-LE sky brightness data. https://globeatnight.org/gan-mn/. Station registry: http://globeatnight-network.org/,"GaN-MN station FKYC (Fanling, Hong Kong); photometric inflection method; night median MSAS=18.32; MSAS at inflection=16.14; depression=8.19°; smoothing=5-pt median; dark rows=1083"
isha,2024-07-06,19:50,8,22.4924,114.1393,20.0,Globe at Night Monitoring Network (GaN-MN). Continuous SQM-LE sky brightness data. https://globeatnight.org/gan-mn/. Station registry: http://globeatnight-network.org/,"GaN-MN station FKYC (Fanling, Hong Kong); photometric inflection method; night median MSAS=18.76; MSAS at inflection=16.90; depression=8.70°; smoothing=5-pt median; dark rows=1087"
fajr,2024-07-11,04:57,8,22.4924,114.1393,20.0,Globe at Night Monitoring Network (GaN-MN). Continuous SQM-LE sky brightness data. https://globeatnight.org/gan-mn/. Station registry: http://globeatnight-network.org/,"GaN-MN station FKYC (Fanling, Hong Kong); photometric inflection method; night median MSAS=18.53; MSAS at inflection=18.62; depression=10.93°; smoothing=5-pt median; dark rows=1092"
fajr,2024-07-12,05:02,8,22.4924,114.1393,20.0,Globe at Night Monitoring Network (GaN-MN). Continuous SQM-LE sky brightness data. https://globeatnight.org/gan-mn/. Station registry: http://globeatnight-network.org/,"GaN-MN station FKYC (Fanling, Hong Kong); photometric inflection method; night median MSAS=18.17; MSAS at inflection=18.26; depression=10.01°; smoothing=5-pt median; dark rows=1093"
isha,2024-07-17,20:35,8,22.4924,114.1393,20.0,Globe at Night Monitoring Network (GaN-MN). Continuous SQM-LE sky brightness data. https://globeatnight.org/gan-mn/. Station registry: http://globeatnight-network.org/,"GaN-MN station FKYC (Fanling, Hong Kong); photometric inflection method; night median MSAS=17.87; MSAS at inflection=17.12; depression=18.12°; smoothing=5-pt median; dark rows=1102"
isha,2024-07-31,19:51,8,22.4924,114.1393,20.0,Globe at Night Monitoring Network (GaN-MN). Continuous SQM-LE sky brightness data. https://globeatnight.org/gan-mn/. Station registry: http://globeatnight-network.org/,"GaN-MN station FKYC (Fanling, Hong Kong); photometric inflection method; night median MSAS=18.01; MSAS at inflection=17.54; depression=10.72°; smoothing=5-pt median; dark rows=1128"
fajr,2024-07-04,02:18,2,54.352,18.6466,5.0,Globe at Night Monitoring Network (GaN-MN). Continuous SQM-LE sky brightness data. https://globeatnight.org/gan-mn/. Station registry: http://globeatnight-network.org/,"GaN-MN station GUT (Gdansk University of Technology, Poland); photometric inflection method; night median MSAS=18.28; MSAS at inflection=17.70; depression=10.51°; smoothing=5-pt median; dark rows=390"
isha,2024-07-05,23:11,2,54.352,18.6466,5.0,Globe at Night Monitoring Network (GaN-MN). Continuous SQM-LE sky brightness data. https://globeatnight.org/gan-mn/. Station registry: http://globeatnight-network.org/,"GaN-MN station GUT (Gdansk University of Technology, Poland); photometric inflection method; night median MSAS=18.29; MSAS at inflection=17.38; depression=10.13°; smoothing=5-pt median; dark rows=210"
isha,2024-07-09,23:07,2,54.352,18.6466,5.0,Globe at Night Monitoring Network (GaN-MN). Continuous SQM-LE sky brightness data. https://globeatnight.org/gan-mn/. Station registry: http://globeatnight-network.org/,"GaN-MN station GUT (Gdansk University of Technology, Poland); photometric inflection method; night median MSAS=18.05; MSAS at inflection=16.66; depression=10.31°; smoothing=5-pt median; dark rows=365"
fajr,2024-07-12,00:36,2,54.352,18.6466,5.0,Globe at Night Monitoring Network (GaN-MN). Continuous SQM-LE sky brightness data. https://globeatnight.org/gan-mn/. Station registry: http://globeatnight-network.org/,"GaN-MN station GUT (Gdansk University of Technology, Poland); photometric inflection method; night median MSAS=18.34; MSAS at inflection=18.49; depression=13.66°; smoothing=5-pt median; dark rows=309"
isha,2024-07-14,00:25,2,54.352,18.6466,5.0,Globe at Night Monitoring Network (GaN-MN). Continuous SQM-LE sky brightness data. https://globeatnight.org/gan-mn/. Station registry: http://globeatnight-network.org/,"GaN-MN station GUT (Gdansk University of Technology, Poland); photometric inflection method; night median MSAS=18.46; MSAS at inflection=18.41; depression=13.81°; smoothing=5-pt median; dark rows=322"
isha,2024-07-14,23:21,2,54.352,18.6466,5.0,Globe at Night Monitoring Network (GaN-MN). Continuous SQM-LE sky brightness data. https://globeatnight.org/gan-mn/. Station registry: http://globeatnight-network.org/,"GaN-MN station GUT (Gdansk University of Technology, Poland); photometric inflection method; night median MSAS=17.69; MSAS at inflection=17.27; depression=11.76°; smoothing=5-pt median; dark rows=300"
fajr,2024-07-15,00:29,2,54.352,18.6466,5.0,Globe at Night Monitoring Network (GaN-MN). Continuous SQM-LE sky brightness data. https://globeatnight.org/gan-mn/. Station registry: http://globeatnight-network.org/,"GaN-MN station GUT (Gdansk University of Technology, Poland); photometric inflection method; night median MSAS=17.69; MSAS at inflection=17.94; depression=14.02°; smoothing=5-pt median; dark rows=300"
isha,2024-07-17,23:11,2,54.352,18.6466,5.0,Globe at Night Monitoring Network (GaN-MN). Continuous SQM-LE sky brightness data. https://globeatnight.org/gan-mn/. Station registry: http://globeatnight-network.org/,"GaN-MN station GUT (Gdansk University of Technology, Poland); photometric inflection method; night median MSAS=18.35; MSAS at inflection=18.08; depression=11.65°; smoothing=5-pt median; dark rows=454"
fajr,2024-07-19,02:41,2,54.352,18.6466,5.0,Globe at Night Monitoring Network (GaN-MN). Continuous SQM-LE sky brightness data. https://globeatnight.org/gan-mn/. Station registry: http://globeatnight-network.org/,"GaN-MN station GUT (Gdansk University of Technology, Poland); photometric inflection method; night median MSAS=18.24; MSAS at inflection=18.03; depression=11.25°; smoothing=5-pt median; dark rows=510"
isha,2024-07-19,23:58,2,54.352,18.6466,5.0,Globe at Night Monitoring Network (GaN-MN). Continuous SQM-LE sky brightness data. https://globeatnight.org/gan-mn/. Station registry: http://globeatnight-network.org/,"GaN-MN station GUT (Gdansk University of Technology, Poland); photometric inflection method; night median MSAS=18.37; MSAS at inflection=18.29; depression=14.15°; smoothing=5-pt median; dark rows=433"
fajr,2024-07-21,02:33,2,54.352,18.6466,5.0,Globe at Night Monitoring Network (GaN-MN). Continuous SQM-LE sky brightness data. https://globeatnight.org/gan-mn/. Station registry: http://globeatnight-network.org/,"GaN-MN station GUT (Gdansk University of Technology, Poland); photometric inflection method; night median MSAS=18.13; MSAS at inflection=18.04; depression=12.12°; smoothing=5-pt median; dark rows=491"
isha,2024-07-22,01:26,2,54.352,18.6466,5.0,Globe at Night Monitoring Network (GaN-MN). Continuous SQM-LE sky brightness data. https://globeatnight.org/gan-mn/. Station registry: http://globeatnight-network.org/,"GaN-MN station GUT (Gdansk University of Technology, Poland); photometric inflection method; night median MSAS=17.84; MSAS at inflection=17.91; depression=15.07°; smoothing=5-pt median; dark rows=347"
isha,2024-07-24,22:52,2,54.352,18.6466,5.0,Globe at Night Monitoring Network (GaN-MN). Continuous SQM-LE sky brightness data. https://globeatnight.org/gan-mn/. Station registry: http://globeatnight-network.org/,"GaN-MN station GUT (Gdansk University of Technology, Poland); photometric inflection method; night median MSAS=18.04; MSAS at inflection=17.75; depression=11.74°; smoothing=5-pt median; dark rows=550"
isha,2024-07-25,23:00,2,54.352,18.6466,5.0,Globe at Night Monitoring Network (GaN-MN). Continuous SQM-LE sky brightness data. https://globeatnight.org/gan-mn/. Station registry: http://globeatnight-network.org/,"GaN-MN station GUT (Gdansk University of Technology, Poland); photometric inflection method; night median MSAS=18.27; MSAS at inflection=18.22; depression=12.46°; smoothing=5-pt median; dark rows=215"
isha,2024-07-30,00:24,2,54.352,18.6466,5.0,Globe at Night Monitoring Network (GaN-MN). Continuous SQM-LE sky brightness data. https://globeatnight.org/gan-mn/. Station registry: http://globeatnight-network.org/,"GaN-MN station GUT (Gdansk University of Technology, Poland); photometric inflection method; night median MSAS=18.51; MSAS at inflection=18.54; depression=16.96°; smoothing=5-pt median; dark rows=609"
isha,2024-07-31,00:55,2,54.352,18.6466,5.0,Globe at Night Monitoring Network (GaN-MN). Continuous SQM-LE sky brightness data. https://globeatnight.org/gan-mn/. Station registry: http://globeatnight-network.org/,"GaN-MN station GUT (Gdansk University of Technology, Poland); photometric inflection method; night median MSAS=18.60; MSAS at inflection=18.64; depression=17.44°; smoothing=5-pt median; dark rows=630"
fajr,2024-07-31,23:39,2,54.352,18.6466,5.0,Globe at Night Monitoring Network (GaN-MN). Continuous SQM-LE sky brightness data. https://globeatnight.org/gan-mn/. Station registry: http://globeatnight-network.org/,"GaN-MN station GUT (Gdansk University of Technology, Poland); photometric inflection method; night median MSAS=18.42; MSAS at inflection=18.32; depression=16.04°; smoothing=5-pt median; dark rows=339"
isha,2024-07-13,20:11,8,22.2838,114.1337,70.0,Globe at Night Monitoring Network (GaN-MN). Continuous SQM-LE sky brightness data. https://globeatnight.org/gan-mn/. Station registry: http://globeatnight-network.org/,"GaN-MN station HKU (Pokfulam, Hong Kong); photometric inflection method; night median MSAS=17.61; MSAS at inflection=17.09; depression=13.40°; smoothing=5-pt median; dark rows=1097"
fajr,2024-07-14,04:34,8,22.2838,114.1337,70.0,Globe at Night Monitoring Network (GaN-MN). Continuous SQM-LE sky brightness data. https://globeatnight.org/gan-mn/. Station registry: http://globeatnight-network.org/,"GaN-MN station HKU (Pokfulam, Hong Kong); photometric inflection method; night median MSAS=17.61; MSAS at inflection=16.90; depression=15.88°; smoothing=5-pt median; dark rows=1097"
isha,2024-07-03,20:50,8,22.3719,114.1133,80.0,Globe at Night Monitoring Network (GaN-MN). Continuous SQM-LE sky brightness data. https://globeatnight.org/gan-mn/. Station registry: http://globeatnight-network.org/,"GaN-MN station HKn (Ho Koon, Tsuen Wan, Hong Kong); photometric inflection method; night median MSAS=18.61; MSAS at inflection=17.65; depression=20.40°; smoothing=5-pt median; dark rows=1085"
fajr,2024-07-04,04:49,8,22.3719,114.1133,80.0,Globe at Night Monitoring Network (GaN-MN). Continuous SQM-LE sky brightness data. https://globeatnight.org/gan-mn/. Station registry: http://globeatnight-network.org/,"GaN-MN station HKn (Ho Koon, Tsuen Wan, Hong Kong); photometric inflection method; night median MSAS=18.61; MSAS at inflection=18.43; depression=12.04°; smoothing=5-pt median; dark rows=1085"
fajr,2024-07-05,04:59,8,22.3719,114.1133,80.0,Globe at Night Monitoring Network (GaN-MN). Continuous SQM-LE sky brightness data. https://globeatnight.org/gan-mn/. Station registry: http://globeatnight-network.org/,"GaN-MN station HKn (Ho Koon, Tsuen Wan, Hong Kong); photometric inflection method; night median MSAS=19.62; MSAS at inflection=18.21; depression=10.03°; smoothing=5-pt median; dark rows=1085"
fajr,2024-07-08,04:42,8,22.3719,114.1133,80.0,Globe at Night Monitoring Network (GaN-MN). Continuous SQM-LE sky brightness data. https://globeatnight.org/gan-mn/. Station registry: http://globeatnight-network.org/,"GaN-MN station HKn (Ho Koon, Tsuen Wan, Hong Kong); photometric inflection method; night median MSAS=18.62; MSAS at inflection=18.88; depression=13.77°; smoothing=5-pt median; dark rows=1089"
fajr,2024-07-09,04:41,8,22.3719,114.1133,80.0,Globe at Night Monitoring Network (GaN-MN). Continuous SQM-LE sky brightness data. https://globeatnight.org/gan-mn/. Station registry: http://globeatnight-network.org/,"GaN-MN station HKn (Ho Koon, Tsuen Wan, Hong Kong); photometric inflection method; night median MSAS=18.30; MSAS at inflection=19.73; depression=13.95°; smoothing=5-pt median; dark rows=1088"
fajr,2024-07-18,04:42,8,22.3719,114.1133,80.0,Globe at Night Monitoring Network (GaN-MN). Continuous SQM-LE sky brightness data. https://globeatnight.org/gan-mn/. Station registry: http://globeatnight-network.org/,"GaN-MN station HKn (Ho Koon, Tsuen Wan, Hong Kong); photometric inflection method; night median MSAS=18.55; MSAS at inflection=19.30; depression=14.76°; smoothing=5-pt median; dark rows=1101"
isha,2024-07-18,20:37,8,22.3719,114.1133,80.0,Globe at Night Monitoring Network (GaN-MN). Continuous SQM-LE sky brightness data. https://globeatnight.org/gan-mn/. Station registry: http://globeatnight-network.org/,"GaN-MN station HKn (Ho Koon, Tsuen Wan, Hong Kong); photometric inflection method; night median MSAS=17.55; MSAS at inflection=17.68; depression=18.72°; smoothing=5-pt median; dark rows=1105"
isha,2024-07-20,20:42,8,22.3719,114.1133,80.0,Globe at Night Monitoring Network (GaN-MN). Continuous SQM-LE sky brightness data. https://globeatnight.org/gan-mn/. Station registry: http://globeatnight-network.org/,"GaN-MN station HKn (Ho Koon, Tsuen Wan, Hong Kong); photometric inflection method; night median MSAS=17.53; MSAS at inflection=18.40; depression=19.80°; smoothing=5-pt median; dark rows=1109"
fajr,2024-07-21,04:42,8,22.3719,114.1133,80.0,Globe at Night Monitoring Network (GaN-MN). Continuous SQM-LE sky brightness data. https://globeatnight.org/gan-mn/. Station registry: http://globeatnight-network.org/,"GaN-MN station HKn (Ho Koon, Tsuen Wan, Hong Kong); photometric inflection method; night median MSAS=17.53; MSAS at inflection=19.11; depression=15.09°; smoothing=5-pt median; dark rows=1109"
fajr,2024-07-23,04:13,8,22.3719,114.1133,80.0,Globe at Night Monitoring Network (GaN-MN). Continuous SQM-LE sky brightness data. https://globeatnight.org/gan-mn/. Station registry: http://globeatnight-network.org/,"GaN-MN station HKn (Ho Koon, Tsuen Wan, Hong Kong); photometric inflection method; night median MSAS=17.51; MSAS at inflection=16.92; depression=21.01°; smoothing=5-pt median; dark rows=1112"
isha,2024-07-23,19:16,8,24.1488,121.3239,2800.0,Globe at Night Monitoring Network (GaN-MN). Continuous SQM-LE sky brightness data. https://globeatnight.org/gan-mn/. Station registry: http://globeatnight-network.org/,"GaN-MN station Heh (Taroko National Park, Taiwan); photometric inflection method; night median MSAS=18.81; MSAS at inflection=17.42; depression=7.91°; smoothing=5-pt median; dark rows=1063"
fajr,2024-07-24,04:10,8,24.1488,121.3239,2800.0,Globe at Night Monitoring Network (GaN-MN). Continuous SQM-LE sky brightness data. https://globeatnight.org/gan-mn/. Station registry: http://globeatnight-network.org/,"GaN-MN station Heh (Taroko National Park, Taiwan); photometric inflection method; night median MSAS=18.81; MSAS at inflection=17.73; depression=15.07°; smoothing=5-pt median; dark rows=1063"
fajr,2024-07-24,19:24,8,24.1488,121.3239,2800.0,Globe at Night Monitoring Network (GaN-MN). Continuous SQM-LE sky brightness data. https://globeatnight.org/gan-mn/. Station registry: http://globeatnight-network.org/,"GaN-MN station Heh (Taroko National Park, Taiwan); photometric inflection method; night median MSAS=22.01; MSAS at inflection=20.84; depression=9.60°; smoothing=5-pt median; dark rows=31"
isha,2024-07-03,20:04,7,18.549,98.487,2565.0,Globe at Night Monitoring Network (GaN-MN). Continuous SQM-LE sky brightness data. https://globeatnight.org/gan-mn/. Station registry: http://globeatnight-network.org/,"GaN-MN station ISTC (Inthanon Mountain, Thailand); photometric inflection method; night median MSAS=18.70; MSAS at inflection=19.31; depression=13.04°; smoothing=5-pt median; dark rows=1122"
fajr,2024-07-12,05:12,7,18.549,98.487,2565.0,Globe at Night Monitoring Network (GaN-MN). Continuous SQM-LE sky brightness data. https://globeatnight.org/gan-mn/. Station registry: http://globeatnight-network.org/,"GaN-MN station ISTC (Inthanon Mountain, Thailand); photometric inflection method; night median MSAS=18.42; MSAS at inflection=18.18; depression=10.37°; smoothing=5-pt median; dark rows=1129"
fajr,2024-07-14,05:27,7,18.549,98.487,2565.0,Globe at Night Monitoring Network (GaN-MN). Continuous SQM-LE sky brightness data. https://globeatnight.org/gan-mn/. Station registry: http://globeatnight-network.org/,"GaN-MN station ISTC (Inthanon Mountain, Thailand); photometric inflection method; night median MSAS=18.12; MSAS at inflection=16.09; depression=7.22°; smoothing=5-pt median; dark rows=1132"
fajr,2024-07-16,04:21,7,18.549,98.487,2565.0,Globe at Night Monitoring Network (GaN-MN). Continuous SQM-LE sky brightness data. https://globeatnight.org/gan-mn/. Station registry: http://globeatnight-network.org/,"GaN-MN station ISTC (Inthanon Mountain, Thailand); photometric inflection method; night median MSAS=18.64; MSAS at inflection=19.13; depression=21.20°; smoothing=5-pt median; dark rows=1134"
isha,2024-07-20,01:02,2,59.0028,16.2068,50.0,Globe at Night Monitoring Network (GaN-MN). Continuous SQM-LE sky brightness data. https://globeatnight.org/gan-mn/. Station registry: http://globeatnight-network.org/,"GaN-MN station KO (Kolstugan Observatory, Katrineholm, Sweden); photometric inflection method; night median MSAS=18.03; MSAS at inflection=18.13; depression=10.39°; smoothing=5-pt median; dark rows=152"
fajr,2024-07-21,01:03,2,59.0028,16.2068,50.0,Globe at Night Monitoring Network (GaN-MN). Continuous SQM-LE sky brightness data. https://globeatnight.org/gan-mn/. Station registry: http://globeatnight-network.org/,"GaN-MN station KO (Kolstugan Observatory, Katrineholm, Sweden); photometric inflection method; night median MSAS=17.65; MSAS at inflection=17.74; depression=10.58°; smoothing=5-pt median; dark rows=186"
isha,2024-07-22,01:03,2,59.0028,16.2068,50.0,Globe at Night Monitoring Network (GaN-MN). Continuous SQM-LE sky brightness data. https://globeatnight.org/gan-mn/. Station registry: http://globeatnight-network.org/,"GaN-MN station KO (Kolstugan Observatory, Katrineholm, Sweden); photometric inflection method; night median MSAS=18.08; MSAS at inflection=18.27; depression=10.78°; smoothing=5-pt median; dark rows=216"
fajr,2024-07-05,05:10,8,22.3125,114.1753,65.0,Globe at Night Monitoring Network (GaN-MN). Continuous SQM-LE sky brightness data. https://globeatnight.org/gan-mn/. Station registry: http://globeatnight-network.org/,"GaN-MN station KP (King's Park, Hong Kong Observatory); photometric inflection method; night median MSAS=17.52; MSAS at inflection=15.09; depression=7.74°; smoothing=5-pt median; dark rows=1087"
isha,2024-07-02,23:20,-4,38.3361,-86.4656,200.0,Globe at Night Monitoring Network (GaN-MN). Continuous SQM-LE sky brightness data. https://globeatnight.org/gan-mn/. Station registry: http://globeatnight-network.org/,"GaN-MN station LASO (Louisville Astronomical Society, Indiana, USA); photometric inflection method; night median MSAS=21.20; MSAS at inflection=21.38; depression=19.35°; smoothing=5-pt median; dark rows=59"
fajr,2024-07-04,04:30,-4,38.3361,-86.4656,200.0,Globe at Night Monitoring Network (GaN-MN). Continuous SQM-LE sky brightness data. https://globeatnight.org/gan-mn/. Station registry: http://globeatnight-network.org/,"GaN-MN station LASO (Louisville Astronomical Society, Indiana, USA); photometric inflection method; night median MSAS=20.32; MSAS at inflection=20.78; depression=18.29°; smoothing=5-pt median; dark rows=65"
isha,2024-07-04,23:10,-4,38.3361,-86.4656,200.0,Globe at Night Monitoring Network (GaN-MN). Continuous SQM-LE sky brightness data. https://globeatnight.org/gan-mn/. Station registry: http://globeatnight-network.org/,"GaN-MN station LASO (Louisville Astronomical Society, Indiana, USA); photometric inflection method; night median MSAS=21.19; MSAS at inflection=20.91; depression=18.28°; smoothing=5-pt median; dark rows=65"
fajr,2024-07-08,04:35,-4,38.3361,-86.4656,200.0,Globe at Night Monitoring Network (GaN-MN). Continuous SQM-LE sky brightness data. https://globeatnight.org/gan-mn/. Station registry: http://globeatnight-network.org/,"GaN-MN station LASO (Louisville Astronomical Society, Indiana, USA); photometric inflection method; night median MSAS=21.06; MSAS at inflection=20.62; depression=18.11°; smoothing=5-pt median; dark rows=66"
fajr,2024-07-09,04:35,-4,38.3361,-86.4656,200.0,Globe at Night Monitoring Network (GaN-MN). Continuous SQM-LE sky brightness data. https://globeatnight.org/gan-mn/. Station registry: http://globeatnight-network.org/,"GaN-MN station LASO (Louisville Astronomical Society, Indiana, USA); photometric inflection method; night median MSAS=20.29; MSAS at inflection=20.29; depression=18.22°; smoothing=5-pt median; dark rows=64"
fajr,2024-07-10,04:35,-4,38.3361,-86.4656,200.0,Globe at Night Monitoring Network (GaN-MN). Continuous SQM-LE sky brightness data. https://globeatnight.org/gan-mn/. Station registry: http://globeatnight-network.org/,"GaN-MN station LASO (Louisville Astronomical Society, Indiana, USA); photometric inflection method; night median MSAS=21.30; MSAS at inflection=21.28; depression=18.34°; smoothing=5-pt median; dark rows=60"
isha,2024-07-02,20:30,8,22.4958,114.0322,3.0,Globe at Night Monitoring Network (GaN-MN). Continuous SQM-LE sky brightness data. https://globeatnight.org/gan-mn/. Station registry: http://globeatnight-network.org/,"GaN-MN station MP (Mai Po Nature Reserve, Hong Kong); photometric inflection method; night median MSAS=18.38; MSAS at inflection=17.34; depression=16.52°; smoothing=5-pt median; dark rows=1083"
isha,2024-07-06,19:59,8,22.4958,114.0322,3.0,Globe at Night Monitoring Network (GaN-MN). Continuous SQM-LE sky brightness data. https://globeatnight.org/gan-mn/. Station registry: http://globeatnight-network.org/,"GaN-MN station MP (Mai Po Nature Reserve, Hong Kong); photometric inflection method; night median MSAS=18.91; MSAS at inflection=17.68; depression=10.44°; smoothing=5-pt median; dark rows=1087"
isha,2024-07-07,20:45,8,22.4958,114.0322,3.0,Globe at Night Monitoring Network (GaN-MN). Continuous SQM-LE sky brightness data. https://globeatnight.org/gan-mn/. Station registry: http://globeatnight-network.org/,"GaN-MN station MP (Mai Po Nature Reserve, Hong Kong); photometric inflection method; night median MSAS=18.63; MSAS at inflection=17.87; depression=19.40°; smoothing=5-pt median; dark rows=1088"
isha,2024-07-08,19:51,8,22.4958,114.0322,3.0,Globe at Night Monitoring Network (GaN-MN). Continuous SQM-LE sky brightness data. https://globeatnight.org/gan-mn/. Station registry: http://globeatnight-network.org/,"GaN-MN station MP (Mai Po Nature Reserve, Hong Kong); photometric inflection method; night median MSAS=18.26; MSAS at inflection=16.26; depression=8.98°; smoothing=5-pt median; dark rows=1089"
fajr,2024-07-09,05:02,8,22.4958,114.0322,3.0,Globe at Night Monitoring Network (GaN-MN). Continuous SQM-LE sky brightness data. https://globeatnight.org/gan-mn/. Station registry: http://globeatnight-network.org/,"GaN-MN station MP (Mai Po Nature Reserve, Hong Kong); photometric inflection method; night median MSAS=18.26; MSAS at inflection=17.66; depression=9.82°; smoothing=5-pt median; dark rows=1089"
isha,2024-07-09,20:09,8,22.4958,114.0322,3.0,Globe at Night Monitoring Network (GaN-MN). Continuous SQM-LE sky brightness data. https://globeatnight.org/gan-mn/. Station registry: http://globeatnight-network.org/,"GaN-MN station MP (Mai Po Nature Reserve, Hong Kong); photometric inflection method; night median MSAS=18.71; MSAS at inflection=18.13; depression=12.52°; smoothing=5-pt median; dark rows=1091"
isha,2024-07-10,20:35,8,22.4958,114.0322,3.0,Globe at Night Monitoring Network (GaN-MN). Continuous SQM-LE sky brightness data. https://globeatnight.org/gan-mn/. Station registry: http://globeatnight-network.org/,"GaN-MN station MP (Mai Po Nature Reserve, Hong Kong); photometric inflection method; night median MSAS=18.54; MSAS at inflection=18.21; depression=17.74°; smoothing=5-pt median; dark rows=1092"
isha,2024-07-13,20:05,8,22.4958,114.0322,3.0,Globe at Night Monitoring Network (GaN-MN). Continuous SQM-LE sky brightness data. https://globeatnight.org/gan-mn/. Station registry: http://globeatnight-network.org/,"GaN-MN station MP (Mai Po Nature Reserve, Hong Kong); photometric inflection method; night median MSAS=18.32; MSAS at inflection=17.87; depression=12.02°; smoothing=5-pt median; dark rows=1096"
isha,2024-07-14,20:27,8,22.4958,114.0322,3.0,Globe at Night Monitoring Network (GaN-MN). Continuous SQM-LE sky brightness data. https://globeatnight.org/gan-mn/. Station registry: http://globeatnight-network.org/,"GaN-MN station MP (Mai Po Nature Reserve, Hong Kong); photometric inflection method; night median MSAS=18.24; MSAS at inflection=17.54; depression=16.44°; smoothing=5-pt median; dark rows=1097"
fajr,2024-07-15,05:03,8,22.4958,114.0322,3.0,Globe at Night Monitoring Network (GaN-MN). Continuous SQM-LE sky brightness data. https://globeatnight.org/gan-mn/. Station registry: http://globeatnight-network.org/,"GaN-MN station MP (Mai Po Nature Reserve, Hong Kong); photometric inflection method; night median MSAS=18.24; MSAS at inflection=18.33; depression=10.06°; smoothing=5-pt median; dark rows=1097"
fajr,2024-07-16,04:20,8,22.4958,114.0322,3.0,Globe at Night Monitoring Network (GaN-MN). Continuous SQM-LE sky brightness data. https://globeatnight.org/gan-mn/. Station registry: http://globeatnight-network.org/,"GaN-MN station MP (Mai Po Nature Reserve, Hong Kong); photometric inflection method; night median MSAS=17.62; MSAS at inflection=18.06; depression=18.76°; smoothing=5-pt median; dark rows=1099"
isha,2024-07-16,19:43,8,22.4958,114.0322,3.0,Globe at Night Monitoring Network (GaN-MN). Continuous SQM-LE sky brightness data. https://globeatnight.org/gan-mn/. Station registry: http://globeatnight-network.org/,"GaN-MN station MP (Mai Po Nature Reserve, Hong Kong); photometric inflection method; night median MSAS=18.51; MSAS at inflection=16.39; depression=7.61°; smoothing=5-pt median; dark rows=1100"
fajr,2024-07-17,05:06,8,22.4958,114.0322,3.0,Globe at Night Monitoring Network (GaN-MN). Continuous SQM-LE sky brightness data. https://globeatnight.org/gan-mn/. Station registry: http://globeatnight-network.org/,"GaN-MN station MP (Mai Po Nature Reserve, Hong Kong); photometric inflection method; night median MSAS=18.51; MSAS at inflection=16.96; depression=9.74°; smoothing=5-pt median; dark rows=1100"
isha,2024-07-17,20:51,8,22.4958,114.0322,3.0,Globe at Night Monitoring Network (GaN-MN). Continuous SQM-LE sky brightness data. https://globeatnight.org/gan-mn/. Station registry: http://globeatnight-network.org/,"GaN-MN station MP (Mai Po Nature Reserve, Hong Kong); photometric inflection method; night median MSAS=18.55; MSAS at inflection=16.87; depression=21.14°; smoothing=5-pt median; dark rows=1101"
fajr,2024-07-18,04:52,8,22.4958,114.0322,3.0,Globe at Night Monitoring Network (GaN-MN). Continuous SQM-LE sky brightness data. https://globeatnight.org/gan-mn/. Station registry: http://globeatnight-network.org/,"GaN-MN station MP (Mai Po Nature Reserve, Hong Kong); photometric inflection method; night median MSAS=18.55; MSAS at inflection=18.98; depression=12.78°; smoothing=5-pt median; dark rows=1101"
fajr,2024-07-21,04:23,8,22.4958,114.0322,3.0,Globe at Night Monitoring Network (GaN-MN). Continuous SQM-LE sky brightness data. https://globeatnight.org/gan-mn/. Station registry: http://globeatnight-network.org/,"GaN-MN station MP (Mai Po Nature Reserve, Hong Kong); photometric inflection method; night median MSAS=17.71; MSAS at inflection=17.55; depression=18.83°; smoothing=5-pt median; dark rows=1107"
fajr,2024-08-01,04:36,8,22.4958,114.0322,3.0,Globe at Night Monitoring Network (GaN-MN). Continuous SQM-LE sky brightness data. https://globeatnight.org/gan-mn/. Station registry: http://globeatnight-network.org/,"GaN-MN station MP (Mai Po Nature Reserve, Hong Kong); photometric inflection method; night median MSAS=18.31; MSAS at inflection=18.89; depression=17.42°; smoothing=5-pt median; dark rows=1128"
isha,2024-07-01,19:13,2,-24.9667,15.95,1250.0,Globe at Night Monitoring Network (GaN-MN). Continuous SQM-LE sky brightness data. https://globeatnight.org/gan-mn/. Station registry: http://globeatnight-network.org/,"GaN-MN station Nrnr (NamibRand Nature Reserve, Namibia); photometric inflection method; night median MSAS=22.08; MSAS at inflection=20.23; depression=12.38°; smoothing=5-pt median; dark rows=143"
fajr,2024-07-02,06:28,2,-24.9667,15.95,1250.0,Globe at Night Monitoring Network (GaN-MN). Continuous SQM-LE sky brightness data. https://globeatnight.org/gan-mn/. Station registry: http://globeatnight-network.org/,"GaN-MN station Nrnr (NamibRand Nature Reserve, Namibia); photometric inflection method; night median MSAS=22.08; MSAS at inflection=21.90; depression=16.23°; smoothing=5-pt median; dark rows=143"
fajr,2024-07-03,06:33,2,-24.9667,15.95,1250.0,Globe at Night Monitoring Network (GaN-MN). Continuous SQM-LE sky brightness data. https://globeatnight.org/gan-mn/. Station registry: http://globeatnight-network.org/,"GaN-MN station Nrnr (NamibRand Nature Reserve, Namibia); photometric inflection method; night median MSAS=22.14; MSAS at inflection=21.74; depression=15.16°; smoothing=5-pt median; dark rows=143"
fajr,2024-07-05,06:28,2,-24.9667,15.95,1250.0,Globe at Night Monitoring Network (GaN-MN). Continuous SQM-LE sky brightness data. https://globeatnight.org/gan-mn/. Station registry: http://globeatnight-network.org/,"GaN-MN station Nrnr (NamibRand Nature Reserve, Namibia); photometric inflection method; night median MSAS=22.12; MSAS at inflection=22.23; depression=16.25°; smoothing=5-pt median; dark rows=143"
fajr,2024-07-06,06:33,2,-24.9667,15.95,1250.0,Globe at Night Monitoring Network (GaN-MN). Continuous SQM-LE sky brightness data. https://globeatnight.org/gan-mn/. Station registry: http://globeatnight-network.org/,"GaN-MN station Nrnr (NamibRand Nature Reserve, Namibia); photometric inflection method; night median MSAS=22.07; MSAS at inflection=21.73; depression=15.17°; smoothing=5-pt median; dark rows=142"
fajr,2024-07-07,06:33,2,-24.9667,15.95,1250.0,Globe at Night Monitoring Network (GaN-MN). Continuous SQM-LE sky brightness data. https://globeatnight.org/gan-mn/. Station registry: http://globeatnight-network.org/,"GaN-MN station Nrnr (NamibRand Nature Reserve, Namibia); photometric inflection method; night median MSAS=22.09; MSAS at inflection=21.76; depression=15.16°; smoothing=5-pt median; dark rows=142"
fajr,2024-07-08,06:33,2,-24.9667,15.95,1250.0,Globe at Night Monitoring Network (GaN-MN). Continuous SQM-LE sky brightness data. https://globeatnight.org/gan-mn/. Station registry: http://globeatnight-network.org/,"GaN-MN station Nrnr (NamibRand Nature Reserve, Namibia); photometric inflection method; night median MSAS=22.08; MSAS at inflection=22.00; depression=15.15°; smoothing=5-pt median; dark rows=142"
fajr,2024-07-09,06:43,2,-24.9667,15.95,1250.0,Globe at Night Monitoring Network (GaN-MN). Continuous SQM-LE sky brightness data. https://globeatnight.org/gan-mn/. Station registry: http://globeatnight-network.org/,"GaN-MN station Nrnr (NamibRand Nature Reserve, Namibia); photometric inflection method; night median MSAS=22.12; MSAS at inflection=20.72; depression=12.99°; smoothing=5-pt median; dark rows=142"
fajr,2024-07-10,06:33,2,-24.9667,15.95,1250.0,Globe at Night Monitoring Network (GaN-MN). Continuous SQM-LE sky brightness data. https://globeatnight.org/gan-mn/. Station registry: http://globeatnight-network.org/,"GaN-MN station Nrnr (NamibRand Nature Reserve, Namibia); photometric inflection method; night median MSAS=22.17; MSAS at inflection=22.00; depression=15.12°; smoothing=5-pt median; dark rows=142"
fajr,2024-07-16,06:35,2,-24.9667,15.95,1250.0,Globe at Night Monitoring Network (GaN-MN). Continuous SQM-LE sky brightness data. https://globeatnight.org/gan-mn/. Station registry: http://globeatnight-network.org/,"GaN-MN station Nrnr (NamibRand Nature Reserve, Namibia); photometric inflection method; night median MSAS=20.35; MSAS at inflection=21.59; depression=14.51°; smoothing=5-pt median; dark rows=142"
fajr,2024-07-17,06:35,2,-24.9667,15.95,1250.0,Globe at Night Monitoring Network (GaN-MN). Continuous SQM-LE sky brightness data. https://globeatnight.org/gan-mn/. Station registry: http://globeatnight-network.org/,"GaN-MN station Nrnr (NamibRand Nature Reserve, Namibia); photometric inflection method; night median MSAS=19.66; MSAS at inflection=21.54; depression=14.45°; smoothing=5-pt median; dark rows=142"
isha,2024-07-17,19:05,2,-24.9667,15.95,1250.0,Globe at Night Monitoring Network (GaN-MN). Continuous SQM-LE sky brightness data. https://globeatnight.org/gan-mn/. Station registry: http://globeatnight-network.org/,"GaN-MN station Nrnr (NamibRand Nature Reserve, Namibia); photometric inflection method; night median MSAS=18.81; MSAS at inflection=17.09; depression=9.46°; smoothing=5-pt median; dark rows=142"
isha,2024-07-18,19:06,2,-24.9667,15.95,1250.0,Globe at Night Monitoring Network (GaN-MN). Continuous SQM-LE sky brightness data. https://globeatnight.org/gan-mn/. Station registry: http://globeatnight-network.org/,"GaN-MN station Nrnr (NamibRand Nature Reserve, Namibia); photometric inflection method; night median MSAS=18.31; MSAS at inflection=17.13; depression=9.39°; smoothing=5-pt median; dark rows=142"
fajr,2024-07-19,06:56,2,-24.9667,15.95,1250.0,Globe at Night Monitoring Network (GaN-MN). Continuous SQM-LE sky brightness data. https://globeatnight.org/gan-mn/. Station registry: http://globeatnight-network.org/,"GaN-MN station Nrnr (NamibRand Nature Reserve, Namibia); photometric inflection method; night median MSAS=18.31; MSAS at inflection=18.06; depression=10.00°; smoothing=5-pt median; dark rows=142"
isha,2024-07-19,19:01,2,-24.9667,15.95,1250.0,Globe at Night Monitoring Network (GaN-MN). Continuous SQM-LE sky brightness data. https://globeatnight.org/gan-mn/. Station registry: http://globeatnight-network.org/,"GaN-MN station Nrnr (NamibRand Nature Reserve, Namibia); photometric inflection method; night median MSAS=18.05; MSAS at inflection=16.13; depression=8.24°; smoothing=5-pt median; dark rows=139"
fajr,2024-07-24,06:46,2,-24.9667,15.95,1250.0,Globe at Night Monitoring Network (GaN-MN). Continuous SQM-LE sky brightness data. https://globeatnight.org/gan-mn/. Station registry: http://globeatnight-network.org/,"GaN-MN station Nrnr (NamibRand Nature Reserve, Namibia); photometric inflection method; night median MSAS=18.28; MSAS at inflection=18.25; depression=11.80°; smoothing=5-pt median; dark rows=141"
isha,2024-07-25,19:16,2,-24.9667,15.95,1250.0,Globe at Night Monitoring Network (GaN-MN). Continuous SQM-LE sky brightness data. https://globeatnight.org/gan-mn/. Station registry: http://globeatnight-network.org/,"GaN-MN station Nrnr (NamibRand Nature Reserve, Namibia); photometric inflection method; night median MSAS=20.01; MSAS at inflection=18.77; depression=10.98°; smoothing=5-pt median; dark rows=140"
isha,2024-07-27,20:01,2,-24.9667,15.95,1250.0,Globe at Night Monitoring Network (GaN-MN). Continuous SQM-LE sky brightness data. https://globeatnight.org/gan-mn/. Station registry: http://globeatnight-network.org/,"GaN-MN station Nrnr (NamibRand Nature Reserve, Namibia); photometric inflection method; night median MSAS=21.76; MSAS at inflection=22.00; depression=20.71°; smoothing=5-pt median; dark rows=140"
isha,2024-07-29,19:21,2,-24.9667,15.95,1250.0,Globe at Night Monitoring Network (GaN-MN). Continuous SQM-LE sky brightness data. https://globeatnight.org/gan-mn/. Station registry: http://globeatnight-network.org/,"GaN-MN station Nrnr (NamibRand Nature Reserve, Namibia); photometric inflection method; night median MSAS=21.89; MSAS at inflection=20.20; depression=11.75°; smoothing=5-pt median; dark rows=140"
fajr,2024-07-30,06:11,2,-24.9667,15.95,1250.0,Globe at Night Monitoring Network (GaN-MN). Continuous SQM-LE sky brightness data. https://globeatnight.org/gan-mn/. Station registry: http://globeatnight-network.org/,"GaN-MN station Nrnr (NamibRand Nature Reserve, Namibia); photometric inflection method; night median MSAS=21.89; MSAS at inflection=20.95; depression=18.94°; smoothing=5-pt median; dark rows=140"
isha,2024-07-30,19:36,2,-24.9667,15.95,1250.0,Globe at Night Monitoring Network (GaN-MN). Continuous SQM-LE sky brightness data. https://globeatnight.org/gan-mn/. Station registry: http://globeatnight-network.org/,"GaN-MN station Nrnr (NamibRand Nature Reserve, Namibia); photometric inflection method; night median MSAS=22.10; MSAS at inflection=21.70; depression=14.96°; smoothing=5-pt median; dark rows=140"
isha,2024-07-31,19:36,2,-24.9667,15.95,1250.0,Globe at Night Monitoring Network (GaN-MN). Continuous SQM-LE sky brightness data. https://globeatnight.org/gan-mn/. Station registry: http://globeatnight-network.org/,"GaN-MN station Nrnr (NamibRand Nature Reserve, Namibia); photometric inflection method; night median MSAS=21.93; MSAS at inflection=21.61; depression=14.88°; smoothing=5-pt median; dark rows=81"
fajr,2024-07-03,06:41,12,-45.0966,170.9694,30.0,Globe at Night Monitoring Network (GaN-MN). Continuous SQM-LE sky brightness data. https://globeatnight.org/gan-mn/. Station registry: http://globeatnight-network.org/,"GaN-MN station Oam (Oamaru, South Island, New Zealand); photometric inflection method; night median MSAS=19.84; MSAS at inflection=20.04; depression=15.80°; smoothing=5-pt median; dark rows=1586"
isha,2024-07-03,18:14,12,-45.0966,170.9694,30.0,Globe at Night Monitoring Network (GaN-MN). Continuous SQM-LE sky brightness data. https://globeatnight.org/gan-mn/. Station registry: http://globeatnight-network.org/,"GaN-MN station Oam (Oamaru, South Island, New Zealand); photometric inflection method; night median MSAS=20.71; MSAS at inflection=18.58; depression=11.72°; smoothing=5-pt median; dark rows=1585"
fajr,2024-07-15,07:04,12,-45.0966,170.9694,30.0,Globe at Night Monitoring Network (GaN-MN). Continuous SQM-LE sky brightness data. https://globeatnight.org/gan-mn/. Station registry: http://globeatnight-network.org/,"GaN-MN station Oam (Oamaru, South Island, New Zealand); photometric inflection method; night median MSAS=19.01; MSAS at inflection=17.91; depression=11.31°; smoothing=5-pt median; dark rows=1561"
fajr,2024-07-24,06:09,12,-45.0966,170.9694,30.0,Globe at Night Monitoring Network (GaN-MN). Continuous SQM-LE sky brightness data. https://globeatnight.org/gan-mn/. Station registry: http://globeatnight-network.org/,"GaN-MN station Oam (Oamaru, South Island, New Zealand); photometric inflection method; night median MSAS=18.15; MSAS at inflection=17.11; depression=19.67°; smoothing=5-pt median; dark rows=1533"
fajr,2024-07-01,05:56,-3,-22.2803,-46.3647,870.0,Globe at Night Monitoring Network (GaN-MN). Continuous SQM-LE sky brightness data. https://globeatnight.org/gan-mn/. Station registry: http://globeatnight-network.org/,"GaN-MN station PAOF (Ouro Fino, MG, Brazil); photometric inflection method; night median MSAS=21.24; MSAS at inflection=19.41; depression=11.27°; smoothing=5-pt median; dark rows=672"
isha,2024-07-01,18:35,-3,-22.2803,-46.3647,870.0,Globe at Night Monitoring Network (GaN-MN). Continuous SQM-LE sky brightness data. https://globeatnight.org/gan-mn/. Station registry: http://globeatnight-network.org/,"GaN-MN station PAOF (Ouro Fino, MG, Brazil); photometric inflection method; night median MSAS=21.37; MSAS at inflection=20.20; depression=14.15°; smoothing=5-pt median; dark rows=874"
fajr,2024-07-02,05:55,-3,-22.2803,-46.3647,870.0,Globe at Night Monitoring Network (GaN-MN). Continuous SQM-LE sky brightness data. https://globeatnight.org/gan-mn/. Station registry: http://globeatnight-network.org/,"GaN-MN station PAOF (Ouro Fino, MG, Brazil); photometric inflection method; night median MSAS=21.37; MSAS at inflection=19.41; depression=11.48°; smoothing=5-pt median; dark rows=874"
fajr,2024-07-03,05:41,-3,-22.2803,-46.3647,870.0,Globe at Night Monitoring Network (GaN-MN). Continuous SQM-LE sky brightness data. https://globeatnight.org/gan-mn/. Station registry: http://globeatnight-network.org/,"GaN-MN station PAOF (Ouro Fino, MG, Brazil); photometric inflection method; night median MSAS=21.27; MSAS at inflection=21.33; depression=14.59°; smoothing=5-pt median; dark rows=877"
isha,2024-07-03,18:34,-3,-22.2803,-46.3647,870.0,Globe at Night Monitoring Network (GaN-MN). Continuous SQM-LE sky brightness data. https://globeatnight.org/gan-mn/. Station registry: http://globeatnight-network.org/,"GaN-MN station PAOF (Ouro Fino, MG, Brazil); photometric inflection method; night median MSAS=21.23; MSAS at inflection=20.16; depression=13.81°; smoothing=5-pt median; dark rows=870"
fajr,2024-07-05,05:56,-3,-22.2803,-46.3647,870.0,Globe at Night Monitoring Network (GaN-MN). Continuous SQM-LE sky brightness data. https://globeatnight.org/gan-mn/. Station registry: http://globeatnight-network.org/,"GaN-MN station PAOF (Ouro Fino, MG, Brazil); photometric inflection method; night median MSAS=21.24; MSAS at inflection=19.15; depression=11.40°; smoothing=5-pt median; dark rows=874"
fajr,2024-07-06,05:56,-3,-22.2803,-46.3647,870.0,Globe at Night Monitoring Network (GaN-MN). Continuous SQM-LE sky brightness data. https://globeatnight.org/gan-mn/. Station registry: http://globeatnight-network.org/,"GaN-MN station PAOF (Ouro Fino, MG, Brazil); photometric inflection method; night median MSAS=21.17; MSAS at inflection=18.90; depression=11.38°; smoothing=5-pt median; dark rows=873"
isha,2024-07-06,18:59,-3,-22.2803,-46.3647,870.0,Globe at Night Monitoring Network (GaN-MN). Continuous SQM-LE sky brightness data. https://globeatnight.org/gan-mn/. Station registry: http://globeatnight-network.org/,"GaN-MN station PAOF (Ouro Fino, MG, Brazil); photometric inflection method; night median MSAS=21.31; MSAS at inflection=21.05; depression=19.11°; smoothing=5-pt median; dark rows=873"
fajr,2024-07-07,05:57,-3,-22.2803,-46.3647,870.0,Globe at Night Monitoring Network (GaN-MN). Continuous SQM-LE sky brightness data. https://globeatnight.org/gan-mn/. Station registry: http://globeatnight-network.org/,"GaN-MN station PAOF (Ouro Fino, MG, Brazil); photometric inflection method; night median MSAS=21.31; MSAS at inflection=19.13; depression=11.21°; smoothing=5-pt median; dark rows=873"
fajr,2024-07-08,05:54,-3,-22.2803,-46.3647,870.0,Globe at Night Monitoring Network (GaN-MN). Continuous SQM-LE sky brightness data. https://globeatnight.org/gan-mn/. Station registry: http://globeatnight-network.org/,"GaN-MN station PAOF (Ouro Fino, MG, Brazil); photometric inflection method; night median MSAS=21.26; MSAS at inflection=19.90; depression=11.75°; smoothing=5-pt median; dark rows=873"
isha,2024-07-09,18:30,-3,-22.2803,-46.3647,870.0,Globe at Night Monitoring Network (GaN-MN). Continuous SQM-LE sky brightness data. https://globeatnight.org/gan-mn/. Station registry: http://globeatnight-network.org/,"GaN-MN station PAOF (Ouro Fino, MG, Brazil); photometric inflection method; night median MSAS=20.87; MSAS at inflection=19.88; depression=12.49°; smoothing=5-pt median; dark rows=875"
isha,2024-07-11,18:34,-3,-22.2803,-46.3647,870.0,Globe at Night Monitoring Network (GaN-MN). Continuous SQM-LE sky brightness data. https://globeatnight.org/gan-mn/. Station registry: http://globeatnight-network.org/,"GaN-MN station PAOF (Ouro Fino, MG, Brazil); photometric inflection method; night median MSAS=21.14; MSAS at inflection=19.31; depression=13.17°; smoothing=5-pt median; dark rows=869"
isha,2024-07-12,19:03,-3,-22.2803,-46.3647,870.0,Globe at Night Monitoring Network (GaN-MN). Continuous SQM-LE sky brightness data. https://globeatnight.org/gan-mn/. Station registry: http://globeatnight-network.org/,"GaN-MN station PAOF (Ouro Fino, MG, Brazil); photometric inflection method; night median MSAS=20.64; MSAS at inflection=19.32; depression=19.64°; smoothing=5-pt median; dark rows=868"
fajr,2024-07-14,05:58,-3,-22.2803,-46.3647,870.0,Globe at Night Monitoring Network (GaN-MN). Continuous SQM-LE sky brightness data. https://globeatnight.org/gan-mn/. Station registry: http://globeatnight-network.org/,"GaN-MN station PAOF (Ouro Fino, MG, Brazil); photometric inflection method; night median MSAS=20.31; MSAS at inflection=18.79; depression=10.82°; smoothing=5-pt median; dark rows=870"
fajr,2024-07-16,05:58,-3,-22.2803,-46.3647,870.0,Globe at Night Monitoring Network (GaN-MN). Continuous SQM-LE sky brightness data. https://globeatnight.org/gan-mn/. Station registry: http://globeatnight-network.org/,"GaN-MN station PAOF (Ouro Fino, MG, Brazil); photometric inflection method; night median MSAS=19.68; MSAS at inflection=19.10; depression=10.86°; smoothing=5-pt median; dark rows=867"
isha,2024-07-18,18:14,-3,-22.2803,-46.3647,870.0,Globe at Night Monitoring Network (GaN-MN). Continuous SQM-LE sky brightness data. https://globeatnight.org/gan-mn/. Station registry: http://globeatnight-network.org/,"GaN-MN station PAOF (Ouro Fino, MG, Brazil); photometric inflection method; night median MSAS=17.75; MSAS at inflection=15.66; depression=8.39°; smoothing=5-pt median; dark rows=839"
fajr,2024-07-23,06:06,-3,-22.2803,-46.3647,870.0,Globe at Night Monitoring Network (GaN-MN). Continuous SQM-LE sky brightness data. https://globeatnight.org/gan-mn/. Station registry: http://globeatnight-network.org/,"GaN-MN station PAOF (Ouro Fino, MG, Brazil); photometric inflection method; night median MSAS=17.54; MSAS at inflection=16.49; depression=8.53°; smoothing=5-pt median; dark rows=867"
isha,2024-07-23,18:35,-3,-22.2803,-46.3647,870.0,Globe at Night Monitoring Network (GaN-MN). Continuous SQM-LE sky brightness data. https://globeatnight.org/gan-mn/. Station registry: http://globeatnight-network.org/,"GaN-MN station PAOF (Ouro Fino, MG, Brazil); photometric inflection method; night median MSAS=18.21; MSAS at inflection=19.63; depression=12.52°; smoothing=5-pt median; dark rows=867"
isha,2024-07-25,18:26,-3,-22.2803,-46.3647,870.0,Globe at Night Monitoring Network (GaN-MN). Continuous SQM-LE sky brightness data. https://globeatnight.org/gan-mn/. Station registry: http://globeatnight-network.org/,"GaN-MN station PAOF (Ouro Fino, MG, Brazil); photometric inflection method; night median MSAS=19.97; MSAS at inflection=17.84; depression=10.37°; smoothing=5-pt median; dark rows=870"
fajr,2024-07-26,05:57,-3,-22.2803,-46.3647,870.0,Globe at Night Monitoring Network (GaN-MN). Continuous SQM-LE sky brightness data. https://globeatnight.org/gan-mn/. Station registry: http://globeatnight-network.org/,"GaN-MN station PAOF (Ouro Fino, MG, Brazil); photometric inflection method; night median MSAS=19.97; MSAS at inflection=17.64; depression=10.43°; smoothing=5-pt median; dark rows=870"
fajr,2024-07-27,05:47,-3,-22.2803,-46.3647,870.0,Globe at Night Monitoring Network (GaN-MN). Continuous SQM-LE sky brightness data. https://globeatnight.org/gan-mn/. Station registry: http://globeatnight-network.org/,"GaN-MN station PAOF (Ouro Fino, MG, Brazil); photometric inflection method; night median MSAS=20.31; MSAS at inflection=18.64; depression=12.58°; smoothing=5-pt median; dark rows=865"
fajr,2024-07-28,05:50,-3,-22.2803,-46.3647,870.0,Globe at Night Monitoring Network (GaN-MN). Continuous SQM-LE sky brightness data. https://globeatnight.org/gan-mn/. Station registry: http://globeatnight-network.org/,"GaN-MN station PAOF (Ouro Fino, MG, Brazil); photometric inflection method; night median MSAS=21.18; MSAS at inflection=19.18; depression=11.69°; smoothing=5-pt median; dark rows=863"
fajr,2024-07-31,05:51,-3,-22.2803,-46.3647,870.0,Globe at Night Monitoring Network (GaN-MN). Continuous SQM-LE sky brightness data. https://globeatnight.org/gan-mn/. Station registry: http://globeatnight-network.org/,"GaN-MN station PAOF (Ouro Fino, MG, Brazil); photometric inflection method; night median MSAS=21.26; MSAS at inflection=19.35; depression=11.28°; smoothing=5-pt median; dark rows=861"
isha,2024-07-04,20:32,8,22.4806,114.0194,5.0,Globe at Night Monitoring Network (GaN-MN). Continuous SQM-LE sky brightness data. https://globeatnight.org/gan-mn/. Station registry: http://globeatnight-network.org/,"GaN-MN station TBT (Tsim Bei Tsui, Yuen Long, Hong Kong); photometric inflection method; night median MSAS=19.45; MSAS at inflection=18.76; depression=16.90°; smoothing=5-pt median; dark rows=1085"
isha,2024-07-08,20:58,8,22.4806,114.0194,5.0,Globe at Night Monitoring Network (GaN-MN). Continuous SQM-LE sky brightness data. https://globeatnight.org/gan-mn/. Station registry: http://globeatnight-network.org/,"GaN-MN station TBT (Tsim Bei Tsui, Yuen Long, Hong Kong); photometric inflection method; night median MSAS=19.05; MSAS at inflection=18.49; depression=21.98°; smoothing=5-pt median; dark rows=1089"
fajr,2024-07-10,04:09,8,22.4806,114.0194,5.0,Globe at Night Monitoring Network (GaN-MN). Continuous SQM-LE sky brightness data. https://globeatnight.org/gan-mn/. Station registry: http://globeatnight-network.org/,"GaN-MN station TBT (Tsim Bei Tsui, Yuen Long, Hong Kong); photometric inflection method; night median MSAS=19.28; MSAS at inflection=17.63; depression=20.21°; smoothing=5-pt median; dark rows=1090"
fajr,2024-07-11,04:58,8,22.4806,114.0194,5.0,Globe at Night Monitoring Network (GaN-MN). Continuous SQM-LE sky brightness data. https://globeatnight.org/gan-mn/. Station registry: http://globeatnight-network.org/,"GaN-MN station TBT (Tsim Bei Tsui, Yuen Long, Hong Kong); photometric inflection method; night median MSAS=19.46; MSAS at inflection=19.23; depression=10.89°; smoothing=5-pt median; dark rows=1091"
isha,2024-07-13,20:12,8,22.4806,114.0194,5.0,Globe at Night Monitoring Network (GaN-MN). Continuous SQM-LE sky brightness data. https://globeatnight.org/gan-mn/. Station registry: http://globeatnight-network.org/,"GaN-MN station TBT (Tsim Bei Tsui, Yuen Long, Hong Kong); photometric inflection method; night median MSAS=18.87; MSAS at inflection=18.60; depression=13.24°; smoothing=5-pt median; dark rows=1096"
fajr,2024-07-14,04:16,8,22.4806,114.0194,5.0,Globe at Night Monitoring Network (GaN-MN). Continuous SQM-LE sky brightness data. https://globeatnight.org/gan-mn/. Station registry: http://globeatnight-network.org/,"GaN-MN station TBT (Tsim Bei Tsui, Yuen Long, Hong Kong); photometric inflection method; night median MSAS=18.87; MSAS at inflection=19.54; depression=19.41°; smoothing=5-pt median; dark rows=1096"
isha,2024-07-17,20:18,8,22.4806,114.0194,5.0,Globe at Night Monitoring Network (GaN-MN). Continuous SQM-LE sky brightness data. https://globeatnight.org/gan-mn/. Station registry: http://globeatnight-network.org/,"GaN-MN station TBT (Tsim Bei Tsui, Yuen Long, Hong Kong); photometric inflection method; night median MSAS=19.19; MSAS at inflection=18.52; depression=14.70°; smoothing=5-pt median; dark rows=1102"
fajr,2024-07-18,04:24,8,22.4806,114.0194,5.0,Globe at Night Monitoring Network (GaN-MN). Continuous SQM-LE sky brightness data. https://globeatnight.org/gan-mn/. Station registry: http://globeatnight-network.org/,"GaN-MN station TBT (Tsim Bei Tsui, Yuen Long, Hong Kong); photometric inflection method; night median MSAS=19.19; MSAS at inflection=19.13; depression=18.32°; smoothing=5-pt median; dark rows=1102"
isha,2024-07-18,20:28,8,22.4806,114.0194,5.0,Globe at Night Monitoring Network (GaN-MN). Continuous SQM-LE sky brightness data. https://globeatnight.org/gan-mn/. Station registry: http://globeatnight-network.org/,"GaN-MN station TBT (Tsim Bei Tsui, Yuen Long, Hong Kong); photometric inflection method; night median MSAS=18.03; MSAS at inflection=17.28; depression=16.75°; smoothing=5-pt median; dark rows=1104"
fajr,2024-07-19,04:52,8,22.4806,114.0194,5.0,Globe at Night Monitoring Network (GaN-MN). Continuous SQM-LE sky brightness data. https://globeatnight.org/gan-mn/. Station registry: http://globeatnight-network.org/,"GaN-MN station TBT (Tsim Bei Tsui, Yuen Long, Hong Kong); photometric inflection method; night median MSAS=18.03; MSAS at inflection=19.47; depression=12.89°; smoothing=5-pt median; dark rows=1104"
fajr,2024-07-21,04:12,8,22.4806,114.0194,5.0,Globe at Night Monitoring Network (GaN-MN). Continuous SQM-LE sky brightness data. https://globeatnight.org/gan-mn/. Station registry: http://globeatnight-network.org/,"GaN-MN station TBT (Tsim Bei Tsui, Yuen Long, Hong Kong); photometric inflection method; night median MSAS=18.60; MSAS at inflection=19.39; depression=20.88°; smoothing=5-pt median; dark rows=1107"
isha,2024-07-21,20:13,8,22.4806,114.0194,5.0,Globe at Night Monitoring Network (GaN-MN). Continuous SQM-LE sky brightness data. https://globeatnight.org/gan-mn/. Station registry: http://globeatnight-network.org/,"GaN-MN station TBT (Tsim Bei Tsui, Yuen Long, Hong Kong); photometric inflection method; night median MSAS=17.76; MSAS at inflection=15.95; depression=14.13°; smoothing=5-pt median; dark rows=1109"
isha,2024-07-22,20:27,8,22.4806,114.0194,5.0,Globe at Night Monitoring Network (GaN-MN). Continuous SQM-LE sky brightness data. https://globeatnight.org/gan-mn/. Station registry: http://globeatnight-network.org/,"GaN-MN station TBT (Tsim Bei Tsui, Yuen Long, Hong Kong); photometric inflection method; night median MSAS=17.99; MSAS at inflection=17.49; depression=16.93°; smoothing=5-pt median; dark rows=1111"
isha,2024-06-30,21:38,-7,32.6736,-116.5311,1220.0,Globe at Night Monitoring Network (GaN-MN). Continuous SQM-LE sky brightness data. https://globeatnight.org/gan-mn/. Station registry: http://globeatnight-network.org/,"GaN-MN station TSO (Tierra del Sol, San Diego, California, USA); photometric inflection method; night median MSAS=21.67; MSAS at inflection=21.66; depression=17.90°; smoothing=5-pt median; dark rows=383"
fajr,2024-07-01,03:40,-7,32.6736,-116.5311,1220.0,Globe at Night Monitoring Network (GaN-MN). Continuous SQM-LE sky brightness data. https://globeatnight.org/gan-mn/. Station registry: http://globeatnight-network.org/,"GaN-MN station TSO (Tierra del Sol, San Diego, California, USA); photometric inflection method; night median MSAS=21.67; MSAS at inflection=21.37; depression=21.05°; smoothing=5-pt median; dark rows=383"
isha,2024-07-01,21:53,-7,32.6736,-116.5311,1220.0,Globe at Night Monitoring Network (GaN-MN). Continuous SQM-LE sky brightness data. https://globeatnight.org/gan-mn/. Station registry: http://globeatnight-network.org/,"GaN-MN station TSO (Tierra del Sol, San Diego, California, USA); photometric inflection method; night median MSAS=21.57; MSAS at inflection=21.63; depression=20.14°; smoothing=5-pt median; dark rows=384"
fajr,2024-07-02,03:42,-7,32.6736,-116.5311,1220.0,Globe at Night Monitoring Network (GaN-MN). Continuous SQM-LE sky brightness data. https://globeatnight.org/gan-mn/. Station registry: http://globeatnight-network.org/,"GaN-MN station TSO (Tierra del Sol, San Diego, California, USA); photometric inflection method; night median MSAS=21.57; MSAS at inflection=21.59; depression=20.86°; smoothing=5-pt median; dark rows=384"
isha,2024-07-02,21:38,-7,32.6736,-116.5311,1220.0,Globe at Night Monitoring Network (GaN-MN). Continuous SQM-LE sky brightness data. https://globeatnight.org/gan-mn/. Station registry: http://globeatnight-network.org/,"GaN-MN station TSO (Tierra del Sol, San Diego, California, USA); photometric inflection method; night median MSAS=21.60; MSAS at inflection=21.58; depression=17.95°; smoothing=5-pt median; dark rows=384"
fajr,2024-07-05,03:37,-7,32.6736,-116.5311,1220.0,Globe at Night Monitoring Network (GaN-MN). Continuous SQM-LE sky brightness data. https://globeatnight.org/gan-mn/. Station registry: http://globeatnight-network.org/,"GaN-MN station TSO (Tierra del Sol, San Diego, California, USA); photometric inflection method; night median MSAS=21.46; MSAS at inflection=21.46; depression=21.87°; smoothing=5-pt median; dark rows=387"
isha,2024-07-05,21:37,-7,32.6736,-116.5311,1220.0,Globe at Night Monitoring Network (GaN-MN). Continuous SQM-LE sky brightness data. https://globeatnight.org/gan-mn/. Station registry: http://globeatnight-network.org/,"GaN-MN station TSO (Tierra del Sol, San Diego, California, USA); photometric inflection method; night median MSAS=21.65; MSAS at inflection=21.62; depression=17.90°; smoothing=5-pt median; dark rows=387"
fajr,2024-07-06,03:49,-7,32.6736,-116.5311,1220.0,Globe at Night Monitoring Network (GaN-MN). Continuous SQM-LE sky brightness data. https://globeatnight.org/gan-mn/. Station registry: http://globeatnight-network.org/,"GaN-MN station TSO (Tierra del Sol, San Diego, California, USA); photometric inflection method; night median MSAS=21.65; MSAS at inflection=21.69; depression=20.27°; smoothing=5-pt median; dark rows=387"
isha,2024-07-06,21:43,-7,32.6736,-116.5311,1220.0,Globe at Night Monitoring Network (GaN-MN). Continuous SQM-LE sky brightness data. https://globeatnight.org/gan-mn/. Station registry: http://globeatnight-network.org/,"GaN-MN station TSO (Tierra del Sol, San Diego, California, USA); photometric inflection method; night median MSAS=21.46; MSAS at inflection=21.49; depression=18.86°; smoothing=5-pt median; dark rows=388"
fajr,2024-07-07,03:39,-7,32.6736,-116.5311,1220.0,Globe at Night Monitoring Network (GaN-MN). Continuous SQM-LE sky brightness data. https://globeatnight.org/gan-mn/. Station registry: http://globeatnight-network.org/,"GaN-MN station TSO (Tierra del Sol, San Diego, California, USA); photometric inflection method; night median MSAS=21.46; MSAS at inflection=21.58; depression=21.82°; smoothing=5-pt median; dark rows=388"
isha,2024-07-07,21:36,-7,32.6736,-116.5311,1220.0,Globe at Night Monitoring Network (GaN-MN). Continuous SQM-LE sky brightness data. https://globeatnight.org/gan-mn/. Station registry: http://globeatnight-network.org/,"GaN-MN station TSO (Tierra del Sol, San Diego, California, USA); photometric inflection method; night median MSAS=21.64; MSAS at inflection=21.63; depression=17.85°; smoothing=5-pt median; dark rows=390"
fajr,2024-07-08,03:40,-7,32.6736,-116.5311,1220.0,Globe at Night Monitoring Network (GaN-MN). Continuous SQM-LE sky brightness data. https://globeatnight.org/gan-mn/. Station registry: http://globeatnight-network.org/,"GaN-MN station TSO (Tierra del Sol, San Diego, California, USA); photometric inflection method; night median MSAS=21.64; MSAS at inflection=21.65; depression=21.79°; smoothing=5-pt median; dark rows=390"
isha,2024-07-08,22:00,-7,32.6736,-116.5311,1220.0,Globe at Night Monitoring Network (GaN-MN). Continuous SQM-LE sky brightness data. https://globeatnight.org/gan-mn/. Station registry: http://globeatnight-network.org/,"GaN-MN station TSO (Tierra del Sol, San Diego, California, USA); photometric inflection method; night median MSAS=21.50; MSAS at inflection=21.51; depression=21.62°; smoothing=5-pt median; dark rows=391"
isha,2024-07-09,21:38,-7,32.6736,-116.5311,1220.0,Globe at Night Monitoring Network (GaN-MN). Continuous SQM-LE sky brightness data. https://globeatnight.org/gan-mn/. Station registry: http://globeatnight-network.org/,"GaN-MN station TSO (Tierra del Sol, San Diego, California, USA); photometric inflection method; night median MSAS=21.52; MSAS at inflection=21.56; depression=18.44°; smoothing=5-pt median; dark rows=391"
fajr,2024-07-11,03:44,-7,32.6736,-116.5311,1220.0,Globe at Night Monitoring Network (GaN-MN). Continuous SQM-LE sky brightness data. https://globeatnight.org/gan-mn/. Station registry: http://globeatnight-network.org/,"GaN-MN station TSO (Tierra del Sol, San Diego, California, USA); photometric inflection method; night median MSAS=21.46; MSAS at inflection=21.57; depression=21.46°; smoothing=5-pt median; dark rows=393"
isha,2024-07-11,21:34,-7,32.6736,-116.5311,1220.0,Globe at Night Monitoring Network (GaN-MN). Continuous SQM-LE sky brightness data. https://globeatnight.org/gan-mn/. Station registry: http://globeatnight-network.org/,"GaN-MN station TSO (Tierra del Sol, San Diego, California, USA); photometric inflection method; night median MSAS=21.46; MSAS at inflection=21.00; depression=17.97°; smoothing=5-pt median; dark rows=394"
fajr,2024-07-12,03:53,-7,32.6736,-116.5311,1220.0,Globe at Night Monitoring Network (GaN-MN). Continuous SQM-LE sky brightness data. https://globeatnight.org/gan-mn/. Station registry: http://globeatnight-network.org/,"GaN-MN station TSO (Tierra del Sol, San Diego, California, USA); photometric inflection method; night median MSAS=21.46; MSAS at inflection=21.54; depression=20.28°; smoothing=5-pt median; dark rows=394"
isha,2024-07-12,21:36,-7,32.6736,-116.5311,1220.0,Globe at Night Monitoring Network (GaN-MN). Continuous SQM-LE sky brightness data. https://globeatnight.org/gan-mn/. Station registry: http://globeatnight-network.org/,"GaN-MN station TSO (Tierra del Sol, San Diego, California, USA); photometric inflection method; night median MSAS=21.49; MSAS at inflection=20.87; depression=18.37°; smoothing=5-pt median; dark rows=396"
fajr,2024-07-13,03:44,-7,32.6736,-116.5311,1220.0,Globe at Night Monitoring Network (GaN-MN). Continuous SQM-LE sky brightness data. https://globeatnight.org/gan-mn/. Station registry: http://globeatnight-network.org/,"GaN-MN station TSO (Tierra del Sol, San Diego, California, USA); photometric inflection method; night median MSAS=21.49; MSAS at inflection=21.05; depression=21.74°; smoothing=5-pt median; dark rows=396"
isha,2024-07-13,21:33,-7,32.6736,-116.5311,1220.0,Globe at Night Monitoring Network (GaN-MN). Continuous SQM-LE sky brightness data. https://globeatnight.org/gan-mn/. Station registry: http://globeatnight-network.org/,"GaN-MN station TSO (Tierra del Sol, San Diego, California, USA); photometric inflection method; night median MSAS=21.47; MSAS at inflection=20.62; depression=17.99°; smoothing=5-pt median; dark rows=397"
isha,2024-07-14,21:32,-7,32.6736,-116.5311,1220.0,Globe at Night Monitoring Network (GaN-MN). Continuous SQM-LE sky brightness data. https://globeatnight.org/gan-mn/. Station registry: http://globeatnight-network.org/,"GaN-MN station TSO (Tierra del Sol, San Diego, California, USA); photometric inflection method; night median MSAS=20.98; MSAS at inflection=19.02; depression=17.92°; smoothing=5-pt median; dark rows=399"
isha,2024-07-15,21:43,-7,32.6736,-116.5311,1220.0,Globe at Night Monitoring Network (GaN-MN). Continuous SQM-LE sky brightness data. https://globeatnight.org/gan-mn/. Station registry: http://globeatnight-network.org/,"GaN-MN station TSO (Tierra del Sol, San Diego, California, USA); photometric inflection method; night median MSAS=20.65; MSAS at inflection=19.86; depression=19.74°; smoothing=5-pt median; dark rows=399"
fajr,2024-07-16,03:49,-7,32.6736,-116.5311,1220.0,Globe at Night Monitoring Network (GaN-MN). Continuous SQM-LE sky brightness data. https://globeatnight.org/gan-mn/. Station registry: http://globeatnight-network.org/,"GaN-MN station TSO (Tierra del Sol, San Diego, California, USA); photometric inflection method; night median MSAS=20.65; MSAS at inflection=21.71; depression=21.44°; smoothing=5-pt median; dark rows=399"
isha,2024-07-16,21:49,-7,32.6736,-116.5311,1220.0,Globe at Night Monitoring Network (GaN-MN). Continuous SQM-LE sky brightness data. https://globeatnight.org/gan-mn/. Station registry: http://globeatnight-network.org/,"GaN-MN station TSO (Tierra del Sol, San Diego, California, USA); photometric inflection method; night median MSAS=20.15; MSAS at inflection=19.53; depression=20.75°; smoothing=5-pt median; dark rows=401"
fajr,2024-07-17,04:11,-7,32.6736,-116.5311,1220.0,Globe at Night Monitoring Network (GaN-MN). Continuous SQM-LE sky brightness data. https://globeatnight.org/gan-mn/. Station registry: http://globeatnight-network.org/,"GaN-MN station TSO (Tierra del Sol, San Diego, California, USA); photometric inflection method; night median MSAS=20.15; MSAS at inflection=20.75; depression=18.23°; smoothing=5-pt median; dark rows=401"
isha,2024-07-17,21:31,-7,32.6736,-116.5311,1220.0,Globe at Night Monitoring Network (GaN-MN). Continuous SQM-LE sky brightness data. https://globeatnight.org/gan-mn/. Station registry: http://globeatnight-network.org/,"GaN-MN station TSO (Tierra del Sol, San Diego, California, USA); photometric inflection method; night median MSAS=19.80; MSAS at inflection=19.34; depression=18.08°; smoothing=5-pt median; dark rows=403"
fajr,2024-07-19,03:49,-7,32.6736,-116.5311,1220.0,Globe at Night Monitoring Network (GaN-MN). Continuous SQM-LE sky brightness data. https://globeatnight.org/gan-mn/. Station registry: http://globeatnight-network.org/,"GaN-MN station TSO (Tierra del Sol, San Diego, California, USA); photometric inflection method; night median MSAS=19.31; MSAS at inflection=21.65; depression=21.90°; smoothing=5-pt median; dark rows=405"
isha,2024-07-19,21:41,-7,32.6736,-116.5311,1220.0,Globe at Night Monitoring Network (GaN-MN). Continuous SQM-LE sky brightness data. https://globeatnight.org/gan-mn/. Station registry: http://globeatnight-network.org/,"GaN-MN station TSO (Tierra del Sol, San Diego, California, USA); photometric inflection method; night median MSAS=18.78; MSAS at inflection=19.01; depression=19.89°; smoothing=5-pt median; dark rows=407"
fajr,2024-07-20,04:12,-7,32.6736,-116.5311,1220.0,Globe at Night Monitoring Network (GaN-MN). Continuous SQM-LE sky brightness data. https://globeatnight.org/gan-mn/. Station registry: http://globeatnight-network.org/,"GaN-MN station TSO (Tierra del Sol, San Diego, California, USA); photometric inflection method; night median MSAS=18.78; MSAS at inflection=20.36; depression=18.52°; smoothing=5-pt median; dark rows=407"
isha,2024-07-20,21:32,-7,32.6736,-116.5311,1220.0,Globe at Night Monitoring Network (GaN-MN). Continuous SQM-LE sky brightness data. https://globeatnight.org/gan-mn/. Station registry: http://globeatnight-network.org/,"GaN-MN station TSO (Tierra del Sol, San Diego, California, USA); photometric inflection method; night median MSAS=18.50; MSAS at inflection=19.23; depression=18.61°; smoothing=5-pt median; dark rows=408"
fajr,2024-07-21,03:58,-7,32.6736,-116.5311,1220.0,Globe at Night Monitoring Network (GaN-MN). Continuous SQM-LE sky brightness data. https://globeatnight.org/gan-mn/. Station registry: http://globeatnight-network.org/,"GaN-MN station TSO (Tierra del Sol, San Diego, California, USA); photometric inflection method; night median MSAS=18.50; MSAS at inflection=18.91; depression=20.87°; smoothing=5-pt median; dark rows=408"
fajr,2024-07-23,04:04,-7,32.6736,-116.5311,1220.0,Globe at Night Monitoring Network (GaN-MN). Continuous SQM-LE sky brightness data. https://globeatnight.org/gan-mn/. Station registry: http://globeatnight-network.org/,"GaN-MN station TSO (Tierra del Sol, San Diego, California, USA); photometric inflection method; night median MSAS=18.87; MSAS at inflection=18.23; depression=20.26°; smoothing=5-pt median; dark rows=412"
isha,2024-07-23,21:49,-7,32.6736,-116.5311,1220.0,Globe at Night Monitoring Network (GaN-MN). Continuous SQM-LE sky brightness data. https://globeatnight.org/gan-mn/. Station registry: http://globeatnight-network.org/,"GaN-MN station TSO (Tierra del Sol, San Diego, California, USA); photometric inflection method; night median MSAS=18.99; MSAS at inflection=21.35; depression=21.69°; smoothing=5-pt median; dark rows=414"
fajr,2024-07-24,04:18,-7,32.6736,-116.5311,1220.0,Globe at Night Monitoring Network (GaN-MN). Continuous SQM-LE sky brightness data. https://globeatnight.org/gan-mn/. Station registry: http://globeatnight-network.org/,"GaN-MN station TSO (Tierra del Sol, San Diego, California, USA); photometric inflection method; night median MSAS=18.99; MSAS at inflection=18.08; depression=18.19°; smoothing=5-pt median; dark rows=414"
isha,2024-07-24,21:28,-7,32.6736,-116.5311,1220.0,Globe at Night Monitoring Network (GaN-MN). Continuous SQM-LE sky brightness data. https://globeatnight.org/gan-mn/. Station registry: http://globeatnight-network.org/,"GaN-MN station TSO (Tierra del Sol, San Diego, California, USA); photometric inflection method; night median MSAS=19.49; MSAS at inflection=21.59; depression=18.53°; smoothing=5-pt median; dark rows=416"
fajr,2024-07-25,04:06,-7,32.6736,-116.5311,1220.0,Globe at Night Monitoring Network (GaN-MN). Continuous SQM-LE sky brightness data. https://globeatnight.org/gan-mn/. Station registry: http://globeatnight-network.org/,"GaN-MN station TSO (Tierra del Sol, San Diego, California, USA); photometric inflection method; night median MSAS=19.49; MSAS at inflection=18.23; depression=20.28°; smoothing=5-pt median; dark rows=416"
isha,2024-07-25,21:31,-7,32.6736,-116.5311,1220.0,Globe at Night Monitoring Network (GaN-MN). Continuous SQM-LE sky brightness data. https://globeatnight.org/gan-mn/. Station registry: http://globeatnight-network.org/,"GaN-MN station TSO (Tierra del Sol, San Diego, California, USA); photometric inflection method; night median MSAS=19.91; MSAS at inflection=21.54; depression=19.17°; smoothing=5-pt median; dark rows=418"
fajr,2024-07-26,04:18,-7,32.6736,-116.5311,1220.0,Globe at Night Monitoring Network (GaN-MN). Continuous SQM-LE sky brightness data. https://globeatnight.org/gan-mn/. Station registry: http://globeatnight-network.org/,"GaN-MN station TSO (Tierra del Sol, San Diego, California, USA); photometric inflection method; night median MSAS=19.91; MSAS at inflection=18.57; depression=18.52°; smoothing=5-pt median; dark rows=418"
fajr,2024-07-27,04:21,-7,32.6736,-116.5311,1220.0,Globe at Night Monitoring Network (GaN-MN). Continuous SQM-LE sky brightness data. https://globeatnight.org/gan-mn/. Station registry: http://globeatnight-network.org/,"GaN-MN station TSO (Tierra del Sol, San Diego, California, USA); photometric inflection method; night median MSAS=20.54; MSAS at inflection=18.85; depression=18.19°; smoothing=5-pt median; dark rows=420"
fajr,2024-07-28,04:18,-7,32.6736,-116.5311,1220.0,Globe at Night Monitoring Network (GaN-MN). Continuous SQM-LE sky brightness data. https://globeatnight.org/gan-mn/. Station registry: http://globeatnight-network.org/,"GaN-MN station TSO (Tierra del Sol, San Diego, California, USA); photometric inflection method; night median MSAS=21.05; MSAS at inflection=19.72; depression=18.86°; smoothing=5-pt median; dark rows=422"
isha,2024-07-28,21:28,-7,32.6736,-116.5311,1220.0,Globe at Night Monitoring Network (GaN-MN). Continuous SQM-LE sky brightness data. https://globeatnight.org/gan-mn/. Station registry: http://globeatnight-network.org/,"GaN-MN station TSO (Tierra del Sol, San Diego, California, USA); photometric inflection method; night median MSAS=21.39; MSAS at inflection=21.55; depression=19.17°; smoothing=5-pt median; dark rows=424"
isha,2024-07-29,21:32,-7,32.6736,-116.5311,1220.0,Globe at Night Monitoring Network (GaN-MN). Continuous SQM-LE sky brightness data. https://globeatnight.org/gan-mn/. Station registry: http://globeatnight-network.org/,"GaN-MN station TSO (Tierra del Sol, San Diego, California, USA); photometric inflection method; night median MSAS=21.30; MSAS at inflection=21.41; depression=20.00°; smoothing=5-pt median; dark rows=426"
fajr,2024-07-30,04:15,-7,32.6736,-116.5311,1220.0,Globe at Night Monitoring Network (GaN-MN). Continuous SQM-LE sky brightness data. https://globeatnight.org/gan-mn/. Station registry: http://globeatnight-network.org/,"GaN-MN station TSO (Tierra del Sol, San Diego, California, USA); photometric inflection method; night median MSAS=21.30; MSAS at inflection=21.00; depression=19.70°; smoothing=5-pt median; dark rows=426"
fajr,2024-07-31,04:17,-7,32.6736,-116.5311,1220.0,Globe at Night Monitoring Network (GaN-MN). Continuous SQM-LE sky brightness data. https://globeatnight.org/gan-mn/. Station registry: http://globeatnight-network.org/,"GaN-MN station TSO (Tierra del Sol, San Diego, California, USA); photometric inflection method; night median MSAS=21.57; MSAS at inflection=21.50; depression=19.55°; smoothing=5-pt median; dark rows=426"
isha,2024-07-03,20:07,8,22.2974,114.1737,5.0,Globe at Night Monitoring Network (GaN-MN). Continuous SQM-LE sky brightness data. https://globeatnight.org/gan-mn/. Station registry: http://globeatnight-network.org/,"GaN-MN station TST (Kowloon, Hong Kong Space Museum); photometric inflection method; night median MSAS=18.26; MSAS at inflection=16.18; depression=12.22°; smoothing=5-pt median; dark rows=1086"
isha,2024-07-08,19:43,8,22.2974,114.1737,5.0,Globe at Night Monitoring Network (GaN-MN). Continuous SQM-LE sky brightness data. https://globeatnight.org/gan-mn/. Station registry: http://globeatnight-network.org/,"GaN-MN station TST (Kowloon, Hong Kong Space Museum); photometric inflection method; night median MSAS=17.53; MSAS at inflection=15.05; depression=7.37°; smoothing=5-pt median; dark rows=1090"
isha,2024-07-31,00:06,2,59.9167,18.8333,5.0,Globe at Night Monitoring Network (GaN-MN). Continuous SQM-LE sky brightness data. https://globeatnight.org/gan-mn/. Station registry: http://globeatnight-network.org/,"GaN-MN station UO (Utanå Observatory, Väddö, Sweden); photometric inflection method; night median MSAS=19.12; MSAS at inflection=19.05; depression=11.34°; smoothing=5-pt median; dark rows=28"
fajr,2024-07-31,01:51,2,59.9167,18.8333,5.0,Globe at Night Monitoring Network (GaN-MN). Continuous SQM-LE sky brightness data. https://globeatnight.org/gan-mn/. Station registry: http://globeatnight-network.org/,"GaN-MN station UO (Utanå Observatory, Väddö, Sweden); photometric inflection method; night median MSAS=19.12; MSAS at inflection=18.43; depression=10.95°; smoothing=5-pt median; dark rows=28"
isha,2024-07-31,23:14,2,59.9167,18.8333,5.0,Globe at Night Monitoring Network (GaN-MN). Continuous SQM-LE sky brightness data. https://globeatnight.org/gan-mn/. Station registry: http://globeatnight-network.org/,"GaN-MN station UO (Utanå Observatory, Väddö, Sweden); photometric inflection method; night median MSAS=19.31; MSAS at inflection=17.64; depression=9.71°; smoothing=5-pt median; dark rows=32"
fajr,2024-08-01,01:59,2,59.9167,18.8333,5.0,Globe at Night Monitoring Network (GaN-MN). Continuous SQM-LE sky brightness data. https://globeatnight.org/gan-mn/. Station registry: http://globeatnight-network.org/,"GaN-MN station UO (Utanå Observatory, Väddö, Sweden); photometric inflection method; night median MSAS=19.31; MSAS at inflection=18.75; depression=10.89°; smoothing=5-pt median; dark rows=32"
fajr,2024-07-03,05:48,8,3.0738,101.5183,40.0,Globe at Night Monitoring Network (GaN-MN). Continuous SQM-LE sky brightness data. https://globeatnight.org/gan-mn/. Station registry: http://globeatnight-network.org/,"GaN-MN station UiTM (Shah Alam, Malaysia); photometric inflection method; night median MSAS=17.66; MSAS at inflection=17.69; depression=19.30°; smoothing=5-pt median; dark rows=1245"
isha,2024-07-31,20:12,8,3.0738,101.5183,40.0,Globe at Night Monitoring Network (GaN-MN). Continuous SQM-LE sky brightness data. https://globeatnight.org/gan-mn/. Station registry: http://globeatnight-network.org/,"GaN-MN station UiTM (Shah Alam, Malaysia); photometric inflection method; night median MSAS=17.81; MSAS at inflection=17.52; depression=11.46°; smoothing=5-pt median; dark rows=1255"
isha,2024-07-01,23:24,2,49.0167,13.2333,590.0,Globe at Night Monitoring Network (GaN-MN). Continuous SQM-LE sky brightness data. https://globeatnight.org/gan-mn/. Station registry: http://globeatnight-network.org/,"GaN-MN station Zwi (Zwiesel, Germany); photometric inflection method; night median MSAS=20.36; MSAS at inflection=19.56; depression=14.13°; smoothing=5-pt median; dark rows=625"
isha,2024-07-02,22:30,2,49.0167,13.2333,590.0,Globe at Night Monitoring Network (GaN-MN). Continuous SQM-LE sky brightness data. https://globeatnight.org/gan-mn/. Station registry: http://globeatnight-network.org/,"GaN-MN station Zwi (Zwiesel, Germany); photometric inflection method; night median MSAS=18.42; MSAS at inflection=17.69; depression=9.65°; smoothing=5-pt median; dark rows=628"
fajr,2024-07-03,04:12,2,49.0167,13.2333,590.0,Globe at Night Monitoring Network (GaN-MN). Continuous SQM-LE sky brightness data. https://globeatnight.org/gan-mn/. Station registry: http://globeatnight-network.org/,"GaN-MN station Zwi (Zwiesel, Germany); photometric inflection method; night median MSAS=18.42; MSAS at inflection=16.34; depression=7.46°; smoothing=5-pt median; dark rows=628"
isha,2024-07-03,23:14,2,49.0167,13.2333,590.0,Globe at Night Monitoring Network (GaN-MN). Continuous SQM-LE sky brightness data. https://globeatnight.org/gan-mn/. Station registry: http://globeatnight-network.org/,"GaN-MN station Zwi (Zwiesel, Germany); photometric inflection method; night median MSAS=18.75; MSAS at inflection=19.05; depression=13.53°; smoothing=5-pt median; dark rows=631"
fajr,2024-07-04,02:09,2,49.0167,13.2333,590.0,Globe at Night Monitoring Network (GaN-MN). Continuous SQM-LE sky brightness data. https://globeatnight.org/gan-mn/. Station registry: http://globeatnight-network.org/,"GaN-MN station Zwi (Zwiesel, Germany); photometric inflection method; night median MSAS=18.75; MSAS at inflection=18.84; depression=16.99°; smoothing=5-pt median; dark rows=631"
fajr,2024-07-05,03:40,2,49.0167,13.2333,590.0,Globe at Night Monitoring Network (GaN-MN). Continuous SQM-LE sky brightness data. https://globeatnight.org/gan-mn/. Station registry: http://globeatnight-network.org/,"GaN-MN station Zwi (Zwiesel, Germany); photometric inflection method; night median MSAS=19.05; MSAS at inflection=18.25; depression=10.91°; smoothing=5-pt median; dark rows=635"
fajr,2024-07-07,01:49,2,49.0167,13.2333,590.0,Globe at Night Monitoring Network (GaN-MN). Continuous SQM-LE sky brightness data. https://globeatnight.org/gan-mn/. Station registry: http://globeatnight-network.org/,"GaN-MN station Zwi (Zwiesel, Germany); photometric inflection method; night median MSAS=18.88; MSAS at inflection=18.72; depression=17.93°; smoothing=5-pt median; dark rows=642"
isha,2024-07-08,01:07,2,49.0167,13.2333,590.0,Globe at Night Monitoring Network (GaN-MN). Continuous SQM-LE sky brightness data. https://globeatnight.org/gan-mn/. Station registry: http://globeatnight-network.org/,"GaN-MN station Zwi (Zwiesel, Germany); photometric inflection method; night median MSAS=18.96; MSAS at inflection=19.62; depression=18.53°; smoothing=5-pt median; dark rows=646"
fajr,2024-07-08,01:07,2,49.0167,13.2333,590.0,Globe at Night Monitoring Network (GaN-MN). Continuous SQM-LE sky brightness data. https://globeatnight.org/gan-mn/. Station registry: http://globeatnight-network.org/,"GaN-MN station Zwi (Zwiesel, Germany); photometric inflection method; night median MSAS=18.96; MSAS at inflection=19.62; depression=18.54°; smoothing=5-pt median; dark rows=646"
isha,2024-07-11,22:28,2,49.0167,13.2333,590.0,Globe at Night Monitoring Network (GaN-MN). Continuous SQM-LE sky brightness data. https://globeatnight.org/gan-mn/. Station registry: http://globeatnight-network.org/,"GaN-MN station Zwi (Zwiesel, Germany); photometric inflection method; night median MSAS=19.91; MSAS at inflection=18.13; depression=10.17°; smoothing=5-pt median; dark rows=664"
fajr,2024-07-14,00:48,2,49.0167,13.2333,590.0,Globe at Night Monitoring Network (GaN-MN). Continuous SQM-LE sky brightness data. https://globeatnight.org/gan-mn/. Station registry: http://globeatnight-network.org/,"GaN-MN station Zwi (Zwiesel, Germany); photometric inflection method; night median MSAS=19.52; MSAS at inflection=19.35; depression=19.13°; smoothing=5-pt median; dark rows=675"
fajr,2024-07-15,03:32,2,49.0167,13.2333,590.0,Globe at Night Monitoring Network (GaN-MN). Continuous SQM-LE sky brightness data. https://globeatnight.org/gan-mn/. Station registry: http://globeatnight-network.org/,"GaN-MN station Zwi (Zwiesel, Germany); photometric inflection method; night median MSAS=20.37; MSAS at inflection=20.23; depression=13.02°; smoothing=5-pt median; dark rows=680"
isha,2024-07-15,23:20,2,49.0167,13.2333,590.0,Globe at Night Monitoring Network (GaN-MN). Continuous SQM-LE sky brightness data. https://globeatnight.org/gan-mn/. Station registry: http://globeatnight-network.org/,"GaN-MN station Zwi (Zwiesel, Germany); photometric inflection method; night median MSAS=20.23; MSAS at inflection=20.25; depression=15.31°; smoothing=5-pt median; dark rows=686"
isha,2024-07-16,22:32,2,49.0167,13.2333,590.0,Globe at Night Monitoring Network (GaN-MN). Continuous SQM-LE sky brightness data. https://globeatnight.org/gan-mn/. Station registry: http://globeatnight-network.org/,"GaN-MN station Zwi (Zwiesel, Germany); photometric inflection method; night median MSAS=19.71; MSAS at inflection=18.54; depression=11.23°; smoothing=5-pt median; dark rows=691"
isha,2024-07-18,01:12,2,49.0167,13.2333,590.0,Globe at Night Monitoring Network (GaN-MN). Continuous SQM-LE sky brightness data. https://globeatnight.org/gan-mn/. Station registry: http://globeatnight-network.org/,"GaN-MN station Zwi (Zwiesel, Germany); photometric inflection method; night median MSAS=19.85; MSAS at inflection=19.43; depression=20.01°; smoothing=5-pt median; dark rows=697"
isha,2024-07-19,01:17,2,49.0167,13.2333,590.0,Globe at Night Monitoring Network (GaN-MN). Continuous SQM-LE sky brightness data. https://globeatnight.org/gan-mn/. Station registry: http://globeatnight-network.org/,"GaN-MN station Zwi (Zwiesel, Germany); photometric inflection method; night median MSAS=19.80; MSAS at inflection=20.07; depression=20.18°; smoothing=5-pt median; dark rows=703"
isha,2024-07-19,22:15,2,49.0167,13.2333,590.0,Globe at Night Monitoring Network (GaN-MN). Continuous SQM-LE sky brightness data. https://globeatnight.org/gan-mn/. Station registry: http://globeatnight-network.org/,"GaN-MN station Zwi (Zwiesel, Germany); photometric inflection method; night median MSAS=18.68; MSAS at inflection=17.71; depression=9.92°; smoothing=5-pt median; dark rows=709"
fajr,2024-07-20,03:05,2,49.0167,13.2333,590.0,Globe at Night Monitoring Network (GaN-MN). Continuous SQM-LE sky brightness data. https://globeatnight.org/gan-mn/. Station registry: http://globeatnight-network.org/,"GaN-MN station Zwi (Zwiesel, Germany); photometric inflection method; night median MSAS=18.68; MSAS at inflection=19.90; depression=16.04°; smoothing=5-pt median; dark rows=709"
fajr,2024-07-21,02:28,2,49.0167,13.2333,590.0,Globe at Night Monitoring Network (GaN-MN). Continuous SQM-LE sky brightness data. https://globeatnight.org/gan-mn/. Station registry: http://globeatnight-network.org/,"GaN-MN station Zwi (Zwiesel, Germany); photometric inflection method; night median MSAS=18.96; MSAS at inflection=19.09; depression=18.61°; smoothing=5-pt median; dark rows=715"
isha,2024-07-23,21:59,2,49.0167,13.2333,590.0,Globe at Night Monitoring Network (GaN-MN). Continuous SQM-LE sky brightness data. https://globeatnight.org/gan-mn/. Station registry: http://globeatnight-network.org/,"GaN-MN station Zwi (Zwiesel, Germany); photometric inflection method; night median MSAS=18.91; MSAS at inflection=17.18; depression=8.79°; smoothing=5-pt median; dark rows=734"
fajr,2024-07-24,01:16,2,49.0167,13.2333,590.0,Globe at Night Monitoring Network (GaN-MN). Continuous SQM-LE sky brightness data. https://globeatnight.org/gan-mn/. Station registry: http://globeatnight-network.org/,"GaN-MN station Zwi (Zwiesel, Germany); photometric inflection method; night median MSAS=18.91; MSAS at inflection=18.25; depression=21.17°; smoothing=5-pt median; dark rows=734"
isha,2024-07-26,01:15,2,49.0167,13.2333,590.0,Globe at Night Monitoring Network (GaN-MN). Continuous SQM-LE sky brightness data. https://globeatnight.org/gan-mn/. Station registry: http://globeatnight-network.org/,"GaN-MN station Zwi (Zwiesel, Germany); photometric inflection method; night median MSAS=19.51; MSAS at inflection=19.40; depression=21.61°; smoothing=5-pt median; dark rows=748"
isha,2024-07-27,01:09,2,49.0167,13.2333,590.0,Globe at Night Monitoring Network (GaN-MN). Continuous SQM-LE sky brightness data. https://globeatnight.org/gan-mn/. Station registry: http://globeatnight-network.org/,"GaN-MN station Zwi (Zwiesel, Germany); photometric inflection method; night median MSAS=19.94; MSAS at inflection=20.11; depression=21.83°; smoothing=5-pt median; dark rows=755"
fajr,2024-07-27,01:09,2,49.0167,13.2333,590.0,Globe at Night Monitoring Network (GaN-MN). Continuous SQM-LE sky brightness data. https://globeatnight.org/gan-mn/. Station registry: http://globeatnight-network.org/,"GaN-MN station Zwi (Zwiesel, Germany); photometric inflection method; night median MSAS=19.94; MSAS at inflection=20.12; depression=21.83°; smoothing=5-pt median; dark rows=755"
isha,2024-07-28,01:31,2,49.0167,13.2333,590.0,Globe at Night Monitoring Network (GaN-MN). Continuous SQM-LE sky brightness data. https://globeatnight.org/gan-mn/. Station registry: http://globeatnight-network.org/,"GaN-MN station Zwi (Zwiesel, Germany); photometric inflection method; night median MSAS=19.30; MSAS at inflection=19.72; depression=21.95°; smoothing=5-pt median; dark rows=761"
fajr,2024-07-09,04:51,8,22.3767,114.27,10.0,Globe at Night Monitoring Network (GaN-MN). Continuous SQM-LE sky brightness data. https://globeatnight.org/gan-mn/. Station registry: http://globeatnight-network.org/,"GaN-MN station iObs (Sai Kung iObservatory, Hong Kong); photometric inflection method; night median MSAS=19.25; MSAS at inflection=19.35; depression=11.91°; smoothing=5-pt median; dark rows=1091"
fajr,2024-07-10,04:13,8,22.3767,114.27,10.0,Globe at Night Monitoring Network (GaN-MN). Continuous SQM-LE sky brightness data. https://globeatnight.org/gan-mn/. Station registry: http://globeatnight-network.org/,"GaN-MN station iObs (Sai Kung iObservatory, Hong Kong); photometric inflection method; night median MSAS=19.43; MSAS at inflection=18.15; depression=19.28°; smoothing=5-pt median; dark rows=1091"
isha,2024-07-15,20:50,8,22.3767,114.27,10.0,Globe at Night Monitoring Network (GaN-MN). Continuous SQM-LE sky brightness data. https://globeatnight.org/gan-mn/. Station registry: http://globeatnight-network.org/,"GaN-MN station iObs (Sai Kung iObservatory, Hong Kong); photometric inflection method; night median MSAS=18.70; MSAS at inflection=18.78; depression=21.16°; smoothing=5-pt median; dark rows=1100"
