prayer,date_local,time_local,utc_offset,lat,lng,elevation_m,source,notes
isha,2022-05-02,19:28,-3,-34.6037,-58.3816,25.0,Globe at Night Monitoring Network (GaN-MN). Continuous SQM-LE sky brightness data. https://globeatnight.org/gan-mn/. Station registry: http://globeatnight-network.org/,"GaN-MN station AHO (Almendra HackLab, Buenos Aires, Argentina); photometric inflection method; night median MSAS=17.63; MSAS at inflection=15.90; depression=16.57°; smoothing=5-pt median; dark rows=1416"
fajr,2022-05-06,06:51,-3,-34.6037,-58.3816,25.0,Globe at Night Monitoring Network (GaN-MN). Continuous SQM-LE sky brightness data. https://globeatnight.org/gan-mn/. Station registry: http://globeatnight-network.org/,"GaN-MN station AHO (Almendra HackLab, Buenos Aires, Argentina); photometric inflection method; night median MSAS=17.68; MSAS at inflection=16.15; depression=9.12°; smoothing=5-pt median; dark rows=1426"
fajr,2022-05-07,06:50,-3,-34.6037,-58.3816,25.0,Globe at Night Monitoring Network (GaN-MN). Continuous SQM-LE sky brightness data. https://globeatnight.org/gan-mn/. Station registry: http://globeatnight-network.org/,"GaN-MN station AHO (Almendra HackLab, Buenos Aires, Argentina); photometric inflection method; night median MSAS=17.53; MSAS at inflection=16.23; depression=9.36°; smoothing=5-pt median; dark rows=1429"
isha,2022-05-25,19:08,-3,-34.6037,-58.3816,25.0,Globe at Night Monitoring Network (GaN-MN). Continuous SQM-LE sky brightness data. https://globeatnight.org/gan-mn/. Station registry: http://globeatnight-network.org/,"GaN-MN station AHO (Almendra HackLab, Buenos Aires, Argentina); photometric inflection method; night median MSAS=17.68; MSAS at inflection=16.79; depression=15.34°; smoothing=5-pt median; dark rows=1477"
isha,2022-05-05,20:09,8,22.3755,114.2707,10.0,Globe at Night Monitoring Network (GaN-MN). Continuous SQM-LE sky brightness data. https://globeatnight.org/gan-mn/. Station registry: http://globeatnight-network.org/,"GaN-MN station AP (Hong Kong Astropark, Sai Kung); photometric inflection method; night median MSAS=20.35; MSAS at inflection=19.42; depression=17.67°; smoothing=5-pt median; dark rows=1144"
fajr,2022-05-07,05:08,8,22.3755,114.2707,10.0,Globe at Night Monitoring Network (GaN-MN). Continuous SQM-LE sky brightness data. https://globeatnight.org/gan-mn/. Station registry: http://globeatnight-network.org/,"GaN-MN station AP (Hong Kong Astropark, Sai Kung); photometric inflection method; night median MSAS=19.36; MSAS at inflection=17.30; depression=9.17°; smoothing=5-pt median; dark rows=1142"
isha,2022-05-07,20:02,8,22.3755,114.2707,10.0,Globe at Night Monitoring Network (GaN-MN). Continuous SQM-LE sky brightness data. https://globeatnight.org/gan-mn/. Station registry: http://globeatnight-network.org/,"GaN-MN station AP (Hong Kong Astropark, Sai Kung); photometric inflection method; night median MSAS=18.74; MSAS at inflection=17.85; depression=15.96°; smoothing=5-pt median; dark rows=1139"
isha,2022-05-09,19:40,8,22.3755,114.2707,10.0,Globe at Night Monitoring Network (GaN-MN). Continuous SQM-LE sky brightness data. https://globeatnight.org/gan-mn/. Station registry: http://globeatnight-network.org/,"GaN-MN station AP (Hong Kong Astropark, Sai Kung); photometric inflection method; night median MSAS=19.31; MSAS at inflection=17.34; depression=11.02°; smoothing=5-pt median; dark rows=1135"
isha,2022-05-11,20:20,8,22.3755,114.2707,10.0,Globe at Night Monitoring Network (GaN-MN). Continuous SQM-LE sky brightness data. https://globeatnight.org/gan-mn/. Station registry: http://globeatnight-network.org/,"GaN-MN station AP (Hong Kong Astropark, Sai Kung); photometric inflection method; night median MSAS=19.12; MSAS at inflection=18.32; depression=19.11°; smoothing=5-pt median; dark rows=1131"
fajr,2022-05-12,04:45,8,22.3755,114.2707,10.0,Globe at Night Monitoring Network (GaN-MN). Continuous SQM-LE sky brightness data. https://globeatnight.org/gan-mn/. Station registry: http://globeatnight-network.org/,"GaN-MN station AP (Hong Kong Astropark, Sai Kung); photometric inflection method; night median MSAS=19.12; MSAS at inflection=19.82; depression=13.37°; smoothing=5-pt median; dark rows=1131"
isha,2022-05-12,20:20,8,22.3755,114.2707,10.0,Globe at Night Monitoring Network (GaN-MN). Continuous SQM-LE sky brightness data. https://globeatnight.org/gan-mn/. Station registry: http://globeatnight-network.org/,"GaN-MN station AP (Hong Kong Astropark, Sai Kung); photometric inflection method; night median MSAS=18.56; MSAS at inflection=18.26; depression=18.97°; smoothing=5-pt median; dark rows=1129"
isha,2022-05-17,19:32,8,22.3755,114.2707,10.0,Globe at Night Monitoring Network (GaN-MN). Continuous SQM-LE sky brightness data. https://globeatnight.org/gan-mn/. Station registry: http://globeatnight-network.org/,"GaN-MN station AP (Hong Kong Astropark, Sai Kung); photometric inflection method; night median MSAS=18.31; MSAS at inflection=16.64; depression=8.51°; smoothing=5-pt median; dark rows=1118"
fajr,2022-05-23,04:34,8,22.3755,114.2707,10.0,Globe at Night Monitoring Network (GaN-MN). Continuous SQM-LE sky brightness data. https://globeatnight.org/gan-mn/. Station registry: http://globeatnight-network.org/,"GaN-MN station AP (Hong Kong Astropark, Sai Kung); photometric inflection method; night median MSAS=19.94; MSAS at inflection=19.95; depression=14.58°; smoothing=5-pt median; dark rows=1109"
isha,2022-05-23,19:36,8,22.3755,114.2707,10.0,Globe at Night Monitoring Network (GaN-MN). Continuous SQM-LE sky brightness data. https://globeatnight.org/gan-mn/. Station registry: http://globeatnight-network.org/,"GaN-MN station AP (Hong Kong Astropark, Sai Kung); photometric inflection method; night median MSAS=20.99; MSAS at inflection=18.65; depression=8.56°; smoothing=5-pt median; dark rows=1105"
isha,2022-05-28,20:18,8,22.3755,114.2707,10.0,Globe at Night Monitoring Network (GaN-MN). Continuous SQM-LE sky brightness data. https://globeatnight.org/gan-mn/. Station registry: http://globeatnight-network.org/,"GaN-MN station AP (Hong Kong Astropark, Sai Kung); photometric inflection method; night median MSAS=20.15; MSAS at inflection=18.73; depression=16.55°; smoothing=5-pt median; dark rows=1096"
isha,2022-05-30,19:46,8,22.3755,114.2707,10.0,Globe at Night Monitoring Network (GaN-MN). Continuous SQM-LE sky brightness data. https://globeatnight.org/gan-mn/. Station registry: http://globeatnight-network.org/,"GaN-MN station AP (Hong Kong Astropark, Sai Kung); photometric inflection method; night median MSAS=19.15; MSAS at inflection=18.54; depression=9.97°; smoothing=5-pt median; dark rows=1095"
fajr,2022-05-09,04:13,-4,38.8816,-77.091,55.0,Globe at Night Monitoring Network (GaN-MN). Continuous SQM-LE sky brightness data. https://globeatnight.org/gan-mn/. Station registry: http://globeatnight-network.org/,"GaN-MN station Arl (Arlington, Virginia, USA); photometric inflection method; night median MSAS=18.16; MSAS at inflection=18.30; depression=18.47°; smoothing=5-pt median; dark rows=975"
fajr,2022-05-11,05:13,-4,38.8816,-77.091,55.0,Globe at Night Monitoring Network (GaN-MN). Continuous SQM-LE sky brightness data. https://globeatnight.org/gan-mn/. Station registry: http://globeatnight-network.org/,"GaN-MN station Arl (Arlington, Virginia, USA); photometric inflection method; night median MSAS=18.13; MSAS at inflection=16.66; depression=8.80°; smoothing=5-pt median; dark rows=962"
isha,2022-05-16,22:20,-4,38.8816,-77.091,55.0,Globe at Night Monitoring Network (GaN-MN). Continuous SQM-LE sky brightness data. https://globeatnight.org/gan-mn/. Station registry: http://globeatnight-network.org/,"GaN-MN station Arl (Arlington, Virginia, USA); photometric inflection method; night median MSAS=17.81; MSAS at inflection=17.92; depression=20.33°; smoothing=5-pt median; dark rows=940"
isha,2022-05-17,22:29,-4,38.8816,-77.091,55.0,Globe at Night Monitoring Network (GaN-MN). Continuous SQM-LE sky brightness data. https://globeatnight.org/gan-mn/. Station registry: http://globeatnight-network.org/,"GaN-MN station Arl (Arlington, Virginia, USA); photometric inflection method; night median MSAS=17.94; MSAS at inflection=17.86; depression=21.21°; smoothing=5-pt median; dark rows=936"
fajr,2022-05-21,03:46,-4,38.8816,-77.091,55.0,Globe at Night Monitoring Network (GaN-MN). Continuous SQM-LE sky brightness data. https://globeatnight.org/gan-mn/. Station registry: http://globeatnight-network.org/,"GaN-MN station Arl (Arlington, Virginia, USA); photometric inflection method; night median MSAS=17.81; MSAS at inflection=17.96; depression=19.80°; smoothing=5-pt median; dark rows=924"
isha,2022-05-22,22:08,-4,38.8816,-77.091,55.0,Globe at Night Monitoring Network (GaN-MN). Continuous SQM-LE sky brightness data. https://globeatnight.org/gan-mn/. Station registry: http://globeatnight-network.org/,"GaN-MN station Arl (Arlington, Virginia, USA); photometric inflection method; night median MSAS=17.86; MSAS at inflection=16.43; depression=17.56°; smoothing=5-pt median; dark rows=916"
fajr,2022-05-23,04:34,-4,38.8816,-77.091,55.0,Globe at Night Monitoring Network (GaN-MN). Continuous SQM-LE sky brightness data. https://globeatnight.org/gan-mn/. Station registry: http://globeatnight-network.org/,"GaN-MN station Arl (Arlington, Virginia, USA); photometric inflection method; night median MSAS=17.86; MSAS at inflection=17.86; depression=13.03°; smoothing=5-pt median; dark rows=916"
isha,2022-05-28,22:14,-4,38.8816,-77.091,55.0,Globe at Night Monitoring Network (GaN-MN). Continuous SQM-LE sky brightness data. https://globeatnight.org/gan-mn/. Station registry: http://globeatnight-network.org/,"GaN-MN station Arl (Arlington, Virginia, USA); photometric inflection method; night median MSAS=18.18; MSAS at inflection=18.13; depression=17.48°; smoothing=5-pt median; dark rows=895"
isha,2022-05-30,22:03,-4,38.8816,-77.091,55.0,Globe at Night Monitoring Network (GaN-MN). Continuous SQM-LE sky brightness data. https://globeatnight.org/gan-mn/. Station registry: http://globeatnight-network.org/,"GaN-MN station Arl (Arlington, Virginia, USA); photometric inflection method; night median MSAS=18.18; MSAS at inflection=18.16; depression=15.69°; smoothing=5-pt median; dark rows=890"
fajr,2022-05-31,04:29,-4,38.8816,-77.091,55.0,Globe at Night Monitoring Network (GaN-MN). Continuous SQM-LE sky brightness data. https://globeatnight.org/gan-mn/. Station registry: http://globeatnight-network.org/,"GaN-MN station Arl (Arlington, Virginia, USA); photometric inflection method; night median MSAS=18.18; MSAS at inflection=17.99; depression=12.75°; smoothing=5-pt median; dark rows=890"
isha,2022-05-05,21:59,-5,35.95,-92.5833,220.0,Globe at Night Monitoring Network (GaN-MN). Continuous SQM-LE sky brightness data. https://globeatnight.org/gan-mn/. Station registry: http://globeatnight-network.org/,"GaN-MN station BMCO (Big Music Creek, Arkansas, USA); photometric inflection method; night median MSAS=21.71; MSAS at inflection=20.97; depression=21.27°; smoothing=5-pt median; dark rows=414"
fajr,2022-05-06,04:34,-5,35.95,-92.5833,220.0,Globe at Night Monitoring Network (GaN-MN). Continuous SQM-LE sky brightness data. https://globeatnight.org/gan-mn/. Station registry: http://globeatnight-network.org/,"GaN-MN station BMCO (Big Music Creek, Arkansas, USA); photometric inflection method; night median MSAS=21.71; MSAS at inflection=21.68; depression=18.21°; smoothing=5-pt median; dark rows=414"
isha,2022-05-06,21:56,-5,35.95,-92.5833,220.0,Globe at Night Monitoring Network (GaN-MN). Continuous SQM-LE sky brightness data. https://globeatnight.org/gan-mn/. Station registry: http://globeatnight-network.org/,"GaN-MN station BMCO (Big Music Creek, Arkansas, USA); photometric inflection method; night median MSAS=21.47; MSAS at inflection=20.77; depression=20.61°; smoothing=5-pt median; dark rows=411"
fajr,2022-05-07,04:25,-5,35.95,-92.5833,220.0,Globe at Night Monitoring Network (GaN-MN). Continuous SQM-LE sky brightness data. https://globeatnight.org/gan-mn/. Station registry: http://globeatnight-network.org/,"GaN-MN station BMCO (Big Music Creek, Arkansas, USA); photometric inflection method; night median MSAS=21.47; MSAS at inflection=21.47; depression=19.42°; smoothing=5-pt median; dark rows=411"
isha,2022-05-07,21:43,-5,35.95,-92.5833,220.0,Globe at Night Monitoring Network (GaN-MN). Continuous SQM-LE sky brightness data. https://globeatnight.org/gan-mn/. Station registry: http://globeatnight-network.org/,"GaN-MN station BMCO (Big Music Creek, Arkansas, USA); photometric inflection method; night median MSAS=20.86; MSAS at inflection=19.72; depression=18.39°; smoothing=5-pt median; dark rows=409"
fajr,2022-05-08,04:13,-5,35.95,-92.5833,220.0,Globe at Night Monitoring Network (GaN-MN). Continuous SQM-LE sky brightness data. https://globeatnight.org/gan-mn/. Station registry: http://globeatnight-network.org/,"GaN-MN station BMCO (Big Music Creek, Arkansas, USA); photometric inflection method; night median MSAS=20.86; MSAS at inflection=21.18; depression=21.04°; smoothing=5-pt median; dark rows=409"
isha,2022-05-08,21:45,-5,35.95,-92.5833,220.0,Globe at Night Monitoring Network (GaN-MN). Continuous SQM-LE sky brightness data. https://globeatnight.org/gan-mn/. Station registry: http://globeatnight-network.org/,"GaN-MN station BMCO (Big Music Creek, Arkansas, USA); photometric inflection method; night median MSAS=19.98; MSAS at inflection=18.50; depression=18.52°; smoothing=5-pt median; dark rows=406"
fajr,2022-05-09,04:25,-5,35.95,-92.5833,220.0,Globe at Night Monitoring Network (GaN-MN). Continuous SQM-LE sky brightness data. https://globeatnight.org/gan-mn/. Station registry: http://globeatnight-network.org/,"GaN-MN station BMCO (Big Music Creek, Arkansas, USA); photometric inflection method; night median MSAS=19.98; MSAS at inflection=21.37; depression=18.98°; smoothing=5-pt median; dark rows=406"
fajr,2022-05-10,04:26,-5,35.95,-92.5833,220.0,Globe at Night Monitoring Network (GaN-MN). Continuous SQM-LE sky brightness data. https://globeatnight.org/gan-mn/. Station registry: http://globeatnight-network.org/,"GaN-MN station BMCO (Big Music Creek, Arkansas, USA); photometric inflection method; night median MSAS=19.97; MSAS at inflection=21.48; depression=18.62°; smoothing=5-pt median; dark rows=403"
isha,2022-05-10,21:56,-5,35.95,-92.5833,220.0,Globe at Night Monitoring Network (GaN-MN). Continuous SQM-LE sky brightness data. https://globeatnight.org/gan-mn/. Station registry: http://globeatnight-network.org/,"GaN-MN station BMCO (Big Music Creek, Arkansas, USA); photometric inflection method; night median MSAS=19.20; MSAS at inflection=17.51; depression=19.83°; smoothing=5-pt median; dark rows=296"
isha,2022-05-14,22:00,-5,35.95,-92.5833,220.0,Globe at Night Monitoring Network (GaN-MN). Continuous SQM-LE sky brightness data. https://globeatnight.org/gan-mn/. Station registry: http://globeatnight-network.org/,"GaN-MN station BMCO (Big Music Creek, Arkansas, USA); photometric inflection method; night median MSAS=17.87; MSAS at inflection=18.13; depression=19.65°; smoothing=5-pt median; dark rows=391"
isha,2022-05-15,21:53,-5,35.95,-92.5833,220.0,Globe at Night Monitoring Network (GaN-MN). Continuous SQM-LE sky brightness data. https://globeatnight.org/gan-mn/. Station registry: http://globeatnight-network.org/,"GaN-MN station BMCO (Big Music Creek, Arkansas, USA); photometric inflection method; night median MSAS=17.70; MSAS at inflection=19.25; depression=18.43°; smoothing=5-pt median; dark rows=389"
fajr,2022-05-16,04:07,-5,35.95,-92.5833,220.0,Globe at Night Monitoring Network (GaN-MN). Continuous SQM-LE sky brightness data. https://globeatnight.org/gan-mn/. Station registry: http://globeatnight-network.org/,"GaN-MN station BMCO (Big Music Creek, Arkansas, USA); photometric inflection method; night median MSAS=17.70; MSAS at inflection=17.70; depression=20.33°; smoothing=5-pt median; dark rows=389"
fajr,2022-05-17,04:17,-5,35.95,-92.5833,220.0,Globe at Night Monitoring Network (GaN-MN). Continuous SQM-LE sky brightness data. https://globeatnight.org/gan-mn/. Station registry: http://globeatnight-network.org/,"GaN-MN station BMCO (Big Music Creek, Arkansas, USA); photometric inflection method; night median MSAS=18.79; MSAS at inflection=18.79; depression=18.69°; smoothing=5-pt median; dark rows=387"
fajr,2022-05-18,04:19,-5,35.95,-92.5833,220.0,Globe at Night Monitoring Network (GaN-MN). Continuous SQM-LE sky brightness data. https://globeatnight.org/gan-mn/. Station registry: http://globeatnight-network.org/,"GaN-MN station BMCO (Big Music Creek, Arkansas, USA); photometric inflection method; night median MSAS=18.93; MSAS at inflection=19.45; depression=18.22°; smoothing=5-pt median; dark rows=384"
isha,2022-05-18,22:19,-5,35.95,-92.5833,220.0,Globe at Night Monitoring Network (GaN-MN). Continuous SQM-LE sky brightness data. https://globeatnight.org/gan-mn/. Station registry: http://globeatnight-network.org/,"GaN-MN station BMCO (Big Music Creek, Arkansas, USA); photometric inflection method; night median MSAS=19.60; MSAS at inflection=20.67; depression=21.64°; smoothing=5-pt median; dark rows=381"
fajr,2022-05-19,04:17,-5,35.95,-92.5833,220.0,Globe at Night Monitoring Network (GaN-MN). Continuous SQM-LE sky brightness data. https://globeatnight.org/gan-mn/. Station registry: http://globeatnight-network.org/,"GaN-MN station BMCO (Big Music Creek, Arkansas, USA); photometric inflection method; night median MSAS=19.60; MSAS at inflection=18.81; depression=18.35°; smoothing=5-pt median; dark rows=381"
isha,2022-05-19,22:01,-5,35.95,-92.5833,220.0,Globe at Night Monitoring Network (GaN-MN). Continuous SQM-LE sky brightness data. https://globeatnight.org/gan-mn/. Station registry: http://globeatnight-network.org/,"GaN-MN station BMCO (Big Music Creek, Arkansas, USA); photometric inflection method; night median MSAS=20.77; MSAS at inflection=21.53; depression=18.93°; smoothing=5-pt median; dark rows=379"
fajr,2022-05-20,04:16,-5,35.95,-92.5833,220.0,Globe at Night Monitoring Network (GaN-MN). Continuous SQM-LE sky brightness data. https://globeatnight.org/gan-mn/. Station registry: http://globeatnight-network.org/,"GaN-MN station BMCO (Big Music Creek, Arkansas, USA); photometric inflection method; night median MSAS=20.77; MSAS at inflection=19.27; depression=18.33°; smoothing=5-pt median; dark rows=379"
isha,2022-05-20,22:21,-5,35.95,-92.5833,220.0,Globe at Night Monitoring Network (GaN-MN). Continuous SQM-LE sky brightness data. https://globeatnight.org/gan-mn/. Station registry: http://globeatnight-network.org/,"GaN-MN station BMCO (Big Music Creek, Arkansas, USA); photometric inflection method; night median MSAS=20.98; MSAS at inflection=21.81; depression=21.56°; smoothing=5-pt median; dark rows=375"
fajr,2022-05-21,04:15,-5,35.95,-92.5833,220.0,Globe at Night Monitoring Network (GaN-MN). Continuous SQM-LE sky brightness data. https://globeatnight.org/gan-mn/. Station registry: http://globeatnight-network.org/,"GaN-MN station BMCO (Big Music Creek, Arkansas, USA); photometric inflection method; night median MSAS=20.98; MSAS at inflection=19.36; depression=18.33°; smoothing=5-pt median; dark rows=375"
fajr,2022-05-25,04:12,-5,35.95,-92.5833,220.0,Globe at Night Monitoring Network (GaN-MN). Continuous SQM-LE sky brightness data. https://globeatnight.org/gan-mn/. Station registry: http://globeatnight-network.org/,"GaN-MN station BMCO (Big Music Creek, Arkansas, USA); photometric inflection method; night median MSAS=21.39; MSAS at inflection=21.08; depression=18.25°; smoothing=5-pt median; dark rows=369"
isha,2022-05-25,22:11,-5,35.95,-92.5833,220.0,Globe at Night Monitoring Network (GaN-MN). Continuous SQM-LE sky brightness data. https://globeatnight.org/gan-mn/. Station registry: http://globeatnight-network.org/,"GaN-MN station BMCO (Big Music Creek, Arkansas, USA); photometric inflection method; night median MSAS=21.66; MSAS at inflection=21.79; depression=19.35°; smoothing=5-pt median; dark rows=367"
fajr,2022-05-26,03:54,-5,35.95,-92.5833,220.0,Globe at Night Monitoring Network (GaN-MN). Continuous SQM-LE sky brightness data. https://globeatnight.org/gan-mn/. Station registry: http://globeatnight-network.org/,"GaN-MN station BMCO (Big Music Creek, Arkansas, USA); photometric inflection method; night median MSAS=21.66; MSAS at inflection=21.61; depression=20.62°; smoothing=5-pt median; dark rows=367"
isha,2022-05-26,22:06,-5,35.95,-92.5833,220.0,Globe at Night Monitoring Network (GaN-MN). Continuous SQM-LE sky brightness data. https://globeatnight.org/gan-mn/. Station registry: http://globeatnight-network.org/,"GaN-MN station BMCO (Big Music Creek, Arkansas, USA); photometric inflection method; night median MSAS=22.20; MSAS at inflection=22.82; depression=18.50°; smoothing=5-pt median; dark rows=365"
fajr,2022-05-27,03:44,-5,35.95,-92.5833,220.0,Globe at Night Monitoring Network (GaN-MN). Continuous SQM-LE sky brightness data. https://globeatnight.org/gan-mn/. Station registry: http://globeatnight-network.org/,"GaN-MN station BMCO (Big Music Creek, Arkansas, USA); photometric inflection method; night median MSAS=22.20; MSAS at inflection=21.71; depression=21.80°; smoothing=5-pt median; dark rows=365"
fajr,2022-05-28,03:59,-5,35.95,-92.5833,220.0,Globe at Night Monitoring Network (GaN-MN). Continuous SQM-LE sky brightness data. https://globeatnight.org/gan-mn/. Station registry: http://globeatnight-network.org/,"GaN-MN station BMCO (Big Music Creek, Arkansas, USA); photometric inflection method; night median MSAS=21.59; MSAS at inflection=21.49; depression=19.69°; smoothing=5-pt median; dark rows=363"
fajr,2022-05-29,03:45,-5,35.95,-92.5833,220.0,Globe at Night Monitoring Network (GaN-MN). Continuous SQM-LE sky brightness data. https://globeatnight.org/gan-mn/. Station registry: http://globeatnight-network.org/,"GaN-MN station BMCO (Big Music Creek, Arkansas, USA); photometric inflection method; night median MSAS=21.49; MSAS at inflection=21.26; depression=21.42°; smoothing=5-pt median; dark rows=361"
isha,2022-05-29,22:11,-5,35.95,-92.5833,220.0,Globe at Night Monitoring Network (GaN-MN). Continuous SQM-LE sky brightness data. https://globeatnight.org/gan-mn/. Station registry: http://globeatnight-network.org/,"GaN-MN station BMCO (Big Music Creek, Arkansas, USA); photometric inflection method; night median MSAS=21.55; MSAS at inflection=21.37; depression=18.78°; smoothing=5-pt median; dark rows=360"
fajr,2022-05-30,04:08,-5,35.95,-92.5833,220.0,Globe at Night Monitoring Network (GaN-MN). Continuous SQM-LE sky brightness data. https://globeatnight.org/gan-mn/. Station registry: http://globeatnight-network.org/,"GaN-MN station BMCO (Big Music Creek, Arkansas, USA); photometric inflection method; night median MSAS=21.55; MSAS at inflection=21.36; depression=18.23°; smoothing=5-pt median; dark rows=360"
isha,2022-05-30,22:32,-5,35.95,-92.5833,220.0,Globe at Night Monitoring Network (GaN-MN). Continuous SQM-LE sky brightness data. https://globeatnight.org/gan-mn/. Station registry: http://globeatnight-network.org/,"GaN-MN station BMCO (Big Music Creek, Arkansas, USA); photometric inflection method; night median MSAS=21.68; MSAS at inflection=21.69; depression=21.43°; smoothing=5-pt median; dark rows=358"
fajr,2022-05-31,04:07,-5,35.95,-92.5833,220.0,Globe at Night Monitoring Network (GaN-MN). Continuous SQM-LE sky brightness data. https://globeatnight.org/gan-mn/. Station registry: http://globeatnight-network.org/,"GaN-MN station BMCO (Big Music Creek, Arkansas, USA); photometric inflection method; night median MSAS=21.68; MSAS at inflection=21.38; depression=18.27°; smoothing=5-pt median; dark rows=358"
isha,2022-05-10,19:25,8,22.2083,114.2569,40.0,Globe at Night Monitoring Network (GaN-MN). Continuous SQM-LE sky brightness data. https://globeatnight.org/gan-mn/. Station registry: http://globeatnight-network.org/,"GaN-MN station Cap (Cape D'Aguilar, Hong Kong); photometric inflection method; night median MSAS=17.74; MSAS at inflection=16.12; depression=7.72°; smoothing=5-pt median; dark rows=1134"
isha,2022-05-11,20:20,8,22.2083,114.2569,40.0,Globe at Night Monitoring Network (GaN-MN). Continuous SQM-LE sky brightness data. https://globeatnight.org/gan-mn/. Station registry: http://globeatnight-network.org/,"GaN-MN station Cap (Cape D'Aguilar, Hong Kong); photometric inflection method; night median MSAS=17.98; MSAS at inflection=18.14; depression=19.15°; smoothing=5-pt median; dark rows=1132"
fajr,2022-05-12,04:22,8,22.2083,114.2569,40.0,Globe at Night Monitoring Network (GaN-MN). Continuous SQM-LE sky brightness data. https://globeatnight.org/gan-mn/. Station registry: http://globeatnight-network.org/,"GaN-MN station Cap (Cape D'Aguilar, Hong Kong); photometric inflection method; night median MSAS=17.98; MSAS at inflection=17.90; depression=18.30°; smoothing=5-pt median; dark rows=1132"
fajr,2022-05-19,04:01,8,22.2083,114.2569,40.0,Globe at Night Monitoring Network (GaN-MN). Continuous SQM-LE sky brightness data. https://globeatnight.org/gan-mn/. Station registry: http://globeatnight-network.org/,"GaN-MN station Cap (Cape D'Aguilar, Hong Kong); photometric inflection method; night median MSAS=17.95; MSAS at inflection=17.40; depression=21.53°; smoothing=5-pt median; dark rows=1117"
isha,2022-05-23,19:25,8,22.2083,114.2569,40.0,Globe at Night Monitoring Network (GaN-MN). Continuous SQM-LE sky brightness data. https://globeatnight.org/gan-mn/. Station registry: http://globeatnight-network.org/,"GaN-MN station Cap (Cape D'Aguilar, Hong Kong); photometric inflection method; night median MSAS=18.29; MSAS at inflection=15.79; depression=6.31°; smoothing=5-pt median; dark rows=1108"
fajr,2022-05-25,04:54,8,22.2083,114.2569,40.0,Globe at Night Monitoring Network (GaN-MN). Continuous SQM-LE sky brightness data. https://globeatnight.org/gan-mn/. Station registry: http://globeatnight-network.org/,"GaN-MN station Cap (Cape D'Aguilar, Hong Kong); photometric inflection method; night median MSAS=18.14; MSAS at inflection=17.63; depression=10.29°; smoothing=5-pt median; dark rows=1106"
isha,2022-05-26,20:26,8,22.2083,114.2569,40.0,Globe at Night Monitoring Network (GaN-MN). Continuous SQM-LE sky brightness data. https://globeatnight.org/gan-mn/. Station registry: http://globeatnight-network.org/,"GaN-MN station Cap (Cape D'Aguilar, Hong Kong); photometric inflection method; night median MSAS=18.86; MSAS at inflection=17.32; depression=18.52°; smoothing=5-pt median; dark rows=1103"
fajr,2022-05-29,04:17,8,22.2083,114.2569,40.0,Globe at Night Monitoring Network (GaN-MN). Continuous SQM-LE sky brightness data. https://globeatnight.org/gan-mn/. Station registry: http://globeatnight-network.org/,"GaN-MN station Cap (Cape D'Aguilar, Hong Kong); photometric inflection method; night median MSAS=18.96; MSAS at inflection=19.25; depression=17.50°; smoothing=5-pt median; dark rows=1100"
fajr,2022-05-25,04:31,9,35.8714,128.6014,55.0,Globe at Night Monitoring Network (GaN-MN). Continuous SQM-LE sky brightness data. https://globeatnight.org/gan-mn/. Station registry: http://globeatnight-network.org/,"GaN-MN station DNSM (Daegu National Science Museum, Korea); photometric inflection method; night median MSAS=17.81; MSAS at inflection=16.12; depression=8.26°; smoothing=5-pt median; dark rows=955"
isha,2022-05-01,22:45,2,45.6667,7.5167,1490.0,Globe at Night Monitoring Network (GaN-MN). Continuous SQM-LE sky brightness data. https://globeatnight.org/gan-mn/. Station registry: http://globeatnight-network.org/,"GaN-MN station Dal (Promiod, Aosta Valley, Italy); photometric inflection method; night median MSAS=20.52; MSAS at inflection=20.13; depression=18.93°; smoothing=5-pt median; dark rows=68"
fajr,2022-05-02,04:15,2,45.6667,7.5167,1490.0,Globe at Night Monitoring Network (GaN-MN). Continuous SQM-LE sky brightness data. https://globeatnight.org/gan-mn/. Station registry: http://globeatnight-network.org/,"GaN-MN station Dal (Promiod, Aosta Valley, Italy); photometric inflection method; night median MSAS=20.52; MSAS at inflection=20.21; depression=18.15°; smoothing=5-pt median; dark rows=68"
isha,2022-05-02,22:50,2,45.6667,7.5167,1490.0,Globe at Night Monitoring Network (GaN-MN). Continuous SQM-LE sky brightness data. https://globeatnight.org/gan-mn/. Station registry: http://globeatnight-network.org/,"GaN-MN station Dal (Promiod, Aosta Valley, Italy); photometric inflection method; night median MSAS=20.01; MSAS at inflection=19.46; depression=19.25°; smoothing=5-pt median; dark rows=67"
isha,2022-05-03,22:45,2,45.6667,7.5167,1490.0,Globe at Night Monitoring Network (GaN-MN). Continuous SQM-LE sky brightness data. https://globeatnight.org/gan-mn/. Station registry: http://globeatnight-network.org/,"GaN-MN station Dal (Promiod, Aosta Valley, Italy); photometric inflection method; night median MSAS=20.21; MSAS at inflection=19.88; depression=18.43°; smoothing=5-pt median; dark rows=66"
isha,2022-05-04,23:05,2,45.6667,7.5167,1490.0,Globe at Night Monitoring Network (GaN-MN). Continuous SQM-LE sky brightness data. https://globeatnight.org/gan-mn/. Station registry: http://globeatnight-network.org/,"GaN-MN station Dal (Promiod, Aosta Valley, Italy); photometric inflection method; night median MSAS=19.80; MSAS at inflection=19.88; depression=20.37°; smoothing=5-pt median; dark rows=65"
fajr,2022-05-05,04:05,2,45.6667,7.5167,1490.0,Globe at Night Monitoring Network (GaN-MN). Continuous SQM-LE sky brightness data. https://globeatnight.org/gan-mn/. Station registry: http://globeatnight-network.org/,"GaN-MN station Dal (Promiod, Aosta Valley, Italy); photometric inflection method; night median MSAS=19.80; MSAS at inflection=19.69; depression=18.51°; smoothing=5-pt median; dark rows=65"
fajr,2022-05-06,04:05,2,45.6667,7.5167,1490.0,Globe at Night Monitoring Network (GaN-MN). Continuous SQM-LE sky brightness data. https://globeatnight.org/gan-mn/. Station registry: http://globeatnight-network.org/,"GaN-MN station Dal (Promiod, Aosta Valley, Italy); photometric inflection method; night median MSAS=20.40; MSAS at inflection=20.67; depression=18.25°; smoothing=5-pt median; dark rows=64"
isha,2022-05-06,22:50,2,45.6667,7.5167,1490.0,Globe at Night Monitoring Network (GaN-MN). Continuous SQM-LE sky brightness data. https://globeatnight.org/gan-mn/. Station registry: http://globeatnight-network.org/,"GaN-MN station Dal (Promiod, Aosta Valley, Italy); photometric inflection method; night median MSAS=20.07; MSAS at inflection=20.00; depression=18.27°; smoothing=5-pt median; dark rows=63"
fajr,2022-05-07,04:00,2,45.6667,7.5167,1490.0,Globe at Night Monitoring Network (GaN-MN). Continuous SQM-LE sky brightness data. https://globeatnight.org/gan-mn/. Station registry: http://globeatnight-network.org/,"GaN-MN station Dal (Promiod, Aosta Valley, Italy); photometric inflection method; night median MSAS=20.07; MSAS at inflection=20.27; depression=18.55°; smoothing=5-pt median; dark rows=63"
isha,2022-05-07,22:55,2,45.6667,7.5167,1490.0,Globe at Night Monitoring Network (GaN-MN). Continuous SQM-LE sky brightness data. https://globeatnight.org/gan-mn/. Station registry: http://globeatnight-network.org/,"GaN-MN station Dal (Promiod, Aosta Valley, Italy); photometric inflection method; night median MSAS=20.28; MSAS at inflection=19.02; depression=18.58°; smoothing=5-pt median; dark rows=62"
fajr,2022-05-08,04:00,2,45.6667,7.5167,1490.0,Globe at Night Monitoring Network (GaN-MN). Continuous SQM-LE sky brightness data. https://globeatnight.org/gan-mn/. Station registry: http://globeatnight-network.org/,"GaN-MN station Dal (Promiod, Aosta Valley, Italy); photometric inflection method; night median MSAS=20.28; MSAS at inflection=20.95; depression=18.30°; smoothing=5-pt median; dark rows=62"
isha,2022-05-08,23:00,2,45.6667,7.5167,1490.0,Globe at Night Monitoring Network (GaN-MN). Continuous SQM-LE sky brightness data. https://globeatnight.org/gan-mn/. Station registry: http://globeatnight-network.org/,"GaN-MN station Dal (Promiod, Aosta Valley, Italy); photometric inflection method; night median MSAS=19.84; MSAS at inflection=19.08; depression=18.88°; smoothing=5-pt median; dark rows=61"
fajr,2022-05-09,03:55,2,45.6667,7.5167,1490.0,Globe at Night Monitoring Network (GaN-MN). Continuous SQM-LE sky brightness data. https://globeatnight.org/gan-mn/. Station registry: http://globeatnight-network.org/,"GaN-MN station Dal (Promiod, Aosta Valley, Italy); photometric inflection method; night median MSAS=19.84; MSAS at inflection=20.11; depression=18.59°; smoothing=5-pt median; dark rows=61"
isha,2022-05-09,22:55,2,45.6667,7.5167,1490.0,Globe at Night Monitoring Network (GaN-MN). Continuous SQM-LE sky brightness data. https://globeatnight.org/gan-mn/. Station registry: http://globeatnight-network.org/,"GaN-MN station Dal (Promiod, Aosta Valley, Italy); photometric inflection method; night median MSAS=19.62; MSAS at inflection=18.49; depression=18.11°; smoothing=5-pt median; dark rows=61"
isha,2022-05-10,23:05,2,45.6667,7.5167,1490.0,Globe at Night Monitoring Network (GaN-MN). Continuous SQM-LE sky brightness data. https://globeatnight.org/gan-mn/. Station registry: http://globeatnight-network.org/,"GaN-MN station Dal (Promiod, Aosta Valley, Italy); photometric inflection method; night median MSAS=19.10; MSAS at inflection=18.80; depression=18.93°; smoothing=5-pt median; dark rows=59"
isha,2022-05-11,23:00,2,45.6667,7.5167,1490.0,Globe at Night Monitoring Network (GaN-MN). Continuous SQM-LE sky brightness data. https://globeatnight.org/gan-mn/. Station registry: http://globeatnight-network.org/,"GaN-MN station Dal (Promiod, Aosta Valley, Italy); photometric inflection method; night median MSAS=19.44; MSAS at inflection=18.54; depression=18.18°; smoothing=5-pt median; dark rows=57"
isha,2022-05-12,23:05,2,45.6667,7.5167,1490.0,Globe at Night Monitoring Network (GaN-MN). Continuous SQM-LE sky brightness data. https://globeatnight.org/gan-mn/. Station registry: http://globeatnight-network.org/,"GaN-MN station Dal (Promiod, Aosta Valley, Italy); photometric inflection method; night median MSAS=18.91; MSAS at inflection=18.43; depression=18.47°; smoothing=5-pt median; dark rows=58"
fajr,2022-05-13,03:50,2,45.6667,7.5167,1490.0,Globe at Night Monitoring Network (GaN-MN). Continuous SQM-LE sky brightness data. https://globeatnight.org/gan-mn/. Station registry: http://globeatnight-network.org/,"GaN-MN station Dal (Promiod, Aosta Valley, Italy); photometric inflection method; night median MSAS=18.91; MSAS at inflection=19.53; depression=18.18°; smoothing=5-pt median; dark rows=58"
isha,2022-05-14,23:15,2,45.6667,7.5167,1490.0,Globe at Night Monitoring Network (GaN-MN). Continuous SQM-LE sky brightness data. https://globeatnight.org/gan-mn/. Station registry: http://globeatnight-network.org/,"GaN-MN station Dal (Promiod, Aosta Valley, Italy); photometric inflection method; night median MSAS=17.96; MSAS at inflection=18.14; depression=19.01°; smoothing=5-pt median; dark rows=56"
fajr,2022-05-15,03:10,2,45.6667,7.5167,1490.0,Globe at Night Monitoring Network (GaN-MN). Continuous SQM-LE sky brightness data. https://globeatnight.org/gan-mn/. Station registry: http://globeatnight-network.org/,"GaN-MN station Dal (Promiod, Aosta Valley, Italy); photometric inflection method; night median MSAS=17.96; MSAS at inflection=18.31; depression=21.35°; smoothing=5-pt median; dark rows=56"
isha,2022-05-18,23:30,2,45.6667,7.5167,1490.0,Globe at Night Monitoring Network (GaN-MN). Continuous SQM-LE sky brightness data. https://globeatnight.org/gan-mn/. Station registry: http://globeatnight-network.org/,"GaN-MN station Dal (Promiod, Aosta Valley, Italy); photometric inflection method; night median MSAS=19.46; MSAS at inflection=19.61; depression=19.51°; smoothing=5-pt median; dark rows=53"
fajr,2022-05-19,03:35,2,45.6667,7.5167,1490.0,Globe at Night Monitoring Network (GaN-MN). Continuous SQM-LE sky brightness data. https://globeatnight.org/gan-mn/. Station registry: http://globeatnight-network.org/,"GaN-MN station Dal (Promiod, Aosta Valley, Italy); photometric inflection method; night median MSAS=19.46; MSAS at inflection=19.10; depression=18.38°; smoothing=5-pt median; dark rows=53"
isha,2022-05-19,23:25,2,45.6667,7.5167,1490.0,Globe at Night Monitoring Network (GaN-MN). Continuous SQM-LE sky brightness data. https://globeatnight.org/gan-mn/. Station registry: http://globeatnight-network.org/,"GaN-MN station Dal (Promiod, Aosta Valley, Italy); photometric inflection method; night median MSAS=21.09; MSAS at inflection=21.30; depression=18.88°; smoothing=5-pt median; dark rows=52"
fajr,2022-05-20,03:10,2,45.6667,7.5167,1490.0,Globe at Night Monitoring Network (GaN-MN). Continuous SQM-LE sky brightness data. https://globeatnight.org/gan-mn/. Station registry: http://globeatnight-network.org/,"GaN-MN station Dal (Promiod, Aosta Valley, Italy); photometric inflection method; night median MSAS=21.09; MSAS at inflection=20.25; depression=20.30°; smoothing=5-pt median; dark rows=52"
isha,2022-05-20,23:20,2,45.6667,7.5167,1490.0,Globe at Night Monitoring Network (GaN-MN). Continuous SQM-LE sky brightness data. https://globeatnight.org/gan-mn/. Station registry: http://globeatnight-network.org/,"GaN-MN station Dal (Promiod, Aosta Valley, Italy); photometric inflection method; night median MSAS=21.31; MSAS at inflection=21.22; depression=18.24°; smoothing=5-pt median; dark rows=51"
fajr,2022-05-22,03:30,2,45.6667,7.5167,1490.0,Globe at Night Monitoring Network (GaN-MN). Continuous SQM-LE sky brightness data. https://globeatnight.org/gan-mn/. Station registry: http://globeatnight-network.org/,"GaN-MN station Dal (Promiod, Aosta Valley, Italy); photometric inflection method; night median MSAS=21.38; MSAS at inflection=21.00; depression=18.28°; smoothing=5-pt median; dark rows=50"
isha,2022-05-24,23:35,2,45.6667,7.5167,1490.0,Globe at Night Monitoring Network (GaN-MN). Continuous SQM-LE sky brightness data. https://globeatnight.org/gan-mn/. Station registry: http://globeatnight-network.org/,"GaN-MN station Dal (Promiod, Aosta Valley, Italy); photometric inflection method; night median MSAS=20.02; MSAS at inflection=19.70; depression=18.77°; smoothing=5-pt median; dark rows=48"
isha,2022-05-25,23:30,2,45.6667,7.5167,1490.0,Globe at Night Monitoring Network (GaN-MN). Continuous SQM-LE sky brightness data. https://globeatnight.org/gan-mn/. Station registry: http://globeatnight-network.org/,"GaN-MN station Dal (Promiod, Aosta Valley, Italy); photometric inflection method; night median MSAS=20.94; MSAS at inflection=20.11; depression=18.18°; smoothing=5-pt median; dark rows=47"
isha,2022-05-26,23:35,2,45.6667,7.5167,1490.0,Globe at Night Monitoring Network (GaN-MN). Continuous SQM-LE sky brightness data. https://globeatnight.org/gan-mn/. Station registry: http://globeatnight-network.org/,"GaN-MN station Dal (Promiod, Aosta Valley, Italy); photometric inflection method; night median MSAS=20.97; MSAS at inflection=19.73; depression=18.42°; smoothing=5-pt median; dark rows=46"
fajr,2022-05-27,03:20,2,45.6667,7.5167,1490.0,Globe at Night Monitoring Network (GaN-MN). Continuous SQM-LE sky brightness data. https://globeatnight.org/gan-mn/. Station registry: http://globeatnight-network.org/,"GaN-MN station Dal (Promiod, Aosta Valley, Italy); photometric inflection method; night median MSAS=20.97; MSAS at inflection=21.29; depression=18.32°; smoothing=5-pt median; dark rows=46"
isha,2022-05-27,23:40,2,45.6667,7.5167,1490.0,Globe at Night Monitoring Network (GaN-MN). Continuous SQM-LE sky brightness data. https://globeatnight.org/gan-mn/. Station registry: http://globeatnight-network.org/,"GaN-MN station Dal (Promiod, Aosta Valley, Italy); photometric inflection method; night median MSAS=21.60; MSAS at inflection=21.54; depression=18.65°; smoothing=5-pt median; dark rows=46"
isha,2022-05-29,23:40,2,45.6667,7.5167,1490.0,Globe at Night Monitoring Network (GaN-MN). Continuous SQM-LE sky brightness data. https://globeatnight.org/gan-mn/. Station registry: http://globeatnight-network.org/,"GaN-MN station Dal (Promiod, Aosta Valley, Italy); photometric inflection method; night median MSAS=19.98; MSAS at inflection=20.03; depression=18.33°; smoothing=5-pt median; dark rows=44"
fajr,2022-05-30,03:15,2,45.6667,7.5167,1490.0,Globe at Night Monitoring Network (GaN-MN). Continuous SQM-LE sky brightness data. https://globeatnight.org/gan-mn/. Station registry: http://globeatnight-network.org/,"GaN-MN station Dal (Promiod, Aosta Valley, Italy); photometric inflection method; night median MSAS=19.98; MSAS at inflection=19.60; depression=18.30°; smoothing=5-pt median; dark rows=44"
isha,2022-05-30,23:40,2,45.6667,7.5167,1490.0,Globe at Night Monitoring Network (GaN-MN). Continuous SQM-LE sky brightness data. https://globeatnight.org/gan-mn/. Station registry: http://globeatnight-network.org/,"GaN-MN station Dal (Promiod, Aosta Valley, Italy); photometric inflection method; night median MSAS=21.05; MSAS at inflection=20.55; depression=18.18°; smoothing=5-pt median; dark rows=44"
isha,2022-06-01,00:50,2,45.6667,7.5167,1490.0,Globe at Night Monitoring Network (GaN-MN). Continuous SQM-LE sky brightness data. https://globeatnight.org/gan-mn/. Station registry: http://globeatnight-network.org/,"GaN-MN station Dal (Promiod, Aosta Valley, Italy); photometric inflection method; night median MSAS=21.47; MSAS at inflection=21.80; depression=21.78°; smoothing=5-pt median; dark rows=27"
isha,2022-05-31,23:17,2,51.7667,13.7667,90.0,Globe at Night Monitoring Network (GaN-MN). Continuous SQM-LE sky brightness data. https://globeatnight.org/gan-mn/. Station registry: http://globeatnight-network.org/,"GaN-MN station ELO (South-Brandenburg, Germany); photometric inflection method; night median MSAS=21.42; MSAS at inflection=20.16; depression=12.69°; smoothing=5-pt median; dark rows=294"
fajr,2022-05-31,23:18,2,51.7667,13.7667,90.0,Globe at Night Monitoring Network (GaN-MN). Continuous SQM-LE sky brightness data. https://globeatnight.org/gan-mn/. Station registry: http://globeatnight-network.org/,"GaN-MN station ELO (South-Brandenburg, Germany); photometric inflection method; night median MSAS=21.42; MSAS at inflection=20.19; depression=12.79°; smoothing=5-pt median; dark rows=294"
isha,2022-04-30,20:35,-7,34.2994,-116.5056,1325.0,Globe at Night Monitoring Network (GaN-MN). Continuous SQM-LE sky brightness data. https://globeatnight.org/gan-mn/. Station registry: http://globeatnight-network.org/,"GaN-MN station GMARS (Landers, California, USA); photometric inflection method; night median MSAS=21.32; MSAS at inflection=20.61; depression=13.18°; smoothing=5-pt median; dark rows=102"
fajr,2022-05-01,04:55,-7,34.2994,-116.5056,1325.0,Globe at Night Monitoring Network (GaN-MN). Continuous SQM-LE sky brightness data. https://globeatnight.org/gan-mn/. Station registry: http://globeatnight-network.org/,"GaN-MN station GMARS (Landers, California, USA); photometric inflection method; night median MSAS=21.32; MSAS at inflection=20.50; depression=12.40°; smoothing=5-pt median; dark rows=102"
isha,2022-05-01,20:30,-7,34.2994,-116.5056,1325.0,Globe at Night Monitoring Network (GaN-MN). Continuous SQM-LE sky brightness data. https://globeatnight.org/gan-mn/. Station registry: http://globeatnight-network.org/,"GaN-MN station GMARS (Landers, California, USA); photometric inflection method; night median MSAS=21.38; MSAS at inflection=20.38; depression=12.11°; smoothing=5-pt median; dark rows=102"
fajr,2022-05-02,04:55,-7,34.2994,-116.5056,1325.0,Globe at Night Monitoring Network (GaN-MN). Continuous SQM-LE sky brightness data. https://globeatnight.org/gan-mn/. Station registry: http://globeatnight-network.org/,"GaN-MN station GMARS (Landers, California, USA); photometric inflection method; night median MSAS=21.38; MSAS at inflection=20.41; depression=12.17°; smoothing=5-pt median; dark rows=102"
isha,2022-05-02,20:30,-7,34.2994,-116.5056,1325.0,Globe at Night Monitoring Network (GaN-MN). Continuous SQM-LE sky brightness data. https://globeatnight.org/gan-mn/. Station registry: http://globeatnight-network.org/,"GaN-MN station GMARS (Landers, California, USA); photometric inflection method; night median MSAS=21.39; MSAS at inflection=20.30; depression=11.94°; smoothing=5-pt median; dark rows=101"
fajr,2022-05-03,04:50,-7,34.2994,-116.5056,1325.0,Globe at Night Monitoring Network (GaN-MN). Continuous SQM-LE sky brightness data. https://globeatnight.org/gan-mn/. Station registry: http://globeatnight-network.org/,"GaN-MN station GMARS (Landers, California, USA); photometric inflection method; night median MSAS=21.39; MSAS at inflection=20.82; depression=12.85°; smoothing=5-pt median; dark rows=101"
isha,2022-05-03,20:40,-7,34.2994,-116.5056,1325.0,Globe at Night Monitoring Network (GaN-MN). Continuous SQM-LE sky brightness data. https://globeatnight.org/gan-mn/. Station registry: http://globeatnight-network.org/,"GaN-MN station GMARS (Landers, California, USA); photometric inflection method; night median MSAS=21.41; MSAS at inflection=20.73; depression=13.57°; smoothing=5-pt median; dark rows=100"
fajr,2022-05-04,04:50,-7,34.2994,-116.5056,1325.0,Globe at Night Monitoring Network (GaN-MN). Continuous SQM-LE sky brightness data. https://globeatnight.org/gan-mn/. Station registry: http://globeatnight-network.org/,"GaN-MN station GMARS (Landers, California, USA); photometric inflection method; night median MSAS=21.41; MSAS at inflection=20.66; depression=12.64°; smoothing=5-pt median; dark rows=100"
isha,2022-05-04,20:35,-7,34.2994,-116.5056,1325.0,Globe at Night Monitoring Network (GaN-MN). Continuous SQM-LE sky brightness data. https://globeatnight.org/gan-mn/. Station registry: http://globeatnight-network.org/,"GaN-MN station GMARS (Landers, California, USA); photometric inflection method; night median MSAS=21.35; MSAS at inflection=20.45; depression=12.51°; smoothing=5-pt median; dark rows=100"
fajr,2022-05-05,04:50,-7,34.2994,-116.5056,1325.0,Globe at Night Monitoring Network (GaN-MN). Continuous SQM-LE sky brightness data. https://globeatnight.org/gan-mn/. Station registry: http://globeatnight-network.org/,"GaN-MN station GMARS (Landers, California, USA); photometric inflection method; night median MSAS=21.35; MSAS at inflection=20.56; depression=12.42°; smoothing=5-pt median; dark rows=100"
isha,2022-05-05,20:35,-7,34.2994,-116.5056,1325.0,Globe at Night Monitoring Network (GaN-MN). Continuous SQM-LE sky brightness data. https://globeatnight.org/gan-mn/. Station registry: http://globeatnight-network.org/,"GaN-MN station GMARS (Landers, California, USA); photometric inflection method; night median MSAS=21.23; MSAS at inflection=19.65; depression=12.34°; smoothing=5-pt median; dark rows=100"
fajr,2022-05-06,04:50,-7,34.2994,-116.5056,1325.0,Globe at Night Monitoring Network (GaN-MN). Continuous SQM-LE sky brightness data. https://globeatnight.org/gan-mn/. Station registry: http://globeatnight-network.org/,"GaN-MN station GMARS (Landers, California, USA); photometric inflection method; night median MSAS=21.23; MSAS at inflection=20.54; depression=12.21°; smoothing=5-pt median; dark rows=100"
isha,2022-05-06,20:40,-7,34.2994,-116.5056,1325.0,Globe at Night Monitoring Network (GaN-MN). Continuous SQM-LE sky brightness data. https://globeatnight.org/gan-mn/. Station registry: http://globeatnight-network.org/,"GaN-MN station GMARS (Landers, California, USA); photometric inflection method; night median MSAS=21.12; MSAS at inflection=19.57; depression=13.06°; smoothing=5-pt median; dark rows=99"
isha,2022-05-07,20:40,-7,34.2994,-116.5056,1325.0,Globe at Night Monitoring Network (GaN-MN). Continuous SQM-LE sky brightness data. https://globeatnight.org/gan-mn/. Station registry: http://globeatnight-network.org/,"GaN-MN station GMARS (Landers, California, USA); photometric inflection method; night median MSAS=20.87; MSAS at inflection=18.84; depression=12.89°; smoothing=5-pt median; dark rows=99"
fajr,2022-05-08,04:45,-7,34.2994,-116.5056,1325.0,Globe at Night Monitoring Network (GaN-MN). Continuous SQM-LE sky brightness data. https://globeatnight.org/gan-mn/. Station registry: http://globeatnight-network.org/,"GaN-MN station GMARS (Landers, California, USA); photometric inflection method; night median MSAS=20.87; MSAS at inflection=20.71; depression=12.69°; smoothing=5-pt median; dark rows=99"
isha,2022-05-08,20:40,-7,34.2994,-116.5056,1325.0,Globe at Night Monitoring Network (GaN-MN). Continuous SQM-LE sky brightness data. https://globeatnight.org/gan-mn/. Station registry: http://globeatnight-network.org/,"GaN-MN station GMARS (Landers, California, USA); photometric inflection method; night median MSAS=20.29; MSAS at inflection=18.26; depression=12.73°; smoothing=5-pt median; dark rows=98"
fajr,2022-05-09,04:45,-7,34.2994,-116.5056,1325.0,Globe at Night Monitoring Network (GaN-MN). Continuous SQM-LE sky brightness data. https://globeatnight.org/gan-mn/. Station registry: http://globeatnight-network.org/,"GaN-MN station GMARS (Landers, California, USA); photometric inflection method; night median MSAS=20.29; MSAS at inflection=20.51; depression=12.50°; smoothing=5-pt median; dark rows=98"
isha,2022-05-09,20:45,-7,34.2994,-116.5056,1325.0,Globe at Night Monitoring Network (GaN-MN). Continuous SQM-LE sky brightness data. https://globeatnight.org/gan-mn/. Station registry: http://globeatnight-network.org/,"GaN-MN station GMARS (Landers, California, USA); photometric inflection method; night median MSAS=19.16; MSAS at inflection=17.89; depression=13.44°; smoothing=5-pt median; dark rows=98"
fajr,2022-05-10,04:45,-7,34.2994,-116.5056,1325.0,Globe at Night Monitoring Network (GaN-MN). Continuous SQM-LE sky brightness data. https://globeatnight.org/gan-mn/. Station registry: http://globeatnight-network.org/,"GaN-MN station GMARS (Landers, California, USA); photometric inflection method; night median MSAS=19.16; MSAS at inflection=20.37; depression=12.31°; smoothing=5-pt median; dark rows=98"
isha,2022-05-10,20:40,-7,34.2994,-116.5056,1325.0,Globe at Night Monitoring Network (GaN-MN). Continuous SQM-LE sky brightness data. https://globeatnight.org/gan-mn/. Station registry: http://globeatnight-network.org/,"GaN-MN station GMARS (Landers, California, USA); photometric inflection method; night median MSAS=19.43; MSAS at inflection=18.04; depression=12.40°; smoothing=5-pt median; dark rows=91"
fajr,2022-05-11,04:45,-7,34.2994,-116.5056,1325.0,Globe at Night Monitoring Network (GaN-MN). Continuous SQM-LE sky brightness data. https://globeatnight.org/gan-mn/. Station registry: http://globeatnight-network.org/,"GaN-MN station GMARS (Landers, California, USA); photometric inflection method; night median MSAS=19.43; MSAS at inflection=20.36; depression=12.21°; smoothing=5-pt median; dark rows=91"
isha,2022-05-11,20:40,-7,34.2994,-116.5056,1325.0,Globe at Night Monitoring Network (GaN-MN). Continuous SQM-LE sky brightness data. https://globeatnight.org/gan-mn/. Station registry: http://globeatnight-network.org/,"GaN-MN station GMARS (Landers, California, USA); photometric inflection method; night median MSAS=18.83; MSAS at inflection=18.20; depression=12.15°; smoothing=5-pt median; dark rows=97"
fajr,2022-05-12,04:40,-7,34.2994,-116.5056,1325.0,Globe at Night Monitoring Network (GaN-MN). Continuous SQM-LE sky brightness data. https://globeatnight.org/gan-mn/. Station registry: http://globeatnight-network.org/,"GaN-MN station GMARS (Landers, California, USA); photometric inflection method; night median MSAS=18.83; MSAS at inflection=20.71; depression=12.91°; smoothing=5-pt median; dark rows=97"
isha,2022-05-12,21:35,-7,34.2994,-116.5056,1325.0,Globe at Night Monitoring Network (GaN-MN). Continuous SQM-LE sky brightness data. https://globeatnight.org/gan-mn/. Station registry: http://globeatnight-network.org/,"GaN-MN station GMARS (Landers, California, USA); photometric inflection method; night median MSAS=18.52; MSAS at inflection=18.23; depression=21.02°; smoothing=5-pt median; dark rows=97"
fajr,2022-05-13,04:40,-7,34.2994,-116.5056,1325.0,Globe at Night Monitoring Network (GaN-MN). Continuous SQM-LE sky brightness data. https://globeatnight.org/gan-mn/. Station registry: http://globeatnight-network.org/,"GaN-MN station GMARS (Landers, California, USA); photometric inflection method; night median MSAS=18.52; MSAS at inflection=20.62; depression=12.73°; smoothing=5-pt median; dark rows=97"
isha,2022-05-13,20:45,-7,34.2994,-116.5056,1325.0,Globe at Night Monitoring Network (GaN-MN). Continuous SQM-LE sky brightness data. https://globeatnight.org/gan-mn/. Station registry: http://globeatnight-network.org/,"GaN-MN station GMARS (Landers, California, USA); photometric inflection method; night median MSAS=18.30; MSAS at inflection=18.37; depression=12.68°; smoothing=5-pt median; dark rows=96"
isha,2022-05-14,20:45,-7,34.2994,-116.5056,1325.0,Globe at Night Monitoring Network (GaN-MN). Continuous SQM-LE sky brightness data. https://globeatnight.org/gan-mn/. Station registry: http://globeatnight-network.org/,"GaN-MN station GMARS (Landers, California, USA); photometric inflection method; night median MSAS=18.12; MSAS at inflection=18.40; depression=12.52°; smoothing=5-pt median; dark rows=96"
fajr,2022-05-15,04:40,-7,34.2994,-116.5056,1325.0,Globe at Night Monitoring Network (GaN-MN). Continuous SQM-LE sky brightness data. https://globeatnight.org/gan-mn/. Station registry: http://globeatnight-network.org/,"GaN-MN station GMARS (Landers, California, USA); photometric inflection method; night median MSAS=18.12; MSAS at inflection=19.02; depression=12.40°; smoothing=5-pt median; dark rows=96"
isha,2022-05-15,20:45,-7,34.2994,-116.5056,1325.0,Globe at Night Monitoring Network (GaN-MN). Continuous SQM-LE sky brightness data. https://globeatnight.org/gan-mn/. Station registry: http://globeatnight-network.org/,"GaN-MN station GMARS (Landers, California, USA); photometric inflection method; night median MSAS=18.02; MSAS at inflection=20.47; depression=12.36°; smoothing=5-pt median; dark rows=96"
isha,2022-05-16,20:45,-7,34.2994,-116.5056,1325.0,Globe at Night Monitoring Network (GaN-MN). Continuous SQM-LE sky brightness data. https://globeatnight.org/gan-mn/. Station registry: http://globeatnight-network.org/,"GaN-MN station GMARS (Landers, California, USA); photometric inflection method; night median MSAS=18.56; MSAS at inflection=20.11; depression=12.20°; smoothing=5-pt median; dark rows=96"
fajr,2022-05-17,04:40,-7,34.2994,-116.5056,1325.0,Globe at Night Monitoring Network (GaN-MN). Continuous SQM-LE sky brightness data. https://globeatnight.org/gan-mn/. Station registry: http://globeatnight-network.org/,"GaN-MN station GMARS (Landers, California, USA); photometric inflection method; night median MSAS=18.56; MSAS at inflection=18.56; depression=12.09°; smoothing=5-pt median; dark rows=96"
isha,2022-05-17,20:50,-7,34.2994,-116.5056,1325.0,Globe at Night Monitoring Network (GaN-MN). Continuous SQM-LE sky brightness data. https://globeatnight.org/gan-mn/. Station registry: http://globeatnight-network.org/,"GaN-MN station GMARS (Landers, California, USA); photometric inflection method; night median MSAS=19.04; MSAS at inflection=20.55; depression=12.90°; smoothing=5-pt median; dark rows=95"
fajr,2022-05-18,04:35,-7,34.2994,-116.5056,1325.0,Globe at Night Monitoring Network (GaN-MN). Continuous SQM-LE sky brightness data. https://globeatnight.org/gan-mn/. Station registry: http://globeatnight-network.org/,"GaN-MN station GMARS (Landers, California, USA); photometric inflection method; night median MSAS=19.04; MSAS at inflection=18.80; depression=12.80°; smoothing=5-pt median; dark rows=95"
isha,2022-05-18,20:55,-7,34.2994,-116.5056,1325.0,Globe at Night Monitoring Network (GaN-MN). Continuous SQM-LE sky brightness data. https://globeatnight.org/gan-mn/. Station registry: http://globeatnight-network.org/,"GaN-MN station GMARS (Landers, California, USA); photometric inflection method; night median MSAS=19.75; MSAS at inflection=20.79; depression=13.58°; smoothing=5-pt median; dark rows=94"
fajr,2022-05-19,04:35,-7,34.2994,-116.5056,1325.0,Globe at Night Monitoring Network (GaN-MN). Continuous SQM-LE sky brightness data. https://globeatnight.org/gan-mn/. Station registry: http://globeatnight-network.org/,"GaN-MN station GMARS (Landers, California, USA); photometric inflection method; night median MSAS=19.75; MSAS at inflection=19.06; depression=12.65°; smoothing=5-pt median; dark rows=94"
isha,2022-05-19,20:55,-7,34.2994,-116.5056,1325.0,Globe at Night Monitoring Network (GaN-MN). Continuous SQM-LE sky brightness data. https://globeatnight.org/gan-mn/. Station registry: http://globeatnight-network.org/,"GaN-MN station GMARS (Landers, California, USA); photometric inflection method; night median MSAS=20.60; MSAS at inflection=20.86; depression=13.43°; smoothing=5-pt median; dark rows=94"
fajr,2022-05-20,04:35,-7,34.2994,-116.5056,1325.0,Globe at Night Monitoring Network (GaN-MN). Continuous SQM-LE sky brightness data. https://globeatnight.org/gan-mn/. Station registry: http://globeatnight-network.org/,"GaN-MN station GMARS (Landers, California, USA); photometric inflection method; night median MSAS=20.60; MSAS at inflection=19.35; depression=12.51°; smoothing=5-pt median; dark rows=94"
isha,2022-05-20,20:55,-7,34.2994,-116.5056,1325.0,Globe at Night Monitoring Network (GaN-MN). Continuous SQM-LE sky brightness data. https://globeatnight.org/gan-mn/. Station registry: http://globeatnight-network.org/,"GaN-MN station GMARS (Landers, California, USA); photometric inflection method; night median MSAS=21.25; MSAS at inflection=20.66; depression=13.28°; smoothing=5-pt median; dark rows=94"
fajr,2022-05-21,04:35,-7,34.2994,-116.5056,1325.0,Globe at Night Monitoring Network (GaN-MN). Continuous SQM-LE sky brightness data. https://globeatnight.org/gan-mn/. Station registry: http://globeatnight-network.org/,"GaN-MN station GMARS (Landers, California, USA); photometric inflection method; night median MSAS=21.25; MSAS at inflection=19.48; depression=12.37°; smoothing=5-pt median; dark rows=94"
isha,2022-05-21,20:55,-7,34.2994,-116.5056,1325.0,Globe at Night Monitoring Network (GaN-MN). Continuous SQM-LE sky brightness data. https://globeatnight.org/gan-mn/. Station registry: http://globeatnight-network.org/,"GaN-MN station GMARS (Landers, California, USA); photometric inflection method; night median MSAS=21.25; MSAS at inflection=20.54; depression=13.13°; smoothing=5-pt median; dark rows=94"
fajr,2022-05-22,04:35,-7,34.2994,-116.5056,1325.0,Globe at Night Monitoring Network (GaN-MN). Continuous SQM-LE sky brightness data. https://globeatnight.org/gan-mn/. Station registry: http://globeatnight-network.org/,"GaN-MN station GMARS (Landers, California, USA); photometric inflection method; night median MSAS=21.25; MSAS at inflection=19.73; depression=12.25°; smoothing=5-pt median; dark rows=94"
isha,2022-05-22,20:55,-7,34.2994,-116.5056,1325.0,Globe at Night Monitoring Network (GaN-MN). Continuous SQM-LE sky brightness data. https://globeatnight.org/gan-mn/. Station registry: http://globeatnight-network.org/,"GaN-MN station GMARS (Landers, California, USA); photometric inflection method; night median MSAS=21.23; MSAS at inflection=20.48; depression=12.98°; smoothing=5-pt median; dark rows=94"
fajr,2022-05-23,04:35,-7,34.2994,-116.5056,1325.0,Globe at Night Monitoring Network (GaN-MN). Continuous SQM-LE sky brightness data. https://globeatnight.org/gan-mn/. Station registry: http://globeatnight-network.org/,"GaN-MN station GMARS (Landers, California, USA); photometric inflection method; night median MSAS=21.23; MSAS at inflection=19.86; depression=12.12°; smoothing=5-pt median; dark rows=94"
isha,2022-05-23,20:55,-7,34.2994,-116.5056,1325.0,Globe at Night Monitoring Network (GaN-MN). Continuous SQM-LE sky brightness data. https://globeatnight.org/gan-mn/. Station registry: http://globeatnight-network.org/,"GaN-MN station GMARS (Landers, California, USA); photometric inflection method; night median MSAS=21.24; MSAS at inflection=20.23; depression=12.83°; smoothing=5-pt median; dark rows=93"
fajr,2022-05-24,04:30,-7,34.2994,-116.5056,1325.0,Globe at Night Monitoring Network (GaN-MN). Continuous SQM-LE sky brightness data. https://globeatnight.org/gan-mn/. Station registry: http://globeatnight-network.org/,"GaN-MN station GMARS (Landers, California, USA); photometric inflection method; night median MSAS=21.24; MSAS at inflection=20.34; depression=12.84°; smoothing=5-pt median; dark rows=93"
isha,2022-05-24,20:55,-7,34.2994,-116.5056,1325.0,Globe at Night Monitoring Network (GaN-MN). Continuous SQM-LE sky brightness data. https://globeatnight.org/gan-mn/. Station registry: http://globeatnight-network.org/,"GaN-MN station GMARS (Landers, California, USA); photometric inflection method; night median MSAS=21.39; MSAS at inflection=20.55; depression=12.69°; smoothing=5-pt median; dark rows=92"
fajr,2022-05-25,04:30,-7,34.2994,-116.5056,1325.0,Globe at Night Monitoring Network (GaN-MN). Continuous SQM-LE sky brightness data. https://globeatnight.org/gan-mn/. Station registry: http://globeatnight-network.org/,"GaN-MN station GMARS (Landers, California, USA); photometric inflection method; night median MSAS=21.39; MSAS at inflection=20.42; depression=12.73°; smoothing=5-pt median; dark rows=92"
isha,2022-05-25,21:00,-7,34.2994,-116.5056,1325.0,Globe at Night Monitoring Network (GaN-MN). Continuous SQM-LE sky brightness data. https://globeatnight.org/gan-mn/. Station registry: http://globeatnight-network.org/,"GaN-MN station GMARS (Landers, California, USA); photometric inflection method; night median MSAS=21.42; MSAS at inflection=20.73; depression=13.38°; smoothing=5-pt median; dark rows=92"
fajr,2022-05-26,04:25,-7,34.2994,-116.5056,1325.0,Globe at Night Monitoring Network (GaN-MN). Continuous SQM-LE sky brightness data. https://globeatnight.org/gan-mn/. Station registry: http://globeatnight-network.org/,"GaN-MN station GMARS (Landers, California, USA); photometric inflection method; night median MSAS=21.42; MSAS at inflection=20.59; depression=13.44°; smoothing=5-pt median; dark rows=92"
isha,2022-05-26,21:00,-7,34.2994,-116.5056,1325.0,Globe at Night Monitoring Network (GaN-MN). Continuous SQM-LE sky brightness data. https://globeatnight.org/gan-mn/. Station registry: http://globeatnight-network.org/,"GaN-MN station GMARS (Landers, California, USA); photometric inflection method; night median MSAS=21.46; MSAS at inflection=20.75; depression=13.24°; smoothing=5-pt median; dark rows=92"
fajr,2022-05-27,04:30,-7,34.2994,-116.5056,1325.0,Globe at Night Monitoring Network (GaN-MN). Continuous SQM-LE sky brightness data. https://globeatnight.org/gan-mn/. Station registry: http://globeatnight-network.org/,"GaN-MN station GMARS (Landers, California, USA); photometric inflection method; night median MSAS=21.46; MSAS at inflection=20.50; depression=12.52°; smoothing=5-pt median; dark rows=92"
isha,2022-05-27,20:55,-7,34.2994,-116.5056,1325.0,Globe at Night Monitoring Network (GaN-MN). Continuous SQM-LE sky brightness data. https://globeatnight.org/gan-mn/. Station registry: http://globeatnight-network.org/,"GaN-MN station GMARS (Landers, California, USA); photometric inflection method; night median MSAS=21.12; MSAS at inflection=20.29; depression=12.28°; smoothing=5-pt median; dark rows=92"
fajr,2022-05-28,04:30,-7,34.2994,-116.5056,1325.0,Globe at Night Monitoring Network (GaN-MN). Continuous SQM-LE sky brightness data. https://globeatnight.org/gan-mn/. Station registry: http://globeatnight-network.org/,"GaN-MN station GMARS (Landers, California, USA); photometric inflection method; night median MSAS=21.12; MSAS at inflection=20.54; depression=12.42°; smoothing=5-pt median; dark rows=92"
isha,2022-05-28,21:00,-7,34.2994,-116.5056,1325.0,Globe at Night Monitoring Network (GaN-MN). Continuous SQM-LE sky brightness data. https://globeatnight.org/gan-mn/. Station registry: http://globeatnight-network.org/,"GaN-MN station GMARS (Landers, California, USA); photometric inflection method; night median MSAS=21.32; MSAS at inflection=20.30; depression=12.97°; smoothing=5-pt median; dark rows=92"
fajr,2022-05-29,04:30,-7,34.2994,-116.5056,1325.0,Globe at Night Monitoring Network (GaN-MN). Continuous SQM-LE sky brightness data. https://globeatnight.org/gan-mn/. Station registry: http://globeatnight-network.org/,"GaN-MN station GMARS (Landers, California, USA); photometric inflection method; night median MSAS=21.32; MSAS at inflection=20.31; depression=12.33°; smoothing=5-pt median; dark rows=92"
isha,2022-05-29,21:00,-7,34.2994,-116.5056,1325.0,Globe at Night Monitoring Network (GaN-MN). Continuous SQM-LE sky brightness data. https://globeatnight.org/gan-mn/. Station registry: http://globeatnight-network.org/,"GaN-MN station GMARS (Landers, California, USA); photometric inflection method; night median MSAS=21.42; MSAS at inflection=20.42; depression=12.84°; smoothing=5-pt median; dark rows=92"
fajr,2022-05-30,04:30,-7,34.2994,-116.5056,1325.0,Globe at Night Monitoring Network (GaN-MN). Continuous SQM-LE sky brightness data. https://globeatnight.org/gan-mn/. Station registry: http://globeatnight-network.org/,"GaN-MN station GMARS (Landers, California, USA); photometric inflection method; night median MSAS=21.42; MSAS at inflection=20.34; depression=12.24°; smoothing=5-pt median; dark rows=92"
isha,2022-05-30,21:05,-7,34.2994,-116.5056,1325.0,Globe at Night Monitoring Network (GaN-MN). Continuous SQM-LE sky brightness data. https://globeatnight.org/gan-mn/. Station registry: http://globeatnight-network.org/,"GaN-MN station GMARS (Landers, California, USA); photometric inflection method; night median MSAS=21.47; MSAS at inflection=20.73; depression=13.52°; smoothing=5-pt median; dark rows=91"
fajr,2022-05-31,04:30,-7,34.2994,-116.5056,1325.0,Globe at Night Monitoring Network (GaN-MN). Continuous SQM-LE sky brightness data. https://globeatnight.org/gan-mn/. Station registry: http://globeatnight-network.org/,"GaN-MN station GMARS (Landers, California, USA); photometric inflection method; night median MSAS=21.47; MSAS at inflection=20.23; depression=12.16°; smoothing=5-pt median; dark rows=91"
isha,2022-05-01,23:29,2,54.352,18.6466,5.0,Globe at Night Monitoring Network (GaN-MN). Continuous SQM-LE sky brightness data. https://globeatnight.org/gan-mn/. Station registry: http://globeatnight-network.org/,"GaN-MN station GUT (Gdansk University of Technology, Poland); photometric inflection method; night median MSAS=18.18; MSAS at inflection=18.13; depression=18.63°; smoothing=5-pt median; dark rows=742"
fajr,2022-05-02,00:50,2,54.352,18.6466,5.0,Globe at Night Monitoring Network (GaN-MN). Continuous SQM-LE sky brightness data. https://globeatnight.org/gan-mn/. Station registry: http://globeatnight-network.org/,"GaN-MN station GUT (Gdansk University of Technology, Poland); photometric inflection method; night median MSAS=18.18; MSAS at inflection=18.24; depression=20.34°; smoothing=5-pt median; dark rows=742"
isha,2022-05-02,22:12,2,54.352,18.6466,5.0,Globe at Night Monitoring Network (GaN-MN). Continuous SQM-LE sky brightness data. https://globeatnight.org/gan-mn/. Station registry: http://globeatnight-network.org/,"GaN-MN station GUT (Gdansk University of Technology, Poland); photometric inflection method; night median MSAS=18.32; MSAS at inflection=18.14; depression=13.12°; smoothing=5-pt median; dark rows=728"
isha,2022-05-12,22:02,2,54.352,18.6466,5.0,Globe at Night Monitoring Network (GaN-MN). Continuous SQM-LE sky brightness data. https://globeatnight.org/gan-mn/. Station registry: http://globeatnight-network.org/,"GaN-MN station GUT (Gdansk University of Technology, Poland); photometric inflection method; night median MSAS=17.66; MSAS at inflection=17.12; depression=9.79°; smoothing=5-pt median; dark rows=585"
isha,2022-05-14,00:43,2,54.352,18.6466,5.0,Globe at Night Monitoring Network (GaN-MN). Continuous SQM-LE sky brightness data. https://globeatnight.org/gan-mn/. Station registry: http://globeatnight-network.org/,"GaN-MN station GUT (Gdansk University of Technology, Poland); photometric inflection method; night median MSAS=17.64; MSAS at inflection=16.97; depression=17.09°; smoothing=5-pt median; dark rows=617"
fajr,2022-05-14,01:47,2,54.352,18.6466,5.0,Globe at Night Monitoring Network (GaN-MN). Continuous SQM-LE sky brightness data. https://globeatnight.org/gan-mn/. Station registry: http://globeatnight-network.org/,"GaN-MN station GUT (Gdansk University of Technology, Poland); photometric inflection method; night median MSAS=17.64; MSAS at inflection=17.46; depression=15.71°; smoothing=5-pt median; dark rows=617"
isha,2022-05-15,00:42,2,54.352,18.6466,5.0,Globe at Night Monitoring Network (GaN-MN). Continuous SQM-LE sky brightness data. https://globeatnight.org/gan-mn/. Station registry: http://globeatnight-network.org/,"GaN-MN station GUT (Gdansk University of Technology, Poland); photometric inflection method; night median MSAS=17.89; MSAS at inflection=17.89; depression=16.85°; smoothing=5-pt median; dark rows=603"
fajr,2022-05-15,00:43,2,54.352,18.6466,5.0,Globe at Night Monitoring Network (GaN-MN). Continuous SQM-LE sky brightness data. https://globeatnight.org/gan-mn/. Station registry: http://globeatnight-network.org/,"GaN-MN station GUT (Gdansk University of Technology, Poland); photometric inflection method; night median MSAS=17.89; MSAS at inflection=17.89; depression=16.85°; smoothing=5-pt median; dark rows=603"
isha,2022-05-17,00:37,2,54.352,18.6466,5.0,Globe at Night Monitoring Network (GaN-MN). Continuous SQM-LE sky brightness data. https://globeatnight.org/gan-mn/. Station registry: http://globeatnight-network.org/,"GaN-MN station GUT (Gdansk University of Technology, Poland); photometric inflection method; night median MSAS=17.78; MSAS at inflection=17.61; depression=16.38°; smoothing=5-pt median; dark rows=584"
fajr,2022-05-17,00:37,2,54.352,18.6466,5.0,Globe at Night Monitoring Network (GaN-MN). Continuous SQM-LE sky brightness data. https://globeatnight.org/gan-mn/. Station registry: http://globeatnight-network.org/,"GaN-MN station GUT (Gdansk University of Technology, Poland); photometric inflection method; night median MSAS=17.78; MSAS at inflection=17.65; depression=16.38°; smoothing=5-pt median; dark rows=584"
fajr,2022-05-19,02:08,2,54.352,18.6466,5.0,Globe at Night Monitoring Network (GaN-MN). Continuous SQM-LE sky brightness data. https://globeatnight.org/gan-mn/. Station registry: http://globeatnight-network.org/,"GaN-MN station GUT (Gdansk University of Technology, Poland); photometric inflection method; night median MSAS=18.36; MSAS at inflection=18.26; depression=13.65°; smoothing=5-pt median; dark rows=564"
isha,2022-05-19,22:10,2,54.352,18.6466,5.0,Globe at Night Monitoring Network (GaN-MN). Continuous SQM-LE sky brightness data. https://globeatnight.org/gan-mn/. Station registry: http://globeatnight-network.org/,"GaN-MN station GUT (Gdansk University of Technology, Poland); photometric inflection method; night median MSAS=17.61; MSAS at inflection=16.39; depression=9.01°; smoothing=5-pt median; dark rows=553"
isha,2022-05-21,01:36,2,54.352,18.6466,5.0,Globe at Night Monitoring Network (GaN-MN). Continuous SQM-LE sky brightness data. https://globeatnight.org/gan-mn/. Station registry: http://globeatnight-network.org/,"GaN-MN station GUT (Gdansk University of Technology, Poland); photometric inflection method; night median MSAS=18.02; MSAS at inflection=18.17; depression=14.61°; smoothing=5-pt median; dark rows=543"
fajr,2022-05-21,02:38,2,54.352,18.6466,5.0,Globe at Night Monitoring Network (GaN-MN). Continuous SQM-LE sky brightness data. https://globeatnight.org/gan-mn/. Station registry: http://globeatnight-network.org/,"GaN-MN station GUT (Gdansk University of Technology, Poland); photometric inflection method; night median MSAS=18.02; MSAS at inflection=16.12; depression=11.45°; smoothing=5-pt median; dark rows=543"
isha,2022-05-22,00:46,2,54.352,18.6466,5.0,Globe at Night Monitoring Network (GaN-MN). Continuous SQM-LE sky brightness data. https://globeatnight.org/gan-mn/. Station registry: http://globeatnight-network.org/,"GaN-MN station GUT (Gdansk University of Technology, Poland); photometric inflection method; night median MSAS=18.17; MSAS at inflection=18.28; depression=15.32°; smoothing=5-pt median; dark rows=535"
fajr,2022-05-22,00:47,2,54.352,18.6466,5.0,Globe at Night Monitoring Network (GaN-MN). Continuous SQM-LE sky brightness data. https://globeatnight.org/gan-mn/. Station registry: http://globeatnight-network.org/,"GaN-MN station GUT (Gdansk University of Technology, Poland); photometric inflection method; night median MSAS=18.17; MSAS at inflection=18.41; depression=15.31°; smoothing=5-pt median; dark rows=535"
isha,2022-05-23,22:20,2,54.352,18.6466,5.0,Globe at Night Monitoring Network (GaN-MN). Continuous SQM-LE sky brightness data. https://globeatnight.org/gan-mn/. Station registry: http://globeatnight-network.org/,"GaN-MN station GUT (Gdansk University of Technology, Poland); photometric inflection method; night median MSAS=18.26; MSAS at inflection=16.65; depression=9.02°; smoothing=5-pt median; dark rows=515"
fajr,2022-05-24,02:51,2,54.352,18.6466,5.0,Globe at Night Monitoring Network (GaN-MN). Continuous SQM-LE sky brightness data. https://globeatnight.org/gan-mn/. Station registry: http://globeatnight-network.org/,"GaN-MN station GUT (Gdansk University of Technology, Poland); photometric inflection method; night median MSAS=18.26; MSAS at inflection=17.28; depression=9.95°; smoothing=5-pt median; dark rows=515"
isha,2022-05-26,00:35,2,54.352,18.6466,5.0,Globe at Night Monitoring Network (GaN-MN). Continuous SQM-LE sky brightness data. https://globeatnight.org/gan-mn/. Station registry: http://globeatnight-network.org/,"GaN-MN station GUT (Gdansk University of Technology, Poland); photometric inflection method; night median MSAS=18.45; MSAS at inflection=18.54; depression=14.56°; smoothing=5-pt median; dark rows=496"
fajr,2022-05-26,01:13,2,54.352,18.6466,5.0,Globe at Night Monitoring Network (GaN-MN). Continuous SQM-LE sky brightness data. https://globeatnight.org/gan-mn/. Station registry: http://globeatnight-network.org/,"GaN-MN station GUT (Gdansk University of Technology, Poland); photometric inflection method; night median MSAS=18.45; MSAS at inflection=18.43; depression=14.27°; smoothing=5-pt median; dark rows=496"
isha,2022-05-27,23:26,2,54.352,18.6466,5.0,Globe at Night Monitoring Network (GaN-MN). Continuous SQM-LE sky brightness data. https://globeatnight.org/gan-mn/. Station registry: http://globeatnight-network.org/,"GaN-MN station GUT (Gdansk University of Technology, Poland); photometric inflection method; night median MSAS=18.33; MSAS at inflection=18.25; depression=12.49°; smoothing=5-pt median; dark rows=478"
isha,2022-05-05,20:22,8,22.3719,114.1133,80.0,Globe at Night Monitoring Network (GaN-MN). Continuous SQM-LE sky brightness data. https://globeatnight.org/gan-mn/. Station registry: http://globeatnight-network.org/,"GaN-MN station HKn (Ho Koon, Tsuen Wan, Hong Kong); photometric inflection method; night median MSAS=18.99; MSAS at inflection=18.31; depression=20.07°; smoothing=5-pt median; dark rows=1145"
fajr,2022-05-19,05:07,8,22.3719,114.1133,80.0,Globe at Night Monitoring Network (GaN-MN). Continuous SQM-LE sky brightness data. https://globeatnight.org/gan-mn/. Station registry: http://globeatnight-network.org/,"GaN-MN station HKn (Ho Koon, Tsuen Wan, Hong Kong); photometric inflection method; night median MSAS=17.62; MSAS at inflection=15.66; depression=8.20°; smoothing=5-pt median; dark rows=1116"
fajr,2022-05-03,04:26,8,24.1488,121.3239,2800.0,Globe at Night Monitoring Network (GaN-MN). Continuous SQM-LE sky brightness data. https://globeatnight.org/gan-mn/. Station registry: http://globeatnight-network.org/,"GaN-MN station Heh (Taroko National Park, Taiwan); photometric inflection method; night median MSAS=22.07; MSAS at inflection=20.67; depression=12.09°; smoothing=5-pt median; dark rows=1139"
isha,2022-05-03,19:13,8,24.1488,121.3239,2800.0,Globe at Night Monitoring Network (GaN-MN). Continuous SQM-LE sky brightness data. https://globeatnight.org/gan-mn/. Station registry: http://globeatnight-network.org/,"GaN-MN station Heh (Taroko National Park, Taiwan); photometric inflection method; night median MSAS=22.13; MSAS at inflection=20.04; depression=11.22°; smoothing=5-pt median; dark rows=1137"
fajr,2022-05-05,04:19,8,24.1488,121.3239,2800.0,Globe at Night Monitoring Network (GaN-MN). Continuous SQM-LE sky brightness data. https://globeatnight.org/gan-mn/. Station registry: http://globeatnight-network.org/,"GaN-MN station Heh (Taroko National Park, Taiwan); photometric inflection method; night median MSAS=21.48; MSAS at inflection=20.87; depression=13.21°; smoothing=5-pt median; dark rows=1134"
isha,2022-05-06,19:25,8,24.1488,121.3239,2800.0,Globe at Night Monitoring Network (GaN-MN). Continuous SQM-LE sky brightness data. https://globeatnight.org/gan-mn/. Station registry: http://globeatnight-network.org/,"GaN-MN station Heh (Taroko National Park, Taiwan); photometric inflection method; night median MSAS=21.58; MSAS at inflection=20.35; depression=13.45°; smoothing=5-pt median; dark rows=1103"
fajr,2022-05-10,04:17,8,24.1488,121.3239,2800.0,Globe at Night Monitoring Network (GaN-MN). Continuous SQM-LE sky brightness data. https://globeatnight.org/gan-mn/. Station registry: http://globeatnight-network.org/,"GaN-MN station Heh (Taroko National Park, Taiwan); photometric inflection method; night median MSAS=20.86; MSAS at inflection=20.48; depression=12.82°; smoothing=5-pt median; dark rows=1121"
isha,2022-05-10,19:17,8,24.1488,121.3239,2800.0,Globe at Night Monitoring Network (GaN-MN). Continuous SQM-LE sky brightness data. https://globeatnight.org/gan-mn/. Station registry: http://globeatnight-network.org/,"GaN-MN station Heh (Taroko National Park, Taiwan); photometric inflection method; night median MSAS=19.54; MSAS at inflection=17.43; depression=11.19°; smoothing=5-pt median; dark rows=1119"
fajr,2022-05-11,04:36,8,24.1488,121.3239,2800.0,Globe at Night Monitoring Network (GaN-MN). Continuous SQM-LE sky brightness data. https://globeatnight.org/gan-mn/. Station registry: http://globeatnight-network.org/,"GaN-MN station Heh (Taroko National Park, Taiwan); photometric inflection method; night median MSAS=19.54; MSAS at inflection=17.75; depression=8.80°; smoothing=5-pt median; dark rows=1119"
isha,2022-05-12,19:02,8,24.1488,121.3239,2800.0,Globe at Night Monitoring Network (GaN-MN). Continuous SQM-LE sky brightness data. https://globeatnight.org/gan-mn/. Station registry: http://globeatnight-network.org/,"GaN-MN station Heh (Taroko National Park, Taiwan); photometric inflection method; night median MSAS=18.67; MSAS at inflection=16.19; depression=7.94°; smoothing=5-pt median; dark rows=1114"
fajr,2022-05-13,04:36,8,24.1488,121.3239,2800.0,Globe at Night Monitoring Network (GaN-MN). Continuous SQM-LE sky brightness data. https://globeatnight.org/gan-mn/. Station registry: http://globeatnight-network.org/,"GaN-MN station Heh (Taroko National Park, Taiwan); photometric inflection method; night median MSAS=18.67; MSAS at inflection=19.01; depression=8.53°; smoothing=5-pt median; dark rows=1114"
isha,2022-05-13,19:21,8,24.1488,121.3239,2800.0,Globe at Night Monitoring Network (GaN-MN). Continuous SQM-LE sky brightness data. https://globeatnight.org/gan-mn/. Station registry: http://globeatnight-network.org/,"GaN-MN station Heh (Taroko National Park, Taiwan); photometric inflection method; night median MSAS=18.89; MSAS at inflection=17.66; depression=11.65°; smoothing=5-pt median; dark rows=1112"
fajr,2022-05-14,04:36,8,24.1488,121.3239,2800.0,Globe at Night Monitoring Network (GaN-MN). Continuous SQM-LE sky brightness data. https://globeatnight.org/gan-mn/. Station registry: http://globeatnight-network.org/,"GaN-MN station Heh (Taroko National Park, Taiwan); photometric inflection method; night median MSAS=18.89; MSAS at inflection=18.63; depression=8.51°; smoothing=5-pt median; dark rows=1112"
isha,2022-05-14,19:34,8,24.1488,121.3239,2800.0,Globe at Night Monitoring Network (GaN-MN). Continuous SQM-LE sky brightness data. https://globeatnight.org/gan-mn/. Station registry: http://globeatnight-network.org/,"GaN-MN station Heh (Taroko National Park, Taiwan); photometric inflection method; night median MSAS=18.25; MSAS at inflection=18.75; depression=14.15°; smoothing=5-pt median; dark rows=1109"
fajr,2022-05-16,04:29,8,24.1488,121.3239,2800.0,Globe at Night Monitoring Network (GaN-MN). Continuous SQM-LE sky brightness data. https://globeatnight.org/gan-mn/. Station registry: http://globeatnight-network.org/,"GaN-MN station Heh (Taroko National Park, Taiwan); photometric inflection method; night median MSAS=18.08; MSAS at inflection=18.56; depression=9.61°; smoothing=5-pt median; dark rows=1107"
isha,2022-05-16,19:31,8,24.1488,121.3239,2800.0,Globe at Night Monitoring Network (GaN-MN). Continuous SQM-LE sky brightness data. https://globeatnight.org/gan-mn/. Station registry: http://globeatnight-network.org/,"GaN-MN station Heh (Taroko National Park, Taiwan); photometric inflection method; night median MSAS=17.97; MSAS at inflection=20.02; depression=13.31°; smoothing=5-pt median; dark rows=1105"
fajr,2022-05-17,03:26,8,24.1488,121.3239,2800.0,Globe at Night Monitoring Network (GaN-MN). Continuous SQM-LE sky brightness data. https://globeatnight.org/gan-mn/. Station registry: http://globeatnight-network.org/,"GaN-MN station Heh (Taroko National Park, Taiwan); photometric inflection method; night median MSAS=17.97; MSAS at inflection=18.36; depression=21.91°; smoothing=5-pt median; dark rows=1105"
isha,2022-05-17,19:28,8,24.1488,121.3239,2800.0,Globe at Night Monitoring Network (GaN-MN). Continuous SQM-LE sky brightness data. https://globeatnight.org/gan-mn/. Station registry: http://globeatnight-network.org/,"GaN-MN station Heh (Taroko National Park, Taiwan); photometric inflection method; night median MSAS=18.28; MSAS at inflection=19.69; depression=12.69°; smoothing=5-pt median; dark rows=1103"
fajr,2022-05-18,04:16,8,24.1488,121.3239,2800.0,Globe at Night Monitoring Network (GaN-MN). Continuous SQM-LE sky brightness data. https://globeatnight.org/gan-mn/. Station registry: http://globeatnight-network.org/,"GaN-MN station Heh (Taroko National Park, Taiwan); photometric inflection method; night median MSAS=18.28; MSAS at inflection=18.89; depression=12.03°; smoothing=5-pt median; dark rows=1103"
isha,2022-05-18,19:36,8,24.1488,121.3239,2800.0,Globe at Night Monitoring Network (GaN-MN). Continuous SQM-LE sky brightness data. https://globeatnight.org/gan-mn/. Station registry: http://globeatnight-network.org/,"GaN-MN station Heh (Taroko National Park, Taiwan); photometric inflection method; night median MSAS=19.03; MSAS at inflection=20.75; depression=14.16°; smoothing=5-pt median; dark rows=1100"
isha,2022-05-20,19:44,8,24.1488,121.3239,2800.0,Globe at Night Monitoring Network (GaN-MN). Continuous SQM-LE sky brightness data. https://globeatnight.org/gan-mn/. Station registry: http://globeatnight-network.org/,"GaN-MN station Heh (Taroko National Park, Taiwan); photometric inflection method; night median MSAS=20.41; MSAS at inflection=21.01; depression=15.41°; smoothing=5-pt median; dark rows=1096"
fajr,2022-05-21,03:35,8,24.1488,121.3239,2800.0,Globe at Night Monitoring Network (GaN-MN). Continuous SQM-LE sky brightness data. https://globeatnight.org/gan-mn/. Station registry: http://globeatnight-network.org/,"GaN-MN station Heh (Taroko National Park, Taiwan); photometric inflection method; night median MSAS=20.41; MSAS at inflection=18.37; depression=19.69°; smoothing=5-pt median; dark rows=1096"
isha,2022-05-21,20:16,8,24.1488,121.3239,2800.0,Globe at Night Monitoring Network (GaN-MN). Continuous SQM-LE sky brightness data. https://globeatnight.org/gan-mn/. Station registry: http://globeatnight-network.org/,"GaN-MN station Heh (Taroko National Park, Taiwan); photometric inflection method; night median MSAS=20.78; MSAS at inflection=20.27; depression=21.48°; smoothing=5-pt median; dark rows=1094"
isha,2022-05-23,19:28,8,24.1488,121.3239,2800.0,Globe at Night Monitoring Network (GaN-MN). Continuous SQM-LE sky brightness data. https://globeatnight.org/gan-mn/. Station registry: http://globeatnight-network.org/,"GaN-MN station Heh (Taroko National Park, Taiwan); photometric inflection method; night median MSAS=20.95; MSAS at inflection=19.74; depression=12.00°; smoothing=5-pt median; dark rows=1091"
fajr,2022-05-24,03:23,8,24.1488,121.3239,2800.0,Globe at Night Monitoring Network (GaN-MN). Continuous SQM-LE sky brightness data. https://globeatnight.org/gan-mn/. Station registry: http://globeatnight-network.org/,"GaN-MN station Heh (Taroko National Park, Taiwan); photometric inflection method; night median MSAS=20.95; MSAS at inflection=19.02; depression=21.69°; smoothing=5-pt median; dark rows=1091"
isha,2022-05-24,19:33,8,24.1488,121.3239,2800.0,Globe at Night Monitoring Network (GaN-MN). Continuous SQM-LE sky brightness data. https://globeatnight.org/gan-mn/. Station registry: http://globeatnight-network.org/,"GaN-MN station Heh (Taroko National Park, Taiwan); photometric inflection method; night median MSAS=22.23; MSAS at inflection=21.00; depression=12.78°; smoothing=5-pt median; dark rows=1088"
isha,2022-05-25,19:38,8,24.1488,121.3239,2800.0,Globe at Night Monitoring Network (GaN-MN). Continuous SQM-LE sky brightness data. https://globeatnight.org/gan-mn/. Station registry: http://globeatnight-network.org/,"GaN-MN station Heh (Taroko National Park, Taiwan); photometric inflection method; night median MSAS=21.98; MSAS at inflection=21.12; depression=13.75°; smoothing=5-pt median; dark rows=1074"
isha,2022-05-27,20:16,8,24.1488,121.3239,2800.0,Globe at Night Monitoring Network (GaN-MN). Continuous SQM-LE sky brightness data. https://globeatnight.org/gan-mn/. Station registry: http://globeatnight-network.org/,"GaN-MN station Heh (Taroko National Park, Taiwan); photometric inflection method; night median MSAS=21.92; MSAS at inflection=21.07; depression=20.57°; smoothing=5-pt median; dark rows=1083"
isha,2022-05-28,19:40,8,24.1488,121.3239,2800.0,Globe at Night Monitoring Network (GaN-MN). Continuous SQM-LE sky brightness data. https://globeatnight.org/gan-mn/. Station registry: http://globeatnight-network.org/,"GaN-MN station Heh (Taroko National Park, Taiwan); photometric inflection method; night median MSAS=21.38; MSAS at inflection=20.69; depression=13.65°; smoothing=5-pt median; dark rows=1074"
isha,2022-05-29,19:39,8,24.1488,121.3239,2800.0,Globe at Night Monitoring Network (GaN-MN). Continuous SQM-LE sky brightness data. https://globeatnight.org/gan-mn/. Station registry: http://globeatnight-network.org/,"GaN-MN station Heh (Taroko National Park, Taiwan); photometric inflection method; night median MSAS=21.21; MSAS at inflection=20.68; depression=13.38°; smoothing=5-pt median; dark rows=1080"
isha,2022-05-30,20:14,8,24.1488,121.3239,2800.0,Globe at Night Monitoring Network (GaN-MN). Continuous SQM-LE sky brightness data. https://globeatnight.org/gan-mn/. Station registry: http://globeatnight-network.org/,"GaN-MN station Heh (Taroko National Park, Taiwan); photometric inflection method; night median MSAS=21.11; MSAS at inflection=20.66; depression=19.85°; smoothing=5-pt median; dark rows=1078"
isha,2022-05-05,20:01,7,18.549,98.487,2565.0,Globe at Night Monitoring Network (GaN-MN). Continuous SQM-LE sky brightness data. https://globeatnight.org/gan-mn/. Station registry: http://globeatnight-network.org/,"GaN-MN station ISTC (Inthanon Mountain, Thailand); photometric inflection method; night median MSAS=18.39; MSAS at inflection=17.20; depression=16.98°; smoothing=5-pt median; dark rows=1151"
fajr,2022-05-08,05:17,7,18.549,98.487,2565.0,Globe at Night Monitoring Network (GaN-MN). Continuous SQM-LE sky brightness data. https://globeatnight.org/gan-mn/. Station registry: http://globeatnight-network.org/,"GaN-MN station ISTC (Inthanon Mountain, Thailand); photometric inflection method; night median MSAS=18.53; MSAS at inflection=17.10; depression=9.20°; smoothing=5-pt median; dark rows=1147"
isha,2022-05-08,19:17,7,18.549,98.487,2565.0,Globe at Night Monitoring Network (GaN-MN). Continuous SQM-LE sky brightness data. https://globeatnight.org/gan-mn/. Station registry: http://globeatnight-network.org/,"GaN-MN station ISTC (Inthanon Mountain, Thailand); photometric inflection method; night median MSAS=17.79; MSAS at inflection=15.71; depression=6.94°; smoothing=5-pt median; dark rows=1143"
fajr,2022-05-09,04:22,7,18.549,98.487,2565.0,Globe at Night Monitoring Network (GaN-MN). Continuous SQM-LE sky brightness data. https://globeatnight.org/gan-mn/. Station registry: http://globeatnight-network.org/,"GaN-MN station ISTC (Inthanon Mountain, Thailand); photometric inflection method; night median MSAS=17.79; MSAS at inflection=18.76; depression=20.96°; smoothing=5-pt median; dark rows=1143"
isha,2022-05-09,19:14,7,18.549,98.487,2565.0,Globe at Night Monitoring Network (GaN-MN). Continuous SQM-LE sky brightness data. https://globeatnight.org/gan-mn/. Station registry: http://globeatnight-network.org/,"GaN-MN station ISTC (Inthanon Mountain, Thailand); photometric inflection method; night median MSAS=18.13; MSAS at inflection=15.98; depression=6.19°; smoothing=5-pt median; dark rows=1138"
fajr,2022-05-10,05:16,7,18.549,98.487,2565.0,Globe at Night Monitoring Network (GaN-MN). Continuous SQM-LE sky brightness data. https://globeatnight.org/gan-mn/. Station registry: http://globeatnight-network.org/,"GaN-MN station ISTC (Inthanon Mountain, Thailand); photometric inflection method; night median MSAS=18.13; MSAS at inflection=18.11; depression=9.34°; smoothing=5-pt median; dark rows=1138"
fajr,2022-05-11,05:01,7,18.549,98.487,2565.0,Globe at Night Monitoring Network (GaN-MN). Continuous SQM-LE sky brightness data. https://globeatnight.org/gan-mn/. Station registry: http://globeatnight-network.org/,"GaN-MN station ISTC (Inthanon Mountain, Thailand); photometric inflection method; night median MSAS=18.33; MSAS at inflection=19.65; depression=12.34°; smoothing=5-pt median; dark rows=1141"
isha,2022-05-11,19:19,7,18.549,98.487,2565.0,Globe at Night Monitoring Network (GaN-MN). Continuous SQM-LE sky brightness data. https://globeatnight.org/gan-mn/. Station registry: http://globeatnight-network.org/,"GaN-MN station ISTC (Inthanon Mountain, Thailand); photometric inflection method; night median MSAS=17.55; MSAS at inflection=15.46; depression=7.10°; smoothing=5-pt median; dark rows=1134"
isha,2022-05-12,20:17,7,18.549,98.487,2565.0,Globe at Night Monitoring Network (GaN-MN). Continuous SQM-LE sky brightness data. https://globeatnight.org/gan-mn/. Station registry: http://globeatnight-network.org/,"GaN-MN station ISTC (Inthanon Mountain, Thailand); photometric inflection method; night median MSAS=17.51; MSAS at inflection=16.97; depression=19.58°; smoothing=5-pt median; dark rows=1135"
isha,2022-05-13,19:50,7,18.549,98.487,2565.0,Globe at Night Monitoring Network (GaN-MN). Continuous SQM-LE sky brightness data. https://globeatnight.org/gan-mn/. Station registry: http://globeatnight-network.org/,"GaN-MN station ISTC (Inthanon Mountain, Thailand); photometric inflection method; night median MSAS=17.55; MSAS at inflection=17.18; depression=13.62°; smoothing=5-pt median; dark rows=1134"
isha,2022-05-14,19:22,7,18.549,98.487,2565.0,Globe at Night Monitoring Network (GaN-MN). Continuous SQM-LE sky brightness data. https://globeatnight.org/gan-mn/. Station registry: http://globeatnight-network.org/,"GaN-MN station ISTC (Inthanon Mountain, Thailand); photometric inflection method; night median MSAS=17.81; MSAS at inflection=15.77; depression=7.45°; smoothing=5-pt median; dark rows=1130"
fajr,2022-05-15,05:19,7,18.549,98.487,2565.0,Globe at Night Monitoring Network (GaN-MN). Continuous SQM-LE sky brightness data. https://globeatnight.org/gan-mn/. Station registry: http://globeatnight-network.org/,"GaN-MN station ISTC (Inthanon Mountain, Thailand); photometric inflection method; night median MSAS=17.81; MSAS at inflection=16.13; depression=8.15°; smoothing=5-pt median; dark rows=1130"
fajr,2022-05-17,05:20,7,18.549,98.487,2565.0,Globe at Night Monitoring Network (GaN-MN). Continuous SQM-LE sky brightness data. https://globeatnight.org/gan-mn/. Station registry: http://globeatnight-network.org/,"GaN-MN station ISTC (Inthanon Mountain, Thailand); photometric inflection method; night median MSAS=17.54; MSAS at inflection=16.13; depression=7.75°; smoothing=5-pt median; dark rows=1125"
isha,2022-05-22,19:29,7,18.549,98.487,2565.0,Globe at Night Monitoring Network (GaN-MN). Continuous SQM-LE sky brightness data. https://globeatnight.org/gan-mn/. Station registry: http://globeatnight-network.org/,"GaN-MN station ISTC (Inthanon Mountain, Thailand); photometric inflection method; night median MSAS=18.38; MSAS at inflection=16.54; depression=8.27°; smoothing=5-pt median; dark rows=1140"
isha,2022-05-23,19:39,7,18.549,98.487,2565.0,Globe at Night Monitoring Network (GaN-MN). Continuous SQM-LE sky brightness data. https://globeatnight.org/gan-mn/. Station registry: http://globeatnight-network.org/,"GaN-MN station ISTC (Inthanon Mountain, Thailand); photometric inflection method; night median MSAS=19.28; MSAS at inflection=18.20; depression=10.33°; smoothing=5-pt median; dark rows=1115"
isha,2022-05-24,19:59,7,18.549,98.487,2565.0,Globe at Night Monitoring Network (GaN-MN). Continuous SQM-LE sky brightness data. https://globeatnight.org/gan-mn/. Station registry: http://globeatnight-network.org/,"GaN-MN station ISTC (Inthanon Mountain, Thailand); photometric inflection method; night median MSAS=18.76; MSAS at inflection=18.68; depression=14.44°; smoothing=5-pt median; dark rows=1115"
fajr,2022-05-25,05:14,7,18.549,98.487,2565.0,Globe at Night Monitoring Network (GaN-MN). Continuous SQM-LE sky brightness data. https://globeatnight.org/gan-mn/. Station registry: http://globeatnight-network.org/,"GaN-MN station ISTC (Inthanon Mountain, Thailand); photometric inflection method; night median MSAS=18.76; MSAS at inflection=16.88; depression=8.41°; smoothing=5-pt median; dark rows=1115"
isha,2022-05-27,19:51,7,18.549,98.487,2565.0,Globe at Night Monitoring Network (GaN-MN). Continuous SQM-LE sky brightness data. https://globeatnight.org/gan-mn/. Station registry: http://globeatnight-network.org/,"GaN-MN station ISTC (Inthanon Mountain, Thailand); photometric inflection method; night median MSAS=19.25; MSAS at inflection=17.94; depression=12.43°; smoothing=5-pt median; dark rows=1107"
fajr,2022-05-28,05:08,7,18.549,98.487,2565.0,Globe at Night Monitoring Network (GaN-MN). Continuous SQM-LE sky brightness data. https://globeatnight.org/gan-mn/. Station registry: http://globeatnight-network.org/,"GaN-MN station ISTC (Inthanon Mountain, Thailand); photometric inflection method; night median MSAS=19.25; MSAS at inflection=17.89; depression=9.60°; smoothing=5-pt median; dark rows=1107"
isha,2022-05-28,20:17,7,18.549,98.487,2565.0,Globe at Night Monitoring Network (GaN-MN). Continuous SQM-LE sky brightness data. https://globeatnight.org/gan-mn/. Station registry: http://globeatnight-network.org/,"GaN-MN station ISTC (Inthanon Mountain, Thailand); photometric inflection method; night median MSAS=18.70; MSAS at inflection=18.59; depression=17.73°; smoothing=5-pt median; dark rows=1107"
fajr,2022-05-29,04:56,7,18.549,98.487,2565.0,Globe at Night Monitoring Network (GaN-MN). Continuous SQM-LE sky brightness data. https://globeatnight.org/gan-mn/. Station registry: http://globeatnight-network.org/,"GaN-MN station ISTC (Inthanon Mountain, Thailand); photometric inflection method; night median MSAS=18.70; MSAS at inflection=19.20; depression=12.15°; smoothing=5-pt median; dark rows=1107"
isha,2022-05-29,19:32,7,18.549,98.487,2565.0,Globe at Night Monitoring Network (GaN-MN). Continuous SQM-LE sky brightness data. https://globeatnight.org/gan-mn/. Station registry: http://globeatnight-network.org/,"GaN-MN station ISTC (Inthanon Mountain, Thailand); photometric inflection method; night median MSAS=19.04; MSAS at inflection=16.95; depression=8.32°; smoothing=5-pt median; dark rows=1108"
isha,2022-05-31,19:31,7,18.549,98.487,2565.0,Globe at Night Monitoring Network (GaN-MN). Continuous SQM-LE sky brightness data. https://globeatnight.org/gan-mn/. Station registry: http://globeatnight-network.org/,"GaN-MN station ISTC (Inthanon Mountain, Thailand); photometric inflection method; night median MSAS=18.85; MSAS at inflection=17.44; depression=7.98°; smoothing=5-pt median; dark rows=1106"
fajr,2022-06-01,05:05,7,18.549,98.487,2565.0,Globe at Night Monitoring Network (GaN-MN). Continuous SQM-LE sky brightness data. https://globeatnight.org/gan-mn/. Station registry: http://globeatnight-network.org/,"GaN-MN station ISTC (Inthanon Mountain, Thailand); photometric inflection method; night median MSAS=18.85; MSAS at inflection=18.45; depression=10.06°; smoothing=5-pt median; dark rows=1106"
isha,2022-05-03,19:48,8,22.4958,114.0322,3.0,Globe at Night Monitoring Network (GaN-MN). Continuous SQM-LE sky brightness data. https://globeatnight.org/gan-mn/. Station registry: http://globeatnight-network.org/,"GaN-MN station MP (Mai Po Nature Reserve, Hong Kong); photometric inflection method; night median MSAS=17.76; MSAS at inflection=16.12; depression=13.29°; smoothing=5-pt median; dark rows=1148"
fajr,2022-05-05,04:16,8,22.4958,114.0322,3.0,Globe at Night Monitoring Network (GaN-MN). Continuous SQM-LE sky brightness data. https://globeatnight.org/gan-mn/. Station registry: http://globeatnight-network.org/,"GaN-MN station MP (Mai Po Nature Reserve, Hong Kong); photometric inflection method; night median MSAS=17.93; MSAS at inflection=17.78; depression=20.57°; smoothing=5-pt median; dark rows=1146"
fajr,2022-05-06,05:11,8,22.4958,114.0322,3.0,Globe at Night Monitoring Network (GaN-MN). Continuous SQM-LE sky brightness data. https://globeatnight.org/gan-mn/. Station registry: http://globeatnight-network.org/,"GaN-MN station MP (Mai Po Nature Reserve, Hong Kong); photometric inflection method; night median MSAS=18.34; MSAS at inflection=16.63; depression=8.91°; smoothing=5-pt median; dark rows=1143"
fajr,2022-05-04,06:22,2,-24.9667,15.95,1250.0,Globe at Night Monitoring Network (GaN-MN). Continuous SQM-LE sky brightness data. https://globeatnight.org/gan-mn/. Station registry: http://globeatnight-network.org/,"GaN-MN station Nrnr (NamibRand Nature Reserve, Namibia); photometric inflection method; night median MSAS=21.93; MSAS at inflection=20.43; depression=13.38°; smoothing=5-pt median; dark rows=137"
fajr,2022-05-06,06:22,2,-24.9667,15.95,1250.0,Globe at Night Monitoring Network (GaN-MN). Continuous SQM-LE sky brightness data. https://globeatnight.org/gan-mn/. Station registry: http://globeatnight-network.org/,"GaN-MN station Nrnr (NamibRand Nature Reserve, Namibia); photometric inflection method; night median MSAS=21.98; MSAS at inflection=20.43; depression=13.54°; smoothing=5-pt median; dark rows=139"
isha,2022-05-06,19:42,2,-24.9667,15.95,1250.0,Globe at Night Monitoring Network (GaN-MN). Continuous SQM-LE sky brightness data. https://globeatnight.org/gan-mn/. Station registry: http://globeatnight-network.org/,"GaN-MN station Nrnr (NamibRand Nature Reserve, Namibia); photometric inflection method; night median MSAS=21.75; MSAS at inflection=21.44; depression=17.98°; smoothing=5-pt median; dark rows=139"
isha,2022-05-10,19:57,2,-24.9667,15.95,1250.0,Globe at Night Monitoring Network (GaN-MN). Continuous SQM-LE sky brightness data. https://globeatnight.org/gan-mn/. Station registry: http://globeatnight-network.org/,"GaN-MN station Nrnr (NamibRand Nature Reserve, Namibia); photometric inflection method; night median MSAS=20.81; MSAS at inflection=19.04; depression=21.80°; smoothing=5-pt median; dark rows=139"
isha,2022-05-18,19:03,2,-24.9667,15.95,1250.0,Globe at Night Monitoring Network (GaN-MN). Continuous SQM-LE sky brightness data. https://globeatnight.org/gan-mn/. Station registry: http://globeatnight-network.org/,"GaN-MN station Nrnr (NamibRand Nature Reserve, Namibia); photometric inflection method; night median MSAS=18.09; MSAS at inflection=17.85; depression=10.41°; smoothing=5-pt median; dark rows=141"
isha,2022-05-20,19:14,2,-24.9667,15.95,1250.0,Globe at Night Monitoring Network (GaN-MN). Continuous SQM-LE sky brightness data. https://globeatnight.org/gan-mn/. Station registry: http://globeatnight-network.org/,"GaN-MN station Nrnr (NamibRand Nature Reserve, Namibia); photometric inflection method; night median MSAS=20.71; MSAS at inflection=19.99; depression=12.99°; smoothing=5-pt median; dark rows=141"
isha,2022-05-26,19:12,2,-24.9667,15.95,1250.0,Globe at Night Monitoring Network (GaN-MN). Continuous SQM-LE sky brightness data. https://globeatnight.org/gan-mn/. Station registry: http://globeatnight-network.org/,"GaN-MN station Nrnr (NamibRand Nature Reserve, Namibia); photometric inflection method; night median MSAS=22.03; MSAS at inflection=19.53; depression=12.83°; smoothing=5-pt median; dark rows=142"
isha,2022-05-27,19:47,2,-24.9667,15.95,1250.0,Globe at Night Monitoring Network (GaN-MN). Continuous SQM-LE sky brightness data. https://globeatnight.org/gan-mn/. Station registry: http://globeatnight-network.org/,"GaN-MN station Nrnr (NamibRand Nature Reserve, Namibia); photometric inflection method; night median MSAS=21.91; MSAS at inflection=22.08; depression=20.50°; smoothing=5-pt median; dark rows=142"
isha,2022-05-28,19:22,2,-24.9667,15.95,1250.0,Globe at Night Monitoring Network (GaN-MN). Continuous SQM-LE sky brightness data. https://globeatnight.org/gan-mn/. Station registry: http://globeatnight-network.org/,"GaN-MN station Nrnr (NamibRand Nature Reserve, Namibia); photometric inflection method; night median MSAS=22.01; MSAS at inflection=21.21; depression=15.07°; smoothing=5-pt median; dark rows=142"
isha,2022-05-30,19:12,2,-24.9667,15.95,1250.0,Globe at Night Monitoring Network (GaN-MN). Continuous SQM-LE sky brightness data. https://globeatnight.org/gan-mn/. Station registry: http://globeatnight-network.org/,"GaN-MN station Nrnr (NamibRand Nature Reserve, Namibia); photometric inflection method; night median MSAS=22.00; MSAS at inflection=19.79; depression=12.98°; smoothing=5-pt median; dark rows=142"
fajr,2022-05-03,06:09,12,-45.0966,170.9694,30.0,Globe at Night Monitoring Network (GaN-MN). Continuous SQM-LE sky brightness data. https://globeatnight.org/gan-mn/. Station registry: http://globeatnight-network.org/,"GaN-MN station Oam (Oamaru, South Island, New Zealand); photometric inflection method; night median MSAS=20.57; MSAS at inflection=20.60; depression=15.11°; smoothing=5-pt median; dark rows=1460"
fajr,2022-05-09,06:36,12,-45.0966,170.9694,30.0,Globe at Night Monitoring Network (GaN-MN). Continuous SQM-LE sky brightness data. https://globeatnight.org/gan-mn/. Station registry: http://globeatnight-network.org/,"GaN-MN station Oam (Oamaru, South Island, New Zealand); photometric inflection method; night median MSAS=18.62; MSAS at inflection=18.06; depression=11.50°; smoothing=5-pt median; dark rows=1488"
isha,2022-05-13,18:40,12,-45.0966,170.9694,30.0,Globe at Night Monitoring Network (GaN-MN). Continuous SQM-LE sky brightness data. https://globeatnight.org/gan-mn/. Station registry: http://globeatnight-network.org/,"GaN-MN station Oam (Oamaru, South Island, New Zealand); photometric inflection method; night median MSAS=17.70; MSAS at inflection=17.79; depression=14.32°; smoothing=5-pt median; dark rows=1509"
isha,2022-05-27,19:02,12,-45.0966,170.9694,30.0,Globe at Night Monitoring Network (GaN-MN). Continuous SQM-LE sky brightness data. https://globeatnight.org/gan-mn/. Station registry: http://globeatnight-network.org/,"GaN-MN station Oam (Oamaru, South Island, New Zealand); photometric inflection method; night median MSAS=20.65; MSAS at inflection=20.35; depression=19.88°; smoothing=5-pt median; dark rows=1558"
fajr,2022-06-01,06:25,12,-45.0966,170.9694,30.0,Globe at Night Monitoring Network (GaN-MN). Continuous SQM-LE sky brightness data. https://globeatnight.org/gan-mn/. Station registry: http://globeatnight-network.org/,"GaN-MN station Oam (Oamaru, South Island, New Zealand); photometric inflection method; night median MSAS=19.91; MSAS at inflection=19.98; depression=16.87°; smoothing=5-pt median; dark rows=1568"
fajr,2022-05-01,05:16,-3,-22.2803,-46.3647,870.0,Globe at Night Monitoring Network (GaN-MN). Continuous SQM-LE sky brightness data. https://globeatnight.org/gan-mn/. Station registry: http://globeatnight-network.org/,"GaN-MN station PAOF (Ouro Fino, MG, Brazil); photometric inflection method; night median MSAS=21.27; MSAS at inflection=21.23; depression=16.13°; smoothing=5-pt median; dark rows=647"
isha,2022-05-01,18:43,-3,-22.2803,-46.3647,870.0,Globe at Night Monitoring Network (GaN-MN). Continuous SQM-LE sky brightness data. https://globeatnight.org/gan-mn/. Station registry: http://globeatnight-network.org/,"GaN-MN station PAOF (Ouro Fino, MG, Brazil); photometric inflection method; night median MSAS=21.11; MSAS at inflection=20.52; depression=15.07°; smoothing=5-pt median; dark rows=847"
fajr,2022-05-02,05:31,-3,-22.2803,-46.3647,870.0,Globe at Night Monitoring Network (GaN-MN). Continuous SQM-LE sky brightness data. https://globeatnight.org/gan-mn/. Station registry: http://globeatnight-network.org/,"GaN-MN station PAOF (Ouro Fino, MG, Brazil); photometric inflection method; night median MSAS=21.11; MSAS at inflection=19.70; depression=12.86°; smoothing=5-pt median; dark rows=847"
isha,2022-05-04,18:35,-3,-22.2803,-46.3647,870.0,Globe at Night Monitoring Network (GaN-MN). Continuous SQM-LE sky brightness data. https://globeatnight.org/gan-mn/. Station registry: http://globeatnight-network.org/,"GaN-MN station PAOF (Ouro Fino, MG, Brazil); photometric inflection method; night median MSAS=21.34; MSAS at inflection=19.25; depression=13.43°; smoothing=5-pt median; dark rows=850"
fajr,2022-05-07,05:22,-3,-22.2803,-46.3647,870.0,Globe at Night Monitoring Network (GaN-MN). Continuous SQM-LE sky brightness data. https://globeatnight.org/gan-mn/. Station registry: http://globeatnight-network.org/,"GaN-MN station PAOF (Ouro Fino, MG, Brazil); photometric inflection method; night median MSAS=21.20; MSAS at inflection=20.99; depression=15.24°; smoothing=5-pt median; dark rows=850"
isha,2022-05-07,18:42,-3,-22.2803,-46.3647,870.0,Globe at Night Monitoring Network (GaN-MN). Continuous SQM-LE sky brightness data. https://globeatnight.org/gan-mn/. Station registry: http://globeatnight-network.org/,"GaN-MN station PAOF (Ouro Fino, MG, Brazil); photometric inflection method; night median MSAS=21.15; MSAS at inflection=20.10; depression=15.41°; smoothing=5-pt median; dark rows=850"
fajr,2022-05-08,05:23,-3,-22.2803,-46.3647,870.0,Globe at Night Monitoring Network (GaN-MN). Continuous SQM-LE sky brightness data. https://globeatnight.org/gan-mn/. Station registry: http://globeatnight-network.org/,"GaN-MN station PAOF (Ouro Fino, MG, Brazil); photometric inflection method; night median MSAS=21.15; MSAS at inflection=21.04; depression=14.98°; smoothing=5-pt median; dark rows=850"
isha,2022-05-09,18:33,-3,-22.2803,-46.3647,870.0,Globe at Night Monitoring Network (GaN-MN). Continuous SQM-LE sky brightness data. https://globeatnight.org/gan-mn/. Station registry: http://globeatnight-network.org/,"GaN-MN station PAOF (Ouro Fino, MG, Brazil); photometric inflection method; night median MSAS=20.62; MSAS at inflection=19.07; depression=13.63°; smoothing=5-pt median; dark rows=849"
isha,2022-05-10,18:55,-3,-22.2803,-46.3647,870.0,Globe at Night Monitoring Network (GaN-MN). Continuous SQM-LE sky brightness data. https://globeatnight.org/gan-mn/. Station registry: http://globeatnight-network.org/,"GaN-MN station PAOF (Ouro Fino, MG, Brazil); photometric inflection method; night median MSAS=20.01; MSAS at inflection=18.54; depression=18.77°; smoothing=5-pt median; dark rows=850"
isha,2022-05-11,18:18,-3,-22.2803,-46.3647,870.0,Globe at Night Monitoring Network (GaN-MN). Continuous SQM-LE sky brightness data. https://globeatnight.org/gan-mn/. Station registry: http://globeatnight-network.org/,"GaN-MN station PAOF (Ouro Fino, MG, Brazil); photometric inflection method; night median MSAS=18.95; MSAS at inflection=17.32; depression=10.56°; smoothing=5-pt median; dark rows=854"
isha,2022-05-12,18:26,-3,-22.2803,-46.3647,870.0,Globe at Night Monitoring Network (GaN-MN). Continuous SQM-LE sky brightness data. https://globeatnight.org/gan-mn/. Station registry: http://globeatnight-network.org/,"GaN-MN station PAOF (Ouro Fino, MG, Brazil); photometric inflection method; night median MSAS=18.62; MSAS at inflection=17.80; depression=12.39°; smoothing=5-pt median; dark rows=855"
isha,2022-05-13,18:53,-3,-22.2803,-46.3647,870.0,Globe at Night Monitoring Network (GaN-MN). Continuous SQM-LE sky brightness data. https://globeatnight.org/gan-mn/. Station registry: http://globeatnight-network.org/,"GaN-MN station PAOF (Ouro Fino, MG, Brazil); photometric inflection method; night median MSAS=18.06; MSAS at inflection=18.58; depression=18.57°; smoothing=5-pt median; dark rows=857"
fajr,2022-05-16,06:03,-3,-22.2803,-46.3647,870.0,Globe at Night Monitoring Network (GaN-MN). Continuous SQM-LE sky brightness data. https://globeatnight.org/gan-mn/. Station registry: http://globeatnight-network.org/,"GaN-MN station PAOF (Ouro Fino, MG, Brazil); photometric inflection method; night median MSAS=17.79; MSAS at inflection=16.95; depression=6.76°; smoothing=5-pt median; dark rows=856"
isha,2022-05-16,18:08,-3,-22.2803,-46.3647,870.0,Globe at Night Monitoring Network (GaN-MN). Continuous SQM-LE sky brightness data. https://globeatnight.org/gan-mn/. Station registry: http://globeatnight-network.org/,"GaN-MN station PAOF (Ouro Fino, MG, Brazil); photometric inflection method; night median MSAS=17.56; MSAS at inflection=16.34; depression=8.60°; smoothing=5-pt median; dark rows=864"
fajr,2022-05-17,05:49,-3,-22.2803,-46.3647,870.0,Globe at Night Monitoring Network (GaN-MN). Continuous SQM-LE sky brightness data. https://globeatnight.org/gan-mn/. Station registry: http://globeatnight-network.org/,"GaN-MN station PAOF (Ouro Fino, MG, Brazil); photometric inflection method; night median MSAS=17.56; MSAS at inflection=17.88; depression=9.90°; smoothing=5-pt median; dark rows=864"
isha,2022-05-18,18:35,-3,-22.2803,-46.3647,870.0,Globe at Night Monitoring Network (GaN-MN). Continuous SQM-LE sky brightness data. https://globeatnight.org/gan-mn/. Station registry: http://globeatnight-network.org/,"GaN-MN station PAOF (Ouro Fino, MG, Brazil); photometric inflection method; night median MSAS=18.75; MSAS at inflection=20.92; depression=14.70°; smoothing=5-pt median; dark rows=858"
isha,2022-05-19,19:03,-3,-22.2803,-46.3647,870.0,Globe at Night Monitoring Network (GaN-MN). Continuous SQM-LE sky brightness data. https://globeatnight.org/gan-mn/. Station registry: http://globeatnight-network.org/,"GaN-MN station PAOF (Ouro Fino, MG, Brazil); photometric inflection method; night median MSAS=20.20; MSAS at inflection=21.39; depression=20.99°; smoothing=5-pt median; dark rows=859"
isha,2022-05-20,18:32,-3,-22.2803,-46.3647,870.0,Globe at Night Monitoring Network (GaN-MN). Continuous SQM-LE sky brightness data. https://globeatnight.org/gan-mn/. Station registry: http://globeatnight-network.org/,"GaN-MN station PAOF (Ouro Fino, MG, Brazil); photometric inflection method; night median MSAS=20.45; MSAS at inflection=20.43; depression=14.12°; smoothing=5-pt median; dark rows=862"
isha,2022-05-21,18:17,-3,-22.2803,-46.3647,870.0,Globe at Night Monitoring Network (GaN-MN). Continuous SQM-LE sky brightness data. https://globeatnight.org/gan-mn/. Station registry: http://globeatnight-network.org/,"GaN-MN station PAOF (Ouro Fino, MG, Brazil); photometric inflection method; night median MSAS=20.87; MSAS at inflection=18.68; depression=10.94°; smoothing=5-pt median; dark rows=863"
isha,2022-05-22,18:25,-3,-22.2803,-46.3647,870.0,Globe at Night Monitoring Network (GaN-MN). Continuous SQM-LE sky brightness data. https://globeatnight.org/gan-mn/. Station registry: http://globeatnight-network.org/,"GaN-MN station PAOF (Ouro Fino, MG, Brazil); photometric inflection method; night median MSAS=21.29; MSAS at inflection=19.06; depression=12.68°; smoothing=5-pt median; dark rows=865"
fajr,2022-05-25,05:19,-3,-22.2803,-46.3647,870.0,Globe at Night Monitoring Network (GaN-MN). Continuous SQM-LE sky brightness data. https://globeatnight.org/gan-mn/. Station registry: http://globeatnight-network.org/,"GaN-MN station PAOF (Ouro Fino, MG, Brazil); photometric inflection method; night median MSAS=21.33; MSAS at inflection=20.92; depression=17.24°; smoothing=5-pt median; dark rows=867"
fajr,2022-05-26,05:29,-3,-22.2803,-46.3647,870.0,Globe at Night Monitoring Network (GaN-MN). Continuous SQM-LE sky brightness data. https://globeatnight.org/gan-mn/. Station registry: http://globeatnight-network.org/,"GaN-MN station PAOF (Ouro Fino, MG, Brazil); photometric inflection method; night median MSAS=21.38; MSAS at inflection=20.96; depression=15.08°; smoothing=5-pt median; dark rows=868"
fajr,2022-05-28,05:41,-3,-22.2803,-46.3647,870.0,Globe at Night Monitoring Network (GaN-MN). Continuous SQM-LE sky brightness data. https://globeatnight.org/gan-mn/. Station registry: http://globeatnight-network.org/,"GaN-MN station PAOF (Ouro Fino, MG, Brazil); photometric inflection method; night median MSAS=21.11; MSAS at inflection=20.50; depression=12.69°; smoothing=5-pt median; dark rows=869"
fajr,2022-05-30,05:31,-3,-22.2803,-46.3647,870.0,Globe at Night Monitoring Network (GaN-MN). Continuous SQM-LE sky brightness data. https://globeatnight.org/gan-mn/. Station registry: http://globeatnight-network.org/,"GaN-MN station PAOF (Ouro Fino, MG, Brazil); photometric inflection method; night median MSAS=21.22; MSAS at inflection=20.74; depression=14.91°; smoothing=5-pt median; dark rows=872"
isha,2022-05-01,19:24,8,22.2328,113.9007,15.0,Globe at Night Monitoring Network (GaN-MN). Continuous SQM-LE sky brightness data. https://globeatnight.org/gan-mn/. Station registry: http://globeatnight-network.org/,"GaN-MN station SH (Shek Pik, Lantau Island, Hong Kong); photometric inflection method; night median MSAS=18.08; MSAS at inflection=16.61; depression=8.17°; smoothing=5-pt median; dark rows=1154"
isha,2022-05-07,20:05,8,22.2328,113.9007,15.0,Globe at Night Monitoring Network (GaN-MN). Continuous SQM-LE sky brightness data. https://globeatnight.org/gan-mn/. Station registry: http://globeatnight-network.org/,"GaN-MN station SH (Shek Pik, Lantau Island, Hong Kong); photometric inflection method; night median MSAS=18.18; MSAS at inflection=17.75; depression=16.23°; smoothing=5-pt median; dark rows=1139"
isha,2022-05-22,20:33,9,37.456,126.9522,80.0,Globe at Night Monitoring Network (GaN-MN). Continuous SQM-LE sky brightness data. https://globeatnight.org/gan-mn/. Station registry: http://globeatnight-network.org/,"GaN-MN station SNUO (Seoul National University Observatory, Korea); photometric inflection method; night median MSAS=17.54; MSAS at inflection=16.67; depression=9.91°; smoothing=5-pt median; dark rows=939"
fajr,2022-05-24,03:04,9,37.456,126.9522,80.0,Globe at Night Monitoring Network (GaN-MN). Continuous SQM-LE sky brightness data. https://globeatnight.org/gan-mn/. Station registry: http://globeatnight-network.org/,"GaN-MN station SNUO (Seoul National University Observatory, Korea); photometric inflection method; night median MSAS=17.51; MSAS at inflection=17.62; depression=21.27°; smoothing=5-pt median; dark rows=935"
isha,2022-05-27,21:53,9,37.456,126.9522,80.0,Globe at Night Monitoring Network (GaN-MN). Continuous SQM-LE sky brightness data. https://globeatnight.org/gan-mn/. Station registry: http://globeatnight-network.org/,"GaN-MN station SNUO (Seoul National University Observatory, Korea); photometric inflection method; night median MSAS=17.90; MSAS at inflection=17.35; depression=20.75°; smoothing=5-pt median; dark rows=922"
fajr,2022-05-06,05:01,8,22.4806,114.0194,5.0,Globe at Night Monitoring Network (GaN-MN). Continuous SQM-LE sky brightness data. https://globeatnight.org/gan-mn/. Station registry: http://globeatnight-network.org/,"GaN-MN station TBT (Tsim Bei Tsui, Yuen Long, Hong Kong); photometric inflection method; night median MSAS=18.73; MSAS at inflection=18.43; depression=11.03°; smoothing=5-pt median; dark rows=1144"
isha,2022-05-16,20:35,8,22.4806,114.0194,5.0,Globe at Night Monitoring Network (GaN-MN). Continuous SQM-LE sky brightness data. https://globeatnight.org/gan-mn/. Station registry: http://globeatnight-network.org/,"GaN-MN station TBT (Tsim Bei Tsui, Yuen Long, Hong Kong); photometric inflection method; night median MSAS=17.77; MSAS at inflection=16.20; depression=21.18°; smoothing=5-pt median; dark rows=521"
isha,2022-04-30,20:58,-7,32.6736,-116.5311,1220.0,Globe at Night Monitoring Network (GaN-MN). Continuous SQM-LE sky brightness data. https://globeatnight.org/gan-mn/. Station registry: http://globeatnight-network.org/,"GaN-MN station TSO (Tierra del Sol, San Diego, California, USA); photometric inflection method; night median MSAS=21.56; MSAS at inflection=21.44; depression=18.27°; smoothing=5-pt median; dark rows=452"
fajr,2022-05-01,04:21,-7,32.6736,-116.5311,1220.0,Globe at Night Monitoring Network (GaN-MN). Continuous SQM-LE sky brightness data. https://globeatnight.org/gan-mn/. Station registry: http://globeatnight-network.org/,"GaN-MN station TSO (Tierra del Sol, San Diego, California, USA); photometric inflection method; night median MSAS=21.56; MSAS at inflection=21.56; depression=19.19°; smoothing=5-pt median; dark rows=452"
fajr,2022-05-02,04:24,-7,32.6736,-116.5311,1220.0,Globe at Night Monitoring Network (GaN-MN). Continuous SQM-LE sky brightness data. https://globeatnight.org/gan-mn/. Station registry: http://globeatnight-network.org/,"GaN-MN station TSO (Tierra del Sol, San Diego, California, USA); photometric inflection method; night median MSAS=21.71; MSAS at inflection=21.60; depression=18.46°; smoothing=5-pt median; dark rows=449"
isha,2022-05-02,21:03,-7,32.6736,-116.5311,1220.0,Globe at Night Monitoring Network (GaN-MN). Continuous SQM-LE sky brightness data. https://globeatnight.org/gan-mn/. Station registry: http://globeatnight-network.org/,"GaN-MN station TSO (Tierra del Sol, San Diego, California, USA); photometric inflection method; night median MSAS=21.67; MSAS at inflection=21.53; depression=18.75°; smoothing=5-pt median; dark rows=447"
fajr,2022-05-03,04:14,-7,32.6736,-116.5311,1220.0,Globe at Night Monitoring Network (GaN-MN). Continuous SQM-LE sky brightness data. https://globeatnight.org/gan-mn/. Station registry: http://globeatnight-network.org/,"GaN-MN station TSO (Tierra del Sol, San Diego, California, USA); photometric inflection method; night median MSAS=21.67; MSAS at inflection=21.67; depression=19.99°; smoothing=5-pt median; dark rows=447"
isha,2022-05-03,21:07,-7,32.6736,-116.5311,1220.0,Globe at Night Monitoring Network (GaN-MN). Continuous SQM-LE sky brightness data. https://globeatnight.org/gan-mn/. Station registry: http://globeatnight-network.org/,"GaN-MN station TSO (Tierra del Sol, San Diego, California, USA); photometric inflection method; night median MSAS=21.63; MSAS at inflection=21.44; depression=19.24°; smoothing=5-pt median; dark rows=445"
fajr,2022-05-04,04:05,-7,32.6736,-116.5311,1220.0,Globe at Night Monitoring Network (GaN-MN). Continuous SQM-LE sky brightness data. https://globeatnight.org/gan-mn/. Station registry: http://globeatnight-network.org/,"GaN-MN station TSO (Tierra del Sol, San Diego, California, USA); photometric inflection method; night median MSAS=21.63; MSAS at inflection=21.53; depression=21.31°; smoothing=5-pt median; dark rows=445"
fajr,2022-05-05,04:22,-7,32.6736,-116.5311,1220.0,Globe at Night Monitoring Network (GaN-MN). Continuous SQM-LE sky brightness data. https://globeatnight.org/gan-mn/. Station registry: http://globeatnight-network.org/,"GaN-MN station TSO (Tierra del Sol, San Diego, California, USA); photometric inflection method; night median MSAS=21.65; MSAS at inflection=21.67; depression=18.20°; smoothing=5-pt median; dark rows=443"
isha,2022-05-05,21:06,-7,32.6736,-116.5311,1220.0,Globe at Night Monitoring Network (GaN-MN). Continuous SQM-LE sky brightness data. https://globeatnight.org/gan-mn/. Station registry: http://globeatnight-network.org/,"GaN-MN station TSO (Tierra del Sol, San Diego, California, USA); photometric inflection method; night median MSAS=21.54; MSAS at inflection=21.14; depression=18.68°; smoothing=5-pt median; dark rows=440"
fajr,2022-05-06,04:21,-7,32.6736,-116.5311,1220.0,Globe at Night Monitoring Network (GaN-MN). Continuous SQM-LE sky brightness data. https://globeatnight.org/gan-mn/. Station registry: http://globeatnight-network.org/,"GaN-MN station TSO (Tierra del Sol, San Diego, California, USA); photometric inflection method; night median MSAS=21.54; MSAS at inflection=21.53; depression=18.18°; smoothing=5-pt median; dark rows=440"
isha,2022-05-06,21:20,-7,32.6736,-116.5311,1220.0,Globe at Night Monitoring Network (GaN-MN). Continuous SQM-LE sky brightness data. https://globeatnight.org/gan-mn/. Station registry: http://globeatnight-network.org/,"GaN-MN station TSO (Tierra del Sol, San Diego, California, USA); photometric inflection method; night median MSAS=21.65; MSAS at inflection=20.82; depression=20.85°; smoothing=5-pt median; dark rows=438"
fajr,2022-05-07,04:20,-7,32.6736,-116.5311,1220.0,Globe at Night Monitoring Network (GaN-MN). Continuous SQM-LE sky brightness data. https://globeatnight.org/gan-mn/. Station registry: http://globeatnight-network.org/,"GaN-MN station TSO (Tierra del Sol, San Diego, California, USA); photometric inflection method; night median MSAS=21.65; MSAS at inflection=21.67; depression=18.16°; smoothing=5-pt median; dark rows=438"
isha,2022-05-07,21:04,-7,32.6736,-116.5311,1220.0,Globe at Night Monitoring Network (GaN-MN). Continuous SQM-LE sky brightness data. https://globeatnight.org/gan-mn/. Station registry: http://globeatnight-network.org/,"GaN-MN station TSO (Tierra del Sol, San Diego, California, USA); photometric inflection method; night median MSAS=20.34; MSAS at inflection=19.83; depression=17.94°; smoothing=5-pt median; dark rows=436"
isha,2022-05-08,21:05,-7,32.6736,-116.5311,1220.0,Globe at Night Monitoring Network (GaN-MN). Continuous SQM-LE sky brightness data. https://globeatnight.org/gan-mn/. Station registry: http://globeatnight-network.org/,"GaN-MN station TSO (Tierra del Sol, San Diego, California, USA); photometric inflection method; night median MSAS=19.85; MSAS at inflection=18.06; depression=17.92°; smoothing=5-pt median; dark rows=434"
fajr,2022-05-09,04:13,-7,32.6736,-116.5311,1220.0,Globe at Night Monitoring Network (GaN-MN). Continuous SQM-LE sky brightness data. https://globeatnight.org/gan-mn/. Station registry: http://globeatnight-network.org/,"GaN-MN station TSO (Tierra del Sol, San Diego, California, USA); photometric inflection method; night median MSAS=19.85; MSAS at inflection=20.54; depression=18.99°; smoothing=5-pt median; dark rows=434"
fajr,2022-05-10,04:17,-7,32.6736,-116.5311,1220.0,Globe at Night Monitoring Network (GaN-MN). Continuous SQM-LE sky brightness data. https://globeatnight.org/gan-mn/. Station registry: http://globeatnight-network.org/,"GaN-MN station TSO (Tierra del Sol, San Diego, California, USA); photometric inflection method; night median MSAS=20.63; MSAS at inflection=21.41; depression=18.13°; smoothing=5-pt median; dark rows=432"
isha,2022-05-10,21:07,-7,32.6736,-116.5311,1220.0,Globe at Night Monitoring Network (GaN-MN). Continuous SQM-LE sky brightness data. https://globeatnight.org/gan-mn/. Station registry: http://globeatnight-network.org/,"GaN-MN station TSO (Tierra del Sol, San Diego, California, USA); photometric inflection method; night median MSAS=18.99; MSAS at inflection=17.66; depression=17.87°; smoothing=5-pt median; dark rows=430"
isha,2022-05-11,21:15,-7,32.6736,-116.5311,1220.0,Globe at Night Monitoring Network (GaN-MN). Continuous SQM-LE sky brightness data. https://globeatnight.org/gan-mn/. Station registry: http://globeatnight-network.org/,"GaN-MN station TSO (Tierra del Sol, San Diego, California, USA); photometric inflection method; night median MSAS=19.93; MSAS at inflection=18.06; depression=19.19°; smoothing=5-pt median; dark rows=428"
fajr,2022-05-13,04:09,-7,32.6736,-116.5311,1220.0,Globe at Night Monitoring Network (GaN-MN). Continuous SQM-LE sky brightness data. https://globeatnight.org/gan-mn/. Station registry: http://globeatnight-network.org/,"GaN-MN station TSO (Tierra del Sol, San Diego, California, USA); photometric inflection method; night median MSAS=19.32; MSAS at inflection=21.11; depression=18.82°; smoothing=5-pt median; dark rows=426"
fajr,2022-05-14,03:54,-7,32.6736,-116.5311,1220.0,Globe at Night Monitoring Network (GaN-MN). Continuous SQM-LE sky brightness data. https://globeatnight.org/gan-mn/. Station registry: http://globeatnight-network.org/,"GaN-MN station TSO (Tierra del Sol, San Diego, California, USA); photometric inflection method; night median MSAS=18.71; MSAS at inflection=20.01; depression=21.10°; smoothing=5-pt median; dark rows=423"
isha,2022-05-16,21:13,-7,32.6736,-116.5311,1220.0,Globe at Night Monitoring Network (GaN-MN). Continuous SQM-LE sky brightness data. https://globeatnight.org/gan-mn/. Station registry: http://globeatnight-network.org/,"GaN-MN station TSO (Tierra del Sol, San Diego, California, USA); photometric inflection method; night median MSAS=19.22; MSAS at inflection=20.25; depression=17.94°; smoothing=5-pt median; dark rows=417"
isha,2022-05-18,21:39,-7,32.6736,-116.5311,1220.0,Globe at Night Monitoring Network (GaN-MN). Continuous SQM-LE sky brightness data. https://globeatnight.org/gan-mn/. Station registry: http://globeatnight-network.org/,"GaN-MN station TSO (Tierra del Sol, San Diego, California, USA); photometric inflection method; night median MSAS=20.24; MSAS at inflection=21.60; depression=21.71°; smoothing=5-pt median; dark rows=414"
isha,2022-05-19,21:40,-7,32.6736,-116.5311,1220.0,Globe at Night Monitoring Network (GaN-MN). Continuous SQM-LE sky brightness data. https://globeatnight.org/gan-mn/. Station registry: http://globeatnight-network.org/,"GaN-MN station TSO (Tierra del Sol, San Diego, California, USA); photometric inflection method; night median MSAS=21.04; MSAS at inflection=21.76; depression=21.68°; smoothing=5-pt median; dark rows=412"
fajr,2022-05-20,03:43,-7,32.6736,-116.5311,1220.0,Globe at Night Monitoring Network (GaN-MN). Continuous SQM-LE sky brightness data. https://globeatnight.org/gan-mn/. Station registry: http://globeatnight-network.org/,"GaN-MN station TSO (Tierra del Sol, San Diego, California, USA); photometric inflection method; night median MSAS=21.04; MSAS at inflection=18.87; depression=21.89°; smoothing=5-pt median; dark rows=412"
isha,2022-05-20,21:17,-7,32.6736,-116.5311,1220.0,Globe at Night Monitoring Network (GaN-MN). Continuous SQM-LE sky brightness data. https://globeatnight.org/gan-mn/. Station registry: http://globeatnight-network.org/,"GaN-MN station TSO (Tierra del Sol, San Diego, California, USA); photometric inflection method; night median MSAS=20.41; MSAS at inflection=20.47; depression=17.89°; smoothing=5-pt median; dark rows=410"
fajr,2022-05-21,04:06,-7,32.6736,-116.5311,1220.0,Globe at Night Monitoring Network (GaN-MN). Continuous SQM-LE sky brightness data. https://globeatnight.org/gan-mn/. Station registry: http://globeatnight-network.org/,"GaN-MN station TSO (Tierra del Sol, San Diego, California, USA); photometric inflection method; night median MSAS=20.41; MSAS at inflection=19.01; depression=18.16°; smoothing=5-pt median; dark rows=410"
fajr,2022-05-22,03:41,-7,32.6736,-116.5311,1220.0,Globe at Night Monitoring Network (GaN-MN). Continuous SQM-LE sky brightness data. https://globeatnight.org/gan-mn/. Station registry: http://globeatnight-network.org/,"GaN-MN station TSO (Tierra del Sol, San Diego, California, USA); photometric inflection method; night median MSAS=20.91; MSAS at inflection=20.95; depression=21.93°; smoothing=5-pt median; dark rows=408"
isha,2022-05-22,21:28,-7,32.6736,-116.5311,1220.0,Globe at Night Monitoring Network (GaN-MN). Continuous SQM-LE sky brightness data. https://globeatnight.org/gan-mn/. Station registry: http://globeatnight-network.org/,"GaN-MN station TSO (Tierra del Sol, San Diego, California, USA); photometric inflection method; night median MSAS=21.68; MSAS at inflection=21.75; depression=19.31°; smoothing=5-pt median; dark rows=406"
isha,2022-05-24,21:43,-7,32.6736,-116.5311,1220.0,Globe at Night Monitoring Network (GaN-MN). Continuous SQM-LE sky brightness data. https://globeatnight.org/gan-mn/. Station registry: http://globeatnight-network.org/,"GaN-MN station TSO (Tierra del Sol, San Diego, California, USA); photometric inflection method; night median MSAS=21.60; MSAS at inflection=21.59; depression=21.42°; smoothing=5-pt median; dark rows=403"
fajr,2022-05-25,03:38,-7,32.6736,-116.5311,1220.0,Globe at Night Monitoring Network (GaN-MN). Continuous SQM-LE sky brightness data. https://globeatnight.org/gan-mn/. Station registry: http://globeatnight-network.org/,"GaN-MN station TSO (Tierra del Sol, San Diego, California, USA); photometric inflection method; night median MSAS=21.60; MSAS at inflection=21.38; depression=21.86°; smoothing=5-pt median; dark rows=403"
isha,2022-05-25,21:21,-7,32.6736,-116.5311,1220.0,Globe at Night Monitoring Network (GaN-MN). Continuous SQM-LE sky brightness data. https://globeatnight.org/gan-mn/. Station registry: http://globeatnight-network.org/,"GaN-MN station TSO (Tierra del Sol, San Diego, California, USA); photometric inflection method; night median MSAS=21.62; MSAS at inflection=21.56; depression=17.87°; smoothing=5-pt median; dark rows=402"
fajr,2022-05-27,03:39,-7,32.6736,-116.5311,1220.0,Globe at Night Monitoring Network (GaN-MN). Continuous SQM-LE sky brightness data. https://globeatnight.org/gan-mn/. Station registry: http://globeatnight-network.org/,"GaN-MN station TSO (Tierra del Sol, San Diego, California, USA); photometric inflection method; night median MSAS=21.76; MSAS at inflection=21.56; depression=21.51°; smoothing=5-pt median; dark rows=400"
isha,2022-05-27,21:23,-7,32.6736,-116.5311,1220.0,Globe at Night Monitoring Network (GaN-MN). Continuous SQM-LE sky brightness data. https://globeatnight.org/gan-mn/. Station registry: http://globeatnight-network.org/,"GaN-MN station TSO (Tierra del Sol, San Diego, California, USA); photometric inflection method; night median MSAS=21.50; MSAS at inflection=20.81; depression=17.88°; smoothing=5-pt median; dark rows=398"
fajr,2022-05-28,04:00,-7,32.6736,-116.5311,1220.0,Globe at Night Monitoring Network (GaN-MN). Continuous SQM-LE sky brightness data. https://globeatnight.org/gan-mn/. Station registry: http://globeatnight-network.org/,"GaN-MN station TSO (Tierra del Sol, San Diego, California, USA); photometric inflection method; night median MSAS=21.50; MSAS at inflection=20.92; depression=18.23°; smoothing=5-pt median; dark rows=398"
isha,2022-05-28,21:44,-7,32.6736,-116.5311,1220.0,Globe at Night Monitoring Network (GaN-MN). Continuous SQM-LE sky brightness data. https://globeatnight.org/gan-mn/. Station registry: http://globeatnight-network.org/,"GaN-MN station TSO (Tierra del Sol, San Diego, California, USA); photometric inflection method; night median MSAS=20.23; MSAS at inflection=20.15; depression=20.85°; smoothing=5-pt median; dark rows=396"
isha,2022-05-29,21:41,-7,32.6736,-116.5311,1220.0,Globe at Night Monitoring Network (GaN-MN). Continuous SQM-LE sky brightness data. https://globeatnight.org/gan-mn/. Station registry: http://globeatnight-network.org/,"GaN-MN station TSO (Tierra del Sol, San Diego, California, USA); photometric inflection method; night median MSAS=21.60; MSAS at inflection=21.69; depression=20.26°; smoothing=5-pt median; dark rows=395"
isha,2022-05-30,21:51,-7,32.6736,-116.5311,1220.0,Globe at Night Monitoring Network (GaN-MN). Continuous SQM-LE sky brightness data. https://globeatnight.org/gan-mn/. Station registry: http://globeatnight-network.org/,"GaN-MN station TSO (Tierra del Sol, San Diego, California, USA); photometric inflection method; night median MSAS=21.74; MSAS at inflection=21.65; depression=21.72°; smoothing=5-pt median; dark rows=393"
fajr,2022-05-31,03:34,-7,32.6736,-116.5311,1220.0,Globe at Night Monitoring Network (GaN-MN). Continuous SQM-LE sky brightness data. https://globeatnight.org/gan-mn/. Station registry: http://globeatnight-network.org/,"GaN-MN station TSO (Tierra del Sol, San Diego, California, USA); photometric inflection method; night median MSAS=21.74; MSAS at inflection=21.57; depression=21.80°; smoothing=5-pt median; dark rows=393"
fajr,2022-05-03,04:15,8,22.2974,114.1737,5.0,Globe at Night Monitoring Network (GaN-MN). Continuous SQM-LE sky brightness data. https://globeatnight.org/gan-mn/. Station registry: http://globeatnight-network.org/,"GaN-MN station TST (Kowloon, Hong Kong Space Museum); photometric inflection method; night median MSAS=17.80; MSAS at inflection=18.36; depression=21.07°; smoothing=5-pt median; dark rows=1153"
fajr,2022-05-02,05:26,10,-36.8983,149.9044,30.0,Globe at Night Monitoring Network (GaN-MN). Continuous SQM-LE sky brightness data. https://globeatnight.org/gan-mn/. Station registry: http://globeatnight-network.org/,"GaN-MN station Tura (Merimbula, New South Wales, Australia); photometric inflection method; night median MSAS=22.11; MSAS at inflection=21.91; depression=15.19°; smoothing=5-pt median; dark rows=708"
isha,2022-05-02,18:08,10,-36.8983,149.9044,30.0,Globe at Night Monitoring Network (GaN-MN). Continuous SQM-LE sky brightness data. https://globeatnight.org/gan-mn/. Station registry: http://globeatnight-network.org/,"GaN-MN station Tura (Merimbula, New South Wales, Australia); photometric inflection method; night median MSAS=22.10; MSAS at inflection=19.60; depression=11.35°; smoothing=5-pt median; dark rows=711"
fajr,2022-05-04,05:42,10,-36.8983,149.9044,30.0,Globe at Night Monitoring Network (GaN-MN). Continuous SQM-LE sky brightness data. https://globeatnight.org/gan-mn/. Station registry: http://globeatnight-network.org/,"GaN-MN station Tura (Merimbula, New South Wales, Australia); photometric inflection method; night median MSAS=22.07; MSAS at inflection=20.30; depression=12.24°; smoothing=5-pt median; dark rows=712"
fajr,2022-05-05,05:51,10,-36.8983,149.9044,30.0,Globe at Night Monitoring Network (GaN-MN). Continuous SQM-LE sky brightness data. https://globeatnight.org/gan-mn/. Station registry: http://globeatnight-network.org/,"GaN-MN station Tura (Merimbula, New South Wales, Australia); photometric inflection method; night median MSAS=21.76; MSAS at inflection=19.56; depression=10.71°; smoothing=5-pt median; dark rows=715"
isha,2022-05-05,18:02,10,-36.8983,149.9044,30.0,Globe at Night Monitoring Network (GaN-MN). Continuous SQM-LE sky brightness data. https://globeatnight.org/gan-mn/. Station registry: http://globeatnight-network.org/,"GaN-MN station Tura (Merimbula, New South Wales, Australia); photometric inflection method; night median MSAS=21.78; MSAS at inflection=19.62; depression=10.80°; smoothing=5-pt median; dark rows=717"
isha,2022-05-06,18:07,10,-36.8983,149.9044,30.0,Globe at Night Monitoring Network (GaN-MN). Continuous SQM-LE sky brightness data. https://globeatnight.org/gan-mn/. Station registry: http://globeatnight-network.org/,"GaN-MN station Tura (Merimbula, New South Wales, Australia); photometric inflection method; night median MSAS=21.93; MSAS at inflection=19.73; depression=11.86°; smoothing=5-pt median; dark rows=716"
fajr,2022-05-08,05:48,10,-36.8983,149.9044,30.0,Globe at Night Monitoring Network (GaN-MN). Continuous SQM-LE sky brightness data. https://globeatnight.org/gan-mn/. Station registry: http://globeatnight-network.org/,"GaN-MN station Tura (Merimbula, New South Wales, Australia); photometric inflection method; night median MSAS=21.94; MSAS at inflection=20.02; depression=11.71°; smoothing=5-pt median; dark rows=720"
fajr,2022-05-09,05:32,10,-36.8983,149.9044,30.0,Globe at Night Monitoring Network (GaN-MN). Continuous SQM-LE sky brightness data. https://globeatnight.org/gan-mn/. Station registry: http://globeatnight-network.org/,"GaN-MN station Tura (Merimbula, New South Wales, Australia); photometric inflection method; night median MSAS=21.83; MSAS at inflection=21.74; depression=15.06°; smoothing=5-pt median; dark rows=721"
fajr,2022-05-10,05:47,10,-36.8983,149.9044,30.0,Globe at Night Monitoring Network (GaN-MN). Continuous SQM-LE sky brightness data. https://globeatnight.org/gan-mn/. Station registry: http://globeatnight-network.org/,"GaN-MN station Tura (Merimbula, New South Wales, Australia); photometric inflection method; night median MSAS=21.74; MSAS at inflection=19.81; depression=12.16°; smoothing=5-pt median; dark rows=723"
isha,2022-05-10,18:18,10,-36.8983,149.9044,30.0,Globe at Night Monitoring Network (GaN-MN). Continuous SQM-LE sky brightness data. https://globeatnight.org/gan-mn/. Station registry: http://globeatnight-network.org/,"GaN-MN station Tura (Merimbula, New South Wales, Australia); photometric inflection method; night median MSAS=21.23; MSAS at inflection=19.27; depression=14.64°; smoothing=5-pt median; dark rows=724"
fajr,2022-05-11,05:58,10,-36.8983,149.9044,30.0,Globe at Night Monitoring Network (GaN-MN). Continuous SQM-LE sky brightness data. https://globeatnight.org/gan-mn/. Station registry: http://globeatnight-network.org/,"GaN-MN station Tura (Merimbula, New South Wales, Australia); photometric inflection method; night median MSAS=21.23; MSAS at inflection=18.95; depression=10.14°; smoothing=5-pt median; dark rows=724"
fajr,2022-05-12,05:44,10,-36.8983,149.9044,30.0,Globe at Night Monitoring Network (GaN-MN). Continuous SQM-LE sky brightness data. https://globeatnight.org/gan-mn/. Station registry: http://globeatnight-network.org/,"GaN-MN station Tura (Merimbula, New South Wales, Australia); photometric inflection method; night median MSAS=20.22; MSAS at inflection=21.52; depression=13.00°; smoothing=5-pt median; dark rows=723"
isha,2022-05-12,18:21,10,-36.8983,149.9044,30.0,Globe at Night Monitoring Network (GaN-MN). Continuous SQM-LE sky brightness data. https://globeatnight.org/gan-mn/. Station registry: http://globeatnight-network.org/,"GaN-MN station Tura (Merimbula, New South Wales, Australia); photometric inflection method; night median MSAS=19.13; MSAS at inflection=19.08; depression=15.60°; smoothing=5-pt median; dark rows=727"
fajr,2022-05-13,05:57,10,-36.8983,149.9044,30.0,Globe at Night Monitoring Network (GaN-MN). Continuous SQM-LE sky brightness data. https://globeatnight.org/gan-mn/. Station registry: http://globeatnight-network.org/,"GaN-MN station Tura (Merimbula, New South Wales, Australia); photometric inflection method; night median MSAS=19.13; MSAS at inflection=20.62; depression=10.80°; smoothing=5-pt median; dark rows=727"
isha,2022-05-13,17:43,10,-36.8983,149.9044,30.0,Globe at Night Monitoring Network (GaN-MN). Continuous SQM-LE sky brightness data. https://globeatnight.org/gan-mn/. Station registry: http://globeatnight-network.org/,"GaN-MN station Tura (Merimbula, New South Wales, Australia); photometric inflection method; night median MSAS=18.99; MSAS at inflection=16.62; depression=8.43°; smoothing=5-pt median; dark rows=729"
fajr,2022-05-14,05:55,10,-36.8983,149.9044,30.0,Globe at Night Monitoring Network (GaN-MN). Continuous SQM-LE sky brightness data. https://globeatnight.org/gan-mn/. Station registry: http://globeatnight-network.org/,"GaN-MN station Tura (Merimbula, New South Wales, Australia); photometric inflection method; night median MSAS=18.99; MSAS at inflection=19.77; depression=11.33°; smoothing=5-pt median; dark rows=729"
isha,2022-05-14,18:05,10,-36.8983,149.9044,30.0,Globe at Night Monitoring Network (GaN-MN). Continuous SQM-LE sky brightness data. https://globeatnight.org/gan-mn/. Station registry: http://globeatnight-network.org/,"GaN-MN station Tura (Merimbula, New South Wales, Australia); photometric inflection method; night median MSAS=18.94; MSAS at inflection=19.54; depression=12.76°; smoothing=5-pt median; dark rows=730"
fajr,2022-05-15,06:02,10,-36.8983,149.9044,30.0,Globe at Night Monitoring Network (GaN-MN). Continuous SQM-LE sky brightness data. https://globeatnight.org/gan-mn/. Station registry: http://globeatnight-network.org/,"GaN-MN station Tura (Merimbula, New South Wales, Australia); photometric inflection method; night median MSAS=18.94; MSAS at inflection=19.86; depression=10.00°; smoothing=5-pt median; dark rows=730"
fajr,2022-05-17,05:59,10,-36.8983,149.9044,30.0,Globe at Night Monitoring Network (GaN-MN). Continuous SQM-LE sky brightness data. https://globeatnight.org/gan-mn/. Station registry: http://globeatnight-network.org/,"GaN-MN station Tura (Merimbula, New South Wales, Australia); photometric inflection method; night median MSAS=18.66; MSAS at inflection=18.66; depression=10.80°; smoothing=5-pt median; dark rows=732"
isha,2022-05-18,17:50,10,-36.8983,149.9044,30.0,Globe at Night Monitoring Network (GaN-MN). Continuous SQM-LE sky brightness data. https://globeatnight.org/gan-mn/. Station registry: http://globeatnight-network.org/,"GaN-MN station Tura (Merimbula, New South Wales, Australia); photometric inflection method; night median MSAS=19.64; MSAS at inflection=18.59; depression=10.46°; smoothing=5-pt median; dark rows=737"
fajr,2022-05-19,05:32,10,-36.8983,149.9044,30.0,Globe at Night Monitoring Network (GaN-MN). Continuous SQM-LE sky brightness data. https://globeatnight.org/gan-mn/. Station registry: http://globeatnight-network.org/,"GaN-MN station Tura (Merimbula, New South Wales, Australia); photometric inflection method; night median MSAS=19.64; MSAS at inflection=19.98; depression=16.42°; smoothing=5-pt median; dark rows=737"
fajr,2022-05-20,05:13,10,-36.8983,149.9044,30.0,Globe at Night Monitoring Network (GaN-MN). Continuous SQM-LE sky brightness data. https://globeatnight.org/gan-mn/. Station registry: http://globeatnight-network.org/,"GaN-MN station Tura (Merimbula, New South Wales, Australia); photometric inflection method; night median MSAS=19.59; MSAS at inflection=18.22; depression=20.23°; smoothing=5-pt median; dark rows=738"
isha,2022-05-22,18:15,10,-36.8983,149.9044,30.0,Globe at Night Monitoring Network (GaN-MN). Continuous SQM-LE sky brightness data. https://globeatnight.org/gan-mn/. Station registry: http://globeatnight-network.org/,"GaN-MN station Tura (Merimbula, New South Wales, Australia); photometric inflection method; night median MSAS=21.54; MSAS at inflection=22.15; depression=15.69°; smoothing=5-pt median; dark rows=701"
fajr,2022-05-24,05:36,10,-36.8983,149.9044,30.0,Globe at Night Monitoring Network (GaN-MN). Continuous SQM-LE sky brightness data. https://globeatnight.org/gan-mn/. Station registry: http://globeatnight-network.org/,"GaN-MN station Tura (Merimbula, New South Wales, Australia); photometric inflection method; night median MSAS=21.94; MSAS at inflection=19.97; depression=16.33°; smoothing=5-pt median; dark rows=742"
fajr,2022-05-25,05:52,10,-36.8983,149.9044,30.0,Globe at Night Monitoring Network (GaN-MN). Continuous SQM-LE sky brightness data. https://globeatnight.org/gan-mn/. Station registry: http://globeatnight-network.org/,"GaN-MN station Tura (Merimbula, New South Wales, Australia); photometric inflection method; night median MSAS=21.89; MSAS at inflection=20.96; depression=13.23°; smoothing=5-pt median; dark rows=743"
isha,2022-05-25,17:50,10,-36.8983,149.9044,30.0,Globe at Night Monitoring Network (GaN-MN). Continuous SQM-LE sky brightness data. https://globeatnight.org/gan-mn/. Station registry: http://globeatnight-network.org/,"GaN-MN station Tura (Merimbula, New South Wales, Australia); photometric inflection method; night median MSAS=22.02; MSAS at inflection=20.19; depression=11.14°; smoothing=5-pt median; dark rows=745"
isha,2022-05-26,18:36,10,-36.8983,149.9044,30.0,Globe at Night Monitoring Network (GaN-MN). Continuous SQM-LE sky brightness data. https://globeatnight.org/gan-mn/. Station registry: http://globeatnight-network.org/,"GaN-MN station Tura (Merimbula, New South Wales, Australia); photometric inflection method; night median MSAS=21.97; MSAS at inflection=21.62; depression=20.02°; smoothing=5-pt median; dark rows=747"
isha,2022-05-27,18:10,10,-36.8983,149.9044,30.0,Globe at Night Monitoring Network (GaN-MN). Continuous SQM-LE sky brightness data. https://globeatnight.org/gan-mn/. Station registry: http://globeatnight-network.org/,"GaN-MN station Tura (Merimbula, New South Wales, Australia); photometric inflection method; night median MSAS=21.78; MSAS at inflection=21.48; depression=15.02°; smoothing=5-pt median; dark rows=746"
fajr,2022-05-28,05:49,10,-36.8983,149.9044,30.0,Globe at Night Monitoring Network (GaN-MN). Continuous SQM-LE sky brightness data. https://globeatnight.org/gan-mn/. Station registry: http://globeatnight-network.org/,"GaN-MN station Tura (Merimbula, New South Wales, Australia); photometric inflection method; night median MSAS=21.78; MSAS at inflection=21.64; depression=14.18°; smoothing=5-pt median; dark rows=746"
fajr,2022-05-30,05:54,10,-36.8983,149.9044,30.0,Globe at Night Monitoring Network (GaN-MN). Continuous SQM-LE sky brightness data. https://globeatnight.org/gan-mn/. Station registry: http://globeatnight-network.org/,"GaN-MN station Tura (Merimbula, New South Wales, Australia); photometric inflection method; night median MSAS=22.28; MSAS at inflection=21.53; depression=13.43°; smoothing=5-pt median; dark rows=750"
fajr,2022-05-02,02:15,2,59.9167,18.8333,5.0,Globe at Night Monitoring Network (GaN-MN). Continuous SQM-LE sky brightness data. https://globeatnight.org/gan-mn/. Station registry: http://globeatnight-network.org/,"GaN-MN station UO (Utanå Observatory, Väddö, Sweden); photometric inflection method; night median MSAS=20.83; MSAS at inflection=20.10; depression=12.40°; smoothing=5-pt median; dark rows=54"
isha,2022-05-02,23:40,2,59.9167,18.8333,5.0,Globe at Night Monitoring Network (GaN-MN). Continuous SQM-LE sky brightness data. https://globeatnight.org/gan-mn/. Station registry: http://globeatnight-network.org/,"GaN-MN station UO (Utanå Observatory, Väddö, Sweden); photometric inflection method; night median MSAS=20.59; MSAS at inflection=20.51; depression=13.49°; smoothing=5-pt median; dark rows=52"
fajr,2022-05-03,00:55,2,59.9167,18.8333,5.0,Globe at Night Monitoring Network (GaN-MN). Continuous SQM-LE sky brightness data. https://globeatnight.org/gan-mn/. Station registry: http://globeatnight-network.org/,"GaN-MN station UO (Utanå Observatory, Väddö, Sweden); photometric inflection method; night median MSAS=20.59; MSAS at inflection=21.34; depression=14.44°; smoothing=5-pt median; dark rows=52"
isha,2022-05-04,23:14,2,59.9167,18.8333,5.0,Globe at Night Monitoring Network (GaN-MN). Continuous SQM-LE sky brightness data. https://globeatnight.org/gan-mn/. Station registry: http://globeatnight-network.org/,"GaN-MN station UO (Utanå Observatory, Väddö, Sweden); photometric inflection method; night median MSAS=19.73; MSAS at inflection=19.47; depression=11.90°; smoothing=5-pt median; dark rows=36"
fajr,2022-05-05,01:52,2,59.9167,18.8333,5.0,Globe at Night Monitoring Network (GaN-MN). Continuous SQM-LE sky brightness data. https://globeatnight.org/gan-mn/. Station registry: http://globeatnight-network.org/,"GaN-MN station UO (Utanå Observatory, Väddö, Sweden); photometric inflection method; night median MSAS=19.73; MSAS at inflection=20.07; depression=12.57°; smoothing=5-pt median; dark rows=36"
fajr,2022-05-07,02:34,2,59.9167,18.8333,5.0,Globe at Night Monitoring Network (GaN-MN). Continuous SQM-LE sky brightness data. https://globeatnight.org/gan-mn/. Station registry: http://globeatnight-network.org/,"GaN-MN station UO (Utanå Observatory, Väddö, Sweden); photometric inflection method; night median MSAS=20.30; MSAS at inflection=17.91; depression=10.00°; smoothing=5-pt median; dark rows=27"
fajr,2022-05-08,01:07,2,59.9167,18.8333,5.0,Globe at Night Monitoring Network (GaN-MN). Continuous SQM-LE sky brightness data. https://globeatnight.org/gan-mn/. Station registry: http://globeatnight-network.org/,"GaN-MN station UO (Utanå Observatory, Väddö, Sweden); photometric inflection method; night median MSAS=19.50; MSAS at inflection=19.85; depression=12.89°; smoothing=5-pt median; dark rows=43"
isha,2022-05-10,00:42,2,59.9167,18.8333,5.0,Globe at Night Monitoring Network (GaN-MN). Continuous SQM-LE sky brightness data. https://globeatnight.org/gan-mn/. Station registry: http://globeatnight-network.org/,"GaN-MN station UO (Utanå Observatory, Väddö, Sweden); photometric inflection method; night median MSAS=19.40; MSAS at inflection=19.71; depression=12.54°; smoothing=5-pt median; dark rows=39"
fajr,2022-05-10,02:22,2,59.9167,18.8333,5.0,Globe at Night Monitoring Network (GaN-MN). Continuous SQM-LE sky brightness data. https://globeatnight.org/gan-mn/. Station registry: http://globeatnight-network.org/,"GaN-MN station UO (Utanå Observatory, Väddö, Sweden); photometric inflection method; night median MSAS=19.40; MSAS at inflection=17.77; depression=9.86°; smoothing=5-pt median; dark rows=39"
fajr,2022-05-11,00:49,2,59.9167,18.8333,5.0,Globe at Night Monitoring Network (GaN-MN). Continuous SQM-LE sky brightness data. https://globeatnight.org/gan-mn/. Station registry: http://globeatnight-network.org/,"GaN-MN station UO (Utanå Observatory, Väddö, Sweden); photometric inflection method; night median MSAS=18.84; MSAS at inflection=18.64; depression=12.26°; smoothing=5-pt median; dark rows=37"
isha,2022-05-12,23:57,2,59.9167,18.8333,5.0,Globe at Night Monitoring Network (GaN-MN). Continuous SQM-LE sky brightness data. https://globeatnight.org/gan-mn/. Station registry: http://globeatnight-network.org/,"GaN-MN station UO (Utanå Observatory, Väddö, Sweden); photometric inflection method; night median MSAS=18.78; MSAS at inflection=18.69; depression=11.27°; smoothing=5-pt median; dark rows=27"
isha,2022-05-15,23:36,2,59.9167,18.8333,5.0,Globe at Night Monitoring Network (GaN-MN). Continuous SQM-LE sky brightness data. https://globeatnight.org/gan-mn/. Station registry: http://globeatnight-network.org/,"GaN-MN station UO (Utanå Observatory, Väddö, Sweden); photometric inflection method; night median MSAS=18.09; MSAS at inflection=17.51; depression=9.96°; smoothing=5-pt median; dark rows=25"
fajr,2022-05-16,01:31,2,59.9167,18.8333,5.0,Globe at Night Monitoring Network (GaN-MN). Continuous SQM-LE sky brightness data. https://globeatnight.org/gan-mn/. Station registry: http://globeatnight-network.org/,"GaN-MN station UO (Utanå Observatory, Väddö, Sweden); photometric inflection method; night median MSAS=18.09; MSAS at inflection=17.86; depression=10.39°; smoothing=5-pt median; dark rows=25"
isha,2022-05-16,23:29,2,59.9167,18.8333,5.0,Globe at Night Monitoring Network (GaN-MN). Continuous SQM-LE sky brightness data. https://globeatnight.org/gan-mn/. Station registry: http://globeatnight-network.org/,"GaN-MN station UO (Utanå Observatory, Väddö, Sweden); photometric inflection method; night median MSAS=17.93; MSAS at inflection=17.22; depression=9.48°; smoothing=5-pt median; dark rows=22"
isha,2022-05-01,03:27,2,52.2125,4.5344,2.0,Globe at Night Monitoring Network (GaN-MN). Continuous SQM-LE sky brightness data. https://globeatnight.org/gan-mn/. Station registry: http://globeatnight-network.org/,"GaN-MN station Wad (Warmond, Netherlands); photometric inflection method; night median MSAS=19.21; MSAS at inflection=19.21; depression=18.79°; smoothing=5-pt median; dark rows=357"
fajr,2022-05-03,04:11,2,52.2125,4.5344,2.0,Globe at Night Monitoring Network (GaN-MN). Continuous SQM-LE sky brightness data. https://globeatnight.org/gan-mn/. Station registry: http://globeatnight-network.org/,"GaN-MN station Wad (Warmond, Netherlands); photometric inflection method; night median MSAS=19.11; MSAS at inflection=17.81; depression=14.56°; smoothing=5-pt median; dark rows=781"
fajr,2022-05-04,01:45,2,52.2125,4.5344,2.0,Globe at Night Monitoring Network (GaN-MN). Continuous SQM-LE sky brightness data. https://globeatnight.org/gan-mn/. Station registry: http://globeatnight-network.org/,"GaN-MN station Wad (Warmond, Netherlands); photometric inflection method; night median MSAS=17.84; MSAS at inflection=17.87; depression=21.88°; smoothing=5-pt median; dark rows=771"
fajr,2022-05-10,03:58,2,52.2125,4.5344,2.0,Globe at Night Monitoring Network (GaN-MN). Continuous SQM-LE sky brightness data. https://globeatnight.org/gan-mn/. Station registry: http://globeatnight-network.org/,"GaN-MN station Wad (Warmond, Netherlands); photometric inflection method; night median MSAS=17.95; MSAS at inflection=17.46; depression=13.85°; smoothing=5-pt median; dark rows=717"
fajr,2022-05-12,04:18,2,52.2125,4.5344,2.0,Globe at Night Monitoring Network (GaN-MN). Continuous SQM-LE sky brightness data. https://globeatnight.org/gan-mn/. Station registry: http://globeatnight-network.org/,"GaN-MN station Wad (Warmond, Netherlands); photometric inflection method; night median MSAS=18.74; MSAS at inflection=18.55; depression=11.60°; smoothing=5-pt median; dark rows=699"
isha,2022-05-14,01:40,2,52.2125,4.5344,2.0,Globe at Night Monitoring Network (GaN-MN). Continuous SQM-LE sky brightness data. https://globeatnight.org/gan-mn/. Station registry: http://globeatnight-network.org/,"GaN-MN station Wad (Warmond, Netherlands); photometric inflection method; night median MSAS=18.27; MSAS at inflection=18.35; depression=19.22°; smoothing=5-pt median; dark rows=680"
fajr,2022-05-14,03:09,2,52.2125,4.5344,2.0,Globe at Night Monitoring Network (GaN-MN). Continuous SQM-LE sky brightness data. https://globeatnight.org/gan-mn/. Station registry: http://globeatnight-network.org/,"GaN-MN station Wad (Warmond, Netherlands); photometric inflection method; night median MSAS=18.27; MSAS at inflection=18.18; depression=16.49°; smoothing=5-pt median; dark rows=680"
isha,2022-05-15,01:35,2,52.2125,4.5344,2.0,Globe at Night Monitoring Network (GaN-MN). Continuous SQM-LE sky brightness data. https://globeatnight.org/gan-mn/. Station registry: http://globeatnight-network.org/,"GaN-MN station Wad (Warmond, Netherlands); photometric inflection method; night median MSAS=18.19; MSAS at inflection=18.18; depression=18.98°; smoothing=5-pt median; dark rows=672"
fajr,2022-05-15,01:35,2,52.2125,4.5344,2.0,Globe at Night Monitoring Network (GaN-MN). Continuous SQM-LE sky brightness data. https://globeatnight.org/gan-mn/. Station registry: http://globeatnight-network.org/,"GaN-MN station Wad (Warmond, Netherlands); photometric inflection method; night median MSAS=18.19; MSAS at inflection=18.18; depression=18.98°; smoothing=5-pt median; dark rows=672"
fajr,2022-05-16,02:18,2,52.2125,4.5344,2.0,Globe at Night Monitoring Network (GaN-MN). Continuous SQM-LE sky brightness data. https://globeatnight.org/gan-mn/. Station registry: http://globeatnight-network.org/,"GaN-MN station Wad (Warmond, Netherlands); photometric inflection method; night median MSAS=17.57; MSAS at inflection=17.58; depression=18.20°; smoothing=5-pt median; dark rows=663"
isha,2022-05-19,01:47,2,52.2125,4.5344,2.0,Globe at Night Monitoring Network (GaN-MN). Continuous SQM-LE sky brightness data. https://globeatnight.org/gan-mn/. Station registry: http://globeatnight-network.org/,"GaN-MN station Wad (Warmond, Netherlands); photometric inflection method; night median MSAS=18.26; MSAS at inflection=18.30; depression=18.05°; smoothing=5-pt median; dark rows=639"
fajr,2022-05-19,04:05,2,52.2125,4.5344,2.0,Globe at Night Monitoring Network (GaN-MN). Continuous SQM-LE sky brightness data. https://globeatnight.org/gan-mn/. Station registry: http://globeatnight-network.org/,"GaN-MN station Wad (Warmond, Netherlands); photometric inflection method; night median MSAS=18.26; MSAS at inflection=16.72; depression=11.21°; smoothing=5-pt median; dark rows=639"
fajr,2022-05-20,04:10,2,52.2125,4.5344,2.0,Globe at Night Monitoring Network (GaN-MN). Continuous SQM-LE sky brightness data. https://globeatnight.org/gan-mn/. Station registry: http://globeatnight-network.org/,"GaN-MN station Wad (Warmond, Netherlands); photometric inflection method; night median MSAS=18.79; MSAS at inflection=17.57; depression=10.58°; smoothing=5-pt median; dark rows=631"
isha,2022-05-29,01:41,2,52.2125,4.5344,2.0,Globe at Night Monitoring Network (GaN-MN). Continuous SQM-LE sky brightness data. https://globeatnight.org/gan-mn/. Station registry: http://globeatnight-network.org/,"GaN-MN station Wad (Warmond, Netherlands); photometric inflection method; night median MSAS=17.72; MSAS at inflection=17.60; depression=16.21°; smoothing=5-pt median; dark rows=563"
fajr,2022-05-29,01:42,2,52.2125,4.5344,2.0,Globe at Night Monitoring Network (GaN-MN). Continuous SQM-LE sky brightness data. https://globeatnight.org/gan-mn/. Station registry: http://globeatnight-network.org/,"GaN-MN station Wad (Warmond, Netherlands); photometric inflection method; night median MSAS=17.72; MSAS at inflection=17.60; depression=16.21°; smoothing=5-pt median; dark rows=563"
fajr,2022-05-30,01:40,2,52.2125,4.5344,2.0,Globe at Night Monitoring Network (GaN-MN). Continuous SQM-LE sky brightness data. https://globeatnight.org/gan-mn/. Station registry: http://globeatnight-network.org/,"GaN-MN station Wad (Warmond, Netherlands); photometric inflection method; night median MSAS=18.44; MSAS at inflection=18.05; depression=16.06°; smoothing=5-pt median; dark rows=557"
isha,2022-05-01,20:36,9,36.6673,129.1133,200.0,Globe at Night Monitoring Network (GaN-MN). Continuous SQM-LE sky brightness data. https://globeatnight.org/gan-mn/. Station registry: http://globeatnight-network.org/,"GaN-MN station YFAO (Yeongyang, Korea); photometric inflection method; night median MSAS=21.26; MSAS at inflection=20.96; depression=16.04°; smoothing=5-pt median; dark rows=1035"
fajr,2022-05-17,03:46,9,36.6673,129.1133,200.0,Globe at Night Monitoring Network (GaN-MN). Continuous SQM-LE sky brightness data. https://globeatnight.org/gan-mn/. Station registry: http://globeatnight-network.org/,"GaN-MN station YFAO (Yeongyang, Korea); photometric inflection method; night median MSAS=18.09; MSAS at inflection=18.48; depression=15.86°; smoothing=5-pt median; dark rows=972"
fajr,2022-05-19,04:12,9,36.6673,129.1133,200.0,Globe at Night Monitoring Network (GaN-MN). Continuous SQM-LE sky brightness data. https://globeatnight.org/gan-mn/. Station registry: http://globeatnight-network.org/,"GaN-MN station YFAO (Yeongyang, Korea); photometric inflection method; night median MSAS=19.03; MSAS at inflection=18.16; depression=11.40°; smoothing=5-pt median; dark rows=964"
fajr,2022-05-04,03:35,2,49.0167,13.2333,590.0,Globe at Night Monitoring Network (GaN-MN). Continuous SQM-LE sky brightness data. https://globeatnight.org/gan-mn/. Station registry: http://globeatnight-network.org/,"GaN-MN station Zwi (Zwiesel, Germany); photometric inflection method; night median MSAS=20.03; MSAS at inflection=19.93; depression=16.90°; smoothing=5-pt median; dark rows=847"
fajr,2022-05-07,03:00,2,49.0167,13.2333,590.0,Globe at Night Monitoring Network (GaN-MN). Continuous SQM-LE sky brightness data. https://globeatnight.org/gan-mn/. Station registry: http://globeatnight-network.org/,"GaN-MN station Zwi (Zwiesel, Germany); photometric inflection method; night median MSAS=19.07; MSAS at inflection=19.18; depression=19.33°; smoothing=5-pt median; dark rows=824"
isha,2022-05-13,22:02,2,49.0167,13.2333,590.0,Globe at Night Monitoring Network (GaN-MN). Continuous SQM-LE sky brightness data. https://globeatnight.org/gan-mn/. Station registry: http://globeatnight-network.org/,"GaN-MN station Zwi (Zwiesel, Germany); photometric inflection method; night median MSAS=19.15; MSAS at inflection=18.39; depression=11.44°; smoothing=5-pt median; dark rows=772"
fajr,2022-05-14,01:55,2,49.0167,13.2333,590.0,Globe at Night Monitoring Network (GaN-MN). Continuous SQM-LE sky brightness data. https://globeatnight.org/gan-mn/. Station registry: http://globeatnight-network.org/,"GaN-MN station Zwi (Zwiesel, Germany); photometric inflection method; night median MSAS=19.15; MSAS at inflection=19.39; depression=21.42°; smoothing=5-pt median; dark rows=772"
isha,2022-05-17,01:03,2,49.0167,13.2333,590.0,Globe at Night Monitoring Network (GaN-MN). Continuous SQM-LE sky brightness data. https://globeatnight.org/gan-mn/. Station registry: http://globeatnight-network.org/,"GaN-MN station Zwi (Zwiesel, Germany); photometric inflection method; night median MSAS=18.00; MSAS at inflection=18.10; depression=21.72°; smoothing=5-pt median; dark rows=751"
fajr,2022-05-17,01:04,2,49.0167,13.2333,590.0,Globe at Night Monitoring Network (GaN-MN). Continuous SQM-LE sky brightness data. https://globeatnight.org/gan-mn/. Station registry: http://globeatnight-network.org/,"GaN-MN station Zwi (Zwiesel, Germany); photometric inflection method; night median MSAS=18.00; MSAS at inflection=18.15; depression=21.72°; smoothing=5-pt median; dark rows=751"
isha,2022-05-24,00:05,2,49.0167,13.2333,590.0,Globe at Night Monitoring Network (GaN-MN). Continuous SQM-LE sky brightness data. https://globeatnight.org/gan-mn/. Station registry: http://globeatnight-network.org/,"GaN-MN station Zwi (Zwiesel, Germany); photometric inflection method; night median MSAS=19.30; MSAS at inflection=19.33; depression=19.06°; smoothing=5-pt median; dark rows=316"
fajr,2022-05-24,03:20,2,49.0167,13.2333,590.0,Globe at Night Monitoring Network (GaN-MN). Continuous SQM-LE sky brightness data. https://globeatnight.org/gan-mn/. Station registry: http://globeatnight-network.org/,"GaN-MN station Zwi (Zwiesel, Germany); photometric inflection method; night median MSAS=19.30; MSAS at inflection=19.35; depression=13.89°; smoothing=5-pt median; dark rows=316"
fajr,2022-05-26,01:00,2,49.0167,13.2333,590.0,Globe at Night Monitoring Network (GaN-MN). Continuous SQM-LE sky brightness data. https://globeatnight.org/gan-mn/. Station registry: http://globeatnight-network.org/,"GaN-MN station Zwi (Zwiesel, Germany); photometric inflection method; night median MSAS=19.99; MSAS at inflection=19.05; depression=19.90°; smoothing=5-pt median; dark rows=693"
fajr,2022-05-30,01:02,2,49.0167,13.2333,590.0,Globe at Night Monitoring Network (GaN-MN). Continuous SQM-LE sky brightness data. https://globeatnight.org/gan-mn/. Station registry: http://globeatnight-network.org/,"GaN-MN station Zwi (Zwiesel, Germany); photometric inflection method; night median MSAS=19.70; MSAS at inflection=19.55; depression=19.25°; smoothing=5-pt median; dark rows=671"
isha,2022-05-30,23:17,2,49.0167,13.2333,590.0,Globe at Night Monitoring Network (GaN-MN). Continuous SQM-LE sky brightness data. https://globeatnight.org/gan-mn/. Station registry: http://globeatnight-network.org/,"GaN-MN station Zwi (Zwiesel, Germany); photometric inflection method; night median MSAS=20.94; MSAS at inflection=20.92; depression=15.23°; smoothing=5-pt median; dark rows=666"
