prayer,date_local,time_local,utc_offset,lat,lng,elevation_m,source,notes
fajr,2025-06-20,07:25,-3,-34.6037,-58.3816,25.0,Globe at Night Monitoring Network (GaN-MN). Continuous SQM-LE sky brightness data. https://globeatnight.org/gan-mn/. Station registry: http://globeatnight-network.org/,"GaN-MN station AHO (Almendra HackLab, Buenos Aires, Argentina); photometric inflection method; night median MSAS=17.56; MSAS at inflection=15.09; depression=7.17°; smoothing=5-pt median; dark rows=1504"
fajr,2025-06-24,07:24,-3,-34.6037,-58.3816,25.0,Globe at Night Monitoring Network (GaN-MN). Continuous SQM-LE sky brightness data. https://globeatnight.org/gan-mn/. Station registry: http://globeatnight-network.org/,"GaN-MN station AHO (Almendra HackLab, Buenos Aires, Argentina); photometric inflection method; night median MSAS=17.51; MSAS at inflection=15.35; depression=7.52°; smoothing=5-pt median; dark rows=1504"
isha,2025-06-02,19:46,8,22.3755,114.2707,10.0,Globe at Night Monitoring Network (GaN-MN). Continuous SQM-LE sky brightness data. https://globeatnight.org/gan-mn/. Station registry: http://globeatnight-network.org/,"GaN-MN station AP (Hong Kong Astropark, Sai Kung); photometric inflection method; night median MSAS=18.49; MSAS at inflection=17.18; depression=9.62°; smoothing=5-pt median; dark rows=1089"
fajr,2025-06-03,04:08,8,22.3755,114.2707,10.0,Globe at Night Monitoring Network (GaN-MN). Continuous SQM-LE sky brightness data. https://globeatnight.org/gan-mn/. Station registry: http://globeatnight-network.org/,"GaN-MN station AP (Hong Kong Astropark, Sai Kung); photometric inflection method; night median MSAS=18.49; MSAS at inflection=18.74; depression=18.88°; smoothing=5-pt median; dark rows=1089"
fajr,2025-06-09,03:59,8,22.3755,114.2707,10.0,Globe at Night Monitoring Network (GaN-MN). Continuous SQM-LE sky brightness data. https://globeatnight.org/gan-mn/. Station registry: http://globeatnight-network.org/,"GaN-MN station AP (Hong Kong Astropark, Sai Kung); photometric inflection method; night median MSAS=18.34; MSAS at inflection=19.68; depression=20.33°; smoothing=5-pt median; dark rows=1085"
fajr,2025-06-11,04:28,8,22.3755,114.2707,10.0,Globe at Night Monitoring Network (GaN-MN). Continuous SQM-LE sky brightness data. https://globeatnight.org/gan-mn/. Station registry: http://globeatnight-network.org/,"GaN-MN station AP (Hong Kong Astropark, Sai Kung); photometric inflection method; night median MSAS=18.07; MSAS at inflection=19.39; depression=14.84°; smoothing=5-pt median; dark rows=1084"
isha,2025-06-11,20:39,8,22.3755,114.2707,10.0,Globe at Night Monitoring Network (GaN-MN). Continuous SQM-LE sky brightness data. https://globeatnight.org/gan-mn/. Station registry: http://globeatnight-network.org/,"GaN-MN station AP (Hong Kong Astropark, Sai Kung); photometric inflection method; night median MSAS=17.81; MSAS at inflection=18.22; depression=19.23°; smoothing=5-pt median; dark rows=1083"
fajr,2025-06-13,04:30,8,22.3755,114.2707,10.0,Globe at Night Monitoring Network (GaN-MN). Continuous SQM-LE sky brightness data. https://globeatnight.org/gan-mn/. Station registry: http://globeatnight-network.org/,"GaN-MN station AP (Hong Kong Astropark, Sai Kung); photometric inflection method; night median MSAS=17.83; MSAS at inflection=19.38; depression=14.46°; smoothing=5-pt median; dark rows=1082"
fajr,2025-06-16,04:25,8,22.3755,114.2707,10.0,Globe at Night Monitoring Network (GaN-MN). Continuous SQM-LE sky brightness data. https://globeatnight.org/gan-mn/. Station registry: http://globeatnight-network.org/,"GaN-MN station AP (Hong Kong Astropark, Sai Kung); photometric inflection method; night median MSAS=18.83; MSAS at inflection=17.90; depression=15.57°; smoothing=5-pt median; dark rows=1081"
fajr,2025-06-17,03:56,8,22.3755,114.2707,10.0,Globe at Night Monitoring Network (GaN-MN). Continuous SQM-LE sky brightness data. https://globeatnight.org/gan-mn/. Station registry: http://globeatnight-network.org/,"GaN-MN station AP (Hong Kong Astropark, Sai Kung); photometric inflection method; night median MSAS=18.04; MSAS at inflection=18.32; depression=20.97°; smoothing=5-pt median; dark rows=1080"
isha,2025-06-18,20:09,8,22.3755,114.2707,10.0,Globe at Night Monitoring Network (GaN-MN). Continuous SQM-LE sky brightness data. https://globeatnight.org/gan-mn/. Station registry: http://globeatnight-network.org/,"GaN-MN station AP (Hong Kong Astropark, Sai Kung); photometric inflection method; night median MSAS=18.64; MSAS at inflection=19.19; depression=13.05°; smoothing=5-pt median; dark rows=1080"
fajr,2025-06-23,04:58,8,22.3755,114.2707,10.0,Globe at Night Monitoring Network (GaN-MN). Continuous SQM-LE sky brightness data. https://globeatnight.org/gan-mn/. Station registry: http://globeatnight-network.org/,"GaN-MN station AP (Hong Kong Astropark, Sai Kung); photometric inflection method; night median MSAS=19.34; MSAS at inflection=17.69; depression=9.28°; smoothing=5-pt median; dark rows=1080"
fajr,2025-06-24,04:14,8,22.3755,114.2707,10.0,Globe at Night Monitoring Network (GaN-MN). Continuous SQM-LE sky brightness data. https://globeatnight.org/gan-mn/. Station registry: http://globeatnight-network.org/,"GaN-MN station AP (Hong Kong Astropark, Sai Kung); photometric inflection method; night median MSAS=19.75; MSAS at inflection=19.76; depression=17.92°; smoothing=5-pt median; dark rows=1079"
fajr,2025-06-25,04:00,8,22.3755,114.2707,10.0,Globe at Night Monitoring Network (GaN-MN). Continuous SQM-LE sky brightness data. https://globeatnight.org/gan-mn/. Station registry: http://globeatnight-network.org/,"GaN-MN station AP (Hong Kong Astropark, Sai Kung); photometric inflection method; night median MSAS=19.66; MSAS at inflection=20.30; depression=20.52°; smoothing=5-pt median; dark rows=1080"
fajr,2025-06-26,04:47,8,22.3755,114.2707,10.0,Globe at Night Monitoring Network (GaN-MN). Continuous SQM-LE sky brightness data. https://globeatnight.org/gan-mn/. Station registry: http://globeatnight-network.org/,"GaN-MN station AP (Hong Kong Astropark, Sai Kung); photometric inflection method; night median MSAS=19.83; MSAS at inflection=19.61; depression=11.63°; smoothing=5-pt median; dark rows=1080"
fajr,2025-06-28,04:34,8,22.3755,114.2707,10.0,Globe at Night Monitoring Network (GaN-MN). Continuous SQM-LE sky brightness data. https://globeatnight.org/gan-mn/. Station registry: http://globeatnight-network.org/,"GaN-MN station AP (Hong Kong Astropark, Sai Kung); photometric inflection method; night median MSAS=17.96; MSAS at inflection=18.28; depression=14.28°; smoothing=5-pt median; dark rows=1081"
isha,2025-06-04,01:32,2,51.1953,6.4578,80.0,Globe at Night Monitoring Network (GaN-MN). Continuous SQM-LE sky brightness data. https://globeatnight.org/gan-mn/. Station registry: http://globeatnight-network.org/,"GaN-MN station BO (Bettrath Observatory, Mönchengladbach, Germany); photometric inflection method; night median MSAS=18.81; MSAS at inflection=18.78; depression=16.37°; smoothing=5-pt median; dark rows=233"
fajr,2025-06-04,02:01,2,51.1953,6.4578,80.0,Globe at Night Monitoring Network (GaN-MN). Continuous SQM-LE sky brightness data. https://globeatnight.org/gan-mn/. Station registry: http://globeatnight-network.org/,"GaN-MN station BO (Bettrath Observatory, Mönchengladbach, Germany); photometric inflection method; night median MSAS=18.81; MSAS at inflection=19.65; depression=16.10°; smoothing=5-pt median; dark rows=233"
isha,2025-06-05,01:32,2,51.1953,6.4578,80.0,Globe at Night Monitoring Network (GaN-MN). Continuous SQM-LE sky brightness data. https://globeatnight.org/gan-mn/. Station registry: http://globeatnight-network.org/,"GaN-MN station BO (Bettrath Observatory, Mönchengladbach, Germany); photometric inflection method; night median MSAS=19.50; MSAS at inflection=19.35; depression=16.26°; smoothing=5-pt median; dark rows=230"
fajr,2025-06-05,01:38,2,51.1953,6.4578,80.0,Globe at Night Monitoring Network (GaN-MN). Continuous SQM-LE sky brightness data. https://globeatnight.org/gan-mn/. Station registry: http://globeatnight-network.org/,"GaN-MN station BO (Bettrath Observatory, Mönchengladbach, Germany); photometric inflection method; night median MSAS=19.50; MSAS at inflection=19.59; depression=16.25°; smoothing=5-pt median; dark rows=230"
isha,2025-06-05,23:51,2,51.1953,6.4578,80.0,Globe at Night Monitoring Network (GaN-MN). Continuous SQM-LE sky brightness data. https://globeatnight.org/gan-mn/. Station registry: http://globeatnight-network.org/,"GaN-MN station BO (Bettrath Observatory, Mönchengladbach, Germany); photometric inflection method; night median MSAS=18.19; MSAS at inflection=17.84; depression=12.85°; smoothing=5-pt median; dark rows=228"
fajr,2025-06-06,03:26,2,51.1953,6.4578,80.0,Globe at Night Monitoring Network (GaN-MN). Continuous SQM-LE sky brightness data. https://globeatnight.org/gan-mn/. Station registry: http://globeatnight-network.org/,"GaN-MN station BO (Bettrath Observatory, Mönchengladbach, Germany); photometric inflection method; night median MSAS=18.19; MSAS at inflection=18.23; depression=12.05°; smoothing=5-pt median; dark rows=228"
isha,2025-06-06,23:41,2,51.1953,6.4578,80.0,Globe at Night Monitoring Network (GaN-MN). Continuous SQM-LE sky brightness data. https://globeatnight.org/gan-mn/. Station registry: http://globeatnight-network.org/,"GaN-MN station BO (Bettrath Observatory, Mönchengladbach, Germany); photometric inflection method; night median MSAS=18.85; MSAS at inflection=17.95; depression=12.09°; smoothing=5-pt median; dark rows=225"
fajr,2025-06-07,01:34,2,51.1953,6.4578,80.0,Globe at Night Monitoring Network (GaN-MN). Continuous SQM-LE sky brightness data. https://globeatnight.org/gan-mn/. Station registry: http://globeatnight-network.org/,"GaN-MN station BO (Bettrath Observatory, Mönchengladbach, Germany); photometric inflection method; night median MSAS=18.85; MSAS at inflection=18.76; depression=16.05°; smoothing=5-pt median; dark rows=225"
isha,2025-06-07,23:44,2,51.1953,6.4578,80.0,Globe at Night Monitoring Network (GaN-MN). Continuous SQM-LE sky brightness data. https://globeatnight.org/gan-mn/. Station registry: http://globeatnight-network.org/,"GaN-MN station BO (Bettrath Observatory, Mönchengladbach, Germany); photometric inflection method; night median MSAS=17.93; MSAS at inflection=17.72; depression=12.19°; smoothing=5-pt median; dark rows=222"
fajr,2025-06-08,01:34,2,51.1953,6.4578,80.0,Globe at Night Monitoring Network (GaN-MN). Continuous SQM-LE sky brightness data. https://globeatnight.org/gan-mn/. Station registry: http://globeatnight-network.org/,"GaN-MN station BO (Bettrath Observatory, Mönchengladbach, Germany); photometric inflection method; night median MSAS=17.93; MSAS at inflection=18.13; depression=15.96°; smoothing=5-pt median; dark rows=222"
fajr,2025-06-09,03:22,2,51.1953,6.4578,80.0,Globe at Night Monitoring Network (GaN-MN). Continuous SQM-LE sky brightness data. https://globeatnight.org/gan-mn/. Station registry: http://globeatnight-network.org/,"GaN-MN station BO (Bettrath Observatory, Mönchengladbach, Germany); photometric inflection method; night median MSAS=19.34; MSAS at inflection=19.54; depression=12.09°; smoothing=5-pt median; dark rows=219"
isha,2025-06-10,01:33,2,51.1953,6.4578,80.0,Globe at Night Monitoring Network (GaN-MN). Continuous SQM-LE sky brightness data. https://globeatnight.org/gan-mn/. Station registry: http://globeatnight-network.org/,"GaN-MN station BO (Bettrath Observatory, Mönchengladbach, Germany); photometric inflection method; night median MSAS=18.82; MSAS at inflection=19.04; depression=15.79°; smoothing=5-pt median; dark rows=217"
fajr,2025-06-10,03:09,2,51.1953,6.4578,80.0,Globe at Night Monitoring Network (GaN-MN). Continuous SQM-LE sky brightness data. https://globeatnight.org/gan-mn/. Station registry: http://globeatnight-network.org/,"GaN-MN station BO (Bettrath Observatory, Mönchengladbach, Germany); photometric inflection method; night median MSAS=18.82; MSAS at inflection=19.25; depression=12.85°; smoothing=5-pt median; dark rows=217"
isha,2025-06-10,23:46,2,51.1953,6.4578,80.0,Globe at Night Monitoring Network (GaN-MN). Continuous SQM-LE sky brightness data. https://globeatnight.org/gan-mn/. Station registry: http://globeatnight-network.org/,"GaN-MN station BO (Bettrath Observatory, Mönchengladbach, Germany); photometric inflection method; night median MSAS=19.47; MSAS at inflection=19.24; depression=12.06°; smoothing=5-pt median; dark rows=216"
fajr,2025-06-11,03:21,2,51.1953,6.4578,80.0,Globe at Night Monitoring Network (GaN-MN). Continuous SQM-LE sky brightness data. https://globeatnight.org/gan-mn/. Station registry: http://globeatnight-network.org/,"GaN-MN station BO (Bettrath Observatory, Mönchengladbach, Germany); photometric inflection method; night median MSAS=19.47; MSAS at inflection=19.38; depression=12.03°; smoothing=5-pt median; dark rows=216"
isha,2025-06-16,23:52,2,51.1953,6.4578,80.0,Globe at Night Monitoring Network (GaN-MN). Continuous SQM-LE sky brightness data. https://globeatnight.org/gan-mn/. Station registry: http://globeatnight-network.org/,"GaN-MN station BO (Bettrath Observatory, Mönchengladbach, Germany); photometric inflection method; night median MSAS=20.20; MSAS at inflection=19.88; depression=12.07°; smoothing=5-pt median; dark rows=188"
fajr,2025-06-17,01:35,2,51.1953,6.4578,80.0,Globe at Night Monitoring Network (GaN-MN). Continuous SQM-LE sky brightness data. https://globeatnight.org/gan-mn/. Station registry: http://globeatnight-network.org/,"GaN-MN station BO (Bettrath Observatory, Mönchengladbach, Germany); photometric inflection method; night median MSAS=20.20; MSAS at inflection=20.31; depression=15.43°; smoothing=5-pt median; dark rows=188"
isha,2025-06-18,00:11,2,51.1953,6.4578,80.0,Globe at Night Monitoring Network (GaN-MN). Continuous SQM-LE sky brightness data. https://globeatnight.org/gan-mn/. Station registry: http://globeatnight-network.org/,"GaN-MN station BO (Bettrath Observatory, Mönchengladbach, Germany); photometric inflection method; night median MSAS=20.16; MSAS at inflection=19.99; depression=13.15°; smoothing=5-pt median; dark rows=207"
fajr,2025-06-18,01:40,2,51.1953,6.4578,80.0,Globe at Night Monitoring Network (GaN-MN). Continuous SQM-LE sky brightness data. https://globeatnight.org/gan-mn/. Station registry: http://globeatnight-network.org/,"GaN-MN station BO (Bettrath Observatory, Mönchengladbach, Germany); photometric inflection method; night median MSAS=20.16; MSAS at inflection=20.28; depression=15.39°; smoothing=5-pt median; dark rows=207"
fajr,2025-06-19,03:17,2,51.1953,6.4578,80.0,Globe at Night Monitoring Network (GaN-MN). Continuous SQM-LE sky brightness data. https://globeatnight.org/gan-mn/. Station registry: http://globeatnight-network.org/,"GaN-MN station BO (Bettrath Observatory, Mönchengladbach, Germany); photometric inflection method; night median MSAS=20.29; MSAS at inflection=19.79; depression=12.09°; smoothing=5-pt median; dark rows=203"
isha,2025-06-19,23:53,2,51.1953,6.4578,80.0,Globe at Night Monitoring Network (GaN-MN). Continuous SQM-LE sky brightness data. https://globeatnight.org/gan-mn/. Station registry: http://globeatnight-network.org/,"GaN-MN station BO (Bettrath Observatory, Mönchengladbach, Germany); photometric inflection method; night median MSAS=20.38; MSAS at inflection=19.81; depression=12.05°; smoothing=5-pt median; dark rows=205"
fajr,2025-06-20,03:16,2,51.1953,6.4578,80.0,Globe at Night Monitoring Network (GaN-MN). Continuous SQM-LE sky brightness data. https://globeatnight.org/gan-mn/. Station registry: http://globeatnight-network.org/,"GaN-MN station BO (Bettrath Observatory, Mönchengladbach, Germany); photometric inflection method; night median MSAS=20.38; MSAS at inflection=19.86; depression=12.14°; smoothing=5-pt median; dark rows=205"
fajr,2025-06-21,03:18,2,51.1953,6.4578,80.0,Globe at Night Monitoring Network (GaN-MN). Continuous SQM-LE sky brightness data. https://globeatnight.org/gan-mn/. Station registry: http://globeatnight-network.org/,"GaN-MN station BO (Bettrath Observatory, Mönchengladbach, Germany); photometric inflection method; night median MSAS=19.98; MSAS at inflection=19.83; depression=12.03°; smoothing=5-pt median; dark rows=205"
fajr,2025-06-22,01:49,2,51.1953,6.4578,80.0,Globe at Night Monitoring Network (GaN-MN). Continuous SQM-LE sky brightness data. https://globeatnight.org/gan-mn/. Station registry: http://globeatnight-network.org/,"GaN-MN station BO (Bettrath Observatory, Mönchengladbach, Germany); photometric inflection method; night median MSAS=20.30; MSAS at inflection=20.31; depression=15.31°; smoothing=5-pt median; dark rows=205"
isha,2025-06-23,01:36,2,51.1953,6.4578,80.0,Globe at Night Monitoring Network (GaN-MN). Continuous SQM-LE sky brightness data. https://globeatnight.org/gan-mn/. Station registry: http://globeatnight-network.org/,"GaN-MN station BO (Bettrath Observatory, Mönchengladbach, Germany); photometric inflection method; night median MSAS=18.88; MSAS at inflection=18.89; depression=15.38°; smoothing=5-pt median; dark rows=205"
fajr,2025-06-23,01:39,2,51.1953,6.4578,80.0,Globe at Night Monitoring Network (GaN-MN). Continuous SQM-LE sky brightness data. https://globeatnight.org/gan-mn/. Station registry: http://globeatnight-network.org/,"GaN-MN station BO (Bettrath Observatory, Mönchengladbach, Germany); photometric inflection method; night median MSAS=18.88; MSAS at inflection=19.06; depression=15.38°; smoothing=5-pt median; dark rows=205"
isha,2025-06-24,01:36,2,51.1953,6.4578,80.0,Globe at Night Monitoring Network (GaN-MN). Continuous SQM-LE sky brightness data. https://globeatnight.org/gan-mn/. Station registry: http://globeatnight-network.org/,"GaN-MN station BO (Bettrath Observatory, Mönchengladbach, Germany); photometric inflection method; night median MSAS=19.18; MSAS at inflection=19.08; depression=15.40°; smoothing=5-pt median; dark rows=206"
fajr,2025-06-24,01:54,2,51.1953,6.4578,80.0,Globe at Night Monitoring Network (GaN-MN). Continuous SQM-LE sky brightness data. https://globeatnight.org/gan-mn/. Station registry: http://globeatnight-network.org/,"GaN-MN station BO (Bettrath Observatory, Mönchengladbach, Germany); photometric inflection method; night median MSAS=19.18; MSAS at inflection=20.40; depression=15.29°; smoothing=5-pt median; dark rows=206"
fajr,2025-06-25,02:42,2,51.1953,6.4578,80.0,Globe at Night Monitoring Network (GaN-MN). Continuous SQM-LE sky brightness data. https://globeatnight.org/gan-mn/. Station registry: http://globeatnight-network.org/,"GaN-MN station BO (Bettrath Observatory, Mönchengladbach, Germany); photometric inflection method; night median MSAS=20.03; MSAS at inflection=20.22; depression=14.03°; smoothing=5-pt median; dark rows=207"
fajr,2025-06-15,04:29,9,35.8714,128.6014,55.0,Globe at Night Monitoring Network (GaN-MN). Continuous SQM-LE sky brightness data. https://globeatnight.org/gan-mn/. Station registry: http://globeatnight-network.org/,"GaN-MN station DNSM (Daegu National Science Museum, Korea); photometric inflection method; night median MSAS=17.60; MSAS at inflection=15.29; depression=7.56°; smoothing=5-pt median; dark rows=912"
fajr,2025-06-17,02:49,9,35.8714,128.6014,55.0,Globe at Night Monitoring Network (GaN-MN). Continuous SQM-LE sky brightness data. https://globeatnight.org/gan-mn/. Station registry: http://globeatnight-network.org/,"GaN-MN station DNSM (Daegu National Science Museum, Korea); photometric inflection method; night median MSAS=17.88; MSAS at inflection=16.67; depression=21.84°; smoothing=5-pt median; dark rows=911"
fajr,2025-06-23,04:23,9,35.8714,128.6014,55.0,Globe at Night Monitoring Network (GaN-MN). Continuous SQM-LE sky brightness data. https://globeatnight.org/gan-mn/. Station registry: http://globeatnight-network.org/,"GaN-MN station DNSM (Daegu National Science Museum, Korea); photometric inflection method; night median MSAS=18.66; MSAS at inflection=17.01; depression=8.65°; smoothing=5-pt median; dark rows=910"
isha,2025-06-23,20:30,9,35.8714,128.6014,55.0,Globe at Night Monitoring Network (GaN-MN). Continuous SQM-LE sky brightness data. https://globeatnight.org/gan-mn/. Station registry: http://globeatnight-network.org/,"GaN-MN station DNSM (Daegu National Science Museum, Korea); photometric inflection method; night median MSAS=18.46; MSAS at inflection=16.36; depression=8.42°; smoothing=5-pt median; dark rows=910"
fajr,2025-06-28,04:14,9,35.8714,128.6014,55.0,Globe at Night Monitoring Network (GaN-MN). Continuous SQM-LE sky brightness data. https://globeatnight.org/gan-mn/. Station registry: http://globeatnight-network.org/,"GaN-MN station DNSM (Daegu National Science Museum, Korea); photometric inflection method; night median MSAS=18.38; MSAS at inflection=17.77; depression=10.35°; smoothing=5-pt median; dark rows=912"
fajr,2025-07-01,03:16,9,35.8714,128.6014,55.0,Globe at Night Monitoring Network (GaN-MN). Continuous SQM-LE sky brightness data. https://globeatnight.org/gan-mn/. Station registry: http://globeatnight-network.org/,"GaN-MN station DNSM (Daegu National Science Museum, Korea); photometric inflection method; night median MSAS=18.81; MSAS at inflection=18.92; depression=19.06°; smoothing=5-pt median; dark rows=916"
isha,2025-06-01,23:45,2,45.6667,7.5167,1490.0,Globe at Night Monitoring Network (GaN-MN). Continuous SQM-LE sky brightness data. https://globeatnight.org/gan-mn/. Station registry: http://globeatnight-network.org/,"GaN-MN station Dal (Promiod, Aosta Valley, Italy); photometric inflection method; night median MSAS=20.41; MSAS at inflection=19.54; depression=18.24°; smoothing=5-pt median; dark rows=42"
fajr,2025-06-02,03:10,2,45.6667,7.5167,1490.0,Globe at Night Monitoring Network (GaN-MN). Continuous SQM-LE sky brightness data. https://globeatnight.org/gan-mn/. Station registry: http://globeatnight-network.org/,"GaN-MN station Dal (Promiod, Aosta Valley, Italy); photometric inflection method; night median MSAS=20.41; MSAS at inflection=20.71; depression=18.28°; smoothing=5-pt median; dark rows=42"
isha,2025-06-03,00:15,2,45.6667,7.5167,1490.0,Globe at Night Monitoring Network (GaN-MN). Continuous SQM-LE sky brightness data. https://globeatnight.org/gan-mn/. Station registry: http://globeatnight-network.org/,"GaN-MN station Dal (Promiod, Aosta Valley, Italy); photometric inflection method; night median MSAS=19.55; MSAS at inflection=19.43; depression=20.03°; smoothing=5-pt median; dark rows=42"
fajr,2025-06-03,03:10,2,45.6667,7.5167,1490.0,Globe at Night Monitoring Network (GaN-MN). Continuous SQM-LE sky brightness data. https://globeatnight.org/gan-mn/. Station registry: http://globeatnight-network.org/,"GaN-MN station Dal (Promiod, Aosta Valley, Italy); photometric inflection method; night median MSAS=19.55; MSAS at inflection=21.50; depression=18.17°; smoothing=5-pt median; dark rows=42"
isha,2025-06-04,01:25,2,45.6667,7.5167,1490.0,Globe at Night Monitoring Network (GaN-MN). Continuous SQM-LE sky brightness data. https://globeatnight.org/gan-mn/. Station registry: http://globeatnight-network.org/,"GaN-MN station Dal (Promiod, Aosta Valley, Italy); photometric inflection method; night median MSAS=19.85; MSAS at inflection=20.00; depression=21.90°; smoothing=5-pt median; dark rows=40"
fajr,2025-06-04,03:05,2,45.6667,7.5167,1490.0,Globe at Night Monitoring Network (GaN-MN). Continuous SQM-LE sky brightness data. https://globeatnight.org/gan-mn/. Station registry: http://globeatnight-network.org/,"GaN-MN station Dal (Promiod, Aosta Valley, Italy); photometric inflection method; night median MSAS=19.85; MSAS at inflection=20.12; depression=18.43°; smoothing=5-pt median; dark rows=40"
isha,2025-06-04,23:50,2,45.6667,7.5167,1490.0,Globe at Night Monitoring Network (GaN-MN). Continuous SQM-LE sky brightness data. https://globeatnight.org/gan-mn/. Station registry: http://globeatnight-network.org/,"GaN-MN station Dal (Promiod, Aosta Valley, Italy); photometric inflection method; night median MSAS=19.66; MSAS at inflection=19.06; depression=18.23°; smoothing=5-pt median; dark rows=40"
isha,2025-06-06,01:25,2,45.6667,7.5167,1490.0,Globe at Night Monitoring Network (GaN-MN). Continuous SQM-LE sky brightness data. https://globeatnight.org/gan-mn/. Station registry: http://globeatnight-network.org/,"GaN-MN station Dal (Promiod, Aosta Valley, Italy); photometric inflection method; night median MSAS=20.22; MSAS at inflection=20.20; depression=21.68°; smoothing=5-pt median; dark rows=40"
isha,2025-06-07,00:25,2,45.6667,7.5167,1490.0,Globe at Night Monitoring Network (GaN-MN). Continuous SQM-LE sky brightness data. https://globeatnight.org/gan-mn/. Station registry: http://globeatnight-network.org/,"GaN-MN station Dal (Promiod, Aosta Valley, Italy); photometric inflection method; night median MSAS=19.10; MSAS at inflection=18.81; depression=20.07°; smoothing=5-pt median; dark rows=39"
isha,2025-06-08,01:25,2,45.6667,7.5167,1490.0,Globe at Night Monitoring Network (GaN-MN). Continuous SQM-LE sky brightness data. https://globeatnight.org/gan-mn/. Station registry: http://globeatnight-network.org/,"GaN-MN station Dal (Promiod, Aosta Valley, Italy); photometric inflection method; night median MSAS=19.01; MSAS at inflection=18.98; depression=21.48°; smoothing=5-pt median; dark rows=38"
fajr,2025-06-08,03:00,2,45.6667,7.5167,1490.0,Globe at Night Monitoring Network (GaN-MN). Continuous SQM-LE sky brightness data. https://globeatnight.org/gan-mn/. Station registry: http://globeatnight-network.org/,"GaN-MN station Dal (Promiod, Aosta Valley, Italy); photometric inflection method; night median MSAS=19.01; MSAS at inflection=19.61; depression=18.42°; smoothing=5-pt median; dark rows=38"
isha,2025-06-09,01:25,2,45.6667,7.5167,1490.0,Globe at Night Monitoring Network (GaN-MN). Continuous SQM-LE sky brightness data. https://globeatnight.org/gan-mn/. Station registry: http://globeatnight-network.org/,"GaN-MN station Dal (Promiod, Aosta Valley, Italy); photometric inflection method; night median MSAS=18.81; MSAS at inflection=18.80; depression=21.40°; smoothing=5-pt median; dark rows=38"
isha,2025-06-10,01:30,2,45.6667,7.5167,1490.0,Globe at Night Monitoring Network (GaN-MN). Continuous SQM-LE sky brightness data. https://globeatnight.org/gan-mn/. Station registry: http://globeatnight-network.org/,"GaN-MN station Dal (Promiod, Aosta Valley, Italy); photometric inflection method; night median MSAS=18.78; MSAS at inflection=18.78; depression=21.32°; smoothing=5-pt median; dark rows=37"
isha,2025-06-11,00:00,2,45.6667,7.5167,1490.0,Globe at Night Monitoring Network (GaN-MN). Continuous SQM-LE sky brightness data. https://globeatnight.org/gan-mn/. Station registry: http://globeatnight-network.org/,"GaN-MN station Dal (Promiod, Aosta Valley, Italy); photometric inflection method; night median MSAS=18.88; MSAS at inflection=18.82; depression=18.31°; smoothing=5-pt median; dark rows=37"
fajr,2025-06-11,01:30,2,45.6667,7.5167,1490.0,Globe at Night Monitoring Network (GaN-MN). Continuous SQM-LE sky brightness data. https://globeatnight.org/gan-mn/. Station registry: http://globeatnight-network.org/,"GaN-MN station Dal (Promiod, Aosta Valley, Italy); photometric inflection method; night median MSAS=18.88; MSAS at inflection=18.99; depression=21.25°; smoothing=5-pt median; dark rows=37"
fajr,2025-06-13,02:05,2,45.6667,7.5167,1490.0,Globe at Night Monitoring Network (GaN-MN). Continuous SQM-LE sky brightness data. https://globeatnight.org/gan-mn/. Station registry: http://globeatnight-network.org/,"GaN-MN station Dal (Promiod, Aosta Valley, Italy); photometric inflection method; night median MSAS=19.36; MSAS at inflection=19.25; depression=20.66°; smoothing=5-pt median; dark rows=37"
fajr,2025-06-14,02:55,2,45.6667,7.5167,1490.0,Globe at Night Monitoring Network (GaN-MN). Continuous SQM-LE sky brightness data. https://globeatnight.org/gan-mn/. Station registry: http://globeatnight-network.org/,"GaN-MN station Dal (Promiod, Aosta Valley, Italy); photometric inflection method; night median MSAS=19.73; MSAS at inflection=19.15; depression=18.42°; smoothing=5-pt median; dark rows=36"
fajr,2025-06-15,02:55,2,45.6667,7.5167,1490.0,Globe at Night Monitoring Network (GaN-MN). Continuous SQM-LE sky brightness data. https://globeatnight.org/gan-mn/. Station registry: http://globeatnight-network.org/,"GaN-MN station Dal (Promiod, Aosta Valley, Italy); photometric inflection method; night median MSAS=20.30; MSAS at inflection=19.66; depression=18.39°; smoothing=5-pt median; dark rows=31"
fajr,2025-06-16,02:55,2,45.6667,7.5167,1490.0,Globe at Night Monitoring Network (GaN-MN). Continuous SQM-LE sky brightness data. https://globeatnight.org/gan-mn/. Station registry: http://globeatnight-network.org/,"GaN-MN station Dal (Promiod, Aosta Valley, Italy); photometric inflection method; night median MSAS=20.79; MSAS at inflection=20.21; depression=18.36°; smoothing=5-pt median; dark rows=34"
isha,2025-06-17,01:30,2,45.6667,7.5167,1490.0,Globe at Night Monitoring Network (GaN-MN). Continuous SQM-LE sky brightness data. https://globeatnight.org/gan-mn/. Station registry: http://globeatnight-network.org/,"GaN-MN station Dal (Promiod, Aosta Valley, Italy); photometric inflection method; night median MSAS=20.67; MSAS at inflection=20.88; depression=20.96°; smoothing=5-pt median; dark rows=34"
fajr,2025-06-17,02:20,2,45.6667,7.5167,1490.0,Globe at Night Monitoring Network (GaN-MN). Continuous SQM-LE sky brightness data. https://globeatnight.org/gan-mn/. Station registry: http://globeatnight-network.org/,"GaN-MN station Dal (Promiod, Aosta Valley, Italy); photometric inflection method; night median MSAS=20.67; MSAS at inflection=20.45; depression=20.05°; smoothing=5-pt median; dark rows=34"
fajr,2025-06-18,02:55,2,45.6667,7.5167,1490.0,Globe at Night Monitoring Network (GaN-MN). Continuous SQM-LE sky brightness data. https://globeatnight.org/gan-mn/. Station registry: http://globeatnight-network.org/,"GaN-MN station Dal (Promiod, Aosta Valley, Italy); photometric inflection method; night median MSAS=21.36; MSAS at inflection=20.70; depression=18.33°; smoothing=5-pt median; dark rows=35"
isha,2025-06-19,00:20,2,45.6667,7.5167,1490.0,Globe at Night Monitoring Network (GaN-MN). Continuous SQM-LE sky brightness data. https://globeatnight.org/gan-mn/. Station registry: http://globeatnight-network.org/,"GaN-MN station Dal (Promiod, Aosta Valley, Italy); photometric inflection method; night median MSAS=20.43; MSAS at inflection=20.65; depression=19.05°; smoothing=5-pt median; dark rows=35"
fajr,2025-06-19,02:55,2,45.6667,7.5167,1490.0,Globe at Night Monitoring Network (GaN-MN). Continuous SQM-LE sky brightness data. https://globeatnight.org/gan-mn/. Station registry: http://globeatnight-network.org/,"GaN-MN station Dal (Promiod, Aosta Valley, Italy); photometric inflection method; night median MSAS=20.43; MSAS at inflection=21.00; depression=18.33°; smoothing=5-pt median; dark rows=35"
isha,2025-06-20,01:30,2,45.6667,7.5167,1490.0,Globe at Night Monitoring Network (GaN-MN). Continuous SQM-LE sky brightness data. https://globeatnight.org/gan-mn/. Station registry: http://globeatnight-network.org/,"GaN-MN station Dal (Promiod, Aosta Valley, Italy); photometric inflection method; night median MSAS=21.48; MSAS at inflection=21.52; depression=20.90°; smoothing=5-pt median; dark rows=35"
fajr,2025-06-20,02:55,2,45.6667,7.5167,1490.0,Globe at Night Monitoring Network (GaN-MN). Continuous SQM-LE sky brightness data. https://globeatnight.org/gan-mn/. Station registry: http://globeatnight-network.org/,"GaN-MN station Dal (Promiod, Aosta Valley, Italy); photometric inflection method; night median MSAS=21.48; MSAS at inflection=21.22; depression=18.33°; smoothing=5-pt median; dark rows=35"
fajr,2025-06-21,02:55,2,45.6667,7.5167,1490.0,Globe at Night Monitoring Network (GaN-MN). Continuous SQM-LE sky brightness data. https://globeatnight.org/gan-mn/. Station registry: http://globeatnight-network.org/,"GaN-MN station Dal (Promiod, Aosta Valley, Italy); photometric inflection method; night median MSAS=21.50; MSAS at inflection=21.32; depression=18.35°; smoothing=5-pt median; dark rows=35"
isha,2025-06-22,00:50,2,45.6667,7.5167,1490.0,Globe at Night Monitoring Network (GaN-MN). Continuous SQM-LE sky brightness data. https://globeatnight.org/gan-mn/. Station registry: http://globeatnight-network.org/,"GaN-MN station Dal (Promiod, Aosta Valley, Italy); photometric inflection method; night median MSAS=21.45; MSAS at inflection=21.52; depression=20.25°; smoothing=5-pt median; dark rows=35"
fajr,2025-06-22,02:55,2,45.6667,7.5167,1490.0,Globe at Night Monitoring Network (GaN-MN). Continuous SQM-LE sky brightness data. https://globeatnight.org/gan-mn/. Station registry: http://globeatnight-network.org/,"GaN-MN station Dal (Promiod, Aosta Valley, Italy); photometric inflection method; night median MSAS=21.45; MSAS at inflection=21.30; depression=18.36°; smoothing=5-pt median; dark rows=35"
isha,2025-06-23,01:30,2,45.6667,7.5167,1490.0,Globe at Night Monitoring Network (GaN-MN). Continuous SQM-LE sky brightness data. https://globeatnight.org/gan-mn/. Station registry: http://globeatnight-network.org/,"GaN-MN station Dal (Promiod, Aosta Valley, Italy); photometric inflection method; night median MSAS=20.80; MSAS at inflection=20.93; depression=20.91°; smoothing=5-pt median; dark rows=35"
isha,2025-06-24,01:30,2,45.6667,7.5167,1490.0,Globe at Night Monitoring Network (GaN-MN). Continuous SQM-LE sky brightness data. https://globeatnight.org/gan-mn/. Station registry: http://globeatnight-network.org/,"GaN-MN station Dal (Promiod, Aosta Valley, Italy); photometric inflection method; night median MSAS=21.43; MSAS at inflection=21.45; depression=20.92°; smoothing=5-pt median; dark rows=35"
fajr,2025-06-24,02:55,2,45.6667,7.5167,1490.0,Globe at Night Monitoring Network (GaN-MN). Continuous SQM-LE sky brightness data. https://globeatnight.org/gan-mn/. Station registry: http://globeatnight-network.org/,"GaN-MN station Dal (Promiod, Aosta Valley, Italy); photometric inflection method; night median MSAS=21.43; MSAS at inflection=21.31; depression=18.41°; smoothing=5-pt median; dark rows=35"
fajr,2025-06-25,03:00,2,45.6667,7.5167,1490.0,Globe at Night Monitoring Network (GaN-MN). Continuous SQM-LE sky brightness data. https://globeatnight.org/gan-mn/. Station registry: http://globeatnight-network.org/,"GaN-MN station Dal (Promiod, Aosta Valley, Italy); photometric inflection method; night median MSAS=21.55; MSAS at inflection=21.39; depression=18.14°; smoothing=5-pt median; dark rows=36"
isha,2025-06-26,00:45,2,45.6667,7.5167,1490.0,Globe at Night Monitoring Network (GaN-MN). Continuous SQM-LE sky brightness data. https://globeatnight.org/gan-mn/. Station registry: http://globeatnight-network.org/,"GaN-MN station Dal (Promiod, Aosta Valley, Italy); photometric inflection method; night median MSAS=21.35; MSAS at inflection=21.47; depression=20.13°; smoothing=5-pt median; dark rows=36"
fajr,2025-06-26,02:25,2,45.6667,7.5167,1490.0,Globe at Night Monitoring Network (GaN-MN). Continuous SQM-LE sky brightness data. https://globeatnight.org/gan-mn/. Station registry: http://globeatnight-network.org/,"GaN-MN station Dal (Promiod, Aosta Valley, Italy); photometric inflection method; night median MSAS=21.35; MSAS at inflection=21.27; depression=19.96°; smoothing=5-pt median; dark rows=36"
fajr,2025-06-27,03:00,2,45.6667,7.5167,1490.0,Globe at Night Monitoring Network (GaN-MN). Continuous SQM-LE sky brightness data. https://globeatnight.org/gan-mn/. Station registry: http://globeatnight-network.org/,"GaN-MN station Dal (Promiod, Aosta Valley, Italy); photometric inflection method; night median MSAS=21.56; MSAS at inflection=21.41; depression=18.23°; smoothing=5-pt median; dark rows=36"
fajr,2025-06-29,03:00,2,45.6667,7.5167,1490.0,Globe at Night Monitoring Network (GaN-MN). Continuous SQM-LE sky brightness data. https://globeatnight.org/gan-mn/. Station registry: http://globeatnight-network.org/,"GaN-MN station Dal (Promiod, Aosta Valley, Italy); photometric inflection method; night median MSAS=21.49; MSAS at inflection=21.38; depression=18.35°; smoothing=5-pt median; dark rows=36"
isha,2025-06-30,00:10,2,45.6667,7.5167,1490.0,Globe at Night Monitoring Network (GaN-MN). Continuous SQM-LE sky brightness data. https://globeatnight.org/gan-mn/. Station registry: http://globeatnight-network.org/,"GaN-MN station Dal (Promiod, Aosta Valley, Italy); photometric inflection method; night median MSAS=19.71; MSAS at inflection=20.17; depression=18.59°; smoothing=5-pt median; dark rows=36"
isha,2025-07-01,01:00,2,45.6667,7.5167,1490.0,Globe at Night Monitoring Network (GaN-MN). Continuous SQM-LE sky brightness data. https://globeatnight.org/gan-mn/. Station registry: http://globeatnight-network.org/,"GaN-MN station Dal (Promiod, Aosta Valley, Italy); photometric inflection method; night median MSAS=20.99; MSAS at inflection=21.07; depression=20.80°; smoothing=5-pt median; dark rows=23"
isha,2025-06-18,23:10,2,51.7667,13.7667,90.0,Globe at Night Monitoring Network (GaN-MN). Continuous SQM-LE sky brightness data. https://globeatnight.org/gan-mn/. Station registry: http://globeatnight-network.org/,"GaN-MN station ELO (South-Brandenburg, Germany); photometric inflection method; night median MSAS=20.69; MSAS at inflection=18.47; depression=10.66°; smoothing=5-pt median; dark rows=485"
fajr,2025-06-19,01:13,2,51.7667,13.7667,90.0,Globe at Night Monitoring Network (GaN-MN). Continuous SQM-LE sky brightness data. https://globeatnight.org/gan-mn/. Station registry: http://globeatnight-network.org/,"GaN-MN station ELO (South-Brandenburg, Germany); photometric inflection method; night median MSAS=20.69; MSAS at inflection=21.17; depression=14.80°; smoothing=5-pt median; dark rows=485"
fajr,2025-06-20,01:11,2,51.7667,13.7667,90.0,Globe at Night Monitoring Network (GaN-MN). Continuous SQM-LE sky brightness data. https://globeatnight.org/gan-mn/. Station registry: http://globeatnight-network.org/,"GaN-MN station ELO (South-Brandenburg, Germany); photometric inflection method; night median MSAS=20.81; MSAS at inflection=21.35; depression=14.79°; smoothing=5-pt median; dark rows=488"
isha,2025-06-20,23:21,2,51.7667,13.7667,90.0,Globe at Night Monitoring Network (GaN-MN). Continuous SQM-LE sky brightness data. https://globeatnight.org/gan-mn/. Station registry: http://globeatnight-network.org/,"GaN-MN station ELO (South-Brandenburg, Germany); photometric inflection method; night median MSAS=20.91; MSAS at inflection=19.41; depression=11.36°; smoothing=5-pt median; dark rows=484"
fajr,2025-06-21,02:41,2,51.7667,13.7667,90.0,Globe at Night Monitoring Network (GaN-MN). Continuous SQM-LE sky brightness data. https://globeatnight.org/gan-mn/. Station registry: http://globeatnight-network.org/,"GaN-MN station ELO (South-Brandenburg, Germany); photometric inflection method; night median MSAS=20.91; MSAS at inflection=19.91; depression=12.00°; smoothing=5-pt median; dark rows=484"
fajr,2025-06-24,01:11,2,51.7667,13.7667,90.0,Globe at Night Monitoring Network (GaN-MN). Continuous SQM-LE sky brightness data. https://globeatnight.org/gan-mn/. Station registry: http://globeatnight-network.org/,"GaN-MN station ELO (South-Brandenburg, Germany); photometric inflection method; night median MSAS=20.45; MSAS at inflection=20.99; depression=14.82°; smoothing=5-pt median; dark rows=487"
fajr,2025-06-26,01:11,2,51.7667,13.7667,90.0,Globe at Night Monitoring Network (GaN-MN). Continuous SQM-LE sky brightness data. https://globeatnight.org/gan-mn/. Station registry: http://globeatnight-network.org/,"GaN-MN station ELO (South-Brandenburg, Germany); photometric inflection method; night median MSAS=20.90; MSAS at inflection=21.32; depression=14.87°; smoothing=5-pt median; dark rows=493"
isha,2025-06-26,23:28,2,51.7667,13.7667,90.0,Globe at Night Monitoring Network (GaN-MN). Continuous SQM-LE sky brightness data. https://globeatnight.org/gan-mn/. Station registry: http://globeatnight-network.org/,"GaN-MN station ELO (South-Brandenburg, Germany); photometric inflection method; night median MSAS=20.99; MSAS at inflection=19.63; depression=11.79°; smoothing=5-pt median; dark rows=494"
isha,2025-06-30,23:53,2,51.7667,13.7667,90.0,Globe at Night Monitoring Network (GaN-MN). Continuous SQM-LE sky brightness data. https://globeatnight.org/gan-mn/. Station registry: http://globeatnight-network.org/,"GaN-MN station ELO (South-Brandenburg, Germany); photometric inflection method; night median MSAS=21.29; MSAS at inflection=20.69; depression=13.31°; smoothing=5-pt median; dark rows=352"
fajr,2025-07-01,01:59,2,51.7667,13.7667,90.0,Globe at Night Monitoring Network (GaN-MN). Continuous SQM-LE sky brightness data. https://globeatnight.org/gan-mn/. Station registry: http://globeatnight-network.org/,"GaN-MN station ELO (South-Brandenburg, Germany); photometric inflection method; night median MSAS=21.29; MSAS at inflection=21.24; depression=14.31°; smoothing=5-pt median; dark rows=352"
isha,2025-06-07,20:39,8,22.4924,114.1393,20.0,Globe at Night Monitoring Network (GaN-MN). Continuous SQM-LE sky brightness data. https://globeatnight.org/gan-mn/. Station registry: http://globeatnight-network.org/,"GaN-MN station FKYC (Fanling, Hong Kong); photometric inflection method; night median MSAS=18.35; MSAS at inflection=17.54; depression=19.40°; smoothing=5-pt median; dark rows=1084"
fajr,2025-06-08,03:54,8,22.4924,114.1393,20.0,Globe at Night Monitoring Network (GaN-MN). Continuous SQM-LE sky brightness data. https://globeatnight.org/gan-mn/. Station registry: http://globeatnight-network.org/,"GaN-MN station FKYC (Fanling, Hong Kong); photometric inflection method; night median MSAS=18.35; MSAS at inflection=18.76; depression=21.39°; smoothing=5-pt median; dark rows=1084"
isha,2025-06-05,20:09,8,22.3719,114.1133,80.0,Globe at Night Monitoring Network (GaN-MN). Continuous SQM-LE sky brightness data. https://globeatnight.org/gan-mn/. Station registry: http://globeatnight-network.org/,"GaN-MN station HKn (Ho Koon, Tsuen Wan, Hong Kong); photometric inflection method; night median MSAS=17.61; MSAS at inflection=17.48; depression=13.91°; smoothing=5-pt median; dark rows=1088"
fajr,2025-06-10,04:19,8,22.3719,114.1133,80.0,Globe at Night Monitoring Network (GaN-MN). Continuous SQM-LE sky brightness data. https://globeatnight.org/gan-mn/. Station registry: http://globeatnight-network.org/,"GaN-MN station HKn (Ho Koon, Tsuen Wan, Hong Kong); photometric inflection method; night median MSAS=18.25; MSAS at inflection=19.63; depression=16.75°; smoothing=5-pt median; dark rows=1083"
fajr,2025-06-23,04:51,8,22.3719,114.1133,80.0,Globe at Night Monitoring Network (GaN-MN). Continuous SQM-LE sky brightness data. https://globeatnight.org/gan-mn/. Station registry: http://globeatnight-network.org/,"GaN-MN station HKn (Ho Koon, Tsuen Wan, Hong Kong); photometric inflection method; night median MSAS=17.91; MSAS at inflection=17.90; depression=10.82°; smoothing=5-pt median; dark rows=1080"
isha,2025-06-23,19:49,8,22.3719,114.1133,80.0,Globe at Night Monitoring Network (GaN-MN). Continuous SQM-LE sky brightness data. https://globeatnight.org/gan-mn/. Station registry: http://globeatnight-network.org/,"GaN-MN station HKn (Ho Koon, Tsuen Wan, Hong Kong); photometric inflection method; night median MSAS=17.60; MSAS at inflection=17.39; depression=8.71°; smoothing=5-pt median; dark rows=1080"
isha,2025-06-05,20:28,8,24.1488,121.3239,2800.0,Globe at Night Monitoring Network (GaN-MN). Continuous SQM-LE sky brightness data. https://globeatnight.org/gan-mn/. Station registry: http://globeatnight-network.org/,"GaN-MN station Heh (Taroko National Park, Taiwan); photometric inflection method; night median MSAS=19.59; MSAS at inflection=19.05; depression=21.76°; smoothing=5-pt median; dark rows=1070"
isha,2025-06-07,19:55,8,24.1488,121.3239,2800.0,Globe at Night Monitoring Network (GaN-MN). Continuous SQM-LE sky brightness data. https://globeatnight.org/gan-mn/. Station registry: http://globeatnight-network.org/,"GaN-MN station Heh (Taroko National Park, Taiwan); photometric inflection method; night median MSAS=19.67; MSAS at inflection=19.10; depression=15.46°; smoothing=5-pt median; dark rows=1066"
isha,2025-06-10,20:23,8,24.1488,121.3239,2800.0,Globe at Night Monitoring Network (GaN-MN). Continuous SQM-LE sky brightness data. https://globeatnight.org/gan-mn/. Station registry: http://globeatnight-network.org/,"GaN-MN station Heh (Taroko National Park, Taiwan); photometric inflection method; night median MSAS=18.67; MSAS at inflection=18.86; depression=20.43°; smoothing=5-pt median; dark rows=966"
isha,2025-06-12,19:39,8,24.1488,121.3239,2800.0,Globe at Night Monitoring Network (GaN-MN). Continuous SQM-LE sky brightness data. https://globeatnight.org/gan-mn/. Station registry: http://globeatnight-network.org/,"GaN-MN station Heh (Taroko National Park, Taiwan); photometric inflection method; night median MSAS=18.66; MSAS at inflection=20.43; depression=12.03°; smoothing=5-pt median; dark rows=1063"
fajr,2025-06-15,03:53,8,24.1488,121.3239,2800.0,Globe at Night Monitoring Network (GaN-MN). Continuous SQM-LE sky brightness data. https://globeatnight.org/gan-mn/. Station registry: http://globeatnight-network.org/,"GaN-MN station Heh (Taroko National Park, Taiwan); photometric inflection method; night median MSAS=18.51; MSAS at inflection=18.49; depression=15.29°; smoothing=5-pt median; dark rows=1063"
fajr,2025-06-16,03:45,8,24.1488,121.3239,2800.0,Globe at Night Monitoring Network (GaN-MN). Continuous SQM-LE sky brightness data. https://globeatnight.org/gan-mn/. Station registry: http://globeatnight-network.org/,"GaN-MN station Heh (Taroko National Park, Taiwan); photometric inflection method; night median MSAS=19.44; MSAS at inflection=18.36; depression=16.71°; smoothing=5-pt median; dark rows=1062"
fajr,2025-06-18,04:09,8,24.1488,121.3239,2800.0,Globe at Night Monitoring Network (GaN-MN). Continuous SQM-LE sky brightness data. https://globeatnight.org/gan-mn/. Station registry: http://globeatnight-network.org/,"GaN-MN station Heh (Taroko National Park, Taiwan); photometric inflection method; night median MSAS=20.13; MSAS at inflection=18.83; depression=12.22°; smoothing=5-pt median; dark rows=1061"
isha,2025-06-18,20:07,8,24.1488,121.3239,2800.0,Globe at Night Monitoring Network (GaN-MN). Continuous SQM-LE sky brightness data. https://globeatnight.org/gan-mn/. Station registry: http://globeatnight-network.org/,"GaN-MN station Heh (Taroko National Park, Taiwan); photometric inflection method; night median MSAS=20.72; MSAS at inflection=21.18; depression=16.99°; smoothing=5-pt median; dark rows=1061"
fajr,2025-06-19,03:49,8,24.1488,121.3239,2800.0,Globe at Night Monitoring Network (GaN-MN). Continuous SQM-LE sky brightness data. https://globeatnight.org/gan-mn/. Station registry: http://globeatnight-network.org/,"GaN-MN station Heh (Taroko National Park, Taiwan); photometric inflection method; night median MSAS=20.72; MSAS at inflection=18.72; depression=15.96°; smoothing=5-pt median; dark rows=1061"
isha,2025-06-20,20:21,8,24.1488,121.3239,2800.0,Globe at Night Monitoring Network (GaN-MN). Continuous SQM-LE sky brightness data. https://globeatnight.org/gan-mn/. Station registry: http://globeatnight-network.org/,"GaN-MN station Heh (Taroko National Park, Taiwan); photometric inflection method; night median MSAS=20.96; MSAS at inflection=21.24; depression=19.35°; smoothing=5-pt median; dark rows=989"
isha,2025-06-23,19:43,8,24.1488,121.3239,2800.0,Globe at Night Monitoring Network (GaN-MN). Continuous SQM-LE sky brightness data. https://globeatnight.org/gan-mn/. Station registry: http://globeatnight-network.org/,"GaN-MN station Heh (Taroko National Park, Taiwan); photometric inflection method; night median MSAS=21.10; MSAS at inflection=19.56; depression=12.21°; smoothing=5-pt median; dark rows=1038"
fajr,2025-06-24,03:37,8,24.1488,121.3239,2800.0,Globe at Night Monitoring Network (GaN-MN). Continuous SQM-LE sky brightness data. https://globeatnight.org/gan-mn/. Station registry: http://globeatnight-network.org/,"GaN-MN station Heh (Taroko National Park, Taiwan); photometric inflection method; night median MSAS=21.10; MSAS at inflection=21.06; depression=18.54°; smoothing=5-pt median; dark rows=1038"
fajr,2025-06-26,03:40,8,24.1488,121.3239,2800.0,Globe at Night Monitoring Network (GaN-MN). Continuous SQM-LE sky brightness data. https://globeatnight.org/gan-mn/. Station registry: http://globeatnight-network.org/,"GaN-MN station Heh (Taroko National Park, Taiwan); photometric inflection method; night median MSAS=21.07; MSAS at inflection=21.23; depression=18.00°; smoothing=5-pt median; dark rows=282"
fajr,2025-06-29,03:35,8,24.1488,121.3239,2800.0,Globe at Night Monitoring Network (GaN-MN). Continuous SQM-LE sky brightness data. https://globeatnight.org/gan-mn/. Station registry: http://globeatnight-network.org/,"GaN-MN station Heh (Taroko National Park, Taiwan); photometric inflection method; night median MSAS=21.06; MSAS at inflection=21.02; depression=19.06°; smoothing=5-pt median; dark rows=1060"
fajr,2025-07-01,04:08,8,24.1488,121.3239,2800.0,Globe at Night Monitoring Network (GaN-MN). Continuous SQM-LE sky brightness data. https://globeatnight.org/gan-mn/. Station registry: http://globeatnight-network.org/,"GaN-MN station Heh (Taroko National Park, Taiwan); photometric inflection method; night median MSAS=21.25; MSAS at inflection=20.61; depression=13.11°; smoothing=5-pt median; dark rows=1064"
fajr,2025-06-01,03:30,-5,38.3361,-86.4656,200.0,Globe at Night Monitoring Network (GaN-MN). Continuous SQM-LE sky brightness data. https://globeatnight.org/gan-mn/. Station registry: http://globeatnight-network.org/,"GaN-MN station LASO (Louisville Astronomical Society, Indiana, USA); photometric inflection method; night median MSAS=20.70; MSAS at inflection=20.71; depression=17.99°; smoothing=5-pt median; dark rows=93"
fajr,2025-06-03,03:28,-5,38.3361,-86.4656,200.0,Globe at Night Monitoring Network (GaN-MN). Continuous SQM-LE sky brightness data. https://globeatnight.org/gan-mn/. Station registry: http://globeatnight-network.org/,"GaN-MN station LASO (Louisville Astronomical Society, Indiana, USA); photometric inflection method; night median MSAS=21.04; MSAS at inflection=20.86; depression=18.05°; smoothing=5-pt median; dark rows=67"
fajr,2025-06-04,03:28,-5,38.3361,-86.4656,200.0,Globe at Night Monitoring Network (GaN-MN). Continuous SQM-LE sky brightness data. https://globeatnight.org/gan-mn/. Station registry: http://globeatnight-network.org/,"GaN-MN station LASO (Louisville Astronomical Society, Indiana, USA); photometric inflection method; night median MSAS=20.95; MSAS at inflection=20.81; depression=17.97°; smoothing=5-pt median; dark rows=56"
fajr,2025-06-06,03:27,-5,38.3361,-86.4656,200.0,Globe at Night Monitoring Network (GaN-MN). Continuous SQM-LE sky brightness data. https://globeatnight.org/gan-mn/. Station registry: http://globeatnight-network.org/,"GaN-MN station LASO (Louisville Astronomical Society, Indiana, USA); photometric inflection method; night median MSAS=20.95; MSAS at inflection=20.98; depression=18.07°; smoothing=5-pt median; dark rows=35"
isha,2025-06-07,03:03,-5,38.3361,-86.4656,200.0,Globe at Night Monitoring Network (GaN-MN). Continuous SQM-LE sky brightness data. https://globeatnight.org/gan-mn/. Station registry: http://globeatnight-network.org/,"GaN-MN station LASO (Louisville Astronomical Society, Indiana, USA); photometric inflection method; night median MSAS=21.05; MSAS at inflection=21.08; depression=20.80°; smoothing=5-pt median; dark rows=23"
fajr,2025-06-07,03:27,-5,38.3361,-86.4656,200.0,Globe at Night Monitoring Network (GaN-MN). Continuous SQM-LE sky brightness data. https://globeatnight.org/gan-mn/. Station registry: http://globeatnight-network.org/,"GaN-MN station LASO (Louisville Astronomical Society, Indiana, USA); photometric inflection method; night median MSAS=21.05; MSAS at inflection=20.99; depression=18.00°; smoothing=5-pt median; dark rows=23"
isha,2025-06-13,22:25,-5,38.3361,-86.4656,200.0,Globe at Night Monitoring Network (GaN-MN). Continuous SQM-LE sky brightness data. https://globeatnight.org/gan-mn/. Station registry: http://globeatnight-network.org/,"GaN-MN station LASO (Louisville Astronomical Society, Indiana, USA); photometric inflection method; night median MSAS=20.55; MSAS at inflection=20.71; depression=20.13°; smoothing=5-pt median; dark rows=20"
isha,2025-06-14,22:09,-5,38.3361,-86.4656,200.0,Globe at Night Monitoring Network (GaN-MN). Continuous SQM-LE sky brightness data. https://globeatnight.org/gan-mn/. Station registry: http://globeatnight-network.org/,"GaN-MN station LASO (Louisville Astronomical Society, Indiana, USA); photometric inflection method; night median MSAS=21.13; MSAS at inflection=20.72; depression=18.23°; smoothing=5-pt median; dark rows=37"
isha,2025-06-15,22:09,-5,38.3361,-86.4656,200.0,Globe at Night Monitoring Network (GaN-MN). Continuous SQM-LE sky brightness data. https://globeatnight.org/gan-mn/. Station registry: http://globeatnight-network.org/,"GaN-MN station LASO (Louisville Astronomical Society, Indiana, USA); photometric inflection method; night median MSAS=21.07; MSAS at inflection=21.05; depression=18.18°; smoothing=5-pt median; dark rows=52"
isha,2025-06-16,22:09,-5,38.3361,-86.4656,200.0,Globe at Night Monitoring Network (GaN-MN). Continuous SQM-LE sky brightness data. https://globeatnight.org/gan-mn/. Station registry: http://globeatnight-network.org/,"GaN-MN station LASO (Louisville Astronomical Society, Indiana, USA); photometric inflection method; night median MSAS=20.46; MSAS at inflection=20.18; depression=18.06°; smoothing=5-pt median; dark rows=65"
fajr,2025-06-24,03:25,-5,38.3361,-86.4656,200.0,Globe at Night Monitoring Network (GaN-MN). Continuous SQM-LE sky brightness data. https://globeatnight.org/gan-mn/. Station registry: http://globeatnight-network.org/,"GaN-MN station LASO (Louisville Astronomical Society, Indiana, USA); photometric inflection method; night median MSAS=21.29; MSAS at inflection=21.15; depression=18.06°; smoothing=5-pt median; dark rows=158"
fajr,2025-06-25,03:26,-5,38.3361,-86.4656,200.0,Globe at Night Monitoring Network (GaN-MN). Continuous SQM-LE sky brightness data. https://globeatnight.org/gan-mn/. Station registry: http://globeatnight-network.org/,"GaN-MN station LASO (Louisville Astronomical Society, Indiana, USA); photometric inflection method; night median MSAS=20.93; MSAS at inflection=20.90; depression=18.09°; smoothing=5-pt median; dark rows=158"
isha,2025-06-26,22:37,-5,38.3361,-86.4656,200.0,Globe at Night Monitoring Network (GaN-MN). Continuous SQM-LE sky brightness data. https://globeatnight.org/gan-mn/. Station registry: http://globeatnight-network.org/,"GaN-MN station LASO (Louisville Astronomical Society, Indiana, USA); photometric inflection method; night median MSAS=21.12; MSAS at inflection=21.21; depression=21.05°; smoothing=5-pt median; dark rows=159"
fajr,2025-06-27,03:27,-5,38.3361,-86.4656,200.0,Globe at Night Monitoring Network (GaN-MN). Continuous SQM-LE sky brightness data. https://globeatnight.org/gan-mn/. Station registry: http://globeatnight-network.org/,"GaN-MN station LASO (Louisville Astronomical Society, Indiana, USA); photometric inflection method; night median MSAS=21.12; MSAS at inflection=20.98; depression=18.06°; smoothing=5-pt median; dark rows=159"
isha,2025-06-27,22:23,-5,38.3361,-86.4656,200.0,Globe at Night Monitoring Network (GaN-MN). Continuous SQM-LE sky brightness data. https://globeatnight.org/gan-mn/. Station registry: http://globeatnight-network.org/,"GaN-MN station LASO (Louisville Astronomical Society, Indiana, USA); photometric inflection method; night median MSAS=21.12; MSAS at inflection=20.60; depression=19.55°; smoothing=5-pt median; dark rows=153"
fajr,2025-06-29,03:29,-5,38.3361,-86.4656,200.0,Globe at Night Monitoring Network (GaN-MN). Continuous SQM-LE sky brightness data. https://globeatnight.org/gan-mn/. Station registry: http://globeatnight-network.org/,"GaN-MN station LASO (Louisville Astronomical Society, Indiana, USA); photometric inflection method; night median MSAS=21.10; MSAS at inflection=21.17; depression=17.98°; smoothing=5-pt median; dark rows=139"
fajr,2025-06-30,03:29,-5,38.3361,-86.4656,200.0,Globe at Night Monitoring Network (GaN-MN). Continuous SQM-LE sky brightness data. https://globeatnight.org/gan-mn/. Station registry: http://globeatnight-network.org/,"GaN-MN station LASO (Louisville Astronomical Society, Indiana, USA); photometric inflection method; night median MSAS=20.90; MSAS at inflection=21.07; depression=18.05°; smoothing=5-pt median; dark rows=126"
isha,2025-06-21,20:18,8,22.2833,114.2444,25.0,Globe at Night Monitoring Network (GaN-MN). Continuous SQM-LE sky brightness data. https://globeatnight.org/gan-mn/. Station registry: http://globeatnight-network.org/,"GaN-MN station LHY (Siu Sai Wan, Hong Kong); photometric inflection method; night median MSAS=17.79; MSAS at inflection=16.27; depression=14.74°; smoothing=5-pt median; dark rows=1081"
fajr,2025-06-24,04:00,8,22.2833,114.2444,25.0,Globe at Night Monitoring Network (GaN-MN). Continuous SQM-LE sky brightness data. https://globeatnight.org/gan-mn/. Station registry: http://globeatnight-network.org/,"GaN-MN station LHY (Siu Sai Wan, Hong Kong); photometric inflection method; night median MSAS=17.83; MSAS at inflection=16.59; depression=20.47°; smoothing=5-pt median; dark rows=1081"
fajr,2025-06-25,04:50,8,22.2833,114.2444,25.0,Globe at Night Monitoring Network (GaN-MN). Continuous SQM-LE sky brightness data. https://globeatnight.org/gan-mn/. Station registry: http://globeatnight-network.org/,"GaN-MN station LHY (Siu Sai Wan, Hong Kong); photometric inflection method; night median MSAS=18.84; MSAS at inflection=18.67; depression=11.07°; smoothing=5-pt median; dark rows=1080"
fajr,2025-06-26,05:03,8,22.2833,114.2444,25.0,Globe at Night Monitoring Network (GaN-MN). Continuous SQM-LE sky brightness data. https://globeatnight.org/gan-mn/. Station registry: http://globeatnight-network.org/,"GaN-MN station LHY (Siu Sai Wan, Hong Kong); photometric inflection method; night median MSAS=18.17; MSAS at inflection=16.86; depression=8.51°; smoothing=5-pt median; dark rows=1082"
fajr,2025-06-02,04:57,8,22.4958,114.0322,3.0,Globe at Night Monitoring Network (GaN-MN). Continuous SQM-LE sky brightness data. https://globeatnight.org/gan-mn/. Station registry: http://globeatnight-network.org/,"GaN-MN station MP (Mai Po Nature Reserve, Hong Kong); photometric inflection method; night median MSAS=17.88; MSAS at inflection=17.06; depression=9.37°; smoothing=5-pt median; dark rows=1091"
fajr,2025-06-19,05:10,8,22.4958,114.0322,3.0,Globe at Night Monitoring Network (GaN-MN). Continuous SQM-LE sky brightness data. https://globeatnight.org/gan-mn/. Station registry: http://globeatnight-network.org/,"GaN-MN station MP (Mai Po Nature Reserve, Hong Kong); photometric inflection method; night median MSAS=18.04; MSAS at inflection=15.72; depression=6.89°; smoothing=5-pt median; dark rows=1079"
isha,2025-06-20,20:08,8,22.4958,114.0322,3.0,Globe at Night Monitoring Network (GaN-MN). Continuous SQM-LE sky brightness data. https://globeatnight.org/gan-mn/. Station registry: http://globeatnight-network.org/,"GaN-MN station MP (Mai Po Nature Reserve, Hong Kong); photometric inflection method; night median MSAS=18.33; MSAS at inflection=17.02; depression=12.49°; smoothing=5-pt median; dark rows=1079"
fajr,2025-06-23,04:47,8,22.4958,114.0322,3.0,Globe at Night Monitoring Network (GaN-MN). Continuous SQM-LE sky brightness data. https://globeatnight.org/gan-mn/. Station registry: http://globeatnight-network.org/,"GaN-MN station MP (Mai Po Nature Reserve, Hong Kong); photometric inflection method; night median MSAS=19.06; MSAS at inflection=18.90; depression=11.69°; smoothing=5-pt median; dark rows=1079"
isha,2025-06-23,19:59,8,22.4958,114.0322,3.0,Globe at Night Monitoring Network (GaN-MN). Continuous SQM-LE sky brightness data. https://globeatnight.org/gan-mn/. Station registry: http://globeatnight-network.org/,"GaN-MN station MP (Mai Po Nature Reserve, Hong Kong); photometric inflection method; night median MSAS=18.92; MSAS at inflection=17.91; depression=10.52°; smoothing=5-pt median; dark rows=1079"
fajr,2025-06-02,06:26,2,-24.9667,15.95,1250.0,Globe at Night Monitoring Network (GaN-MN). Continuous SQM-LE sky brightness data. https://globeatnight.org/gan-mn/. Station registry: http://globeatnight-network.org/,"GaN-MN station Nrnr (NamibRand Nature Reserve, Namibia); photometric inflection method; night median MSAS=21.74; MSAS at inflection=21.79; depression=15.12°; smoothing=5-pt median; dark rows=142"
fajr,2025-06-06,06:41,2,-24.9667,15.95,1250.0,Globe at Night Monitoring Network (GaN-MN). Continuous SQM-LE sky brightness data. https://globeatnight.org/gan-mn/. Station registry: http://globeatnight-network.org/,"GaN-MN station Nrnr (NamibRand Nature Reserve, Namibia); photometric inflection method; night median MSAS=19.87; MSAS at inflection=20.22; depression=12.21°; smoothing=5-pt median; dark rows=143"
isha,2025-06-07,19:41,2,-24.9667,15.95,1250.0,Globe at Night Monitoring Network (GaN-MN). Continuous SQM-LE sky brightness data. https://globeatnight.org/gan-mn/. Station registry: http://globeatnight-network.org/,"GaN-MN station Nrnr (NamibRand Nature Reserve, Namibia); photometric inflection method; night median MSAS=18.58; MSAS at inflection=18.27; depression=19.38°; smoothing=5-pt median; dark rows=143"
isha,2025-06-11,18:53,2,-24.9667,15.95,1250.0,Globe at Night Monitoring Network (GaN-MN). Continuous SQM-LE sky brightness data. https://globeatnight.org/gan-mn/. Station registry: http://globeatnight-network.org/,"GaN-MN station Nrnr (NamibRand Nature Reserve, Namibia); photometric inflection method; night median MSAS=19.02; MSAS at inflection=17.06; depression=9.03°; smoothing=5-pt median; dark rows=41"
isha,2025-06-17,19:04,2,-24.9667,15.95,1250.0,Globe at Night Monitoring Network (GaN-MN). Continuous SQM-LE sky brightness data. https://globeatnight.org/gan-mn/. Station registry: http://globeatnight-network.org/,"GaN-MN station Nrnr (NamibRand Nature Reserve, Namibia); photometric inflection method; night median MSAS=21.30; MSAS at inflection=19.18; depression=11.09°; smoothing=5-pt median; dark rows=144"
isha,2025-06-19,19:14,2,-24.9667,15.95,1250.0,Globe at Night Monitoring Network (GaN-MN). Continuous SQM-LE sky brightness data. https://globeatnight.org/gan-mn/. Station registry: http://globeatnight-network.org/,"GaN-MN station Nrnr (NamibRand Nature Reserve, Namibia); photometric inflection method; night median MSAS=21.87; MSAS at inflection=20.87; depression=13.16°; smoothing=5-pt median; dark rows=143"
fajr,2025-06-20,06:29,2,-24.9667,15.95,1250.0,Globe at Night Monitoring Network (GaN-MN). Continuous SQM-LE sky brightness data. https://globeatnight.org/gan-mn/. Station registry: http://globeatnight-network.org/,"GaN-MN station Nrnr (NamibRand Nature Reserve, Namibia); photometric inflection method; night median MSAS=21.87; MSAS at inflection=20.38; depression=15.75°; smoothing=5-pt median; dark rows=143"
isha,2025-06-21,19:54,2,-24.9667,15.95,1250.0,Globe at Night Monitoring Network (GaN-MN). Continuous SQM-LE sky brightness data. https://globeatnight.org/gan-mn/. Station registry: http://globeatnight-network.org/,"GaN-MN station Nrnr (NamibRand Nature Reserve, Namibia); photometric inflection method; night median MSAS=22.14; MSAS at inflection=22.32; depression=21.68°; smoothing=5-pt median; dark rows=143"
isha,2025-06-22,19:14,2,-24.9667,15.95,1250.0,Globe at Night Monitoring Network (GaN-MN). Continuous SQM-LE sky brightness data. https://globeatnight.org/gan-mn/. Station registry: http://globeatnight-network.org/,"GaN-MN station Nrnr (NamibRand Nature Reserve, Namibia); photometric inflection method; night median MSAS=22.19; MSAS at inflection=20.76; depression=13.03°; smoothing=5-pt median; dark rows=143"
fajr,2025-06-23,06:39,2,-24.9667,15.95,1250.0,Globe at Night Monitoring Network (GaN-MN). Continuous SQM-LE sky brightness data. https://globeatnight.org/gan-mn/. Station registry: http://globeatnight-network.org/,"GaN-MN station Nrnr (NamibRand Nature Reserve, Namibia); photometric inflection method; night median MSAS=22.19; MSAS at inflection=21.35; depression=13.74°; smoothing=5-pt median; dark rows=143"
fajr,2025-06-24,06:29,2,-24.9667,15.95,1250.0,Globe at Night Monitoring Network (GaN-MN). Continuous SQM-LE sky brightness data. https://globeatnight.org/gan-mn/. Station registry: http://globeatnight-network.org/,"GaN-MN station Nrnr (NamibRand Nature Reserve, Namibia); photometric inflection method; night median MSAS=22.37; MSAS at inflection=22.26; depression=15.92°; smoothing=5-pt median; dark rows=143"
fajr,2025-06-25,06:29,2,-24.9667,15.95,1250.0,Globe at Night Monitoring Network (GaN-MN). Continuous SQM-LE sky brightness data. https://globeatnight.org/gan-mn/. Station registry: http://globeatnight-network.org/,"GaN-MN station Nrnr (NamibRand Nature Reserve, Namibia); photometric inflection method; night median MSAS=22.16; MSAS at inflection=21.97; depression=15.95°; smoothing=5-pt median; dark rows=143"
isha,2025-06-26,19:09,2,-24.9667,15.95,1250.0,Globe at Night Monitoring Network (GaN-MN). Continuous SQM-LE sky brightness data. https://globeatnight.org/gan-mn/. Station registry: http://globeatnight-network.org/,"GaN-MN station Nrnr (NamibRand Nature Reserve, Namibia); photometric inflection method; night median MSAS=22.27; MSAS at inflection=19.78; depression=11.76°; smoothing=5-pt median; dark rows=143"
fajr,2025-06-28,06:24,2,-24.9667,15.95,1250.0,Globe at Night Monitoring Network (GaN-MN). Continuous SQM-LE sky brightness data. https://globeatnight.org/gan-mn/. Station registry: http://globeatnight-network.org/,"GaN-MN station Nrnr (NamibRand Nature Reserve, Namibia); photometric inflection method; night median MSAS=22.27; MSAS at inflection=22.29; depression=17.11°; smoothing=5-pt median; dark rows=143"
fajr,2025-06-29,06:39,2,-24.9667,15.95,1250.0,Globe at Night Monitoring Network (GaN-MN). Continuous SQM-LE sky brightness data. https://globeatnight.org/gan-mn/. Station registry: http://globeatnight-network.org/,"GaN-MN station Nrnr (NamibRand Nature Reserve, Namibia); photometric inflection method; night median MSAS=22.29; MSAS at inflection=21.57; depression=13.92°; smoothing=5-pt median; dark rows=143"
isha,2025-06-14,18:30,12,-45.0966,170.9694,30.0,Globe at Night Monitoring Network (GaN-MN). Continuous SQM-LE sky brightness data. https://globeatnight.org/gan-mn/. Station registry: http://globeatnight-network.org/,"GaN-MN station Oam (Oamaru, South Island, New Zealand); photometric inflection method; night median MSAS=18.70; MSAS at inflection=20.51; depression=15.20°; smoothing=5-pt median; dark rows=1592"
isha,2025-06-15,18:31,12,-45.0966,170.9694,30.0,Globe at Night Monitoring Network (GaN-MN). Continuous SQM-LE sky brightness data. https://globeatnight.org/gan-mn/. Station registry: http://globeatnight-network.org/,"GaN-MN station Oam (Oamaru, South Island, New Zealand); photometric inflection method; night median MSAS=18.94; MSAS at inflection=20.31; depression=15.37°; smoothing=5-pt median; dark rows=1592"
isha,2025-06-16,18:36,12,-45.0966,170.9694,30.0,Globe at Night Monitoring Network (GaN-MN). Continuous SQM-LE sky brightness data. https://globeatnight.org/gan-mn/. Station registry: http://globeatnight-network.org/,"GaN-MN station Oam (Oamaru, South Island, New Zealand); photometric inflection method; night median MSAS=19.79; MSAS at inflection=20.58; depression=16.20°; smoothing=5-pt median; dark rows=1592"
isha,2025-06-18,18:30,12,-45.0966,170.9694,30.0,Globe at Night Monitoring Network (GaN-MN). Continuous SQM-LE sky brightness data. https://globeatnight.org/gan-mn/. Station registry: http://globeatnight-network.org/,"GaN-MN station Oam (Oamaru, South Island, New Zealand); photometric inflection method; night median MSAS=19.92; MSAS at inflection=20.49; depression=15.25°; smoothing=5-pt median; dark rows=1594"
fajr,2025-06-19,06:31,12,-45.0966,170.9694,30.0,Globe at Night Monitoring Network (GaN-MN). Continuous SQM-LE sky brightness data. https://globeatnight.org/gan-mn/. Station registry: http://globeatnight-network.org/,"GaN-MN station Oam (Oamaru, South Island, New Zealand); photometric inflection method; night median MSAS=19.92; MSAS at inflection=19.59; depression=17.31°; smoothing=5-pt median; dark rows=1594"
fajr,2025-06-25,06:38,12,-45.0966,170.9694,30.0,Globe at Night Monitoring Network (GaN-MN). Continuous SQM-LE sky brightness data. https://globeatnight.org/gan-mn/. Station registry: http://globeatnight-network.org/,"GaN-MN station Oam (Oamaru, South Island, New Zealand); photometric inflection method; night median MSAS=20.65; MSAS at inflection=20.37; depression=16.41°; smoothing=5-pt median; dark rows=1593"
isha,2025-06-25,18:56,12,-45.0966,170.9694,30.0,Globe at Night Monitoring Network (GaN-MN). Continuous SQM-LE sky brightness data. https://globeatnight.org/gan-mn/. Station registry: http://globeatnight-network.org/,"GaN-MN station Oam (Oamaru, South Island, New Zealand); photometric inflection method; night median MSAS=19.87; MSAS at inflection=19.57; depression=19.38°; smoothing=5-pt median; dark rows=1588"
isha,2025-06-26,17:53,12,-45.0966,170.9694,30.0,Globe at Night Monitoring Network (GaN-MN). Continuous SQM-LE sky brightness data. https://globeatnight.org/gan-mn/. Station registry: http://globeatnight-network.org/,"GaN-MN station Oam (Oamaru, South Island, New Zealand); photometric inflection method; night median MSAS=19.16; MSAS at inflection=17.03; depression=8.84°; smoothing=5-pt median; dark rows=1592"
fajr,2025-06-28,07:14,12,-45.0966,170.9694,30.0,Globe at Night Monitoring Network (GaN-MN). Continuous SQM-LE sky brightness data. https://globeatnight.org/gan-mn/. Station registry: http://globeatnight-network.org/,"GaN-MN station Oam (Oamaru, South Island, New Zealand); photometric inflection method; night median MSAS=18.42; MSAS at inflection=18.19; depression=10.47°; smoothing=5-pt median; dark rows=1591"
isha,2025-06-01,18:36,-3,-22.2803,-46.3647,870.0,Globe at Night Monitoring Network (GaN-MN). Continuous SQM-LE sky brightness data. https://globeatnight.org/gan-mn/. Station registry: http://globeatnight-network.org/,"GaN-MN station PAOF (Ouro Fino, MG, Brazil); photometric inflection method; night median MSAS=21.25; MSAS at inflection=19.91; depression=15.37°; smoothing=5-pt median; dark rows=875"
fajr,2025-06-03,05:08,-3,-22.2803,-46.3647,870.0,Globe at Night Monitoring Network (GaN-MN). Continuous SQM-LE sky brightness data. https://globeatnight.org/gan-mn/. Station registry: http://globeatnight-network.org/,"GaN-MN station PAOF (Ouro Fino, MG, Brazil); photometric inflection method; night median MSAS=20.43; MSAS at inflection=20.37; depression=20.44°; smoothing=5-pt median; dark rows=860"
fajr,2025-06-04,05:45,-3,-22.2803,-46.3647,870.0,Globe at Night Monitoring Network (GaN-MN). Continuous SQM-LE sky brightness data. https://globeatnight.org/gan-mn/. Station registry: http://globeatnight-network.org/,"GaN-MN station PAOF (Ouro Fino, MG, Brazil); photometric inflection method; night median MSAS=20.67; MSAS at inflection=20.39; depression=12.21°; smoothing=5-pt median; dark rows=877"
isha,2025-06-04,19:03,-3,-22.2803,-46.3647,870.0,Globe at Night Monitoring Network (GaN-MN). Continuous SQM-LE sky brightness data. https://globeatnight.org/gan-mn/. Station registry: http://globeatnight-network.org/,"GaN-MN station PAOF (Ouro Fino, MG, Brazil); photometric inflection method; night median MSAS=19.07; MSAS at inflection=17.90; depression=21.31°; smoothing=5-pt median; dark rows=874"
fajr,2025-06-05,05:57,-3,-22.2803,-46.3647,870.0,Globe at Night Monitoring Network (GaN-MN). Continuous SQM-LE sky brightness data. https://globeatnight.org/gan-mn/. Station registry: http://globeatnight-network.org/,"GaN-MN station PAOF (Ouro Fino, MG, Brazil); photometric inflection method; night median MSAS=19.07; MSAS at inflection=17.60; depression=9.70°; smoothing=5-pt median; dark rows=874"
fajr,2025-06-06,05:50,-3,-22.2803,-46.3647,870.0,Globe at Night Monitoring Network (GaN-MN). Continuous SQM-LE sky brightness data. https://globeatnight.org/gan-mn/. Station registry: http://globeatnight-network.org/,"GaN-MN station PAOF (Ouro Fino, MG, Brazil); photometric inflection method; night median MSAS=19.42; MSAS at inflection=19.51; depression=11.28°; smoothing=5-pt median; dark rows=873"
fajr,2025-06-07,06:03,-3,-22.2803,-46.3647,870.0,Globe at Night Monitoring Network (GaN-MN). Continuous SQM-LE sky brightness data. https://globeatnight.org/gan-mn/. Station registry: http://globeatnight-network.org/,"GaN-MN station PAOF (Ouro Fino, MG, Brazil); photometric inflection method; night median MSAS=18.06; MSAS at inflection=17.06; depression=8.58°; smoothing=5-pt median; dark rows=872"
isha,2025-06-07,18:31,-3,-22.2803,-46.3647,870.0,Globe at Night Monitoring Network (GaN-MN). Continuous SQM-LE sky brightness data. https://globeatnight.org/gan-mn/. Station registry: http://globeatnight-network.org/,"GaN-MN station PAOF (Ouro Fino, MG, Brazil); photometric inflection method; night median MSAS=17.68; MSAS at inflection=17.74; depression=14.30°; smoothing=5-pt median; dark rows=849"
fajr,2025-06-08,05:49,-3,-22.2803,-46.3647,870.0,Globe at Night Monitoring Network (GaN-MN). Continuous SQM-LE sky brightness data. https://globeatnight.org/gan-mn/. Station registry: http://globeatnight-network.org/,"GaN-MN station PAOF (Ouro Fino, MG, Brazil); photometric inflection method; night median MSAS=17.68; MSAS at inflection=19.67; depression=11.71°; smoothing=5-pt median; dark rows=849"
fajr,2025-06-09,05:56,-3,-22.2803,-46.3647,870.0,Globe at Night Monitoring Network (GaN-MN). Continuous SQM-LE sky brightness data. https://globeatnight.org/gan-mn/. Station registry: http://globeatnight-network.org/,"GaN-MN station PAOF (Ouro Fino, MG, Brazil); photometric inflection method; night median MSAS=17.96; MSAS at inflection=19.50; depression=10.31°; smoothing=5-pt median; dark rows=875"
isha,2025-06-09,18:16,-3,-22.2803,-46.3647,870.0,Globe at Night Monitoring Network (GaN-MN). Continuous SQM-LE sky brightness data. https://globeatnight.org/gan-mn/. Station registry: http://globeatnight-network.org/,"GaN-MN station PAOF (Ouro Fino, MG, Brazil); photometric inflection method; night median MSAS=17.60; MSAS at inflection=17.81; depression=11.05°; smoothing=5-pt median; dark rows=875"
fajr,2025-06-10,06:06,-3,-22.2803,-46.3647,870.0,Globe at Night Monitoring Network (GaN-MN). Continuous SQM-LE sky brightness data. https://globeatnight.org/gan-mn/. Station registry: http://globeatnight-network.org/,"GaN-MN station PAOF (Ouro Fino, MG, Brazil); photometric inflection method; night median MSAS=17.60; MSAS at inflection=17.04; depression=8.28°; smoothing=5-pt median; dark rows=875"
isha,2025-06-12,18:00,-3,-22.2803,-46.3647,870.0,Globe at Night Monitoring Network (GaN-MN). Continuous SQM-LE sky brightness data. https://globeatnight.org/gan-mn/. Station registry: http://globeatnight-network.org/,"GaN-MN station PAOF (Ouro Fino, MG, Brazil); photometric inflection method; night median MSAS=17.53; MSAS at inflection=15.39; depression=7.42°; smoothing=5-pt median; dark rows=875"
fajr,2025-06-13,06:00,-3,-22.2803,-46.3647,870.0,Globe at Night Monitoring Network (GaN-MN). Continuous SQM-LE sky brightness data. https://globeatnight.org/gan-mn/. Station registry: http://globeatnight-network.org/,"GaN-MN station PAOF (Ouro Fino, MG, Brazil); photometric inflection method; night median MSAS=17.53; MSAS at inflection=17.69; depression=9.75°; smoothing=5-pt median; dark rows=875"
isha,2025-06-16,18:21,-3,-22.2803,-46.3647,870.0,Globe at Night Monitoring Network (GaN-MN). Continuous SQM-LE sky brightness data. https://globeatnight.org/gan-mn/. Station registry: http://globeatnight-network.org/,"GaN-MN station PAOF (Ouro Fino, MG, Brazil); photometric inflection method; night median MSAS=20.62; MSAS at inflection=19.39; depression=11.83°; smoothing=5-pt median; dark rows=871"
isha,2025-06-05,20:33,8,22.2328,113.9007,15.0,Globe at Night Monitoring Network (GaN-MN). Continuous SQM-LE sky brightness data. https://globeatnight.org/gan-mn/. Station registry: http://globeatnight-network.org/,"GaN-MN station SH (Shek Pik, Lantau Island, Hong Kong); photometric inflection method; night median MSAS=17.71; MSAS at inflection=17.36; depression=18.42°; smoothing=5-pt median; dark rows=1090"
fajr,2025-06-06,03:53,8,22.2328,113.9007,15.0,Globe at Night Monitoring Network (GaN-MN). Continuous SQM-LE sky brightness data. https://globeatnight.org/gan-mn/. Station registry: http://globeatnight-network.org/,"GaN-MN station SH (Shek Pik, Lantau Island, Hong Kong); photometric inflection method; night median MSAS=17.71; MSAS at inflection=17.67; depression=21.87°; smoothing=5-pt median; dark rows=1090"
isha,2025-06-06,19:43,8,22.2328,113.9007,15.0,Globe at Night Monitoring Network (GaN-MN). Continuous SQM-LE sky brightness data. https://globeatnight.org/gan-mn/. Station registry: http://globeatnight-network.org/,"GaN-MN station SH (Shek Pik, Lantau Island, Hong Kong); photometric inflection method; night median MSAS=17.63; MSAS at inflection=15.96; depression=8.52°; smoothing=5-pt median; dark rows=1088"
fajr,2025-06-07,03:57,8,22.2328,113.9007,15.0,Globe at Night Monitoring Network (GaN-MN). Continuous SQM-LE sky brightness data. https://globeatnight.org/gan-mn/. Station registry: http://globeatnight-network.org/,"GaN-MN station SH (Shek Pik, Lantau Island, Hong Kong); photometric inflection method; night median MSAS=17.63; MSAS at inflection=18.50; depression=21.19°; smoothing=5-pt median; dark rows=1088"
fajr,2025-06-09,04:04,8,22.2328,113.9007,15.0,Globe at Night Monitoring Network (GaN-MN). Continuous SQM-LE sky brightness data. https://globeatnight.org/gan-mn/. Station registry: http://globeatnight-network.org/,"GaN-MN station SH (Shek Pik, Lantau Island, Hong Kong); photometric inflection method; night median MSAS=17.80; MSAS at inflection=19.31; depression=19.85°; smoothing=5-pt median; dark rows=1086"
fajr,2025-06-11,04:46,8,22.2328,113.9007,15.0,Globe at Night Monitoring Network (GaN-MN). Continuous SQM-LE sky brightness data. https://globeatnight.org/gan-mn/. Station registry: http://globeatnight-network.org/,"GaN-MN station SH (Shek Pik, Lantau Island, Hong Kong); photometric inflection method; night median MSAS=17.79; MSAS at inflection=18.32; depression=11.66°; smoothing=5-pt median; dark rows=1085"
isha,2025-06-18,19:54,8,22.2328,113.9007,15.0,Globe at Night Monitoring Network (GaN-MN). Continuous SQM-LE sky brightness data. https://globeatnight.org/gan-mn/. Station registry: http://globeatnight-network.org/,"GaN-MN station SH (Shek Pik, Lantau Island, Hong Kong); photometric inflection method; night median MSAS=17.97; MSAS at inflection=17.46; depression=9.92°; smoothing=5-pt median; dark rows=1082"
isha,2025-06-20,20:01,8,22.2328,113.9007,15.0,Globe at Night Monitoring Network (GaN-MN). Continuous SQM-LE sky brightness data. https://globeatnight.org/gan-mn/. Station registry: http://globeatnight-network.org/,"GaN-MN station SH (Shek Pik, Lantau Island, Hong Kong); photometric inflection method; night median MSAS=18.36; MSAS at inflection=18.03; depression=11.12°; smoothing=5-pt median; dark rows=1080"
fajr,2025-06-21,03:57,8,22.2328,113.9007,15.0,Globe at Night Monitoring Network (GaN-MN). Continuous SQM-LE sky brightness data. https://globeatnight.org/gan-mn/. Station registry: http://globeatnight-network.org/,"GaN-MN station SH (Shek Pik, Lantau Island, Hong Kong); photometric inflection method; night median MSAS=18.36; MSAS at inflection=17.51; depression=21.26°; smoothing=5-pt median; dark rows=1080"
fajr,2025-06-23,04:51,8,22.2328,113.9007,15.0,Globe at Night Monitoring Network (GaN-MN). Continuous SQM-LE sky brightness data. https://globeatnight.org/gan-mn/. Station registry: http://globeatnight-network.org/,"GaN-MN station SH (Shek Pik, Lantau Island, Hong Kong); photometric inflection method; night median MSAS=18.90; MSAS at inflection=16.53; depression=10.97°; smoothing=5-pt median; dark rows=1081"
isha,2025-06-25,20:27,8,22.2328,113.9007,15.0,Globe at Night Monitoring Network (GaN-MN). Continuous SQM-LE sky brightness data. https://globeatnight.org/gan-mn/. Station registry: http://globeatnight-network.org/,"GaN-MN station SH (Shek Pik, Lantau Island, Hong Kong); photometric inflection method; night median MSAS=18.83; MSAS at inflection=17.28; depression=16.02°; smoothing=5-pt median; dark rows=1082"
fajr,2025-06-26,05:04,8,22.2328,113.9007,15.0,Globe at Night Monitoring Network (GaN-MN). Continuous SQM-LE sky brightness data. https://globeatnight.org/gan-mn/. Station registry: http://globeatnight-network.org/,"GaN-MN station SH (Shek Pik, Lantau Island, Hong Kong); photometric inflection method; night median MSAS=18.83; MSAS at inflection=16.70; depression=8.73°; smoothing=5-pt median; dark rows=1082"
isha,2025-06-26,19:57,8,22.2328,113.9007,15.0,Globe at Night Monitoring Network (GaN-MN). Continuous SQM-LE sky brightness data. https://globeatnight.org/gan-mn/. Station registry: http://globeatnight-network.org/,"GaN-MN station SH (Shek Pik, Lantau Island, Hong Kong); photometric inflection method; night median MSAS=18.01; MSAS at inflection=17.61; depression=10.13°; smoothing=5-pt median; dark rows=1082"
fajr,2025-06-27,05:16,8,22.2328,113.9007,15.0,Globe at Night Monitoring Network (GaN-MN). Continuous SQM-LE sky brightness data. https://globeatnight.org/gan-mn/. Station registry: http://globeatnight-network.org/,"GaN-MN station SH (Shek Pik, Lantau Island, Hong Kong); photometric inflection method; night median MSAS=18.01; MSAS at inflection=15.80; depression=6.13°; smoothing=5-pt median; dark rows=1082"
isha,2025-06-27,19:54,8,22.2328,113.9007,15.0,Globe at Night Monitoring Network (GaN-MN). Continuous SQM-LE sky brightness data. https://globeatnight.org/gan-mn/. Station registry: http://globeatnight-network.org/,"GaN-MN station SH (Shek Pik, Lantau Island, Hong Kong); photometric inflection method; night median MSAS=17.54; MSAS at inflection=16.94; depression=9.42°; smoothing=5-pt median; dark rows=1083"
fajr,2025-06-28,04:32,8,22.2328,113.9007,15.0,Globe at Night Monitoring Network (GaN-MN). Continuous SQM-LE sky brightness data. https://globeatnight.org/gan-mn/. Station registry: http://globeatnight-network.org/,"GaN-MN station SH (Shek Pik, Lantau Island, Hong Kong); photometric inflection method; night median MSAS=17.54; MSAS at inflection=17.34; depression=15.15°; smoothing=5-pt median; dark rows=1083"
isha,2025-06-28,20:04,8,22.2328,113.9007,15.0,Globe at Night Monitoring Network (GaN-MN). Continuous SQM-LE sky brightness data. https://globeatnight.org/gan-mn/. Station registry: http://globeatnight-network.org/,"GaN-MN station SH (Shek Pik, Lantau Island, Hong Kong); photometric inflection method; night median MSAS=17.84; MSAS at inflection=17.51; depression=11.40°; smoothing=5-pt median; dark rows=1084"
fajr,2025-06-29,04:42,8,22.2328,113.9007,15.0,Globe at Night Monitoring Network (GaN-MN). Continuous SQM-LE sky brightness data. https://globeatnight.org/gan-mn/. Station registry: http://globeatnight-network.org/,"GaN-MN station SH (Shek Pik, Lantau Island, Hong Kong); photometric inflection method; night median MSAS=17.84; MSAS at inflection=18.03; depression=13.18°; smoothing=5-pt median; dark rows=1084"
isha,2025-06-29,20:14,8,22.2328,113.9007,15.0,Globe at Night Monitoring Network (GaN-MN). Continuous SQM-LE sky brightness data. https://globeatnight.org/gan-mn/. Station registry: http://globeatnight-network.org/,"GaN-MN station SH (Shek Pik, Lantau Island, Hong Kong); photometric inflection method; night median MSAS=18.23; MSAS at inflection=18.76; depression=13.36°; smoothing=5-pt median; dark rows=1083"
isha,2025-06-30,19:43,8,22.2328,113.9007,15.0,Globe at Night Monitoring Network (GaN-MN). Continuous SQM-LE sky brightness data. https://globeatnight.org/gan-mn/. Station registry: http://globeatnight-network.org/,"GaN-MN station SH (Shek Pik, Lantau Island, Hong Kong); photometric inflection method; night median MSAS=17.75; MSAS at inflection=15.30; depression=7.23°; smoothing=5-pt median; dark rows=1084"
fajr,2025-07-01,04:08,8,22.2328,113.9007,15.0,Globe at Night Monitoring Network (GaN-MN). Continuous SQM-LE sky brightness data. https://globeatnight.org/gan-mn/. Station registry: http://globeatnight-network.org/,"GaN-MN station SH (Shek Pik, Lantau Island, Hong Kong); photometric inflection method; night median MSAS=17.75; MSAS at inflection=17.05; depression=19.80°; smoothing=5-pt median; dark rows=1084"
isha,2025-06-01,20:13,8,22.4806,114.0194,5.0,Globe at Night Monitoring Network (GaN-MN). Continuous SQM-LE sky brightness data. https://globeatnight.org/gan-mn/. Station registry: http://globeatnight-network.org/,"GaN-MN station TBT (Tsim Bei Tsui, Yuen Long, Hong Kong); photometric inflection method; night median MSAS=18.10; MSAS at inflection=18.07; depression=14.79°; smoothing=5-pt median; dark rows=1092"
fajr,2025-06-02,04:55,8,22.4806,114.0194,5.0,Globe at Night Monitoring Network (GaN-MN). Continuous SQM-LE sky brightness data. https://globeatnight.org/gan-mn/. Station registry: http://globeatnight-network.org/,"GaN-MN station TBT (Tsim Bei Tsui, Yuen Long, Hong Kong); photometric inflection method; night median MSAS=18.10; MSAS at inflection=17.11; depression=9.81°; smoothing=5-pt median; dark rows=1092"
fajr,2025-06-06,04:01,8,22.4806,114.0194,5.0,Globe at Night Monitoring Network (GaN-MN). Continuous SQM-LE sky brightness data. https://globeatnight.org/gan-mn/. Station registry: http://globeatnight-network.org/,"GaN-MN station TBT (Tsim Bei Tsui, Yuen Long, Hong Kong); photometric inflection method; night median MSAS=17.54; MSAS at inflection=17.30; depression=20.26°; smoothing=5-pt median; dark rows=1087"
isha,2025-06-06,20:48,8,22.4806,114.0194,5.0,Globe at Night Monitoring Network (GaN-MN). Continuous SQM-LE sky brightness data. https://globeatnight.org/gan-mn/. Station registry: http://globeatnight-network.org/,"GaN-MN station TBT (Tsim Bei Tsui, Yuen Long, Hong Kong); photometric inflection method; night median MSAS=18.32; MSAS at inflection=17.76; depression=20.97°; smoothing=5-pt median; dark rows=1085"
isha,2025-06-09,20:51,8,22.4806,114.0194,5.0,Globe at Night Monitoring Network (GaN-MN). Continuous SQM-LE sky brightness data. https://globeatnight.org/gan-mn/. Station registry: http://globeatnight-network.org/,"GaN-MN station TBT (Tsim Bei Tsui, Yuen Long, Hong Kong); photometric inflection method; night median MSAS=18.26; MSAS at inflection=17.56; depression=21.27°; smoothing=5-pt median; dark rows=1083"
isha,2025-06-18,19:58,8,22.4806,114.0194,5.0,Globe at Night Monitoring Network (GaN-MN). Continuous SQM-LE sky brightness data. https://globeatnight.org/gan-mn/. Station registry: http://globeatnight-network.org/,"GaN-MN station TBT (Tsim Bei Tsui, Yuen Long, Hong Kong); photometric inflection method; night median MSAS=17.81; MSAS at inflection=17.15; depression=10.69°; smoothing=5-pt median; dark rows=1078"
fajr,2025-06-22,04:43,8,22.4806,114.0194,5.0,Globe at Night Monitoring Network (GaN-MN). Continuous SQM-LE sky brightness data. https://globeatnight.org/gan-mn/. Station registry: http://globeatnight-network.org/,"GaN-MN station TBT (Tsim Bei Tsui, Yuen Long, Hong Kong); photometric inflection method; night median MSAS=18.83; MSAS at inflection=19.01; depression=12.37°; smoothing=5-pt median; dark rows=1079"
fajr,2025-06-26,04:37,8,22.4806,114.0194,5.0,Globe at Night Monitoring Network (GaN-MN). Continuous SQM-LE sky brightness data. https://globeatnight.org/gan-mn/. Station registry: http://globeatnight-network.org/,"GaN-MN station TBT (Tsim Bei Tsui, Yuen Long, Hong Kong); photometric inflection method; night median MSAS=18.60; MSAS at inflection=18.62; depression=13.83°; smoothing=5-pt median; dark rows=1079"
fajr,2025-06-30,05:09,8,22.4806,114.0194,5.0,Globe at Night Monitoring Network (GaN-MN). Continuous SQM-LE sky brightness data. https://globeatnight.org/gan-mn/. Station registry: http://globeatnight-network.org/,"GaN-MN station TBT (Tsim Bei Tsui, Yuen Long, Hong Kong); photometric inflection method; night median MSAS=17.64; MSAS at inflection=16.06; depression=7.60°; smoothing=5-pt median; dark rows=1081"
fajr,2025-06-11,05:05,7,18.5834,98.4868,2565.0,Globe at Night Monitoring Network (GaN-MN). Continuous SQM-LE sky brightness data. https://globeatnight.org/gan-mn/. Station registry: http://globeatnight-network.org/,"GaN-MN station TNO (Doi Inthanon, Chiang Mai, Thailand); photometric inflection method; night median MSAS=17.72; MSAS at inflection=18.29; depression=10.05°; smoothing=5-pt median; dark rows=88"
isha,2025-05-31,21:40,-7,32.6736,-116.5311,1220.0,Globe at Night Monitoring Network (GaN-MN). Continuous SQM-LE sky brightness data. https://globeatnight.org/gan-mn/. Station registry: http://globeatnight-network.org/,"GaN-MN station TSO (Tierra del Sol, San Diego, California, USA); photometric inflection method; night median MSAS=20.21; MSAS at inflection=20.05; depression=19.92°; smoothing=5-pt median; dark rows=392"
fajr,2025-06-01,03:42,-7,32.6736,-116.5311,1220.0,Globe at Night Monitoring Network (GaN-MN). Continuous SQM-LE sky brightness data. https://globeatnight.org/gan-mn/. Station registry: http://globeatnight-network.org/,"GaN-MN station TSO (Tierra del Sol, San Diego, California, USA); photometric inflection method; night median MSAS=20.21; MSAS at inflection=20.20; depression=20.57°; smoothing=5-pt median; dark rows=392"
isha,2025-06-01,21:34,-7,32.6736,-116.5311,1220.0,Globe at Night Monitoring Network (GaN-MN). Continuous SQM-LE sky brightness data. https://globeatnight.org/gan-mn/. Station registry: http://globeatnight-network.org/,"GaN-MN station TSO (Tierra del Sol, San Diego, California, USA); photometric inflection method; night median MSAS=20.62; MSAS at inflection=19.23; depression=18.89°; smoothing=5-pt median; dark rows=391"
fajr,2025-06-02,03:32,-7,32.6736,-116.5311,1220.0,Globe at Night Monitoring Network (GaN-MN). Continuous SQM-LE sky brightness data. https://globeatnight.org/gan-mn/. Station registry: http://globeatnight-network.org/,"GaN-MN station TSO (Tierra del Sol, San Diego, California, USA); photometric inflection method; night median MSAS=20.62; MSAS at inflection=20.88; depression=21.93°; smoothing=5-pt median; dark rows=391"
isha,2025-06-02,21:28,-7,32.6736,-116.5311,1220.0,Globe at Night Monitoring Network (GaN-MN). Continuous SQM-LE sky brightness data. https://globeatnight.org/gan-mn/. Station registry: http://globeatnight-network.org/,"GaN-MN station TSO (Tierra del Sol, San Diego, California, USA); photometric inflection method; night median MSAS=21.19; MSAS at inflection=19.99; depression=17.85°; smoothing=5-pt median; dark rows=390"
fajr,2025-06-03,03:32,-7,32.6736,-116.5311,1220.0,Globe at Night Monitoring Network (GaN-MN). Continuous SQM-LE sky brightness data. https://globeatnight.org/gan-mn/. Station registry: http://globeatnight-network.org/,"GaN-MN station TSO (Tierra del Sol, San Diego, California, USA); photometric inflection method; night median MSAS=21.19; MSAS at inflection=21.31; depression=21.86°; smoothing=5-pt median; dark rows=390"
isha,2025-06-03,21:29,-7,32.6736,-116.5311,1220.0,Globe at Night Monitoring Network (GaN-MN). Continuous SQM-LE sky brightness data. https://globeatnight.org/gan-mn/. Station registry: http://globeatnight-network.org/,"GaN-MN station TSO (Tierra del Sol, San Diego, California, USA); photometric inflection method; night median MSAS=20.50; MSAS at inflection=18.82; depression=17.89°; smoothing=5-pt median; dark rows=389"
fajr,2025-06-04,03:57,-7,32.6736,-116.5311,1220.0,Globe at Night Monitoring Network (GaN-MN). Continuous SQM-LE sky brightness data. https://globeatnight.org/gan-mn/. Station registry: http://globeatnight-network.org/,"GaN-MN station TSO (Tierra del Sol, San Diego, California, USA); photometric inflection method; night median MSAS=20.50; MSAS at inflection=21.47; depression=18.12°; smoothing=5-pt median; dark rows=389"
isha,2025-06-04,21:30,-7,32.6736,-116.5311,1220.0,Globe at Night Monitoring Network (GaN-MN). Continuous SQM-LE sky brightness data. https://globeatnight.org/gan-mn/. Station registry: http://globeatnight-network.org/,"GaN-MN station TSO (Tierra del Sol, San Diego, California, USA); photometric inflection method; night median MSAS=20.53; MSAS at inflection=19.25; depression=17.93°; smoothing=5-pt median; dark rows=387"
fajr,2025-06-05,03:45,-7,32.6736,-116.5311,1220.0,Globe at Night Monitoring Network (GaN-MN). Continuous SQM-LE sky brightness data. https://globeatnight.org/gan-mn/. Station registry: http://globeatnight-network.org/,"GaN-MN station TSO (Tierra del Sol, San Diego, California, USA); photometric inflection method; night median MSAS=20.53; MSAS at inflection=21.49; depression=19.86°; smoothing=5-pt median; dark rows=387"
isha,2025-06-05,21:46,-7,32.6736,-116.5311,1220.0,Globe at Night Monitoring Network (GaN-MN). Continuous SQM-LE sky brightness data. https://globeatnight.org/gan-mn/. Station registry: http://globeatnight-network.org/,"GaN-MN station TSO (Tierra del Sol, San Diego, California, USA); photometric inflection method; night median MSAS=20.34; MSAS at inflection=19.07; depression=20.21°; smoothing=5-pt median; dark rows=386"
fajr,2025-06-06,03:56,-7,32.6736,-116.5311,1220.0,Globe at Night Monitoring Network (GaN-MN). Continuous SQM-LE sky brightness data. https://globeatnight.org/gan-mn/. Station registry: http://globeatnight-network.org/,"GaN-MN station TSO (Tierra del Sol, San Diego, California, USA); photometric inflection method; night median MSAS=20.34; MSAS at inflection=21.43; depression=18.17°; smoothing=5-pt median; dark rows=386"
fajr,2025-06-07,03:41,-7,32.6736,-116.5311,1220.0,Globe at Night Monitoring Network (GaN-MN). Continuous SQM-LE sky brightness data. https://globeatnight.org/gan-mn/. Station registry: http://globeatnight-network.org/,"GaN-MN station TSO (Tierra del Sol, San Diego, California, USA); photometric inflection method; night median MSAS=20.22; MSAS at inflection=21.52; depression=20.35°; smoothing=5-pt median; dark rows=386"
isha,2025-06-07,21:57,-7,32.6736,-116.5311,1220.0,Globe at Night Monitoring Network (GaN-MN). Continuous SQM-LE sky brightness data. https://globeatnight.org/gan-mn/. Station registry: http://globeatnight-network.org/,"GaN-MN station TSO (Tierra del Sol, San Diego, California, USA); photometric inflection method; night median MSAS=19.65; MSAS at inflection=19.38; depression=21.57°; smoothing=5-pt median; dark rows=385"
fajr,2025-06-08,03:39,-7,32.6736,-116.5311,1220.0,Globe at Night Monitoring Network (GaN-MN). Continuous SQM-LE sky brightness data. https://globeatnight.org/gan-mn/. Station registry: http://globeatnight-network.org/,"GaN-MN station TSO (Tierra del Sol, San Diego, California, USA); photometric inflection method; night median MSAS=19.65; MSAS at inflection=21.49; depression=20.59°; smoothing=5-pt median; dark rows=385"
isha,2025-06-09,21:37,-7,32.6736,-116.5311,1220.0,Globe at Night Monitoring Network (GaN-MN). Continuous SQM-LE sky brightness data. https://globeatnight.org/gan-mn/. Station registry: http://globeatnight-network.org/,"GaN-MN station TSO (Tierra del Sol, San Diego, California, USA); photometric inflection method; night median MSAS=19.23; MSAS at inflection=19.41; depression=18.50°; smoothing=5-pt median; dark rows=383"
isha,2025-06-11,21:34,-7,32.6736,-116.5311,1220.0,Globe at Night Monitoring Network (GaN-MN). Continuous SQM-LE sky brightness data. https://globeatnight.org/gan-mn/. Station registry: http://globeatnight-network.org/,"GaN-MN station TSO (Tierra del Sol, San Diego, California, USA); photometric inflection method; night median MSAS=19.32; MSAS at inflection=20.19; depression=17.88°; smoothing=5-pt median; dark rows=382"
isha,2025-06-12,21:37,-7,32.6736,-116.5311,1220.0,Globe at Night Monitoring Network (GaN-MN). Continuous SQM-LE sky brightness data. https://globeatnight.org/gan-mn/. Station registry: http://globeatnight-network.org/,"GaN-MN station TSO (Tierra del Sol, San Diego, California, USA); photometric inflection method; night median MSAS=19.63; MSAS at inflection=21.45; depression=18.26°; smoothing=5-pt median; dark rows=381"
fajr,2025-06-13,03:48,-7,32.6736,-116.5311,1220.0,Globe at Night Monitoring Network (GaN-MN). Continuous SQM-LE sky brightness data. https://globeatnight.org/gan-mn/. Station registry: http://globeatnight-network.org/,"GaN-MN station TSO (Tierra del Sol, San Diego, California, USA); photometric inflection method; night median MSAS=19.63; MSAS at inflection=19.45; depression=19.17°; smoothing=5-pt median; dark rows=381"
fajr,2025-06-14,03:55,-7,32.6736,-116.5311,1220.0,Globe at Night Monitoring Network (GaN-MN). Continuous SQM-LE sky brightness data. https://globeatnight.org/gan-mn/. Station registry: http://globeatnight-network.org/,"GaN-MN station TSO (Tierra del Sol, San Diego, California, USA); photometric inflection method; night median MSAS=20.03; MSAS at inflection=19.55; depression=18.13°; smoothing=5-pt median; dark rows=381"
isha,2025-06-14,21:40,-7,32.6736,-116.5311,1220.0,Globe at Night Monitoring Network (GaN-MN). Continuous SQM-LE sky brightness data. https://globeatnight.org/gan-mn/. Station registry: http://globeatnight-network.org/,"GaN-MN station TSO (Tierra del Sol, San Diego, California, USA); photometric inflection method; night median MSAS=20.38; MSAS at inflection=21.60; depression=18.56°; smoothing=5-pt median; dark rows=380"
fajr,2025-06-15,03:37,-7,32.6736,-116.5311,1220.0,Globe at Night Monitoring Network (GaN-MN). Continuous SQM-LE sky brightness data. https://globeatnight.org/gan-mn/. Station registry: http://globeatnight-network.org/,"GaN-MN station TSO (Tierra del Sol, San Diego, California, USA); photometric inflection method; night median MSAS=20.38; MSAS at inflection=19.71; depression=20.74°; smoothing=5-pt median; dark rows=380"
isha,2025-06-15,21:39,-7,32.6736,-116.5311,1220.0,Globe at Night Monitoring Network (GaN-MN). Continuous SQM-LE sky brightness data. https://globeatnight.org/gan-mn/. Station registry: http://globeatnight-network.org/,"GaN-MN station TSO (Tierra del Sol, San Diego, California, USA); photometric inflection method; night median MSAS=20.72; MSAS at inflection=21.48; depression=18.35°; smoothing=5-pt median; dark rows=380"
isha,2025-06-16,22:01,-7,32.6736,-116.5311,1220.0,Globe at Night Monitoring Network (GaN-MN). Continuous SQM-LE sky brightness data. https://globeatnight.org/gan-mn/. Station registry: http://globeatnight-network.org/,"GaN-MN station TSO (Tierra del Sol, San Diego, California, USA); photometric inflection method; night median MSAS=21.07; MSAS at inflection=21.63; depression=21.44°; smoothing=5-pt median; dark rows=380"
fajr,2025-06-17,03:55,-7,32.6736,-116.5311,1220.0,Globe at Night Monitoring Network (GaN-MN). Continuous SQM-LE sky brightness data. https://globeatnight.org/gan-mn/. Station registry: http://globeatnight-network.org/,"GaN-MN station TSO (Tierra del Sol, San Diego, California, USA); photometric inflection method; night median MSAS=21.07; MSAS at inflection=20.05; depression=18.15°; smoothing=5-pt median; dark rows=380"
fajr,2025-06-18,03:28,-7,32.6736,-116.5311,1220.0,Globe at Night Monitoring Network (GaN-MN). Continuous SQM-LE sky brightness data. https://globeatnight.org/gan-mn/. Station registry: http://globeatnight-network.org/,"GaN-MN station TSO (Tierra del Sol, San Diego, California, USA); photometric inflection method; night median MSAS=21.49; MSAS at inflection=20.44; depression=22.00°; smoothing=5-pt median; dark rows=379"
isha,2025-06-18,21:37,-7,32.6736,-116.5311,1220.0,Globe at Night Monitoring Network (GaN-MN). Continuous SQM-LE sky brightness data. https://globeatnight.org/gan-mn/. Station registry: http://globeatnight-network.org/,"GaN-MN station TSO (Tierra del Sol, San Diego, California, USA); photometric inflection method; night median MSAS=21.60; MSAS at inflection=21.53; depression=17.90°; smoothing=5-pt median; dark rows=379"
fajr,2025-06-19,03:55,-7,32.6736,-116.5311,1220.0,Globe at Night Monitoring Network (GaN-MN). Continuous SQM-LE sky brightness data. https://globeatnight.org/gan-mn/. Station registry: http://globeatnight-network.org/,"GaN-MN station TSO (Tierra del Sol, San Diego, California, USA); photometric inflection method; night median MSAS=21.60; MSAS at inflection=20.69; depression=18.19°; smoothing=5-pt median; dark rows=379"
isha,2025-06-19,21:44,-7,32.6736,-116.5311,1220.0,Globe at Night Monitoring Network (GaN-MN). Continuous SQM-LE sky brightness data. https://globeatnight.org/gan-mn/. Station registry: http://globeatnight-network.org/,"GaN-MN station TSO (Tierra del Sol, San Diego, California, USA); photometric inflection method; night median MSAS=21.61; MSAS at inflection=21.61; depression=18.89°; smoothing=5-pt median; dark rows=379"
fajr,2025-06-20,03:48,-7,32.6736,-116.5311,1220.0,Globe at Night Monitoring Network (GaN-MN). Continuous SQM-LE sky brightness data. https://globeatnight.org/gan-mn/. Station registry: http://globeatnight-network.org/,"GaN-MN station TSO (Tierra del Sol, San Diego, California, USA); photometric inflection method; night median MSAS=21.61; MSAS at inflection=21.01; depression=19.25°; smoothing=5-pt median; dark rows=379"
isha,2025-06-21,21:47,-7,32.6736,-116.5311,1220.0,Globe at Night Monitoring Network (GaN-MN). Continuous SQM-LE sky brightness data. https://globeatnight.org/gan-mn/. Station registry: http://globeatnight-network.org/,"GaN-MN station TSO (Tierra del Sol, San Diego, California, USA); photometric inflection method; night median MSAS=21.40; MSAS at inflection=21.77; depression=19.27°; smoothing=5-pt median; dark rows=379"
fajr,2025-06-22,03:34,-7,32.6736,-116.5311,1220.0,Globe at Night Monitoring Network (GaN-MN). Continuous SQM-LE sky brightness data. https://globeatnight.org/gan-mn/. Station registry: http://globeatnight-network.org/,"GaN-MN station TSO (Tierra del Sol, San Diego, California, USA); photometric inflection method; night median MSAS=21.40; MSAS at inflection=21.12; depression=21.29°; smoothing=5-pt median; dark rows=379"
isha,2025-06-22,21:45,-7,32.6736,-116.5311,1220.0,Globe at Night Monitoring Network (GaN-MN). Continuous SQM-LE sky brightness data. https://globeatnight.org/gan-mn/. Station registry: http://globeatnight-network.org/,"GaN-MN station TSO (Tierra del Sol, San Diego, California, USA); photometric inflection method; night median MSAS=21.64; MSAS at inflection=21.70; depression=18.95°; smoothing=5-pt median; dark rows=379"
fajr,2025-06-23,03:33,-7,32.6736,-116.5311,1220.0,Globe at Night Monitoring Network (GaN-MN). Continuous SQM-LE sky brightness data. https://globeatnight.org/gan-mn/. Station registry: http://globeatnight-network.org/,"GaN-MN station TSO (Tierra del Sol, San Diego, California, USA); photometric inflection method; night median MSAS=21.64; MSAS at inflection=21.53; depression=21.47°; smoothing=5-pt median; dark rows=379"
isha,2025-06-23,21:45,-7,32.6736,-116.5311,1220.0,Globe at Night Monitoring Network (GaN-MN). Continuous SQM-LE sky brightness data. https://globeatnight.org/gan-mn/. Station registry: http://globeatnight-network.org/,"GaN-MN station TSO (Tierra del Sol, San Diego, California, USA); photometric inflection method; night median MSAS=21.69; MSAS at inflection=21.68; depression=18.93°; smoothing=5-pt median; dark rows=380"
isha,2025-06-24,21:40,-7,32.6736,-116.5311,1220.0,Globe at Night Monitoring Network (GaN-MN). Continuous SQM-LE sky brightness data. https://globeatnight.org/gan-mn/. Station registry: http://globeatnight-network.org/,"GaN-MN station TSO (Tierra del Sol, San Diego, California, USA); photometric inflection method; night median MSAS=21.62; MSAS at inflection=21.59; depression=18.17°; smoothing=5-pt median; dark rows=380"
isha,2025-06-25,21:40,-7,32.6736,-116.5311,1220.0,Globe at Night Monitoring Network (GaN-MN). Continuous SQM-LE sky brightness data. https://globeatnight.org/gan-mn/. Station registry: http://globeatnight-network.org/,"GaN-MN station TSO (Tierra del Sol, San Diego, California, USA); photometric inflection method; night median MSAS=21.57; MSAS at inflection=21.60; depression=18.17°; smoothing=5-pt median; dark rows=380"
isha,2025-06-26,21:38,-7,32.6736,-116.5311,1220.0,Globe at Night Monitoring Network (GaN-MN). Continuous SQM-LE sky brightness data. https://globeatnight.org/gan-mn/. Station registry: http://globeatnight-network.org/,"GaN-MN station TSO (Tierra del Sol, San Diego, California, USA); photometric inflection method; night median MSAS=21.55; MSAS at inflection=21.43; depression=17.87°; smoothing=5-pt median; dark rows=381"
isha,2025-06-27,21:45,-7,32.6736,-116.5311,1220.0,Globe at Night Monitoring Network (GaN-MN). Continuous SQM-LE sky brightness data. https://globeatnight.org/gan-mn/. Station registry: http://globeatnight-network.org/,"GaN-MN station TSO (Tierra del Sol, San Diego, California, USA); photometric inflection method; night median MSAS=21.60; MSAS at inflection=21.57; depression=18.91°; smoothing=5-pt median; dark rows=381"
isha,2025-06-29,21:38,-7,32.6736,-116.5311,1220.0,Globe at Night Monitoring Network (GaN-MN). Continuous SQM-LE sky brightness data. https://globeatnight.org/gan-mn/. Station registry: http://globeatnight-network.org/,"GaN-MN station TSO (Tierra del Sol, San Diego, California, USA); photometric inflection method; night median MSAS=21.55; MSAS at inflection=21.39; depression=17.89°; smoothing=5-pt median; dark rows=382"
fajr,2025-06-30,03:35,-7,32.6736,-116.5311,1220.0,Globe at Night Monitoring Network (GaN-MN). Continuous SQM-LE sky brightness data. https://globeatnight.org/gan-mn/. Station registry: http://globeatnight-network.org/,"GaN-MN station TSO (Tierra del Sol, San Diego, California, USA); photometric inflection method; night median MSAS=21.55; MSAS at inflection=21.59; depression=21.63°; smoothing=5-pt median; dark rows=382"
fajr,2025-06-10,04:37,8,22.2974,114.1737,5.0,Globe at Night Monitoring Network (GaN-MN). Continuous SQM-LE sky brightness data. https://globeatnight.org/gan-mn/. Station registry: http://globeatnight-network.org/,"GaN-MN station TST (Kowloon, Hong Kong Space Museum); photometric inflection method; night median MSAS=18.09; MSAS at inflection=18.81; depression=13.20°; smoothing=5-pt median; dark rows=1084"
fajr,2025-06-04,05:22,10,-36.8983,149.9044,30.0,Globe at Night Monitoring Network (GaN-MN). Continuous SQM-LE sky brightness data. https://globeatnight.org/gan-mn/. Station registry: http://globeatnight-network.org/,"GaN-MN station Tura (Merimbula, New South Wales, Australia); photometric inflection method; night median MSAS=22.12; MSAS at inflection=22.54; depression=20.17°; smoothing=5-pt median; dark rows=754"
isha,2025-06-09,18:31,10,-36.8983,149.9044,30.0,Globe at Night Monitoring Network (GaN-MN). Continuous SQM-LE sky brightness data. https://globeatnight.org/gan-mn/. Station registry: http://globeatnight-network.org/,"GaN-MN station Tura (Merimbula, New South Wales, Australia); photometric inflection method; night median MSAS=19.71; MSAS at inflection=19.80; depression=19.68°; smoothing=5-pt median; dark rows=756"
isha,2025-06-11,17:58,10,-36.8983,149.9044,30.0,Globe at Night Monitoring Network (GaN-MN). Continuous SQM-LE sky brightness data. https://globeatnight.org/gan-mn/. Station registry: http://globeatnight-network.org/,"GaN-MN station Tura (Merimbula, New South Wales, Australia); photometric inflection method; night median MSAS=20.18; MSAS at inflection=20.17; depression=13.26°; smoothing=5-pt median; dark rows=759"
fajr,2025-06-12,05:27,10,-36.8983,149.9044,30.0,Globe at Night Monitoring Network (GaN-MN). Continuous SQM-LE sky brightness data. https://globeatnight.org/gan-mn/. Station registry: http://globeatnight-network.org/,"GaN-MN station Tura (Merimbula, New South Wales, Australia); photometric inflection method; night median MSAS=20.18; MSAS at inflection=20.74; depression=19.96°; smoothing=5-pt median; dark rows=759"
isha,2025-06-12,17:51,10,-36.8983,149.9044,30.0,Globe at Night Monitoring Network (GaN-MN). Continuous SQM-LE sky brightness data. https://globeatnight.org/gan-mn/. Station registry: http://globeatnight-network.org/,"GaN-MN station Tura (Merimbula, New South Wales, Australia); photometric inflection method; night median MSAS=20.35; MSAS at inflection=20.83; depression=11.99°; smoothing=5-pt median; dark rows=758"
isha,2025-06-13,18:02,10,-36.8983,149.9044,30.0,Globe at Night Monitoring Network (GaN-MN). Continuous SQM-LE sky brightness data. https://globeatnight.org/gan-mn/. Station registry: http://globeatnight-network.org/,"GaN-MN station Tura (Merimbula, New South Wales, Australia); photometric inflection method; night median MSAS=20.74; MSAS at inflection=22.05; depression=14.09°; smoothing=5-pt median; dark rows=759"
fajr,2025-06-15,05:29,10,-36.8983,149.9044,30.0,Globe at Night Monitoring Network (GaN-MN). Continuous SQM-LE sky brightness data. https://globeatnight.org/gan-mn/. Station registry: http://globeatnight-network.org/,"GaN-MN station Tura (Merimbula, New South Wales, Australia); photometric inflection method; night median MSAS=19.95; MSAS at inflection=19.94; depression=19.66°; smoothing=5-pt median; dark rows=759"
fajr,2025-06-16,05:38,10,-36.8983,149.9044,30.0,Globe at Night Monitoring Network (GaN-MN). Continuous SQM-LE sky brightness data. https://globeatnight.org/gan-mn/. Station registry: http://globeatnight-network.org/,"GaN-MN station Tura (Merimbula, New South Wales, Australia); photometric inflection method; night median MSAS=21.05; MSAS at inflection=21.20; depression=18.14°; smoothing=5-pt median; dark rows=761"
isha,2025-06-21,18:11,10,-36.8983,149.9044,30.0,Globe at Night Monitoring Network (GaN-MN). Continuous SQM-LE sky brightness data. https://globeatnight.org/gan-mn/. Station registry: http://globeatnight-network.org/,"GaN-MN station Tura (Merimbula, New South Wales, Australia); photometric inflection method; night median MSAS=22.83; MSAS at inflection=22.52; depression=15.51°; smoothing=5-pt median; dark rows=761"
fajr,2025-06-24,05:50,10,-36.8983,149.9044,30.0,Globe at Night Monitoring Network (GaN-MN). Continuous SQM-LE sky brightness data. https://globeatnight.org/gan-mn/. Station registry: http://globeatnight-network.org/,"GaN-MN station Tura (Merimbula, New South Wales, Australia); photometric inflection method; night median MSAS=22.88; MSAS at inflection=22.87; depression=16.11°; smoothing=5-pt median; dark rows=761"
isha,2025-06-24,18:08,10,-36.8983,149.9044,30.0,Globe at Night Monitoring Network (GaN-MN). Continuous SQM-LE sky brightness data. https://globeatnight.org/gan-mn/. Station registry: http://globeatnight-network.org/,"GaN-MN station Tura (Merimbula, New South Wales, Australia); photometric inflection method; night median MSAS=22.80; MSAS at inflection=22.42; depression=14.91°; smoothing=5-pt median; dark rows=760"
fajr,2025-06-25,05:58,10,-36.8983,149.9044,30.0,Globe at Night Monitoring Network (GaN-MN). Continuous SQM-LE sky brightness data. https://globeatnight.org/gan-mn/. Station registry: http://globeatnight-network.org/,"GaN-MN station Tura (Merimbula, New South Wales, Australia); photometric inflection method; night median MSAS=22.80; MSAS at inflection=22.42; depression=14.58°; smoothing=5-pt median; dark rows=760"
isha,2025-06-25,17:57,10,-36.8983,149.9044,30.0,Globe at Night Monitoring Network (GaN-MN). Continuous SQM-LE sky brightness data. https://globeatnight.org/gan-mn/. Station registry: http://globeatnight-network.org/,"GaN-MN station Tura (Merimbula, New South Wales, Australia); photometric inflection method; night median MSAS=22.74; MSAS at inflection=21.31; depression=12.81°; smoothing=5-pt median; dark rows=761"
fajr,2025-06-27,05:57,10,-36.8983,149.9044,30.0,Globe at Night Monitoring Network (GaN-MN). Continuous SQM-LE sky brightness data. https://globeatnight.org/gan-mn/. Station registry: http://globeatnight-network.org/,"GaN-MN station Tura (Merimbula, New South Wales, Australia); photometric inflection method; night median MSAS=23.02; MSAS at inflection=22.40; depression=14.92°; smoothing=5-pt median; dark rows=760"
isha,2025-06-28,18:38,10,-36.8983,149.9044,30.0,Globe at Night Monitoring Network (GaN-MN). Continuous SQM-LE sky brightness data. https://globeatnight.org/gan-mn/. Station registry: http://globeatnight-network.org/,"GaN-MN station Tura (Merimbula, New South Wales, Australia); photometric inflection method; night median MSAS=22.92; MSAS at inflection=22.81; depression=20.39°; smoothing=5-pt median; dark rows=759"
fajr,2025-06-29,05:41,10,-36.8983,149.9044,30.0,Globe at Night Monitoring Network (GaN-MN). Continuous SQM-LE sky brightness data. https://globeatnight.org/gan-mn/. Station registry: http://globeatnight-network.org/,"GaN-MN station Tura (Merimbula, New South Wales, Australia); photometric inflection method; night median MSAS=22.92; MSAS at inflection=23.06; depression=17.93°; smoothing=5-pt median; dark rows=759"
fajr,2025-06-30,06:10,10,-36.8983,149.9044,30.0,Globe at Night Monitoring Network (GaN-MN). Continuous SQM-LE sky brightness data. https://globeatnight.org/gan-mn/. Station registry: http://globeatnight-network.org/,"GaN-MN station Tura (Merimbula, New South Wales, Australia); photometric inflection method; night median MSAS=23.03; MSAS at inflection=21.91; depression=12.38°; smoothing=5-pt median; dark rows=759"
fajr,2025-07-01,06:10,10,-36.8983,149.9044,30.0,Globe at Night Monitoring Network (GaN-MN). Continuous SQM-LE sky brightness data. https://globeatnight.org/gan-mn/. Station registry: http://globeatnight-network.org/,"GaN-MN station Tura (Merimbula, New South Wales, Australia); photometric inflection method; night median MSAS=22.91; MSAS at inflection=22.59; depression=12.53°; smoothing=5-pt median; dark rows=758"
isha,2025-06-02,01:14,2,49.0167,13.2333,590.0,Globe at Night Monitoring Network (GaN-MN). Continuous SQM-LE sky brightness data. https://globeatnight.org/gan-mn/. Station registry: http://globeatnight-network.org/,"GaN-MN station Zwi (Zwiesel, Germany); photometric inflection method; night median MSAS=20.00; MSAS at inflection=20.20; depression=18.77°; smoothing=5-pt median; dark rows=656"
fajr,2025-06-02,01:15,2,49.0167,13.2333,590.0,Globe at Night Monitoring Network (GaN-MN). Continuous SQM-LE sky brightness data. https://globeatnight.org/gan-mn/. Station registry: http://globeatnight-network.org/,"GaN-MN station Zwi (Zwiesel, Germany); photometric inflection method; night median MSAS=20.00; MSAS at inflection=20.20; depression=18.76°; smoothing=5-pt median; dark rows=656"
isha,2025-06-03,00:18,2,49.0167,13.2333,590.0,Globe at Night Monitoring Network (GaN-MN). Continuous SQM-LE sky brightness data. https://globeatnight.org/gan-mn/. Station registry: http://globeatnight-network.org/,"GaN-MN station Zwi (Zwiesel, Germany); photometric inflection method; night median MSAS=19.25; MSAS at inflection=19.27; depression=17.92°; smoothing=5-pt median; dark rows=651"
isha,2025-06-04,00:40,2,49.0167,13.2333,590.0,Globe at Night Monitoring Network (GaN-MN). Continuous SQM-LE sky brightness data. https://globeatnight.org/gan-mn/. Station registry: http://globeatnight-network.org/,"GaN-MN station Zwi (Zwiesel, Germany); photometric inflection method; night median MSAS=19.44; MSAS at inflection=19.49; depression=18.34°; smoothing=5-pt median; dark rows=647"
fajr,2025-06-04,01:16,2,49.0167,13.2333,590.0,Globe at Night Monitoring Network (GaN-MN). Continuous SQM-LE sky brightness data. https://globeatnight.org/gan-mn/. Station registry: http://globeatnight-network.org/,"GaN-MN station Zwi (Zwiesel, Germany); photometric inflection method; night median MSAS=19.44; MSAS at inflection=20.20; depression=18.51°; smoothing=5-pt median; dark rows=647"
isha,2025-06-05,01:18,2,49.0167,13.2333,590.0,Globe at Night Monitoring Network (GaN-MN). Continuous SQM-LE sky brightness data. https://globeatnight.org/gan-mn/. Station registry: http://globeatnight-network.org/,"GaN-MN station Zwi (Zwiesel, Germany); photometric inflection method; night median MSAS=19.24; MSAS at inflection=19.60; depression=18.38°; smoothing=5-pt median; dark rows=642"
fajr,2025-06-05,01:18,2,49.0167,13.2333,590.0,Globe at Night Monitoring Network (GaN-MN). Continuous SQM-LE sky brightness data. https://globeatnight.org/gan-mn/. Station registry: http://globeatnight-network.org/,"GaN-MN station Zwi (Zwiesel, Germany); photometric inflection method; night median MSAS=19.24; MSAS at inflection=19.80; depression=18.38°; smoothing=5-pt median; dark rows=642"
fajr,2025-06-06,02:35,2,49.0167,13.2333,590.0,Globe at Night Monitoring Network (GaN-MN). Continuous SQM-LE sky brightness data. https://globeatnight.org/gan-mn/. Station registry: http://globeatnight-network.org/,"GaN-MN station Zwi (Zwiesel, Germany); photometric inflection method; night median MSAS=19.68; MSAS at inflection=20.32; depression=15.57°; smoothing=5-pt median; dark rows=639"
fajr,2025-06-09,01:02,2,49.0167,13.2333,590.0,Globe at Night Monitoring Network (GaN-MN). Continuous SQM-LE sky brightness data. https://globeatnight.org/gan-mn/. Station registry: http://globeatnight-network.org/,"GaN-MN station Zwi (Zwiesel, Germany); photometric inflection method; night median MSAS=18.78; MSAS at inflection=18.70; depression=18.05°; smoothing=5-pt median; dark rows=628"
fajr,2025-06-10,01:05,2,49.0167,13.2333,590.0,Globe at Night Monitoring Network (GaN-MN). Continuous SQM-LE sky brightness data. https://globeatnight.org/gan-mn/. Station registry: http://globeatnight-network.org/,"GaN-MN station Zwi (Zwiesel, Germany); photometric inflection method; night median MSAS=19.12; MSAS at inflection=19.18; depression=17.97°; smoothing=5-pt median; dark rows=625"
fajr,2025-06-15,02:49,2,49.0167,13.2333,590.0,Globe at Night Monitoring Network (GaN-MN). Continuous SQM-LE sky brightness data. https://globeatnight.org/gan-mn/. Station registry: http://globeatnight-network.org/,"GaN-MN station Zwi (Zwiesel, Germany); photometric inflection method; night median MSAS=19.89; MSAS at inflection=19.43; depression=14.19°; smoothing=5-pt median; dark rows=587"
isha,2025-06-16,01:14,2,49.0167,13.2333,590.0,Globe at Night Monitoring Network (GaN-MN). Continuous SQM-LE sky brightness data. https://globeatnight.org/gan-mn/. Station registry: http://globeatnight-network.org/,"GaN-MN station Zwi (Zwiesel, Germany); photometric inflection method; night median MSAS=18.81; MSAS at inflection=19.00; depression=17.62°; smoothing=5-pt median; dark rows=612"
isha,2025-06-19,00:17,2,49.0167,13.2333,590.0,Globe at Night Monitoring Network (GaN-MN). Continuous SQM-LE sky brightness data. https://globeatnight.org/gan-mn/. Station registry: http://globeatnight-network.org/,"GaN-MN station Zwi (Zwiesel, Germany); photometric inflection method; night median MSAS=20.50; MSAS at inflection=20.93; depression=16.68°; smoothing=5-pt median; dark rows=609"
isha,2025-06-20,01:05,2,49.0167,13.2333,590.0,Globe at Night Monitoring Network (GaN-MN). Continuous SQM-LE sky brightness data. https://globeatnight.org/gan-mn/. Station registry: http://globeatnight-network.org/,"GaN-MN station Zwi (Zwiesel, Germany); photometric inflection method; night median MSAS=20.90; MSAS at inflection=21.16; depression=17.55°; smoothing=5-pt median; dark rows=609"
fajr,2025-06-21,03:35,2,49.0167,13.2333,590.0,Globe at Night Monitoring Network (GaN-MN). Continuous SQM-LE sky brightness data. https://globeatnight.org/gan-mn/. Station registry: http://globeatnight-network.org/,"GaN-MN station Zwi (Zwiesel, Germany); photometric inflection method; night median MSAS=20.93; MSAS at inflection=18.47; depression=10.52°; smoothing=5-pt median; dark rows=609"
isha,2025-06-22,22:51,2,49.0167,13.2333,590.0,Globe at Night Monitoring Network (GaN-MN). Continuous SQM-LE sky brightness data. https://globeatnight.org/gan-mn/. Station registry: http://globeatnight-network.org/,"GaN-MN station Zwi (Zwiesel, Germany); photometric inflection method; night median MSAS=20.94; MSAS at inflection=19.34; depression=11.36°; smoothing=5-pt median; dark rows=610"
isha,2025-06-24,01:11,2,49.0167,13.2333,590.0,Globe at Night Monitoring Network (GaN-MN). Continuous SQM-LE sky brightness data. https://globeatnight.org/gan-mn/. Station registry: http://globeatnight-network.org/,"GaN-MN station Zwi (Zwiesel, Germany); photometric inflection method; night median MSAS=20.54; MSAS at inflection=20.65; depression=17.57°; smoothing=5-pt median; dark rows=609"
fajr,2025-06-24,01:12,2,49.0167,13.2333,590.0,Globe at Night Monitoring Network (GaN-MN). Continuous SQM-LE sky brightness data. https://globeatnight.org/gan-mn/. Station registry: http://globeatnight-network.org/,"GaN-MN station Zwi (Zwiesel, Germany); photometric inflection method; night median MSAS=20.54; MSAS at inflection=20.66; depression=17.57°; smoothing=5-pt median; dark rows=609"
isha,2025-06-24,22:50,2,49.0167,13.2333,590.0,Globe at Night Monitoring Network (GaN-MN). Continuous SQM-LE sky brightness data. https://globeatnight.org/gan-mn/. Station registry: http://globeatnight-network.org/,"GaN-MN station Zwi (Zwiesel, Germany); photometric inflection method; night median MSAS=21.06; MSAS at inflection=19.24; depression=11.19°; smoothing=5-pt median; dark rows=610"
isha,2025-06-27,00:30,2,49.0167,13.2333,590.0,Globe at Night Monitoring Network (GaN-MN). Continuous SQM-LE sky brightness data. https://globeatnight.org/gan-mn/. Station registry: http://globeatnight-network.org/,"GaN-MN station Zwi (Zwiesel, Germany); photometric inflection method; night median MSAS=19.82; MSAS at inflection=20.44; depression=17.11°; smoothing=5-pt median; dark rows=613"
isha,2025-06-28,23:27,2,49.0167,13.2333,590.0,Globe at Night Monitoring Network (GaN-MN). Continuous SQM-LE sky brightness data. https://globeatnight.org/gan-mn/. Station registry: http://globeatnight-network.org/,"GaN-MN station Zwi (Zwiesel, Germany); photometric inflection method; night median MSAS=20.90; MSAS at inflection=20.66; depression=14.19°; smoothing=5-pt median; dark rows=617"
isha,2025-06-29,23:10,2,49.0167,13.2333,590.0,Globe at Night Monitoring Network (GaN-MN). Continuous SQM-LE sky brightness data. https://globeatnight.org/gan-mn/. Station registry: http://globeatnight-network.org/,"GaN-MN station Zwi (Zwiesel, Germany); photometric inflection method; night median MSAS=21.01; MSAS at inflection=20.25; depression=12.96°; smoothing=5-pt median; dark rows=619"
isha,2025-06-30,23:16,2,49.0167,13.2333,590.0,Globe at Night Monitoring Network (GaN-MN). Continuous SQM-LE sky brightness data. https://globeatnight.org/gan-mn/. Station registry: http://globeatnight-network.org/,"GaN-MN station Zwi (Zwiesel, Germany); photometric inflection method; night median MSAS=21.07; MSAS at inflection=20.47; depression=13.50°; smoothing=5-pt median; dark rows=409"
fajr,2025-06-30,23:17,2,49.0167,13.2333,590.0,Globe at Night Monitoring Network (GaN-MN). Continuous SQM-LE sky brightness data. https://globeatnight.org/gan-mn/. Station registry: http://globeatnight-network.org/,"GaN-MN station Zwi (Zwiesel, Germany); photometric inflection method; night median MSAS=21.07; MSAS at inflection=20.49; depression=13.54°; smoothing=5-pt median; dark rows=409"
