prayer,date_local,time_local,utc_offset,lat,lng,elevation_m,source,notes
isha,2023-02-16,21:20,-3,-34.6037,-58.3816,25.0,Globe at Night Monitoring Network (GaN-MN). Continuous SQM-LE sky brightness data. https://globeatnight.org/gan-mn/. Station registry: http://globeatnight-network.org/,"GaN-MN station AHO (Almendra HackLab, Buenos Aires, Argentina); photometric inflection method; night median MSAS=17.62; MSAS at inflection=17.10; depression=18.71°; smoothing=5-pt median; dark rows=1098"
isha,2023-02-01,19:39,8,22.3755,114.2707,10.0,Globe at Night Monitoring Network (GaN-MN). Continuous SQM-LE sky brightness data. https://globeatnight.org/gan-mn/. Station registry: http://globeatnight-network.org/,"GaN-MN station AP (Hong Kong Astropark, Sai Kung); photometric inflection method; night median MSAS=17.81; MSAS at inflection=16.91; depression=20.63°; smoothing=5-pt median; dark rows=1376"
isha,2023-02-07,19:15,8,22.3755,114.2707,10.0,Globe at Night Monitoring Network (GaN-MN). Continuous SQM-LE sky brightness data. https://globeatnight.org/gan-mn/. Station registry: http://globeatnight-network.org/,"GaN-MN station AP (Hong Kong Astropark, Sai Kung); photometric inflection method; night median MSAS=18.15; MSAS at inflection=19.32; depression=14.46°; smoothing=5-pt median; dark rows=1365"
fajr,2023-02-08,06:23,8,22.3755,114.2707,10.0,Globe at Night Monitoring Network (GaN-MN). Continuous SQM-LE sky brightness data. https://globeatnight.org/gan-mn/. Station registry: http://globeatnight-network.org/,"GaN-MN station AP (Hong Kong Astropark, Sai Kung); photometric inflection method; night median MSAS=18.15; MSAS at inflection=16.43; depression=8.67°; smoothing=5-pt median; dark rows=1365"
isha,2023-02-08,19:40,8,22.3755,114.2707,10.0,Globe at Night Monitoring Network (GaN-MN). Continuous SQM-LE sky brightness data. https://globeatnight.org/gan-mn/. Station registry: http://globeatnight-network.org/,"GaN-MN station AP (Hong Kong Astropark, Sai Kung); photometric inflection method; night median MSAS=17.96; MSAS at inflection=19.06; depression=20.13°; smoothing=5-pt median; dark rows=1363"
fajr,2023-02-09,05:39,8,22.3755,114.2707,10.0,Globe at Night Monitoring Network (GaN-MN). Continuous SQM-LE sky brightness data. https://globeatnight.org/gan-mn/. Station registry: http://globeatnight-network.org/,"GaN-MN station AP (Hong Kong Astropark, Sai Kung); photometric inflection method; night median MSAS=17.96; MSAS at inflection=18.30; depression=18.65°; smoothing=5-pt median; dark rows=1363"
isha,2023-02-09,19:12,8,22.3755,114.2707,10.0,Globe at Night Monitoring Network (GaN-MN). Continuous SQM-LE sky brightness data. https://globeatnight.org/gan-mn/. Station registry: http://globeatnight-network.org/,"GaN-MN station AP (Hong Kong Astropark, Sai Kung); photometric inflection method; night median MSAS=17.85; MSAS at inflection=18.96; depression=13.52°; smoothing=5-pt median; dark rows=1361"
fajr,2023-02-12,06:20,8,22.3755,114.2707,10.0,Globe at Night Monitoring Network (GaN-MN). Continuous SQM-LE sky brightness data. https://globeatnight.org/gan-mn/. Station registry: http://globeatnight-network.org/,"GaN-MN station AP (Hong Kong Astropark, Sai Kung); photometric inflection method; night median MSAS=19.05; MSAS at inflection=17.48; depression=8.91°; smoothing=5-pt median; dark rows=1356"
isha,2023-02-12,19:29,8,22.3755,114.2707,10.0,Globe at Night Monitoring Network (GaN-MN). Continuous SQM-LE sky brightness data. https://globeatnight.org/gan-mn/. Station registry: http://globeatnight-network.org/,"GaN-MN station AP (Hong Kong Astropark, Sai Kung); photometric inflection method; night median MSAS=18.83; MSAS at inflection=19.08; depression=17.07°; smoothing=5-pt median; dark rows=1354"
isha,2023-02-13,19:21,8,22.3755,114.2707,10.0,Globe at Night Monitoring Network (GaN-MN). Continuous SQM-LE sky brightness data. https://globeatnight.org/gan-mn/. Station registry: http://globeatnight-network.org/,"GaN-MN station AP (Hong Kong Astropark, Sai Kung); photometric inflection method; night median MSAS=19.57; MSAS at inflection=18.71; depression=15.24°; smoothing=5-pt median; dark rows=1352"
fajr,2023-02-14,06:10,8,22.3755,114.2707,10.0,Globe at Night Monitoring Network (GaN-MN). Continuous SQM-LE sky brightness data. https://globeatnight.org/gan-mn/. Station registry: http://globeatnight-network.org/,"GaN-MN station AP (Hong Kong Astropark, Sai Kung); photometric inflection method; night median MSAS=19.57; MSAS at inflection=18.97; depression=11.06°; smoothing=5-pt median; dark rows=1352"
isha,2023-02-15,19:12,8,22.3755,114.2707,10.0,Globe at Night Monitoring Network (GaN-MN). Continuous SQM-LE sky brightness data. https://globeatnight.org/gan-mn/. Station registry: http://globeatnight-network.org/,"GaN-MN station AP (Hong Kong Astropark, Sai Kung); photometric inflection method; night median MSAS=19.37; MSAS at inflection=19.08; depression=12.83°; smoothing=5-pt median; dark rows=1321"
fajr,2023-02-16,06:14,8,22.3755,114.2707,10.0,Globe at Night Monitoring Network (GaN-MN). Continuous SQM-LE sky brightness data. https://globeatnight.org/gan-mn/. Station registry: http://globeatnight-network.org/,"GaN-MN station AP (Hong Kong Astropark, Sai Kung); photometric inflection method; night median MSAS=19.37; MSAS at inflection=17.79; depression=9.89°; smoothing=5-pt median; dark rows=1321"
fajr,2023-02-19,06:05,8,22.3755,114.2707,10.0,Globe at Night Monitoring Network (GaN-MN). Continuous SQM-LE sky brightness data. https://globeatnight.org/gan-mn/. Station registry: http://globeatnight-network.org/,"GaN-MN station AP (Hong Kong Astropark, Sai Kung); photometric inflection method; night median MSAS=19.33; MSAS at inflection=18.68; depression=11.42°; smoothing=5-pt median; dark rows=1341"
isha,2023-02-20,19:42,8,22.3755,114.2707,10.0,Globe at Night Monitoring Network (GaN-MN). Continuous SQM-LE sky brightness data. https://globeatnight.org/gan-mn/. Station registry: http://globeatnight-network.org/,"GaN-MN station AP (Hong Kong Astropark, Sai Kung); photometric inflection method; night median MSAS=19.94; MSAS at inflection=19.34; depression=19.20°; smoothing=5-pt median; dark rows=1336"
fajr,2023-02-21,05:20,8,22.3755,114.2707,10.0,Globe at Night Monitoring Network (GaN-MN). Continuous SQM-LE sky brightness data. https://globeatnight.org/gan-mn/. Station registry: http://globeatnight-network.org/,"GaN-MN station AP (Hong Kong Astropark, Sai Kung); photometric inflection method; night median MSAS=19.94; MSAS at inflection=19.96; depression=21.47°; smoothing=5-pt median; dark rows=1336"
fajr,2023-02-22,05:41,8,22.3755,114.2707,10.0,Globe at Night Monitoring Network (GaN-MN). Continuous SQM-LE sky brightness data. https://globeatnight.org/gan-mn/. Station registry: http://globeatnight-network.org/,"GaN-MN station AP (Hong Kong Astropark, Sai Kung); photometric inflection method; night median MSAS=20.07; MSAS at inflection=20.18; depression=16.61°; smoothing=5-pt median; dark rows=1334"
fajr,2023-02-23,05:58,8,22.3755,114.2707,10.0,Globe at Night Monitoring Network (GaN-MN). Continuous SQM-LE sky brightness data. https://globeatnight.org/gan-mn/. Station registry: http://globeatnight-network.org/,"GaN-MN station AP (Hong Kong Astropark, Sai Kung); photometric inflection method; night median MSAS=19.96; MSAS at inflection=19.50; depression=12.54°; smoothing=5-pt median; dark rows=1333"
fajr,2023-02-25,05:37,8,22.3755,114.2707,10.0,Globe at Night Monitoring Network (GaN-MN). Continuous SQM-LE sky brightness data. https://globeatnight.org/gan-mn/. Station registry: http://globeatnight-network.org/,"GaN-MN station AP (Hong Kong Astropark, Sai Kung); photometric inflection method; night median MSAS=19.85; MSAS at inflection=20.17; depression=16.95°; smoothing=5-pt median; dark rows=1328"
fajr,2023-02-26,06:03,8,22.3755,114.2707,10.0,Globe at Night Monitoring Network (GaN-MN). Continuous SQM-LE sky brightness data. https://globeatnight.org/gan-mn/. Station registry: http://globeatnight-network.org/,"GaN-MN station AP (Hong Kong Astropark, Sai Kung); photometric inflection method; night median MSAS=19.69; MSAS at inflection=18.55; depression=10.79°; smoothing=5-pt median; dark rows=1325"
fajr,2023-02-27,05:45,8,22.3755,114.2707,10.0,Globe at Night Monitoring Network (GaN-MN). Continuous SQM-LE sky brightness data. https://globeatnight.org/gan-mn/. Station registry: http://globeatnight-network.org/,"GaN-MN station AP (Hong Kong Astropark, Sai Kung); photometric inflection method; night median MSAS=19.99; MSAS at inflection=19.99; depression=14.88°; smoothing=5-pt median; dark rows=1323"
fajr,2023-02-28,05:27,8,22.3755,114.2707,10.0,Globe at Night Monitoring Network (GaN-MN). Continuous SQM-LE sky brightness data. https://globeatnight.org/gan-mn/. Station registry: http://globeatnight-network.org/,"GaN-MN station AP (Hong Kong Astropark, Sai Kung); photometric inflection method; night median MSAS=19.62; MSAS at inflection=20.21; depression=18.76°; smoothing=5-pt median; dark rows=1320"
fajr,2023-03-01,06:01,8,22.3755,114.2707,10.0,Globe at Night Monitoring Network (GaN-MN). Continuous SQM-LE sky brightness data. https://globeatnight.org/gan-mn/. Station registry: http://globeatnight-network.org/,"GaN-MN station AP (Hong Kong Astropark, Sai Kung); photometric inflection method; night median MSAS=19.50; MSAS at inflection=18.08; depression=10.73°; smoothing=5-pt median; dark rows=1318"
fajr,2023-02-14,06:22,-5,38.8816,-77.091,55.0,Globe at Night Monitoring Network (GaN-MN). Continuous SQM-LE sky brightness data. https://globeatnight.org/gan-mn/. Station registry: http://globeatnight-network.org/,"GaN-MN station Arl (Arlington, Virginia, USA); photometric inflection method; night median MSAS=18.06; MSAS at inflection=15.96; depression=8.15°; smoothing=5-pt median; dark rows=1402"
fajr,2023-02-18,06:08,-5,38.8816,-77.091,55.0,Globe at Night Monitoring Network (GaN-MN). Continuous SQM-LE sky brightness data. https://globeatnight.org/gan-mn/. Station registry: http://globeatnight-network.org/,"GaN-MN station Arl (Arlington, Virginia, USA); photometric inflection method; night median MSAS=18.03; MSAS at inflection=17.29; depression=9.84°; smoothing=5-pt median; dark rows=1385"
isha,2023-02-21,19:19,-5,38.8816,-77.091,55.0,Globe at Night Monitoring Network (GaN-MN). Continuous SQM-LE sky brightness data. https://globeatnight.org/gan-mn/. Station registry: http://globeatnight-network.org/,"GaN-MN station Arl (Arlington, Virginia, USA); photometric inflection method; night median MSAS=17.84; MSAS at inflection=17.83; depression=17.57°; smoothing=5-pt median; dark rows=1366"
fajr,2023-02-24,05:52,-5,38.8816,-77.091,55.0,Globe at Night Monitoring Network (GaN-MN). Continuous SQM-LE sky brightness data. https://globeatnight.org/gan-mn/. Station registry: http://globeatnight-network.org/,"GaN-MN station Arl (Arlington, Virginia, USA); photometric inflection method; night median MSAS=17.89; MSAS at inflection=17.80; depression=11.56°; smoothing=5-pt median; dark rows=1357"
fajr,2023-02-01,06:16,-6,35.95,-92.5833,220.0,Globe at Night Monitoring Network (GaN-MN). Continuous SQM-LE sky brightness data. https://globeatnight.org/gan-mn/. Station registry: http://globeatnight-network.org/,"GaN-MN station BMCO (Big Music Creek, Arkansas, USA); photometric inflection method; night median MSAS=17.74; MSAS at inflection=18.97; depression=11.39°; smoothing=5-pt median; dark rows=620"
fajr,2023-02-02,06:32,-6,35.95,-92.5833,220.0,Globe at Night Monitoring Network (GaN-MN). Continuous SQM-LE sky brightness data. https://globeatnight.org/gan-mn/. Station registry: http://globeatnight-network.org/,"GaN-MN station BMCO (Big Music Creek, Arkansas, USA); photometric inflection method; night median MSAS=17.76; MSAS at inflection=15.96; depression=8.07°; smoothing=5-pt median; dark rows=617"
fajr,2023-02-08,06:30,-6,35.95,-92.5833,220.0,Globe at Night Monitoring Network (GaN-MN). Continuous SQM-LE sky brightness data. https://globeatnight.org/gan-mn/. Station registry: http://globeatnight-network.org/,"GaN-MN station BMCO (Big Music Creek, Arkansas, USA); photometric inflection method; night median MSAS=18.67; MSAS at inflection=17.10; depression=7.52°; smoothing=5-pt median; dark rows=607"
fajr,2023-02-09,06:00,-6,35.95,-92.5833,220.0,Globe at Night Monitoring Network (GaN-MN). Continuous SQM-LE sky brightness data. https://globeatnight.org/gan-mn/. Station registry: http://globeatnight-network.org/,"GaN-MN station BMCO (Big Music Creek, Arkansas, USA); photometric inflection method; night median MSAS=18.02; MSAS at inflection=18.12; depression=13.31°; smoothing=5-pt median; dark rows=605"
fajr,2023-02-10,05:20,-6,35.95,-92.5833,220.0,Globe at Night Monitoring Network (GaN-MN). Continuous SQM-LE sky brightness data. https://globeatnight.org/gan-mn/. Station registry: http://globeatnight-network.org/,"GaN-MN station BMCO (Big Music Creek, Arkansas, USA); photometric inflection method; night median MSAS=18.99; MSAS at inflection=18.10; depression=21.16°; smoothing=5-pt median; dark rows=602"
fajr,2023-02-11,06:04,-6,35.95,-92.5833,220.0,Globe at Night Monitoring Network (GaN-MN). Continuous SQM-LE sky brightness data. https://globeatnight.org/gan-mn/. Station registry: http://globeatnight-network.org/,"GaN-MN station BMCO (Big Music Creek, Arkansas, USA); photometric inflection method; night median MSAS=18.80; MSAS at inflection=18.14; depression=12.09°; smoothing=5-pt median; dark rows=601"
fajr,2023-02-22,05:37,-6,35.95,-92.5833,220.0,Globe at Night Monitoring Network (GaN-MN). Continuous SQM-LE sky brightness data. https://globeatnight.org/gan-mn/. Station registry: http://globeatnight-network.org/,"GaN-MN station BMCO (Big Music Creek, Arkansas, USA); photometric inflection method; night median MSAS=20.66; MSAS at inflection=20.74; depression=15.28°; smoothing=5-pt median; dark rows=580"
fajr,2023-02-24,05:47,-6,35.95,-92.5833,220.0,Globe at Night Monitoring Network (GaN-MN). Continuous SQM-LE sky brightness data. https://globeatnight.org/gan-mn/. Station registry: http://globeatnight-network.org/,"GaN-MN station BMCO (Big Music Creek, Arkansas, USA); photometric inflection method; night median MSAS=21.41; MSAS at inflection=20.44; depression=12.85°; smoothing=5-pt median; dark rows=576"
fajr,2023-02-25,05:39,-6,35.95,-92.5833,220.0,Globe at Night Monitoring Network (GaN-MN). Continuous SQM-LE sky brightness data. https://globeatnight.org/gan-mn/. Station registry: http://globeatnight-network.org/,"GaN-MN station BMCO (Big Music Creek, Arkansas, USA); photometric inflection method; night median MSAS=21.30; MSAS at inflection=20.82; depression=14.16°; smoothing=5-pt median; dark rows=572"
isha,2023-02-01,19:39,9,37.456,126.9522,80.0,Globe at Night Monitoring Network (GaN-MN). Continuous SQM-LE sky brightness data. https://globeatnight.org/gan-mn/. Station registry: http://globeatnight-network.org/,"GaN-MN station CEOU (Seoul National University, Korea); photometric inflection method; night median MSAS=17.55; MSAS at inflection=15.97; depression=20.79°; smoothing=5-pt median; dark rows=120"
isha,2023-02-10,18:39,9,37.456,126.9522,80.0,Globe at Night Monitoring Network (GaN-MN). Continuous SQM-LE sky brightness data. https://globeatnight.org/gan-mn/. Station registry: http://globeatnight-network.org/,"GaN-MN station CEOU (Seoul National University, Korea); photometric inflection method; night median MSAS=17.62; MSAS at inflection=15.15; depression=7.38°; smoothing=5-pt median; dark rows=117"
fajr,2023-02-11,06:48,9,37.456,126.9522,80.0,Globe at Night Monitoring Network (GaN-MN). Continuous SQM-LE sky brightness data. https://globeatnight.org/gan-mn/. Station registry: http://globeatnight-network.org/,"GaN-MN station CEOU (Seoul National University, Korea); photometric inflection method; night median MSAS=17.62; MSAS at inflection=15.40; depression=8.22°; smoothing=5-pt median; dark rows=117"
isha,2023-02-11,18:48,9,37.456,126.9522,80.0,Globe at Night Monitoring Network (GaN-MN). Continuous SQM-LE sky brightness data. https://globeatnight.org/gan-mn/. Station registry: http://globeatnight-network.org/,"GaN-MN station CEOU (Seoul National University, Korea); photometric inflection method; night median MSAS=17.74; MSAS at inflection=16.45; depression=8.86°; smoothing=5-pt median; dark rows=121"
fajr,2023-02-12,06:37,9,37.456,126.9522,80.0,Globe at Night Monitoring Network (GaN-MN). Continuous SQM-LE sky brightness data. https://globeatnight.org/gan-mn/. Station registry: http://globeatnight-network.org/,"GaN-MN station CEOU (Seoul National University, Korea); photometric inflection method; night median MSAS=17.74; MSAS at inflection=16.61; depression=10.17°; smoothing=5-pt median; dark rows=121"
isha,2023-02-13,19:03,9,37.456,126.9522,80.0,Globe at Night Monitoring Network (GaN-MN). Continuous SQM-LE sky brightness data. https://globeatnight.org/gan-mn/. Station registry: http://globeatnight-network.org/,"GaN-MN station CEOU (Seoul National University, Korea); photometric inflection method; night median MSAS=17.84; MSAS at inflection=15.64; depression=11.41°; smoothing=5-pt median; dark rows=124"
isha,2023-02-19,19:41,9,37.456,126.9522,80.0,Globe at Night Monitoring Network (GaN-MN). Continuous SQM-LE sky brightness data. https://globeatnight.org/gan-mn/. Station registry: http://globeatnight-network.org/,"GaN-MN station CEOU (Seoul National University, Korea); photometric inflection method; night median MSAS=18.07; MSAS at inflection=17.46; depression=17.75°; smoothing=5-pt median; dark rows=112"
fajr,2023-02-20,06:26,9,37.456,126.9522,80.0,Globe at Night Monitoring Network (GaN-MN). Continuous SQM-LE sky brightness data. https://globeatnight.org/gan-mn/. Station registry: http://globeatnight-network.org/,"GaN-MN station CEOU (Seoul National University, Korea); photometric inflection method; night median MSAS=18.07; MSAS at inflection=17.46; depression=10.53°; smoothing=5-pt median; dark rows=112"
isha,2023-02-20,18:53,9,37.456,126.9522,80.0,Globe at Night Monitoring Network (GaN-MN). Continuous SQM-LE sky brightness data. https://globeatnight.org/gan-mn/. Station registry: http://globeatnight-network.org/,"GaN-MN station CEOU (Seoul National University, Korea); photometric inflection method; night median MSAS=18.03; MSAS at inflection=15.95; depression=8.17°; smoothing=5-pt median; dark rows=133"
fajr,2023-02-21,06:29,9,37.456,126.9522,80.0,Globe at Night Monitoring Network (GaN-MN). Continuous SQM-LE sky brightness data. https://globeatnight.org/gan-mn/. Station registry: http://globeatnight-network.org/,"GaN-MN station CEOU (Seoul National University, Korea); photometric inflection method; night median MSAS=18.03; MSAS at inflection=17.07; depression=9.70°; smoothing=5-pt median; dark rows=133"
isha,2023-02-21,19:05,9,37.456,126.9522,80.0,Globe at Night Monitoring Network (GaN-MN). Continuous SQM-LE sky brightness data. https://globeatnight.org/gan-mn/. Station registry: http://globeatnight-network.org/,"GaN-MN station CEOU (Seoul National University, Korea); photometric inflection method; night median MSAS=17.95; MSAS at inflection=17.10; depression=10.24°; smoothing=5-pt median; dark rows=125"
fajr,2023-02-22,06:35,9,37.456,126.9522,80.0,Globe at Night Monitoring Network (GaN-MN). Continuous SQM-LE sky brightness data. https://globeatnight.org/gan-mn/. Station registry: http://globeatnight-network.org/,"GaN-MN station CEOU (Seoul National University, Korea); photometric inflection method; night median MSAS=17.95; MSAS at inflection=16.09; depression=8.28°; smoothing=5-pt median; dark rows=125"
isha,2023-02-24,19:41,9,37.456,126.9522,80.0,Globe at Night Monitoring Network (GaN-MN). Continuous SQM-LE sky brightness data. https://globeatnight.org/gan-mn/. Station registry: http://globeatnight-network.org/,"GaN-MN station CEOU (Seoul National University, Korea); photometric inflection method; night median MSAS=17.95; MSAS at inflection=17.27; depression=16.90°; smoothing=5-pt median; dark rows=112"
fajr,2023-02-25,06:13,9,37.456,126.9522,80.0,Globe at Night Monitoring Network (GaN-MN). Continuous SQM-LE sky brightness data. https://globeatnight.org/gan-mn/. Station registry: http://globeatnight-network.org/,"GaN-MN station CEOU (Seoul National University, Korea); photometric inflection method; night median MSAS=17.95; MSAS at inflection=17.83; depression=12.00°; smoothing=5-pt median; dark rows=112"
isha,2023-02-25,18:56,9,37.456,126.9522,80.0,Globe at Night Monitoring Network (GaN-MN). Continuous SQM-LE sky brightness data. https://globeatnight.org/gan-mn/. Station registry: http://globeatnight-network.org/,"GaN-MN station CEOU (Seoul National University, Korea); photometric inflection method; night median MSAS=18.03; MSAS at inflection=15.54; depression=7.67°; smoothing=5-pt median; dark rows=117"
fajr,2023-02-27,06:22,9,37.456,126.9522,80.0,Globe at Night Monitoring Network (GaN-MN). Continuous SQM-LE sky brightness data. https://globeatnight.org/gan-mn/. Station registry: http://globeatnight-network.org/,"GaN-MN station CEOU (Seoul National University, Korea); photometric inflection method; night median MSAS=17.99; MSAS at inflection=17.21; depression=9.61°; smoothing=5-pt median; dark rows=148"
fajr,2023-02-28,06:21,9,37.456,126.9522,80.0,Globe at Night Monitoring Network (GaN-MN). Continuous SQM-LE sky brightness data. https://globeatnight.org/gan-mn/. Station registry: http://globeatnight-network.org/,"GaN-MN station CEOU (Seoul National University, Korea); photometric inflection method; night median MSAS=18.03; MSAS at inflection=17.11; depression=9.55°; smoothing=5-pt median; dark rows=125"
isha,2023-02-01,19:26,8,22.2083,114.2569,40.0,Globe at Night Monitoring Network (GaN-MN). Continuous SQM-LE sky brightness data. https://globeatnight.org/gan-mn/. Station registry: http://globeatnight-network.org/,"GaN-MN station Cap (Cape D'Aguilar, Hong Kong); photometric inflection method; night median MSAS=17.73; MSAS at inflection=16.92; depression=17.66°; smoothing=5-pt median; dark rows=1374"
isha,2023-02-16,19:09,8,22.2083,114.2569,40.0,Globe at Night Monitoring Network (GaN-MN). Continuous SQM-LE sky brightness data. https://globeatnight.org/gan-mn/. Station registry: http://globeatnight-network.org/,"GaN-MN station Cap (Cape D'Aguilar, Hong Kong); photometric inflection method; night median MSAS=19.12; MSAS at inflection=18.54; depression=12.03°; smoothing=5-pt median; dark rows=1344"
isha,2023-02-19,19:03,8,22.2083,114.2569,40.0,Globe at Night Monitoring Network (GaN-MN). Continuous SQM-LE sky brightness data. https://globeatnight.org/gan-mn/. Station registry: http://globeatnight-network.org/,"GaN-MN station Cap (Cape D'Aguilar, Hong Kong); photometric inflection method; night median MSAS=18.63; MSAS at inflection=17.97; depression=10.35°; smoothing=5-pt median; dark rows=1338"
fajr,2023-02-25,06:05,8,22.2083,114.2569,40.0,Globe at Night Monitoring Network (GaN-MN). Continuous SQM-LE sky brightness data. https://globeatnight.org/gan-mn/. Station registry: http://globeatnight-network.org/,"GaN-MN station Cap (Cape D'Aguilar, Hong Kong); photometric inflection method; night median MSAS=19.42; MSAS at inflection=18.03; depression=10.51°; smoothing=5-pt median; dark rows=1327"
isha,2023-02-26,19:26,9,36.3504,127.3845,75.0,Globe at Night Monitoring Network (GaN-MN). Continuous SQM-LE sky brightness data. https://globeatnight.org/gan-mn/. Station registry: http://globeatnight-network.org/,"GaN-MN station DAO (Daejeon, Korea); photometric inflection method; night median MSAS=18.42; MSAS at inflection=17.52; depression=13.86°; smoothing=5-pt median; dark rows=1341"
isha,2023-02-11,18:54,9,35.8714,128.6014,55.0,Globe at Night Monitoring Network (GaN-MN). Continuous SQM-LE sky brightness data. https://globeatnight.org/gan-mn/. Station registry: http://globeatnight-network.org/,"GaN-MN station DNSM (Daegu National Science Museum, Korea); photometric inflection method; night median MSAS=17.72; MSAS at inflection=17.39; depression=11.20°; smoothing=5-pt median; dark rows=1403"
isha,2023-02-24,19:01,9,35.8714,128.6014,55.0,Globe at Night Monitoring Network (GaN-MN). Continuous SQM-LE sky brightness data. https://globeatnight.org/gan-mn/. Station registry: http://globeatnight-network.org/,"GaN-MN station DNSM (Daegu National Science Museum, Korea); photometric inflection method; night median MSAS=18.42; MSAS at inflection=16.85; depression=10.01°; smoothing=5-pt median; dark rows=1351"
fajr,2023-02-26,05:29,9,35.8714,128.6014,55.0,Globe at Night Monitoring Network (GaN-MN). Continuous SQM-LE sky brightness data. https://globeatnight.org/gan-mn/. Station registry: http://globeatnight-network.org/,"GaN-MN station DNSM (Daegu National Science Museum, Korea); photometric inflection method; night median MSAS=18.43; MSAS at inflection=18.65; depression=19.20°; smoothing=5-pt median; dark rows=1346"
isha,2023-02-26,19:07,9,35.8714,128.6014,55.0,Globe at Night Monitoring Network (GaN-MN). Continuous SQM-LE sky brightness data. https://globeatnight.org/gan-mn/. Station registry: http://globeatnight-network.org/,"GaN-MN station DNSM (Daegu National Science Museum, Korea); photometric inflection method; night median MSAS=18.50; MSAS at inflection=17.35; depression=10.87°; smoothing=5-pt median; dark rows=1342"
isha,2023-02-27,19:54,9,35.8714,128.6014,55.0,Globe at Night Monitoring Network (GaN-MN). Continuous SQM-LE sky brightness data. https://globeatnight.org/gan-mn/. Station registry: http://globeatnight-network.org/,"GaN-MN station DNSM (Daegu National Science Museum, Korea); photometric inflection method; night median MSAS=18.33; MSAS at inflection=17.10; depression=20.29°; smoothing=5-pt median; dark rows=1337"
fajr,2023-02-28,06:19,9,35.8714,128.6014,55.0,Globe at Night Monitoring Network (GaN-MN). Continuous SQM-LE sky brightness data. https://globeatnight.org/gan-mn/. Station registry: http://globeatnight-network.org/,"GaN-MN station DNSM (Daegu National Science Museum, Korea); photometric inflection method; night median MSAS=18.33; MSAS at inflection=16.47; depression=8.55°; smoothing=5-pt median; dark rows=1337"
isha,2023-02-02,18:42,1,51.7667,13.7667,90.0,Globe at Night Monitoring Network (GaN-MN). Continuous SQM-LE sky brightness data. https://globeatnight.org/gan-mn/. Station registry: http://globeatnight-network.org/,"GaN-MN station ELO (South-Brandenburg, Germany); photometric inflection method; night median MSAS=17.71; MSAS at inflection=17.27; depression=16.67°; smoothing=5-pt median; dark rows=1481"
fajr,2023-02-03,06:50,1,51.7667,13.7667,90.0,Globe at Night Monitoring Network (GaN-MN). Continuous SQM-LE sky brightness data. https://globeatnight.org/gan-mn/. Station registry: http://globeatnight-network.org/,"GaN-MN station ELO (South-Brandenburg, Germany); photometric inflection method; night median MSAS=17.71; MSAS at inflection=18.29; depression=8.10°; smoothing=5-pt median; dark rows=1481"
isha,2023-02-03,18:10,1,51.7667,13.7667,90.0,Globe at Night Monitoring Network (GaN-MN). Continuous SQM-LE sky brightness data. https://globeatnight.org/gan-mn/. Station registry: http://globeatnight-network.org/,"GaN-MN station ELO (South-Brandenburg, Germany); photometric inflection method; night median MSAS=17.87; MSAS at inflection=18.15; depression=11.61°; smoothing=5-pt median; dark rows=1475"
isha,2023-02-04,17:56,1,51.7667,13.7667,90.0,Globe at Night Monitoring Network (GaN-MN). Continuous SQM-LE sky brightness data. https://globeatnight.org/gan-mn/. Station registry: http://globeatnight-network.org/,"GaN-MN station ELO (South-Brandenburg, Germany); photometric inflection method; night median MSAS=17.73; MSAS at inflection=17.07; depression=9.30°; smoothing=5-pt median; dark rows=1463"
fajr,2023-02-05,06:23,1,51.7667,13.7667,90.0,Globe at Night Monitoring Network (GaN-MN). Continuous SQM-LE sky brightness data. https://globeatnight.org/gan-mn/. Station registry: http://globeatnight-network.org/,"GaN-MN station ELO (South-Brandenburg, Germany); photometric inflection method; night median MSAS=17.73; MSAS at inflection=18.44; depression=11.83°; smoothing=5-pt median; dark rows=1463"
isha,2023-02-06,19:05,1,51.7667,13.7667,90.0,Globe at Night Monitoring Network (GaN-MN). Continuous SQM-LE sky brightness data. https://globeatnight.org/gan-mn/. Station registry: http://globeatnight-network.org/,"GaN-MN station ELO (South-Brandenburg, Germany); photometric inflection method; night median MSAS=18.35; MSAS at inflection=18.97; depression=19.29°; smoothing=5-pt median; dark rows=1444"
fajr,2023-02-07,06:13,1,51.7667,13.7667,90.0,Globe at Night Monitoring Network (GaN-MN). Continuous SQM-LE sky brightness data. https://globeatnight.org/gan-mn/. Station registry: http://globeatnight-network.org/,"GaN-MN station ELO (South-Brandenburg, Germany); photometric inflection method; night median MSAS=18.35; MSAS at inflection=19.14; depression=12.89°; smoothing=5-pt median; dark rows=1444"
fajr,2023-02-08,06:06,1,51.7667,13.7667,90.0,Globe at Night Monitoring Network (GaN-MN). Continuous SQM-LE sky brightness data. https://globeatnight.org/gan-mn/. Station registry: http://globeatnight-network.org/,"GaN-MN station ELO (South-Brandenburg, Germany); photometric inflection method; night median MSAS=18.79; MSAS at inflection=19.41; depression=13.67°; smoothing=5-pt median; dark rows=1446"
isha,2023-02-08,18:35,1,51.7667,13.7667,90.0,Globe at Night Monitoring Network (GaN-MN). Continuous SQM-LE sky brightness data. https://globeatnight.org/gan-mn/. Station registry: http://globeatnight-network.org/,"GaN-MN station ELO (South-Brandenburg, Germany); photometric inflection method; night median MSAS=19.41; MSAS at inflection=20.82; depression=14.17°; smoothing=5-pt median; dark rows=1443"
fajr,2023-02-09,06:10,1,51.7667,13.7667,90.0,Globe at Night Monitoring Network (GaN-MN). Continuous SQM-LE sky brightness data. https://globeatnight.org/gan-mn/. Station registry: http://globeatnight-network.org/,"GaN-MN station ELO (South-Brandenburg, Germany); photometric inflection method; night median MSAS=19.41; MSAS at inflection=19.57; depression=12.84°; smoothing=5-pt median; dark rows=1443"
isha,2023-02-09,18:54,1,51.7667,13.7667,90.0,Globe at Night Monitoring Network (GaN-MN). Continuous SQM-LE sky brightness data. https://globeatnight.org/gan-mn/. Station registry: http://globeatnight-network.org/,"GaN-MN station ELO (South-Brandenburg, Germany); photometric inflection method; night median MSAS=19.28; MSAS at inflection=20.79; depression=16.93°; smoothing=5-pt median; dark rows=1437"
fajr,2023-02-10,06:23,1,51.7667,13.7667,90.0,Globe at Night Monitoring Network (GaN-MN). Continuous SQM-LE sky brightness data. https://globeatnight.org/gan-mn/. Station registry: http://globeatnight-network.org/,"GaN-MN station ELO (South-Brandenburg, Germany); photometric inflection method; night median MSAS=19.28; MSAS at inflection=17.95; depression=10.66°; smoothing=5-pt median; dark rows=1437"
isha,2023-02-10,18:29,1,51.7667,13.7667,90.0,Globe at Night Monitoring Network (GaN-MN). Continuous SQM-LE sky brightness data. https://globeatnight.org/gan-mn/. Station registry: http://globeatnight-network.org/,"GaN-MN station ELO (South-Brandenburg, Germany); photometric inflection method; night median MSAS=19.36; MSAS at inflection=20.17; depression=12.82°; smoothing=5-pt median; dark rows=1430"
fajr,2023-02-11,06:31,1,51.7667,13.7667,90.0,Globe at Night Monitoring Network (GaN-MN). Continuous SQM-LE sky brightness data. https://globeatnight.org/gan-mn/. Station registry: http://globeatnight-network.org/,"GaN-MN station ELO (South-Brandenburg, Germany); photometric inflection method; night median MSAS=19.36; MSAS at inflection=17.82; depression=9.16°; smoothing=5-pt median; dark rows=1430"
isha,2023-02-13,18:38,1,51.7667,13.7667,90.0,Globe at Night Monitoring Network (GaN-MN). Continuous SQM-LE sky brightness data. https://globeatnight.org/gan-mn/. Station registry: http://globeatnight-network.org/,"GaN-MN station ELO (South-Brandenburg, Germany); photometric inflection method; night median MSAS=20.86; MSAS at inflection=20.25; depression=13.45°; smoothing=5-pt median; dark rows=1418"
fajr,2023-02-14,05:46,1,51.7667,13.7667,90.0,Globe at Night Monitoring Network (GaN-MN). Continuous SQM-LE sky brightness data. https://globeatnight.org/gan-mn/. Station registry: http://globeatnight-network.org/,"GaN-MN station ELO (South-Brandenburg, Germany); photometric inflection method; night median MSAS=20.86; MSAS at inflection=20.13; depression=15.27°; smoothing=5-pt median; dark rows=1418"
isha,2023-02-14,18:43,1,51.7667,13.7667,90.0,Globe at Night Monitoring Network (GaN-MN). Continuous SQM-LE sky brightness data. https://globeatnight.org/gan-mn/. Station registry: http://globeatnight-network.org/,"GaN-MN station ELO (South-Brandenburg, Germany); photometric inflection method; night median MSAS=21.61; MSAS at inflection=20.70; depression=13.82°; smoothing=5-pt median; dark rows=1406"
isha,2023-02-15,18:48,1,51.7667,13.7667,90.0,Globe at Night Monitoring Network (GaN-MN). Continuous SQM-LE sky brightness data. https://globeatnight.org/gan-mn/. Station registry: http://globeatnight-network.org/,"GaN-MN station ELO (South-Brandenburg, Germany); photometric inflection method; night median MSAS=21.42; MSAS at inflection=21.05; depression=14.45°; smoothing=5-pt median; dark rows=1396"
fajr,2023-02-17,06:16,1,51.7667,13.7667,90.0,Globe at Night Monitoring Network (GaN-MN). Continuous SQM-LE sky brightness data. https://globeatnight.org/gan-mn/. Station registry: http://globeatnight-network.org/,"GaN-MN station ELO (South-Brandenburg, Germany); photometric inflection method; night median MSAS=21.00; MSAS at inflection=18.94; depression=9.81°; smoothing=5-pt median; dark rows=1392"
fajr,2023-02-18,06:04,1,51.7667,13.7667,90.0,Globe at Night Monitoring Network (GaN-MN). Continuous SQM-LE sky brightness data. https://globeatnight.org/gan-mn/. Station registry: http://globeatnight-network.org/,"GaN-MN station ELO (South-Brandenburg, Germany); photometric inflection method; night median MSAS=21.24; MSAS at inflection=19.46; depression=11.37°; smoothing=5-pt median; dark rows=1386"
isha,2023-02-18,19:19,1,51.7667,13.7667,90.0,Globe at Night Monitoring Network (GaN-MN). Continuous SQM-LE sky brightness data. https://globeatnight.org/gan-mn/. Station registry: http://globeatnight-network.org/,"GaN-MN station ELO (South-Brandenburg, Germany); photometric inflection method; night median MSAS=20.95; MSAS at inflection=20.84; depression=18.44°; smoothing=5-pt median; dark rows=1375"
fajr,2023-02-19,05:49,1,51.7667,13.7667,90.0,Globe at Night Monitoring Network (GaN-MN). Continuous SQM-LE sky brightness data. https://globeatnight.org/gan-mn/. Station registry: http://globeatnight-network.org/,"GaN-MN station ELO (South-Brandenburg, Germany); photometric inflection method; night median MSAS=20.95; MSAS at inflection=20.59; depression=13.45°; smoothing=5-pt median; dark rows=1375"
fajr,2023-02-20,05:48,1,51.7667,13.7667,90.0,Globe at Night Monitoring Network (GaN-MN). Continuous SQM-LE sky brightness data. https://globeatnight.org/gan-mn/. Station registry: http://globeatnight-network.org/,"GaN-MN station ELO (South-Brandenburg, Germany); photometric inflection method; night median MSAS=21.05; MSAS at inflection=20.47; depression=13.28°; smoothing=5-pt median; dark rows=1366"
isha,2023-02-21,19:03,1,51.7667,13.7667,90.0,Globe at Night Monitoring Network (GaN-MN). Continuous SQM-LE sky brightness data. https://globeatnight.org/gan-mn/. Station registry: http://globeatnight-network.org/,"GaN-MN station ELO (South-Brandenburg, Germany); photometric inflection method; night median MSAS=21.04; MSAS at inflection=20.41; depression=15.15°; smoothing=5-pt median; dark rows=1364"
fajr,2023-02-22,05:01,1,51.7667,13.7667,90.0,Globe at Night Monitoring Network (GaN-MN). Continuous SQM-LE sky brightness data. https://globeatnight.org/gan-mn/. Station registry: http://globeatnight-network.org/,"GaN-MN station ELO (South-Brandenburg, Germany); photometric inflection method; night median MSAS=21.04; MSAS at inflection=21.05; depression=20.03°; smoothing=5-pt median; dark rows=1364"
isha,2023-02-22,19:01,1,51.7667,13.7667,90.0,Globe at Night Monitoring Network (GaN-MN). Continuous SQM-LE sky brightness data. https://globeatnight.org/gan-mn/. Station registry: http://globeatnight-network.org/,"GaN-MN station ELO (South-Brandenburg, Germany); photometric inflection method; night median MSAS=21.32; MSAS at inflection=20.72; depression=14.54°; smoothing=5-pt median; dark rows=1360"
isha,2023-02-23,18:39,1,51.7667,13.7667,90.0,Globe at Night Monitoring Network (GaN-MN). Continuous SQM-LE sky brightness data. https://globeatnight.org/gan-mn/. Station registry: http://globeatnight-network.org/,"GaN-MN station ELO (South-Brandenburg, Germany); photometric inflection method; night median MSAS=20.99; MSAS at inflection=19.48; depression=10.99°; smoothing=5-pt median; dark rows=1355"
fajr,2023-02-24,05:04,1,51.7667,13.7667,90.0,Globe at Night Monitoring Network (GaN-MN). Continuous SQM-LE sky brightness data. https://globeatnight.org/gan-mn/. Station registry: http://globeatnight-network.org/,"GaN-MN station ELO (South-Brandenburg, Germany); photometric inflection method; night median MSAS=20.99; MSAS at inflection=20.84; depression=18.95°; smoothing=5-pt median; dark rows=1355"
isha,2023-02-24,18:49,1,51.7667,13.7667,90.0,Globe at Night Monitoring Network (GaN-MN). Continuous SQM-LE sky brightness data. https://globeatnight.org/gan-mn/. Station registry: http://globeatnight-network.org/,"GaN-MN station ELO (South-Brandenburg, Germany); photometric inflection method; night median MSAS=20.92; MSAS at inflection=19.62; depression=12.21°; smoothing=5-pt median; dark rows=1348"
fajr,2023-02-25,05:52,1,51.7667,13.7667,90.0,Globe at Night Monitoring Network (GaN-MN). Continuous SQM-LE sky brightness data. https://globeatnight.org/gan-mn/. Station registry: http://globeatnight-network.org/,"GaN-MN station ELO (South-Brandenburg, Germany); photometric inflection method; night median MSAS=20.92; MSAS at inflection=19.77; depression=11.22°; smoothing=5-pt median; dark rows=1348"
fajr,2023-02-27,05:36,1,51.7667,13.7667,90.0,Globe at Night Monitoring Network (GaN-MN). Continuous SQM-LE sky brightness data. https://globeatnight.org/gan-mn/. Station registry: http://globeatnight-network.org/,"GaN-MN station ELO (South-Brandenburg, Germany); photometric inflection method; night median MSAS=21.06; MSAS at inflection=20.66; depression=13.08°; smoothing=5-pt median; dark rows=1322"
fajr,2023-02-28,05:55,1,51.7667,13.7667,90.0,Globe at Night Monitoring Network (GaN-MN). Continuous SQM-LE sky brightness data. https://globeatnight.org/gan-mn/. Station registry: http://globeatnight-network.org/,"GaN-MN station ELO (South-Brandenburg, Germany); photometric inflection method; night median MSAS=19.61; MSAS at inflection=18.05; depression=9.77°; smoothing=5-pt median; dark rows=1314"
fajr,2023-02-25,06:09,8,22.4924,114.1393,20.0,Globe at Night Monitoring Network (GaN-MN). Continuous SQM-LE sky brightness data. https://globeatnight.org/gan-mn/. Station registry: http://globeatnight-network.org/,"GaN-MN station FKYC (Fanling, Hong Kong); photometric inflection method; night median MSAS=17.89; MSAS at inflection=16.91; depression=9.72°; smoothing=5-pt median; dark rows=1328"
isha,2023-02-27,19:52,8,22.4924,114.1393,20.0,Globe at Night Monitoring Network (GaN-MN). Continuous SQM-LE sky brightness data. https://globeatnight.org/gan-mn/. Station registry: http://globeatnight-network.org/,"GaN-MN station FKYC (Fanling, Hong Kong); photometric inflection method; night median MSAS=17.91; MSAS at inflection=16.39; depression=20.82°; smoothing=5-pt median; dark rows=1320"
fajr,2023-03-01,06:03,8,22.4924,114.1393,20.0,Globe at Night Monitoring Network (GaN-MN). Continuous SQM-LE sky brightness data. https://globeatnight.org/gan-mn/. Station registry: http://globeatnight-network.org/,"GaN-MN station FKYC (Fanling, Hong Kong); photometric inflection method; night median MSAS=18.13; MSAS at inflection=17.51; depression=10.49°; smoothing=5-pt median; dark rows=1318"
fajr,2023-02-02,06:05,-8,34.2994,-116.5056,1325.0,Globe at Night Monitoring Network (GaN-MN). Continuous SQM-LE sky brightness data. https://globeatnight.org/gan-mn/. Station registry: http://globeatnight-network.org/,"GaN-MN station GMARS (Landers, California, USA); photometric inflection method; night median MSAS=17.73; MSAS at inflection=15.84; depression=8.25°; smoothing=5-pt median; dark rows=129"
fajr,2023-02-15,05:25,-8,34.2994,-116.5056,1325.0,Globe at Night Monitoring Network (GaN-MN). Continuous SQM-LE sky brightness data. https://globeatnight.org/gan-mn/. Station registry: http://globeatnight-network.org/,"GaN-MN station GMARS (Landers, California, USA); photometric inflection method; night median MSAS=21.04; MSAS at inflection=20.57; depression=14.18°; smoothing=5-pt median; dark rows=125"
fajr,2023-02-22,05:20,-8,34.2994,-116.5056,1325.0,Globe at Night Monitoring Network (GaN-MN). Continuous SQM-LE sky brightness data. https://globeatnight.org/gan-mn/. Station registry: http://globeatnight-network.org/,"GaN-MN station GMARS (Landers, California, USA); photometric inflection method; night median MSAS=21.24; MSAS at inflection=20.67; depression=13.73°; smoothing=5-pt median; dark rows=122"
fajr,2023-02-24,05:20,-8,34.2994,-116.5056,1325.0,Globe at Night Monitoring Network (GaN-MN). Continuous SQM-LE sky brightness data. https://globeatnight.org/gan-mn/. Station registry: http://globeatnight-network.org/,"GaN-MN station GMARS (Landers, California, USA); photometric inflection method; night median MSAS=21.29; MSAS at inflection=20.43; depression=13.27°; smoothing=5-pt median; dark rows=121"
isha,2023-02-13,18:05,1,54.352,18.6466,5.0,Globe at Night Monitoring Network (GaN-MN). Continuous SQM-LE sky brightness data. https://globeatnight.org/gan-mn/. Station registry: http://globeatnight-network.org/,"GaN-MN station GUT (Gdansk University of Technology, Poland); photometric inflection method; night median MSAS=18.56; MSAS at inflection=17.80; depression=11.58°; smoothing=5-pt median; dark rows=1422"
fajr,2023-02-14,05:31,1,54.352,18.6466,5.0,Globe at Night Monitoring Network (GaN-MN). Continuous SQM-LE sky brightness data. https://globeatnight.org/gan-mn/. Station registry: http://globeatnight-network.org/,"GaN-MN station GUT (Gdansk University of Technology, Poland); photometric inflection method; night median MSAS=18.56; MSAS at inflection=18.63; depression=14.74°; smoothing=5-pt median; dark rows=1422"
isha,2023-02-18,18:03,1,54.352,18.6466,5.0,Globe at Night Monitoring Network (GaN-MN). Continuous SQM-LE sky brightness data. https://globeatnight.org/gan-mn/. Station registry: http://globeatnight-network.org/,"GaN-MN station GUT (Gdansk University of Technology, Poland); photometric inflection method; night median MSAS=18.13; MSAS at inflection=17.41; depression=9.95°; smoothing=5-pt median; dark rows=1287"
isha,2023-02-27,18:19,1,54.352,18.6466,5.0,Globe at Night Monitoring Network (GaN-MN). Continuous SQM-LE sky brightness data. https://globeatnight.org/gan-mn/. Station registry: http://globeatnight-network.org/,"GaN-MN station GUT (Gdansk University of Technology, Poland); photometric inflection method; night median MSAS=18.14; MSAS at inflection=16.83; depression=9.85°; smoothing=5-pt median; dark rows=444"
isha,2023-02-28,18:07,1,54.352,18.6466,5.0,Globe at Night Monitoring Network (GaN-MN). Continuous SQM-LE sky brightness data. https://globeatnight.org/gan-mn/. Station registry: http://globeatnight-network.org/,"GaN-MN station GUT (Gdansk University of Technology, Poland); photometric inflection method; night median MSAS=17.58; MSAS at inflection=15.11; depression=7.74°; smoothing=5-pt median; dark rows=368"
isha,2023-02-22,19:49,8,22.2838,114.1337,70.0,Globe at Night Monitoring Network (GaN-MN). Continuous SQM-LE sky brightness data. https://globeatnight.org/gan-mn/. Station registry: http://globeatnight-network.org/,"GaN-MN station HKU (Pokfulam, Hong Kong); photometric inflection method; night median MSAS=17.51; MSAS at inflection=17.36; depression=20.56°; smoothing=5-pt median; dark rows=1332"
isha,2023-02-01,19:40,8,22.3719,114.1133,80.0,Globe at Night Monitoring Network (GaN-MN). Continuous SQM-LE sky brightness data. https://globeatnight.org/gan-mn/. Station registry: http://globeatnight-network.org/,"GaN-MN station HKn (Ho Koon, Tsuen Wan, Hong Kong); photometric inflection method; night median MSAS=18.12; MSAS at inflection=17.34; depression=20.59°; smoothing=5-pt median; dark rows=1375"
fajr,2023-02-02,05:49,8,24.1488,121.3239,2800.0,Globe at Night Monitoring Network (GaN-MN). Continuous SQM-LE sky brightness data. https://globeatnight.org/gan-mn/. Station registry: http://globeatnight-network.org/,"GaN-MN station Heh (Taroko National Park, Taiwan); photometric inflection method; night median MSAS=19.09; MSAS at inflection=18.88; depression=11.08°; smoothing=5-pt median; dark rows=1383"
isha,2023-02-04,18:25,8,24.1488,121.3239,2800.0,Globe at Night Monitoring Network (GaN-MN). Continuous SQM-LE sky brightness data. https://globeatnight.org/gan-mn/. Station registry: http://globeatnight-network.org/,"GaN-MN station Heh (Taroko National Park, Taiwan); photometric inflection method; night median MSAS=17.53; MSAS at inflection=17.61; depression=10.38°; smoothing=5-pt median; dark rows=1378"
fajr,2023-02-09,05:22,8,24.1488,121.3239,2800.0,Globe at Night Monitoring Network (GaN-MN). Continuous SQM-LE sky brightness data. https://globeatnight.org/gan-mn/. Station registry: http://globeatnight-network.org/,"GaN-MN station Heh (Taroko National Park, Taiwan); photometric inflection method; night median MSAS=17.87; MSAS at inflection=18.26; depression=16.31°; smoothing=5-pt median; dark rows=1369"
isha,2023-02-11,18:38,8,24.1488,121.3239,2800.0,Globe at Night Monitoring Network (GaN-MN). Continuous SQM-LE sky brightness data. https://globeatnight.org/gan-mn/. Station registry: http://globeatnight-network.org/,"GaN-MN station Heh (Taroko National Park, Taiwan); photometric inflection method; night median MSAS=20.52; MSAS at inflection=19.71; depression=12.22°; smoothing=5-pt median; dark rows=1362"
fajr,2023-02-12,05:32,8,24.1488,121.3239,2800.0,Globe at Night Monitoring Network (GaN-MN). Continuous SQM-LE sky brightness data. https://globeatnight.org/gan-mn/. Station registry: http://globeatnight-network.org/,"GaN-MN station Heh (Taroko National Park, Taiwan); photometric inflection method; night median MSAS=20.52; MSAS at inflection=19.44; depression=13.88°; smoothing=5-pt median; dark rows=1362"
fajr,2023-02-15,04:57,8,24.1488,121.3239,2800.0,Globe at Night Monitoring Network (GaN-MN). Continuous SQM-LE sky brightness data. https://globeatnight.org/gan-mn/. Station registry: http://globeatnight-network.org/,"GaN-MN station Heh (Taroko National Park, Taiwan); photometric inflection method; night median MSAS=21.29; MSAS at inflection=20.41; depression=21.30°; smoothing=5-pt median; dark rows=1355"
isha,2023-02-15,18:41,8,24.1488,121.3239,2800.0,Globe at Night Monitoring Network (GaN-MN). Continuous SQM-LE sky brightness data. https://globeatnight.org/gan-mn/. Station registry: http://globeatnight-network.org/,"GaN-MN station Heh (Taroko National Park, Taiwan); photometric inflection method; night median MSAS=21.49; MSAS at inflection=20.02; depression=12.54°; smoothing=5-pt median; dark rows=1353"
fajr,2023-02-14,06:20,7,18.549,98.487,2565.0,Globe at Night Monitoring Network (GaN-MN). Continuous SQM-LE sky brightness data. https://globeatnight.org/gan-mn/. Station registry: http://globeatnight-network.org/,"GaN-MN station ISTC (Inthanon Mountain, Thailand); photometric inflection method; night median MSAS=19.23; MSAS at inflection=16.82; depression=8.74°; smoothing=5-pt median; dark rows=1340"
isha,2023-02-15,19:31,7,18.549,98.487,2565.0,Globe at Night Monitoring Network (GaN-MN). Continuous SQM-LE sky brightness data. https://globeatnight.org/gan-mn/. Station registry: http://globeatnight-network.org/,"GaN-MN station ISTC (Inthanon Mountain, Thailand); photometric inflection method; night median MSAS=17.78; MSAS at inflection=17.91; depression=15.87°; smoothing=5-pt median; dark rows=1337"
fajr,2023-02-21,05:27,7,18.549,98.487,2565.0,Globe at Night Monitoring Network (GaN-MN). Continuous SQM-LE sky brightness data. https://globeatnight.org/gan-mn/. Station registry: http://globeatnight-network.org/,"GaN-MN station ISTC (Inthanon Mountain, Thailand); photometric inflection method; night median MSAS=19.03; MSAS at inflection=19.38; depression=20.36°; smoothing=5-pt median; dark rows=1327"
fajr,2023-02-25,05:38,7,18.549,98.487,2565.0,Globe at Night Monitoring Network (GaN-MN). Continuous SQM-LE sky brightness data. https://globeatnight.org/gan-mn/. Station registry: http://globeatnight-network.org/,"GaN-MN station ISTC (Inthanon Mountain, Thailand); photometric inflection method; night median MSAS=18.72; MSAS at inflection=19.32; depression=17.22°; smoothing=5-pt median; dark rows=1247"
isha,2023-02-26,19:31,7,18.549,98.487,2565.0,Globe at Night Monitoring Network (GaN-MN). Continuous SQM-LE sky brightness data. https://globeatnight.org/gan-mn/. Station registry: http://globeatnight-network.org/,"GaN-MN station ISTC (Inthanon Mountain, Thailand); photometric inflection method; night median MSAS=18.54; MSAS at inflection=17.74; depression=15.05°; smoothing=5-pt median; dark rows=1316"
fajr,2023-02-28,05:51,7,18.549,98.487,2565.0,Globe at Night Monitoring Network (GaN-MN). Continuous SQM-LE sky brightness data. https://globeatnight.org/gan-mn/. Station registry: http://globeatnight-network.org/,"GaN-MN station ISTC (Inthanon Mountain, Thailand); photometric inflection method; night median MSAS=18.74; MSAS at inflection=19.37; depression=13.81°; smoothing=5-pt median; dark rows=1315"
isha,2023-02-22,19:41,8,22.4958,114.0322,3.0,Globe at Night Monitoring Network (GaN-MN). Continuous SQM-LE sky brightness data. https://globeatnight.org/gan-mn/. Station registry: http://globeatnight-network.org/,"GaN-MN station MP (Mai Po Nature Reserve, Hong Kong); photometric inflection method; night median MSAS=18.30; MSAS at inflection=17.50; depression=18.68°; smoothing=5-pt median; dark rows=1332"
isha,2023-02-23,19:18,8,22.4958,114.0322,3.0,Globe at Night Monitoring Network (GaN-MN). Continuous SQM-LE sky brightness data. https://globeatnight.org/gan-mn/. Station registry: http://globeatnight-network.org/,"GaN-MN station MP (Mai Po Nature Reserve, Hong Kong); photometric inflection method; night median MSAS=18.17; MSAS at inflection=17.39; depression=13.17°; smoothing=5-pt median; dark rows=1330"
isha,2023-02-24,19:17,8,22.4958,114.0322,3.0,Globe at Night Monitoring Network (GaN-MN). Continuous SQM-LE sky brightness data. https://globeatnight.org/gan-mn/. Station registry: http://globeatnight-network.org/,"GaN-MN station MP (Mai Po Nature Reserve, Hong Kong); photometric inflection method; night median MSAS=18.02; MSAS at inflection=16.92; depression=12.84°; smoothing=5-pt median; dark rows=1327"
isha,2023-02-27,19:08,8,22.4958,114.0322,3.0,Globe at Night Monitoring Network (GaN-MN). Continuous SQM-LE sky brightness data. https://globeatnight.org/gan-mn/. Station registry: http://globeatnight-network.org/,"GaN-MN station MP (Mai Po Nature Reserve, Hong Kong); photometric inflection method; night median MSAS=18.25; MSAS at inflection=15.94; depression=10.61°; smoothing=5-pt median; dark rows=1321"
isha,2023-02-02,20:39,2,-24.9667,15.95,1250.0,Globe at Night Monitoring Network (GaN-MN). Continuous SQM-LE sky brightness data. https://globeatnight.org/gan-mn/. Station registry: http://globeatnight-network.org/,"GaN-MN station Nrnr (NamibRand Nature Reserve, Namibia); photometric inflection method; night median MSAS=19.16; MSAS at inflection=18.51; depression=12.01°; smoothing=5-pt median; dark rows=112"
isha,2023-02-04,20:54,2,-24.9667,15.95,1250.0,Globe at Night Monitoring Network (GaN-MN). Continuous SQM-LE sky brightness data. https://globeatnight.org/gan-mn/. Station registry: http://globeatnight-network.org/,"GaN-MN station Nrnr (NamibRand Nature Reserve, Namibia); photometric inflection method; night median MSAS=18.38; MSAS at inflection=19.12; depression=15.35°; smoothing=5-pt median; dark rows=113"
fajr,2023-02-05,05:59,2,-24.9667,15.95,1250.0,Globe at Night Monitoring Network (GaN-MN). Continuous SQM-LE sky brightness data. https://globeatnight.org/gan-mn/. Station registry: http://globeatnight-network.org/,"GaN-MN station Nrnr (NamibRand Nature Reserve, Namibia); photometric inflection method; night median MSAS=18.38; MSAS at inflection=16.29; depression=8.58°; smoothing=5-pt median; dark rows=113"
isha,2023-02-05,20:29,2,-24.9667,15.95,1250.0,Globe at Night Monitoring Network (GaN-MN). Continuous SQM-LE sky brightness data. https://globeatnight.org/gan-mn/. Station registry: http://globeatnight-network.org/,"GaN-MN station Nrnr (NamibRand Nature Reserve, Namibia); photometric inflection method; night median MSAS=17.83; MSAS at inflection=17.52; depression=10.34°; smoothing=5-pt median; dark rows=113"
fajr,2023-02-06,05:59,2,-24.9667,15.95,1250.0,Globe at Night Monitoring Network (GaN-MN). Continuous SQM-LE sky brightness data. https://globeatnight.org/gan-mn/. Station registry: http://globeatnight-network.org/,"GaN-MN station Nrnr (NamibRand Nature Reserve, Namibia); photometric inflection method; night median MSAS=17.83; MSAS at inflection=17.69; depression=8.74°; smoothing=5-pt median; dark rows=113"
isha,2023-02-07,20:19,2,-24.9667,15.95,1250.0,Globe at Night Monitoring Network (GaN-MN). Continuous SQM-LE sky brightness data. https://globeatnight.org/gan-mn/. Station registry: http://globeatnight-network.org/,"GaN-MN station Nrnr (NamibRand Nature Reserve, Namibia); photometric inflection method; night median MSAS=18.62; MSAS at inflection=16.26; depression=8.55°; smoothing=5-pt median; dark rows=114"
fajr,2023-02-08,05:59,2,-24.9667,15.95,1250.0,Globe at Night Monitoring Network (GaN-MN). Continuous SQM-LE sky brightness data. https://globeatnight.org/gan-mn/. Station registry: http://globeatnight-network.org/,"GaN-MN station Nrnr (NamibRand Nature Reserve, Namibia); photometric inflection method; night median MSAS=18.62; MSAS at inflection=17.53; depression=9.05°; smoothing=5-pt median; dark rows=114"
isha,2023-02-09,20:29,2,-24.9667,15.95,1250.0,Globe at Night Monitoring Network (GaN-MN). Continuous SQM-LE sky brightness data. https://globeatnight.org/gan-mn/. Station registry: http://globeatnight-network.org/,"GaN-MN station Nrnr (NamibRand Nature Reserve, Namibia); photometric inflection method; night median MSAS=19.26; MSAS at inflection=18.43; depression=10.96°; smoothing=5-pt median; dark rows=114"
fajr,2023-02-10,05:54,2,-24.9667,15.95,1250.0,Globe at Night Monitoring Network (GaN-MN). Continuous SQM-LE sky brightness data. https://globeatnight.org/gan-mn/. Station registry: http://globeatnight-network.org/,"GaN-MN station Nrnr (NamibRand Nature Reserve, Namibia); photometric inflection method; night median MSAS=19.26; MSAS at inflection=17.10; depression=10.41°; smoothing=5-pt median; dark rows=114"
isha,2023-02-11,20:39,2,-24.9667,15.95,1250.0,Globe at Night Monitoring Network (GaN-MN). Continuous SQM-LE sky brightness data. https://globeatnight.org/gan-mn/. Station registry: http://globeatnight-network.org/,"GaN-MN station Nrnr (NamibRand Nature Reserve, Namibia); photometric inflection method; night median MSAS=20.56; MSAS at inflection=20.70; depression=13.40°; smoothing=5-pt median; dark rows=115"
fajr,2023-02-15,05:44,2,-24.9667,15.95,1250.0,Globe at Night Monitoring Network (GaN-MN). Continuous SQM-LE sky brightness data. https://globeatnight.org/gan-mn/. Station registry: http://globeatnight-network.org/,"GaN-MN station Nrnr (NamibRand Nature Reserve, Namibia); photometric inflection method; night median MSAS=21.94; MSAS at inflection=20.15; depression=13.29°; smoothing=5-pt median; dark rows=116"
isha,2023-02-15,20:39,2,-24.9667,15.95,1250.0,Globe at Night Monitoring Network (GaN-MN). Continuous SQM-LE sky brightness data. https://globeatnight.org/gan-mn/. Station registry: http://globeatnight-network.org/,"GaN-MN station Nrnr (NamibRand Nature Reserve, Namibia); photometric inflection method; night median MSAS=21.99; MSAS at inflection=21.17; depression=14.13°; smoothing=5-pt median; dark rows=116"
fajr,2023-02-17,05:49,2,-24.9667,15.95,1250.0,Globe at Night Monitoring Network (GaN-MN). Continuous SQM-LE sky brightness data. https://globeatnight.org/gan-mn/. Station registry: http://globeatnight-network.org/,"GaN-MN station Nrnr (NamibRand Nature Reserve, Namibia); photometric inflection method; night median MSAS=22.11; MSAS at inflection=20.78; depression=12.53°; smoothing=5-pt median; dark rows=117"
fajr,2023-02-19,05:49,2,-24.9667,15.95,1250.0,Globe at Night Monitoring Network (GaN-MN). Continuous SQM-LE sky brightness data. https://globeatnight.org/gan-mn/. Station registry: http://globeatnight-network.org/,"GaN-MN station Nrnr (NamibRand Nature Reserve, Namibia); photometric inflection method; night median MSAS=22.27; MSAS at inflection=20.50; depression=12.82°; smoothing=5-pt median; dark rows=117"
isha,2023-02-19,20:54,2,-24.9667,15.95,1250.0,Globe at Night Monitoring Network (GaN-MN). Continuous SQM-LE sky brightness data. https://globeatnight.org/gan-mn/. Station registry: http://globeatnight-network.org/,"GaN-MN station Nrnr (NamibRand Nature Reserve, Namibia); photometric inflection method; night median MSAS=22.19; MSAS at inflection=22.12; depression=18.10°; smoothing=5-pt median; dark rows=117"
fajr,2023-02-20,05:44,2,-24.9667,15.95,1250.0,Globe at Night Monitoring Network (GaN-MN). Continuous SQM-LE sky brightness data. https://globeatnight.org/gan-mn/. Station registry: http://globeatnight-network.org/,"GaN-MN station Nrnr (NamibRand Nature Reserve, Namibia); photometric inflection method; night median MSAS=22.19; MSAS at inflection=21.42; depression=14.03°; smoothing=5-pt median; dark rows=117"
fajr,2023-02-21,05:44,2,-24.9667,15.95,1250.0,Globe at Night Monitoring Network (GaN-MN). Continuous SQM-LE sky brightness data. https://globeatnight.org/gan-mn/. Station registry: http://globeatnight-network.org/,"GaN-MN station Nrnr (NamibRand Nature Reserve, Namibia); photometric inflection method; night median MSAS=22.10; MSAS at inflection=21.29; depression=14.18°; smoothing=5-pt median; dark rows=117"
isha,2023-02-23,20:34,2,-24.9667,15.95,1250.0,Globe at Night Monitoring Network (GaN-MN). Continuous SQM-LE sky brightness data. https://globeatnight.org/gan-mn/. Station registry: http://globeatnight-network.org/,"GaN-MN station Nrnr (NamibRand Nature Reserve, Namibia); photometric inflection method; night median MSAS=22.15; MSAS at inflection=22.09; depression=14.73°; smoothing=5-pt median; dark rows=119"
fajr,2023-02-24,05:24,2,-24.9667,15.95,1250.0,Globe at Night Monitoring Network (GaN-MN). Continuous SQM-LE sky brightness data. https://globeatnight.org/gan-mn/. Station registry: http://globeatnight-network.org/,"GaN-MN station Nrnr (NamibRand Nature Reserve, Namibia); photometric inflection method; night median MSAS=22.15; MSAS at inflection=22.13; depression=18.87°; smoothing=5-pt median; dark rows=119"
fajr,2023-02-10,05:32,13,-45.0966,170.9694,30.0,Globe at Night Monitoring Network (GaN-MN). Continuous SQM-LE sky brightness data. https://globeatnight.org/gan-mn/. Station registry: http://globeatnight-network.org/,"GaN-MN station Oam (Oamaru, South Island, New Zealand); photometric inflection method; night median MSAS=17.66; MSAS at inflection=17.28; depression=11.99°; smoothing=5-pt median; dark rows=942"
isha,2023-02-01,19:40,-3,-22.2803,-46.3647,870.0,Globe at Night Monitoring Network (GaN-MN). Continuous SQM-LE sky brightness data. https://globeatnight.org/gan-mn/. Station registry: http://globeatnight-network.org/,"GaN-MN station PAOF (Ouro Fino, MG, Brazil); photometric inflection method; night median MSAS=18.82; MSAS at inflection=18.33; depression=11.36°; smoothing=5-pt median; dark rows=711"
fajr,2023-02-02,04:56,-3,-22.2803,-46.3647,870.0,Globe at Night Monitoring Network (GaN-MN). Continuous SQM-LE sky brightness data. https://globeatnight.org/gan-mn/. Station registry: http://globeatnight-network.org/,"GaN-MN station PAOF (Ouro Fino, MG, Brazil); photometric inflection method; night median MSAS=18.82; MSAS at inflection=19.59; depression=11.59°; smoothing=5-pt median; dark rows=711"
isha,2023-02-02,19:21,-3,-22.2803,-46.3647,870.0,Globe at Night Monitoring Network (GaN-MN). Continuous SQM-LE sky brightness data. https://globeatnight.org/gan-mn/. Station registry: http://globeatnight-network.org/,"GaN-MN station PAOF (Ouro Fino, MG, Brazil); photometric inflection method; night median MSAS=18.93; MSAS at inflection=18.17; depression=7.31°; smoothing=5-pt median; dark rows=714"
fajr,2023-02-03,05:10,-3,-22.2803,-46.3647,870.0,Globe at Night Monitoring Network (GaN-MN). Continuous SQM-LE sky brightness data. https://globeatnight.org/gan-mn/. Station registry: http://globeatnight-network.org/,"GaN-MN station PAOF (Ouro Fino, MG, Brazil); photometric inflection method; night median MSAS=18.93; MSAS at inflection=16.82; depression=8.93°; smoothing=5-pt median; dark rows=714"
isha,2023-02-03,20:01,-3,-22.2803,-46.3647,870.0,Globe at Night Monitoring Network (GaN-MN). Continuous SQM-LE sky brightness data. https://globeatnight.org/gan-mn/. Station registry: http://globeatnight-network.org/,"GaN-MN station PAOF (Ouro Fino, MG, Brazil); photometric inflection method; night median MSAS=18.93; MSAS at inflection=17.99; depression=16.12°; smoothing=5-pt median; dark rows=717"
fajr,2023-02-04,05:13,-3,-22.2803,-46.3647,870.0,Globe at Night Monitoring Network (GaN-MN). Continuous SQM-LE sky brightness data. https://globeatnight.org/gan-mn/. Station registry: http://globeatnight-network.org/,"GaN-MN station PAOF (Ouro Fino, MG, Brazil); photometric inflection method; night median MSAS=18.93; MSAS at inflection=16.93; depression=8.43°; smoothing=5-pt median; dark rows=717"
isha,2023-02-04,19:31,-3,-22.2803,-46.3647,870.0,Globe at Night Monitoring Network (GaN-MN). Continuous SQM-LE sky brightness data. https://globeatnight.org/gan-mn/. Station registry: http://globeatnight-network.org/,"GaN-MN station PAOF (Ouro Fino, MG, Brazil); photometric inflection method; night median MSAS=18.10; MSAS at inflection=17.47; depression=9.82°; smoothing=5-pt median; dark rows=718"
isha,2023-02-05,19:34,-3,-22.2803,-46.3647,870.0,Globe at Night Monitoring Network (GaN-MN). Continuous SQM-LE sky brightness data. https://globeatnight.org/gan-mn/. Station registry: http://globeatnight-network.org/,"GaN-MN station PAOF (Ouro Fino, MG, Brazil); photometric inflection method; night median MSAS=17.77; MSAS at inflection=18.52; depression=10.66°; smoothing=5-pt median; dark rows=715"
fajr,2023-02-06,05:07,-3,-22.2803,-46.3647,870.0,Globe at Night Monitoring Network (GaN-MN). Continuous SQM-LE sky brightness data. https://globeatnight.org/gan-mn/. Station registry: http://globeatnight-network.org/,"GaN-MN station PAOF (Ouro Fino, MG, Brazil); photometric inflection method; night median MSAS=17.77; MSAS at inflection=17.44; depression=10.00°; smoothing=5-pt median; dark rows=715"
isha,2023-02-06,19:42,-3,-22.2803,-46.3647,870.0,Globe at Night Monitoring Network (GaN-MN). Continuous SQM-LE sky brightness data. https://globeatnight.org/gan-mn/. Station registry: http://globeatnight-network.org/,"GaN-MN station PAOF (Ouro Fino, MG, Brazil); photometric inflection method; night median MSAS=18.05; MSAS at inflection=19.59; depression=12.48°; smoothing=5-pt median; dark rows=723"
fajr,2023-02-07,05:03,-3,-22.2803,-46.3647,870.0,Globe at Night Monitoring Network (GaN-MN). Continuous SQM-LE sky brightness data. https://globeatnight.org/gan-mn/. Station registry: http://globeatnight-network.org/,"GaN-MN station PAOF (Ouro Fino, MG, Brazil); photometric inflection method; night median MSAS=18.05; MSAS at inflection=17.53; depression=11.00°; smoothing=5-pt median; dark rows=723"
isha,2023-02-07,19:28,-3,-22.2803,-46.3647,870.0,Globe at Night Monitoring Network (GaN-MN). Continuous SQM-LE sky brightness data. https://globeatnight.org/gan-mn/. Station registry: http://globeatnight-network.org/,"GaN-MN station PAOF (Ouro Fino, MG, Brazil); photometric inflection method; night median MSAS=17.88; MSAS at inflection=17.78; depression=9.59°; smoothing=5-pt median; dark rows=721"
isha,2023-02-08,19:20,-3,-22.2803,-46.3647,870.0,Globe at Night Monitoring Network (GaN-MN). Continuous SQM-LE sky brightness data. https://globeatnight.org/gan-mn/. Station registry: http://globeatnight-network.org/,"GaN-MN station PAOF (Ouro Fino, MG, Brazil); photometric inflection method; night median MSAS=17.94; MSAS at inflection=15.83; depression=7.98°; smoothing=5-pt median; dark rows=722"
isha,2023-02-09,19:30,-3,-22.2803,-46.3647,870.0,Globe at Night Monitoring Network (GaN-MN). Continuous SQM-LE sky brightness data. https://globeatnight.org/gan-mn/. Station registry: http://globeatnight-network.org/,"GaN-MN station PAOF (Ouro Fino, MG, Brazil); photometric inflection method; night median MSAS=18.53; MSAS at inflection=18.54; depression=10.23°; smoothing=5-pt median; dark rows=723"
isha,2023-02-12,19:53,-3,-22.2803,-46.3647,870.0,Globe at Night Monitoring Network (GaN-MN). Continuous SQM-LE sky brightness data. https://globeatnight.org/gan-mn/. Station registry: http://globeatnight-network.org/,"GaN-MN station PAOF (Ouro Fino, MG, Brazil); photometric inflection method; night median MSAS=20.11; MSAS at inflection=21.01; depression=15.56°; smoothing=5-pt median; dark rows=725"
fajr,2023-02-15,04:52,-3,-22.2803,-46.3647,870.0,Globe at Night Monitoring Network (GaN-MN). Continuous SQM-LE sky brightness data. https://globeatnight.org/gan-mn/. Station registry: http://globeatnight-network.org/,"GaN-MN station PAOF (Ouro Fino, MG, Brazil); photometric inflection method; night median MSAS=20.49; MSAS at inflection=19.37; depression=14.52°; smoothing=5-pt median; dark rows=724"
isha,2023-02-15,19:29,-3,-22.2803,-46.3647,870.0,Globe at Night Monitoring Network (GaN-MN). Continuous SQM-LE sky brightness data. https://globeatnight.org/gan-mn/. Station registry: http://globeatnight-network.org/,"GaN-MN station PAOF (Ouro Fino, MG, Brazil); photometric inflection method; night median MSAS=20.76; MSAS at inflection=20.00; depression=10.93°; smoothing=5-pt median; dark rows=727"
isha,2023-02-16,19:28,-3,-22.2803,-46.3647,870.0,Globe at Night Monitoring Network (GaN-MN). Continuous SQM-LE sky brightness data. https://globeatnight.org/gan-mn/. Station registry: http://globeatnight-network.org/,"GaN-MN station PAOF (Ouro Fino, MG, Brazil); photometric inflection method; night median MSAS=20.93; MSAS at inflection=19.71; depression=10.86°; smoothing=5-pt median; dark rows=732"
fajr,2023-02-18,05:02,-3,-22.2803,-46.3647,870.0,Globe at Night Monitoring Network (GaN-MN). Continuous SQM-LE sky brightness data. https://globeatnight.org/gan-mn/. Station registry: http://globeatnight-network.org/,"GaN-MN station PAOF (Ouro Fino, MG, Brazil); photometric inflection method; night median MSAS=20.82; MSAS at inflection=20.23; depression=12.84°; smoothing=5-pt median; dark rows=732"
fajr,2023-02-19,05:15,-3,-22.2803,-46.3647,870.0,Globe at Night Monitoring Network (GaN-MN). Continuous SQM-LE sky brightness data. https://globeatnight.org/gan-mn/. Station registry: http://globeatnight-network.org/,"GaN-MN station PAOF (Ouro Fino, MG, Brazil); photometric inflection method; night median MSAS=20.85; MSAS at inflection=19.16; depression=10.13°; smoothing=5-pt median; dark rows=736"
isha,2023-02-20,19:56,-3,-22.2803,-46.3647,870.0,Globe at Night Monitoring Network (GaN-MN). Continuous SQM-LE sky brightness data. https://globeatnight.org/gan-mn/. Station registry: http://globeatnight-network.org/,"GaN-MN station PAOF (Ouro Fino, MG, Brazil); photometric inflection method; night median MSAS=21.38; MSAS at inflection=21.51; depression=17.61°; smoothing=5-pt median; dark rows=736"
fajr,2023-02-22,04:39,-3,-22.2803,-46.3647,870.0,Globe at Night Monitoring Network (GaN-MN). Continuous SQM-LE sky brightness data. https://globeatnight.org/gan-mn/. Station registry: http://globeatnight-network.org/,"GaN-MN station PAOF (Ouro Fino, MG, Brazil); photometric inflection method; night median MSAS=20.95; MSAS at inflection=21.12; depression=18.45°; smoothing=5-pt median; dark rows=740"
isha,2023-02-22,20:14,-3,-22.2803,-46.3647,870.0,Globe at Night Monitoring Network (GaN-MN). Continuous SQM-LE sky brightness data. https://globeatnight.org/gan-mn/. Station registry: http://globeatnight-network.org/,"GaN-MN station PAOF (Ouro Fino, MG, Brazil); photometric inflection method; night median MSAS=21.25; MSAS at inflection=21.26; depression=21.91°; smoothing=5-pt median; dark rows=742"
fajr,2023-02-24,05:11,-3,-22.2803,-46.3647,870.0,Globe at Night Monitoring Network (GaN-MN). Continuous SQM-LE sky brightness data. https://globeatnight.org/gan-mn/. Station registry: http://globeatnight-network.org/,"GaN-MN station PAOF (Ouro Fino, MG, Brazil); photometric inflection method; night median MSAS=21.20; MSAS at inflection=19.92; depression=11.69°; smoothing=5-pt median; dark rows=746"
isha,2023-02-24,19:18,-3,-22.2803,-46.3647,870.0,Globe at Night Monitoring Network (GaN-MN). Continuous SQM-LE sky brightness data. https://globeatnight.org/gan-mn/. Station registry: http://globeatnight-network.org/,"GaN-MN station PAOF (Ouro Fino, MG, Brazil); photometric inflection method; night median MSAS=21.01; MSAS at inflection=18.71; depression=10.06°; smoothing=5-pt median; dark rows=752"
isha,2023-02-01,18:52,8,22.2328,113.9007,15.0,Globe at Night Monitoring Network (GaN-MN). Continuous SQM-LE sky brightness data. https://globeatnight.org/gan-mn/. Station registry: http://globeatnight-network.org/,"GaN-MN station SH (Shek Pik, Lantau Island, Hong Kong); photometric inflection method; night median MSAS=17.97; MSAS at inflection=16.59; depression=9.55°; smoothing=5-pt median; dark rows=1371"
isha,2023-02-14,19:36,8,22.2328,113.9007,15.0,Globe at Night Monitoring Network (GaN-MN). Continuous SQM-LE sky brightness data. https://globeatnight.org/gan-mn/. Station registry: http://globeatnight-network.org/,"GaN-MN station SH (Shek Pik, Lantau Island, Hong Kong); photometric inflection method; night median MSAS=18.02; MSAS at inflection=17.84; depression=18.09°; smoothing=5-pt median; dark rows=1347"
isha,2023-02-11,18:43,9,37.456,126.9522,80.0,Globe at Night Monitoring Network (GaN-MN). Continuous SQM-LE sky brightness data. https://globeatnight.org/gan-mn/. Station registry: http://globeatnight-network.org/,"GaN-MN station SNUO (Seoul National University Observatory, Korea); photometric inflection method; night median MSAS=17.58; MSAS at inflection=15.67; depression=8.01°; smoothing=5-pt median; dark rows=1408"
isha,2023-02-11,18:51,8,22.4806,114.0194,5.0,Globe at Night Monitoring Network (GaN-MN). Continuous SQM-LE sky brightness data. https://globeatnight.org/gan-mn/. Station registry: http://globeatnight-network.org/,"GaN-MN station TBT (Tsim Bei Tsui, Yuen Long, Hong Kong); photometric inflection method; night median MSAS=17.70; MSAS at inflection=16.09; depression=8.27°; smoothing=5-pt median; dark rows=1356"
fajr,2023-02-13,06:06,8,22.4806,114.0194,5.0,Globe at Night Monitoring Network (GaN-MN). Continuous SQM-LE sky brightness data. https://globeatnight.org/gan-mn/. Station registry: http://globeatnight-network.org/,"GaN-MN station TBT (Tsim Bei Tsui, Yuen Long, Hong Kong); photometric inflection method; night median MSAS=17.70; MSAS at inflection=18.06; depression=12.26°; smoothing=5-pt median; dark rows=1354"
fajr,2023-02-14,05:50,8,22.4806,114.0194,5.0,Globe at Night Monitoring Network (GaN-MN). Continuous SQM-LE sky brightness data. https://globeatnight.org/gan-mn/. Station registry: http://globeatnight-network.org/,"GaN-MN station TBT (Tsim Bei Tsui, Yuen Long, Hong Kong); photometric inflection method; night median MSAS=17.55; MSAS at inflection=17.51; depression=15.80°; smoothing=5-pt median; dark rows=1352"
isha,2023-02-20,19:20,8,22.4806,114.0194,5.0,Globe at Night Monitoring Network (GaN-MN). Continuous SQM-LE sky brightness data. https://globeatnight.org/gan-mn/. Station registry: http://globeatnight-network.org/,"GaN-MN station TBT (Tsim Bei Tsui, Yuen Long, Hong Kong); photometric inflection method; night median MSAS=18.60; MSAS at inflection=18.10; depression=13.96°; smoothing=5-pt median; dark rows=1337"
isha,2023-02-23,19:10,8,22.4806,114.0194,5.0,Globe at Night Monitoring Network (GaN-MN). Continuous SQM-LE sky brightness data. https://globeatnight.org/gan-mn/. Station registry: http://globeatnight-network.org/,"GaN-MN station TBT (Tsim Bei Tsui, Yuen Long, Hong Kong); photometric inflection method; night median MSAS=18.74; MSAS at inflection=17.89; depression=11.35°; smoothing=5-pt median; dark rows=1330"
fajr,2023-02-02,05:38,-8,32.6736,-116.5311,1220.0,Globe at Night Monitoring Network (GaN-MN). Continuous SQM-LE sky brightness data. https://globeatnight.org/gan-mn/. Station registry: http://globeatnight-network.org/,"GaN-MN station TSO (Tierra del Sol, San Diego, California, USA); photometric inflection method; night median MSAS=18.75; MSAS at inflection=20.89; depression=13.29°; smoothing=5-pt median; dark rows=613"
fajr,2023-02-07,05:57,-8,32.6736,-116.5311,1220.0,Globe at Night Monitoring Network (GaN-MN). Continuous SQM-LE sky brightness data. https://globeatnight.org/gan-mn/. Station registry: http://globeatnight-network.org/,"GaN-MN station TSO (Tierra del Sol, San Diego, California, USA); photometric inflection method; night median MSAS=17.99; MSAS at inflection=16.80; depression=8.75°; smoothing=5-pt median; dark rows=604"
fajr,2023-02-08,05:52,-8,32.6736,-116.5311,1220.0,Globe at Night Monitoring Network (GaN-MN). Continuous SQM-LE sky brightness data. https://globeatnight.org/gan-mn/. Station registry: http://globeatnight-network.org/,"GaN-MN station TSO (Tierra del Sol, San Diego, California, USA); photometric inflection method; night median MSAS=18.37; MSAS at inflection=17.72; depression=9.63°; smoothing=5-pt median; dark rows=604"
fajr,2023-02-09,05:40,-8,32.6736,-116.5311,1220.0,Globe at Night Monitoring Network (GaN-MN). Continuous SQM-LE sky brightness data. https://globeatnight.org/gan-mn/. Station registry: http://globeatnight-network.org/,"GaN-MN station TSO (Tierra del Sol, San Diego, California, USA); photometric inflection method; night median MSAS=19.13; MSAS at inflection=19.38; depression=11.97°; smoothing=5-pt median; dark rows=601"
fajr,2023-02-13,05:18,-8,32.6736,-116.5311,1220.0,Globe at Night Monitoring Network (GaN-MN). Continuous SQM-LE sky brightness data. https://globeatnight.org/gan-mn/. Station registry: http://globeatnight-network.org/,"GaN-MN station TSO (Tierra del Sol, San Diego, California, USA); photometric inflection method; night median MSAS=20.85; MSAS at inflection=19.41; depression=15.93°; smoothing=5-pt median; dark rows=595"
fajr,2023-02-18,05:28,-8,32.6736,-116.5311,1220.0,Globe at Night Monitoring Network (GaN-MN). Continuous SQM-LE sky brightness data. https://globeatnight.org/gan-mn/. Station registry: http://globeatnight-network.org/,"GaN-MN station TSO (Tierra del Sol, San Diego, California, USA); photometric inflection method; night median MSAS=21.37; MSAS at inflection=20.70; depression=12.75°; smoothing=5-pt median; dark rows=584"
fajr,2023-02-26,05:34,-8,32.6736,-116.5311,1220.0,Globe at Night Monitoring Network (GaN-MN). Continuous SQM-LE sky brightness data. https://globeatnight.org/gan-mn/. Station registry: http://globeatnight-network.org/,"GaN-MN station TSO (Tierra del Sol, San Diego, California, USA); photometric inflection method; night median MSAS=20.44; MSAS at inflection=18.97; depression=9.85°; smoothing=5-pt median; dark rows=567"
fajr,2023-02-21,05:40,8,22.2974,114.1737,5.0,Globe at Night Monitoring Network (GaN-MN). Continuous SQM-LE sky brightness data. https://globeatnight.org/gan-mn/. Station registry: http://globeatnight-network.org/,"GaN-MN station TST (Kowloon, Hong Kong Space Museum); photometric inflection method; night median MSAS=17.64; MSAS at inflection=17.64; depression=16.92°; smoothing=5-pt median; dark rows=1337"
fajr,2023-02-25,05:43,8,22.2974,114.1737,5.0,Globe at Night Monitoring Network (GaN-MN). Continuous SQM-LE sky brightness data. https://globeatnight.org/gan-mn/. Station registry: http://globeatnight-network.org/,"GaN-MN station TST (Kowloon, Hong Kong Space Museum); photometric inflection method; night median MSAS=17.98; MSAS at inflection=16.87; depression=15.73°; smoothing=5-pt median; dark rows=1327"
isha,2023-02-03,22:02,11,-36.8983,149.9044,30.0,Globe at Night Monitoring Network (GaN-MN). Continuous SQM-LE sky brightness data. https://globeatnight.org/gan-mn/. Station registry: http://globeatnight-network.org/,"GaN-MN station Tura (Merimbula, New South Wales, Australia); photometric inflection method; night median MSAS=19.69; MSAS at inflection=19.91; depression=20.06°; smoothing=5-pt median; dark rows=53"
isha,2023-02-05,21:36,11,-36.8983,149.9044,30.0,Globe at Night Monitoring Network (GaN-MN). Continuous SQM-LE sky brightness data. https://globeatnight.org/gan-mn/. Station registry: http://globeatnight-network.org/,"GaN-MN station Tura (Merimbula, New South Wales, Australia); photometric inflection method; night median MSAS=18.93; MSAS at inflection=19.86; depression=16.34°; smoothing=5-pt median; dark rows=485"
isha,2023-02-06,21:32,11,-36.8983,149.9044,30.0,Globe at Night Monitoring Network (GaN-MN). Continuous SQM-LE sky brightness data. https://globeatnight.org/gan-mn/. Station registry: http://globeatnight-network.org/,"GaN-MN station Tura (Merimbula, New South Wales, Australia); photometric inflection method; night median MSAS=19.28; MSAS at inflection=19.71; depression=15.96°; smoothing=5-pt median; dark rows=163"
fajr,2023-02-06,21:59,11,-36.8983,149.9044,30.0,Globe at Night Monitoring Network (GaN-MN). Continuous SQM-LE sky brightness data. https://globeatnight.org/gan-mn/. Station registry: http://globeatnight-network.org/,"GaN-MN station Tura (Merimbula, New South Wales, Australia); photometric inflection method; night median MSAS=19.28; MSAS at inflection=19.61; depression=20.28°; smoothing=5-pt median; dark rows=163"
fajr,2023-02-08,04:44,11,-36.8983,149.9044,30.0,Globe at Night Monitoring Network (GaN-MN). Continuous SQM-LE sky brightness data. https://globeatnight.org/gan-mn/. Station registry: http://globeatnight-network.org/,"GaN-MN station Tura (Merimbula, New South Wales, Australia); photometric inflection method; night median MSAS=18.23; MSAS at inflection=18.86; depression=18.17°; smoothing=5-pt median; dark rows=394"
fajr,2023-02-08,20:59,11,-36.8983,149.9044,30.0,Globe at Night Monitoring Network (GaN-MN). Continuous SQM-LE sky brightness data. https://globeatnight.org/gan-mn/. Station registry: http://globeatnight-network.org/,"GaN-MN station Tura (Merimbula, New South Wales, Australia); photometric inflection method; night median MSAS=20.77; MSAS at inflection=19.84; depression=10.72°; smoothing=5-pt median; dark rows=91"
fajr,2023-02-10,05:22,11,-36.8983,149.9044,30.0,Globe at Night Monitoring Network (GaN-MN). Continuous SQM-LE sky brightness data. https://globeatnight.org/gan-mn/. Station registry: http://globeatnight-network.org/,"GaN-MN station Tura (Merimbula, New South Wales, Australia); photometric inflection method; night median MSAS=18.92; MSAS at inflection=18.23; depression=12.30°; smoothing=5-pt median; dark rows=511"
isha,2023-02-10,21:07,11,-36.8983,149.9044,30.0,Globe at Night Monitoring Network (GaN-MN). Continuous SQM-LE sky brightness data. https://globeatnight.org/gan-mn/. Station registry: http://globeatnight-network.org/,"GaN-MN station Tura (Merimbula, New South Wales, Australia); photometric inflection method; night median MSAS=20.37; MSAS at inflection=20.75; depression=12.56°; smoothing=5-pt median; dark rows=517"
isha,2023-02-11,20:54,11,-36.8983,149.9044,30.0,Globe at Night Monitoring Network (GaN-MN). Continuous SQM-LE sky brightness data. https://globeatnight.org/gan-mn/. Station registry: http://globeatnight-network.org/,"GaN-MN station Tura (Merimbula, New South Wales, Australia); photometric inflection method; night median MSAS=20.93; MSAS at inflection=18.93; depression=10.57°; smoothing=5-pt median; dark rows=510"
fajr,2023-02-13,05:07,11,-36.8983,149.9044,30.0,Globe at Night Monitoring Network (GaN-MN). Continuous SQM-LE sky brightness data. https://globeatnight.org/gan-mn/. Station registry: http://globeatnight-network.org/,"GaN-MN station Tura (Merimbula, New South Wales, Australia); photometric inflection method; night median MSAS=20.06; MSAS at inflection=17.99; depression=15.49°; smoothing=5-pt median; dark rows=525"
fajr,2023-02-16,20:57,11,-36.8983,149.9044,30.0,Globe at Night Monitoring Network (GaN-MN). Continuous SQM-LE sky brightness data. https://globeatnight.org/gan-mn/. Station registry: http://globeatnight-network.org/,"GaN-MN station Tura (Merimbula, New South Wales, Australia); photometric inflection method; night median MSAS=22.28; MSAS at inflection=20.64; depression=12.19°; smoothing=5-pt median; dark rows=111"
fajr,2023-02-18,04:41,11,-36.8983,149.9044,30.0,Globe at Night Monitoring Network (GaN-MN). Continuous SQM-LE sky brightness data. https://globeatnight.org/gan-mn/. Station registry: http://globeatnight-network.org/,"GaN-MN station Tura (Merimbula, New South Wales, Australia); photometric inflection method; night median MSAS=22.21; MSAS at inflection=22.09; depression=21.06°; smoothing=5-pt median; dark rows=533"
fajr,2023-02-19,05:32,11,-36.8983,149.9044,30.0,Globe at Night Monitoring Network (GaN-MN). Continuous SQM-LE sky brightness data. https://globeatnight.org/gan-mn/. Station registry: http://globeatnight-network.org/,"GaN-MN station Tura (Merimbula, New South Wales, Australia); photometric inflection method; night median MSAS=22.16; MSAS at inflection=21.15; depression=12.53°; smoothing=5-pt median; dark rows=532"
isha,2023-02-19,20:54,11,-36.8983,149.9044,30.0,Globe at Night Monitoring Network (GaN-MN). Continuous SQM-LE sky brightness data. https://globeatnight.org/gan-mn/. Station registry: http://globeatnight-network.org/,"GaN-MN station Tura (Merimbula, New South Wales, Australia); photometric inflection method; night median MSAS=22.64; MSAS at inflection=20.68; depression=12.31°; smoothing=5-pt median; dark rows=537"
fajr,2023-02-21,05:34,11,-36.8983,149.9044,30.0,Globe at Night Monitoring Network (GaN-MN). Continuous SQM-LE sky brightness data. https://globeatnight.org/gan-mn/. Station registry: http://globeatnight-network.org/,"GaN-MN station Tura (Merimbula, New South Wales, Australia); photometric inflection method; night median MSAS=22.29; MSAS at inflection=20.70; depression=12.57°; smoothing=5-pt median; dark rows=546"
fajr,2023-02-22,05:38,11,-36.8983,149.9044,30.0,Globe at Night Monitoring Network (GaN-MN). Continuous SQM-LE sky brightness data. https://globeatnight.org/gan-mn/. Station registry: http://globeatnight-network.org/,"GaN-MN station Tura (Merimbula, New South Wales, Australia); photometric inflection method; night median MSAS=22.02; MSAS at inflection=20.29; depression=12.09°; smoothing=5-pt median; dark rows=551"
fajr,2023-02-23,04:44,11,-36.8983,149.9044,30.0,Globe at Night Monitoring Network (GaN-MN). Continuous SQM-LE sky brightness data. https://globeatnight.org/gan-mn/. Station registry: http://globeatnight-network.org/,"GaN-MN station Tura (Merimbula, New South Wales, Australia); photometric inflection method; night median MSAS=21.72; MSAS at inflection=21.52; depression=21.90°; smoothing=5-pt median; dark rows=552"
fajr,2023-02-24,05:39,11,-36.8983,149.9044,30.0,Globe at Night Monitoring Network (GaN-MN). Continuous SQM-LE sky brightness data. https://globeatnight.org/gan-mn/. Station registry: http://globeatnight-network.org/,"GaN-MN station Tura (Merimbula, New South Wales, Australia); photometric inflection method; night median MSAS=22.37; MSAS at inflection=20.69; depression=12.32°; smoothing=5-pt median; dark rows=555"
fajr,2023-02-25,05:32,11,-36.8983,149.9044,30.0,Globe at Night Monitoring Network (GaN-MN). Continuous SQM-LE sky brightness data. https://globeatnight.org/gan-mn/. Station registry: http://globeatnight-network.org/,"GaN-MN station Tura (Merimbula, New South Wales, Australia); photometric inflection method; night median MSAS=22.56; MSAS at inflection=21.70; depression=13.85°; smoothing=5-pt median; dark rows=558"
fajr,2023-02-26,05:35,11,-36.8983,149.9044,30.0,Globe at Night Monitoring Network (GaN-MN). Continuous SQM-LE sky brightness data. https://globeatnight.org/gan-mn/. Station registry: http://globeatnight-network.org/,"GaN-MN station Tura (Merimbula, New South Wales, Australia); photometric inflection method; night median MSAS=22.26; MSAS at inflection=21.65; depression=13.58°; smoothing=5-pt median; dark rows=561"
fajr,2023-02-27,05:33,11,-36.8983,149.9044,30.0,Globe at Night Monitoring Network (GaN-MN). Continuous SQM-LE sky brightness data. https://globeatnight.org/gan-mn/. Station registry: http://globeatnight-network.org/,"GaN-MN station Tura (Merimbula, New South Wales, Australia); photometric inflection method; night median MSAS=22.04; MSAS at inflection=21.46; depression=14.09°; smoothing=5-pt median; dark rows=562"
isha,2023-02-27,21:10,11,-36.8983,149.9044,30.0,Globe at Night Monitoring Network (GaN-MN). Continuous SQM-LE sky brightness data. https://globeatnight.org/gan-mn/. Station registry: http://globeatnight-network.org/,"GaN-MN station Tura (Merimbula, New South Wales, Australia); photometric inflection method; night median MSAS=21.57; MSAS at inflection=20.85; depression=17.54°; smoothing=5-pt median; dark rows=565"
fajr,2023-02-28,04:59,11,-36.8983,149.9044,30.0,Globe at Night Monitoring Network (GaN-MN). Continuous SQM-LE sky brightness data. https://globeatnight.org/gan-mn/. Station registry: http://globeatnight-network.org/,"GaN-MN station Tura (Merimbula, New South Wales, Australia); photometric inflection method; night median MSAS=21.57; MSAS at inflection=21.37; depression=20.46°; smoothing=5-pt median; dark rows=565"
fajr,2023-03-01,05:42,11,-36.8983,149.9044,30.0,Globe at Night Monitoring Network (GaN-MN). Continuous SQM-LE sky brightness data. https://globeatnight.org/gan-mn/. Station registry: http://globeatnight-network.org/,"GaN-MN station Tura (Merimbula, New South Wales, Australia); photometric inflection method; night median MSAS=21.30; MSAS at inflection=21.17; depression=12.92°; smoothing=5-pt median; dark rows=566"
fajr,2023-02-02,06:29,1,59.9167,18.8333,5.0,Globe at Night Monitoring Network (GaN-MN). Continuous SQM-LE sky brightness data. https://globeatnight.org/gan-mn/. Station registry: http://globeatnight-network.org/,"GaN-MN station UO (Utanå Observatory, Väddö, Sweden); photometric inflection method; night median MSAS=17.69; MSAS at inflection=19.06; depression=10.71°; smoothing=5-pt median; dark rows=795"
isha,2023-02-02,18:13,1,59.9167,18.8333,5.0,Globe at Night Monitoring Network (GaN-MN). Continuous SQM-LE sky brightness data. https://globeatnight.org/gan-mn/. Station registry: http://globeatnight-network.org/,"GaN-MN station UO (Utanå Observatory, Väddö, Sweden); photometric inflection method; night median MSAS=18.50; MSAS at inflection=18.69; depression=16.37°; smoothing=5-pt median; dark rows=783"
isha,2023-02-04,18:00,1,59.9167,18.8333,5.0,Globe at Night Monitoring Network (GaN-MN). Continuous SQM-LE sky brightness data. https://globeatnight.org/gan-mn/. Station registry: http://globeatnight-network.org/,"GaN-MN station UO (Utanå Observatory, Väddö, Sweden); photometric inflection method; night median MSAS=17.77; MSAS at inflection=18.19; depression=14.20°; smoothing=5-pt median; dark rows=783"
fajr,2023-02-05,05:01,1,59.9167,18.8333,5.0,Globe at Night Monitoring Network (GaN-MN). Continuous SQM-LE sky brightness data. https://globeatnight.org/gan-mn/. Station registry: http://globeatnight-network.org/,"GaN-MN station UO (Utanå Observatory, Väddö, Sweden); photometric inflection method; night median MSAS=17.77; MSAS at inflection=17.56; depression=20.93°; smoothing=5-pt median; dark rows=783"
isha,2023-02-09,18:15,1,59.9167,18.8333,5.0,Globe at Night Monitoring Network (GaN-MN). Continuous SQM-LE sky brightness data. https://globeatnight.org/gan-mn/. Station registry: http://globeatnight-network.org/,"GaN-MN station UO (Utanå Observatory, Väddö, Sweden); photometric inflection method; night median MSAS=19.81; MSAS at inflection=21.14; depression=14.65°; smoothing=5-pt median; dark rows=720"
fajr,2023-02-10,05:20,1,59.9167,18.8333,5.0,Globe at Night Monitoring Network (GaN-MN). Continuous SQM-LE sky brightness data. https://globeatnight.org/gan-mn/. Station registry: http://globeatnight-network.org/,"GaN-MN station UO (Utanå Observatory, Väddö, Sweden); photometric inflection method; night median MSAS=19.81; MSAS at inflection=19.95; depression=17.29°; smoothing=5-pt median; dark rows=720"
isha,2023-02-11,18:28,1,59.9167,18.8333,5.0,Globe at Night Monitoring Network (GaN-MN). Continuous SQM-LE sky brightness data. https://globeatnight.org/gan-mn/. Station registry: http://globeatnight-network.org/,"GaN-MN station UO (Utanå Observatory, Väddö, Sweden); photometric inflection method; night median MSAS=20.74; MSAS at inflection=21.01; depression=15.78°; smoothing=5-pt median; dark rows=752"
fajr,2023-02-12,05:05,1,59.9167,18.8333,5.0,Globe at Night Monitoring Network (GaN-MN). Continuous SQM-LE sky brightness data. https://globeatnight.org/gan-mn/. Station registry: http://globeatnight-network.org/,"GaN-MN station UO (Utanå Observatory, Väddö, Sweden); photometric inflection method; night median MSAS=20.74; MSAS at inflection=19.28; depression=18.54°; smoothing=5-pt median; dark rows=752"
fajr,2023-02-13,04:39,1,59.9167,18.8333,5.0,Globe at Night Monitoring Network (GaN-MN). Continuous SQM-LE sky brightness data. https://globeatnight.org/gan-mn/. Station registry: http://globeatnight-network.org/,"GaN-MN station UO (Utanå Observatory, Väddö, Sweden); photometric inflection method; night median MSAS=20.69; MSAS at inflection=20.08; depression=21.49°; smoothing=5-pt median; dark rows=748"
fajr,2023-02-14,04:35,1,59.9167,18.8333,5.0,Globe at Night Monitoring Network (GaN-MN). Continuous SQM-LE sky brightness data. https://globeatnight.org/gan-mn/. Station registry: http://globeatnight-network.org/,"GaN-MN station UO (Utanå Observatory, Väddö, Sweden); photometric inflection method; night median MSAS=21.25; MSAS at inflection=20.98; depression=21.69°; smoothing=5-pt median; dark rows=741"
isha,2023-02-14,18:46,1,59.9167,18.8333,5.0,Globe at Night Monitoring Network (GaN-MN). Continuous SQM-LE sky brightness data. https://globeatnight.org/gan-mn/. Station registry: http://globeatnight-network.org/,"GaN-MN station UO (Utanå Observatory, Väddö, Sweden); photometric inflection method; night median MSAS=21.41; MSAS at inflection=21.26; depression=17.17°; smoothing=5-pt median; dark rows=738"
fajr,2023-02-15,04:37,1,59.9167,18.8333,5.0,Globe at Night Monitoring Network (GaN-MN). Continuous SQM-LE sky brightness data. https://globeatnight.org/gan-mn/. Station registry: http://globeatnight-network.org/,"GaN-MN station UO (Utanå Observatory, Väddö, Sweden); photometric inflection method; night median MSAS=21.41; MSAS at inflection=21.56; depression=21.15°; smoothing=5-pt median; dark rows=738"
fajr,2023-02-16,04:30,1,59.9167,18.8333,5.0,Globe at Night Monitoring Network (GaN-MN). Continuous SQM-LE sky brightness data. https://globeatnight.org/gan-mn/. Station registry: http://globeatnight-network.org/,"GaN-MN station UO (Utanå Observatory, Väddö, Sweden); photometric inflection method; night median MSAS=21.55; MSAS at inflection=21.76; depression=21.72°; smoothing=5-pt median; dark rows=723"
fajr,2023-02-17,04:45,1,59.9167,18.8333,5.0,Globe at Night Monitoring Network (GaN-MN). Continuous SQM-LE sky brightness data. https://globeatnight.org/gan-mn/. Station registry: http://globeatnight-network.org/,"GaN-MN station UO (Utanå Observatory, Väddö, Sweden); photometric inflection method; night median MSAS=21.15; MSAS at inflection=21.32; depression=19.56°; smoothing=5-pt median; dark rows=727"
fajr,2023-02-18,05:35,1,59.9167,18.8333,5.0,Globe at Night Monitoring Network (GaN-MN). Continuous SQM-LE sky brightness data. https://globeatnight.org/gan-mn/. Station registry: http://globeatnight-network.org/,"GaN-MN station UO (Utanå Observatory, Väddö, Sweden); photometric inflection method; night median MSAS=21.33; MSAS at inflection=20.64; depression=13.00°; smoothing=5-pt median; dark rows=723"
isha,2023-02-18,18:07,1,59.9167,18.8333,5.0,Globe at Night Monitoring Network (GaN-MN). Continuous SQM-LE sky brightness data. https://globeatnight.org/gan-mn/. Station registry: http://globeatnight-network.org/,"GaN-MN station UO (Utanå Observatory, Väddö, Sweden); photometric inflection method; night median MSAS=20.98; MSAS at inflection=19.10; depression=11.14°; smoothing=5-pt median; dark rows=719"
fajr,2023-02-19,05:45,1,59.9167,18.8333,5.0,Globe at Night Monitoring Network (GaN-MN). Continuous SQM-LE sky brightness data. https://globeatnight.org/gan-mn/. Station registry: http://globeatnight-network.org/,"GaN-MN station UO (Utanå Observatory, Väddö, Sweden); photometric inflection method; night median MSAS=20.98; MSAS at inflection=19.17; depression=11.43°; smoothing=5-pt median; dark rows=719"
fajr,2023-02-22,04:56,1,59.9167,18.8333,5.0,Globe at Night Monitoring Network (GaN-MN). Continuous SQM-LE sky brightness data. https://globeatnight.org/gan-mn/. Station registry: http://globeatnight-network.org/,"GaN-MN station UO (Utanå Observatory, Väddö, Sweden); photometric inflection method; night median MSAS=21.22; MSAS at inflection=21.33; depression=16.60°; smoothing=5-pt median; dark rows=698"
isha,2023-02-22,19:33,1,59.9167,18.8333,5.0,Globe at Night Monitoring Network (GaN-MN). Continuous SQM-LE sky brightness data. https://globeatnight.org/gan-mn/. Station registry: http://globeatnight-network.org/,"GaN-MN station UO (Utanå Observatory, Väddö, Sweden); photometric inflection method; night median MSAS=20.67; MSAS at inflection=20.70; depression=20.58°; smoothing=5-pt median; dark rows=698"
fajr,2023-02-23,04:43,1,59.9167,18.8333,5.0,Globe at Night Monitoring Network (GaN-MN). Continuous SQM-LE sky brightness data. https://globeatnight.org/gan-mn/. Station registry: http://globeatnight-network.org/,"GaN-MN station UO (Utanå Observatory, Väddö, Sweden); photometric inflection method; night median MSAS=20.67; MSAS at inflection=21.06; depression=17.89°; smoothing=5-pt median; dark rows=698"
fajr,2023-02-25,04:04,1,59.9167,18.8333,5.0,Globe at Night Monitoring Network (GaN-MN). Continuous SQM-LE sky brightness data. https://globeatnight.org/gan-mn/. Station registry: http://globeatnight-network.org/,"GaN-MN station UO (Utanå Observatory, Väddö, Sweden); photometric inflection method; night median MSAS=20.81; MSAS at inflection=21.21; depression=21.92°; smoothing=5-pt median; dark rows=688"
fajr,2023-02-27,03:58,1,59.9167,18.8333,5.0,Globe at Night Monitoring Network (GaN-MN). Continuous SQM-LE sky brightness data. https://globeatnight.org/gan-mn/. Station registry: http://globeatnight-network.org/,"GaN-MN station UO (Utanå Observatory, Väddö, Sweden); photometric inflection method; night median MSAS=20.37; MSAS at inflection=20.89; depression=21.94°; smoothing=5-pt median; dark rows=677"
fajr,2023-02-28,04:02,1,59.9167,18.8333,5.0,Globe at Night Monitoring Network (GaN-MN). Continuous SQM-LE sky brightness data. https://globeatnight.org/gan-mn/. Station registry: http://globeatnight-network.org/,"GaN-MN station UO (Utanå Observatory, Väddö, Sweden); photometric inflection method; night median MSAS=20.33; MSAS at inflection=21.12; depression=21.12°; smoothing=5-pt median; dark rows=673"
isha,2023-02-23,19:46,9,36.6673,129.1133,200.0,Globe at Night Monitoring Network (GaN-MN). Continuous SQM-LE sky brightness data. https://globeatnight.org/gan-mn/. Station registry: http://globeatnight-network.org/,"GaN-MN station YFAO (Yeongyang, Korea); photometric inflection method; night median MSAS=20.74; MSAS at inflection=20.63; depression=19.85°; smoothing=5-pt median; dark rows=1356"
isha,2023-02-27,19:48,9,36.6673,129.1133,200.0,Globe at Night Monitoring Network (GaN-MN). Continuous SQM-LE sky brightness data. https://globeatnight.org/gan-mn/. Station registry: http://globeatnight-network.org/,"GaN-MN station YFAO (Yeongyang, Korea); photometric inflection method; night median MSAS=20.53; MSAS at inflection=18.38; depression=19.51°; smoothing=5-pt median; dark rows=1338"
isha,2023-02-09,18:57,1,49.0167,13.2333,590.0,Globe at Night Monitoring Network (GaN-MN). Continuous SQM-LE sky brightness data. https://globeatnight.org/gan-mn/. Station registry: http://globeatnight-network.org/,"GaN-MN station Zwi (Zwiesel, Germany); photometric inflection method; night median MSAS=18.98; MSAS at inflection=19.84; depression=16.93°; smoothing=5-pt median; dark rows=1463"
isha,2023-02-14,18:26,1,49.0167,13.2333,590.0,Globe at Night Monitoring Network (GaN-MN). Continuous SQM-LE sky brightness data. https://globeatnight.org/gan-mn/. Station registry: http://globeatnight-network.org/,"GaN-MN station Zwi (Zwiesel, Germany); photometric inflection method; night median MSAS=20.70; MSAS at inflection=18.33; depression=10.58°; smoothing=5-pt median; dark rows=1432"
fajr,2023-02-16,05:14,1,49.0167,13.2333,590.0,Globe at Night Monitoring Network (GaN-MN). Continuous SQM-LE sky brightness data. https://globeatnight.org/gan-mn/. Station registry: http://globeatnight-network.org/,"GaN-MN station Zwi (Zwiesel, Germany); photometric inflection method; night median MSAS=20.63; MSAS at inflection=20.55; depression=20.19°; smoothing=5-pt median; dark rows=1426"
isha,2023-02-16,18:26,1,49.0167,13.2333,590.0,Globe at Night Monitoring Network (GaN-MN). Continuous SQM-LE sky brightness data. https://globeatnight.org/gan-mn/. Station registry: http://globeatnight-network.org/,"GaN-MN station Zwi (Zwiesel, Germany); photometric inflection method; night median MSAS=19.07; MSAS at inflection=18.11; depression=10.09°; smoothing=5-pt median; dark rows=1419"
isha,2023-02-18,19:01,1,49.0167,13.2333,590.0,Globe at Night Monitoring Network (GaN-MN). Continuous SQM-LE sky brightness data. https://globeatnight.org/gan-mn/. Station registry: http://globeatnight-network.org/,"GaN-MN station Zwi (Zwiesel, Germany); photometric inflection method; night median MSAS=18.16; MSAS at inflection=17.64; depression=15.31°; smoothing=5-pt median; dark rows=1406"
isha,2023-02-23,19:35,1,49.0167,13.2333,590.0,Globe at Night Monitoring Network (GaN-MN). Continuous SQM-LE sky brightness data. https://globeatnight.org/gan-mn/. Station registry: http://globeatnight-network.org/,"GaN-MN station Zwi (Zwiesel, Germany); photometric inflection method; night median MSAS=18.65; MSAS at inflection=19.21; depression=19.69°; smoothing=5-pt median; dark rows=1373"
isha,2023-02-24,19:36,1,49.0167,13.2333,590.0,Globe at Night Monitoring Network (GaN-MN). Continuous SQM-LE sky brightness data. https://globeatnight.org/gan-mn/. Station registry: http://globeatnight-network.org/,"GaN-MN station Zwi (Zwiesel, Germany); photometric inflection method; night median MSAS=18.45; MSAS at inflection=19.08; depression=19.52°; smoothing=5-pt median; dark rows=1366"
isha,2023-02-25,19:15,1,49.0167,13.2333,590.0,Globe at Night Monitoring Network (GaN-MN). Continuous SQM-LE sky brightness data. https://globeatnight.org/gan-mn/. Station registry: http://globeatnight-network.org/,"GaN-MN station Zwi (Zwiesel, Germany); photometric inflection method; night median MSAS=18.76; MSAS at inflection=17.33; depression=15.85°; smoothing=5-pt median; dark rows=1360"
isha,2023-02-09,18:46,8,22.3767,114.27,10.0,Globe at Night Monitoring Network (GaN-MN). Continuous SQM-LE sky brightness data. https://globeatnight.org/gan-mn/. Station registry: http://globeatnight-network.org/,"GaN-MN station iObs (Sai Kung iObservatory, Hong Kong); photometric inflection method; night median MSAS=17.62; MSAS at inflection=15.16; depression=7.75°; smoothing=5-pt median; dark rows=1357"
isha,2023-02-13,19:26,8,22.3767,114.27,10.0,Globe at Night Monitoring Network (GaN-MN). Continuous SQM-LE sky brightness data. https://globeatnight.org/gan-mn/. Station registry: http://globeatnight-network.org/,"GaN-MN station iObs (Sai Kung iObservatory, Hong Kong); photometric inflection method; night median MSAS=18.80; MSAS at inflection=18.19; depression=16.27°; smoothing=5-pt median; dark rows=1353"
isha,2023-02-14,18:54,8,22.3767,114.27,10.0,Globe at Night Monitoring Network (GaN-MN). Continuous SQM-LE sky brightness data. https://globeatnight.org/gan-mn/. Station registry: http://globeatnight-network.org/,"GaN-MN station iObs (Sai Kung iObservatory, Hong Kong); photometric inflection method; night median MSAS=18.86; MSAS at inflection=16.74; depression=8.87°; smoothing=5-pt median; dark rows=1345"
fajr,2023-02-15,06:16,8,22.3767,114.27,10.0,Globe at Night Monitoring Network (GaN-MN). Continuous SQM-LE sky brightness data. https://globeatnight.org/gan-mn/. Station registry: http://globeatnight-network.org/,"GaN-MN station iObs (Sai Kung iObservatory, Hong Kong); photometric inflection method; night median MSAS=18.86; MSAS at inflection=16.87; depression=9.42°; smoothing=5-pt median; dark rows=1345"
isha,2023-02-16,19:20,8,22.3767,114.27,10.0,Globe at Night Monitoring Network (GaN-MN). Continuous SQM-LE sky brightness data. https://globeatnight.org/gan-mn/. Station registry: http://globeatnight-network.org/,"GaN-MN station iObs (Sai Kung iObservatory, Hong Kong); photometric inflection method; night median MSAS=18.96; MSAS at inflection=18.27; depression=14.70°; smoothing=5-pt median; dark rows=1343"
isha,2023-02-18,19:00,8,22.3767,114.27,10.0,Globe at Night Monitoring Network (GaN-MN). Continuous SQM-LE sky brightness data. https://globeatnight.org/gan-mn/. Station registry: http://globeatnight-network.org/,"GaN-MN station iObs (Sai Kung iObservatory, Hong Kong); photometric inflection method; night median MSAS=18.97; MSAS at inflection=17.08; depression=9.79°; smoothing=5-pt median; dark rows=1339"
fajr,2023-02-21,06:17,8,22.3767,114.27,10.0,Globe at Night Monitoring Network (GaN-MN). Continuous SQM-LE sky brightness data. https://globeatnight.org/gan-mn/. Station registry: http://globeatnight-network.org/,"GaN-MN station iObs (Sai Kung iObservatory, Hong Kong); photometric inflection method; night median MSAS=19.15; MSAS at inflection=17.14; depression=8.36°; smoothing=5-pt median; dark rows=1336"
fajr,2023-02-22,05:23,8,22.3767,114.27,10.0,Globe at Night Monitoring Network (GaN-MN). Continuous SQM-LE sky brightness data. https://globeatnight.org/gan-mn/. Station registry: http://globeatnight-network.org/,"GaN-MN station iObs (Sai Kung iObservatory, Hong Kong); photometric inflection method; night median MSAS=19.55; MSAS at inflection=20.01; depression=20.60°; smoothing=5-pt median; dark rows=1334"
isha,2023-02-23,19:25,8,22.3767,114.27,10.0,Globe at Night Monitoring Network (GaN-MN). Continuous SQM-LE sky brightness data. https://globeatnight.org/gan-mn/. Station registry: http://globeatnight-network.org/,"GaN-MN station iObs (Sai Kung iObservatory, Hong Kong); photometric inflection method; night median MSAS=19.25; MSAS at inflection=19.03; depression=15.13°; smoothing=5-pt median; dark rows=1330"
fajr,2023-02-24,05:16,8,22.3767,114.27,10.0,Globe at Night Monitoring Network (GaN-MN). Continuous SQM-LE sky brightness data. https://globeatnight.org/gan-mn/. Station registry: http://globeatnight-network.org/,"GaN-MN station iObs (Sai Kung iObservatory, Hong Kong); photometric inflection method; night median MSAS=19.25; MSAS at inflection=19.98; depression=21.90°; smoothing=5-pt median; dark rows=1330"
isha,2023-02-24,19:07,8,22.3767,114.27,10.0,Globe at Night Monitoring Network (GaN-MN). Continuous SQM-LE sky brightness data. https://globeatnight.org/gan-mn/. Station registry: http://globeatnight-network.org/,"GaN-MN station iObs (Sai Kung iObservatory, Hong Kong); photometric inflection method; night median MSAS=19.64; MSAS at inflection=17.92; depression=10.89°; smoothing=5-pt median; dark rows=1326"
fajr,2023-02-25,06:05,8,22.3767,114.27,10.0,Globe at Night Monitoring Network (GaN-MN). Continuous SQM-LE sky brightness data. https://globeatnight.org/gan-mn/. Station registry: http://globeatnight-network.org/,"GaN-MN station iObs (Sai Kung iObservatory, Hong Kong); photometric inflection method; night median MSAS=19.64; MSAS at inflection=17.93; depression=10.55°; smoothing=5-pt median; dark rows=1326"
isha,2023-02-25,19:41,8,22.3767,114.27,10.0,Globe at Night Monitoring Network (GaN-MN). Continuous SQM-LE sky brightness data. https://globeatnight.org/gan-mn/. Station registry: http://globeatnight-network.org/,"GaN-MN station iObs (Sai Kung iObservatory, Hong Kong); photometric inflection method; night median MSAS=19.01; MSAS at inflection=18.80; depression=18.63°; smoothing=5-pt median; dark rows=1323"
fajr,2023-02-26,06:07,8,22.3767,114.27,10.0,Globe at Night Monitoring Network (GaN-MN). Continuous SQM-LE sky brightness data. https://globeatnight.org/gan-mn/. Station registry: http://globeatnight-network.org/,"GaN-MN station iObs (Sai Kung iObservatory, Hong Kong); photometric inflection method; night median MSAS=19.01; MSAS at inflection=17.55; depression=9.80°; smoothing=5-pt median; dark rows=1323"
fajr,2023-02-28,05:59,8,22.3767,114.27,10.0,Globe at Night Monitoring Network (GaN-MN). Continuous SQM-LE sky brightness data. https://globeatnight.org/gan-mn/. Station registry: http://globeatnight-network.org/,"GaN-MN station iObs (Sai Kung iObservatory, Hong Kong); photometric inflection method; night median MSAS=19.36; MSAS at inflection=18.66; depression=11.49°; smoothing=5-pt median; dark rows=1318"
