prayer,date_local,time_local,utc_offset,lat,lng,elevation_m,source,notes
isha,2012-10-10,21:19:46,2,40.4189,-3.6919,650.0,Madrid_SQM_evol_UCM_Zenodo4633001,"sqm_msas=15.80,solar_dep=19.40deg,inflection_method"
fajr,2012-10-11,06:47:21,2,40.4189,-3.6919,650.0,Madrid_SQM_evol_UCM_Zenodo4633001,"sqm_msas=16.66,solar_dep=18.72deg,inflection_method"
isha,2012-10-11,21:15:37,2,40.4189,-3.6919,650.0,Madrid_SQM_evol_UCM_Zenodo4633001,"sqm_msas=17.00,solar_dep=18.90deg,inflection_method"
fajr,2012-10-12,06:45:13,2,40.4189,-3.6919,650.0,Madrid_SQM_evol_UCM_Zenodo4633001,"sqm_msas=16.15,solar_dep=19.32deg,inflection_method"
isha,2012-10-12,21:09:34,2,40.4189,-3.6919,650.0,Madrid_SQM_evol_UCM_Zenodo4633001,"sqm_msas=15.18,solar_dep=18.05deg,inflection_method"
fajr,2012-10-13,06:49:10,2,40.4189,-3.6919,650.0,Madrid_SQM_evol_UCM_Zenodo4633001,"sqm_msas=17.55,solar_dep=18.77deg,inflection_method"
isha,2012-10-13,21:08:30,2,40.4189,-3.6919,650.0,Madrid_SQM_evol_UCM_Zenodo4633001,"sqm_msas=16.73,solar_dep=18.13deg,inflection_method"
fajr,2012-10-14,06:47:06,2,40.4189,-3.6919,650.0,Madrid_SQM_evol_UCM_Zenodo4633001,"sqm_msas=15.61,solar_dep=19.35deg,inflection_method"
isha,2012-10-14,21:15:26,2,40.4189,-3.6919,650.0,Madrid_SQM_evol_UCM_Zenodo4633001,"sqm_msas=15.25,solar_dep=19.72deg,inflection_method"
fajr,2012-10-15,06:47:02,2,40.4189,-3.6919,650.0,Madrid_SQM_evol_UCM_Zenodo4633001,"sqm_msas=18.32,solar_dep=19.56deg,inflection_method"
isha,2012-10-15,21:05:31,2,40.4189,-3.6919,650.0,Madrid_SQM_evol_UCM_Zenodo4633001,"sqm_msas=17.70,solar_dep=18.12deg,inflection_method"
fajr,2012-10-16,06:54:12,2,40.4189,-3.6919,650.0,Madrid_SQM_evol_UCM_Zenodo4633001,"sqm_msas=18.16,solar_dep=18.40deg,inflection_method"
isha,2012-10-16,21:04:32,2,40.4189,-3.6919,650.0,Madrid_SQM_evol_UCM_Zenodo4633001,"sqm_msas=16.53,solar_dep=18.21deg,inflection_method"
fajr,2012-10-17,06:48:31,2,40.4189,-3.6919,650.0,Madrid_SQM_evol_UCM_Zenodo4633001,"sqm_msas=18.16,solar_dep=19.67deg,inflection_method"
isha,2012-10-17,21:11:52,2,40.4189,-3.6919,650.0,Madrid_SQM_evol_UCM_Zenodo4633001,"sqm_msas=17.39,solar_dep=19.87deg,inflection_method"
fajr,2012-10-18,21:00:57,2,40.4189,-3.6919,650.0,Madrid_SQM_evol_UCM_Zenodo4633001,"sqm_msas=14.31,solar_dep=18.06deg,inflection_method"
isha,2012-10-18,21:04:57,2,40.4189,-3.6919,650.0,Madrid_SQM_evol_UCM_Zenodo4633001,"sqm_msas=14.99,solar_dep=18.82deg,inflection_method"
fajr,2012-10-19,20:59:27,2,40.4189,-3.6919,650.0,Madrid_SQM_evol_UCM_Zenodo4633001,"sqm_msas=14.27,solar_dep=18.04deg,inflection_method"
isha,2012-10-19,21:00:27,2,40.4189,-3.6919,650.0,Madrid_SQM_evol_UCM_Zenodo4633001,"sqm_msas=15.03,solar_dep=18.23deg,inflection_method"
fajr,2012-10-20,07:00:13,2,40.4189,-3.6919,650.0,Madrid_SQM_evol_UCM_Zenodo4633001,"sqm_msas=15.39,solar_dep=18.04deg,inflection_method"
isha,2012-10-20,21:07:37,2,40.4189,-3.6919,650.0,Madrid_SQM_evol_UCM_Zenodo4633001,"sqm_msas=14.48,solar_dep=19.85deg,inflection_method"
fajr,2012-10-21,06:57:16,2,40.4189,-3.6919,650.0,Madrid_SQM_evol_UCM_Zenodo4633001,"sqm_msas=15.88,solar_dep=18.79deg,inflection_method"
isha,2012-10-21,20:57:41,2,40.4189,-3.6919,650.0,Madrid_SQM_evol_UCM_Zenodo4633001,"sqm_msas=17.39,solar_dep=18.21deg,inflection_method"
fajr,2012-10-22,07:01:22,2,40.4189,-3.6919,650.0,Madrid_SQM_evol_UCM_Zenodo4633001,"sqm_msas=16.21,solar_dep=18.21deg,inflection_method"
isha,2012-10-22,21:00:45,2,40.4189,-3.6919,650.0,Madrid_SQM_evol_UCM_Zenodo4633001,"sqm_msas=16.36,solar_dep=19.05deg,inflection_method"
fajr,2012-10-23,07:03:23,2,40.4189,-3.6919,650.0,Madrid_SQM_evol_UCM_Zenodo4633001,"sqm_msas=16.36,solar_dep=18.02deg,inflection_method"
isha,2012-10-23,21:01:42,2,40.4189,-3.6919,650.0,Madrid_SQM_evol_UCM_Zenodo4633001,"sqm_msas=16.62,solar_dep=19.47deg,inflection_method"
fajr,2012-10-24,07:02:19,2,40.4189,-3.6919,650.0,Madrid_SQM_evol_UCM_Zenodo4633001,"sqm_msas=16.97,solar_dep=18.41deg,inflection_method"
isha,2012-10-24,20:53:38,2,40.4189,-3.6919,650.0,Madrid_SQM_evol_UCM_Zenodo4633001,"sqm_msas=14.96,solar_dep=18.18deg,inflection_method"
fajr,2012-10-25,07:02:17,2,40.4189,-3.6919,650.0,Madrid_SQM_evol_UCM_Zenodo4633001,"sqm_msas=16.18,solar_dep=18.61deg,inflection_method"
isha,2012-10-25,20:51:47,2,40.4189,-3.6919,650.0,Madrid_SQM_evol_UCM_Zenodo4633001,"sqm_msas=14.34,solar_dep=18.06deg,inflection_method"
fajr,2012-10-26,06:58:13,2,40.4189,-3.6919,650.0,Madrid_SQM_evol_UCM_Zenodo4633001,"sqm_msas=15.53,solar_dep=19.58deg,inflection_method"
isha,2012-10-26,20:54:32,2,40.4189,-3.6919,650.0,Madrid_SQM_evol_UCM_Zenodo4633001,"sqm_msas=17.20,solar_dep=18.82deg,inflection_method"
fajr,2012-10-27,06:58:26,2,40.4189,-3.6919,650.0,Madrid_SQM_evol_UCM_Zenodo4633001,"sqm_msas=16.18,solar_dep=19.73deg,inflection_method"
isha,2012-10-27,20:49:45,2,40.4189,-3.6919,650.0,Madrid_SQM_evol_UCM_Zenodo4633001,"sqm_msas=17.57,solar_dep=18.13deg,inflection_method"
fajr,2012-10-28,07:07:39,2,40.4189,-3.6919,650.0,Madrid_SQM_evol_UCM_Zenodo4633001,"sqm_msas=18.23,solar_dep=18.17deg,inflection_method"
isha,2012-10-28,20:48:59,2,40.4189,-3.6919,650.0,Madrid_SQM_evol_UCM_Zenodo4633001,"sqm_msas=17.56,solar_dep=18.21deg,inflection_method"
fajr,2012-10-29,07:05:07,2,40.4189,-3.6919,650.0,Madrid_SQM_evol_UCM_Zenodo4633001,"sqm_msas=17.96,solar_dep=18.85deg,inflection_method"
isha,2012-10-29,20:47:19,2,40.4189,-3.6919,650.0,Madrid_SQM_evol_UCM_Zenodo4633001,"sqm_msas=15.82,solar_dep=18.11deg,inflection_method"
fajr,2012-10-30,07:10:19,2,40.4189,-3.6919,650.0,Madrid_SQM_evol_UCM_Zenodo4633001,"sqm_msas=14.46,solar_dep=18.05deg,inflection_method"
isha,2012-10-30,20:51:37,2,40.4189,-3.6919,650.0,Madrid_SQM_evol_UCM_Zenodo4633001,"sqm_msas=14.88,solar_dep=19.14deg,inflection_method"
fajr,2012-10-31,07:05:31,2,40.4189,-3.6919,650.0,Madrid_SQM_evol_UCM_Zenodo4633001,"sqm_msas=17.96,solar_dep=19.16deg,inflection_method"
isha,2012-10-31,20:44:49,2,40.4189,-3.6919,650.0,Madrid_SQM_evol_UCM_Zenodo4633001,"sqm_msas=16.63,solar_dep=18.05deg,inflection_method"
fajr,2012-11-01,06:06:39,1,40.4189,-3.6919,650.0,Madrid_SQM_evol_UCM_Zenodo4633001,"sqm_msas=17.73,solar_dep=19.13deg,inflection_method"
isha,2012-11-01,19:44:30,1,40.4189,-3.6919,650.0,Madrid_SQM_evol_UCM_Zenodo4633001,"sqm_msas=15.51,solar_dep=18.19deg,inflection_method"
fajr,2012-11-02,19:42:38,1,40.4189,-3.6919,650.0,Madrid_SQM_evol_UCM_Zenodo4633001,"sqm_msas=16.15,solar_dep=18.04deg,inflection_method"
isha,2012-11-02,19:47:39,1,40.4189,-3.6919,650.0,Madrid_SQM_evol_UCM_Zenodo4633001,"sqm_msas=16.59,solar_dep=18.99deg,inflection_method"
fajr,2012-11-03,19:41:38,1,40.4189,-3.6919,650.0,Madrid_SQM_evol_UCM_Zenodo4633001,"sqm_msas=15.62,solar_dep=18.04deg,inflection_method"
isha,2012-11-03,19:49:38,1,40.4189,-3.6919,650.0,Madrid_SQM_evol_UCM_Zenodo4633001,"sqm_msas=15.73,solar_dep=19.56deg,inflection_method"
fajr,2012-11-04,06:10:00,1,40.4189,-3.6919,650.0,Madrid_SQM_evol_UCM_Zenodo4633001,"sqm_msas=15.30,solar_dep=19.08deg,inflection_method"
isha,2012-11-04,19:41:34,1,40.4189,-3.6919,650.0,Madrid_SQM_evol_UCM_Zenodo4633001,"sqm_msas=14.39,solar_dep=18.21deg,inflection_method"
fajr,2012-11-05,06:07:00,1,40.4189,-3.6919,650.0,Madrid_SQM_evol_UCM_Zenodo4633001,"sqm_msas=16.60,solar_dep=19.84deg,inflection_method"
isha,2012-11-05,19:40:23,1,40.4189,-3.6919,650.0,Madrid_SQM_evol_UCM_Zenodo4633001,"sqm_msas=16.05,solar_dep=18.17deg,inflection_method"
fajr,2012-11-06,06:09:02,1,40.4189,-3.6919,650.0,Madrid_SQM_evol_UCM_Zenodo4633001,"sqm_msas=15.49,solar_dep=19.64deg,inflection_method"
isha,2012-11-06,19:39:42,1,40.4189,-3.6919,650.0,Madrid_SQM_evol_UCM_Zenodo4633001,"sqm_msas=16.66,solar_dep=18.21deg,inflection_method"
fajr,2012-11-07,06:12:46,1,40.4189,-3.6919,650.0,Madrid_SQM_evol_UCM_Zenodo4633001,"sqm_msas=16.98,solar_dep=19.13deg,inflection_method"
isha,2012-11-07,19:38:03,1,40.4189,-3.6919,650.0,Madrid_SQM_evol_UCM_Zenodo4633001,"sqm_msas=14.20,solar_dep=18.07deg,inflection_method"
fajr,2012-11-08,06:10:43,1,40.4189,-3.6919,650.0,Madrid_SQM_evol_UCM_Zenodo4633001,"sqm_msas=14.58,solar_dep=19.71deg,inflection_method"
isha,2012-11-08,19:37:34,1,40.4189,-3.6919,650.0,Madrid_SQM_evol_UCM_Zenodo4633001,"sqm_msas=14.44,solar_dep=18.14deg,inflection_method"
fajr,2012-11-09,06:14:31,1,40.4189,-3.6919,650.0,Madrid_SQM_evol_UCM_Zenodo4633001,"sqm_msas=14.78,solar_dep=19.18deg,inflection_method"
isha,2012-11-09,19:36:47,1,40.4189,-3.6919,650.0,Madrid_SQM_evol_UCM_Zenodo4633001,"sqm_msas=16.64,solar_dep=18.15deg,inflection_method"
fajr,2012-11-10,06:17:42,1,40.4189,-3.6919,650.0,Madrid_SQM_evol_UCM_Zenodo4633001,"sqm_msas=15.31,solar_dep=18.77deg,inflection_method"
isha,2012-11-10,19:35:58,1,40.4189,-3.6919,650.0,Madrid_SQM_evol_UCM_Zenodo4633001,"sqm_msas=16.64,solar_dep=18.14deg,inflection_method"
fajr,2012-11-11,06:13:53,1,40.4189,-3.6919,650.0,Madrid_SQM_evol_UCM_Zenodo4633001,"sqm_msas=16.71,solar_dep=19.68deg,inflection_method"
isha,2012-11-11,19:44:10,1,40.4189,-3.6919,650.0,Madrid_SQM_evol_UCM_Zenodo4633001,"sqm_msas=16.93,solar_dep=19.84deg,inflection_method"
fajr,2012-11-12,19:34:12,1,40.4189,-3.6919,650.0,Madrid_SQM_evol_UCM_Zenodo4633001,"sqm_msas=17.41,solar_dep=18.10deg,inflection_method"
isha,2012-11-12,19:36:12,1,40.4189,-3.6919,650.0,Madrid_SQM_evol_UCM_Zenodo4633001,"sqm_msas=17.56,solar_dep=18.47deg,inflection_method"
fajr,2012-11-13,06:17:52,1,40.4189,-3.6919,650.0,Madrid_SQM_evol_UCM_Zenodo4633001,"sqm_msas=18.16,solar_dep=19.30deg,inflection_method"
isha,2012-11-13,19:33:08,1,40.4189,-3.6919,650.0,Madrid_SQM_evol_UCM_Zenodo4633001,"sqm_msas=15.52,solar_dep=18.03deg,inflection_method"
fajr,2012-11-14,06:19:48,1,40.4189,-3.6919,650.0,Madrid_SQM_evol_UCM_Zenodo4633001,"sqm_msas=17.95,solar_dep=19.13deg,inflection_method"
isha,2012-11-14,19:33:04,1,40.4189,-3.6919,650.0,Madrid_SQM_evol_UCM_Zenodo4633001,"sqm_msas=15.73,solar_dep=18.14deg,inflection_method"
fajr,2012-11-15,06:24:45,1,40.4189,-3.6919,650.0,Madrid_SQM_evol_UCM_Zenodo4633001,"sqm_msas=15.29,solar_dep=18.38deg,inflection_method"
isha,2012-11-15,19:32:23,1,40.4189,-3.6919,650.0,Madrid_SQM_evol_UCM_Zenodo4633001,"sqm_msas=17.25,solar_dep=18.14deg,inflection_method"
fajr,2012-11-16,19:31:36,1,40.4189,-3.6919,650.0,Madrid_SQM_evol_UCM_Zenodo4633001,"sqm_msas=16.63,solar_dep=18.10deg,inflection_method"
isha,2012-11-16,19:37:37,1,40.4189,-3.6919,650.0,Madrid_SQM_evol_UCM_Zenodo4633001,"sqm_msas=16.62,solar_dep=19.23deg,inflection_method"
fajr,2012-11-17,19:30:42,1,40.4189,-3.6919,650.0,Madrid_SQM_evol_UCM_Zenodo4633001,"sqm_msas=16.56,solar_dep=18.04deg,inflection_method"
isha,2012-11-17,19:35:42,1,40.4189,-3.6919,650.0,Madrid_SQM_evol_UCM_Zenodo4633001,"sqm_msas=15.66,solar_dep=18.98deg,inflection_method"
fajr,2012-11-18,06:27:27,1,40.4189,-3.6919,650.0,Madrid_SQM_evol_UCM_Zenodo4633001,"sqm_msas=16.87,solar_dep=18.43deg,inflection_method"
isha,2012-11-18,19:32:33,1,40.4189,-3.6919,650.0,Madrid_SQM_evol_UCM_Zenodo4633001,"sqm_msas=17.70,solar_dep=18.49deg,inflection_method"
fajr,2012-11-19,06:26:22,1,40.4189,-3.6919,650.0,Madrid_SQM_evol_UCM_Zenodo4633001,"sqm_msas=17.96,solar_dep=18.82deg,inflection_method"
isha,2012-11-19,19:29:57,1,40.4189,-3.6919,650.0,Madrid_SQM_evol_UCM_Zenodo4633001,"sqm_msas=16.66,solar_dep=18.10deg,inflection_method"
fajr,2012-11-20,06:29:39,1,40.4189,-3.6919,650.0,Madrid_SQM_evol_UCM_Zenodo4633001,"sqm_msas=17.11,solar_dep=18.38deg,inflection_method"
isha,2012-11-20,19:36:01,1,40.4189,-3.6919,650.0,Madrid_SQM_evol_UCM_Zenodo4633001,"sqm_msas=14.39,solar_dep=19.33deg,inflection_method"
fajr,2012-11-21,06:29:01,1,40.4189,-3.6919,650.0,Madrid_SQM_evol_UCM_Zenodo4633001,"sqm_msas=15.51,solar_dep=18.68deg,inflection_method"
isha,2012-11-21,19:37:58,1,40.4189,-3.6919,650.0,Madrid_SQM_evol_UCM_Zenodo4633001,"sqm_msas=15.30,solar_dep=19.78deg,inflection_method"
fajr,2012-11-22,06:24:44,1,40.4189,-3.6919,650.0,Madrid_SQM_evol_UCM_Zenodo4633001,"sqm_msas=15.69,solar_dep=19.66deg,inflection_method"
isha,2012-11-22,19:36:50,1,40.4189,-3.6919,650.0,Madrid_SQM_evol_UCM_Zenodo4633001,"sqm_msas=17.20,solar_dep=19.64deg,inflection_method"
fajr,2012-11-23,06:26:16,1,40.4189,-3.6919,650.0,Madrid_SQM_evol_UCM_Zenodo4633001,"sqm_msas=16.66,solar_dep=19.55deg,inflection_method"
isha,2012-11-23,19:28:02,1,40.4189,-3.6919,650.0,Madrid_SQM_evol_UCM_Zenodo4633001,"sqm_msas=16.24,solar_dep=18.07deg,inflection_method"
fajr,2012-11-24,06:28:27,1,40.4189,-3.6919,650.0,Madrid_SQM_evol_UCM_Zenodo4633001,"sqm_msas=16.08,solar_dep=19.32deg,inflection_method"
isha,2012-11-24,19:27:58,1,40.4189,-3.6919,650.0,Madrid_SQM_evol_UCM_Zenodo4633001,"sqm_msas=16.63,solar_dep=18.13deg,inflection_method"
fajr,2012-11-25,19:27:16,1,40.4189,-3.6919,650.0,Madrid_SQM_evol_UCM_Zenodo4633001,"sqm_msas=15.03,solar_dep=18.06deg,inflection_method"
isha,2012-11-25,19:30:17,1,40.4189,-3.6919,650.0,Madrid_SQM_evol_UCM_Zenodo4633001,"sqm_msas=14.34,solar_dep=18.62deg,inflection_method"
fajr,2012-11-26,06:29:15,1,40.4189,-3.6919,650.0,Madrid_SQM_evol_UCM_Zenodo4633001,"sqm_msas=15.11,solar_dep=19.52deg,inflection_method"
isha,2012-11-26,19:29:03,1,40.4189,-3.6919,650.0,Madrid_SQM_evol_UCM_Zenodo4633001,"sqm_msas=14.61,solar_dep=18.44deg,inflection_method"
fajr,2012-11-27,06:36:47,1,40.4189,-3.6919,650.0,Madrid_SQM_evol_UCM_Zenodo4633001,"sqm_msas=16.09,solar_dep=18.29deg,inflection_method"
isha,2012-11-27,19:27:12,1,40.4189,-3.6919,650.0,Madrid_SQM_evol_UCM_Zenodo4633001,"sqm_msas=16.48,solar_dep=18.14deg,inflection_method"
fajr,2012-11-28,06:34:19,1,40.4189,-3.6919,650.0,Madrid_SQM_evol_UCM_Zenodo4633001,"sqm_msas=17.83,solar_dep=18.91deg,inflection_method"
isha,2012-11-28,19:26:49,1,40.4189,-3.6919,650.0,Madrid_SQM_evol_UCM_Zenodo4633001,"sqm_msas=14.61,solar_dep=18.11deg,inflection_method"
fajr,2012-11-29,19:26:08,1,40.4189,-3.6919,650.0,Madrid_SQM_evol_UCM_Zenodo4633001,"sqm_msas=14.82,solar_dep=18.02deg,inflection_method"
isha,2012-11-29,19:32:08,1,40.4189,-3.6919,650.0,Madrid_SQM_evol_UCM_Zenodo4633001,"sqm_msas=15.01,solar_dep=19.13deg,inflection_method"
fajr,2012-11-30,06:32:50,1,40.4189,-3.6919,650.0,Madrid_SQM_evol_UCM_Zenodo4633001,"sqm_msas=14.67,solar_dep=19.52deg,inflection_method"
isha,2012-11-30,19:26:17,1,40.4189,-3.6919,650.0,Madrid_SQM_evol_UCM_Zenodo4633001,"sqm_msas=17.41,solar_dep=18.08deg,inflection_method"
fajr,2012-12-01,06:38:59,1,40.4189,-3.6919,650.0,Madrid_SQM_evol_UCM_Zenodo4633001,"sqm_msas=17.96,solar_dep=18.54deg,inflection_method"
isha,2012-12-01,19:26:23,1,40.4189,-3.6919,650.0,Madrid_SQM_evol_UCM_Zenodo4633001,"sqm_msas=17.71,solar_dep=18.12deg,inflection_method"
fajr,2012-12-02,06:35:04,1,40.4189,-3.6919,650.0,Madrid_SQM_evol_UCM_Zenodo4633001,"sqm_msas=17.84,solar_dep=19.43deg,inflection_method"
isha,2012-12-02,19:26:30,1,40.4189,-3.6919,650.0,Madrid_SQM_evol_UCM_Zenodo4633001,"sqm_msas=17.83,solar_dep=18.16deg,inflection_method"
fajr,2012-12-03,19:25:41,1,40.4189,-3.6919,650.0,Madrid_SQM_evol_UCM_Zenodo4633001,"sqm_msas=16.25,solar_dep=18.02deg,inflection_method"
isha,2012-12-03,19:26:42,1,40.4189,-3.6919,650.0,Madrid_SQM_evol_UCM_Zenodo4633001,"sqm_msas=16.61,solar_dep=18.20deg,inflection_method"
fajr,2012-12-04,06:40:24,1,40.4189,-3.6919,650.0,Madrid_SQM_evol_UCM_Zenodo4633001,"sqm_msas=15.76,solar_dep=18.75deg,inflection_method"
isha,2012-12-04,19:26:47,1,40.4189,-3.6919,650.0,Madrid_SQM_evol_UCM_Zenodo4633001,"sqm_msas=16.13,solar_dep=18.22deg,inflection_method"
fajr,2012-12-05,19:25:47,1,40.4189,-3.6919,650.0,Madrid_SQM_evol_UCM_Zenodo4633001,"sqm_msas=16.62,solar_dep=18.04deg,inflection_method"
isha,2012-12-05,19:32:47,1,40.4189,-3.6919,650.0,Madrid_SQM_evol_UCM_Zenodo4633001,"sqm_msas=16.61,solar_dep=19.33deg,inflection_method"
fajr,2012-12-06,19:25:53,1,40.4189,-3.6919,650.0,Madrid_SQM_evol_UCM_Zenodo4633001,"sqm_msas=17.41,solar_dep=18.05deg,inflection_method"
isha,2012-12-06,19:35:54,1,40.4189,-3.6919,650.0,Madrid_SQM_evol_UCM_Zenodo4633001,"sqm_msas=17.20,solar_dep=19.90deg,inflection_method"
fajr,2012-12-07,06:39:35,1,40.4189,-3.6919,650.0,Madrid_SQM_evol_UCM_Zenodo4633001,"sqm_msas=15.27,solar_dep=19.35deg,inflection_method"
isha,2012-12-07,19:31:43,1,40.4189,-3.6919,650.0,Madrid_SQM_evol_UCM_Zenodo4633001,"sqm_msas=14.62,solar_dep=19.11deg,inflection_method"
fajr,2012-12-08,06:41:12,1,40.4189,-3.6919,650.0,Madrid_SQM_evol_UCM_Zenodo4633001,"sqm_msas=16.45,solar_dep=19.20deg,inflection_method"
isha,2012-12-08,19:26:44,1,40.4189,-3.6919,650.0,Madrid_SQM_evol_UCM_Zenodo4633001,"sqm_msas=17.76,solar_dep=18.17deg,inflection_method"
fajr,2012-12-09,06:41:13,1,40.4189,-3.6919,650.0,Madrid_SQM_evol_UCM_Zenodo4633001,"sqm_msas=18.22,solar_dep=19.34deg,inflection_method"
isha,2012-12-09,19:27:01,1,40.4189,-3.6919,650.0,Madrid_SQM_evol_UCM_Zenodo4633001,"sqm_msas=17.88,solar_dep=18.20deg,inflection_method"
fajr,2012-12-10,06:45:21,1,40.4189,-3.6919,650.0,Madrid_SQM_evol_UCM_Zenodo4633001,"sqm_msas=17.74,solar_dep=18.71deg,inflection_method"
isha,2012-12-10,19:27:08,1,40.4189,-3.6919,650.0,Madrid_SQM_evol_UCM_Zenodo4633001,"sqm_msas=16.21,solar_dep=18.19deg,inflection_method"
fajr,2012-12-11,06:48:40,1,40.4189,-3.6919,650.0,Madrid_SQM_evol_UCM_Zenodo4633001,"sqm_msas=18.21,solar_dep=18.24deg,inflection_method"
isha,2012-12-11,19:27:02,1,40.4189,-3.6919,650.0,Madrid_SQM_evol_UCM_Zenodo4633001,"sqm_msas=16.77,solar_dep=18.13deg,inflection_method"
fajr,2012-12-12,06:45:33,1,40.4189,-3.6919,650.0,Madrid_SQM_evol_UCM_Zenodo4633001,"sqm_msas=17.20,solar_dep=18.94deg,inflection_method"
isha,2012-12-12,19:26:49,1,40.4189,-3.6919,650.0,Madrid_SQM_evol_UCM_Zenodo4633001,"sqm_msas=15.66,solar_dep=18.05deg,inflection_method"
fajr,2012-12-13,06:44:20,1,40.4189,-3.6919,650.0,Madrid_SQM_evol_UCM_Zenodo4633001,"sqm_msas=17.19,solar_dep=19.29deg,inflection_method"
isha,2012-12-13,19:27:41,1,40.4189,-3.6919,650.0,Madrid_SQM_evol_UCM_Zenodo4633001,"sqm_msas=14.36,solar_dep=18.16deg,inflection_method"
fajr,2012-12-14,06:46:12,1,40.4189,-3.6919,650.0,Madrid_SQM_evol_UCM_Zenodo4633001,"sqm_msas=15.06,solar_dep=19.08deg,inflection_method"
isha,2012-12-14,19:28:06,1,40.4189,-3.6919,650.0,Madrid_SQM_evol_UCM_Zenodo4633001,"sqm_msas=14.32,solar_dep=18.18deg,inflection_method"
isha,2012-12-17,19:31:44,1,40.4189,-3.6919,650.0,Madrid_SQM_evol_UCM_Zenodo4633001,"sqm_msas=16.45,solar_dep=18.65deg,inflection_method"
fajr,2012-12-18,06:46:14,1,40.4189,-3.6919,650.0,Madrid_SQM_evol_UCM_Zenodo4633001,"sqm_msas=15.20,solar_dep=19.53deg,inflection_method"
isha,2012-12-18,19:37:11,1,40.4189,-3.6919,650.0,Madrid_SQM_evol_UCM_Zenodo4633001,"sqm_msas=15.03,solar_dep=19.58deg,inflection_method"
fajr,2012-12-19,06:53:41,1,40.4189,-3.6919,650.0,Madrid_SQM_evol_UCM_Zenodo4633001,"sqm_msas=15.22,solar_dep=18.26deg,inflection_method"
isha,2012-12-19,19:30:58,1,40.4189,-3.6919,650.0,Madrid_SQM_evol_UCM_Zenodo4633001,"sqm_msas=15.11,solar_dep=18.35deg,inflection_method"
fajr,2012-12-20,06:50:30,1,40.4189,-3.6919,650.0,Madrid_SQM_evol_UCM_Zenodo4633001,"sqm_msas=15.11,solar_dep=18.94deg,inflection_method"
isha,2012-12-20,19:29:49,1,40.4189,-3.6919,650.0,Madrid_SQM_evol_UCM_Zenodo4633001,"sqm_msas=15.52,solar_dep=18.06deg,inflection_method"
fajr,2012-12-21,06:55:22,1,40.4189,-3.6919,650.0,Madrid_SQM_evol_UCM_Zenodo4633001,"sqm_msas=16.18,solar_dep=18.15deg,inflection_method"
isha,2012-12-21,19:36:41,1,40.4189,-3.6919,650.0,Madrid_SQM_evol_UCM_Zenodo4633001,"sqm_msas=15.87,solar_dep=19.23deg,inflection_method"
fajr,2012-12-22,19:30:56,1,40.4189,-3.6919,650.0,Madrid_SQM_evol_UCM_Zenodo4633001,"sqm_msas=14.74,solar_dep=18.08deg,inflection_method"
isha,2012-12-22,19:37:58,1,40.4189,-3.6919,650.0,Madrid_SQM_evol_UCM_Zenodo4633001,"sqm_msas=14.69,solar_dep=19.37deg,inflection_method"
isha,2012-12-23,19:41:44,1,40.4189,-3.6919,650.0,Madrid_SQM_evol_UCM_Zenodo4633001,"sqm_msas=16.08,solar_dep=19.96deg,inflection_method"
fajr,2012-12-24,06:52:13,1,40.4189,-3.6919,650.0,Madrid_SQM_evol_UCM_Zenodo4633001,"sqm_msas=17.20,solar_dep=18.98deg,inflection_method"
isha,2012-12-24,19:32:05,1,40.4189,-3.6919,650.0,Madrid_SQM_evol_UCM_Zenodo4633001,"sqm_msas=17.11,solar_dep=18.08deg,inflection_method"
fajr,2012-12-25,06:50:36,1,40.4189,-3.6919,650.0,Madrid_SQM_evol_UCM_Zenodo4633001,"sqm_msas=15.60,solar_dep=19.35deg,inflection_method"
isha,2012-12-25,19:32:55,1,40.4189,-3.6919,650.0,Madrid_SQM_evol_UCM_Zenodo4633001,"sqm_msas=14.64,solar_dep=18.13deg,inflection_method"
isha,2012-12-26,19:36:07,1,40.4189,-3.6919,650.0,Madrid_SQM_evol_UCM_Zenodo4633001,"sqm_msas=17.46,solar_dep=18.60deg,inflection_method"
fajr,2012-12-27,06:49:37,1,40.4189,-3.6919,650.0,Madrid_SQM_evol_UCM_Zenodo4633001,"sqm_msas=17.96,solar_dep=19.67deg,inflection_method"
isha,2012-12-27,19:33:53,1,40.4189,-3.6919,650.0,Madrid_SQM_evol_UCM_Zenodo4633001,"sqm_msas=17.40,solar_dep=18.08deg,inflection_method"
fajr,2012-12-28,06:54:25,1,40.4189,-3.6919,650.0,Madrid_SQM_evol_UCM_Zenodo4633001,"sqm_msas=17.71,solar_dep=18.85deg,inflection_method"
isha,2012-12-28,19:36:42,1,40.4189,-3.6919,650.0,Madrid_SQM_evol_UCM_Zenodo4633001,"sqm_msas=17.44,solar_dep=18.47deg,inflection_method"
fajr,2012-12-29,06:54:12,1,40.4189,-3.6919,650.0,Madrid_SQM_evol_UCM_Zenodo4633001,"sqm_msas=17.57,solar_dep=18.94deg,inflection_method"
isha,2012-12-29,19:44:10,1,40.4189,-3.6919,650.0,Madrid_SQM_evol_UCM_Zenodo4633001,"sqm_msas=17.39,solar_dep=19.72deg,inflection_method"
fajr,2012-12-30,06:50:37,1,40.4189,-3.6919,650.0,Madrid_SQM_evol_UCM_Zenodo4633001,"sqm_msas=16.63,solar_dep=19.65deg,inflection_method"
isha,2012-12-30,19:35:45,1,40.4189,-3.6919,650.0,Madrid_SQM_evol_UCM_Zenodo4633001,"sqm_msas=15.65,solar_dep=18.04deg,inflection_method"
fajr,2012-12-31,06:56:16,1,40.4189,-3.6919,650.0,Madrid_SQM_evol_UCM_Zenodo4633001,"sqm_msas=15.25,solar_dep=18.66deg,inflection_method"
isha,2012-12-31,19:37:03,1,40.4189,-3.6919,650.0,Madrid_SQM_evol_UCM_Zenodo4633001,"sqm_msas=14.71,solar_dep=18.15deg,inflection_method"
isha,2013-01-01,19:45:55,1,40.4189,-3.6919,650.0,Madrid_SQM_evol_UCM_Zenodo4633001,"sqm_msas=17.32,solar_dep=19.64deg,inflection_method"
isha,2013-01-02,19:39:15,1,40.4189,-3.6919,650.0,Madrid_SQM_evol_UCM_Zenodo4633001,"sqm_msas=17.73,solar_dep=18.28deg,inflection_method"
isha,2013-01-03,19:42:16,1,40.4189,-3.6919,650.0,Madrid_SQM_evol_UCM_Zenodo4633001,"sqm_msas=17.72,solar_dep=18.69deg,inflection_method"
isha,2013-01-04,19:50:05,1,40.4189,-3.6919,650.0,Madrid_SQM_evol_UCM_Zenodo4633001,"sqm_msas=17.75,solar_dep=19.98deg,inflection_method"
isha,2013-01-05,19:45:58,1,40.4189,-3.6919,650.0,Madrid_SQM_evol_UCM_Zenodo4633001,"sqm_msas=17.81,solar_dep=19.07deg,inflection_method"
isha,2013-01-06,19:47:48,1,40.4189,-3.6919,650.0,Madrid_SQM_evol_UCM_Zenodo4633001,"sqm_msas=17.80,solar_dep=19.26deg,inflection_method"
isha,2013-01-07,19:50:47,1,40.4189,-3.6919,650.0,Madrid_SQM_evol_UCM_Zenodo4633001,"sqm_msas=14.75,solar_dep=19.65deg,inflection_method"
isha,2013-01-08,19:48:47,1,40.4189,-3.6919,650.0,Madrid_SQM_evol_UCM_Zenodo4633001,"sqm_msas=14.22,solar_dep=19.12deg,inflection_method"
isha,2013-01-09,19:46:11,1,40.4189,-3.6919,650.0,Madrid_SQM_evol_UCM_Zenodo4633001,"sqm_msas=14.71,solar_dep=18.48deg,inflection_method"
fajr,2013-01-10,07:00:10,1,40.4189,-3.6919,650.0,Madrid_SQM_evol_UCM_Zenodo4633001,"sqm_msas=15.80,solar_dep=18.07deg,inflection_method"
isha,2013-01-10,19:45:05,1,40.4189,-3.6919,650.0,Madrid_SQM_evol_UCM_Zenodo4633001,"sqm_msas=17.46,solar_dep=18.11deg,inflection_method"
fajr,2013-01-11,06:53:13,1,40.4189,-3.6919,650.0,Madrid_SQM_evol_UCM_Zenodo4633001,"sqm_msas=15.41,solar_dep=19.34deg,inflection_method"
isha,2013-01-11,19:54:17,1,40.4189,-3.6919,650.0,Madrid_SQM_evol_UCM_Zenodo4633001,"sqm_msas=14.74,solar_dep=19.64deg,inflection_method"
fajr,2013-01-12,06:59:23,1,40.4189,-3.6919,650.0,Madrid_SQM_evol_UCM_Zenodo4633001,"sqm_msas=15.38,solar_dep=18.17deg,inflection_method"
isha,2013-01-12,19:53:05,1,40.4189,-3.6919,650.0,Madrid_SQM_evol_UCM_Zenodo4633001,"sqm_msas=15.32,solar_dep=19.25deg,inflection_method"
fajr,2013-01-13,06:51:53,1,40.4189,-3.6919,650.0,Madrid_SQM_evol_UCM_Zenodo4633001,"sqm_msas=18.31,solar_dep=19.53deg,inflection_method"
fajr,2013-01-14,06:57:24,1,40.4189,-3.6919,650.0,Madrid_SQM_evol_UCM_Zenodo4633001,"sqm_msas=18.20,solar_dep=18.47deg,inflection_method"
fajr,2013-01-15,06:53:08,1,40.4189,-3.6919,650.0,Madrid_SQM_evol_UCM_Zenodo4633001,"sqm_msas=18.15,solar_dep=19.22deg,inflection_method"
fajr,2013-01-16,06:52:35,1,40.4189,-3.6919,650.0,Madrid_SQM_evol_UCM_Zenodo4633001,"sqm_msas=16.06,solar_dep=19.27deg,inflection_method"
fajr,2013-01-17,06:51:30,1,40.4189,-3.6919,650.0,Madrid_SQM_evol_UCM_Zenodo4633001,"sqm_msas=18.18,solar_dep=19.42deg,inflection_method"
fajr,2013-01-18,06:52:33,1,40.4189,-3.6919,650.0,Madrid_SQM_evol_UCM_Zenodo4633001,"sqm_msas=14.67,solar_dep=19.16deg,inflection_method"
fajr,2013-01-19,06:55:32,1,40.4189,-3.6919,650.0,Madrid_SQM_evol_UCM_Zenodo4633001,"sqm_msas=14.63,solar_dep=18.54deg,inflection_method"
fajr,2013-01-20,06:48:21,1,40.4189,-3.6919,650.0,Madrid_SQM_evol_UCM_Zenodo4633001,"sqm_msas=18.24,solar_dep=19.81deg,inflection_method"
fajr,2013-01-21,06:51:18,1,40.4189,-3.6919,650.0,Madrid_SQM_evol_UCM_Zenodo4633001,"sqm_msas=17.52,solar_dep=19.18deg,inflection_method"
fajr,2013-01-22,06:49:11,1,40.4189,-3.6919,650.0,Madrid_SQM_evol_UCM_Zenodo4633001,"sqm_msas=15.27,solar_dep=19.49deg,inflection_method"
fajr,2013-01-23,06:48:40,1,40.4189,-3.6919,650.0,Madrid_SQM_evol_UCM_Zenodo4633001,"sqm_msas=18.17,solar_dep=19.49deg,inflection_method"
fajr,2013-01-24,06:53:21,1,40.4189,-3.6919,650.0,Madrid_SQM_evol_UCM_Zenodo4633001,"sqm_msas=16.90,solar_dep=18.51deg,inflection_method"
isha,2013-01-28,20:09:26,1,40.4189,-3.6919,650.0,Madrid_SQM_evol_UCM_Zenodo4633001,"sqm_msas=17.40,solar_dep=19.34deg,inflection_method"
isha,2013-01-29,20:06:20,1,40.4189,-3.6919,650.0,Madrid_SQM_evol_UCM_Zenodo4633001,"sqm_msas=17.29,solar_dep=18.56deg,inflection_method"
isha,2013-01-30,20:07:16,1,40.4189,-3.6919,650.0,Madrid_SQM_evol_UCM_Zenodo4633001,"sqm_msas=16.79,solar_dep=18.54deg,inflection_method"
isha,2013-01-31,20:13:15,1,40.4189,-3.6919,650.0,Madrid_SQM_evol_UCM_Zenodo4633001,"sqm_msas=17.35,solar_dep=19.47deg,inflection_method"
isha,2013-02-01,20:11:37,1,40.4189,-3.6919,650.0,Madrid_SQM_evol_UCM_Zenodo4633001,"sqm_msas=15.06,solar_dep=18.96deg,inflection_method"
isha,2013-02-02,20:09:31,1,40.4189,-3.6919,650.0,Madrid_SQM_evol_UCM_Zenodo4633001,"sqm_msas=16.26,solar_dep=18.36deg,inflection_method"
isha,2013-02-03,20:10:37,1,40.4189,-3.6919,650.0,Madrid_SQM_evol_UCM_Zenodo4633001,"sqm_msas=17.70,solar_dep=18.37deg,inflection_method"
isha,2013-02-04,20:19:32,1,40.4189,-3.6919,650.0,Madrid_SQM_evol_UCM_Zenodo4633001,"sqm_msas=16.90,solar_dep=19.86deg,inflection_method"
isha,2013-02-05,20:13:26,1,40.4189,-3.6919,650.0,Madrid_SQM_evol_UCM_Zenodo4633001,"sqm_msas=17.57,solar_dep=18.50deg,inflection_method"
isha,2013-02-06,20:14:22,1,40.4189,-3.6919,650.0,Madrid_SQM_evol_UCM_Zenodo4633001,"sqm_msas=17.62,solar_dep=18.47deg,inflection_method"
isha,2013-02-07,20:14:29,1,40.4189,-3.6919,650.0,Madrid_SQM_evol_UCM_Zenodo4633001,"sqm_msas=15.26,solar_dep=18.29deg,inflection_method"
isha,2013-02-08,20:23:23,1,40.4189,-3.6919,650.0,Madrid_SQM_evol_UCM_Zenodo4633001,"sqm_msas=17.63,solar_dep=19.78deg,inflection_method"
fajr,2013-02-09,06:35:09,1,40.4189,-3.6919,650.0,Madrid_SQM_evol_UCM_Zenodo4633001,"sqm_msas=16.06,solar_dep=19.57deg,inflection_method"
isha,2013-02-09,20:25:18,1,40.4189,-3.6919,650.0,Madrid_SQM_evol_UCM_Zenodo4633001,"sqm_msas=17.38,solar_dep=19.94deg,inflection_method"
fajr,2013-02-10,06:35:03,1,40.4189,-3.6919,650.0,Madrid_SQM_evol_UCM_Zenodo4633001,"sqm_msas=17.86,solar_dep=19.39deg,inflection_method"
isha,2013-02-10,20:16:42,1,40.4189,-3.6919,650.0,Madrid_SQM_evol_UCM_Zenodo4633001,"sqm_msas=14.57,solar_dep=18.10deg,inflection_method"
fajr,2013-02-11,06:32:28,1,40.4189,-3.6919,650.0,Madrid_SQM_evol_UCM_Zenodo4633001,"sqm_msas=17.24,solar_dep=19.68deg,inflection_method"
isha,2013-02-11,20:23:36,1,40.4189,-3.6919,650.0,Madrid_SQM_evol_UCM_Zenodo4633001,"sqm_msas=15.60,solar_dep=19.20deg,inflection_method"
fajr,2013-02-12,06:35:22,1,40.4189,-3.6919,650.0,Madrid_SQM_evol_UCM_Zenodo4633001,"sqm_msas=18.15,solar_dep=18.92deg,inflection_method"
fajr,2013-02-13,06:32:16,1,40.4189,-3.6919,650.0,Madrid_SQM_evol_UCM_Zenodo4633001,"sqm_msas=17.27,solar_dep=19.30deg,inflection_method"
fajr,2013-02-14,06:30:14,1,40.4189,-3.6919,650.0,Madrid_SQM_evol_UCM_Zenodo4633001,"sqm_msas=18.17,solar_dep=19.47deg,inflection_method"
fajr,2013-02-15,06:30:13,1,40.4189,-3.6919,650.0,Madrid_SQM_evol_UCM_Zenodo4633001,"sqm_msas=18.03,solar_dep=19.25deg,inflection_method"
fajr,2013-02-17,06:25:57,1,40.4189,-3.6919,650.0,Madrid_SQM_evol_UCM_Zenodo4633001,"sqm_msas=15.80,solar_dep=19.61deg,inflection_method"
fajr,2013-02-18,06:26:27,1,40.4189,-3.6919,650.0,Madrid_SQM_evol_UCM_Zenodo4633001,"sqm_msas=15.02,solar_dep=19.28deg,inflection_method"
isha,2013-02-27,20:39:28,1,40.4189,-3.6919,650.0,Madrid_SQM_evol_UCM_Zenodo4633001,"sqm_msas=14.25,solar_dep=18.91deg,inflection_method"
isha,2013-02-28,20:42:57,1,40.4189,-3.6919,650.0,Madrid_SQM_evol_UCM_Zenodo4633001,"sqm_msas=16.06,solar_dep=19.36deg,inflection_method"
isha,2013-03-01,20:42:26,1,40.4189,-3.6919,650.0,Madrid_SQM_evol_UCM_Zenodo4633001,"sqm_msas=15.25,solar_dep=19.06deg,inflection_method"
isha,2013-03-02,20:39:48,1,40.4189,-3.6919,650.0,Madrid_SQM_evol_UCM_Zenodo4633001,"sqm_msas=16.67,solar_dep=18.35deg,inflection_method"
isha,2013-03-03,20:41:50,1,40.4189,-3.6919,650.0,Madrid_SQM_evol_UCM_Zenodo4633001,"sqm_msas=14.45,solar_dep=18.52deg,inflection_method"
isha,2013-03-04,20:44:45,1,40.4189,-3.6919,650.0,Madrid_SQM_evol_UCM_Zenodo4633001,"sqm_msas=14.38,solar_dep=18.87deg,inflection_method"
isha,2013-03-05,20:47:35,1,40.4189,-3.6919,650.0,Madrid_SQM_evol_UCM_Zenodo4633001,"sqm_msas=15.34,solar_dep=19.19deg,inflection_method"
isha,2013-03-06,20:44:30,1,40.4189,-3.6919,650.0,Madrid_SQM_evol_UCM_Zenodo4633001,"sqm_msas=15.29,solar_dep=18.40deg,inflection_method"
isha,2013-03-07,20:48:26,1,40.4189,-3.6919,650.0,Madrid_SQM_evol_UCM_Zenodo4633001,"sqm_msas=17.62,solar_dep=18.93deg,inflection_method"
fajr,2013-03-15,05:47:56,1,40.4189,-3.6919,650.0,Madrid_SQM_evol_UCM_Zenodo4633001,"sqm_msas=18.26,solar_dep=19.41deg,inflection_method"
fajr,2013-03-16,05:51:20,1,40.4189,-3.6919,650.0,Madrid_SQM_evol_UCM_Zenodo4633001,"sqm_msas=15.09,solar_dep=18.46deg,inflection_method"
fajr,2013-03-17,05:44:40,1,40.4189,-3.6919,650.0,Madrid_SQM_evol_UCM_Zenodo4633001,"sqm_msas=17.35,solar_dep=19.37deg,inflection_method"
fajr,2013-03-18,05:50:00,1,40.4189,-3.6919,650.0,Madrid_SQM_evol_UCM_Zenodo4633001,"sqm_msas=18.35,solar_dep=18.07deg,inflection_method"
fajr,2013-03-19,05:45:44,1,40.4189,-3.6919,650.0,Madrid_SQM_evol_UCM_Zenodo4633001,"sqm_msas=18.17,solar_dep=18.53deg,inflection_method"
fajr,2013-03-20,05:36:33,1,40.4189,-3.6919,650.0,Madrid_SQM_evol_UCM_Zenodo4633001,"sqm_msas=18.35,solar_dep=19.88deg,inflection_method"
fajr,2013-03-21,05:38:47,1,40.4189,-3.6919,650.0,Madrid_SQM_evol_UCM_Zenodo4633001,"sqm_msas=18.16,solar_dep=19.15deg,inflection_method"
fajr,2013-03-22,05:42:32,1,40.4189,-3.6919,650.0,Madrid_SQM_evol_UCM_Zenodo4633001,"sqm_msas=17.69,solar_dep=18.14deg,inflection_method"
fajr,2013-03-23,05:31:47,1,40.4189,-3.6919,650.0,Madrid_SQM_evol_UCM_Zenodo4633001,"sqm_msas=14.92,solar_dep=19.76deg,inflection_method"
fajr,2013-03-24,05:34:16,1,40.4189,-3.6919,650.0,Madrid_SQM_evol_UCM_Zenodo4633001,"sqm_msas=15.57,solar_dep=18.99deg,inflection_method"
isha,2013-03-28,21:09:51,1,40.4189,-3.6919,650.0,Madrid_SQM_evol_UCM_Zenodo4633001,"sqm_msas=14.89,solar_dep=18.32deg,inflection_method"
isha,2013-03-29,21:15:40,1,40.4189,-3.6919,650.0,Madrid_SQM_evol_UCM_Zenodo4633001,"sqm_msas=15.63,solar_dep=19.12deg,inflection_method"
isha,2013-03-30,21:13:29,1,40.4189,-3.6919,650.0,Madrid_SQM_evol_UCM_Zenodo4633001,"sqm_msas=15.81,solar_dep=18.52deg,inflection_method"
isha,2013-04-01,22:16:39,2,40.4189,-3.6919,650.0,Madrid_SQM_evol_UCM_Zenodo4633001,"sqm_msas=17.42,solar_dep=18.63deg,inflection_method"
isha,2013-04-02,22:23:59,2,40.4189,-3.6919,650.0,Madrid_SQM_evol_UCM_Zenodo4633001,"sqm_msas=17.83,solar_dep=19.67deg,inflection_method"
isha,2013-04-03,22:17:37,2,40.4189,-3.6919,650.0,Madrid_SQM_evol_UCM_Zenodo4633001,"sqm_msas=16.39,solar_dep=18.35deg,inflection_method"
isha,2013-04-04,22:18:00,2,40.4189,-3.6919,650.0,Madrid_SQM_evol_UCM_Zenodo4633001,"sqm_msas=15.30,solar_dep=18.19deg,inflection_method"
isha,2013-04-05,22:19:04,2,40.4189,-3.6919,650.0,Madrid_SQM_evol_UCM_Zenodo4633001,"sqm_msas=17.77,solar_dep=18.15deg,inflection_method"
isha,2013-04-06,22:24:14,2,40.4189,-3.6919,650.0,Madrid_SQM_evol_UCM_Zenodo4633001,"sqm_msas=17.87,solar_dep=18.80deg,inflection_method"
fajr,2013-04-07,22:21:16,2,40.4189,-3.6919,650.0,Madrid_SQM_evol_UCM_Zenodo4633001,"sqm_msas=16.35,solar_dep=18.07deg,inflection_method"
isha,2013-04-07,22:27:20,2,40.4189,-3.6919,650.0,Madrid_SQM_evol_UCM_Zenodo4633001,"sqm_msas=16.66,solar_dep=19.10deg,inflection_method"
fajr,2013-04-08,06:10:46,2,40.4189,-3.6919,650.0,Madrid_SQM_evol_UCM_Zenodo4633001,"sqm_msas=14.77,solar_dep=18.21deg,inflection_method"
isha,2013-04-08,22:22:53,2,40.4189,-3.6919,650.0,Madrid_SQM_evol_UCM_Zenodo4633001,"sqm_msas=17.51,solar_dep=18.12deg,inflection_method"
fajr,2013-04-09,06:00:46,2,40.4189,-3.6919,650.0,Madrid_SQM_evol_UCM_Zenodo4633001,"sqm_msas=18.16,solar_dep=19.57deg,inflection_method"
isha,2013-04-09,22:23:55,2,40.4189,-3.6919,650.0,Madrid_SQM_evol_UCM_Zenodo4633001,"sqm_msas=16.56,solar_dep=18.07deg,inflection_method"
fajr,2013-04-10,22:25:09,2,40.4189,-3.6919,650.0,Madrid_SQM_evol_UCM_Zenodo4633001,"sqm_msas=14.40,solar_dep=18.05deg,inflection_method"
isha,2013-04-10,22:29:12,2,40.4189,-3.6919,650.0,Madrid_SQM_evol_UCM_Zenodo4633001,"sqm_msas=14.39,solar_dep=18.72deg,inflection_method"
fajr,2013-04-11,05:56:25,2,40.4189,-3.6919,650.0,Madrid_SQM_evol_UCM_Zenodo4633001,"sqm_msas=16.21,solar_dep=19.65deg,inflection_method"
isha,2013-04-11,22:34:11,2,40.4189,-3.6919,650.0,Madrid_SQM_evol_UCM_Zenodo4633001,"sqm_msas=17.81,solar_dep=19.32deg,inflection_method"
fajr,2013-04-13,05:51:17,2,40.4189,-3.6919,650.0,Madrid_SQM_evol_UCM_Zenodo4633001,"sqm_msas=18.10,solar_dep=19.86deg,inflection_method"
fajr,2013-04-14,05:58:41,2,40.4189,-3.6919,650.0,Madrid_SQM_evol_UCM_Zenodo4633001,"sqm_msas=18.11,solar_dep=18.34deg,inflection_method"
fajr,2013-04-15,05:53:28,2,40.4189,-3.6919,650.0,Madrid_SQM_evol_UCM_Zenodo4633001,"sqm_msas=18.16,solar_dep=18.88deg,inflection_method"
fajr,2013-04-16,05:52:52,2,40.4189,-3.6919,650.0,Madrid_SQM_evol_UCM_Zenodo4633001,"sqm_msas=17.94,solar_dep=18.67deg,inflection_method"
fajr,2013-04-17,05:49:36,2,40.4189,-3.6919,650.0,Madrid_SQM_evol_UCM_Zenodo4633001,"sqm_msas=18.04,solar_dep=18.89deg,inflection_method"
fajr,2013-04-18,05:41:45,2,40.4189,-3.6919,650.0,Madrid_SQM_evol_UCM_Zenodo4633001,"sqm_msas=18.33,solar_dep=19.83deg,inflection_method"
fajr,2013-04-19,05:49:18,2,40.4189,-3.6919,650.0,Madrid_SQM_evol_UCM_Zenodo4633001,"sqm_msas=17.82,solar_dep=18.34deg,inflection_method"
fajr,2013-04-20,05:39:53,2,40.4189,-3.6919,650.0,Madrid_SQM_evol_UCM_Zenodo4633001,"sqm_msas=18.26,solar_dep=19.52deg,inflection_method"
fajr,2013-04-21,05:44:07,2,40.4189,-3.6919,650.0,Madrid_SQM_evol_UCM_Zenodo4633001,"sqm_msas=17.73,solar_dep=18.56deg,inflection_method"
fajr,2013-04-22,05:41:50,2,40.4189,-3.6919,650.0,Madrid_SQM_evol_UCM_Zenodo4633001,"sqm_msas=15.72,solar_dep=18.63deg,inflection_method"
isha,2013-04-27,22:52:42,2,40.4189,-3.6919,650.0,Madrid_SQM_evol_UCM_Zenodo4633001,"sqm_msas=14.70,solar_dep=18.53deg,inflection_method"
isha,2013-04-28,23:02:00,2,40.4189,-3.6919,650.0,Madrid_SQM_evol_UCM_Zenodo4633001,"sqm_msas=14.85,solar_dep=19.67deg,inflection_method"
isha,2013-04-29,22:56:51,2,40.4189,-3.6919,650.0,Madrid_SQM_evol_UCM_Zenodo4633001,"sqm_msas=14.90,solar_dep=18.69deg,inflection_method"
isha,2013-04-30,23:02:35,2,40.4189,-3.6919,650.0,Madrid_SQM_evol_UCM_Zenodo4633001,"sqm_msas=17.07,solar_dep=19.29deg,inflection_method"
isha,2013-05-01,22:59:03,2,40.4189,-3.6919,650.0,Madrid_SQM_evol_UCM_Zenodo4633001,"sqm_msas=18.12,solar_dep=18.56deg,inflection_method"
isha,2013-05-02,23:03:04,2,40.4189,-3.6919,650.0,Madrid_SQM_evol_UCM_Zenodo4633001,"sqm_msas=15.77,solar_dep=18.91deg,inflection_method"
isha,2013-05-03,23:07:56,2,40.4189,-3.6919,650.0,Madrid_SQM_evol_UCM_Zenodo4633001,"sqm_msas=17.61,solar_dep=19.37deg,inflection_method"
isha,2013-05-04,23:09:24,2,40.4189,-3.6919,650.0,Madrid_SQM_evol_UCM_Zenodo4633001,"sqm_msas=18.06,solar_dep=19.35deg,inflection_method"
isha,2013-05-05,23:10:10,2,40.4189,-3.6919,650.0,Madrid_SQM_evol_UCM_Zenodo4633001,"sqm_msas=18.08,solar_dep=19.24deg,inflection_method"
isha,2013-05-06,23:08:59,2,40.4189,-3.6919,650.0,Madrid_SQM_evol_UCM_Zenodo4633001,"sqm_msas=15.00,solar_dep=18.86deg,inflection_method"
fajr,2013-05-07,05:19:09,2,40.4189,-3.6919,650.0,Madrid_SQM_evol_UCM_Zenodo4633001,"sqm_msas=15.17,solar_dep=18.03deg,inflection_method"
isha,2013-05-07,23:05:45,2,40.4189,-3.6919,650.0,Madrid_SQM_evol_UCM_Zenodo4633001,"sqm_msas=15.90,solar_dep=18.20deg,inflection_method"
fajr,2013-05-08,05:10:41,2,40.4189,-3.6919,650.0,Madrid_SQM_evol_UCM_Zenodo4633001,"sqm_msas=16.18,solar_dep=18.97deg,inflection_method"
isha,2013-05-08,23:06:31,2,40.4189,-3.6919,650.0,Madrid_SQM_evol_UCM_Zenodo4633001,"sqm_msas=16.75,solar_dep=18.09deg,inflection_method"
fajr,2013-05-09,05:07:35,2,40.4189,-3.6919,650.0,Madrid_SQM_evol_UCM_Zenodo4633001,"sqm_msas=17.51,solar_dep=19.16deg,inflection_method"
isha,2013-05-09,23:15:31,2,40.4189,-3.6919,650.0,Madrid_SQM_evol_UCM_Zenodo4633001,"sqm_msas=15.98,solar_dep=19.09deg,inflection_method"
fajr,2013-05-10,05:14:18,2,40.4189,-3.6919,650.0,Madrid_SQM_evol_UCM_Zenodo4633001,"sqm_msas=16.24,solar_dep=18.03deg,inflection_method"
isha,2013-05-10,23:09:15,2,40.4189,-3.6919,650.0,Madrid_SQM_evol_UCM_Zenodo4633001,"sqm_msas=17.95,solar_dep=18.04deg,inflection_method"
fajr,2013-05-11,05:03:28,2,40.4189,-3.6919,650.0,Madrid_SQM_evol_UCM_Zenodo4633001,"sqm_msas=18.26,solar_dep=19.26deg,inflection_method"
isha,2013-05-11,23:11:01,2,40.4189,-3.6919,650.0,Madrid_SQM_evol_UCM_Zenodo4633001,"sqm_msas=17.97,solar_dep=18.07deg,inflection_method"
fajr,2013-05-12,05:08:02,2,40.4189,-3.6919,650.0,Madrid_SQM_evol_UCM_Zenodo4633001,"sqm_msas=18.26,solar_dep=18.44deg,inflection_method"
fajr,2013-05-13,05:06:33,2,40.4189,-3.6919,650.0,Madrid_SQM_evol_UCM_Zenodo4633001,"sqm_msas=18.14,solar_dep=18.43deg,inflection_method"
fajr,2013-05-14,05:04:53,2,40.4189,-3.6919,650.0,Madrid_SQM_evol_UCM_Zenodo4633001,"sqm_msas=15.68,solar_dep=18.45deg,inflection_method"
fajr,2013-05-15,05:02:19,2,40.4189,-3.6919,650.0,Madrid_SQM_evol_UCM_Zenodo4633001,"sqm_msas=16.87,solar_dep=18.59deg,inflection_method"
fajr,2013-05-16,05:02:02,2,40.4189,-3.6919,650.0,Madrid_SQM_evol_UCM_Zenodo4633001,"sqm_msas=15.86,solar_dep=18.43deg,inflection_method"
isha,2013-05-27,23:39:18,2,40.4189,-3.6919,650.0,Madrid_SQM_evol_UCM_Zenodo4633001,"sqm_msas=17.89,solar_dep=18.68deg,inflection_method"
isha,2013-05-28,23:46:57,2,40.4189,-3.6919,650.0,Madrid_SQM_evol_UCM_Zenodo4633001,"sqm_msas=18.09,solar_dep=19.39deg,inflection_method"
isha,2013-05-29,23:51:35,2,40.4189,-3.6919,650.0,Madrid_SQM_evol_UCM_Zenodo4633001,"sqm_msas=14.47,solar_dep=19.75deg,inflection_method"
isha,2013-05-30,23:39:14,2,40.4189,-3.6919,650.0,Madrid_SQM_evol_UCM_Zenodo4633001,"sqm_msas=18.07,solar_dep=18.23deg,inflection_method"
isha,2013-05-31,23:40:46,2,40.4189,-3.6919,650.0,Madrid_SQM_evol_UCM_Zenodo4633001,"sqm_msas=18.16,solar_dep=18.27deg,inflection_method"
isha,2013-06-01,23:45:21,2,40.4189,-3.6919,650.0,Madrid_SQM_evol_UCM_Zenodo4633001,"sqm_msas=18.16,solar_dep=18.65deg,inflection_method"
isha,2013-06-02,23:44:57,2,40.4189,-3.6919,650.0,Madrid_SQM_evol_UCM_Zenodo4633001,"sqm_msas=18.10,solar_dep=18.48deg,inflection_method"
isha,2013-06-03,23:49:29,2,40.4189,-3.6919,650.0,Madrid_SQM_evol_UCM_Zenodo4633001,"sqm_msas=18.14,solar_dep=18.85deg,inflection_method"
isha,2013-06-04,23:57:03,2,40.4189,-3.6919,650.0,Madrid_SQM_evol_UCM_Zenodo4633001,"sqm_msas=17.05,solar_dep=19.54deg,inflection_method"
isha,2013-06-05,23:45:33,2,40.4189,-3.6919,650.0,Madrid_SQM_evol_UCM_Zenodo4633001,"sqm_msas=16.41,solar_dep=18.19deg,inflection_method"
isha,2013-06-06,23:51:33,2,40.4189,-3.6919,650.0,Madrid_SQM_evol_UCM_Zenodo4633001,"sqm_msas=17.36,solar_dep=18.73deg,inflection_method"
isha,2013-06-07,23:54:09,2,40.4189,-3.6919,650.0,Madrid_SQM_evol_UCM_Zenodo4633001,"sqm_msas=17.81,solar_dep=18.91deg,inflection_method"
isha,2013-06-08,23:52:43,2,40.4189,-3.6919,650.0,Madrid_SQM_evol_UCM_Zenodo4633001,"sqm_msas=16.69,solar_dep=18.66deg,inflection_method"
isha,2013-06-09,23:51:15,2,40.4189,-3.6919,650.0,Madrid_SQM_evol_UCM_Zenodo4633001,"sqm_msas=17.03,solar_dep=18.41deg,inflection_method"
isha,2013-06-11,00:00:37,2,40.4189,-3.6919,650.0,Madrid_SQM_evol_UCM_Zenodo4633001,"sqm_msas=18.05,solar_dep=19.30deg,inflection_method"
isha,2013-06-11,23:55:11,2,40.4189,-3.6919,650.0,Madrid_SQM_evol_UCM_Zenodo4633001,"sqm_msas=18.17,solar_dep=18.66deg,inflection_method"
isha,2013-06-27,00:06:30,2,40.4189,-3.6919,650.0,Madrid_SQM_evol_UCM_Zenodo4633001,"sqm_msas=17.97,solar_dep=19.33deg,inflection_method"
isha,2013-06-28,00:10:57,2,40.4189,-3.6919,650.0,Madrid_SQM_evol_UCM_Zenodo4633001,"sqm_msas=17.64,solar_dep=19.78deg,inflection_method"
isha,2013-06-29,00:04:22,2,40.4189,-3.6919,650.0,Madrid_SQM_evol_UCM_Zenodo4633001,"sqm_msas=17.87,solar_dep=19.15deg,inflection_method"
isha,2013-06-30,00:05:51,2,40.4189,-3.6919,650.0,Madrid_SQM_evol_UCM_Zenodo4633001,"sqm_msas=18.23,solar_dep=19.33deg,inflection_method"
isha,2013-07-02,00:05:06,2,40.4189,-3.6919,650.0,Madrid_SQM_evol_UCM_Zenodo4633001,"sqm_msas=14.94,solar_dep=19.34deg,inflection_method"
isha,2013-07-02,23:58:31,2,40.4189,-3.6919,650.0,Madrid_SQM_evol_UCM_Zenodo4633001,"sqm_msas=17.90,solar_dep=18.70deg,inflection_method"
isha,2013-07-04,00:07:02,2,40.4189,-3.6919,650.0,Madrid_SQM_evol_UCM_Zenodo4633001,"sqm_msas=18.10,solar_dep=19.64deg,inflection_method"
isha,2013-07-05,00:09:02,2,40.4189,-3.6919,650.0,Madrid_SQM_evol_UCM_Zenodo4633001,"sqm_msas=18.10,solar_dep=19.90deg,inflection_method"
isha,2013-07-05,23:54:24,2,40.4189,-3.6919,650.0,Madrid_SQM_evol_UCM_Zenodo4633001,"sqm_msas=17.90,solar_dep=18.43deg,inflection_method"
isha,2013-07-06,23:52:54,2,40.4189,-3.6919,650.0,Madrid_SQM_evol_UCM_Zenodo4633001,"sqm_msas=17.92,solar_dep=18.34deg,inflection_method"
isha,2013-07-08,00:02:29,2,40.4189,-3.6919,650.0,Madrid_SQM_evol_UCM_Zenodo4633001,"sqm_msas=18.02,solar_dep=19.45deg,inflection_method"
isha,2013-07-09,00:03:28,2,40.4189,-3.6919,650.0,Madrid_SQM_evol_UCM_Zenodo4633001,"sqm_msas=18.13,solar_dep=19.64deg,inflection_method"
isha,2013-07-10,00:05:01,2,40.4189,-3.6919,650.0,Madrid_SQM_evol_UCM_Zenodo4633001,"sqm_msas=17.26,solar_dep=19.90deg,inflection_method"
isha,2013-07-10,23:59:28,2,40.4189,-3.6919,650.0,Madrid_SQM_evol_UCM_Zenodo4633001,"sqm_msas=17.47,solar_dep=19.41deg,inflection_method"
isha,2013-07-12,00:02:00,2,40.4189,-3.6919,650.0,Madrid_SQM_evol_UCM_Zenodo4633001,"sqm_msas=17.45,solar_dep=19.79deg,inflection_method"
fajr,2013-07-20,05:02:56,2,40.4189,-3.6919,650.0,Madrid_SQM_evol_UCM_Zenodo4633001,"sqm_msas=17.88,solar_dep=18.28deg,inflection_method"
isha,2013-07-26,23:39:24,2,40.4189,-3.6919,650.0,Madrid_SQM_evol_UCM_Zenodo4633001,"sqm_msas=18.11,solar_dep=19.46deg,inflection_method"
isha,2013-07-27,23:28:02,2,40.4189,-3.6919,650.0,Madrid_SQM_evol_UCM_Zenodo4633001,"sqm_msas=17.43,solar_dep=18.21deg,inflection_method"
isha,2013-07-28,23:28:45,2,40.4189,-3.6919,650.0,Madrid_SQM_evol_UCM_Zenodo4633001,"sqm_msas=16.88,solar_dep=18.51deg,inflection_method"
isha,2013-07-29,23:26:46,2,40.4189,-3.6919,650.0,Madrid_SQM_evol_UCM_Zenodo4633001,"sqm_msas=18.16,solar_dep=18.45deg,inflection_method"
isha,2013-07-30,23:27:33,2,40.4189,-3.6919,650.0,Madrid_SQM_evol_UCM_Zenodo4633001,"sqm_msas=18.21,solar_dep=18.76deg,inflection_method"
isha,2013-07-31,23:24:18,2,40.4189,-3.6919,650.0,Madrid_SQM_evol_UCM_Zenodo4633001,"sqm_msas=17.90,solar_dep=18.54deg,inflection_method"
isha,2013-08-01,23:20:23,2,40.4189,-3.6919,650.0,Madrid_SQM_evol_UCM_Zenodo4633001,"sqm_msas=17.52,solar_dep=18.24deg,inflection_method"
isha,2013-08-02,23:18:59,2,40.4189,-3.6919,650.0,Madrid_SQM_evol_UCM_Zenodo4633001,"sqm_msas=17.81,solar_dep=18.27deg,inflection_method"
isha,2013-08-03,23:18:49,2,40.4189,-3.6919,650.0,Madrid_SQM_evol_UCM_Zenodo4633001,"sqm_msas=18.18,solar_dep=18.47deg,inflection_method"
isha,2013-08-04,23:16:36,2,40.4189,-3.6919,650.0,Madrid_SQM_evol_UCM_Zenodo4633001,"sqm_msas=18.06,solar_dep=18.40deg,inflection_method"
fajr,2013-08-05,05:18:33,2,40.4189,-3.6919,650.0,Madrid_SQM_evol_UCM_Zenodo4633001,"sqm_msas=18.28,solar_dep=19.33deg,inflection_method"
isha,2013-08-05,23:13:42,2,40.4189,-3.6919,650.0,Madrid_SQM_evol_UCM_Zenodo4633001,"sqm_msas=17.92,solar_dep=18.23deg,inflection_method"
fajr,2013-08-06,05:25:44,2,40.4189,-3.6919,650.0,Madrid_SQM_evol_UCM_Zenodo4633001,"sqm_msas=17.90,solar_dep=18.56deg,inflection_method"
isha,2013-08-06,23:11:32,2,40.4189,-3.6919,650.0,Madrid_SQM_evol_UCM_Zenodo4633001,"sqm_msas=16.55,solar_dep=18.17deg,inflection_method"
fajr,2013-08-07,05:19:32,2,40.4189,-3.6919,650.0,Madrid_SQM_evol_UCM_Zenodo4633001,"sqm_msas=15.35,solar_dep=19.62deg,inflection_method"
isha,2013-08-07,23:09:22,2,40.4189,-3.6919,650.0,Madrid_SQM_evol_UCM_Zenodo4633001,"sqm_msas=16.91,solar_dep=18.10deg,inflection_method"
fajr,2013-08-08,05:30:28,2,40.4189,-3.6919,650.0,Madrid_SQM_evol_UCM_Zenodo4633001,"sqm_msas=18.49,solar_dep=18.31deg,inflection_method"
isha,2013-08-08,23:07:50,2,40.4189,-3.6919,650.0,Madrid_SQM_evol_UCM_Zenodo4633001,"sqm_msas=18.12,solar_dep=18.13deg,inflection_method"
fajr,2013-08-09,05:31:58,2,40.4189,-3.6919,650.0,Madrid_SQM_evol_UCM_Zenodo4633001,"sqm_msas=18.46,solar_dep=18.31deg,inflection_method"
isha,2013-08-09,23:05:44,2,40.4189,-3.6919,650.0,Madrid_SQM_evol_UCM_Zenodo4633001,"sqm_msas=18.18,solar_dep=18.08deg,inflection_method"
fajr,2013-08-10,05:31:52,2,40.4189,-3.6919,650.0,Madrid_SQM_evol_UCM_Zenodo4633001,"sqm_msas=18.47,solar_dep=18.54deg,inflection_method"
isha,2013-08-10,23:04:39,2,40.4189,-3.6919,650.0,Madrid_SQM_evol_UCM_Zenodo4633001,"sqm_msas=18.13,solar_dep=18.18deg,inflection_method"
fajr,2013-08-11,05:31:48,2,40.4189,-3.6919,650.0,Madrid_SQM_evol_UCM_Zenodo4633001,"sqm_msas=18.38,solar_dep=18.76deg,inflection_method"
fajr,2013-08-12,05:29:43,2,40.4189,-3.6919,650.0,Madrid_SQM_evol_UCM_Zenodo4633001,"sqm_msas=17.42,solar_dep=19.28deg,inflection_method"
fajr,2013-08-13,05:32:10,2,40.4189,-3.6919,650.0,Madrid_SQM_evol_UCM_Zenodo4633001,"sqm_msas=17.82,solar_dep=19.14deg,inflection_method"
fajr,2013-08-14,05:37:12,2,40.4189,-3.6919,650.0,Madrid_SQM_evol_UCM_Zenodo4633001,"sqm_msas=18.21,solar_dep=18.62deg,inflection_method"
fajr,2013-08-15,05:40:14,2,40.4189,-3.6919,650.0,Madrid_SQM_evol_UCM_Zenodo4633001,"sqm_msas=17.99,solar_dep=18.39deg,inflection_method"
fajr,2013-08-16,05:31:58,2,40.4189,-3.6919,650.0,Madrid_SQM_evol_UCM_Zenodo4633001,"sqm_msas=17.78,solar_dep=19.83deg,inflection_method"
fajr,2013-08-17,05:43:04,2,40.4189,-3.6919,650.0,Madrid_SQM_evol_UCM_Zenodo4633001,"sqm_msas=18.15,solar_dep=18.40deg,inflection_method"
fajr,2013-08-18,05:45:05,2,40.4189,-3.6919,650.0,Madrid_SQM_evol_UCM_Zenodo4633001,"sqm_msas=18.07,solar_dep=18.31deg,inflection_method"
fajr,2013-08-19,05:38:05,2,40.4189,-3.6919,650.0,Madrid_SQM_evol_UCM_Zenodo4633001,"sqm_msas=18.18,solar_dep=19.59deg,inflection_method"
isha,2013-08-24,22:45:02,2,40.4189,-3.6919,650.0,Madrid_SQM_evol_UCM_Zenodo4633001,"sqm_msas=17.41,solar_dep=19.18deg,inflection_method"
isha,2013-08-25,22:38:09,2,40.4189,-3.6919,650.0,Madrid_SQM_evol_UCM_Zenodo4633001,"sqm_msas=17.93,solar_dep=18.39deg,inflection_method"
isha,2013-08-26,22:35:55,2,40.4189,-3.6919,650.0,Madrid_SQM_evol_UCM_Zenodo4633001,"sqm_msas=17.78,solar_dep=18.34deg,inflection_method"
isha,2013-08-27,22:37:08,2,40.4189,-3.6919,650.0,Madrid_SQM_evol_UCM_Zenodo4633001,"sqm_msas=16.07,solar_dep=18.84deg,inflection_method"
isha,2013-08-28,22:40:24,2,40.4189,-3.6919,650.0,Madrid_SQM_evol_UCM_Zenodo4633001,"sqm_msas=14.94,solar_dep=19.69deg,inflection_method"
isha,2013-08-29,22:36:57,2,40.4189,-3.6919,650.0,Madrid_SQM_evol_UCM_Zenodo4633001,"sqm_msas=17.14,solar_dep=19.45deg,inflection_method"
isha,2013-08-30,22:38:14,2,40.4189,-3.6919,650.0,Madrid_SQM_evol_UCM_Zenodo4633001,"sqm_msas=15.69,solar_dep=19.98deg,inflection_method"
isha,2013-08-31,22:32:28,2,40.4189,-3.6919,650.0,Madrid_SQM_evol_UCM_Zenodo4633001,"sqm_msas=17.94,solar_dep=19.35deg,inflection_method"
isha,2013-09-01,22:27:50,2,40.4189,-3.6919,650.0,Madrid_SQM_evol_UCM_Zenodo4633001,"sqm_msas=17.93,solar_dep=18.91deg,inflection_method"
isha,2013-09-02,22:24:50,2,40.4189,-3.6919,650.0,Madrid_SQM_evol_UCM_Zenodo4633001,"sqm_msas=16.20,solar_dep=18.73deg,inflection_method"
isha,2013-09-03,22:28:13,2,40.4189,-3.6919,650.0,Madrid_SQM_evol_UCM_Zenodo4633001,"sqm_msas=17.76,solar_dep=19.62deg,inflection_method"
fajr,2013-09-04,22:17:17,2,40.4189,-3.6919,650.0,Madrid_SQM_evol_UCM_Zenodo4633001,"sqm_msas=17.68,solar_dep=18.10deg,inflection_method"
isha,2013-09-04,22:22:53,2,40.4189,-3.6919,650.0,Madrid_SQM_evol_UCM_Zenodo4633001,"sqm_msas=17.68,solar_dep=19.05deg,inflection_method"
fajr,2013-09-05,06:03:05,2,40.4189,-3.6919,650.0,Madrid_SQM_evol_UCM_Zenodo4633001,"sqm_msas=18.07,solar_dep=19.33deg,inflection_method"
isha,2013-09-05,22:15:07,2,40.4189,-3.6919,650.0,Madrid_SQM_evol_UCM_Zenodo4633001,"sqm_msas=16.92,solar_dep=18.05deg,inflection_method"
fajr,2013-09-06,06:05:08,2,40.4189,-3.6919,650.0,Madrid_SQM_evol_UCM_Zenodo4633001,"sqm_msas=15.88,solar_dep=19.20deg,inflection_method"
isha,2013-09-07,22:12:01,2,40.4189,-3.6919,650.0,Madrid_SQM_evol_UCM_Zenodo4633001,"sqm_msas=17.35,solar_dep=18.18deg,inflection_method"
isha,2013-09-08,22:10:14,2,40.4189,-3.6919,650.0,Madrid_SQM_evol_UCM_Zenodo4633001,"sqm_msas=17.84,solar_dep=18.20deg,inflection_method"
fajr,2013-09-10,06:11:05,2,40.4189,-3.6919,650.0,Madrid_SQM_evol_UCM_Zenodo4633001,"sqm_msas=18.30,solar_dep=19.03deg,inflection_method"
fajr,2013-09-13,06:20:29,2,40.4189,-3.6919,650.0,Madrid_SQM_evol_UCM_Zenodo4633001,"sqm_msas=18.43,solar_dep=18.01deg,inflection_method"
fajr,2013-09-14,06:11:47,2,40.4189,-3.6919,650.0,Madrid_SQM_evol_UCM_Zenodo4633001,"sqm_msas=18.31,solar_dep=19.75deg,inflection_method"
fajr,2013-09-15,06:17:01,2,40.4189,-3.6919,650.0,Madrid_SQM_evol_UCM_Zenodo4633001,"sqm_msas=18.29,solar_dep=19.04deg,inflection_method"
fajr,2013-09-16,06:23:26,2,40.4189,-3.6919,650.0,Madrid_SQM_evol_UCM_Zenodo4633001,"sqm_msas=18.32,solar_dep=18.11deg,inflection_method"
fajr,2013-09-17,06:24:46,2,40.4189,-3.6919,650.0,Madrid_SQM_evol_UCM_Zenodo4633001,"sqm_msas=18.06,solar_dep=18.07deg,inflection_method"
isha,2013-09-22,21:51:06,2,40.4189,-3.6919,650.0,Madrid_SQM_evol_UCM_Zenodo4633001,"sqm_msas=17.92,solar_dep=19.45deg,inflection_method"
isha,2013-09-23,21:43:27,2,40.4189,-3.6919,650.0,Madrid_SQM_evol_UCM_Zenodo4633001,"sqm_msas=17.75,solar_dep=18.39deg,inflection_method"
isha,2013-09-24,21:43:41,2,40.4189,-3.6919,650.0,Madrid_SQM_evol_UCM_Zenodo4633001,"sqm_msas=17.64,solar_dep=18.76deg,inflection_method"
isha,2013-09-25,21:42:43,2,40.4189,-3.6919,650.0,Madrid_SQM_evol_UCM_Zenodo4633001,"sqm_msas=17.66,solar_dep=18.91deg,inflection_method"
isha,2013-09-26,21:40:11,2,40.4189,-3.6919,650.0,Madrid_SQM_evol_UCM_Zenodo4633001,"sqm_msas=15.99,solar_dep=18.77deg,inflection_method"
isha,2013-09-27,21:43:35,2,40.4189,-3.6919,650.0,Madrid_SQM_evol_UCM_Zenodo4633001,"sqm_msas=16.06,solar_dep=19.72deg,inflection_method"
isha,2013-09-28,21:40:34,2,40.4189,-3.6919,650.0,Madrid_SQM_evol_UCM_Zenodo4633001,"sqm_msas=16.31,solar_dep=19.49deg,inflection_method"
isha,2013-09-29,21:32:02,2,40.4189,-3.6919,650.0,Madrid_SQM_evol_UCM_Zenodo4633001,"sqm_msas=15.43,solar_dep=18.23deg,inflection_method"
isha,2013-09-30,21:30:18,2,40.4189,-3.6919,650.0,Madrid_SQM_evol_UCM_Zenodo4633001,"sqm_msas=14.66,solar_dep=18.23deg,inflection_method"
isha,2013-10-01,21:29:20,2,40.4189,-3.6919,650.0,Madrid_SQM_evol_UCM_Zenodo4633001,"sqm_msas=17.87,solar_dep=18.36deg,inflection_method"
isha,2013-10-02,21:28:19,2,40.4189,-3.6919,650.0,Madrid_SQM_evol_UCM_Zenodo4633001,"sqm_msas=15.75,solar_dep=18.49deg,inflection_method"
fajr,2013-10-03,21:24:30,2,40.4189,-3.6919,650.0,Madrid_SQM_evol_UCM_Zenodo4633001,"sqm_msas=16.86,solar_dep=18.09deg,inflection_method"
isha,2013-10-03,21:28:42,2,40.4189,-3.6919,650.0,Madrid_SQM_evol_UCM_Zenodo4633001,"sqm_msas=15.64,solar_dep=18.88deg,inflection_method"
fajr,2013-10-04,06:41:18,2,40.4189,-3.6919,650.0,Madrid_SQM_evol_UCM_Zenodo4633001,"sqm_msas=15.05,solar_dep=18.44deg,inflection_method"
isha,2013-10-04,21:23:17,2,40.4189,-3.6919,650.0,Madrid_SQM_evol_UCM_Zenodo4633001,"sqm_msas=17.87,solar_dep=18.17deg,inflection_method"
fajr,2013-10-05,06:43:35,2,40.4189,-3.6919,650.0,Madrid_SQM_evol_UCM_Zenodo4633001,"sqm_msas=18.39,solar_dep=18.21deg,inflection_method"
isha,2013-10-05,21:21:17,2,40.4189,-3.6919,650.0,Madrid_SQM_evol_UCM_Zenodo4633001,"sqm_msas=17.11,solar_dep=18.10deg,inflection_method"
fajr,2013-10-06,06:44:25,2,40.4189,-3.6919,650.0,Madrid_SQM_evol_UCM_Zenodo4633001,"sqm_msas=18.35,solar_dep=18.25deg,inflection_method"
isha,2013-10-06,21:19:19,2,40.4189,-3.6919,650.0,Madrid_SQM_evol_UCM_Zenodo4633001,"sqm_msas=17.54,solar_dep=18.04deg,inflection_method"
fajr,2013-10-07,06:42:25,2,40.4189,-3.6919,650.0,Madrid_SQM_evol_UCM_Zenodo4633001,"sqm_msas=18.37,solar_dep=18.82deg,inflection_method"
isha,2013-10-07,21:17:52,2,40.4189,-3.6919,650.0,Madrid_SQM_evol_UCM_Zenodo4633001,"sqm_msas=17.90,solar_dep=18.07deg,inflection_method"
fajr,2013-10-08,06:38:55,2,40.4189,-3.6919,650.0,Madrid_SQM_evol_UCM_Zenodo4633001,"sqm_msas=18.42,solar_dep=19.67deg,inflection_method"
fajr,2013-10-09,06:44:31,2,40.4189,-3.6919,650.0,Madrid_SQM_evol_UCM_Zenodo4633001,"sqm_msas=16.51,solar_dep=18.82deg,inflection_method"
fajr,2013-10-10,06:41:48,2,40.4189,-3.6919,650.0,Madrid_SQM_evol_UCM_Zenodo4633001,"sqm_msas=18.25,solar_dep=19.53deg,inflection_method"
fajr,2013-10-11,06:47:40,2,40.4189,-3.6919,650.0,Madrid_SQM_evol_UCM_Zenodo4633001,"sqm_msas=18.28,solar_dep=18.62deg,inflection_method"
fajr,2013-10-12,06:43:42,2,40.4189,-3.6919,650.0,Madrid_SQM_evol_UCM_Zenodo4633001,"sqm_msas=18.33,solar_dep=19.56deg,inflection_method"
fajr,2013-10-13,06:46:18,2,40.4189,-3.6919,650.0,Madrid_SQM_evol_UCM_Zenodo4633001,"sqm_msas=17.21,solar_dep=19.26deg,inflection_method"
fajr,2013-10-14,06:47:31,2,40.4189,-3.6919,650.0,Madrid_SQM_evol_UCM_Zenodo4633001,"sqm_msas=18.17,solar_dep=19.23deg,inflection_method"
fajr,2013-10-15,06:49:53,2,40.4189,-3.6919,650.0,Madrid_SQM_evol_UCM_Zenodo4633001,"sqm_msas=17.82,solar_dep=18.98deg,inflection_method"
fajr,2013-10-16,06:55:12,2,40.4189,-3.6919,650.0,Madrid_SQM_evol_UCM_Zenodo4633001,"sqm_msas=15.99,solar_dep=18.16deg,inflection_method"
fajr,2013-10-17,06:56:12,2,40.4189,-3.6919,650.0,Madrid_SQM_evol_UCM_Zenodo4633001,"sqm_msas=18.24,solar_dep=18.17deg,inflection_method"
isha,2013-10-21,21:00:31,2,40.4189,-3.6919,650.0,Madrid_SQM_evol_UCM_Zenodo4633001,"sqm_msas=16.27,solar_dep=18.69deg,inflection_method"
isha,2013-10-22,21:02:41,2,40.4189,-3.6919,650.0,Madrid_SQM_evol_UCM_Zenodo4633001,"sqm_msas=15.65,solar_dep=19.36deg,inflection_method"
isha,2013-10-23,21:02:38,2,40.4189,-3.6919,650.0,Madrid_SQM_evol_UCM_Zenodo4633001,"sqm_msas=15.02,solar_dep=19.59deg,inflection_method"
isha,2013-10-24,20:59:39,2,40.4189,-3.6919,650.0,Madrid_SQM_evol_UCM_Zenodo4633001,"sqm_msas=14.37,solar_dep=19.27deg,inflection_method"
isha,2013-10-25,20:54:34,2,40.4189,-3.6919,650.0,Madrid_SQM_evol_UCM_Zenodo4633001,"sqm_msas=15.16,solar_dep=18.54deg,inflection_method"
isha,2013-10-26,20:59:10,2,40.4189,-3.6919,650.0,Madrid_SQM_evol_UCM_Zenodo4633001,"sqm_msas=15.85,solar_dep=19.65deg,inflection_method"
isha,2013-10-27,20:56:05,2,40.4189,-3.6919,650.0,Madrid_SQM_evol_UCM_Zenodo4633001,"sqm_msas=18.02,solar_dep=19.29deg,inflection_method"
isha,2013-10-28,20:54:12,2,40.4189,-3.6919,650.0,Madrid_SQM_evol_UCM_Zenodo4633001,"sqm_msas=17.49,solar_dep=19.15deg,inflection_method"
isha,2013-10-29,20:52:26,2,40.4189,-3.6919,650.0,Madrid_SQM_evol_UCM_Zenodo4633001,"sqm_msas=17.79,solar_dep=19.03deg,inflection_method"
isha,2013-10-30,20:47:13,2,40.4189,-3.6919,650.0,Madrid_SQM_evol_UCM_Zenodo4633001,"sqm_msas=17.76,solar_dep=18.25deg,inflection_method"
isha,2013-10-31,20:49:59,2,40.4189,-3.6919,650.0,Madrid_SQM_evol_UCM_Zenodo4633001,"sqm_msas=17.79,solar_dep=18.99deg,inflection_method"
isha,2013-11-01,19:46:41,1,40.4189,-3.6919,650.0,Madrid_SQM_evol_UCM_Zenodo4633001,"sqm_msas=17.22,solar_dep=18.56deg,inflection_method"
fajr,2013-11-02,06:04:31,1,40.4189,-3.6919,650.0,Madrid_SQM_evol_UCM_Zenodo4633001,"sqm_msas=18.06,solar_dep=19.68deg,inflection_method"
isha,2013-11-02,19:49:40,1,40.4189,-3.6919,650.0,Madrid_SQM_evol_UCM_Zenodo4633001,"sqm_msas=18.06,solar_dep=19.33deg,inflection_method"
fajr,2013-11-03,06:11:42,1,40.4189,-3.6919,650.0,Madrid_SQM_evol_UCM_Zenodo4633001,"sqm_msas=15.97,solar_dep=18.51deg,inflection_method"
isha,2013-11-03,19:42:03,1,40.4189,-3.6919,650.0,Madrid_SQM_evol_UCM_Zenodo4633001,"sqm_msas=18.04,solar_dep=18.07deg,inflection_method"
fajr,2013-11-04,06:15:17,1,40.4189,-3.6919,650.0,Madrid_SQM_evol_UCM_Zenodo4633001,"sqm_msas=15.51,solar_dep=18.03deg,inflection_method"
isha,2013-11-04,19:46:56,1,40.4189,-3.6919,650.0,Madrid_SQM_evol_UCM_Zenodo4633001,"sqm_msas=15.06,solar_dep=19.18deg,inflection_method"
fajr,2013-11-05,06:12:29,1,40.4189,-3.6919,650.0,Madrid_SQM_evol_UCM_Zenodo4633001,"sqm_msas=16.97,solar_dep=18.75deg,inflection_method"
fajr,2013-11-06,06:08:59,1,40.4189,-3.6919,650.0,Madrid_SQM_evol_UCM_Zenodo4633001,"sqm_msas=18.44,solar_dep=19.61deg,inflection_method"
fajr,2013-11-07,06:13:07,1,40.4189,-3.6919,650.0,Madrid_SQM_evol_UCM_Zenodo4633001,"sqm_msas=14.99,solar_dep=19.02deg,inflection_method"
fajr,2013-11-08,06:15:15,1,40.4189,-3.6919,650.0,Madrid_SQM_evol_UCM_Zenodo4633001,"sqm_msas=17.05,solar_dep=18.80deg,inflection_method"
fajr,2013-11-09,06:19:14,1,40.4189,-3.6919,650.0,Madrid_SQM_evol_UCM_Zenodo4633001,"sqm_msas=18.37,solar_dep=18.24deg,inflection_method"
fajr,2013-11-10,06:14:48,1,40.4189,-3.6919,650.0,Madrid_SQM_evol_UCM_Zenodo4633001,"sqm_msas=16.13,solar_dep=19.27deg,inflection_method"
fajr,2013-11-11,06:16:31,1,40.4189,-3.6919,650.0,Madrid_SQM_evol_UCM_Zenodo4633001,"sqm_msas=18.48,solar_dep=19.13deg,inflection_method"
fajr,2013-11-12,06:16:51,1,40.4189,-3.6919,650.0,Madrid_SQM_evol_UCM_Zenodo4633001,"sqm_msas=18.47,solar_dep=19.26deg,inflection_method"
fajr,2013-11-13,06:14:58,1,40.4189,-3.6919,650.0,Madrid_SQM_evol_UCM_Zenodo4633001,"sqm_msas=18.48,solar_dep=19.80deg,inflection_method"
fajr,2013-11-14,06:15:54,1,40.4189,-3.6919,650.0,Madrid_SQM_evol_UCM_Zenodo4633001,"sqm_msas=18.43,solar_dep=19.81deg,inflection_method"
fajr,2013-11-15,06:17:38,1,40.4189,-3.6919,650.0,Madrid_SQM_evol_UCM_Zenodo4633001,"sqm_msas=18.38,solar_dep=19.67deg,inflection_method"
isha,2013-11-19,19:31:56,1,40.4189,-3.6919,650.0,Madrid_SQM_evol_UCM_Zenodo4633001,"sqm_msas=17.68,solar_dep=18.45deg,inflection_method"
isha,2013-11-20,19:29:53,1,40.4189,-3.6919,650.0,Madrid_SQM_evol_UCM_Zenodo4633001,"sqm_msas=17.68,solar_dep=18.16deg,inflection_method"
isha,2013-11-21,19:30:07,1,40.4189,-3.6919,650.0,Madrid_SQM_evol_UCM_Zenodo4633001,"sqm_msas=15.43,solar_dep=18.29deg,inflection_method"
isha,2013-11-22,19:29:15,1,40.4189,-3.6919,650.0,Madrid_SQM_evol_UCM_Zenodo4633001,"sqm_msas=17.67,solar_dep=18.21deg,inflection_method"
isha,2013-11-23,19:29:36,1,40.4189,-3.6919,650.0,Madrid_SQM_evol_UCM_Zenodo4633001,"sqm_msas=17.95,solar_dep=18.35deg,inflection_method"
isha,2013-11-24,19:36:32,1,40.4189,-3.6919,650.0,Madrid_SQM_evol_UCM_Zenodo4633001,"sqm_msas=18.04,solar_dep=19.71deg,inflection_method"
isha,2013-11-25,19:34:30,1,40.4189,-3.6919,650.0,Madrid_SQM_evol_UCM_Zenodo4633001,"sqm_msas=17.78,solar_dep=19.39deg,inflection_method"
isha,2013-11-26,19:33:34,1,40.4189,-3.6919,650.0,Madrid_SQM_evol_UCM_Zenodo4633001,"sqm_msas=17.71,solar_dep=19.27deg,inflection_method"
isha,2013-11-27,19:27:30,1,40.4189,-3.6919,650.0,Madrid_SQM_evol_UCM_Zenodo4633001,"sqm_msas=17.68,solar_dep=18.19deg,inflection_method"
isha,2013-11-28,19:28:15,1,40.4189,-3.6919,650.0,Madrid_SQM_evol_UCM_Zenodo4633001,"sqm_msas=14.95,solar_dep=18.37deg,inflection_method"
isha,2013-11-29,19:34:08,1,40.4189,-3.6919,650.0,Madrid_SQM_evol_UCM_Zenodo4633001,"sqm_msas=17.76,solar_dep=19.50deg,inflection_method"
isha,2013-12-02,19:28:42,1,40.4189,-3.6919,650.0,Madrid_SQM_evol_UCM_Zenodo4633001,"sqm_msas=17.71,solar_dep=18.56deg,inflection_method"
fajr,2013-12-03,06:38:23,1,40.4189,-3.6919,650.0,Madrid_SQM_evol_UCM_Zenodo4633001,"sqm_msas=18.34,solar_dep=18.93deg,inflection_method"
isha,2013-12-03,19:26:05,1,40.4189,-3.6919,650.0,Madrid_SQM_evol_UCM_Zenodo4633001,"sqm_msas=17.64,solar_dep=18.09deg,inflection_method"
fajr,2013-12-04,06:34:37,1,40.4189,-3.6919,650.0,Madrid_SQM_evol_UCM_Zenodo4633001,"sqm_msas=18.37,solar_dep=19.79deg,inflection_method"
fajr,2013-12-05,06:38:17,1,40.4189,-3.6919,650.0,Madrid_SQM_evol_UCM_Zenodo4633001,"sqm_msas=18.40,solar_dep=19.26deg,inflection_method"
fajr,2013-12-06,06:35:49,1,40.4189,-3.6919,650.0,Madrid_SQM_evol_UCM_Zenodo4633001,"sqm_msas=18.40,solar_dep=19.87deg,inflection_method"
fajr,2013-12-07,06:43:36,1,40.4189,-3.6919,650.0,Madrid_SQM_evol_UCM_Zenodo4633001,"sqm_msas=18.40,solar_dep=18.58deg,inflection_method"
fajr,2013-12-08,06:38:01,1,40.4189,-3.6919,650.0,Madrid_SQM_evol_UCM_Zenodo4633001,"sqm_msas=18.35,solar_dep=19.75deg,inflection_method"
fajr,2013-12-09,06:42:57,1,40.4189,-3.6919,650.0,Madrid_SQM_evol_UCM_Zenodo4633001,"sqm_msas=18.24,solar_dep=18.98deg,inflection_method"
fajr,2013-12-10,06:47:50,1,40.4189,-3.6919,650.0,Madrid_SQM_evol_UCM_Zenodo4633001,"sqm_msas=18.22,solar_dep=18.22deg,inflection_method"
fajr,2013-12-11,06:40:49,1,40.4189,-3.6919,650.0,Madrid_SQM_evol_UCM_Zenodo4633001,"sqm_msas=18.26,solar_dep=19.65deg,inflection_method"
fajr,2013-12-12,06:44:14,1,40.4189,-3.6919,650.0,Madrid_SQM_evol_UCM_Zenodo4633001,"sqm_msas=18.26,solar_dep=19.15deg,inflection_method"
fajr,2013-12-13,06:50:49,1,40.4189,-3.6919,650.0,Madrid_SQM_evol_UCM_Zenodo4633001,"sqm_msas=16.46,solar_dep=18.07deg,inflection_method"
fajr,2013-12-14,06:47:16,1,40.4189,-3.6919,650.0,Madrid_SQM_evol_UCM_Zenodo4633001,"sqm_msas=18.49,solar_dep=18.85deg,inflection_method"
fajr,2013-12-15,06:45:50,1,40.4189,-3.6919,650.0,Madrid_SQM_evol_UCM_Zenodo4633001,"sqm_msas=18.36,solar_dep=19.23deg,inflection_method"
isha,2013-12-19,19:39:09,1,40.4189,-3.6919,650.0,Madrid_SQM_evol_UCM_Zenodo4633001,"sqm_msas=15.99,solar_dep=19.88deg,inflection_method"
isha,2013-12-20,19:35:37,1,40.4189,-3.6919,650.0,Madrid_SQM_evol_UCM_Zenodo4633001,"sqm_msas=17.65,solar_dep=19.15deg,inflection_method"
isha,2013-12-21,19:34:55,1,40.4189,-3.6919,650.0,Madrid_SQM_evol_UCM_Zenodo4633001,"sqm_msas=15.97,solar_dep=18.93deg,inflection_method"
isha,2013-12-22,19:40:42,1,40.4189,-3.6919,650.0,Madrid_SQM_evol_UCM_Zenodo4633001,"sqm_msas=17.44,solar_dep=19.90deg,inflection_method"
isha,2013-12-23,19:32:57,1,40.4189,-3.6919,650.0,Madrid_SQM_evol_UCM_Zenodo4633001,"sqm_msas=16.40,solar_dep=18.38deg,inflection_method"
isha,2013-12-24,19:36:09,1,40.4189,-3.6919,650.0,Madrid_SQM_evol_UCM_Zenodo4633001,"sqm_msas=14.29,solar_dep=18.86deg,inflection_method"
isha,2013-12-25,19:34:14,1,40.4189,-3.6919,650.0,Madrid_SQM_evol_UCM_Zenodo4633001,"sqm_msas=18.06,solar_dep=18.40deg,inflection_method"
isha,2013-12-26,19:42:21,1,40.4189,-3.6919,650.0,Madrid_SQM_evol_UCM_Zenodo4633001,"sqm_msas=15.72,solar_dep=19.78deg,inflection_method"
isha,2013-12-27,19:35:21,1,40.4189,-3.6919,650.0,Madrid_SQM_evol_UCM_Zenodo4633001,"sqm_msas=14.42,solar_dep=18.38deg,inflection_method"
isha,2013-12-28,19:35:19,1,40.4189,-3.6919,650.0,Madrid_SQM_evol_UCM_Zenodo4633001,"sqm_msas=17.94,solar_dep=18.25deg,inflection_method"
isha,2013-12-29,19:38:46,1,40.4189,-3.6919,650.0,Madrid_SQM_evol_UCM_Zenodo4633001,"sqm_msas=17.99,solar_dep=18.76deg,inflection_method"
isha,2014-01-23,20:05:42,1,40.4189,-3.6919,650.0,Madrid_SQM_evol_UCM_Zenodo4633001,"sqm_msas=17.36,solar_dep=19.66deg,inflection_method"
fajr,2014-01-24,06:52:14,1,40.4189,-3.6919,650.0,Madrid_SQM_evol_UCM_Zenodo4633001,"sqm_msas=15.89,solar_dep=18.74deg,inflection_method"
isha,2014-01-24,20:03:00,1,40.4189,-3.6919,650.0,Madrid_SQM_evol_UCM_Zenodo4633001,"sqm_msas=14.88,solar_dep=18.96deg,inflection_method"
fajr,2014-01-25,06:50:56,1,40.4189,-3.6919,650.0,Madrid_SQM_evol_UCM_Zenodo4633001,"sqm_msas=15.74,solar_dep=18.88deg,inflection_method"
isha,2014-01-25,19:59:33,1,40.4189,-3.6919,650.0,Madrid_SQM_evol_UCM_Zenodo4633001,"sqm_msas=16.81,solar_dep=18.12deg,inflection_method"
isha,2014-01-28,20:09:17,1,40.4189,-3.6919,650.0,Madrid_SQM_evol_UCM_Zenodo4633001,"sqm_msas=17.79,solar_dep=19.36deg,inflection_method"
fajr,2014-01-29,06:44:37,1,40.4189,-3.6919,650.0,Madrid_SQM_evol_UCM_Zenodo4633001,"sqm_msas=15.16,solar_dep=19.60deg,inflection_method"
isha,2014-01-29,20:13:05,1,40.4189,-3.6919,650.0,Madrid_SQM_evol_UCM_Zenodo4633001,"sqm_msas=16.77,solar_dep=19.88deg,inflection_method"
fajr,2014-01-30,20:04:34,1,40.4189,-3.6919,650.0,Madrid_SQM_evol_UCM_Zenodo4633001,"sqm_msas=14.46,solar_dep=18.08deg,inflection_method"
isha,2014-01-30,20:14:22,1,40.4189,-3.6919,650.0,Madrid_SQM_evol_UCM_Zenodo4633001,"sqm_msas=15.30,solar_dep=19.93deg,inflection_method"
fajr,2014-01-31,06:46:12,1,40.4189,-3.6919,650.0,Madrid_SQM_evol_UCM_Zenodo4633001,"sqm_msas=14.82,solar_dep=19.03deg,inflection_method"
isha,2014-01-31,20:06:21,1,40.4189,-3.6919,650.0,Madrid_SQM_evol_UCM_Zenodo4633001,"sqm_msas=15.20,solar_dep=18.21deg,inflection_method"
fajr,2014-02-01,06:45:11,1,40.4189,-3.6919,650.0,Madrid_SQM_evol_UCM_Zenodo4633001,"sqm_msas=15.35,solar_dep=19.08deg,inflection_method"
isha,2014-02-01,20:06:50,1,40.4189,-3.6919,650.0,Madrid_SQM_evol_UCM_Zenodo4633001,"sqm_msas=17.84,solar_dep=18.11deg,inflection_method"
fajr,2014-02-02,06:43:34,1,40.4189,-3.6919,650.0,Madrid_SQM_evol_UCM_Zenodo4633001,"sqm_msas=18.27,solar_dep=19.23deg,inflection_method"
isha,2014-02-02,20:08:02,1,40.4189,-3.6919,650.0,Madrid_SQM_evol_UCM_Zenodo4633001,"sqm_msas=17.90,solar_dep=18.13deg,inflection_method"
fajr,2014-02-03,06:41:16,1,40.4189,-3.6919,650.0,Madrid_SQM_evol_UCM_Zenodo4633001,"sqm_msas=16.71,solar_dep=19.51deg,inflection_method"
isha,2014-02-03,20:14:17,1,40.4189,-3.6919,650.0,Madrid_SQM_evol_UCM_Zenodo4633001,"sqm_msas=17.69,solar_dep=19.11deg,inflection_method"
fajr,2014-02-04,06:47:33,1,40.4189,-3.6919,650.0,Madrid_SQM_evol_UCM_Zenodo4633001,"sqm_msas=14.81,solar_dep=18.16deg,inflection_method"
isha,2014-02-04,20:18:56,1,40.4189,-3.6919,650.0,Madrid_SQM_evol_UCM_Zenodo4633001,"sqm_msas=15.25,solar_dep=19.79deg,inflection_method"
fajr,2014-02-05,06:40:15,1,40.4189,-3.6919,650.0,Madrid_SQM_evol_UCM_Zenodo4633001,"sqm_msas=15.48,solar_dep=19.38deg,inflection_method"
isha,2014-02-05,20:11:13,1,40.4189,-3.6919,650.0,Madrid_SQM_evol_UCM_Zenodo4633001,"sqm_msas=17.61,solar_dep=18.13deg,inflection_method"
fajr,2014-02-06,06:41:39,1,40.4189,-3.6919,650.0,Madrid_SQM_evol_UCM_Zenodo4633001,"sqm_msas=15.22,solar_dep=18.94deg,inflection_method"
isha,2014-02-06,20:11:52,1,40.4189,-3.6919,650.0,Madrid_SQM_evol_UCM_Zenodo4633001,"sqm_msas=14.37,solar_dep=18.05deg,inflection_method"
fajr,2014-02-07,06:40:13,1,40.4189,-3.6919,650.0,Madrid_SQM_evol_UCM_Zenodo4633001,"sqm_msas=18.46,solar_dep=19.03deg,inflection_method"
isha,2014-02-07,20:13:24,1,40.4189,-3.6919,650.0,Madrid_SQM_evol_UCM_Zenodo4633001,"sqm_msas=14.38,solar_dep=18.13deg,inflection_method"
isha,2014-02-10,20:17:23,1,40.4189,-3.6919,650.0,Madrid_SQM_evol_UCM_Zenodo4633001,"sqm_msas=16.39,solar_dep=18.28deg,inflection_method"
fajr,2014-02-11,06:41:42,1,40.4189,-3.6919,650.0,Madrid_SQM_evol_UCM_Zenodo4633001,"sqm_msas=15.48,solar_dep=17.98deg,inflection_method"
isha,2014-02-11,20:17:45,1,40.4189,-3.6919,650.0,Madrid_SQM_evol_UCM_Zenodo4633001,"sqm_msas=16.76,solar_dep=18.14deg,inflection_method"
fajr,2014-02-12,06:34:11,1,40.4189,-3.6919,650.0,Madrid_SQM_evol_UCM_Zenodo4633001,"sqm_msas=15.01,solar_dep=19.20deg,inflection_method"
isha,2014-02-12,20:18:51,1,40.4189,-3.6919,650.0,Madrid_SQM_evol_UCM_Zenodo4633001,"sqm_msas=14.49,solar_dep=18.15deg,inflection_method"
fajr,2014-02-13,06:33:55,1,40.4189,-3.6919,650.0,Madrid_SQM_evol_UCM_Zenodo4633001,"sqm_msas=15.61,solar_dep=19.04deg,inflection_method"
isha,2014-02-13,20:19:36,1,40.4189,-3.6919,650.0,Madrid_SQM_evol_UCM_Zenodo4633001,"sqm_msas=17.40,solar_dep=18.09deg,inflection_method"
fajr,2014-02-14,06:31:09,1,40.4189,-3.6919,650.0,Madrid_SQM_evol_UCM_Zenodo4633001,"sqm_msas=15.61,solar_dep=19.35deg,inflection_method"
isha,2014-02-14,20:24:18,1,40.4189,-3.6919,650.0,Madrid_SQM_evol_UCM_Zenodo4633001,"sqm_msas=15.32,solar_dep=18.77deg,inflection_method"
fajr,2014-02-15,06:27:23,1,40.4189,-3.6919,650.0,Madrid_SQM_evol_UCM_Zenodo4633001,"sqm_msas=16.11,solar_dep=19.85deg,inflection_method"
isha,2014-02-15,20:21:57,1,40.4189,-3.6919,650.0,Madrid_SQM_evol_UCM_Zenodo4633001,"sqm_msas=14.67,solar_dep=18.12deg,inflection_method"
fajr,2014-02-16,06:34:10,1,40.4189,-3.6919,650.0,Madrid_SQM_evol_UCM_Zenodo4633001,"sqm_msas=15.74,solar_dep=18.33deg,inflection_method"
isha,2014-02-16,20:23:12,1,40.4189,-3.6919,650.0,Madrid_SQM_evol_UCM_Zenodo4633001,"sqm_msas=17.94,solar_dep=18.15deg,inflection_method"
fajr,2014-02-17,06:26:18,1,40.4189,-3.6919,650.0,Madrid_SQM_evol_UCM_Zenodo4633001,"sqm_msas=17.36,solar_dep=19.59deg,inflection_method"
isha,2014-02-17,20:23:51,1,40.4189,-3.6919,650.0,Madrid_SQM_evol_UCM_Zenodo4633001,"sqm_msas=15.49,solar_dep=18.07deg,inflection_method"
fajr,2014-02-18,06:26:17,1,40.4189,-3.6919,650.0,Madrid_SQM_evol_UCM_Zenodo4633001,"sqm_msas=15.23,solar_dep=19.36deg,inflection_method"
isha,2014-02-18,20:25:14,1,40.4189,-3.6919,650.0,Madrid_SQM_evol_UCM_Zenodo4633001,"sqm_msas=17.45,solar_dep=18.13deg,inflection_method"
fajr,2014-02-19,06:26:13,1,40.4189,-3.6919,650.0,Madrid_SQM_evol_UCM_Zenodo4633001,"sqm_msas=17.84,solar_dep=19.13deg,inflection_method"
isha,2014-02-19,20:30:53,1,40.4189,-3.6919,650.0,Madrid_SQM_evol_UCM_Zenodo4633001,"sqm_msas=17.67,solar_dep=19.00deg,inflection_method"
fajr,2014-02-20,06:29:47,1,40.4189,-3.6919,650.0,Madrid_SQM_evol_UCM_Zenodo4633001,"sqm_msas=17.86,solar_dep=18.21deg,inflection_method"
isha,2014-02-20,20:27:22,1,40.4189,-3.6919,650.0,Madrid_SQM_evol_UCM_Zenodo4633001,"sqm_msas=14.37,solar_dep=18.12deg,inflection_method"
fajr,2014-02-21,20:28:14,1,40.4189,-3.6919,650.0,Madrid_SQM_evol_UCM_Zenodo4633001,"sqm_msas=17.48,solar_dep=18.08deg,inflection_method"
isha,2014-02-21,20:38:02,1,40.4189,-3.6919,650.0,Madrid_SQM_evol_UCM_Zenodo4633001,"sqm_msas=17.24,solar_dep=19.94deg,inflection_method"
fajr,2014-02-22,06:18:46,1,40.4189,-3.6919,650.0,Madrid_SQM_evol_UCM_Zenodo4633001,"sqm_msas=18.19,solar_dep=19.81deg,inflection_method"
isha,2014-02-25,20:38:06,1,40.4189,-3.6919,650.0,Madrid_SQM_evol_UCM_Zenodo4633001,"sqm_msas=17.50,solar_dep=19.12deg,inflection_method"
fajr,2014-02-26,06:14:38,1,40.4189,-3.6919,650.0,Madrid_SQM_evol_UCM_Zenodo4633001,"sqm_msas=16.25,solar_dep=19.54deg,inflection_method"
isha,2014-02-26,20:37:12,1,40.4189,-3.6919,650.0,Madrid_SQM_evol_UCM_Zenodo4633001,"sqm_msas=17.68,solar_dep=18.74deg,inflection_method"
fajr,2014-02-27,06:18:36,1,40.4189,-3.6919,650.0,Madrid_SQM_evol_UCM_Zenodo4633001,"sqm_msas=15.43,solar_dep=18.51deg,inflection_method"
isha,2014-02-27,20:34:58,1,40.4189,-3.6919,650.0,Madrid_SQM_evol_UCM_Zenodo4633001,"sqm_msas=17.01,solar_dep=18.11deg,inflection_method"
fajr,2014-02-28,06:19:53,1,40.4189,-3.6919,650.0,Madrid_SQM_evol_UCM_Zenodo4633001,"sqm_msas=17.67,solar_dep=17.99deg,inflection_method"
isha,2014-02-28,20:36:14,1,40.4189,-3.6919,650.0,Madrid_SQM_evol_UCM_Zenodo4633001,"sqm_msas=17.36,solar_dep=18.14deg,inflection_method"
fajr,2014-03-01,06:08:33,1,40.4189,-3.6919,650.0,Madrid_SQM_evol_UCM_Zenodo4633001,"sqm_msas=16.27,solar_dep=19.86deg,inflection_method"
isha,2014-03-01,20:36:53,1,40.4189,-3.6919,650.0,Madrid_SQM_evol_UCM_Zenodo4633001,"sqm_msas=15.30,solar_dep=18.06deg,inflection_method"
fajr,2014-03-02,06:16:53,1,40.4189,-3.6919,650.0,Madrid_SQM_evol_UCM_Zenodo4633001,"sqm_msas=18.16,solar_dep=18.00deg,inflection_method"
isha,2014-03-02,20:38:14,1,40.4189,-3.6919,650.0,Madrid_SQM_evol_UCM_Zenodo4633001,"sqm_msas=14.56,solar_dep=18.10deg,inflection_method"
fajr,2014-03-03,06:12:39,1,40.4189,-3.6919,650.0,Madrid_SQM_evol_UCM_Zenodo4633001,"sqm_msas=17.05,solar_dep=18.52deg,inflection_method"
isha,2014-03-03,20:39:00,1,40.4189,-3.6919,650.0,Madrid_SQM_evol_UCM_Zenodo4633001,"sqm_msas=17.72,solar_dep=18.04deg,inflection_method"
fajr,2014-03-04,06:04:57,1,40.4189,-3.6919,650.0,Madrid_SQM_evol_UCM_Zenodo4633001,"sqm_msas=18.00,solar_dep=19.68deg,inflection_method"
isha,2014-03-04,20:40:44,1,40.4189,-3.6919,650.0,Madrid_SQM_evol_UCM_Zenodo4633001,"sqm_msas=14.37,solar_dep=18.16deg,inflection_method"
fajr,2014-03-05,06:06:42,1,40.4189,-3.6919,650.0,Madrid_SQM_evol_UCM_Zenodo4633001,"sqm_msas=18.37,solar_dep=19.06deg,inflection_method"
isha,2014-03-05,20:41:35,1,40.4189,-3.6919,650.0,Madrid_SQM_evol_UCM_Zenodo4633001,"sqm_msas=17.73,solar_dep=18.11deg,inflection_method"
fajr,2014-03-06,20:42:19,1,40.4189,-3.6919,650.0,Madrid_SQM_evol_UCM_Zenodo4633001,"sqm_msas=17.66,solar_dep=18.04deg,inflection_method"
isha,2014-03-06,20:47:55,1,40.4189,-3.6919,650.0,Madrid_SQM_evol_UCM_Zenodo4633001,"sqm_msas=17.56,solar_dep=19.09deg,inflection_method"
fajr,2014-03-07,06:00:35,1,40.4189,-3.6919,650.0,Madrid_SQM_evol_UCM_Zenodo4633001,"sqm_msas=18.15,solar_dep=19.61deg,inflection_method"
isha,2014-03-07,20:43:56,1,40.4189,-3.6919,650.0,Madrid_SQM_evol_UCM_Zenodo4633001,"sqm_msas=17.51,solar_dep=18.13deg,inflection_method"
fajr,2014-03-08,06:00:48,1,40.4189,-3.6919,650.0,Madrid_SQM_evol_UCM_Zenodo4633001,"sqm_msas=18.19,solar_dep=19.27deg,inflection_method"
isha,2014-03-08,20:44:57,1,40.4189,-3.6919,650.0,Madrid_SQM_evol_UCM_Zenodo4633001,"sqm_msas=17.54,solar_dep=18.11deg,inflection_method"
fajr,2014-03-09,05:56:55,1,40.4189,-3.6919,650.0,Madrid_SQM_evol_UCM_Zenodo4633001,"sqm_msas=18.29,solar_dep=19.69deg,inflection_method"
isha,2014-03-09,20:46:00,1,40.4189,-3.6919,650.0,Madrid_SQM_evol_UCM_Zenodo4633001,"sqm_msas=16.73,solar_dep=18.10deg,inflection_method"
fajr,2014-03-10,06:02:57,1,40.4189,-3.6919,650.0,Madrid_SQM_evol_UCM_Zenodo4633001,"sqm_msas=18.18,solar_dep=18.26deg,inflection_method"
isha,2014-03-10,20:47:12,1,40.4189,-3.6919,650.0,Madrid_SQM_evol_UCM_Zenodo4633001,"sqm_msas=15.75,solar_dep=18.11deg,inflection_method"
fajr,2014-03-11,05:52:52,1,40.4189,-3.6919,650.0,Madrid_SQM_evol_UCM_Zenodo4633001,"sqm_msas=18.31,solar_dep=19.83deg,inflection_method"
isha,2014-03-11,20:48:14,1,40.4189,-3.6919,650.0,Madrid_SQM_evol_UCM_Zenodo4633001,"sqm_msas=15.61,solar_dep=18.09deg,inflection_method"
fajr,2014-03-12,05:51:06,1,40.4189,-3.6919,650.0,Madrid_SQM_evol_UCM_Zenodo4633001,"sqm_msas=17.83,solar_dep=19.85deg,inflection_method"
isha,2014-03-12,20:49:06,1,40.4189,-3.6919,650.0,Madrid_SQM_evol_UCM_Zenodo4633001,"sqm_msas=16.38,solar_dep=18.04deg,inflection_method"
fajr,2014-03-13,05:49:30,1,40.4189,-3.6919,650.0,Madrid_SQM_evol_UCM_Zenodo4633001,"sqm_msas=17.92,solar_dep=19.83deg,inflection_method"
isha,2014-03-13,20:50:50,1,40.4189,-3.6919,650.0,Madrid_SQM_evol_UCM_Zenodo4633001,"sqm_msas=17.00,solar_dep=18.15deg,inflection_method"
fajr,2014-03-14,05:57:14,1,40.4189,-3.6919,650.0,Madrid_SQM_evol_UCM_Zenodo4633001,"sqm_msas=16.13,solar_dep=18.08deg,inflection_method"
isha,2014-03-14,20:51:39,1,40.4189,-3.6919,650.0,Madrid_SQM_evol_UCM_Zenodo4633001,"sqm_msas=17.14,solar_dep=18.09deg,inflection_method"
fajr,2014-03-15,05:48:56,1,40.4189,-3.6919,650.0,Madrid_SQM_evol_UCM_Zenodo4633001,"sqm_msas=17.85,solar_dep=19.30deg,inflection_method"
isha,2014-03-15,20:53:04,1,40.4189,-3.6919,650.0,Madrid_SQM_evol_UCM_Zenodo4633001,"sqm_msas=17.18,solar_dep=18.14deg,inflection_method"
fajr,2014-03-16,20:53:46,1,40.4189,-3.6919,650.0,Madrid_SQM_evol_UCM_Zenodo4633001,"sqm_msas=17.54,solar_dep=18.06deg,inflection_method"
isha,2014-03-16,20:59:22,1,40.4189,-3.6919,650.0,Madrid_SQM_evol_UCM_Zenodo4633001,"sqm_msas=17.51,solar_dep=19.09deg,inflection_method"
fajr,2014-03-17,05:43:21,1,40.4189,-3.6919,650.0,Madrid_SQM_evol_UCM_Zenodo4633001,"sqm_msas=17.92,solar_dep=19.69deg,inflection_method"
isha,2014-03-17,20:55:00,1,40.4189,-3.6919,650.0,Madrid_SQM_evol_UCM_Zenodo4633001,"sqm_msas=17.56,solar_dep=18.07deg,inflection_method"
fajr,2014-03-18,05:48:05,1,40.4189,-3.6919,650.0,Madrid_SQM_evol_UCM_Zenodo4633001,"sqm_msas=17.67,solar_dep=18.50deg,inflection_method"
isha,2014-03-18,20:56:17,1,40.4189,-3.6919,650.0,Madrid_SQM_evol_UCM_Zenodo4633001,"sqm_msas=17.32,solar_dep=18.10deg,inflection_method"
fajr,2014-03-19,05:40:23,1,40.4189,-3.6919,650.0,Madrid_SQM_evol_UCM_Zenodo4633001,"sqm_msas=16.52,solar_dep=19.59deg,inflection_method"
isha,2014-03-19,20:57:22,1,40.4189,-3.6919,650.0,Madrid_SQM_evol_UCM_Zenodo4633001,"sqm_msas=17.22,solar_dep=18.08deg,inflection_method"
fajr,2014-03-20,05:43:25,1,40.4189,-3.6919,650.0,Madrid_SQM_evol_UCM_Zenodo4633001,"sqm_msas=17.04,solar_dep=18.71deg,inflection_method"
isha,2014-03-20,20:58:42,1,40.4189,-3.6919,650.0,Madrid_SQM_evol_UCM_Zenodo4633001,"sqm_msas=15.16,solar_dep=18.11deg,inflection_method"
fajr,2014-03-21,05:40:34,1,40.4189,-3.6919,650.0,Madrid_SQM_evol_UCM_Zenodo4633001,"sqm_msas=15.82,solar_dep=18.91deg,inflection_method"
isha,2014-03-21,20:59:36,1,40.4189,-3.6919,650.0,Madrid_SQM_evol_UCM_Zenodo4633001,"sqm_msas=15.74,solar_dep=18.06deg,inflection_method"
fajr,2014-03-22,21:00:42,1,40.4189,-3.6919,650.0,Madrid_SQM_evol_UCM_Zenodo4633001,"sqm_msas=17.83,solar_dep=18.04deg,inflection_method"
isha,2014-03-22,21:02:06,1,40.4189,-3.6919,650.0,Madrid_SQM_evol_UCM_Zenodo4633001,"sqm_msas=17.82,solar_dep=18.30deg,inflection_method"
isha,2014-03-25,21:10:40,1,40.4189,-3.6919,650.0,Madrid_SQM_evol_UCM_Zenodo4633001,"sqm_msas=17.05,solar_dep=19.18deg,inflection_method"
fajr,2014-03-26,05:28:45,1,40.4189,-3.6919,650.0,Madrid_SQM_evol_UCM_Zenodo4633001,"sqm_msas=15.34,solar_dep=19.40deg,inflection_method"
isha,2014-03-26,21:05:43,1,40.4189,-3.6919,650.0,Madrid_SQM_evol_UCM_Zenodo4633001,"sqm_msas=16.34,solar_dep=18.08deg,inflection_method"
fajr,2014-03-27,05:30:45,1,40.4189,-3.6919,650.0,Madrid_SQM_evol_UCM_Zenodo4633001,"sqm_msas=18.36,solar_dep=18.71deg,inflection_method"
isha,2014-03-27,21:07:05,1,40.4189,-3.6919,650.0,Madrid_SQM_evol_UCM_Zenodo4633001,"sqm_msas=17.34,solar_dep=18.10deg,inflection_method"
fajr,2014-03-28,05:25:06,1,40.4189,-3.6919,650.0,Madrid_SQM_evol_UCM_Zenodo4633001,"sqm_msas=15.40,solar_dep=19.39deg,inflection_method"
isha,2014-03-28,21:08:25,1,40.4189,-3.6919,650.0,Madrid_SQM_evol_UCM_Zenodo4633001,"sqm_msas=16.21,solar_dep=18.12deg,inflection_method"
fajr,2014-03-29,05:29:15,1,40.4189,-3.6919,650.0,Madrid_SQM_evol_UCM_Zenodo4633001,"sqm_msas=14.85,solar_dep=18.32deg,inflection_method"
isha,2014-03-29,21:18:10,1,40.4189,-3.6919,650.0,Madrid_SQM_evol_UCM_Zenodo4633001,"sqm_msas=14.99,solar_dep=19.62deg,inflection_method"
fajr,2014-03-30,05:22:11,1,40.4189,-3.6919,650.0,Madrid_SQM_evol_UCM_Zenodo4633001,"sqm_msas=14.76,solar_dep=19.24deg,inflection_method"
isha,2014-03-30,21:10:30,1,40.4189,-3.6919,650.0,Madrid_SQM_evol_UCM_Zenodo4633001,"sqm_msas=17.51,solar_dep=18.05deg,inflection_method"
fajr,2014-03-31,05:18:43,1,40.4189,-3.6919,650.0,Madrid_SQM_evol_UCM_Zenodo4633001,"sqm_msas=15.94,solar_dep=19.52deg,inflection_method"
isha,2014-04-03,22:17:21,2,40.4189,-3.6919,650.0,Madrid_SQM_evol_UCM_Zenodo4633001,"sqm_msas=17.94,solar_dep=18.35deg,inflection_method"
fajr,2014-04-04,06:15:46,2,40.4189,-3.6919,650.0,Madrid_SQM_evol_UCM_Zenodo4633001,"sqm_msas=18.36,solar_dep=18.73deg,inflection_method"
isha,2014-04-04,22:17:14,2,40.4189,-3.6919,650.0,Madrid_SQM_evol_UCM_Zenodo4633001,"sqm_msas=14.62,solar_dep=18.11deg,inflection_method"
fajr,2014-04-05,06:12:10,2,40.4189,-3.6919,650.0,Madrid_SQM_evol_UCM_Zenodo4633001,"sqm_msas=15.50,solar_dep=19.02deg,inflection_method"
isha,2014-04-05,22:18:21,2,40.4189,-3.6919,650.0,Madrid_SQM_evol_UCM_Zenodo4633001,"sqm_msas=17.76,solar_dep=18.08deg,inflection_method"
isha,2014-04-07,22:30:11,2,40.4189,-3.6919,650.0,Madrid_SQM_evol_UCM_Zenodo4633001,"sqm_msas=17.10,solar_dep=19.63deg,inflection_method"
fajr,2014-04-08,06:10:24,2,40.4189,-3.6919,650.0,Madrid_SQM_evol_UCM_Zenodo4633001,"sqm_msas=18.24,solar_dep=18.35deg,inflection_method"
isha,2014-04-08,22:22:17,2,40.4189,-3.6919,650.0,Madrid_SQM_evol_UCM_Zenodo4633001,"sqm_msas=17.47,solar_dep=18.07deg,inflection_method"
fajr,2014-04-09,06:10:36,2,40.4189,-3.6919,650.0,Madrid_SQM_evol_UCM_Zenodo4633001,"sqm_msas=18.02,solar_dep=18.00deg,inflection_method"
isha,2014-04-09,22:23:58,2,40.4189,-3.6919,650.0,Madrid_SQM_evol_UCM_Zenodo4633001,"sqm_msas=15.85,solar_dep=18.13deg,inflection_method"
fajr,2014-04-10,05:59:17,2,40.4189,-3.6919,650.0,Madrid_SQM_evol_UCM_Zenodo4633001,"sqm_msas=17.07,solar_dep=19.58deg,inflection_method"
isha,2014-04-10,22:25:11,2,40.4189,-3.6919,650.0,Madrid_SQM_evol_UCM_Zenodo4633001,"sqm_msas=16.40,solar_dep=18.11deg,inflection_method"
fajr,2014-04-11,05:59:05,2,40.4189,-3.6919,650.0,Madrid_SQM_evol_UCM_Zenodo4633001,"sqm_msas=18.06,solar_dep=19.29deg,inflection_method"
isha,2014-04-11,22:26:33,2,40.4189,-3.6919,650.0,Madrid_SQM_evol_UCM_Zenodo4633001,"sqm_msas=17.05,solar_dep=18.11deg,inflection_method"
fajr,2014-04-12,05:59:03,2,40.4189,-3.6919,650.0,Madrid_SQM_evol_UCM_Zenodo4633001,"sqm_msas=18.01,solar_dep=18.98deg,inflection_method"
isha,2014-04-12,22:27:55,2,40.4189,-3.6919,650.0,Madrid_SQM_evol_UCM_Zenodo4633001,"sqm_msas=17.18,solar_dep=18.11deg,inflection_method"
fajr,2014-04-13,06:01:07,2,40.4189,-3.6919,650.0,Madrid_SQM_evol_UCM_Zenodo4633001,"sqm_msas=18.14,solar_dep=18.33deg,inflection_method"
isha,2014-04-13,22:29:20,2,40.4189,-3.6919,650.0,Madrid_SQM_evol_UCM_Zenodo4633001,"sqm_msas=17.34,solar_dep=18.12deg,inflection_method"
fajr,2014-04-14,05:54:07,2,40.4189,-3.6919,650.0,Madrid_SQM_evol_UCM_Zenodo4633001,"sqm_msas=17.91,solar_dep=19.16deg,inflection_method"
isha,2014-04-14,22:30:44,2,40.4189,-3.6919,650.0,Madrid_SQM_evol_UCM_Zenodo4633001,"sqm_msas=15.51,solar_dep=18.12deg,inflection_method"
fajr,2014-04-15,05:55:32,2,40.4189,-3.6919,650.0,Madrid_SQM_evol_UCM_Zenodo4633001,"sqm_msas=15.59,solar_dep=18.62deg,inflection_method"
isha,2014-04-15,22:32:10,2,40.4189,-3.6919,650.0,Madrid_SQM_evol_UCM_Zenodo4633001,"sqm_msas=17.65,solar_dep=18.12deg,inflection_method"
fajr,2014-04-16,05:47:09,2,40.4189,-3.6919,650.0,Madrid_SQM_evol_UCM_Zenodo4633001,"sqm_msas=17.78,solar_dep=19.66deg,inflection_method"
isha,2014-04-16,22:33:40,2,40.4189,-3.6919,650.0,Madrid_SQM_evol_UCM_Zenodo4633001,"sqm_msas=17.62,solar_dep=18.14deg,inflection_method"
fajr,2014-04-17,05:49:22,2,40.4189,-3.6919,650.0,Madrid_SQM_evol_UCM_Zenodo4633001,"sqm_msas=17.78,solar_dep=19.00deg,inflection_method"
isha,2014-04-17,22:35:04,2,40.4189,-3.6919,650.0,Madrid_SQM_evol_UCM_Zenodo4633001,"sqm_msas=18.12,solar_dep=18.14deg,inflection_method"
fajr,2014-04-18,05:49:24,2,40.4189,-3.6919,650.0,Madrid_SQM_evol_UCM_Zenodo4633001,"sqm_msas=17.99,solar_dep=18.69deg,inflection_method"
isha,2014-04-18,22:36:02,2,40.4189,-3.6919,650.0,Madrid_SQM_evol_UCM_Zenodo4633001,"sqm_msas=17.94,solar_dep=18.06deg,inflection_method"
fajr,2014-04-19,05:50:21,2,40.4189,-3.6919,650.0,Madrid_SQM_evol_UCM_Zenodo4633001,"sqm_msas=17.83,solar_dep=18.24deg,inflection_method"
isha,2014-04-19,22:37:48,2,40.4189,-3.6919,650.0,Madrid_SQM_evol_UCM_Zenodo4633001,"sqm_msas=17.12,solar_dep=18.12deg,inflection_method"
fajr,2014-04-20,05:46:29,2,40.4189,-3.6919,650.0,Madrid_SQM_evol_UCM_Zenodo4633001,"sqm_msas=16.31,solar_dep=18.56deg,inflection_method"
isha,2014-04-20,22:38:52,2,40.4189,-3.6919,650.0,Madrid_SQM_evol_UCM_Zenodo4633001,"sqm_msas=15.22,solar_dep=18.06deg,inflection_method"
fajr,2014-04-21,05:45:27,2,40.4189,-3.6919,650.0,Madrid_SQM_evol_UCM_Zenodo4633001,"sqm_msas=15.83,solar_dep=18.42deg,inflection_method"
isha,2014-04-21,22:40:43,2,40.4189,-3.6919,650.0,Madrid_SQM_evol_UCM_Zenodo4633001,"sqm_msas=15.66,solar_dep=18.12deg,inflection_method"
fajr,2014-04-22,05:34:43,2,40.4189,-3.6919,650.0,Madrid_SQM_evol_UCM_Zenodo4633001,"sqm_msas=18.39,solar_dep=19.79deg,inflection_method"
isha,2014-04-22,22:53:01,2,40.4189,-3.6919,650.0,Madrid_SQM_evol_UCM_Zenodo4633001,"sqm_msas=16.18,solar_dep=19.78deg,inflection_method"
fajr,2014-04-23,05:34:22,2,40.4189,-3.6919,650.0,Madrid_SQM_evol_UCM_Zenodo4633001,"sqm_msas=18.30,solar_dep=19.55deg,inflection_method"
isha,2014-04-23,22:43:30,2,40.4189,-3.6919,650.0,Madrid_SQM_evol_UCM_Zenodo4633001,"sqm_msas=16.76,solar_dep=18.10deg,inflection_method"
fajr,2014-04-24,05:33:16,2,40.4189,-3.6919,650.0,Madrid_SQM_evol_UCM_Zenodo4633001,"sqm_msas=16.21,solar_dep=19.43deg,inflection_method"
isha,2014-04-24,22:45:01,2,40.4189,-3.6919,650.0,Madrid_SQM_evol_UCM_Zenodo4633001,"sqm_msas=15.15,solar_dep=18.10deg,inflection_method"
fajr,2014-04-25,05:36:55,2,40.4189,-3.6919,650.0,Madrid_SQM_evol_UCM_Zenodo4633001,"sqm_msas=16.28,solar_dep=18.59deg,inflection_method"
isha,2014-04-25,22:47:05,2,40.4189,-3.6919,650.0,Madrid_SQM_evol_UCM_Zenodo4633001,"sqm_msas=15.76,solar_dep=18.19deg,inflection_method"
fajr,2014-04-26,05:33:21,2,40.4189,-3.6919,650.0,Madrid_SQM_evol_UCM_Zenodo4633001,"sqm_msas=15.77,solar_dep=18.85deg,inflection_method"
isha,2014-04-26,22:47:43,2,40.4189,-3.6919,650.0,Madrid_SQM_evol_UCM_Zenodo4633001,"sqm_msas=18.14,solar_dep=18.06deg,inflection_method"
fajr,2014-04-27,05:36:06,2,40.4189,-3.6919,650.0,Madrid_SQM_evol_UCM_Zenodo4633001,"sqm_msas=18.31,solar_dep=18.16deg,inflection_method"
isha,2014-04-27,22:49:45,2,40.4189,-3.6919,650.0,Madrid_SQM_evol_UCM_Zenodo4633001,"sqm_msas=16.39,solar_dep=18.14deg,inflection_method"
fajr,2014-04-28,05:35:20,2,40.4189,-3.6919,650.0,Madrid_SQM_evol_UCM_Zenodo4633001,"sqm_msas=17.64,solar_dep=18.01deg,inflection_method"
isha,2014-04-28,22:51:12,2,40.4189,-3.6919,650.0,Madrid_SQM_evol_UCM_Zenodo4633001,"sqm_msas=18.09,solar_dep=18.13deg,inflection_method"
fajr,2014-04-29,05:23:30,2,40.4189,-3.6919,650.0,Madrid_SQM_evol_UCM_Zenodo4633001,"sqm_msas=18.50,solar_dep=19.49deg,inflection_method"
isha,2014-04-29,22:52:40,2,40.4189,-3.6919,650.0,Madrid_SQM_evol_UCM_Zenodo4633001,"sqm_msas=18.00,solar_dep=18.13deg,inflection_method"
fajr,2014-04-30,05:24:57,2,40.4189,-3.6919,650.0,Madrid_SQM_evol_UCM_Zenodo4633001,"sqm_msas=18.31,solar_dep=19.01deg,inflection_method"
isha,2014-04-30,22:54:13,2,40.4189,-3.6919,650.0,Madrid_SQM_evol_UCM_Zenodo4633001,"sqm_msas=17.90,solar_dep=18.13deg,inflection_method"
fajr,2014-05-01,05:18:46,2,40.4189,-3.6919,650.0,Madrid_SQM_evol_UCM_Zenodo4633001,"sqm_msas=18.42,solar_dep=19.64deg,inflection_method"
isha,2014-05-01,22:55:09,2,40.4189,-3.6919,650.0,Madrid_SQM_evol_UCM_Zenodo4633001,"sqm_msas=16.90,solar_dep=18.05deg,inflection_method"
fajr,2014-05-02,05:19:43,2,40.4189,-3.6919,650.0,Madrid_SQM_evol_UCM_Zenodo4633001,"sqm_msas=18.41,solar_dep=19.24deg,inflection_method"
isha,2014-05-02,22:56:42,2,40.4189,-3.6919,650.0,Madrid_SQM_evol_UCM_Zenodo4633001,"sqm_msas=18.10,solar_dep=18.05deg,inflection_method"
fajr,2014-05-03,05:18:28,2,40.4189,-3.6919,650.0,Madrid_SQM_evol_UCM_Zenodo4633001,"sqm_msas=18.47,solar_dep=19.16deg,inflection_method"
isha,2014-05-03,23:01:51,2,40.4189,-3.6919,650.0,Madrid_SQM_evol_UCM_Zenodo4633001,"sqm_msas=18.12,solar_dep=18.57deg,inflection_method"
fajr,2014-05-04,05:12:25,2,40.4189,-3.6919,650.0,Madrid_SQM_evol_UCM_Zenodo4633001,"sqm_msas=18.47,solar_dep=19.76deg,inflection_method"
isha,2014-05-04,23:11:13,2,40.4189,-3.6919,650.0,Madrid_SQM_evol_UCM_Zenodo4633001,"sqm_msas=18.02,solar_dep=19.65deg,inflection_method"
fajr,2014-05-05,05:16:08,2,40.4189,-3.6919,650.0,Madrid_SQM_evol_UCM_Zenodo4633001,"sqm_msas=18.44,solar_dep=18.99deg,inflection_method"
isha,2014-05-05,23:03:06,2,40.4189,-3.6919,650.0,Madrid_SQM_evol_UCM_Zenodo4633001,"sqm_msas=17.62,solar_dep=18.31deg,inflection_method"
fajr,2014-05-06,05:19:16,2,40.4189,-3.6919,650.0,Madrid_SQM_evol_UCM_Zenodo4633001,"sqm_msas=18.15,solar_dep=18.31deg,inflection_method"
isha,2014-05-06,23:03:25,2,40.4189,-3.6919,650.0,Madrid_SQM_evol_UCM_Zenodo4633001,"sqm_msas=17.29,solar_dep=18.13deg,inflection_method"
fajr,2014-05-07,05:16:04,2,40.4189,-3.6919,650.0,Madrid_SQM_evol_UCM_Zenodo4633001,"sqm_msas=16.71,solar_dep=18.52deg,inflection_method"
isha,2014-05-07,23:04:23,2,40.4189,-3.6919,650.0,Madrid_SQM_evol_UCM_Zenodo4633001,"sqm_msas=16.52,solar_dep=18.05deg,inflection_method"
fajr,2014-05-08,05:12:50,2,40.4189,-3.6919,650.0,Madrid_SQM_evol_UCM_Zenodo4633001,"sqm_msas=18.21,solar_dep=18.74deg,inflection_method"
isha,2014-05-08,23:06:25,2,40.4189,-3.6919,650.0,Madrid_SQM_evol_UCM_Zenodo4633001,"sqm_msas=16.24,solar_dep=18.12deg,inflection_method"
fajr,2014-05-09,05:06:28,2,40.4189,-3.6919,650.0,Madrid_SQM_evol_UCM_Zenodo4633001,"sqm_msas=17.82,solar_dep=19.37deg,inflection_method"
isha,2014-05-09,23:07:34,2,40.4189,-3.6919,650.0,Madrid_SQM_evol_UCM_Zenodo4633001,"sqm_msas=17.59,solar_dep=18.07deg,inflection_method"
fajr,2014-05-10,05:06:54,2,40.4189,-3.6919,650.0,Madrid_SQM_evol_UCM_Zenodo4633001,"sqm_msas=17.92,solar_dep=19.08deg,inflection_method"
isha,2014-05-12,23:21:32,2,40.4189,-3.6919,650.0,Madrid_SQM_evol_UCM_Zenodo4633001,"sqm_msas=17.50,solar_dep=19.30deg,inflection_method"
fajr,2014-05-13,05:01:15,2,40.4189,-3.6919,650.0,Madrid_SQM_evol_UCM_Zenodo4633001,"sqm_msas=18.11,solar_dep=19.18deg,inflection_method"
isha,2014-05-13,23:13:52,2,40.4189,-3.6919,650.0,Madrid_SQM_evol_UCM_Zenodo4633001,"sqm_msas=17.62,solar_dep=18.10deg,inflection_method"
fajr,2014-05-14,05:07:37,2,40.4189,-3.6919,650.0,Madrid_SQM_evol_UCM_Zenodo4633001,"sqm_msas=18.03,solar_dep=18.14deg,inflection_method"
isha,2014-05-14,23:15:13,2,40.4189,-3.6919,650.0,Madrid_SQM_evol_UCM_Zenodo4633001,"sqm_msas=17.64,solar_dep=18.07deg,inflection_method"
fajr,2014-05-15,05:01:56,2,40.4189,-3.6919,650.0,Madrid_SQM_evol_UCM_Zenodo4633001,"sqm_msas=17.77,solar_dep=18.68deg,inflection_method"
isha,2014-05-16,23:32:48,2,40.4189,-3.6919,650.0,Madrid_SQM_evol_UCM_Zenodo4633001,"sqm_msas=18.08,solar_dep=19.90deg,inflection_method"
isha,2014-05-20,23:25:48,2,40.4189,-3.6919,650.0,Madrid_SQM_evol_UCM_Zenodo4633001,"sqm_msas=15.28,solar_dep=18.28deg,inflection_method"
isha,2014-05-21,23:26:40,2,40.4189,-3.6919,650.0,Madrid_SQM_evol_UCM_Zenodo4633001,"sqm_msas=18.43,solar_dep=18.21deg,inflection_method"
isha,2014-05-22,23:35:01,2,40.4189,-3.6919,650.0,Madrid_SQM_evol_UCM_Zenodo4633001,"sqm_msas=18.26,solar_dep=19.05deg,inflection_method"
isha,2014-05-23,23:38:04,2,40.4189,-3.6919,650.0,Madrid_SQM_evol_UCM_Zenodo4633001,"sqm_msas=16.26,solar_dep=19.23deg,inflection_method"
isha,2014-05-24,23:31:59,2,40.4189,-3.6919,650.0,Madrid_SQM_evol_UCM_Zenodo4633001,"sqm_msas=16.11,solar_dep=18.34deg,inflection_method"
isha,2014-05-25,23:35:42,2,40.4189,-3.6919,650.0,Madrid_SQM_evol_UCM_Zenodo4633001,"sqm_msas=17.95,solar_dep=18.62deg,inflection_method"
isha,2014-05-26,23:45:43,2,40.4189,-3.6919,650.0,Madrid_SQM_evol_UCM_Zenodo4633001,"sqm_msas=15.76,solar_dep=19.61deg,inflection_method"
isha,2014-05-27,23:42:33,2,40.4189,-3.6919,650.0,Madrid_SQM_evol_UCM_Zenodo4633001,"sqm_msas=17.53,solar_dep=19.09deg,inflection_method"
isha,2014-05-28,23:48:29,2,40.4189,-3.6919,650.0,Madrid_SQM_evol_UCM_Zenodo4633001,"sqm_msas=16.21,solar_dep=19.60deg,inflection_method"
isha,2014-05-29,23:45:21,2,40.4189,-3.6919,650.0,Madrid_SQM_evol_UCM_Zenodo4633001,"sqm_msas=16.80,solar_dep=19.10deg,inflection_method"
isha,2014-05-30,23:53:23,2,40.4189,-3.6919,650.0,Madrid_SQM_evol_UCM_Zenodo4633001,"sqm_msas=18.26,solar_dep=19.83deg,inflection_method"
isha,2014-05-31,23:46:49,2,40.4189,-3.6919,650.0,Madrid_SQM_evol_UCM_Zenodo4633001,"sqm_msas=14.73,solar_dep=18.98deg,inflection_method"
isha,2014-06-01,23:54:09,2,40.4189,-3.6919,650.0,Madrid_SQM_evol_UCM_Zenodo4633001,"sqm_msas=18.21,solar_dep=19.64deg,inflection_method"
isha,2014-06-02,23:56:37,2,40.4189,-3.6919,650.0,Madrid_SQM_evol_UCM_Zenodo4633001,"sqm_msas=18.23,solar_dep=19.77deg,inflection_method"
isha,2014-06-03,23:43:38,2,40.4189,-3.6919,650.0,Madrid_SQM_evol_UCM_Zenodo4633001,"sqm_msas=18.14,solar_dep=18.23deg,inflection_method"
isha,2014-06-04,23:56:34,2,40.4189,-3.6919,650.0,Madrid_SQM_evol_UCM_Zenodo4633001,"sqm_msas=18.22,solar_dep=19.51deg,inflection_method"
isha,2014-06-05,23:51:40,2,40.4189,-3.6919,650.0,Madrid_SQM_evol_UCM_Zenodo4633001,"sqm_msas=17.66,solar_dep=18.88deg,inflection_method"
isha,2014-06-06,23:48:41,2,40.4189,-3.6919,650.0,Madrid_SQM_evol_UCM_Zenodo4633001,"sqm_msas=16.73,solar_dep=18.45deg,inflection_method"
isha,2014-06-08,00:00:23,2,40.4189,-3.6919,650.0,Madrid_SQM_evol_UCM_Zenodo4633001,"sqm_msas=18.15,solar_dep=19.58deg,inflection_method"
isha,2014-06-09,00:05:05,2,40.4189,-3.6919,650.0,Madrid_SQM_evol_UCM_Zenodo4633001,"sqm_msas=17.84,solar_dep=19.95deg,inflection_method"
isha,2014-06-09,23:48:46,2,40.4189,-3.6919,650.0,Madrid_SQM_evol_UCM_Zenodo4633001,"sqm_msas=17.89,solar_dep=18.16deg,inflection_method"
isha,2014-06-11,00:03:17,2,40.4189,-3.6919,650.0,Madrid_SQM_evol_UCM_Zenodo4633001,"sqm_msas=17.73,solar_dep=19.59deg,inflection_method"
isha,2014-06-11,23:56:46,2,40.4189,-3.6919,650.0,Madrid_SQM_evol_UCM_Zenodo4633001,"sqm_msas=14.91,solar_dep=18.84deg,inflection_method"
isha,2014-06-13,00:05:20,2,40.4189,-3.6919,650.0,Madrid_SQM_evol_UCM_Zenodo4633001,"sqm_msas=14.63,solar_dep=19.64deg,inflection_method"
isha,2014-06-14,00:03:01,2,40.4189,-3.6919,650.0,Madrid_SQM_evol_UCM_Zenodo4633001,"sqm_msas=17.55,solar_dep=19.34deg,inflection_method"
isha,2014-06-15,00:08:27,2,40.4189,-3.6919,650.0,Madrid_SQM_evol_UCM_Zenodo4633001,"sqm_msas=18.02,solar_dep=19.81deg,inflection_method"
isha,2014-06-16,00:06:02,2,40.4189,-3.6919,650.0,Madrid_SQM_evol_UCM_Zenodo4633001,"sqm_msas=18.26,solar_dep=19.51deg,inflection_method"
isha,2014-06-16,23:56:35,2,40.4189,-3.6919,650.0,Madrid_SQM_evol_UCM_Zenodo4633001,"sqm_msas=18.21,solar_dep=18.50deg,inflection_method"
isha,2014-06-18,00:07:41,2,40.4189,-3.6919,650.0,Madrid_SQM_evol_UCM_Zenodo4633001,"sqm_msas=18.09,solar_dep=19.58deg,inflection_method"
isha,2014-06-20,00:11:22,2,40.4189,-3.6919,650.0,Madrid_SQM_evol_UCM_Zenodo4633001,"sqm_msas=15.69,solar_dep=19.86deg,inflection_method"
isha,2014-06-21,00:07:46,2,40.4189,-3.6919,650.0,Madrid_SQM_evol_UCM_Zenodo4633001,"sqm_msas=16.39,solar_dep=19.48deg,inflection_method"
isha,2014-06-22,00:02:45,2,40.4189,-3.6919,650.0,Madrid_SQM_evol_UCM_Zenodo4633001,"sqm_msas=18.31,solar_dep=18.96deg,inflection_method"
isha,2014-06-23,00:06:07,2,40.4189,-3.6919,650.0,Madrid_SQM_evol_UCM_Zenodo4633001,"sqm_msas=18.00,solar_dep=19.28deg,inflection_method"
isha,2014-06-24,00:08:07,2,40.4189,-3.6919,650.0,Madrid_SQM_evol_UCM_Zenodo4633001,"sqm_msas=16.33,solar_dep=19.47deg,inflection_method"
isha,2014-06-25,00:01:01,2,40.4189,-3.6919,650.0,Madrid_SQM_evol_UCM_Zenodo4633001,"sqm_msas=14.79,solar_dep=18.75deg,inflection_method"
isha,2014-06-25,23:56:00,2,40.4189,-3.6919,650.0,Madrid_SQM_evol_UCM_Zenodo4633001,"sqm_msas=17.70,solar_dep=18.23deg,inflection_method"
isha,2014-06-26,23:57:52,2,40.4189,-3.6919,650.0,Madrid_SQM_evol_UCM_Zenodo4633001,"sqm_msas=17.97,solar_dep=18.43deg,inflection_method"
isha,2014-06-27,23:57:45,2,40.4189,-3.6919,650.0,Madrid_SQM_evol_UCM_Zenodo4633001,"sqm_msas=18.32,solar_dep=18.43deg,inflection_method"
isha,2014-06-29,00:00:07,2,40.4189,-3.6919,650.0,Madrid_SQM_evol_UCM_Zenodo4633001,"sqm_msas=16.41,solar_dep=18.70deg,inflection_method"
isha,2014-06-30,00:03:21,2,40.4189,-3.6919,650.0,Madrid_SQM_evol_UCM_Zenodo4633001,"sqm_msas=18.30,solar_dep=19.07deg,inflection_method"
isha,2014-07-01,00:06:34,2,40.4189,-3.6919,650.0,Madrid_SQM_evol_UCM_Zenodo4633001,"sqm_msas=18.30,solar_dep=19.43deg,inflection_method"
isha,2014-07-01,23:55:47,2,40.4189,-3.6919,650.0,Madrid_SQM_evol_UCM_Zenodo4633001,"sqm_msas=18.11,solar_dep=18.34deg,inflection_method"
isha,2014-07-03,00:10:13,2,40.4189,-3.6919,650.0,Madrid_SQM_evol_UCM_Zenodo4633001,"sqm_msas=14.91,solar_dep=19.89deg,inflection_method"
isha,2014-07-04,00:02:54,2,40.4189,-3.6919,650.0,Madrid_SQM_evol_UCM_Zenodo4633001,"sqm_msas=14.59,solar_dep=19.20deg,inflection_method"
isha,2014-07-05,00:02:00,2,40.4189,-3.6919,650.0,Madrid_SQM_evol_UCM_Zenodo4633001,"sqm_msas=18.15,solar_dep=19.16deg,inflection_method"
isha,2014-07-05,23:57:35,2,40.4189,-3.6919,650.0,Madrid_SQM_evol_UCM_Zenodo4633001,"sqm_msas=18.16,solar_dep=18.76deg,inflection_method"
isha,2014-07-07,00:02:17,2,40.4189,-3.6919,650.0,Madrid_SQM_evol_UCM_Zenodo4633001,"sqm_msas=16.33,solar_dep=19.33deg,inflection_method"
isha,2014-07-08,00:01:22,2,40.4189,-3.6919,650.0,Madrid_SQM_evol_UCM_Zenodo4633001,"sqm_msas=18.10,solar_dep=19.31deg,inflection_method"
isha,2014-07-08,23:53:21,2,40.4189,-3.6919,650.0,Madrid_SQM_evol_UCM_Zenodo4633001,"sqm_msas=18.04,solar_dep=18.53deg,inflection_method"
isha,2014-07-10,00:03:33,2,40.4189,-3.6919,650.0,Madrid_SQM_evol_UCM_Zenodo4633001,"sqm_msas=18.04,solar_dep=19.72deg,inflection_method"
isha,2014-07-10,23:48:39,2,40.4189,-3.6919,650.0,Madrid_SQM_evol_UCM_Zenodo4633001,"sqm_msas=17.68,solar_dep=18.19deg,inflection_method"
isha,2014-07-11,23:55:21,2,40.4189,-3.6919,650.0,Madrid_SQM_evol_UCM_Zenodo4633001,"sqm_msas=17.62,solar_dep=19.04deg,inflection_method"
isha,2014-07-12,23:55:44,2,40.4189,-3.6919,650.0,Madrid_SQM_evol_UCM_Zenodo4633001,"sqm_msas=17.70,solar_dep=19.19deg,inflection_method"
isha,2014-07-13,23:49:02,2,40.4189,-3.6919,650.0,Madrid_SQM_evol_UCM_Zenodo4633001,"sqm_msas=17.86,solar_dep=18.55deg,inflection_method"
isha,2014-07-15,00:00:32,2,40.4189,-3.6919,650.0,Madrid_SQM_evol_UCM_Zenodo4633001,"sqm_msas=17.94,solar_dep=19.95deg,inflection_method"
isha,2014-07-15,23:54:29,2,40.4189,-3.6919,650.0,Madrid_SQM_evol_UCM_Zenodo4633001,"sqm_msas=17.92,solar_dep=19.42deg,inflection_method"
isha,2014-07-16,23:46:27,2,40.4189,-3.6919,650.0,Madrid_SQM_evol_UCM_Zenodo4633001,"sqm_msas=17.84,solar_dep=18.63deg,inflection_method"
isha,2014-07-17,23:40:52,2,40.4189,-3.6919,650.0,Madrid_SQM_evol_UCM_Zenodo4633001,"sqm_msas=17.80,solar_dep=18.10deg,inflection_method"
isha,2014-07-18,23:52:01,2,40.4189,-3.6919,650.0,Madrid_SQM_evol_UCM_Zenodo4633001,"sqm_msas=15.76,solar_dep=19.56deg,inflection_method"
fajr,2014-07-19,05:02:18,2,40.4189,-3.6919,650.0,Madrid_SQM_evol_UCM_Zenodo4633001,"sqm_msas=16.92,solar_dep=18.15deg,inflection_method"
isha,2014-07-19,23:44:31,2,40.4189,-3.6919,650.0,Madrid_SQM_evol_UCM_Zenodo4633001,"sqm_msas=16.36,solar_dep=18.83deg,inflection_method"
fajr,2014-07-20,05:04:37,2,40.4189,-3.6919,650.0,Madrid_SQM_evol_UCM_Zenodo4633001,"sqm_msas=18.46,solar_dep=18.03deg,inflection_method"
isha,2014-07-20,23:37:22,2,40.4189,-3.6919,650.0,Madrid_SQM_evol_UCM_Zenodo4633001,"sqm_msas=18.32,solar_dep=18.12deg,inflection_method"
fajr,2014-07-21,05:01:41,2,40.4189,-3.6919,650.0,Madrid_SQM_evol_UCM_Zenodo4633001,"sqm_msas=18.56,solar_dep=18.56deg,inflection_method"
isha,2014-07-21,23:36:07,2,40.4189,-3.6919,650.0,Madrid_SQM_evol_UCM_Zenodo4633001,"sqm_msas=18.28,solar_dep=18.13deg,inflection_method"
fajr,2014-07-22,05:06:03,2,40.4189,-3.6919,650.0,Madrid_SQM_evol_UCM_Zenodo4633001,"sqm_msas=18.51,solar_dep=18.19deg,inflection_method"
isha,2014-07-22,23:34:08,2,40.4189,-3.6919,650.0,Madrid_SQM_evol_UCM_Zenodo4633001,"sqm_msas=18.12,solar_dep=18.04deg,inflection_method"
fajr,2014-07-23,23:32:53,2,40.4189,-3.6919,650.0,Madrid_SQM_evol_UCM_Zenodo4633001,"sqm_msas=17.95,solar_dep=18.05deg,inflection_method"
isha,2014-07-23,23:37:47,2,40.4189,-3.6919,650.0,Madrid_SQM_evol_UCM_Zenodo4633001,"sqm_msas=17.98,solar_dep=18.67deg,inflection_method"
fajr,2014-07-24,05:04:10,2,40.4189,-3.6919,650.0,Madrid_SQM_evol_UCM_Zenodo4633001,"sqm_msas=18.25,solar_dep=18.78deg,inflection_method"
isha,2014-07-24,23:31:52,2,40.4189,-3.6919,650.0,Madrid_SQM_evol_UCM_Zenodo4633001,"sqm_msas=17.78,solar_dep=18.10deg,inflection_method"
fajr,2014-07-25,05:08:05,2,40.4189,-3.6919,650.0,Madrid_SQM_evol_UCM_Zenodo4633001,"sqm_msas=18.23,solar_dep=18.48deg,inflection_method"
isha,2014-07-25,23:30:28,2,40.4189,-3.6919,650.0,Madrid_SQM_evol_UCM_Zenodo4633001,"sqm_msas=17.87,solar_dep=18.10deg,inflection_method"
fajr,2014-07-26,05:08:48,2,40.4189,-3.6919,650.0,Madrid_SQM_evol_UCM_Zenodo4633001,"sqm_msas=18.11,solar_dep=18.57deg,inflection_method"
isha,2014-07-26,23:29:05,2,40.4189,-3.6919,650.0,Madrid_SQM_evol_UCM_Zenodo4633001,"sqm_msas=17.77,solar_dep=18.11deg,inflection_method"
fajr,2014-07-27,05:06:00,2,40.4189,-3.6919,650.0,Madrid_SQM_evol_UCM_Zenodo4633001,"sqm_msas=18.04,solar_dep=19.11deg,inflection_method"
isha,2014-07-27,23:27:40,2,40.4189,-3.6919,650.0,Madrid_SQM_evol_UCM_Zenodo4633001,"sqm_msas=17.67,solar_dep=18.12deg,inflection_method"
fajr,2014-07-28,05:10:11,2,40.4189,-3.6919,650.0,Madrid_SQM_evol_UCM_Zenodo4633001,"sqm_msas=18.11,solar_dep=18.77deg,inflection_method"
isha,2014-07-28,23:40:49,2,40.4189,-3.6919,650.0,Madrid_SQM_evol_UCM_Zenodo4633001,"sqm_msas=17.10,solar_dep=19.99deg,inflection_method"
fajr,2014-07-29,05:07:56,2,40.4189,-3.6919,650.0,Madrid_SQM_evol_UCM_Zenodo4633001,"sqm_msas=18.39,solar_dep=19.25deg,inflection_method"
isha,2014-07-29,23:24:35,2,40.4189,-3.6919,650.0,Madrid_SQM_evol_UCM_Zenodo4633001,"sqm_msas=18.25,solar_dep=18.11deg,inflection_method"
fajr,2014-07-30,05:18:17,2,40.4189,-3.6919,650.0,Madrid_SQM_evol_UCM_Zenodo4633001,"sqm_msas=18.48,solar_dep=18.11deg,inflection_method"
isha,2014-07-30,23:23:00,2,40.4189,-3.6919,650.0,Madrid_SQM_evol_UCM_Zenodo4633001,"sqm_msas=18.12,solar_dep=18.11deg,inflection_method"
fajr,2014-07-31,05:13:56,2,40.4189,-3.6919,650.0,Madrid_SQM_evol_UCM_Zenodo4633001,"sqm_msas=18.43,solar_dep=18.88deg,inflection_method"
isha,2014-07-31,23:21:28,2,40.4189,-3.6919,650.0,Madrid_SQM_evol_UCM_Zenodo4633001,"sqm_msas=16.98,solar_dep=18.11deg,inflection_method"
fajr,2014-08-01,05:20:06,2,40.4189,-3.6919,650.0,Madrid_SQM_evol_UCM_Zenodo4633001,"sqm_msas=18.16,solar_dep=18.26deg,inflection_method"
isha,2014-08-01,23:19:49,2,40.4189,-3.6919,650.0,Madrid_SQM_evol_UCM_Zenodo4633001,"sqm_msas=17.81,solar_dep=18.10deg,inflection_method"
fajr,2014-08-02,05:22:40,2,40.4189,-3.6919,650.0,Madrid_SQM_evol_UCM_Zenodo4633001,"sqm_msas=16.86,solar_dep=18.11deg,inflection_method"
isha,2014-08-02,23:18:11,2,40.4189,-3.6919,650.0,Madrid_SQM_evol_UCM_Zenodo4633001,"sqm_msas=18.23,solar_dep=18.10deg,inflection_method"
fajr,2014-08-03,05:12:37,2,40.4189,-3.6919,650.0,Madrid_SQM_evol_UCM_Zenodo4633001,"sqm_msas=18.42,solar_dep=19.66deg,inflection_method"
isha,2014-08-03,23:16:26,2,40.4189,-3.6919,650.0,Madrid_SQM_evol_UCM_Zenodo4633001,"sqm_msas=18.13,solar_dep=18.09deg,inflection_method"
fajr,2014-08-04,05:20:40,2,40.4189,-3.6919,650.0,Madrid_SQM_evol_UCM_Zenodo4633001,"sqm_msas=18.31,solar_dep=18.79deg,inflection_method"
isha,2014-08-04,23:14:41,2,40.4189,-3.6919,650.0,Madrid_SQM_evol_UCM_Zenodo4633001,"sqm_msas=17.97,solar_dep=18.07deg,inflection_method"
fajr,2014-08-05,23:12:57,2,40.4189,-3.6919,650.0,Madrid_SQM_evol_UCM_Zenodo4633001,"sqm_msas=17.84,solar_dep=18.07deg,inflection_method"
isha,2014-08-05,23:26:16,2,40.4189,-3.6919,650.0,Madrid_SQM_evol_UCM_Zenodo4633001,"sqm_msas=17.83,solar_dep=19.89deg,inflection_method"
fajr,2014-08-06,05:19:17,2,40.4189,-3.6919,650.0,Madrid_SQM_evol_UCM_Zenodo4633001,"sqm_msas=18.38,solar_dep=19.40deg,inflection_method"
isha,2014-08-06,23:22:20,2,40.4189,-3.6919,650.0,Madrid_SQM_evol_UCM_Zenodo4633001,"sqm_msas=17.96,solar_dep=19.60deg,inflection_method"
fajr,2014-08-07,05:17:26,2,40.4189,-3.6919,650.0,Madrid_SQM_evol_UCM_Zenodo4633001,"sqm_msas=18.50,solar_dep=19.86deg,inflection_method"
isha,2014-08-07,23:09:59,2,40.4189,-3.6919,650.0,Madrid_SQM_evol_UCM_Zenodo4633001,"sqm_msas=17.77,solar_dep=18.13deg,inflection_method"
fajr,2014-08-08,05:26:08,2,40.4189,-3.6919,650.0,Madrid_SQM_evol_UCM_Zenodo4633001,"sqm_msas=18.55,solar_dep=18.88deg,inflection_method"
isha,2014-08-08,23:08:06,2,40.4189,-3.6919,650.0,Madrid_SQM_evol_UCM_Zenodo4633001,"sqm_msas=17.78,solar_dep=18.11deg,inflection_method"
fajr,2014-08-09,05:20:45,2,40.4189,-3.6919,650.0,Madrid_SQM_evol_UCM_Zenodo4633001,"sqm_msas=18.20,solar_dep=19.84deg,inflection_method"
isha,2014-08-09,23:06:15,2,40.4189,-3.6919,650.0,Madrid_SQM_evol_UCM_Zenodo4633001,"sqm_msas=17.40,solar_dep=18.09deg,inflection_method"
fajr,2014-08-10,05:22:23,2,40.4189,-3.6919,650.0,Madrid_SQM_evol_UCM_Zenodo4633001,"sqm_msas=18.10,solar_dep=19.83deg,inflection_method"
isha,2014-08-10,23:04:23,2,40.4189,-3.6919,650.0,Madrid_SQM_evol_UCM_Zenodo4633001,"sqm_msas=17.54,solar_dep=18.08deg,inflection_method"
fajr,2014-08-11,05:33:09,2,40.4189,-3.6919,650.0,Madrid_SQM_evol_UCM_Zenodo4633001,"sqm_msas=17.86,solar_dep=18.52deg,inflection_method"
isha,2014-08-11,23:02:25,2,40.4189,-3.6919,650.0,Madrid_SQM_evol_UCM_Zenodo4633001,"sqm_msas=17.67,solar_dep=18.05deg,inflection_method"
fajr,2014-08-12,05:31:53,2,40.4189,-3.6919,650.0,Madrid_SQM_evol_UCM_Zenodo4633001,"sqm_msas=17.51,solar_dep=18.91deg,inflection_method"
isha,2014-08-12,23:01:06,2,40.4189,-3.6919,650.0,Madrid_SQM_evol_UCM_Zenodo4633001,"sqm_msas=18.00,solar_dep=18.12deg,inflection_method"
fajr,2014-08-13,22:58:59,2,40.4189,-3.6919,650.0,Madrid_SQM_evol_UCM_Zenodo4633001,"sqm_msas=18.14,solar_dep=18.07deg,inflection_method"
isha,2014-08-13,23:06:01,2,40.4189,-3.6919,650.0,Madrid_SQM_evol_UCM_Zenodo4633001,"sqm_msas=18.10,solar_dep=19.11deg,inflection_method"
fajr,2014-08-14,05:41:03,2,40.4189,-3.6919,650.0,Madrid_SQM_evol_UCM_Zenodo4633001,"sqm_msas=17.76,solar_dep=18.00deg,inflection_method"
isha,2014-08-14,22:56:58,2,40.4189,-3.6919,650.0,Madrid_SQM_evol_UCM_Zenodo4633001,"sqm_msas=18.13,solar_dep=18.04deg,inflection_method"
fajr,2014-08-15,05:41:50,2,40.4189,-3.6919,650.0,Madrid_SQM_evol_UCM_Zenodo4633001,"sqm_msas=17.09,solar_dep=18.10deg,inflection_method"
isha,2014-08-15,22:57:39,2,40.4189,-3.6919,650.0,Madrid_SQM_evol_UCM_Zenodo4633001,"sqm_msas=18.03,solar_dep=18.42deg,inflection_method"
fajr,2014-08-16,22:53:23,2,40.4189,-3.6919,650.0,Madrid_SQM_evol_UCM_Zenodo4633001,"sqm_msas=18.06,solar_dep=18.05deg,inflection_method"
isha,2014-08-16,23:00:23,2,40.4189,-3.6919,650.0,Madrid_SQM_evol_UCM_Zenodo4633001,"sqm_msas=18.07,solar_dep=19.11deg,inflection_method"
isha,2014-08-25,22:42:50,2,40.4189,-3.6919,650.0,Madrid_SQM_evol_UCM_Zenodo4633001,"sqm_msas=18.04,solar_dep=19.06deg,inflection_method"
fajr,2014-08-26,22:34:41,2,40.4189,-3.6919,650.0,Madrid_SQM_evol_UCM_Zenodo4633001,"sqm_msas=18.15,solar_dep=18.06deg,inflection_method"
isha,2014-08-26,22:35:23,2,40.4189,-3.6919,650.0,Madrid_SQM_evol_UCM_Zenodo4633001,"sqm_msas=18.17,solar_dep=18.17deg,inflection_method"
fajr,2014-08-27,05:50:22,2,40.4189,-3.6919,650.0,Madrid_SQM_evol_UCM_Zenodo4633001,"sqm_msas=18.59,solar_dep=19.40deg,inflection_method"
isha,2014-08-27,22:32:47,2,40.4189,-3.6919,650.0,Madrid_SQM_evol_UCM_Zenodo4633001,"sqm_msas=17.95,solar_dep=18.06deg,inflection_method"
fajr,2014-08-28,06:00:23,2,40.4189,-3.6919,650.0,Madrid_SQM_evol_UCM_Zenodo4633001,"sqm_msas=18.42,solar_dep=18.00deg,inflection_method"
isha,2014-08-28,22:31:16,2,40.4189,-3.6919,650.0,Madrid_SQM_evol_UCM_Zenodo4633001,"sqm_msas=17.95,solar_dep=18.12deg,inflection_method"
fajr,2014-08-29,05:53:59,2,40.4189,-3.6919,650.0,Madrid_SQM_evol_UCM_Zenodo4633001,"sqm_msas=17.30,solar_dep=19.26deg,inflection_method"
isha,2014-08-29,22:29:21,2,40.4189,-3.6919,650.0,Madrid_SQM_evol_UCM_Zenodo4633001,"sqm_msas=17.82,solar_dep=18.12deg,inflection_method"
fajr,2014-08-30,05:56:16,2,40.4189,-3.6919,650.0,Madrid_SQM_evol_UCM_Zenodo4633001,"sqm_msas=18.30,solar_dep=19.11deg,inflection_method"
isha,2014-08-30,22:27:20,2,40.4189,-3.6919,650.0,Madrid_SQM_evol_UCM_Zenodo4633001,"sqm_msas=17.90,solar_dep=18.10deg,inflection_method"
fajr,2014-08-31,06:01:15,2,40.4189,-3.6919,650.0,Madrid_SQM_evol_UCM_Zenodo4633001,"sqm_msas=18.01,solar_dep=18.51deg,inflection_method"
isha,2014-08-31,22:25:13,2,40.4189,-3.6919,650.0,Madrid_SQM_evol_UCM_Zenodo4633001,"sqm_msas=17.96,solar_dep=18.07deg,inflection_method"
fajr,2014-09-01,05:59:49,2,40.4189,-3.6919,650.0,Madrid_SQM_evol_UCM_Zenodo4633001,"sqm_msas=18.21,solar_dep=18.96deg,inflection_method"
isha,2014-09-01,22:23:49,2,40.4189,-3.6919,650.0,Madrid_SQM_evol_UCM_Zenodo4633001,"sqm_msas=17.76,solar_dep=18.15deg,inflection_method"
fajr,2014-09-02,06:00:32,2,40.4189,-3.6919,650.0,Madrid_SQM_evol_UCM_Zenodo4633001,"sqm_msas=18.28,solar_dep=19.06deg,inflection_method"
isha,2014-09-02,22:21:35,2,40.4189,-3.6919,650.0,Madrid_SQM_evol_UCM_Zenodo4633001,"sqm_msas=15.70,solar_dep=18.10deg,inflection_method"
fajr,2014-09-03,06:05:17,2,40.4189,-3.6919,650.0,Madrid_SQM_evol_UCM_Zenodo4633001,"sqm_msas=18.16,solar_dep=18.48deg,inflection_method"
isha,2014-09-03,22:19:22,2,40.4189,-3.6919,650.0,Madrid_SQM_evol_UCM_Zenodo4633001,"sqm_msas=17.85,solar_dep=18.05deg,inflection_method"
fajr,2014-09-04,06:04:27,2,40.4189,-3.6919,650.0,Madrid_SQM_evol_UCM_Zenodo4633001,"sqm_msas=18.51,solar_dep=18.84deg,inflection_method"
isha,2014-09-04,22:17:29,2,40.4189,-3.6919,650.0,Madrid_SQM_evol_UCM_Zenodo4633001,"sqm_msas=17.46,solar_dep=18.05deg,inflection_method"
fajr,2014-09-05,06:03:18,2,40.4189,-3.6919,650.0,Madrid_SQM_evol_UCM_Zenodo4633001,"sqm_msas=18.47,solar_dep=19.25deg,inflection_method"
isha,2014-09-05,22:15:52,2,40.4189,-3.6919,650.0,Madrid_SQM_evol_UCM_Zenodo4633001,"sqm_msas=17.67,solar_dep=18.10deg,inflection_method"
fajr,2014-09-06,06:07:58,2,40.4189,-3.6919,650.0,Madrid_SQM_evol_UCM_Zenodo4633001,"sqm_msas=17.79,solar_dep=18.67deg,inflection_method"
isha,2014-09-06,22:14:07,2,40.4189,-3.6919,650.0,Madrid_SQM_evol_UCM_Zenodo4633001,"sqm_msas=16.33,solar_dep=18.13deg,inflection_method"
fajr,2014-09-07,22:11:42,2,40.4189,-3.6919,650.0,Madrid_SQM_evol_UCM_Zenodo4633001,"sqm_msas=17.54,solar_dep=18.04deg,inflection_method"
isha,2014-09-07,22:14:30,2,40.4189,-3.6919,650.0,Madrid_SQM_evol_UCM_Zenodo4633001,"sqm_msas=17.41,solar_dep=18.52deg,inflection_method"
fajr,2014-09-08,06:10:06,2,40.4189,-3.6919,650.0,Madrid_SQM_evol_UCM_Zenodo4633001,"sqm_msas=17.82,solar_dep=18.73deg,inflection_method"
isha,2014-09-08,22:09:53,2,40.4189,-3.6919,650.0,Madrid_SQM_evol_UCM_Zenodo4633001,"sqm_msas=17.32,solar_dep=18.05deg,inflection_method"
fajr,2014-09-09,06:12:31,2,40.4189,-3.6919,650.0,Madrid_SQM_evol_UCM_Zenodo4633001,"sqm_msas=17.73,solar_dep=18.52deg,inflection_method"
isha,2014-09-09,22:08:03,2,40.4189,-3.6919,650.0,Madrid_SQM_evol_UCM_Zenodo4633001,"sqm_msas=17.51,solar_dep=18.07deg,inflection_method"
fajr,2014-09-10,22:06:08,2,40.4189,-3.6919,650.0,Madrid_SQM_evol_UCM_Zenodo4633001,"sqm_msas=17.30,solar_dep=18.06deg,inflection_method"
isha,2014-09-10,22:13:08,2,40.4189,-3.6919,650.0,Madrid_SQM_evol_UCM_Zenodo4633001,"sqm_msas=16.99,solar_dep=19.28deg,inflection_method"
fajr,2014-09-11,06:08:46,2,40.4189,-3.6919,650.0,Madrid_SQM_evol_UCM_Zenodo4633001,"sqm_msas=15.81,solar_dep=19.59deg,inflection_method"
isha,2014-09-11,22:04:45,2,40.4189,-3.6919,650.0,Madrid_SQM_evol_UCM_Zenodo4633001,"sqm_msas=17.83,solar_dep=18.15deg,inflection_method"
fajr,2014-09-12,06:10:54,2,40.4189,-3.6919,650.0,Madrid_SQM_evol_UCM_Zenodo4633001,"sqm_msas=17.53,solar_dep=19.44deg,inflection_method"
isha,2014-09-12,22:02:44,2,40.4189,-3.6919,650.0,Madrid_SQM_evol_UCM_Zenodo4633001,"sqm_msas=18.06,solar_dep=18.13deg,inflection_method"
fajr,2014-09-13,06:17:59,2,40.4189,-3.6919,650.0,Madrid_SQM_evol_UCM_Zenodo4633001,"sqm_msas=16.18,solar_dep=18.40deg,inflection_method"
isha,2014-09-13,22:00:44,2,40.4189,-3.6919,650.0,Madrid_SQM_evol_UCM_Zenodo4633001,"sqm_msas=18.04,solar_dep=18.11deg,inflection_method"
fajr,2014-09-14,21:58:36,2,40.4189,-3.6919,650.0,Madrid_SQM_evol_UCM_Zenodo4633001,"sqm_msas=18.20,solar_dep=18.06deg,inflection_method"
isha,2014-09-14,21:59:18,2,40.4189,-3.6919,650.0,Madrid_SQM_evol_UCM_Zenodo4633001,"sqm_msas=18.18,solar_dep=18.18deg,inflection_method"
fajr,2014-09-15,06:21:32,2,40.4189,-3.6919,650.0,Madrid_SQM_evol_UCM_Zenodo4633001,"sqm_msas=16.38,solar_dep=18.19deg,inflection_method"
isha,2014-09-15,21:57:09,2,40.4189,-3.6919,650.0,Madrid_SQM_evol_UCM_Zenodo4633001,"sqm_msas=18.02,solar_dep=18.13deg,inflection_method"
fajr,2014-09-16,06:13:48,2,40.4189,-3.6919,650.0,Madrid_SQM_evol_UCM_Zenodo4633001,"sqm_msas=16.29,solar_dep=19.77deg,inflection_method"
isha,2014-09-16,21:54:58,2,40.4189,-3.6919,650.0,Madrid_SQM_evol_UCM_Zenodo4633001,"sqm_msas=15.64,solar_dep=18.08deg,inflection_method"
fajr,2014-09-17,06:14:24,2,40.4189,-3.6919,650.0,Madrid_SQM_evol_UCM_Zenodo4633001,"sqm_msas=15.69,solar_dep=19.87deg,inflection_method"
isha,2014-09-17,21:53:23,2,40.4189,-3.6919,650.0,Madrid_SQM_evol_UCM_Zenodo4633001,"sqm_msas=17.95,solar_dep=18.12deg,inflection_method"
fajr,2014-09-18,06:18:24,2,40.4189,-3.6919,650.0,Madrid_SQM_evol_UCM_Zenodo4633001,"sqm_msas=16.36,solar_dep=19.37deg,inflection_method"
isha,2014-09-18,21:51:40,2,40.4189,-3.6919,650.0,Madrid_SQM_evol_UCM_Zenodo4633001,"sqm_msas=14.63,solar_dep=18.15deg,inflection_method"
isha,2014-09-19,21:50:47,2,40.4189,-3.6919,650.0,Madrid_SQM_evol_UCM_Zenodo4633001,"sqm_msas=15.26,solar_dep=18.32deg,inflection_method"
fajr,2014-09-20,06:26:20,2,40.4189,-3.6919,650.0,Madrid_SQM_evol_UCM_Zenodo4633001,"sqm_msas=17.43,solar_dep=18.35deg,inflection_method"
isha,2014-09-20,21:54:42,2,40.4189,-3.6919,650.0,Madrid_SQM_evol_UCM_Zenodo4633001,"sqm_msas=17.92,solar_dep=19.36deg,inflection_method"
fajr,2014-09-21,06:21:50,2,40.4189,-3.6919,650.0,Madrid_SQM_evol_UCM_Zenodo4633001,"sqm_msas=17.27,solar_dep=19.37deg,inflection_method"
isha,2014-09-21,21:48:42,2,40.4189,-3.6919,650.0,Madrid_SQM_evol_UCM_Zenodo4633001,"sqm_msas=14.71,solar_dep=18.60deg,inflection_method"
fajr,2014-09-22,06:25:39,2,40.4189,-3.6919,650.0,Madrid_SQM_evol_UCM_Zenodo4633001,"sqm_msas=18.51,solar_dep=18.88deg,inflection_method"
isha,2014-09-22,21:44:03,2,40.4189,-3.6919,650.0,Madrid_SQM_evol_UCM_Zenodo4633001,"sqm_msas=17.90,solar_dep=18.09deg,inflection_method"
fajr,2014-09-23,06:25:53,2,40.4189,-3.6919,650.0,Madrid_SQM_evol_UCM_Zenodo4633001,"sqm_msas=18.43,solar_dep=19.04deg,inflection_method"
isha,2014-09-23,21:42:10,2,40.4189,-3.6919,650.0,Madrid_SQM_evol_UCM_Zenodo4633001,"sqm_msas=17.96,solar_dep=18.07deg,inflection_method"
fajr,2014-09-24,06:28:14,2,40.4189,-3.6919,650.0,Madrid_SQM_evol_UCM_Zenodo4633001,"sqm_msas=14.66,solar_dep=18.82deg,inflection_method"
isha,2014-09-24,21:45:52,2,40.4189,-3.6919,650.0,Madrid_SQM_evol_UCM_Zenodo4633001,"sqm_msas=17.73,solar_dep=19.08deg,inflection_method"
fajr,2014-09-25,06:31:56,2,40.4189,-3.6919,650.0,Madrid_SQM_evol_UCM_Zenodo4633001,"sqm_msas=18.23,solar_dep=18.34deg,inflection_method"
isha,2014-09-25,21:39:06,2,40.4189,-3.6919,650.0,Madrid_SQM_evol_UCM_Zenodo4633001,"sqm_msas=17.87,solar_dep=18.16deg,inflection_method"
fajr,2014-09-26,06:33:34,2,40.4189,-3.6919,650.0,Madrid_SQM_evol_UCM_Zenodo4633001,"sqm_msas=16.20,solar_dep=18.24deg,inflection_method"
isha,2014-09-26,21:37:16,2,40.4189,-3.6919,650.0,Madrid_SQM_evol_UCM_Zenodo4633001,"sqm_msas=17.80,solar_dep=18.15deg,inflection_method"
fajr,2014-09-27,06:27:33,2,40.4189,-3.6919,650.0,Madrid_SQM_evol_UCM_Zenodo4633001,"sqm_msas=18.07,solar_dep=19.55deg,inflection_method"
isha,2014-09-27,21:35:12,2,40.4189,-3.6919,650.0,Madrid_SQM_evol_UCM_Zenodo4633001,"sqm_msas=16.17,solar_dep=18.09deg,inflection_method"
fajr,2014-09-28,06:31:05,2,40.4189,-3.6919,650.0,Madrid_SQM_evol_UCM_Zenodo4633001,"sqm_msas=15.13,solar_dep=19.10deg,inflection_method"
isha,2014-09-28,21:41:26,2,40.4189,-3.6919,650.0,Madrid_SQM_evol_UCM_Zenodo4633001,"sqm_msas=15.73,solar_dep=19.57deg,inflection_method"
fajr,2014-09-29,06:32:24,2,40.4189,-3.6919,650.0,Madrid_SQM_evol_UCM_Zenodo4633001,"sqm_msas=18.27,solar_dep=19.06deg,inflection_method"
isha,2014-09-29,21:31:30,2,40.4189,-3.6919,650.0,Madrid_SQM_evol_UCM_Zenodo4633001,"sqm_msas=17.70,solar_dep=18.05deg,inflection_method"
fajr,2014-09-30,06:37:52,2,40.4189,-3.6919,650.0,Madrid_SQM_evol_UCM_Zenodo4633001,"sqm_msas=18.29,solar_dep=18.25deg,inflection_method"
isha,2014-09-30,21:29:57,2,40.4189,-3.6919,650.0,Madrid_SQM_evol_UCM_Zenodo4633001,"sqm_msas=17.22,solar_dep=18.08deg,inflection_method"
fajr,2014-10-01,06:37:44,2,40.4189,-3.6919,650.0,Madrid_SQM_evol_UCM_Zenodo4633001,"sqm_msas=17.02,solar_dep=18.47deg,inflection_method"
isha,2014-10-01,21:28:33,2,40.4189,-3.6919,650.0,Madrid_SQM_evol_UCM_Zenodo4633001,"sqm_msas=17.68,solar_dep=18.14deg,inflection_method"
fajr,2014-10-02,06:31:24,2,40.4189,-3.6919,650.0,Madrid_SQM_evol_UCM_Zenodo4633001,"sqm_msas=15.52,solar_dep=19.84deg,inflection_method"
isha,2014-10-02,21:26:21,2,40.4189,-3.6919,650.0,Madrid_SQM_evol_UCM_Zenodo4633001,"sqm_msas=16.43,solar_dep=18.04deg,inflection_method"
fajr,2014-10-03,21:24:42,2,40.4189,-3.6919,650.0,Madrid_SQM_evol_UCM_Zenodo4633001,"sqm_msas=17.37,solar_dep=18.05deg,inflection_method"
isha,2014-10-03,21:31:42,2,40.4189,-3.6919,650.0,Madrid_SQM_evol_UCM_Zenodo4633001,"sqm_msas=17.33,solar_dep=19.36deg,inflection_method"
fajr,2014-10-04,06:34:34,2,40.4189,-3.6919,650.0,Madrid_SQM_evol_UCM_Zenodo4633001,"sqm_msas=16.85,solar_dep=19.65deg,inflection_method"
isha,2014-10-04,21:23:38,2,40.4189,-3.6919,650.0,Madrid_SQM_evol_UCM_Zenodo4633001,"sqm_msas=16.33,solar_dep=18.16deg,inflection_method"
fajr,2014-10-05,06:39:48,2,40.4189,-3.6919,650.0,Madrid_SQM_evol_UCM_Zenodo4633001,"sqm_msas=18.36,solar_dep=18.87deg,inflection_method"
isha,2014-10-05,21:21:52,2,40.4189,-3.6919,650.0,Madrid_SQM_evol_UCM_Zenodo4633001,"sqm_msas=17.40,solar_dep=18.14deg,inflection_method"
fajr,2014-10-06,06:36:38,2,40.4189,-3.6919,650.0,Madrid_SQM_evol_UCM_Zenodo4633001,"sqm_msas=18.23,solar_dep=19.66deg,inflection_method"
isha,2014-10-06,21:20:38,2,40.4189,-3.6919,650.0,Madrid_SQM_evol_UCM_Zenodo4633001,"sqm_msas=17.51,solar_dep=18.21deg,inflection_method"
fajr,2014-10-07,06:38:13,2,40.4189,-3.6919,650.0,Madrid_SQM_evol_UCM_Zenodo4633001,"sqm_msas=17.93,solar_dep=19.56deg,inflection_method"
isha,2014-10-07,21:18:41,2,40.4189,-3.6919,650.0,Madrid_SQM_evol_UCM_Zenodo4633001,"sqm_msas=17.31,solar_dep=18.15deg,inflection_method"
fajr,2014-10-08,06:37:38,2,40.4189,-3.6919,650.0,Madrid_SQM_evol_UCM_Zenodo4633001,"sqm_msas=16.20,solar_dep=19.87deg,inflection_method"
isha,2014-10-08,21:21:36,2,40.4189,-3.6919,650.0,Madrid_SQM_evol_UCM_Zenodo4633001,"sqm_msas=17.32,solar_dep=19.00deg,inflection_method"
fajr,2014-10-09,06:47:52,2,40.4189,-3.6919,650.0,Madrid_SQM_evol_UCM_Zenodo4633001,"sqm_msas=15.35,solar_dep=18.14deg,inflection_method"
isha,2014-10-09,21:19:58,2,40.4189,-3.6919,650.0,Madrid_SQM_evol_UCM_Zenodo4633001,"sqm_msas=15.22,solar_dep=18.99deg,inflection_method"
fajr,2014-10-10,06:44:31,2,40.4189,-3.6919,650.0,Madrid_SQM_evol_UCM_Zenodo4633001,"sqm_msas=15.20,solar_dep=18.97deg,inflection_method"
isha,2014-10-10,21:13:40,2,40.4189,-3.6919,650.0,Madrid_SQM_evol_UCM_Zenodo4633001,"sqm_msas=18.07,solar_dep=18.10deg,inflection_method"
fajr,2014-10-11,06:43:50,2,40.4189,-3.6919,650.0,Madrid_SQM_evol_UCM_Zenodo4633001,"sqm_msas=15.53,solar_dep=19.29deg,inflection_method"
isha,2014-10-11,21:14:13,2,40.4189,-3.6919,650.0,Madrid_SQM_evol_UCM_Zenodo4633001,"sqm_msas=14.77,solar_dep=18.50deg,inflection_method"
fajr,2014-10-12,06:42:18,2,40.4189,-3.6919,650.0,Madrid_SQM_evol_UCM_Zenodo4633001,"sqm_msas=17.67,solar_dep=19.78deg,inflection_method"
isha,2014-10-12,21:11:59,2,40.4189,-3.6919,650.0,Madrid_SQM_evol_UCM_Zenodo4633001,"sqm_msas=17.81,solar_dep=18.36deg,inflection_method"
fajr,2014-10-13,06:48:29,2,40.4189,-3.6919,650.0,Madrid_SQM_evol_UCM_Zenodo4633001,"sqm_msas=15.44,solar_dep=18.80deg,inflection_method"
isha,2014-10-13,21:08:53,2,40.4189,-3.6919,650.0,Madrid_SQM_evol_UCM_Zenodo4633001,"sqm_msas=14.57,solar_dep=18.06deg,inflection_method"
fajr,2014-10-14,06:46:45,2,40.4189,-3.6919,650.0,Madrid_SQM_evol_UCM_Zenodo4633001,"sqm_msas=15.31,solar_dep=19.33deg,inflection_method"
isha,2014-10-14,21:07:50,2,40.4189,-3.6919,650.0,Madrid_SQM_evol_UCM_Zenodo4633001,"sqm_msas=18.01,solar_dep=18.15deg,inflection_method"
fajr,2014-10-15,06:50:36,2,40.4189,-3.6919,650.0,Madrid_SQM_evol_UCM_Zenodo4633001,"sqm_msas=15.83,solar_dep=18.79deg,inflection_method"
isha,2014-10-15,21:06:07,2,40.4189,-3.6919,650.0,Madrid_SQM_evol_UCM_Zenodo4633001,"sqm_msas=14.78,solar_dep=18.10deg,inflection_method"
fajr,2014-10-16,06:54:30,2,40.4189,-3.6919,650.0,Madrid_SQM_evol_UCM_Zenodo4633001,"sqm_msas=14.76,solar_dep=18.25deg,inflection_method"
isha,2014-10-16,21:04:49,2,40.4189,-3.6919,650.0,Madrid_SQM_evol_UCM_Zenodo4633001,"sqm_msas=17.83,solar_dep=18.13deg,inflection_method"
fajr,2014-10-17,06:50:27,2,40.4189,-3.6919,650.0,Madrid_SQM_evol_UCM_Zenodo4633001,"sqm_msas=15.38,solar_dep=19.21deg,inflection_method"
isha,2014-10-17,21:03:07,2,40.4189,-3.6919,650.0,Madrid_SQM_evol_UCM_Zenodo4633001,"sqm_msas=17.95,solar_dep=18.08deg,inflection_method"
fajr,2014-10-18,06:57:48,2,40.4189,-3.6919,650.0,Madrid_SQM_evol_UCM_Zenodo4633001,"sqm_msas=18.30,solar_dep=18.01deg,inflection_method"
isha,2014-10-18,21:01:43,2,40.4189,-3.6919,650.0,Madrid_SQM_evol_UCM_Zenodo4633001,"sqm_msas=17.85,solar_dep=18.08deg,inflection_method"
fajr,2014-10-19,06:53:38,2,40.4189,-3.6919,650.0,Madrid_SQM_evol_UCM_Zenodo4633001,"sqm_msas=18.06,solar_dep=18.99deg,inflection_method"
isha,2014-10-19,21:00:34,2,40.4189,-3.6919,650.0,Madrid_SQM_evol_UCM_Zenodo4633001,"sqm_msas=17.03,solar_dep=18.12deg,inflection_method"
fajr,2014-10-20,20:58:44,2,40.4189,-3.6919,650.0,Madrid_SQM_evol_UCM_Zenodo4633001,"sqm_msas=17.51,solar_dep=18.03deg,inflection_method"
isha,2014-10-20,20:59:36,2,40.4189,-3.6919,650.0,Madrid_SQM_evol_UCM_Zenodo4633001,"sqm_msas=17.42,solar_dep=18.20deg,inflection_method"
fajr,2014-10-21,06:51:32,2,40.4189,-3.6919,650.0,Madrid_SQM_evol_UCM_Zenodo4633001,"sqm_msas=18.26,solar_dep=19.78deg,inflection_method"
isha,2014-10-21,20:57:57,2,40.4189,-3.6919,650.0,Madrid_SQM_evol_UCM_Zenodo4633001,"sqm_msas=17.38,solar_dep=18.14deg,inflection_method"
fajr,2014-10-22,20:56:20,2,40.4189,-3.6919,650.0,Madrid_SQM_evol_UCM_Zenodo4633001,"sqm_msas=17.86,solar_dep=18.08deg,inflection_method"
isha,2014-10-22,20:58:26,2,40.4189,-3.6919,650.0,Madrid_SQM_evol_UCM_Zenodo4633001,"sqm_msas=17.92,solar_dep=18.48deg,inflection_method"
fajr,2014-10-23,06:53:22,2,40.4189,-3.6919,650.0,Madrid_SQM_evol_UCM_Zenodo4633001,"sqm_msas=18.42,solar_dep=19.82deg,inflection_method"
isha,2014-10-23,20:55:11,2,40.4189,-3.6919,650.0,Madrid_SQM_evol_UCM_Zenodo4633001,"sqm_msas=17.30,solar_dep=18.11deg,inflection_method"
fajr,2014-10-24,07:01:48,2,40.4189,-3.6919,650.0,Madrid_SQM_evol_UCM_Zenodo4633001,"sqm_msas=17.73,solar_dep=18.41deg,inflection_method"
isha,2014-10-24,20:53:49,2,40.4189,-3.6919,650.0,Madrid_SQM_evol_UCM_Zenodo4633001,"sqm_msas=17.10,solar_dep=18.10deg,inflection_method"
fajr,2014-10-25,20:52:16,2,40.4189,-3.6919,650.0,Madrid_SQM_evol_UCM_Zenodo4633001,"sqm_msas=17.94,solar_dep=18.04deg,inflection_method"
isha,2014-10-25,20:52:58,2,40.4189,-3.6919,650.0,Madrid_SQM_evol_UCM_Zenodo4633001,"sqm_msas=17.89,solar_dep=18.17deg,inflection_method"
fajr,2014-10-26,07:05:09,2,40.4189,-3.6919,650.0,Madrid_SQM_evol_UCM_Zenodo4633001,"sqm_msas=18.32,solar_dep=18.17deg,inflection_method"
isha,2014-10-26,20:51:13,2,40.4189,-3.6919,650.0,Madrid_SQM_evol_UCM_Zenodo4633001,"sqm_msas=18.00,solar_dep=18.07deg,inflection_method"
fajr,2014-10-27,07:06:55,2,40.4189,-3.6919,650.0,Madrid_SQM_evol_UCM_Zenodo4633001,"sqm_msas=18.33,solar_dep=18.02deg,inflection_method"
isha,2014-10-27,20:50:08,2,40.4189,-3.6919,650.0,Madrid_SQM_evol_UCM_Zenodo4633001,"sqm_msas=17.69,solar_dep=18.10deg,inflection_method"
fajr,2014-10-28,07:04:34,2,40.4189,-3.6919,650.0,Madrid_SQM_evol_UCM_Zenodo4633001,"sqm_msas=18.26,solar_dep=18.66deg,inflection_method"
isha,2014-10-28,20:49:14,2,40.4189,-3.6919,650.0,Madrid_SQM_evol_UCM_Zenodo4633001,"sqm_msas=17.54,solar_dep=18.15deg,inflection_method"
fajr,2014-10-29,07:03:09,2,40.4189,-3.6919,650.0,Madrid_SQM_evol_UCM_Zenodo4633001,"sqm_msas=17.60,solar_dep=19.13deg,inflection_method"
isha,2014-10-29,20:57:34,2,40.4189,-3.6919,650.0,Madrid_SQM_evol_UCM_Zenodo4633001,"sqm_msas=17.53,solar_dep=19.95deg,inflection_method"
fajr,2014-10-30,07:03:30,2,40.4189,-3.6919,650.0,Madrid_SQM_evol_UCM_Zenodo4633001,"sqm_msas=18.28,solar_dep=19.25deg,inflection_method"
fajr,2014-10-31,07:03:53,2,40.4189,-3.6919,650.0,Madrid_SQM_evol_UCM_Zenodo4633001,"sqm_msas=18.28,solar_dep=19.38deg,inflection_method"
isha,2014-10-31,20:45:54,2,40.4189,-3.6919,650.0,Madrid_SQM_evol_UCM_Zenodo4633001,"sqm_msas=17.67,solar_dep=18.16deg,inflection_method"
fajr,2014-11-01,06:02:24,1,40.4189,-3.6919,650.0,Madrid_SQM_evol_UCM_Zenodo4633001,"sqm_msas=17.99,solar_dep=19.85deg,inflection_method"
isha,2014-11-01,19:44:48,1,40.4189,-3.6919,650.0,Madrid_SQM_evol_UCM_Zenodo4633001,"sqm_msas=17.51,solar_dep=18.15deg,inflection_method"
fajr,2014-11-02,19:43:16,1,40.4189,-3.6919,650.0,Madrid_SQM_evol_UCM_Zenodo4633001,"sqm_msas=14.86,solar_dep=18.06deg,inflection_method"
isha,2014-11-02,19:52:22,1,40.4189,-3.6919,650.0,Madrid_SQM_evol_UCM_Zenodo4633001,"sqm_msas=14.56,solar_dep=19.79deg,inflection_method"
fajr,2014-11-03,06:11:23,1,40.4189,-3.6919,650.0,Madrid_SQM_evol_UCM_Zenodo4633001,"sqm_msas=17.62,solar_dep=18.53deg,inflection_method"
isha,2014-11-03,19:42:44,1,40.4189,-3.6919,650.0,Madrid_SQM_evol_UCM_Zenodo4633001,"sqm_msas=14.52,solar_dep=18.15deg,inflection_method"
fajr,2014-11-04,06:09:47,1,40.4189,-3.6919,650.0,Madrid_SQM_evol_UCM_Zenodo4633001,"sqm_msas=15.66,solar_dep=19.02deg,inflection_method"
isha,2014-11-04,19:41:33,1,40.4189,-3.6919,650.0,Madrid_SQM_evol_UCM_Zenodo4633001,"sqm_msas=16.46,solar_dep=18.12deg,inflection_method"
fajr,2014-11-05,06:12:06,1,40.4189,-3.6919,650.0,Madrid_SQM_evol_UCM_Zenodo4633001,"sqm_msas=16.64,solar_dep=18.78deg,inflection_method"
isha,2014-11-05,19:40:41,1,40.4189,-3.6919,650.0,Madrid_SQM_evol_UCM_Zenodo4633001,"sqm_msas=17.35,solar_dep=18.13deg,inflection_method"
fajr,2014-11-06,06:09:09,1,40.4189,-3.6919,650.0,Madrid_SQM_evol_UCM_Zenodo4633001,"sqm_msas=16.07,solar_dep=19.53deg,inflection_method"
isha,2014-11-21,19:35:51,1,40.4189,-3.6919,650.0,Madrid_SQM_evol_UCM_Zenodo4633001,"sqm_msas=16.80,solar_dep=19.35deg,inflection_method"
fajr,2014-11-22,06:23:45,1,40.4189,-3.6919,650.0,Madrid_SQM_evol_UCM_Zenodo4633001,"sqm_msas=15.51,solar_dep=19.76deg,inflection_method"
isha,2014-11-22,19:37:06,1,40.4189,-3.6919,650.0,Madrid_SQM_evol_UCM_Zenodo4633001,"sqm_msas=15.05,solar_dep=19.66deg,inflection_method"
fajr,2014-11-23,06:31:46,1,40.4189,-3.6919,650.0,Madrid_SQM_evol_UCM_Zenodo4633001,"sqm_msas=15.38,solar_dep=18.44deg,inflection_method"
isha,2014-11-23,19:29:05,1,40.4189,-3.6919,650.0,Madrid_SQM_evol_UCM_Zenodo4633001,"sqm_msas=16.80,solar_dep=18.24deg,inflection_method"
isha,2014-11-24,19:38:07,1,40.4189,-3.6919,650.0,Madrid_SQM_evol_UCM_Zenodo4633001,"sqm_msas=14.90,solar_dep=19.99deg,inflection_method"
fajr,2014-11-25,06:34:24,1,40.4189,-3.6919,650.0,Madrid_SQM_evol_UCM_Zenodo4633001,"sqm_msas=18.07,solar_dep=18.30deg,inflection_method"
isha,2014-11-25,19:27:54,1,40.4189,-3.6919,650.0,Madrid_SQM_evol_UCM_Zenodo4633001,"sqm_msas=15.07,solar_dep=18.15deg,inflection_method"
fajr,2014-11-26,06:32:37,1,40.4189,-3.6919,650.0,Madrid_SQM_evol_UCM_Zenodo4633001,"sqm_msas=15.47,solar_dep=18.80deg,inflection_method"
isha,2014-11-26,19:27:31,1,40.4189,-3.6919,650.0,Madrid_SQM_evol_UCM_Zenodo4633001,"sqm_msas=17.67,solar_dep=18.13deg,inflection_method"
fajr,2014-11-27,06:37:08,1,40.4189,-3.6919,650.0,Madrid_SQM_evol_UCM_Zenodo4633001,"sqm_msas=14.72,solar_dep=18.14deg,inflection_method"
isha,2014-11-27,19:35:51,1,40.4189,-3.6919,650.0,Madrid_SQM_evol_UCM_Zenodo4633001,"sqm_msas=16.22,solar_dep=19.73deg,inflection_method"
fajr,2014-11-28,06:30:02,1,40.4189,-3.6919,650.0,Madrid_SQM_evol_UCM_Zenodo4633001,"sqm_msas=15.36,solar_dep=19.63deg,inflection_method"
isha,2014-11-28,19:26:44,1,40.4189,-3.6919,650.0,Madrid_SQM_evol_UCM_Zenodo4633001,"sqm_msas=15.17,solar_dep=18.08deg,inflection_method"
fajr,2014-11-29,06:39:29,1,40.4189,-3.6919,650.0,Madrid_SQM_evol_UCM_Zenodo4633001,"sqm_msas=15.41,solar_dep=18.04deg,inflection_method"
isha,2014-11-29,19:26:36,1,40.4189,-3.6919,650.0,Madrid_SQM_evol_UCM_Zenodo4633001,"sqm_msas=15.08,solar_dep=18.09deg,inflection_method"
fajr,2014-11-30,06:36:55,1,40.4189,-3.6919,650.0,Madrid_SQM_evol_UCM_Zenodo4633001,"sqm_msas=16.69,solar_dep=18.68deg,inflection_method"
isha,2014-11-30,19:26:43,1,40.4189,-3.6919,650.0,Madrid_SQM_evol_UCM_Zenodo4633001,"sqm_msas=15.19,solar_dep=18.15deg,inflection_method"
fajr,2014-12-01,06:32:07,1,40.4189,-3.6919,650.0,Madrid_SQM_evol_UCM_Zenodo4633001,"sqm_msas=18.51,solar_dep=19.74deg,inflection_method"
isha,2014-12-01,19:26:16,1,40.4189,-3.6919,650.0,Madrid_SQM_evol_UCM_Zenodo4633001,"sqm_msas=16.20,solar_dep=18.09deg,inflection_method"
fajr,2014-12-02,06:37:16,1,40.4189,-3.6919,650.0,Madrid_SQM_evol_UCM_Zenodo4633001,"sqm_msas=18.35,solar_dep=18.94deg,inflection_method"
isha,2014-12-02,19:26:23,1,40.4189,-3.6919,650.0,Madrid_SQM_evol_UCM_Zenodo4633001,"sqm_msas=17.27,solar_dep=18.13deg,inflection_method"
fajr,2014-12-03,19:25:43,1,40.4189,-3.6919,650.0,Madrid_SQM_evol_UCM_Zenodo4633001,"sqm_msas=16.91,solar_dep=18.02deg,inflection_method"
isha,2014-12-03,19:28:33,1,40.4189,-3.6919,650.0,Madrid_SQM_evol_UCM_Zenodo4633001,"sqm_msas=17.05,solar_dep=18.54deg,inflection_method"
fajr,2014-12-04,06:37:26,1,40.4189,-3.6919,650.0,Madrid_SQM_evol_UCM_Zenodo4633001,"sqm_msas=18.26,solar_dep=19.23deg,inflection_method"
isha,2014-12-04,19:32:15,1,40.4189,-3.6919,650.0,Madrid_SQM_evol_UCM_Zenodo4633001,"sqm_msas=14.80,solar_dep=19.23deg,inflection_method"
fajr,2014-12-05,06:36:13,1,40.4189,-3.6919,650.0,Madrid_SQM_evol_UCM_Zenodo4633001,"sqm_msas=18.17,solar_dep=19.60deg,inflection_method"
isha,2014-12-05,19:26:03,1,40.4189,-3.6919,650.0,Madrid_SQM_evol_UCM_Zenodo4633001,"sqm_msas=17.31,solar_dep=18.09deg,inflection_method"
isha,2014-12-06,19:35:57,1,40.4189,-3.6919,650.0,Madrid_SQM_evol_UCM_Zenodo4633001,"sqm_msas=16.30,solar_dep=19.91deg,inflection_method"
isha,2014-12-07,19:34:04,1,40.4189,-3.6919,650.0,Madrid_SQM_evol_UCM_Zenodo4633001,"sqm_msas=18.02,solar_dep=19.55deg,inflection_method"
isha,2014-12-08,19:27:25,1,40.4189,-3.6919,650.0,Madrid_SQM_evol_UCM_Zenodo4633001,"sqm_msas=18.07,solar_dep=18.31deg,inflection_method"
isha,2014-12-09,19:28:10,1,40.4189,-3.6919,650.0,Madrid_SQM_evol_UCM_Zenodo4633001,"sqm_msas=17.79,solar_dep=18.42deg,inflection_method"
isha,2014-12-10,19:36:50,1,40.4189,-3.6919,650.0,Madrid_SQM_evol_UCM_Zenodo4633001,"sqm_msas=17.78,solar_dep=19.99deg,inflection_method"
fajr,2014-12-11,06:40:31,1,40.4189,-3.6919,650.0,Madrid_SQM_evol_UCM_Zenodo4633001,"sqm_msas=17.83,solar_dep=19.67deg,inflection_method"
isha,2014-12-11,19:26:35,1,40.4189,-3.6919,650.0,Madrid_SQM_evol_UCM_Zenodo4633001,"sqm_msas=17.40,solar_dep=18.07deg,inflection_method"
fajr,2014-12-12,06:40:23,1,40.4189,-3.6919,650.0,Madrid_SQM_evol_UCM_Zenodo4633001,"sqm_msas=17.81,solar_dep=19.83deg,inflection_method"
isha,2014-12-12,19:26:52,1,40.4189,-3.6919,650.0,Madrid_SQM_evol_UCM_Zenodo4633001,"sqm_msas=17.61,solar_dep=18.08deg,inflection_method"
fajr,2014-12-13,06:48:57,1,40.4189,-3.6919,650.0,Madrid_SQM_evol_UCM_Zenodo4633001,"sqm_msas=16.11,solar_dep=18.38deg,inflection_method"
isha,2014-12-13,19:27:05,1,40.4189,-3.6919,650.0,Madrid_SQM_evol_UCM_Zenodo4633001,"sqm_msas=14.82,solar_dep=18.08deg,inflection_method"
isha,2014-12-14,19:35:34,1,40.4189,-3.6919,650.0,Madrid_SQM_evol_UCM_Zenodo4633001,"sqm_msas=15.30,solar_dep=19.59deg,inflection_method"
isha,2014-12-15,19:28:56,1,40.4189,-3.6919,650.0,Madrid_SQM_evol_UCM_Zenodo4633001,"sqm_msas=15.61,solar_dep=18.31deg,inflection_method"
isha,2014-12-16,19:27:46,1,40.4189,-3.6919,650.0,Madrid_SQM_evol_UCM_Zenodo4633001,"sqm_msas=17.84,solar_dep=18.03deg,inflection_method"
isha,2014-12-18,19:38:02,1,40.4189,-3.6919,650.0,Madrid_SQM_evol_UCM_Zenodo4633001,"sqm_msas=17.67,solar_dep=19.78deg,inflection_method"
isha,2014-12-19,19:35:28,1,40.4189,-3.6919,650.0,Madrid_SQM_evol_UCM_Zenodo4633001,"sqm_msas=17.68,solar_dep=19.23deg,inflection_method"
isha,2014-12-20,19:33:41,1,40.4189,-3.6919,650.0,Madrid_SQM_evol_UCM_Zenodo4633001,"sqm_msas=18.06,solar_dep=18.81deg,inflection_method"
isha,2014-12-21,19:33:29,1,40.4189,-3.6919,650.0,Madrid_SQM_evol_UCM_Zenodo4633001,"sqm_msas=18.10,solar_dep=18.69deg,inflection_method"
isha,2014-12-22,19:34:30,1,40.4189,-3.6919,650.0,Madrid_SQM_evol_UCM_Zenodo4633001,"sqm_msas=17.99,solar_dep=18.78deg,inflection_method"
isha,2014-12-23,19:39:25,1,40.4189,-3.6919,650.0,Madrid_SQM_evol_UCM_Zenodo4633001,"sqm_msas=17.89,solar_dep=19.59deg,inflection_method"
isha,2014-12-24,19:40:11,1,40.4189,-3.6919,650.0,Madrid_SQM_evol_UCM_Zenodo4633001,"sqm_msas=17.97,solar_dep=19.63deg,inflection_method"
isha,2014-12-25,19:42:03,1,40.4189,-3.6919,650.0,Madrid_SQM_evol_UCM_Zenodo4633001,"sqm_msas=17.80,solar_dep=19.87deg,inflection_method"
isha,2014-12-27,19:39:28,1,40.4189,-3.6919,650.0,Madrid_SQM_evol_UCM_Zenodo4633001,"sqm_msas=16.27,solar_dep=19.16deg,inflection_method"
isha,2014-12-28,19:37:56,1,40.4189,-3.6919,650.0,Madrid_SQM_evol_UCM_Zenodo4633001,"sqm_msas=17.91,solar_dep=18.76deg,inflection_method"
isha,2014-12-29,19:34:49,1,40.4189,-3.6919,650.0,Madrid_SQM_evol_UCM_Zenodo4633001,"sqm_msas=17.31,solar_dep=18.06deg,inflection_method"
isha,2014-12-30,19:41:44,1,40.4189,-3.6919,650.0,Madrid_SQM_evol_UCM_Zenodo4633001,"sqm_msas=16.63,solar_dep=19.21deg,inflection_method"
isha,2014-12-31,19:46:37,1,40.4189,-3.6919,650.0,Madrid_SQM_evol_UCM_Zenodo4633001,"sqm_msas=17.20,solar_dep=19.98deg,inflection_method"
isha,2015-01-01,19:47:12,1,40.4189,-3.6919,650.0,Madrid_SQM_evol_UCM_Zenodo4633001,"sqm_msas=17.40,solar_dep=19.95deg,inflection_method"
isha,2015-01-09,19:45:55,1,40.4189,-3.6919,650.0,Madrid_SQM_evol_UCM_Zenodo4633001,"sqm_msas=17.89,solar_dep=18.51deg,inflection_method"
isha,2015-01-10,19:47:19,1,40.4189,-3.6919,650.0,Madrid_SQM_evol_UCM_Zenodo4633001,"sqm_msas=17.98,solar_dep=18.61deg,inflection_method"
isha,2015-01-11,19:49:55,1,40.4189,-3.6919,650.0,Madrid_SQM_evol_UCM_Zenodo4633001,"sqm_msas=18.07,solar_dep=18.92deg,inflection_method"
isha,2015-01-12,19:51:37,1,40.4189,-3.6919,650.0,Madrid_SQM_evol_UCM_Zenodo4633001,"sqm_msas=17.62,solar_dep=19.07deg,inflection_method"
isha,2015-01-14,19:55:31,1,40.4189,-3.6919,650.0,Madrid_SQM_evol_UCM_Zenodo4633001,"sqm_msas=14.48,solar_dep=19.45deg,inflection_method"
isha,2015-01-15,19:54:27,1,40.4189,-3.6919,650.0,Madrid_SQM_evol_UCM_Zenodo4633001,"sqm_msas=14.52,solar_dep=19.07deg,inflection_method"
isha,2015-01-16,19:50:38,1,40.4189,-3.6919,650.0,Madrid_SQM_evol_UCM_Zenodo4633001,"sqm_msas=17.79,solar_dep=18.19deg,inflection_method"
isha,2015-01-18,20:00:53,1,40.4189,-3.6919,650.0,Madrid_SQM_evol_UCM_Zenodo4633001,"sqm_msas=14.78,solar_dep=19.73deg,inflection_method"
isha,2015-01-19,19:55:20,1,40.4189,-3.6919,650.0,Madrid_SQM_evol_UCM_Zenodo4633001,"sqm_msas=17.78,solar_dep=18.51deg,inflection_method"
isha,2015-01-20,19:57:51,1,40.4189,-3.6919,650.0,Madrid_SQM_evol_UCM_Zenodo4633001,"sqm_msas=17.61,solar_dep=18.80deg,inflection_method"
isha,2015-01-21,19:57:08,1,40.4189,-3.6919,650.0,Madrid_SQM_evol_UCM_Zenodo4633001,"sqm_msas=17.94,solar_dep=18.48deg,inflection_method"
isha,2015-01-22,19:58:47,1,40.4189,-3.6919,650.0,Madrid_SQM_evol_UCM_Zenodo4633001,"sqm_msas=17.81,solar_dep=18.60deg,inflection_method"
isha,2015-01-25,20:05:25,1,40.4189,-3.6919,650.0,Madrid_SQM_evol_UCM_Zenodo4633001,"sqm_msas=17.74,solar_dep=19.27deg,inflection_method"
isha,2015-01-26,20:01:08,1,40.4189,-3.6919,650.0,Madrid_SQM_evol_UCM_Zenodo4633001,"sqm_msas=15.44,solar_dep=18.27deg,inflection_method"
isha,2015-01-27,20:06:41,1,40.4189,-3.6919,650.0,Madrid_SQM_evol_UCM_Zenodo4633001,"sqm_msas=17.42,solar_dep=19.12deg,inflection_method"
isha,2015-01-28,20:09:34,1,40.4189,-3.6919,650.0,Madrid_SQM_evol_UCM_Zenodo4633001,"sqm_msas=15.82,solar_dep=19.46deg,inflection_method"
isha,2015-01-29,20:12:16,1,40.4189,-3.6919,650.0,Madrid_SQM_evol_UCM_Zenodo4633001,"sqm_msas=14.49,solar_dep=19.78deg,inflection_method"
isha,2015-01-30,20:13:00,1,40.4189,-3.6919,650.0,Madrid_SQM_evol_UCM_Zenodo4633001,"sqm_msas=14.61,solar_dep=19.72deg,inflection_method"
isha,2015-01-31,20:14:01,1,40.4189,-3.6919,650.0,Madrid_SQM_evol_UCM_Zenodo4633001,"sqm_msas=17.45,solar_dep=19.71deg,inflection_method"
isha,2015-02-02,20:10:21,1,40.4189,-3.6919,650.0,Madrid_SQM_evol_UCM_Zenodo4633001,"sqm_msas=14.55,solar_dep=18.62deg,inflection_method"
isha,2015-02-03,20:14:30,1,40.4189,-3.6919,650.0,Madrid_SQM_evol_UCM_Zenodo4633001,"sqm_msas=14.51,solar_dep=19.20deg,inflection_method"
isha,2015-02-04,20:12:41,1,40.4189,-3.6919,650.0,Madrid_SQM_evol_UCM_Zenodo4633001,"sqm_msas=15.16,solar_dep=18.66deg,inflection_method"
isha,2015-02-07,20:14:55,1,40.4189,-3.6919,650.0,Madrid_SQM_evol_UCM_Zenodo4633001,"sqm_msas=15.37,solar_dep=18.48deg,inflection_method"
isha,2015-02-08,20:17:04,1,40.4189,-3.6919,650.0,Madrid_SQM_evol_UCM_Zenodo4633001,"sqm_msas=17.99,solar_dep=18.68deg,inflection_method"
isha,2015-02-10,20:17:59,1,40.4189,-3.6919,650.0,Madrid_SQM_evol_UCM_Zenodo4633001,"sqm_msas=14.48,solar_dep=18.45deg,inflection_method"
isha,2015-02-11,20:20:32,1,40.4189,-3.6919,650.0,Madrid_SQM_evol_UCM_Zenodo4633001,"sqm_msas=14.79,solar_dep=18.73deg,inflection_method"
isha,2015-02-12,20:23:32,1,40.4189,-3.6919,650.0,Madrid_SQM_evol_UCM_Zenodo4633001,"sqm_msas=15.63,solar_dep=19.09deg,inflection_method"
isha,2015-02-13,20:28:24,1,40.4189,-3.6919,650.0,Madrid_SQM_evol_UCM_Zenodo4633001,"sqm_msas=15.00,solar_dep=19.81deg,inflection_method"
isha,2015-02-14,20:22:20,1,40.4189,-3.6919,650.0,Madrid_SQM_evol_UCM_Zenodo4633001,"sqm_msas=16.28,solar_dep=18.45deg,inflection_method"
isha,2015-02-16,20:31:13,1,40.4189,-3.6919,650.0,Madrid_SQM_evol_UCM_Zenodo4633001,"sqm_msas=16.11,solar_dep=19.73deg,inflection_method"
isha,2015-02-17,20:26:22,1,40.4189,-3.6919,650.0,Madrid_SQM_evol_UCM_Zenodo4633001,"sqm_msas=17.78,solar_dep=18.60deg,inflection_method"
isha,2015-02-18,20:30:30,1,40.4189,-3.6919,650.0,Madrid_SQM_evol_UCM_Zenodo4633001,"sqm_msas=15.74,solar_dep=19.18deg,inflection_method"
isha,2015-02-21,20:35:30,1,40.4189,-3.6919,650.0,Madrid_SQM_evol_UCM_Zenodo4633001,"sqm_msas=17.52,solar_dep=19.51deg,inflection_method"
isha,2015-02-22,20:33:09,1,40.4189,-3.6919,650.0,Madrid_SQM_evol_UCM_Zenodo4633001,"sqm_msas=17.81,solar_dep=18.85deg,inflection_method"
isha,2015-02-23,20:32:02,1,40.4189,-3.6919,650.0,Madrid_SQM_evol_UCM_Zenodo4633001,"sqm_msas=17.70,solar_dep=18.44deg,inflection_method"
isha,2015-02-24,20:33:29,1,40.4189,-3.6919,650.0,Madrid_SQM_evol_UCM_Zenodo4633001,"sqm_msas=17.73,solar_dep=18.50deg,inflection_method"
isha,2015-02-25,20:40:41,1,40.4189,-3.6919,650.0,Madrid_SQM_evol_UCM_Zenodo4633001,"sqm_msas=17.54,solar_dep=19.66deg,inflection_method"
isha,2015-03-09,20:51:20,1,40.4189,-3.6919,650.0,Madrid_SQM_evol_UCM_Zenodo4633001,"sqm_msas=17.73,solar_dep=19.15deg,inflection_method"
isha,2015-03-10,20:50:26,1,40.4189,-3.6919,650.0,Madrid_SQM_evol_UCM_Zenodo4633001,"sqm_msas=17.81,solar_dep=18.77deg,inflection_method"
isha,2015-03-11,20:51:49,1,40.4189,-3.6919,650.0,Madrid_SQM_evol_UCM_Zenodo4633001,"sqm_msas=16.76,solar_dep=18.82deg,inflection_method"
isha,2015-03-12,20:55:13,1,40.4189,-3.6919,650.0,Madrid_SQM_evol_UCM_Zenodo4633001,"sqm_msas=17.27,solar_dep=19.24deg,inflection_method"
isha,2015-03-13,20:49:58,1,40.4189,-3.6919,650.0,Madrid_SQM_evol_UCM_Zenodo4633001,"sqm_msas=17.84,solar_dep=18.05deg,inflection_method"
isha,2015-03-14,20:53:50,1,40.4189,-3.6919,650.0,Madrid_SQM_evol_UCM_Zenodo4633001,"sqm_msas=18.00,solar_dep=18.55deg,inflection_method"
isha,2015-03-15,20:53:15,1,40.4189,-3.6919,650.0,Madrid_SQM_evol_UCM_Zenodo4633001,"sqm_msas=14.72,solar_dep=18.23deg,inflection_method"
isha,2015-03-16,21:00:41,1,40.4189,-3.6919,650.0,Madrid_SQM_evol_UCM_Zenodo4633001,"sqm_msas=17.64,solar_dep=19.39deg,inflection_method"
isha,2015-03-17,21:03:06,1,40.4189,-3.6919,650.0,Madrid_SQM_evol_UCM_Zenodo4633001,"sqm_msas=16.63,solar_dep=19.61deg,inflection_method"
isha,2015-03-18,21:02:56,1,40.4189,-3.6919,650.0,Madrid_SQM_evol_UCM_Zenodo4633001,"sqm_msas=14.83,solar_dep=19.37deg,inflection_method"
isha,2015-03-19,21:00:51,1,40.4189,-3.6919,650.0,Madrid_SQM_evol_UCM_Zenodo4633001,"sqm_msas=16.29,solar_dep=18.77deg,inflection_method"
isha,2015-03-20,21:07:41,1,40.4189,-3.6919,650.0,Madrid_SQM_evol_UCM_Zenodo4633001,"sqm_msas=14.90,solar_dep=19.79deg,inflection_method"
isha,2015-03-21,21:01:37,1,40.4189,-3.6919,650.0,Madrid_SQM_evol_UCM_Zenodo4633001,"sqm_msas=15.00,solar_dep=18.48deg,inflection_method"
isha,2015-03-22,21:03:25,1,40.4189,-3.6919,650.0,Madrid_SQM_evol_UCM_Zenodo4633001,"sqm_msas=15.75,solar_dep=18.58deg,inflection_method"
isha,2015-03-23,21:10:30,1,40.4189,-3.6919,650.0,Madrid_SQM_evol_UCM_Zenodo4633001,"sqm_msas=14.76,solar_dep=19.64deg,inflection_method"
isha,2015-03-24,21:09:00,1,40.4189,-3.6919,650.0,Madrid_SQM_evol_UCM_Zenodo4633001,"sqm_msas=14.95,solar_dep=19.15deg,inflection_method"
isha,2015-03-25,21:06:41,1,40.4189,-3.6919,650.0,Madrid_SQM_evol_UCM_Zenodo4633001,"sqm_msas=17.87,solar_dep=18.52deg,inflection_method"
isha,2015-03-26,21:12:16,1,40.4189,-3.6919,650.0,Madrid_SQM_evol_UCM_Zenodo4633001,"sqm_msas=16.22,solar_dep=19.30deg,inflection_method"
isha,2015-03-27,21:10:16,1,40.4189,-3.6919,650.0,Madrid_SQM_evol_UCM_Zenodo4633001,"sqm_msas=17.66,solar_dep=18.72deg,inflection_method"
isha,2015-03-28,21:14:22,1,40.4189,-3.6919,650.0,Madrid_SQM_evol_UCM_Zenodo4633001,"sqm_msas=16.83,solar_dep=19.22deg,inflection_method"
isha,2015-03-29,21:18:49,1,40.4189,-3.6919,650.0,Madrid_SQM_evol_UCM_Zenodo4633001,"sqm_msas=16.44,solar_dep=19.78deg,inflection_method"
isha,2015-03-30,21:15:03,1,40.4189,-3.6919,650.0,Madrid_SQM_evol_UCM_Zenodo4633001,"sqm_msas=16.28,solar_dep=18.90deg,inflection_method"
isha,2015-04-06,22:22:43,2,40.4189,-3.6919,650.0,Madrid_SQM_evol_UCM_Zenodo4633001,"sqm_msas=17.49,solar_dep=18.65deg,inflection_method"
isha,2015-04-07,22:24:49,2,40.4189,-3.6919,650.0,Madrid_SQM_evol_UCM_Zenodo4633001,"sqm_msas=17.86,solar_dep=18.78deg,inflection_method"
isha,2015-04-08,22:25:52,2,40.4189,-3.6919,650.0,Madrid_SQM_evol_UCM_Zenodo4633001,"sqm_msas=15.38,solar_dep=18.73deg,inflection_method"
isha,2015-04-09,22:27:44,2,40.4189,-3.6919,650.0,Madrid_SQM_evol_UCM_Zenodo4633001,"sqm_msas=14.58,solar_dep=18.82deg,inflection_method"
isha,2015-04-10,22:29:59,2,40.4189,-3.6919,650.0,Madrid_SQM_evol_UCM_Zenodo4633001,"sqm_msas=16.27,solar_dep=18.96deg,inflection_method"
isha,2015-04-11,22:27:45,2,40.4189,-3.6919,650.0,Madrid_SQM_evol_UCM_Zenodo4633001,"sqm_msas=14.70,solar_dep=18.37deg,inflection_method"
isha,2015-04-12,22:30:39,2,40.4189,-3.6919,650.0,Madrid_SQM_evol_UCM_Zenodo4633001,"sqm_msas=17.28,solar_dep=18.62deg,inflection_method"
isha,2015-04-13,22:30:26,2,40.4189,-3.6919,650.0,Madrid_SQM_evol_UCM_Zenodo4633001,"sqm_msas=16.29,solar_dep=18.35deg,inflection_method"
fajr,2015-04-14,22:31:55,2,40.4189,-3.6919,650.0,Madrid_SQM_evol_UCM_Zenodo4633001,"sqm_msas=16.95,solar_dep=18.37deg,inflection_method"
isha,2015-04-14,22:37:26,2,40.4189,-3.6919,650.0,Madrid_SQM_evol_UCM_Zenodo4633001,"sqm_msas=16.29,solar_dep=19.26deg,inflection_method"
isha,2015-04-15,22:34:15,2,40.4189,-3.6919,650.0,Madrid_SQM_evol_UCM_Zenodo4633001,"sqm_msas=14.97,solar_dep=18.52deg,inflection_method"
isha,2015-04-16,22:41:43,2,40.4189,-3.6919,650.0,Madrid_SQM_evol_UCM_Zenodo4633001,"sqm_msas=15.44,solar_dep=19.49deg,inflection_method"
isha,2015-04-17,22:36:33,2,40.4189,-3.6919,650.0,Madrid_SQM_evol_UCM_Zenodo4633001,"sqm_msas=17.63,solar_dep=18.43deg,inflection_method"
isha,2015-04-18,22:41:55,2,40.4189,-3.6919,650.0,Madrid_SQM_evol_UCM_Zenodo4633001,"sqm_msas=16.70,solar_dep=19.05deg,inflection_method"
isha,2015-04-19,22:40:13,2,40.4189,-3.6919,650.0,Madrid_SQM_evol_UCM_Zenodo4633001,"sqm_msas=18.23,solar_dep=18.55deg,inflection_method"
isha,2015-04-20,22:43:43,2,40.4189,-3.6919,650.0,Madrid_SQM_evol_UCM_Zenodo4633001,"sqm_msas=18.16,solar_dep=18.87deg,inflection_method"
isha,2015-04-21,22:40:34,2,40.4189,-3.6919,650.0,Madrid_SQM_evol_UCM_Zenodo4633001,"sqm_msas=17.90,solar_dep=18.15deg,inflection_method"
isha,2015-04-22,22:44:01,2,40.4189,-3.6919,650.0,Madrid_SQM_evol_UCM_Zenodo4633001,"sqm_msas=17.97,solar_dep=18.46deg,inflection_method"
isha,2015-04-23,22:50:45,2,40.4189,-3.6919,650.0,Madrid_SQM_evol_UCM_Zenodo4633001,"sqm_msas=17.43,solar_dep=19.26deg,inflection_method"
fajr,2015-04-24,22:45:32,2,40.4189,-3.6919,650.0,Madrid_SQM_evol_UCM_Zenodo4633001,"sqm_msas=15.67,solar_dep=18.24deg,inflection_method"
fajr,2015-04-25,22:46:53,2,40.4189,-3.6919,650.0,Madrid_SQM_evol_UCM_Zenodo4633001,"sqm_msas=15.74,solar_dep=18.21deg,inflection_method"
isha,2015-04-25,22:58:03,2,40.4189,-3.6919,650.0,Madrid_SQM_evol_UCM_Zenodo4633001,"sqm_msas=16.24,solar_dep=19.89deg,inflection_method"
fajr,2015-04-26,22:47:30,2,40.4189,-3.6919,650.0,Madrid_SQM_evol_UCM_Zenodo4633001,"sqm_msas=16.28,solar_dep=18.08deg,inflection_method"
isha,2015-04-26,22:55:48,2,40.4189,-3.6919,650.0,Madrid_SQM_evol_UCM_Zenodo4633001,"sqm_msas=15.68,solar_dep=19.33deg,inflection_method"
isha,2015-04-27,22:51:20,2,40.4189,-3.6919,650.0,Madrid_SQM_evol_UCM_Zenodo4633001,"sqm_msas=16.43,solar_dep=18.43deg,inflection_method"
fajr,2015-04-28,22:52:13,2,40.4189,-3.6919,650.0,Madrid_SQM_evol_UCM_Zenodo4633001,"sqm_msas=17.51,solar_dep=18.34deg,inflection_method"
isha,2015-04-28,23:03:27,2,40.4189,-3.6919,650.0,Madrid_SQM_evol_UCM_Zenodo4633001,"sqm_msas=17.34,solar_dep=19.98deg,inflection_method"
fajr,2015-04-29,22:53:34,2,40.4189,-3.6919,650.0,Madrid_SQM_evol_UCM_Zenodo4633001,"sqm_msas=17.58,solar_dep=18.31deg,inflection_method"
isha,2015-04-29,22:59:08,2,40.4189,-3.6919,650.0,Madrid_SQM_evol_UCM_Zenodo4633001,"sqm_msas=17.51,solar_dep=19.13deg,inflection_method"
fajr,2015-04-30,22:53:17,2,40.4189,-3.6919,650.0,Madrid_SQM_evol_UCM_Zenodo4633001,"sqm_msas=17.55,solar_dep=18.05deg,inflection_method"
isha,2015-04-30,23:01:42,2,40.4189,-3.6919,650.0,Madrid_SQM_evol_UCM_Zenodo4633001,"sqm_msas=17.59,solar_dep=19.27deg,inflection_method"
fajr,2015-05-01,05:26:42,2,40.4189,-3.6919,650.0,Madrid_SQM_evol_UCM_Zenodo4633001,"sqm_msas=17.54,solar_dep=18.56deg,inflection_method"
isha,2015-05-01,23:07:52,2,40.4189,-3.6919,650.0,Madrid_SQM_evol_UCM_Zenodo4633001,"sqm_msas=16.78,solar_dep=19.92deg,inflection_method"
isha,2015-05-02,22:57:40,2,40.4189,-3.6919,650.0,Madrid_SQM_evol_UCM_Zenodo4633001,"sqm_msas=16.74,solar_dep=18.24deg,inflection_method"
isha,2015-05-03,22:58:52,2,40.4189,-3.6919,650.0,Madrid_SQM_evol_UCM_Zenodo4633001,"sqm_msas=15.51,solar_dep=18.20deg,inflection_method"
isha,2015-05-07,23:12:39,2,40.4189,-3.6919,650.0,Madrid_SQM_evol_UCM_Zenodo4633001,"sqm_msas=18.26,solar_dep=19.24deg,inflection_method"
fajr,2015-05-08,23:05:43,2,40.4189,-3.6919,650.0,Madrid_SQM_evol_UCM_Zenodo4633001,"sqm_msas=18.17,solar_dep=18.08deg,inflection_method"
isha,2015-05-08,23:19:44,2,40.4189,-3.6919,650.0,Madrid_SQM_evol_UCM_Zenodo4633001,"sqm_msas=18.23,solar_dep=19.97deg,inflection_method"
fajr,2015-05-09,05:11:21,2,40.4189,-3.6919,650.0,Madrid_SQM_evol_UCM_Zenodo4633001,"sqm_msas=18.23,solar_dep=18.76deg,inflection_method"
isha,2015-05-09,23:08:18,2,40.4189,-3.6919,650.0,Madrid_SQM_evol_UCM_Zenodo4633001,"sqm_msas=18.09,solar_dep=18.22deg,inflection_method"
fajr,2015-05-10,23:09:25,2,40.4189,-3.6919,650.0,Madrid_SQM_evol_UCM_Zenodo4633001,"sqm_msas=17.92,solar_dep=18.17deg,inflection_method"
isha,2015-05-10,23:20:37,2,40.4189,-3.6919,650.0,Madrid_SQM_evol_UCM_Zenodo4633001,"sqm_msas=18.04,solar_dep=19.66deg,inflection_method"
isha,2015-05-12,23:15:41,2,40.4189,-3.6919,650.0,Madrid_SQM_evol_UCM_Zenodo4633001,"sqm_msas=17.73,solar_dep=18.59deg,inflection_method"
isha,2015-05-13,23:22:16,2,40.4189,-3.6919,650.0,Madrid_SQM_evol_UCM_Zenodo4633001,"sqm_msas=16.74,solar_dep=19.24deg,inflection_method"
isha,2015-05-14,23:27:31,2,40.4189,-3.6919,650.0,Madrid_SQM_evol_UCM_Zenodo4633001,"sqm_msas=17.93,solar_dep=19.70deg,inflection_method"
isha,2015-05-15,23:20:00,2,40.4189,-3.6919,650.0,Madrid_SQM_evol_UCM_Zenodo4633001,"sqm_msas=18.44,solar_dep=18.55deg,inflection_method"
isha,2015-05-16,23:20:09,2,40.4189,-3.6919,650.0,Madrid_SQM_evol_UCM_Zenodo4633001,"sqm_msas=18.41,solar_dep=18.37deg,inflection_method"
isha,2015-05-17,23:21:08,2,40.4189,-3.6919,650.0,Madrid_SQM_evol_UCM_Zenodo4633001,"sqm_msas=18.36,solar_dep=18.30deg,inflection_method"
isha,2015-05-18,23:32:42,2,40.4189,-3.6919,650.0,Madrid_SQM_evol_UCM_Zenodo4633001,"sqm_msas=17.82,solar_dep=19.55deg,inflection_method"
isha,2015-05-19,23:28:09,2,40.4189,-3.6919,650.0,Madrid_SQM_evol_UCM_Zenodo4633001,"sqm_msas=18.32,solar_dep=18.80deg,inflection_method"
isha,2015-05-20,23:28:31,2,40.4189,-3.6919,650.0,Madrid_SQM_evol_UCM_Zenodo4633001,"sqm_msas=18.29,solar_dep=18.66deg,inflection_method"
isha,2015-05-21,23:31:25,2,40.4189,-3.6919,650.0,Madrid_SQM_evol_UCM_Zenodo4633001,"sqm_msas=18.31,solar_dep=18.83deg,inflection_method"
isha,2015-05-22,23:37:27,2,40.4189,-3.6919,650.0,Madrid_SQM_evol_UCM_Zenodo4633001,"sqm_msas=18.36,solar_dep=19.38deg,inflection_method"
isha,2015-05-23,23:41:39,2,40.4189,-3.6919,650.0,Madrid_SQM_evol_UCM_Zenodo4633001,"sqm_msas=18.30,solar_dep=19.69deg,inflection_method"
isha,2015-05-24,23:35:13,2,40.4189,-3.6919,650.0,Madrid_SQM_evol_UCM_Zenodo4633001,"sqm_msas=17.34,solar_dep=18.77deg,inflection_method"
isha,2015-05-25,23:36:26,2,40.4189,-3.6919,650.0,Madrid_SQM_evol_UCM_Zenodo4633001,"sqm_msas=18.07,solar_dep=18.74deg,inflection_method"
isha,2015-05-26,23:36:02,2,40.4189,-3.6919,650.0,Madrid_SQM_evol_UCM_Zenodo4633001,"sqm_msas=18.22,solar_dep=18.53deg,inflection_method"
isha,2015-05-27,23:42:02,2,40.4189,-3.6919,650.0,Madrid_SQM_evol_UCM_Zenodo4633001,"sqm_msas=18.05,solar_dep=19.07deg,inflection_method"
isha,2015-05-28,23:46:59,2,40.4189,-3.6919,650.0,Madrid_SQM_evol_UCM_Zenodo4633001,"sqm_msas=17.79,solar_dep=19.47deg,inflection_method"
isha,2015-05-29,23:43:54,2,40.4189,-3.6919,650.0,Madrid_SQM_evol_UCM_Zenodo4633001,"sqm_msas=17.06,solar_dep=18.97deg,inflection_method"
isha,2015-05-30,23:50:17,2,40.4189,-3.6919,650.0,Madrid_SQM_evol_UCM_Zenodo4633001,"sqm_msas=17.79,solar_dep=19.53deg,inflection_method"
isha,2015-05-31,23:41:57,2,40.4189,-3.6919,650.0,Madrid_SQM_evol_UCM_Zenodo4633001,"sqm_msas=17.59,solar_dep=18.47deg,inflection_method"
isha,2015-06-01,23:53:06,2,40.4189,-3.6919,650.0,Madrid_SQM_evol_UCM_Zenodo4633001,"sqm_msas=14.83,solar_dep=19.56deg,inflection_method"
isha,2015-06-02,23:47:19,2,40.4189,-3.6919,650.0,Madrid_SQM_evol_UCM_Zenodo4633001,"sqm_msas=17.56,solar_dep=18.80deg,inflection_method"
isha,2015-06-03,23:57:47,2,40.4189,-3.6919,650.0,Madrid_SQM_evol_UCM_Zenodo4633001,"sqm_msas=15.53,solar_dep=19.79deg,inflection_method"
isha,2015-06-04,23:53:04,2,40.4189,-3.6919,650.0,Madrid_SQM_evol_UCM_Zenodo4633001,"sqm_msas=18.14,solar_dep=19.17deg,inflection_method"
isha,2015-06-05,23:49:43,2,40.4189,-3.6919,650.0,Madrid_SQM_evol_UCM_Zenodo4633001,"sqm_msas=18.30,solar_dep=18.70deg,inflection_method"
isha,2015-06-06,23:52:04,2,40.4189,-3.6919,650.0,Madrid_SQM_evol_UCM_Zenodo4633001,"sqm_msas=17.92,solar_dep=18.84deg,inflection_method"
isha,2015-06-07,23:50:18,2,40.4189,-3.6919,650.0,Madrid_SQM_evol_UCM_Zenodo4633001,"sqm_msas=15.42,solar_dep=18.54deg,inflection_method"
isha,2015-06-09,00:03:43,2,40.4189,-3.6919,650.0,Madrid_SQM_evol_UCM_Zenodo4633001,"sqm_msas=16.90,solar_dep=19.84deg,inflection_method"
isha,2015-06-09,23:58:34,2,40.4189,-3.6919,650.0,Madrid_SQM_evol_UCM_Zenodo4633001,"sqm_msas=15.16,solar_dep=19.22deg,inflection_method"
isha,2015-06-11,00:00:27,2,40.4189,-3.6919,650.0,Madrid_SQM_evol_UCM_Zenodo4633001,"sqm_msas=16.24,solar_dep=19.33deg,inflection_method"
isha,2015-06-12,00:02:39,2,40.4189,-3.6919,650.0,Madrid_SQM_evol_UCM_Zenodo4633001,"sqm_msas=18.23,solar_dep=19.47deg,inflection_method"
isha,2015-06-13,00:01:27,2,40.4189,-3.6919,650.0,Madrid_SQM_evol_UCM_Zenodo4633001,"sqm_msas=18.09,solar_dep=19.27deg,inflection_method"
isha,2015-06-14,00:02:56,2,40.4189,-3.6919,650.0,Madrid_SQM_evol_UCM_Zenodo4633001,"sqm_msas=18.40,solar_dep=19.34deg,inflection_method"
isha,2015-06-15,00:09:40,2,40.4189,-3.6919,650.0,Madrid_SQM_evol_UCM_Zenodo4633001,"sqm_msas=15.46,solar_dep=19.94deg,inflection_method"
isha,2015-06-16,00:01:14,2,40.4189,-3.6919,650.0,Madrid_SQM_evol_UCM_Zenodo4633001,"sqm_msas=17.46,solar_dep=19.04deg,inflection_method"
isha,2015-06-17,00:00:17,2,40.4189,-3.6919,650.0,Madrid_SQM_evol_UCM_Zenodo4633001,"sqm_msas=18.49,solar_dep=18.89deg,inflection_method"
isha,2015-06-18,00:02:33,2,40.4189,-3.6919,650.0,Madrid_SQM_evol_UCM_Zenodo4633001,"sqm_msas=18.51,solar_dep=19.08deg,inflection_method"
isha,2015-06-19,00:00:58,2,40.4189,-3.6919,650.0,Madrid_SQM_evol_UCM_Zenodo4633001,"sqm_msas=18.42,solar_dep=18.87deg,inflection_method"
isha,2015-06-20,00:01:06,2,40.4189,-3.6919,650.0,Madrid_SQM_evol_UCM_Zenodo4633001,"sqm_msas=18.44,solar_dep=18.85deg,inflection_method"
isha,2015-06-21,00:01:26,2,40.4189,-3.6919,650.0,Madrid_SQM_evol_UCM_Zenodo4633001,"sqm_msas=18.43,solar_dep=18.85deg,inflection_method"
isha,2015-06-22,00:12:02,2,40.4189,-3.6919,650.0,Madrid_SQM_evol_UCM_Zenodo4633001,"sqm_msas=18.14,solar_dep=19.88deg,inflection_method"
isha,2015-06-23,00:09:42,2,40.4189,-3.6919,650.0,Madrid_SQM_evol_UCM_Zenodo4633001,"sqm_msas=18.12,solar_dep=19.64deg,inflection_method"
isha,2015-06-24,00:08:37,2,40.4189,-3.6919,650.0,Madrid_SQM_evol_UCM_Zenodo4633001,"sqm_msas=17.41,solar_dep=19.52deg,inflection_method"
isha,2015-06-24,23:59:21,2,40.4189,-3.6919,650.0,Madrid_SQM_evol_UCM_Zenodo4633001,"sqm_msas=18.08,solar_dep=18.58deg,inflection_method"
isha,2015-06-25,23:58:06,2,40.4189,-3.6919,650.0,Madrid_SQM_evol_UCM_Zenodo4633001,"sqm_msas=18.14,solar_dep=18.45deg,inflection_method"
isha,2015-06-27,00:10:38,2,40.4189,-3.6919,650.0,Madrid_SQM_evol_UCM_Zenodo4633001,"sqm_msas=18.04,solar_dep=19.73deg,inflection_method"
isha,2015-06-27,23:58:13,2,40.4189,-3.6919,650.0,Madrid_SQM_evol_UCM_Zenodo4633001,"sqm_msas=17.71,solar_dep=18.48deg,inflection_method"
isha,2015-06-28,23:59:36,2,40.4189,-3.6919,650.0,Madrid_SQM_evol_UCM_Zenodo4633001,"sqm_msas=17.60,solar_dep=18.64deg,inflection_method"
isha,2015-06-29,23:58:22,2,40.4189,-3.6919,650.0,Madrid_SQM_evol_UCM_Zenodo4633001,"sqm_msas=16.20,solar_dep=18.54deg,inflection_method"
isha,2015-07-01,00:11:08,2,40.4189,-3.6919,650.0,Madrid_SQM_evol_UCM_Zenodo4633001,"sqm_msas=17.47,solar_dep=19.88deg,inflection_method"
isha,2015-07-02,00:03:23,2,40.4189,-3.6919,650.0,Madrid_SQM_evol_UCM_Zenodo4633001,"sqm_msas=16.97,solar_dep=19.14deg,inflection_method"
isha,2015-07-03,00:02:48,2,40.4189,-3.6919,650.0,Madrid_SQM_evol_UCM_Zenodo4633001,"sqm_msas=17.47,solar_dep=19.12deg,inflection_method"
isha,2015-07-04,00:06:37,2,40.4189,-3.6919,650.0,Madrid_SQM_evol_UCM_Zenodo4633001,"sqm_msas=17.84,solar_dep=19.57deg,inflection_method"
isha,2015-07-05,00:09:20,2,40.4189,-3.6919,650.0,Madrid_SQM_evol_UCM_Zenodo4633001,"sqm_msas=17.94,solar_dep=19.90deg,inflection_method"
isha,2015-07-05,23:59:05,2,40.4189,-3.6919,650.0,Madrid_SQM_evol_UCM_Zenodo4633001,"sqm_msas=17.99,solar_dep=18.91deg,inflection_method"
isha,2015-07-07,00:05:32,2,40.4189,-3.6919,650.0,Madrid_SQM_evol_UCM_Zenodo4633001,"sqm_msas=18.07,solar_dep=19.65deg,inflection_method"
isha,2015-07-08,00:00:04,2,40.4189,-3.6919,650.0,Madrid_SQM_evol_UCM_Zenodo4633001,"sqm_msas=18.04,solar_dep=19.16deg,inflection_method"
isha,2015-07-09,00:00:53,2,40.4189,-3.6919,650.0,Madrid_SQM_evol_UCM_Zenodo4633001,"sqm_msas=18.35,solar_dep=19.33deg,inflection_method"
isha,2015-07-09,23:59:30,2,40.4189,-3.6919,650.0,Madrid_SQM_evol_UCM_Zenodo4633001,"sqm_msas=18.23,solar_dep=19.27deg,inflection_method"
isha,2015-07-10,23:53:11,2,40.4189,-3.6919,650.0,Madrid_SQM_evol_UCM_Zenodo4633001,"sqm_msas=18.21,solar_dep=18.67deg,inflection_method"
isha,2015-07-12,00:03:30,2,40.4189,-3.6919,650.0,Madrid_SQM_evol_UCM_Zenodo4633001,"sqm_msas=18.25,solar_dep=19.90deg,inflection_method"
isha,2015-07-13,23:52:28,2,40.4189,-3.6919,650.0,Madrid_SQM_evol_UCM_Zenodo4633001,"sqm_msas=18.09,solar_dep=18.91deg,inflection_method"
isha,2015-07-14,23:48:19,2,40.4189,-3.6919,650.0,Madrid_SQM_evol_UCM_Zenodo4633001,"sqm_msas=18.06,solar_dep=18.56deg,inflection_method"
isha,2015-07-15,23:58:24,2,40.4189,-3.6919,650.0,Madrid_SQM_evol_UCM_Zenodo4633001,"sqm_msas=17.90,solar_dep=19.82deg,inflection_method"
isha,2015-07-16,23:57:28,2,40.4189,-3.6919,650.0,Madrid_SQM_evol_UCM_Zenodo4633001,"sqm_msas=16.73,solar_dep=19.85deg,inflection_method"
isha,2015-07-17,23:50:44,2,40.4189,-3.6919,650.0,Madrid_SQM_evol_UCM_Zenodo4633001,"sqm_msas=17.30,solar_dep=19.23deg,inflection_method"
isha,2015-07-18,23:40:13,2,40.4189,-3.6919,650.0,Madrid_SQM_evol_UCM_Zenodo4633001,"sqm_msas=18.21,solar_dep=18.13deg,inflection_method"
isha,2015-07-19,23:53:35,2,40.4189,-3.6919,650.0,Madrid_SQM_evol_UCM_Zenodo4633001,"sqm_msas=18.32,solar_dep=19.85deg,inflection_method"
isha,2015-07-20,23:40:08,2,40.4189,-3.6919,650.0,Madrid_SQM_evol_UCM_Zenodo4633001,"sqm_msas=18.29,solar_dep=18.42deg,inflection_method"
isha,2015-07-21,23:49:15,2,40.4189,-3.6919,650.0,Madrid_SQM_evol_UCM_Zenodo4633001,"sqm_msas=18.30,solar_dep=19.67deg,inflection_method"
isha,2015-07-22,23:36:29,2,40.4189,-3.6919,650.0,Madrid_SQM_evol_UCM_Zenodo4633001,"sqm_msas=18.17,solar_dep=18.29deg,inflection_method"
isha,2015-07-23,23:45:09,2,40.4189,-3.6919,650.0,Madrid_SQM_evol_UCM_Zenodo4633001,"sqm_msas=18.20,solar_dep=19.52deg,inflection_method"
isha,2015-07-24,23:33:23,2,40.4189,-3.6919,650.0,Madrid_SQM_evol_UCM_Zenodo4633001,"sqm_msas=16.80,solar_dep=18.25deg,inflection_method"
isha,2015-07-25,23:39:35,2,40.4189,-3.6919,650.0,Madrid_SQM_evol_UCM_Zenodo4633001,"sqm_msas=18.27,solar_dep=19.20deg,inflection_method"
isha,2015-07-26,23:31:33,2,40.4189,-3.6919,650.0,Madrid_SQM_evol_UCM_Zenodo4633001,"sqm_msas=18.27,solar_dep=18.38deg,inflection_method"
fajr,2015-07-27,23:27:31,2,40.4189,-3.6919,650.0,Madrid_SQM_evol_UCM_Zenodo4633001,"sqm_msas=18.17,solar_dep=18.05deg,inflection_method"
isha,2015-07-27,23:41:50,2,40.4189,-3.6919,650.0,Madrid_SQM_evol_UCM_Zenodo4633001,"sqm_msas=18.20,solar_dep=19.86deg,inflection_method"
fajr,2015-07-28,23:26:11,2,40.4189,-3.6919,650.0,Madrid_SQM_evol_UCM_Zenodo4633001,"sqm_msas=17.92,solar_dep=18.07deg,inflection_method"
isha,2015-07-28,23:37:33,2,40.4189,-3.6919,650.0,Madrid_SQM_evol_UCM_Zenodo4633001,"sqm_msas=18.02,solar_dep=19.53deg,inflection_method"
fajr,2015-07-29,23:25:11,2,40.4189,-3.6919,650.0,Madrid_SQM_evol_UCM_Zenodo4633001,"sqm_msas=17.95,solar_dep=18.14deg,inflection_method"
isha,2015-07-29,23:27:59,2,40.4189,-3.6919,650.0,Madrid_SQM_evol_UCM_Zenodo4633001,"sqm_msas=18.00,solar_dep=18.51deg,inflection_method"
fajr,2015-07-30,23:23:17,2,40.4189,-3.6919,650.0,Madrid_SQM_evol_UCM_Zenodo4633001,"sqm_msas=17.56,solar_dep=18.09deg,inflection_method"
isha,2015-07-30,23:26:07,2,40.4189,-3.6919,650.0,Madrid_SQM_evol_UCM_Zenodo4633001,"sqm_msas=17.06,solar_dep=18.47deg,inflection_method"
fajr,2015-07-31,23:22:16,2,40.4189,-3.6919,650.0,Madrid_SQM_evol_UCM_Zenodo4633001,"sqm_msas=17.78,solar_dep=18.17deg,inflection_method"
isha,2015-07-31,23:27:59,2,40.4189,-3.6919,650.0,Madrid_SQM_evol_UCM_Zenodo4633001,"sqm_msas=17.81,solar_dep=18.93deg,inflection_method"
fajr,2015-08-01,23:21:03,2,40.4189,-3.6919,650.0,Madrid_SQM_evol_UCM_Zenodo4633001,"sqm_msas=18.07,solar_dep=18.22deg,inflection_method"
isha,2015-08-01,23:26:41,2,40.4189,-3.6919,650.0,Madrid_SQM_evol_UCM_Zenodo4633001,"sqm_msas=18.09,solar_dep=18.97deg,inflection_method"
isha,2015-08-02,23:20:23,2,40.4189,-3.6919,650.0,Madrid_SQM_evol_UCM_Zenodo4633001,"sqm_msas=18.17,solar_dep=18.35deg,inflection_method"
fajr,2015-08-03,23:18:54,2,40.4189,-3.6919,650.0,Madrid_SQM_evol_UCM_Zenodo4633001,"sqm_msas=17.87,solar_dep=18.37deg,inflection_method"
isha,2015-08-03,23:27:34,2,40.4189,-3.6919,650.0,Madrid_SQM_evol_UCM_Zenodo4633001,"sqm_msas=17.92,solar_dep=19.54deg,inflection_method"
fajr,2015-08-04,23:17:01,2,40.4189,-3.6919,650.0,Madrid_SQM_evol_UCM_Zenodo4633001,"sqm_msas=18.27,solar_dep=18.34deg,inflection_method"
isha,2015-08-04,23:25:30,2,40.4189,-3.6919,650.0,Madrid_SQM_evol_UCM_Zenodo4633001,"sqm_msas=18.29,solar_dep=19.50deg,inflection_method"
isha,2015-08-06,23:21:59,2,40.4189,-3.6919,650.0,Madrid_SQM_evol_UCM_Zenodo4633001,"sqm_msas=18.29,solar_dep=19.50deg,inflection_method"
isha,2015-08-07,23:12:01,2,40.4189,-3.6919,650.0,Madrid_SQM_evol_UCM_Zenodo4633001,"sqm_msas=15.38,solar_dep=18.36deg,inflection_method"
isha,2015-08-08,23:10:37,2,40.4189,-3.6919,650.0,Madrid_SQM_evol_UCM_Zenodo4633001,"sqm_msas=18.23,solar_dep=18.41deg,inflection_method"
isha,2015-08-09,23:08:01,2,40.4189,-3.6919,650.0,Madrid_SQM_evol_UCM_Zenodo4633001,"sqm_msas=18.25,solar_dep=18.29deg,inflection_method"
fajr,2015-08-10,23:06:05,2,40.4189,-3.6919,650.0,Madrid_SQM_evol_UCM_Zenodo4633001,"sqm_msas=17.94,solar_dep=18.26deg,inflection_method"
isha,2015-08-10,23:08:50,2,40.4189,-3.6919,650.0,Madrid_SQM_evol_UCM_Zenodo4633001,"sqm_msas=17.94,solar_dep=18.66deg,inflection_method"
fajr,2015-08-11,23:05:10,2,40.4189,-3.6919,650.0,Madrid_SQM_evol_UCM_Zenodo4633001,"sqm_msas=18.02,solar_dep=18.39deg,inflection_method"
isha,2015-08-11,23:16:18,2,40.4189,-3.6919,650.0,Madrid_SQM_evol_UCM_Zenodo4633001,"sqm_msas=18.07,solar_dep=19.98deg,inflection_method"
isha,2015-08-12,23:07:19,2,40.4189,-3.6919,650.0,Madrid_SQM_evol_UCM_Zenodo4633001,"sqm_msas=17.87,solar_dep=18.97deg,inflection_method"
isha,2015-08-13,23:01:28,2,40.4189,-3.6919,650.0,Madrid_SQM_evol_UCM_Zenodo4633001,"sqm_msas=18.38,solar_dep=18.38deg,inflection_method"
fajr,2015-08-14,22:57:53,2,40.4189,-3.6919,650.0,Madrid_SQM_evol_UCM_Zenodo4633001,"sqm_msas=15.72,solar_dep=18.11deg,inflection_method"
isha,2015-08-14,23:00:55,2,40.4189,-3.6919,650.0,Madrid_SQM_evol_UCM_Zenodo4633001,"sqm_msas=15.59,solar_dep=18.57deg,inflection_method"
fajr,2015-08-15,22:56:13,2,40.4189,-3.6919,650.0,Madrid_SQM_evol_UCM_Zenodo4633001,"sqm_msas=15.80,solar_dep=18.14deg,inflection_method"
isha,2015-08-15,23:05:10,2,40.4189,-3.6919,650.0,Madrid_SQM_evol_UCM_Zenodo4633001,"sqm_msas=16.30,solar_dep=19.47deg,inflection_method"
fajr,2015-08-16,22:55:10,2,40.4189,-3.6919,650.0,Madrid_SQM_evol_UCM_Zenodo4633001,"sqm_msas=15.76,solar_dep=18.26deg,inflection_method"
isha,2015-08-16,23:00:28,2,40.4189,-3.6919,650.0,Madrid_SQM_evol_UCM_Zenodo4633001,"sqm_msas=16.17,solar_dep=19.05deg,inflection_method"
fajr,2015-08-17,22:52:50,2,40.4189,-3.6919,650.0,Madrid_SQM_evol_UCM_Zenodo4633001,"sqm_msas=18.14,solar_dep=18.18deg,inflection_method"
isha,2015-08-17,22:58:17,2,40.4189,-3.6919,650.0,Madrid_SQM_evol_UCM_Zenodo4633001,"sqm_msas=18.16,solar_dep=19.01deg,inflection_method"
fajr,2015-08-18,22:51:17,2,40.4189,-3.6919,650.0,Madrid_SQM_evol_UCM_Zenodo4633001,"sqm_msas=17.69,solar_dep=18.23deg,inflection_method"
isha,2015-08-18,22:56:44,2,40.4189,-3.6919,650.0,Madrid_SQM_evol_UCM_Zenodo4633001,"sqm_msas=17.86,solar_dep=19.06deg,inflection_method"
isha,2015-08-19,22:52:26,2,40.4189,-3.6919,650.0,Madrid_SQM_evol_UCM_Zenodo4633001,"sqm_msas=18.07,solar_dep=18.69deg,inflection_method"
isha,2015-08-20,22:56:00,2,40.4189,-3.6919,650.0,Madrid_SQM_evol_UCM_Zenodo4633001,"sqm_msas=17.93,solar_dep=19.53deg,inflection_method"
isha,2015-08-21,22:50:38,2,40.4189,-3.6919,650.0,Madrid_SQM_evol_UCM_Zenodo4633001,"sqm_msas=17.44,solar_dep=19.00deg,inflection_method"
isha,2015-08-22,22:45:13,2,40.4189,-3.6919,650.0,Madrid_SQM_evol_UCM_Zenodo4633001,"sqm_msas=18.12,solar_dep=18.45deg,inflection_method"
isha,2015-08-23,22:43:06,2,40.4189,-3.6919,650.0,Madrid_SQM_evol_UCM_Zenodo4633001,"sqm_msas=18.23,solar_dep=18.42deg,inflection_method"
isha,2015-08-24,22:43:29,2,40.4189,-3.6919,650.0,Madrid_SQM_evol_UCM_Zenodo4633001,"sqm_msas=18.17,solar_dep=18.78deg,inflection_method"
isha,2015-08-25,22:47:28,2,40.4189,-3.6919,650.0,Madrid_SQM_evol_UCM_Zenodo4633001,"sqm_msas=18.08,solar_dep=19.72deg,inflection_method"
isha,2015-08-27,22:43:11,2,40.4189,-3.6919,650.0,Madrid_SQM_evol_UCM_Zenodo4633001,"sqm_msas=17.82,solar_dep=19.66deg,inflection_method"
isha,2015-08-28,22:35:36,2,40.4189,-3.6919,650.0,Madrid_SQM_evol_UCM_Zenodo4633001,"sqm_msas=17.68,solar_dep=18.76deg,inflection_method"
fajr,2015-08-29,22:29:44,2,40.4189,-3.6919,650.0,Madrid_SQM_evol_UCM_Zenodo4633001,"sqm_msas=17.32,solar_dep=18.11deg,inflection_method"
isha,2015-08-29,22:32:26,2,40.4189,-3.6919,650.0,Madrid_SQM_evol_UCM_Zenodo4633001,"sqm_msas=17.38,solar_dep=18.55deg,inflection_method"
isha,2015-08-30,22:33:31,2,40.4189,-3.6919,650.0,Madrid_SQM_evol_UCM_Zenodo4633001,"sqm_msas=16.04,solar_dep=19.05deg,inflection_method"
isha,2015-08-31,22:34:42,2,40.4189,-3.6919,650.0,Madrid_SQM_evol_UCM_Zenodo4633001,"sqm_msas=17.58,solar_dep=19.56deg,inflection_method"
isha,2015-09-01,22:25:09,2,40.4189,-3.6919,650.0,Madrid_SQM_evol_UCM_Zenodo4633001,"sqm_msas=18.06,solar_dep=18.30deg,inflection_method"
fajr,2015-09-02,06:04:24,2,40.4189,-3.6919,650.0,Madrid_SQM_evol_UCM_Zenodo4633001,"sqm_msas=15.77,solar_dep=18.36deg,inflection_method"
isha,2015-09-02,22:28:45,2,40.4189,-3.6919,650.0,Madrid_SQM_evol_UCM_Zenodo4633001,"sqm_msas=15.71,solar_dep=19.23deg,inflection_method"
isha,2015-09-03,22:28:53,2,40.4189,-3.6919,650.0,Madrid_SQM_evol_UCM_Zenodo4633001,"sqm_msas=16.14,solar_dep=19.57deg,inflection_method"
isha,2015-09-04,22:28:47,2,40.4189,-3.6919,650.0,Madrid_SQM_evol_UCM_Zenodo4633001,"sqm_msas=18.04,solar_dep=19.88deg,inflection_method"
isha,2015-09-05,22:25:44,2,40.4189,-3.6919,650.0,Madrid_SQM_evol_UCM_Zenodo4633001,"sqm_msas=15.82,solar_dep=19.70deg,inflection_method"
isha,2015-09-06,22:15:47,2,40.4189,-3.6919,650.0,Madrid_SQM_evol_UCM_Zenodo4633001,"sqm_msas=17.67,solar_dep=18.34deg,inflection_method"
isha,2015-09-07,22:19:06,2,40.4189,-3.6919,650.0,Madrid_SQM_evol_UCM_Zenodo4633001,"sqm_msas=17.30,solar_dep=19.24deg,inflection_method"
isha,2015-09-08,22:12:14,2,40.4189,-3.6919,650.0,Madrid_SQM_evol_UCM_Zenodo4633001,"sqm_msas=18.10,solar_dep=18.38deg,inflection_method"
isha,2015-09-09,22:09:42,2,40.4189,-3.6919,650.0,Madrid_SQM_evol_UCM_Zenodo4633001,"sqm_msas=16.09,solar_dep=18.27deg,inflection_method"
isha,2015-09-11,22:08:07,2,40.4189,-3.6919,650.0,Madrid_SQM_evol_UCM_Zenodo4633001,"sqm_msas=18.14,solar_dep=18.66deg,inflection_method"
isha,2015-09-12,22:10:36,2,40.4189,-3.6919,650.0,Madrid_SQM_evol_UCM_Zenodo4633001,"sqm_msas=18.07,solar_dep=19.43deg,inflection_method"
isha,2015-09-13,22:07:05,2,40.4189,-3.6919,650.0,Madrid_SQM_evol_UCM_Zenodo4633001,"sqm_msas=17.64,solar_dep=19.15deg,inflection_method"
isha,2015-09-14,22:04:20,2,40.4189,-3.6919,650.0,Madrid_SQM_evol_UCM_Zenodo4633001,"sqm_msas=17.42,solar_dep=19.00deg,inflection_method"
isha,2015-09-15,21:57:24,2,40.4189,-3.6919,650.0,Madrid_SQM_evol_UCM_Zenodo4633001,"sqm_msas=15.13,solar_dep=18.10deg,inflection_method"
isha,2015-09-16,22:00:24,2,40.4189,-3.6919,650.0,Madrid_SQM_evol_UCM_Zenodo4633001,"sqm_msas=16.24,solar_dep=18.97deg,inflection_method"
isha,2015-09-17,21:55:00,2,40.4189,-3.6919,650.0,Madrid_SQM_evol_UCM_Zenodo4633001,"sqm_msas=18.19,solar_dep=18.33deg,inflection_method"
isha,2015-09-18,21:53:39,2,40.4189,-3.6919,650.0,Madrid_SQM_evol_UCM_Zenodo4633001,"sqm_msas=18.23,solar_dep=18.42deg,inflection_method"
isha,2015-09-19,21:52:35,2,40.4189,-3.6919,650.0,Madrid_SQM_evol_UCM_Zenodo4633001,"sqm_msas=18.24,solar_dep=18.56deg,inflection_method"
isha,2015-09-20,21:52:59,2,40.4189,-3.6919,650.0,Madrid_SQM_evol_UCM_Zenodo4633001,"sqm_msas=18.13,solar_dep=18.97deg,inflection_method"
isha,2015-09-21,21:50:02,2,40.4189,-3.6919,650.0,Madrid_SQM_evol_UCM_Zenodo4633001,"sqm_msas=18.04,solar_dep=18.77deg,inflection_method"
isha,2015-09-22,21:45:54,2,40.4189,-3.6919,650.0,Madrid_SQM_evol_UCM_Zenodo4633001,"sqm_msas=17.95,solar_dep=18.34deg,inflection_method"
isha,2015-09-24,21:44:31,2,40.4189,-3.6919,650.0,Madrid_SQM_evol_UCM_Zenodo4633001,"sqm_msas=17.40,solar_dep=18.75deg,inflection_method"
isha,2015-09-25,21:44:35,2,40.4189,-3.6919,650.0,Madrid_SQM_evol_UCM_Zenodo4633001,"sqm_msas=16.78,solar_dep=19.09deg,inflection_method"
isha,2015-09-26,21:42:08,2,40.4189,-3.6919,650.0,Madrid_SQM_evol_UCM_Zenodo4633001,"sqm_msas=17.16,solar_dep=18.97deg,inflection_method"
isha,2015-10-01,21:32:12,2,40.4189,-3.6919,650.0,Madrid_SQM_evol_UCM_Zenodo4633001,"sqm_msas=18.02,solar_dep=18.74deg,inflection_method"
fajr,2015-10-02,21:26:47,2,40.4189,-3.6919,650.0,Madrid_SQM_evol_UCM_Zenodo4633001,"sqm_msas=15.20,solar_dep=18.05deg,inflection_method"
isha,2015-10-02,21:28:11,2,40.4189,-3.6919,650.0,Madrid_SQM_evol_UCM_Zenodo4633001,"sqm_msas=15.43,solar_dep=18.31deg,inflection_method"
fajr,2015-10-03,06:42:10,2,40.4189,-3.6919,650.0,Madrid_SQM_evol_UCM_Zenodo4633001,"sqm_msas=15.79,solar_dep=17.98deg,inflection_method"
isha,2015-10-03,21:25:37,2,40.4189,-3.6919,650.0,Madrid_SQM_evol_UCM_Zenodo4633001,"sqm_msas=17.85,solar_dep=18.15deg,inflection_method"
fajr,2015-10-04,06:36:46,2,40.4189,-3.6919,650.0,Madrid_SQM_evol_UCM_Zenodo4633001,"sqm_msas=15.65,solar_dep=19.19deg,inflection_method"
isha,2015-10-04,21:29:55,2,40.4189,-3.6919,650.0,Madrid_SQM_evol_UCM_Zenodo4633001,"sqm_msas=15.29,solar_dep=19.26deg,inflection_method"
fajr,2015-10-05,06:42:29,2,40.4189,-3.6919,650.0,Madrid_SQM_evol_UCM_Zenodo4633001,"sqm_msas=15.74,solar_dep=18.32deg,inflection_method"
isha,2015-10-05,21:25:08,2,40.4189,-3.6919,650.0,Madrid_SQM_evol_UCM_Zenodo4633001,"sqm_msas=16.27,solar_dep=18.68deg,inflection_method"
fajr,2015-10-06,21:20:13,2,40.4189,-3.6919,650.0,Madrid_SQM_evol_UCM_Zenodo4633001,"sqm_msas=16.34,solar_dep=18.06deg,inflection_method"
isha,2015-10-06,21:21:37,2,40.4189,-3.6919,650.0,Madrid_SQM_evol_UCM_Zenodo4633001,"sqm_msas=16.70,solar_dep=18.32deg,inflection_method"
fajr,2015-10-07,06:43:56,2,40.4189,-3.6919,650.0,Madrid_SQM_evol_UCM_Zenodo4633001,"sqm_msas=17.30,solar_dep=18.44deg,inflection_method"
isha,2015-10-07,21:18:45,2,40.4189,-3.6919,650.0,Madrid_SQM_evol_UCM_Zenodo4633001,"sqm_msas=17.95,solar_dep=18.09deg,inflection_method"
fajr,2015-10-08,06:46:41,2,40.4189,-3.6919,650.0,Madrid_SQM_evol_UCM_Zenodo4633001,"sqm_msas=17.16,solar_dep=18.12deg,inflection_method"
isha,2015-10-08,21:17:21,2,40.4189,-3.6919,650.0,Madrid_SQM_evol_UCM_Zenodo4633001,"sqm_msas=18.00,solar_dep=18.13deg,inflection_method"
fajr,2015-10-09,06:39:42,2,40.4189,-3.6919,650.0,Madrid_SQM_evol_UCM_Zenodo4633001,"sqm_msas=18.52,solar_dep=19.63deg,inflection_method"
isha,2015-10-09,21:15:50,2,40.4189,-3.6919,650.0,Madrid_SQM_evol_UCM_Zenodo4633001,"sqm_msas=17.84,solar_dep=18.14deg,inflection_method"
fajr,2015-10-10,06:47:58,2,40.4189,-3.6919,650.0,Madrid_SQM_evol_UCM_Zenodo4633001,"sqm_msas=18.47,solar_dep=18.27deg,inflection_method"
isha,2015-10-10,21:14:12,2,40.4189,-3.6919,650.0,Madrid_SQM_evol_UCM_Zenodo4633001,"sqm_msas=15.57,solar_dep=18.13deg,inflection_method"
fajr,2015-10-11,21:12:27,2,40.4189,-3.6919,650.0,Madrid_SQM_evol_UCM_Zenodo4633001,"sqm_msas=16.33,solar_dep=18.09deg,inflection_method"
isha,2015-10-11,21:18:45,2,40.4189,-3.6919,650.0,Madrid_SQM_evol_UCM_Zenodo4633001,"sqm_msas=16.70,solar_dep=19.28deg,inflection_method"
fajr,2015-10-12,21:10:43,2,40.4189,-3.6919,650.0,Madrid_SQM_evol_UCM_Zenodo4633001,"sqm_msas=18.35,solar_dep=18.05deg,inflection_method"
isha,2015-10-12,21:16:19,2,40.4189,-3.6919,650.0,Madrid_SQM_evol_UCM_Zenodo4633001,"sqm_msas=18.35,solar_dep=19.11deg,inflection_method"
fajr,2015-10-13,06:48:27,2,40.4189,-3.6919,650.0,Madrid_SQM_evol_UCM_Zenodo4633001,"sqm_msas=15.80,solar_dep=18.76deg,inflection_method"
isha,2015-10-13,21:09:34,2,40.4189,-3.6919,650.0,Madrid_SQM_evol_UCM_Zenodo4633001,"sqm_msas=17.88,solar_dep=18.12deg,inflection_method"
fajr,2015-10-14,06:45:13,2,40.4189,-3.6919,650.0,Madrid_SQM_evol_UCM_Zenodo4633001,"sqm_msas=18.58,solar_dep=19.57deg,inflection_method"
isha,2015-10-14,21:07:44,2,40.4189,-3.6919,650.0,Madrid_SQM_evol_UCM_Zenodo4633001,"sqm_msas=18.02,solar_dep=18.06deg,inflection_method"
fajr,2015-10-15,06:44:46,2,40.4189,-3.6919,650.0,Madrid_SQM_evol_UCM_Zenodo4633001,"sqm_msas=18.60,solar_dep=19.85deg,inflection_method"
isha,2015-10-15,21:06:17,2,40.4189,-3.6919,650.0,Madrid_SQM_evol_UCM_Zenodo4633001,"sqm_msas=17.99,solar_dep=18.06deg,inflection_method"
fajr,2015-10-16,06:51:45,2,40.4189,-3.6919,650.0,Madrid_SQM_evol_UCM_Zenodo4633001,"sqm_msas=18.53,solar_dep=18.72deg,inflection_method"
isha,2015-10-16,21:05:00,2,40.4189,-3.6919,650.0,Madrid_SQM_evol_UCM_Zenodo4633001,"sqm_msas=17.95,solar_dep=18.09deg,inflection_method"
fajr,2015-10-17,06:46:56,2,40.4189,-3.6919,650.0,Madrid_SQM_evol_UCM_Zenodo4633001,"sqm_msas=16.67,solar_dep=19.83deg,inflection_method"
isha,2015-10-17,21:03:41,2,40.4189,-3.6919,650.0,Madrid_SQM_evol_UCM_Zenodo4633001,"sqm_msas=15.88,solar_dep=18.12deg,inflection_method"
fajr,2015-10-18,06:48:27,2,40.4189,-3.6919,650.0,Madrid_SQM_evol_UCM_Zenodo4633001,"sqm_msas=16.41,solar_dep=19.74deg,inflection_method"
isha,2015-10-18,21:02:17,2,40.4189,-3.6919,650.0,Madrid_SQM_evol_UCM_Zenodo4633001,"sqm_msas=15.66,solar_dep=18.12deg,inflection_method"
fajr,2015-10-19,06:49:50,2,40.4189,-3.6919,650.0,Madrid_SQM_evol_UCM_Zenodo4633001,"sqm_msas=17.40,solar_dep=19.67deg,inflection_method"
isha,2015-10-19,21:00:52,2,40.4189,-3.6919,650.0,Madrid_SQM_evol_UCM_Zenodo4633001,"sqm_msas=16.13,solar_dep=18.11deg,inflection_method"
fajr,2015-10-20,06:59:39,2,40.4189,-3.6919,650.0,Madrid_SQM_evol_UCM_Zenodo4633001,"sqm_msas=16.25,solar_dep=18.00deg,inflection_method"
isha,2015-10-20,20:59:24,2,40.4189,-3.6919,650.0,Madrid_SQM_evol_UCM_Zenodo4633001,"sqm_msas=17.70,solar_dep=18.10deg,inflection_method"
fajr,2015-10-21,20:57:53,2,40.4189,-3.6919,650.0,Madrid_SQM_evol_UCM_Zenodo4633001,"sqm_msas=17.85,solar_dep=18.07deg,inflection_method"
isha,2015-10-21,21:02:05,2,40.4189,-3.6919,650.0,Madrid_SQM_evol_UCM_Zenodo4633001,"sqm_msas=17.93,solar_dep=18.87deg,inflection_method"
isha,2015-10-26,20:55:46,2,40.4189,-3.6919,650.0,Madrid_SQM_evol_UCM_Zenodo4633001,"sqm_msas=16.32,solar_dep=18.88deg,inflection_method"
fajr,2015-10-27,07:06:27,2,40.4189,-3.6919,650.0,Madrid_SQM_evol_UCM_Zenodo4633001,"sqm_msas=17.05,solar_dep=18.06deg,inflection_method"
isha,2015-10-27,20:50:22,2,40.4189,-3.6919,650.0,Madrid_SQM_evol_UCM_Zenodo4633001,"sqm_msas=15.54,solar_dep=18.09deg,inflection_method"
fajr,2015-10-28,06:59:41,2,40.4189,-3.6919,650.0,Madrid_SQM_evol_UCM_Zenodo4633001,"sqm_msas=15.86,solar_dep=19.54deg,inflection_method"
isha,2015-10-28,20:49:13,2,40.4189,-3.6919,650.0,Madrid_SQM_evol_UCM_Zenodo4633001,"sqm_msas=15.58,solar_dep=18.09deg,inflection_method"
fajr,2015-10-29,20:47:49,2,40.4189,-3.6919,650.0,Madrid_SQM_evol_UCM_Zenodo4633001,"sqm_msas=15.32,solar_dep=18.05deg,inflection_method"
isha,2015-10-29,20:52:01,2,40.4189,-3.6919,650.0,Madrid_SQM_evol_UCM_Zenodo4633001,"sqm_msas=14.76,solar_dep=18.85deg,inflection_method"
fajr,2015-10-30,07:08:19,2,40.4189,-3.6919,650.0,Madrid_SQM_evol_UCM_Zenodo4633001,"sqm_msas=17.78,solar_dep=18.29deg,inflection_method"
isha,2015-10-30,20:47:10,2,40.4189,-3.6919,650.0,Madrid_SQM_evol_UCM_Zenodo4633001,"sqm_msas=17.94,solar_dep=18.14deg,inflection_method"
fajr,2015-10-31,07:06:15,2,40.4189,-3.6919,650.0,Madrid_SQM_evol_UCM_Zenodo4633001,"sqm_msas=17.06,solar_dep=18.88deg,inflection_method"
isha,2015-10-31,20:47:11,2,40.4189,-3.6919,650.0,Madrid_SQM_evol_UCM_Zenodo4633001,"sqm_msas=17.46,solar_dep=18.35deg,inflection_method"
fajr,2015-11-01,06:04:09,1,40.4189,-3.6919,650.0,Madrid_SQM_evol_UCM_Zenodo4633001,"sqm_msas=16.19,solar_dep=19.47deg,inflection_method"
isha,2015-11-01,19:49:54,1,40.4189,-3.6919,650.0,Madrid_SQM_evol_UCM_Zenodo4633001,"sqm_msas=16.86,solar_dep=19.07deg,inflection_method"
fajr,2015-11-02,06:04:05,1,40.4189,-3.6919,650.0,Madrid_SQM_evol_UCM_Zenodo4633001,"sqm_msas=15.28,solar_dep=19.67deg,inflection_method"
isha,2015-11-02,19:44:00,1,40.4189,-3.6919,650.0,Madrid_SQM_evol_UCM_Zenodo4633001,"sqm_msas=15.22,solar_dep=18.15deg,inflection_method"
fajr,2015-11-03,19:42:24,1,40.4189,-3.6919,650.0,Madrid_SQM_evol_UCM_Zenodo4633001,"sqm_msas=17.97,solar_dep=18.04deg,inflection_method"
isha,2015-11-03,19:51:30,1,40.4189,-3.6919,650.0,Madrid_SQM_evol_UCM_Zenodo4633001,"sqm_msas=18.04,solar_dep=19.77deg,inflection_method"
fajr,2015-11-04,06:14:06,1,40.4189,-3.6919,650.0,Madrid_SQM_evol_UCM_Zenodo4633001,"sqm_msas=15.85,solar_dep=18.16deg,inflection_method"
isha,2015-11-04,19:41:32,1,40.4189,-3.6919,650.0,Madrid_SQM_evol_UCM_Zenodo4633001,"sqm_msas=14.79,solar_dep=18.07deg,inflection_method"
fajr,2015-11-05,06:07:37,1,40.4189,-3.6919,650.0,Madrid_SQM_evol_UCM_Zenodo4633001,"sqm_msas=15.77,solar_dep=19.58deg,inflection_method"
isha,2015-11-05,19:40:30,1,40.4189,-3.6919,650.0,Madrid_SQM_evol_UCM_Zenodo4633001,"sqm_msas=17.01,solar_dep=18.06deg,inflection_method"
fajr,2015-11-06,06:11:27,1,40.4189,-3.6919,650.0,Madrid_SQM_evol_UCM_Zenodo4633001,"sqm_msas=18.57,solar_dep=19.04deg,inflection_method"
isha,2015-11-06,19:39:30,1,40.4189,-3.6919,650.0,Madrid_SQM_evol_UCM_Zenodo4633001,"sqm_msas=17.74,solar_dep=18.05deg,inflection_method"
fajr,2015-11-07,06:08:21,1,40.4189,-3.6919,650.0,Madrid_SQM_evol_UCM_Zenodo4633001,"sqm_msas=18.57,solar_dep=19.82deg,inflection_method"
isha,2015-11-07,19:39:06,1,40.4189,-3.6919,650.0,Madrid_SQM_evol_UCM_Zenodo4633001,"sqm_msas=18.21,solar_dep=18.14deg,inflection_method"
fajr,2015-11-08,06:09:21,1,40.4189,-3.6919,650.0,Madrid_SQM_evol_UCM_Zenodo4633001,"sqm_msas=18.60,solar_dep=19.82deg,inflection_method"
isha,2015-11-08,19:40:47,1,40.4189,-3.6919,650.0,Madrid_SQM_evol_UCM_Zenodo4633001,"sqm_msas=18.26,solar_dep=18.63deg,inflection_method"
fajr,2015-11-09,06:11:04,1,40.4189,-3.6919,650.0,Madrid_SQM_evol_UCM_Zenodo4633001,"sqm_msas=18.63,solar_dep=19.69deg,inflection_method"
isha,2015-11-09,19:37:16,1,40.4189,-3.6919,650.0,Madrid_SQM_evol_UCM_Zenodo4633001,"sqm_msas=18.19,solar_dep=18.12deg,inflection_method"
fajr,2015-11-10,06:13:07,1,40.4189,-3.6919,650.0,Madrid_SQM_evol_UCM_Zenodo4633001,"sqm_msas=18.62,solar_dep=19.49deg,inflection_method"
isha,2015-11-10,19:41:33,1,40.4189,-3.6919,650.0,Madrid_SQM_evol_UCM_Zenodo4633001,"sqm_msas=17.95,solar_dep=19.09deg,inflection_method"
fajr,2015-11-11,06:20:14,1,40.4189,-3.6919,650.0,Madrid_SQM_evol_UCM_Zenodo4633001,"sqm_msas=18.61,solar_dep=18.34deg,inflection_method"
isha,2015-11-11,19:38:51,1,40.4189,-3.6919,650.0,Madrid_SQM_evol_UCM_Zenodo4633001,"sqm_msas=17.90,solar_dep=18.73deg,inflection_method"
fajr,2015-11-12,06:13:19,1,40.4189,-3.6919,650.0,Madrid_SQM_evol_UCM_Zenodo4633001,"sqm_msas=18.58,solar_dep=19.83deg,inflection_method"
isha,2015-11-12,19:35:00,1,40.4189,-3.6919,650.0,Madrid_SQM_evol_UCM_Zenodo4633001,"sqm_msas=17.90,solar_dep=18.14deg,inflection_method"
fajr,2015-11-13,19:33:44,1,40.4189,-3.6919,650.0,Madrid_SQM_evol_UCM_Zenodo4633001,"sqm_msas=17.62,solar_dep=18.04deg,inflection_method"
isha,2015-11-13,19:34:26,1,40.4189,-3.6919,650.0,Madrid_SQM_evol_UCM_Zenodo4633001,"sqm_msas=17.54,solar_dep=18.18deg,inflection_method"
fajr,2015-11-14,06:18:02,1,40.4189,-3.6919,650.0,Madrid_SQM_evol_UCM_Zenodo4633001,"sqm_msas=18.52,solar_dep=19.32deg,inflection_method"
isha,2015-11-14,19:32:59,1,40.4189,-3.6919,650.0,Madrid_SQM_evol_UCM_Zenodo4633001,"sqm_msas=18.02,solar_dep=18.03deg,inflection_method"
fajr,2015-11-15,19:32:19,1,40.4189,-3.6919,650.0,Madrid_SQM_evol_UCM_Zenodo4633001,"sqm_msas=18.15,solar_dep=18.03deg,inflection_method"
isha,2015-11-15,19:38:37,1,40.4189,-3.6919,650.0,Madrid_SQM_evol_UCM_Zenodo4633001,"sqm_msas=18.11,solar_dep=19.22deg,inflection_method"
fajr,2015-11-16,06:17:21,1,40.4189,-3.6919,650.0,Madrid_SQM_evol_UCM_Zenodo4633001,"sqm_msas=18.46,solar_dep=19.82deg,inflection_method"
isha,2015-11-16,19:32:05,1,40.4189,-3.6919,650.0,Madrid_SQM_evol_UCM_Zenodo4633001,"sqm_msas=17.82,solar_dep=18.11deg,inflection_method"
fajr,2015-11-17,19:31:13,1,40.4189,-3.6919,650.0,Madrid_SQM_evol_UCM_Zenodo4633001,"sqm_msas=17.36,solar_dep=18.06deg,inflection_method"
isha,2015-11-17,19:40:19,1,40.4189,-3.6919,650.0,Madrid_SQM_evol_UCM_Zenodo4633001,"sqm_msas=17.30,solar_dep=19.77deg,inflection_method"
fajr,2015-11-18,06:21:06,1,40.4189,-3.6919,650.0,Madrid_SQM_evol_UCM_Zenodo4633001,"sqm_msas=18.55,solar_dep=19.49deg,inflection_method"
isha,2015-11-18,19:30:57,1,40.4189,-3.6919,650.0,Madrid_SQM_evol_UCM_Zenodo4633001,"sqm_msas=17.73,solar_dep=18.12deg,inflection_method"
fajr,2015-11-19,06:27:53,1,40.4189,-3.6919,650.0,Madrid_SQM_evol_UCM_Zenodo4633001,"sqm_msas=18.52,solar_dep=18.40deg,inflection_method"
isha,2015-11-19,19:30:13,1,40.4189,-3.6919,650.0,Madrid_SQM_evol_UCM_Zenodo4633001,"sqm_msas=17.76,solar_dep=18.08deg,inflection_method"
fajr,2015-11-20,06:23:37,1,40.4189,-3.6919,650.0,Madrid_SQM_evol_UCM_Zenodo4633001,"sqm_msas=18.08,solar_dep=19.38deg,inflection_method"
isha,2015-11-20,19:29:57,1,40.4189,-3.6919,650.0,Madrid_SQM_evol_UCM_Zenodo4633001,"sqm_msas=15.46,solar_dep=18.13deg,inflection_method"
fajr,2015-11-21,19:28:54,1,40.4189,-3.6919,650.0,Madrid_SQM_evol_UCM_Zenodo4633001,"sqm_msas=17.82,solar_dep=18.02deg,inflection_method"
isha,2015-11-21,19:29:36,1,40.4189,-3.6919,650.0,Madrid_SQM_evol_UCM_Zenodo4633001,"sqm_msas=17.87,solar_dep=18.15deg,inflection_method"
fajr,2015-11-22,06:32:48,1,40.4189,-3.6919,650.0,Madrid_SQM_evol_UCM_Zenodo4633001,"sqm_msas=18.33,solar_dep=18.02deg,inflection_method"
isha,2015-11-22,19:28:32,1,40.4189,-3.6919,650.0,Madrid_SQM_evol_UCM_Zenodo4633001,"sqm_msas=17.12,solar_dep=18.04deg,inflection_method"
fajr,2015-11-23,06:30:20,1,40.4189,-3.6919,650.0,Madrid_SQM_evol_UCM_Zenodo4633001,"sqm_msas=18.58,solar_dep=18.66deg,inflection_method"
isha,2015-11-23,19:28:30,1,40.4189,-3.6919,650.0,Madrid_SQM_evol_UCM_Zenodo4633001,"sqm_msas=17.65,solar_dep=18.11deg,inflection_method"
fajr,2015-11-24,06:29:36,1,40.4189,-3.6919,650.0,Madrid_SQM_evol_UCM_Zenodo4633001,"sqm_msas=17.55,solar_dep=18.98deg,inflection_method"
isha,2015-11-24,19:28:02,1,40.4189,-3.6919,650.0,Madrid_SQM_evol_UCM_Zenodo4633001,"sqm_msas=15.22,solar_dep=18.09deg,inflection_method"
fajr,2015-11-25,06:29:08,1,40.4189,-3.6919,650.0,Madrid_SQM_evol_UCM_Zenodo4633001,"sqm_msas=16.39,solar_dep=19.24deg,inflection_method"
isha,2015-11-25,19:27:43,1,40.4189,-3.6919,650.0,Madrid_SQM_evol_UCM_Zenodo4633001,"sqm_msas=17.58,solar_dep=18.10deg,inflection_method"
fajr,2015-11-26,06:29:31,1,40.4189,-3.6919,650.0,Madrid_SQM_evol_UCM_Zenodo4633001,"sqm_msas=16.23,solar_dep=19.34deg,inflection_method"
isha,2015-11-26,19:27:20,1,40.4189,-3.6919,650.0,Madrid_SQM_evol_UCM_Zenodo4633001,"sqm_msas=17.77,solar_dep=18.08deg,inflection_method"
fajr,2015-11-27,06:27:45,1,40.4189,-3.6919,650.0,Madrid_SQM_evol_UCM_Zenodo4633001,"sqm_msas=18.14,solar_dep=19.84deg,inflection_method"
isha,2015-11-27,19:26:49,1,40.4189,-3.6919,650.0,Madrid_SQM_evol_UCM_Zenodo4633001,"sqm_msas=17.92,solar_dep=18.04deg,inflection_method"
fajr,2015-11-28,06:32:51,1,40.4189,-3.6919,650.0,Madrid_SQM_evol_UCM_Zenodo4633001,"sqm_msas=18.07,solar_dep=19.06deg,inflection_method"
isha,2015-11-28,19:27:36,1,40.4189,-3.6919,650.0,Madrid_SQM_evol_UCM_Zenodo4633001,"sqm_msas=18.06,solar_dep=18.23deg,inflection_method"
fajr,2015-11-29,19:26:16,1,40.4189,-3.6919,650.0,Madrid_SQM_evol_UCM_Zenodo4633001,"sqm_msas=18.17,solar_dep=18.02deg,inflection_method"
isha,2015-11-29,19:26:58,1,40.4189,-3.6919,650.0,Madrid_SQM_evol_UCM_Zenodo4633001,"sqm_msas=18.15,solar_dep=18.15deg,inflection_method"
fajr,2015-11-30,06:32:58,1,40.4189,-3.6919,650.0,Madrid_SQM_evol_UCM_Zenodo4633001,"sqm_msas=17.95,solar_dep=19.37deg,inflection_method"
isha,2015-11-30,19:29:50,1,40.4189,-3.6919,650.0,Madrid_SQM_evol_UCM_Zenodo4633001,"sqm_msas=17.87,solar_dep=18.72deg,inflection_method"
fajr,2015-12-01,06:36:34,1,40.4189,-3.6919,650.0,Madrid_SQM_evol_UCM_Zenodo4633001,"sqm_msas=17.87,solar_dep=18.87deg,inflection_method"
isha,2015-12-01,19:34:43,1,40.4189,-3.6919,650.0,Madrid_SQM_evol_UCM_Zenodo4633001,"sqm_msas=17.67,solar_dep=19.65deg,inflection_method"
isha,2015-12-03,19:28:09,1,40.4189,-3.6919,650.0,Madrid_SQM_evol_UCM_Zenodo4633001,"sqm_msas=17.68,solar_dep=18.47deg,inflection_method"
fajr,2015-12-04,06:39:06,1,40.4189,-3.6919,650.0,Madrid_SQM_evol_UCM_Zenodo4633001,"sqm_msas=18.19,solar_dep=18.88deg,inflection_method"
isha,2015-12-04,19:25:57,1,40.4189,-3.6919,650.0,Madrid_SQM_evol_UCM_Zenodo4633001,"sqm_msas=16.35,solar_dep=18.07deg,inflection_method"
fajr,2015-12-05,06:39:39,1,40.4189,-3.6919,650.0,Madrid_SQM_evol_UCM_Zenodo4633001,"sqm_msas=18.49,solar_dep=18.93deg,inflection_method"
isha,2015-12-05,19:25:48,1,40.4189,-3.6919,650.0,Madrid_SQM_evol_UCM_Zenodo4633001,"sqm_msas=18.13,solar_dep=18.04deg,inflection_method"
fajr,2015-12-06,06:36:41,1,40.4189,-3.6919,650.0,Madrid_SQM_evol_UCM_Zenodo4633001,"sqm_msas=18.50,solar_dep=19.63deg,inflection_method"
isha,2015-12-06,19:26:21,1,40.4189,-3.6919,650.0,Madrid_SQM_evol_UCM_Zenodo4633001,"sqm_msas=18.14,solar_dep=18.14deg,inflection_method"
fajr,2015-12-07,06:45:40,1,40.4189,-3.6919,650.0,Madrid_SQM_evol_UCM_Zenodo4633001,"sqm_msas=16.17,solar_dep=18.12deg,inflection_method"
isha,2015-12-07,19:26:06,1,40.4189,-3.6919,650.0,Madrid_SQM_evol_UCM_Zenodo4633001,"sqm_msas=15.58,solar_dep=18.08deg,inflection_method"
fajr,2015-12-08,19:25:55,1,40.4189,-3.6919,650.0,Madrid_SQM_evol_UCM_Zenodo4633001,"sqm_msas=15.28,solar_dep=18.04deg,inflection_method"
isha,2015-12-08,19:32:14,1,40.4189,-3.6919,650.0,Madrid_SQM_evol_UCM_Zenodo4633001,"sqm_msas=15.21,solar_dep=19.20deg,inflection_method"
fajr,2015-12-09,06:45:13,1,40.4189,-3.6919,650.0,Madrid_SQM_evol_UCM_Zenodo4633001,"sqm_msas=18.49,solar_dep=18.50deg,inflection_method"
isha,2015-12-09,19:26:22,1,40.4189,-3.6919,650.0,Madrid_SQM_evol_UCM_Zenodo4633001,"sqm_msas=17.27,solar_dep=18.10deg,inflection_method"
fajr,2015-12-10,06:46:25,1,40.4189,-3.6919,650.0,Madrid_SQM_evol_UCM_Zenodo4633001,"sqm_msas=17.62,solar_dep=18.42deg,inflection_method"
isha,2015-12-10,19:26:15,1,40.4189,-3.6919,650.0,Madrid_SQM_evol_UCM_Zenodo4633001,"sqm_msas=17.55,solar_dep=18.05deg,inflection_method"
fajr,2015-12-11,19:26:21,1,40.4189,-3.6919,650.0,Madrid_SQM_evol_UCM_Zenodo4633001,"sqm_msas=14.82,solar_dep=18.03deg,inflection_method"
isha,2015-12-11,19:34:46,1,40.4189,-3.6919,650.0,Madrid_SQM_evol_UCM_Zenodo4633001,"sqm_msas=14.94,solar_dep=19.58deg,inflection_method"
isha,2015-12-14,19:35:24,1,40.4189,-3.6919,650.0,Madrid_SQM_evol_UCM_Zenodo4633001,"sqm_msas=16.66,solar_dep=19.56deg,inflection_method"
fajr,2015-12-15,06:45:34,1,40.4189,-3.6919,650.0,Madrid_SQM_evol_UCM_Zenodo4633001,"sqm_msas=17.12,solar_dep=19.22deg,inflection_method"
isha,2015-12-15,19:33:37,1,40.4189,-3.6919,650.0,Madrid_SQM_evol_UCM_Zenodo4633001,"sqm_msas=16.64,solar_dep=19.18deg,inflection_method"
fajr,2015-12-16,06:47:21,1,40.4189,-3.6919,650.0,Madrid_SQM_evol_UCM_Zenodo4633001,"sqm_msas=17.51,solar_dep=19.01deg,inflection_method"
isha,2016-01-01,19:43:46,1,40.4189,-3.6919,650.0,Madrid_SQM_evol_UCM_Zenodo4633001,"sqm_msas=15.48,solar_dep=19.35deg,inflection_method"
isha,2016-01-02,19:38:07,1,40.4189,-3.6919,650.0,Madrid_SQM_evol_UCM_Zenodo4633001,"sqm_msas=17.92,solar_dep=18.17deg,inflection_method"
isha,2016-01-03,19:44:33,1,40.4189,-3.6919,650.0,Madrid_SQM_evol_UCM_Zenodo4633001,"sqm_msas=15.01,solar_dep=19.21deg,inflection_method"
isha,2016-01-04,19:47:21,1,40.4189,-3.6919,650.0,Madrid_SQM_evol_UCM_Zenodo4633001,"sqm_msas=15.14,solar_dep=19.59deg,inflection_method"
isha,2016-01-05,19:49:28,1,40.4189,-3.6919,650.0,Madrid_SQM_evol_UCM_Zenodo4633001,"sqm_msas=17.87,solar_dep=19.83deg,inflection_method"
isha,2016-01-06,19:48:55,1,40.4189,-3.6919,650.0,Madrid_SQM_evol_UCM_Zenodo4633001,"sqm_msas=15.10,solar_dep=19.58deg,inflection_method"
isha,2016-01-07,19:48:55,1,40.4189,-3.6919,650.0,Madrid_SQM_evol_UCM_Zenodo4633001,"sqm_msas=16.43,solar_dep=19.42deg,inflection_method"
fajr,2016-01-08,19:42:31,1,40.4189,-3.6919,650.0,Madrid_SQM_evol_UCM_Zenodo4633001,"sqm_msas=14.68,solar_dep=18.08deg,inflection_method"
isha,2016-01-08,19:43:13,1,40.4189,-3.6919,650.0,Madrid_SQM_evol_UCM_Zenodo4633001,"sqm_msas=14.82,solar_dep=18.21deg,inflection_method"
fajr,2016-01-09,06:51:35,1,40.4189,-3.6919,650.0,Madrid_SQM_evol_UCM_Zenodo4633001,"sqm_msas=15.68,solar_dep=19.67deg,inflection_method"
isha,2016-01-09,19:45:16,1,40.4189,-3.6919,650.0,Madrid_SQM_evol_UCM_Zenodo4633001,"sqm_msas=16.21,solar_dep=18.43deg,inflection_method"
fajr,2016-01-10,06:55:09,1,40.4189,-3.6919,650.0,Madrid_SQM_evol_UCM_Zenodo4633001,"sqm_msas=16.02,solar_dep=19.01deg,inflection_method"
isha,2016-01-10,19:44:02,1,40.4189,-3.6919,650.0,Madrid_SQM_evol_UCM_Zenodo4633001,"sqm_msas=14.89,solar_dep=18.04deg,inflection_method"
fajr,2016-01-11,06:55:55,1,40.4189,-3.6919,650.0,Madrid_SQM_evol_UCM_Zenodo4633001,"sqm_msas=15.30,solar_dep=18.85deg,inflection_method"
fajr,2016-01-16,06:50:12,1,40.4189,-3.6919,650.0,Madrid_SQM_evol_UCM_Zenodo4633001,"sqm_msas=18.40,solar_dep=19.75deg,inflection_method"
isha,2016-01-25,20:07:48,1,40.4189,-3.6919,650.0,Madrid_SQM_evol_UCM_Zenodo4633001,"sqm_msas=16.30,solar_dep=19.76deg,inflection_method"
isha,2016-01-26,20:05:44,1,40.4189,-3.6919,650.0,Madrid_SQM_evol_UCM_Zenodo4633001,"sqm_msas=17.06,solar_dep=19.18deg,inflection_method"
isha,2016-01-27,20:10:45,1,40.4189,-3.6919,650.0,Madrid_SQM_evol_UCM_Zenodo4633001,"sqm_msas=15.35,solar_dep=19.93deg,inflection_method"
isha,2016-01-28,20:02:59,1,40.4189,-3.6919,650.0,Madrid_SQM_evol_UCM_Zenodo4633001,"sqm_msas=15.32,solar_dep=18.27deg,inflection_method"
isha,2016-01-29,20:12:49,1,40.4189,-3.6919,650.0,Madrid_SQM_evol_UCM_Zenodo4633001,"sqm_msas=14.93,solar_dep=19.93deg,inflection_method"
isha,2016-01-30,20:08:00,1,40.4189,-3.6919,650.0,Madrid_SQM_evol_UCM_Zenodo4633001,"sqm_msas=16.43,solar_dep=18.82deg,inflection_method"
isha,2016-01-31,20:09:34,1,40.4189,-3.6919,650.0,Madrid_SQM_evol_UCM_Zenodo4633001,"sqm_msas=17.88,solar_dep=18.92deg,inflection_method"
isha,2016-02-01,20:07:45,1,40.4189,-3.6919,650.0,Madrid_SQM_evol_UCM_Zenodo4633001,"sqm_msas=17.62,solar_dep=18.38deg,inflection_method"
isha,2016-02-02,20:11:41,1,40.4189,-3.6919,650.0,Madrid_SQM_evol_UCM_Zenodo4633001,"sqm_msas=17.27,solar_dep=18.92deg,inflection_method"
fajr,2016-03-17,05:50:18,1,40.4189,-3.6919,650.0,Madrid_SQM_evol_UCM_Zenodo4633001,"sqm_msas=18.20,solar_dep=18.25deg,inflection_method"
fajr,2016-03-18,05:44:03,1,40.4189,-3.6919,650.0,Madrid_SQM_evol_UCM_Zenodo4633001,"sqm_msas=18.27,solar_dep=19.08deg,inflection_method"
fajr,2016-03-19,05:44:55,1,40.4189,-3.6919,650.0,Madrid_SQM_evol_UCM_Zenodo4633001,"sqm_msas=15.13,solar_dep=18.60deg,inflection_method"
fajr,2016-03-20,05:45:47,1,40.4189,-3.6919,650.0,Madrid_SQM_evol_UCM_Zenodo4633001,"sqm_msas=15.73,solar_dep=18.11deg,inflection_method"
isha,2016-03-25,21:11:21,1,40.4189,-3.6919,650.0,Madrid_SQM_evol_UCM_Zenodo4633001,"sqm_msas=17.98,solar_dep=19.19deg,inflection_method"
isha,2016-03-26,21:12:05,1,40.4189,-3.6919,650.0,Madrid_SQM_evol_UCM_Zenodo4633001,"sqm_msas=17.59,solar_dep=19.10deg,inflection_method"
isha,2016-03-27,21:10:45,1,40.4189,-3.6919,650.0,Madrid_SQM_evol_UCM_Zenodo4633001,"sqm_msas=17.99,solar_dep=18.64deg,inflection_method"
isha,2016-03-28,21:18:00,1,40.4189,-3.6919,650.0,Madrid_SQM_evol_UCM_Zenodo4633001,"sqm_msas=15.43,solar_dep=19.69deg,inflection_method"
isha,2016-03-29,21:13:46,1,40.4189,-3.6919,650.0,Madrid_SQM_evol_UCM_Zenodo4633001,"sqm_msas=17.91,solar_dep=18.73deg,inflection_method"
isha,2016-03-30,21:13:04,1,40.4189,-3.6919,650.0,Madrid_SQM_evol_UCM_Zenodo4633001,"sqm_msas=17.82,solar_dep=18.38deg,inflection_method"
isha,2016-03-31,21:18:45,1,40.4189,-3.6919,650.0,Madrid_SQM_evol_UCM_Zenodo4633001,"sqm_msas=15.26,solar_dep=19.15deg,inflection_method"
fajr,2016-04-14,05:57:17,2,40.4189,-3.6919,650.0,Madrid_SQM_evol_UCM_Zenodo4633001,"sqm_msas=17.16,solar_dep=18.49deg,inflection_method"
fajr,2016-04-15,05:56:39,2,40.4189,-3.6919,650.0,Madrid_SQM_evol_UCM_Zenodo4633001,"sqm_msas=18.41,solar_dep=18.28deg,inflection_method"
fajr,2016-04-16,05:45:14,2,40.4189,-3.6919,650.0,Madrid_SQM_evol_UCM_Zenodo4633001,"sqm_msas=16.70,solar_dep=19.81deg,inflection_method"
fajr,2016-04-17,05:52:19,2,40.4189,-3.6919,650.0,Madrid_SQM_evol_UCM_Zenodo4633001,"sqm_msas=18.59,solar_dep=18.37deg,inflection_method"
fajr,2016-04-18,05:48:53,2,40.4189,-3.6919,650.0,Madrid_SQM_evol_UCM_Zenodo4633001,"sqm_msas=18.50,solar_dep=18.62deg,inflection_method"
isha,2016-04-24,22:56:12,2,40.4189,-3.6919,650.0,Madrid_SQM_evol_UCM_Zenodo4633001,"sqm_msas=18.07,solar_dep=19.67deg,inflection_method"
isha,2016-04-25,22:48:08,2,40.4189,-3.6919,650.0,Madrid_SQM_evol_UCM_Zenodo4633001,"sqm_msas=18.00,solar_dep=18.23deg,inflection_method"
isha,2016-04-26,22:55:41,2,40.4189,-3.6919,650.0,Madrid_SQM_evol_UCM_Zenodo4633001,"sqm_msas=17.97,solar_dep=19.14deg,inflection_method"
isha,2016-04-27,22:50:46,2,40.4189,-3.6919,650.0,Madrid_SQM_evol_UCM_Zenodo4633001,"sqm_msas=16.16,solar_dep=18.18deg,inflection_method"
isha,2016-04-28,23:00:39,2,40.4189,-3.6919,650.0,Madrid_SQM_evol_UCM_Zenodo4633001,"sqm_msas=17.51,solar_dep=19.41deg,inflection_method"
isha,2016-04-29,23:05:22,2,40.4189,-3.6919,650.0,Madrid_SQM_evol_UCM_Zenodo4633001,"sqm_msas=14.81,solar_dep=19.85deg,inflection_method"
isha,2016-04-30,22:58:11,2,40.4189,-3.6919,650.0,Madrid_SQM_evol_UCM_Zenodo4633001,"sqm_msas=18.14,solar_dep=18.60deg,inflection_method"
isha,2016-05-01,23:00:09,2,40.4189,-3.6919,650.0,Madrid_SQM_evol_UCM_Zenodo4633001,"sqm_msas=18.17,solar_dep=18.66deg,inflection_method"
isha,2016-05-02,23:07:13,2,40.4189,-3.6919,650.0,Madrid_SQM_evol_UCM_Zenodo4633001,"sqm_msas=18.17,solar_dep=19.43deg,inflection_method"
fajr,2016-05-03,22:59:16,2,40.4189,-3.6919,650.0,Madrid_SQM_evol_UCM_Zenodo4633001,"sqm_msas=18.15,solar_dep=18.09deg,inflection_method"
isha,2016-05-03,22:59:58,2,40.4189,-3.6919,650.0,Madrid_SQM_evol_UCM_Zenodo4633001,"sqm_msas=18.17,solar_dep=18.19deg,inflection_method"
fajr,2016-05-04,05:11:42,2,40.4189,-3.6919,650.0,Madrid_SQM_evol_UCM_Zenodo4633001,"sqm_msas=18.52,solar_dep=19.73deg,inflection_method"
isha,2016-05-04,23:09:47,2,40.4189,-3.6919,650.0,Madrid_SQM_evol_UCM_Zenodo4633001,"sqm_msas=17.61,solar_dep=19.34deg,inflection_method"
fajr,2016-05-05,05:13:04,2,40.4189,-3.6919,650.0,Madrid_SQM_evol_UCM_Zenodo4633001,"sqm_msas=17.59,solar_dep=19.29deg,inflection_method"
isha,2016-05-05,23:02:03,2,40.4189,-3.6919,650.0,Madrid_SQM_evol_UCM_Zenodo4633001,"sqm_msas=15.00,solar_dep=18.05deg,inflection_method"
fajr,2016-05-06,23:03:36,2,40.4189,-3.6919,650.0,Madrid_SQM_evol_UCM_Zenodo4633001,"sqm_msas=15.37,solar_dep=18.05deg,inflection_method"
isha,2016-05-06,23:17:44,2,40.4189,-3.6919,650.0,Madrid_SQM_evol_UCM_Zenodo4633001,"sqm_msas=15.62,solar_dep=19.98deg,inflection_method"
fajr,2016-05-07,23:05:10,2,40.4189,-3.6919,650.0,Madrid_SQM_evol_UCM_Zenodo4633001,"sqm_msas=16.96,solar_dep=18.05deg,inflection_method"
isha,2016-05-07,23:17:55,2,40.4189,-3.6919,650.0,Madrid_SQM_evol_UCM_Zenodo4633001,"sqm_msas=16.90,solar_dep=19.78deg,inflection_method"
fajr,2016-05-08,05:10:38,2,40.4189,-3.6919,650.0,Madrid_SQM_evol_UCM_Zenodo4633001,"sqm_msas=15.63,solar_dep=18.92deg,inflection_method"
isha,2016-05-08,23:13:46,2,40.4189,-3.6919,650.0,Madrid_SQM_evol_UCM_Zenodo4633001,"sqm_msas=14.91,solar_dep=19.01deg,inflection_method"
fajr,2016-05-09,05:12:47,2,40.4189,-3.6919,650.0,Madrid_SQM_evol_UCM_Zenodo4633001,"sqm_msas=15.81,solar_dep=18.40deg,inflection_method"
fajr,2016-05-10,05:13:35,2,40.4189,-3.6919,650.0,Madrid_SQM_evol_UCM_Zenodo4633001,"sqm_msas=18.41,solar_dep=18.07deg,inflection_method"
fajr,2016-05-11,05:04:38,2,40.4189,-3.6919,650.0,Madrid_SQM_evol_UCM_Zenodo4633001,"sqm_msas=16.10,solar_dep=19.05deg,inflection_method"
fajr,2016-05-12,05:10:27,2,40.4189,-3.6919,650.0,Madrid_SQM_evol_UCM_Zenodo4633001,"sqm_msas=16.96,solar_dep=18.07deg,inflection_method"
fajr,2016-05-13,05:05:44,2,40.4189,-3.6919,650.0,Madrid_SQM_evol_UCM_Zenodo4633001,"sqm_msas=17.51,solar_dep=18.49deg,inflection_method"
fajr,2016-05-14,05:06:43,2,40.4189,-3.6919,650.0,Madrid_SQM_evol_UCM_Zenodo4633001,"sqm_msas=18.52,solar_dep=18.16deg,inflection_method"
fajr,2016-05-15,05:06:18,2,40.4189,-3.6919,650.0,Madrid_SQM_evol_UCM_Zenodo4633001,"sqm_msas=15.30,solar_dep=18.02deg,inflection_method"
fajr,2016-05-16,05:01:00,2,40.4189,-3.6919,650.0,Madrid_SQM_evol_UCM_Zenodo4633001,"sqm_msas=18.45,solar_dep=18.51deg,inflection_method"
fajr,2016-05-17,05:01:28,2,40.4189,-3.6919,650.0,Madrid_SQM_evol_UCM_Zenodo4633001,"sqm_msas=17.66,solar_dep=18.27deg,inflection_method"
isha,2016-05-24,23:35:54,2,40.4189,-3.6919,650.0,Madrid_SQM_evol_UCM_Zenodo4633001,"sqm_msas=17.41,solar_dep=18.72deg,inflection_method"
isha,2016-05-25,23:46:58,2,40.4189,-3.6919,650.0,Madrid_SQM_evol_UCM_Zenodo4633001,"sqm_msas=15.88,solar_dep=19.82deg,inflection_method"
isha,2016-05-26,23:37:44,2,40.4189,-3.6919,650.0,Madrid_SQM_evol_UCM_Zenodo4633001,"sqm_msas=18.10,solar_dep=18.61deg,inflection_method"
isha,2016-05-27,23:37:42,2,40.4189,-3.6919,650.0,Madrid_SQM_evol_UCM_Zenodo4633001,"sqm_msas=18.16,solar_dep=18.45deg,inflection_method"
isha,2016-05-28,23:36:55,2,40.4189,-3.6919,650.0,Madrid_SQM_evol_UCM_Zenodo4633001,"sqm_msas=16.53,solar_dep=18.21deg,inflection_method"
isha,2016-05-29,23:45:12,2,40.4189,-3.6919,650.0,Madrid_SQM_evol_UCM_Zenodo4633001,"sqm_msas=16.29,solar_dep=19.01deg,inflection_method"
isha,2016-05-30,23:42:22,2,40.4189,-3.6919,650.0,Madrid_SQM_evol_UCM_Zenodo4633001,"sqm_msas=18.28,solar_dep=18.55deg,inflection_method"
isha,2016-05-31,23:41:36,2,40.4189,-3.6919,650.0,Madrid_SQM_evol_UCM_Zenodo4633001,"sqm_msas=18.32,solar_dep=18.32deg,inflection_method"
isha,2016-06-01,23:41:33,2,40.4189,-3.6919,650.0,Madrid_SQM_evol_UCM_Zenodo4633001,"sqm_msas=18.23,solar_dep=18.19deg,inflection_method"
isha,2016-06-02,23:52:41,2,40.4189,-3.6919,650.0,Madrid_SQM_evol_UCM_Zenodo4633001,"sqm_msas=17.15,solar_dep=19.29deg,inflection_method"
isha,2016-06-03,23:43:29,2,40.4189,-3.6919,650.0,Madrid_SQM_evol_UCM_Zenodo4633001,"sqm_msas=17.73,solar_dep=18.15deg,inflection_method"
isha,2016-06-04,23:49:01,2,40.4189,-3.6919,650.0,Madrid_SQM_evol_UCM_Zenodo4633001,"sqm_msas=18.01,solar_dep=18.65deg,inflection_method"
isha,2016-06-05,23:45:25,2,40.4189,-3.6919,650.0,Madrid_SQM_evol_UCM_Zenodo4633001,"sqm_msas=18.17,solar_dep=18.14deg,inflection_method"
isha,2016-06-07,00:00:31,2,40.4189,-3.6919,650.0,Madrid_SQM_evol_UCM_Zenodo4633001,"sqm_msas=18.35,solar_dep=19.64deg,inflection_method"
isha,2016-06-08,00:00:33,2,40.4189,-3.6919,650.0,Madrid_SQM_evol_UCM_Zenodo4633001,"sqm_msas=18.28,solar_dep=19.54deg,inflection_method"
isha,2016-06-24,00:02:26,2,40.4189,-3.6919,650.0,Madrid_SQM_evol_UCM_Zenodo4633001,"sqm_msas=18.09,solar_dep=18.90deg,inflection_method"
isha,2016-06-27,23:54:46,2,40.4189,-3.6919,650.0,Madrid_SQM_evol_UCM_Zenodo4633001,"sqm_msas=18.10,solar_dep=18.13deg,inflection_method"
isha,2016-06-28,23:59:40,2,40.4189,-3.6919,650.0,Madrid_SQM_evol_UCM_Zenodo4633001,"sqm_msas=16.45,solar_dep=18.67deg,inflection_method"
isha,2016-06-29,23:54:48,2,40.4189,-3.6919,650.0,Madrid_SQM_evol_UCM_Zenodo4633001,"sqm_msas=18.19,solar_dep=18.18deg,inflection_method"
isha,2016-07-01,00:00:24,2,40.4189,-3.6919,650.0,Madrid_SQM_evol_UCM_Zenodo4633001,"sqm_msas=18.01,solar_dep=18.82deg,inflection_method"
isha,2016-07-01,23:58:56,2,40.4189,-3.6919,650.0,Madrid_SQM_evol_UCM_Zenodo4633001,"sqm_msas=18.09,solar_dep=18.71deg,inflection_method"
isha,2016-07-03,00:01:04,2,40.4189,-3.6919,650.0,Madrid_SQM_evol_UCM_Zenodo4633001,"sqm_msas=18.21,solar_dep=18.98deg,inflection_method"
isha,2016-07-03,23:56:50,2,40.4189,-3.6919,650.0,Madrid_SQM_evol_UCM_Zenodo4633001,"sqm_msas=17.23,solar_dep=18.59deg,inflection_method"
isha,2016-07-05,00:06:40,2,40.4189,-3.6919,650.0,Madrid_SQM_evol_UCM_Zenodo4633001,"sqm_msas=17.62,solar_dep=19.68deg,inflection_method"
isha,2016-07-05,23:59:40,2,40.4189,-3.6919,650.0,Madrid_SQM_evol_UCM_Zenodo4633001,"sqm_msas=14.95,solar_dep=19.02deg,inflection_method"
isha,2016-07-06,23:52:23,2,40.4189,-3.6919,650.0,Madrid_SQM_evol_UCM_Zenodo4633001,"sqm_msas=15.58,solar_dep=18.30deg,inflection_method"
isha,2016-07-08,00:01:22,2,40.4189,-3.6919,650.0,Madrid_SQM_evol_UCM_Zenodo4633001,"sqm_msas=15.41,solar_dep=19.36deg,inflection_method"
isha,2016-07-23,23:33:01,2,40.4189,-3.6919,650.0,Madrid_SQM_evol_UCM_Zenodo4633001,"sqm_msas=18.31,solar_dep=18.16deg,inflection_method"
isha,2016-07-24,23:34:46,2,40.4189,-3.6919,650.0,Madrid_SQM_evol_UCM_Zenodo4633001,"sqm_msas=18.24,solar_dep=18.56deg,inflection_method"
isha,2016-07-25,23:30:56,2,40.4189,-3.6919,650.0,Madrid_SQM_evol_UCM_Zenodo4633001,"sqm_msas=18.23,solar_dep=18.26deg,inflection_method"
isha,2016-07-26,23:31:19,2,40.4189,-3.6919,650.0,Madrid_SQM_evol_UCM_Zenodo4633001,"sqm_msas=17.80,solar_dep=18.50deg,inflection_method"
isha,2016-07-27,23:30:38,2,40.4189,-3.6919,650.0,Madrid_SQM_evol_UCM_Zenodo4633001,"sqm_msas=17.70,solar_dep=18.60deg,inflection_method"
isha,2016-07-28,23:30:54,2,40.4189,-3.6919,650.0,Madrid_SQM_evol_UCM_Zenodo4633001,"sqm_msas=17.70,solar_dep=18.84deg,inflection_method"
isha,2016-07-29,23:26:16,2,40.4189,-3.6919,650.0,Madrid_SQM_evol_UCM_Zenodo4633001,"sqm_msas=16.46,solar_dep=18.44deg,inflection_method"
isha,2016-07-30,23:31:21,2,40.4189,-3.6919,650.0,Madrid_SQM_evol_UCM_Zenodo4633001,"sqm_msas=18.26,solar_dep=19.31deg,inflection_method"
isha,2016-07-31,23:31:31,2,40.4189,-3.6919,650.0,Madrid_SQM_evol_UCM_Zenodo4633001,"sqm_msas=18.13,solar_dep=19.55deg,inflection_method"
fajr,2016-08-01,05:09:31,2,40.4189,-3.6919,650.0,Madrid_SQM_evol_UCM_Zenodo4633001,"sqm_msas=18.51,solar_dep=19.75deg,inflection_method"
isha,2016-08-03,23:19:53,2,40.4189,-3.6919,650.0,Madrid_SQM_evol_UCM_Zenodo4633001,"sqm_msas=17.87,solar_dep=18.68deg,inflection_method"
fajr,2016-08-04,05:21:01,2,40.4189,-3.6919,650.0,Madrid_SQM_evol_UCM_Zenodo4633001,"sqm_msas=18.38,solar_dep=18.84deg,inflection_method"
isha,2016-08-04,23:14:14,2,40.4189,-3.6919,650.0,Madrid_SQM_evol_UCM_Zenodo4633001,"sqm_msas=17.51,solar_dep=18.13deg,inflection_method"
fajr,2016-08-05,23:12:04,2,40.4189,-3.6919,650.0,Madrid_SQM_evol_UCM_Zenodo4633001,"sqm_msas=18.24,solar_dep=18.07deg,inflection_method"
isha,2016-08-05,23:12:46,2,40.4189,-3.6919,650.0,Madrid_SQM_evol_UCM_Zenodo4633001,"sqm_msas=18.26,solar_dep=18.16deg,inflection_method"
fajr,2016-08-06,05:16:48,2,40.4189,-3.6919,650.0,Madrid_SQM_evol_UCM_Zenodo4633001,"sqm_msas=18.59,solar_dep=19.84deg,inflection_method"
isha,2016-08-06,23:20:32,2,40.4189,-3.6919,650.0,Madrid_SQM_evol_UCM_Zenodo4633001,"sqm_msas=18.31,solar_dep=19.49deg,inflection_method"
fajr,2016-08-07,05:21:43,2,40.4189,-3.6919,650.0,Madrid_SQM_evol_UCM_Zenodo4633001,"sqm_msas=18.61,solar_dep=19.38deg,inflection_method"
fajr,2016-08-08,05:19:36,2,40.4189,-3.6919,650.0,Madrid_SQM_evol_UCM_Zenodo4633001,"sqm_msas=18.59,solar_dep=19.89deg,inflection_method"
fajr,2016-08-09,05:22:19,2,40.4189,-3.6919,650.0,Madrid_SQM_evol_UCM_Zenodo4633001,"sqm_msas=18.46,solar_dep=19.73deg,inflection_method"
fajr,2016-08-10,05:33:28,2,40.4189,-3.6919,650.0,Madrid_SQM_evol_UCM_Zenodo4633001,"sqm_msas=16.69,solar_dep=18.36deg,inflection_method"
fajr,2016-08-11,05:34:37,2,40.4189,-3.6919,650.0,Madrid_SQM_evol_UCM_Zenodo4633001,"sqm_msas=18.50,solar_dep=18.41deg,inflection_method"
fajr,2016-08-12,05:25:58,2,40.4189,-3.6919,650.0,Madrid_SQM_evol_UCM_Zenodo4633001,"sqm_msas=18.44,solar_dep=19.87deg,inflection_method"
fajr,2016-08-13,05:27:59,2,40.4189,-3.6919,650.0,Madrid_SQM_evol_UCM_Zenodo4633001,"sqm_msas=18.47,solar_dep=19.80deg,inflection_method"
fajr,2016-08-14,05:37:37,2,40.4189,-3.6919,650.0,Madrid_SQM_evol_UCM_Zenodo4633001,"sqm_msas=18.50,solar_dep=18.62deg,inflection_method"
fajr,2016-08-15,05:30:24,2,40.4189,-3.6919,650.0,Madrid_SQM_evol_UCM_Zenodo4633001,"sqm_msas=17.65,solar_dep=19.90deg,inflection_method"
fajr,2016-08-16,05:42:01,2,40.4189,-3.6919,650.0,Madrid_SQM_evol_UCM_Zenodo4633001,"sqm_msas=17.15,solar_dep=18.39deg,inflection_method"
isha,2016-08-21,22:45:44,2,40.4189,-3.6919,650.0,Madrid_SQM_evol_UCM_Zenodo4633001,"sqm_msas=18.09,solar_dep=18.47deg,inflection_method"
isha,2016-08-22,22:42:20,2,40.4189,-3.6919,650.0,Madrid_SQM_evol_UCM_Zenodo4633001,"sqm_msas=18.07,solar_dep=18.23deg,inflection_method"
isha,2016-08-23,22:41:06,2,40.4189,-3.6919,650.0,Madrid_SQM_evol_UCM_Zenodo4633001,"sqm_msas=18.10,solar_dep=18.33deg,inflection_method"
isha,2016-08-24,22:41:09,2,40.4189,-3.6919,650.0,Madrid_SQM_evol_UCM_Zenodo4633001,"sqm_msas=18.17,solar_dep=18.65deg,inflection_method"
isha,2016-08-25,22:39:07,2,40.4189,-3.6919,650.0,Madrid_SQM_evol_UCM_Zenodo4633001,"sqm_msas=18.09,solar_dep=18.63deg,inflection_method"
isha,2016-08-26,22:37:41,2,40.4189,-3.6919,650.0,Madrid_SQM_evol_UCM_Zenodo4633001,"sqm_msas=17.02,solar_dep=18.71deg,inflection_method"
isha,2016-08-27,22:33:33,2,40.4189,-3.6919,650.0,Madrid_SQM_evol_UCM_Zenodo4633001,"sqm_msas=17.84,solar_dep=18.35deg,inflection_method"
isha,2016-08-28,22:38:19,2,40.4189,-3.6919,650.0,Madrid_SQM_evol_UCM_Zenodo4633001,"sqm_msas=17.82,solar_dep=19.44deg,inflection_method"
isha,2016-08-29,22:29:02,2,40.4189,-3.6919,650.0,Madrid_SQM_evol_UCM_Zenodo4633001,"sqm_msas=17.94,solar_dep=18.23deg,inflection_method"
isha,2016-08-30,22:34:41,2,40.4189,-3.6919,650.0,Madrid_SQM_evol_UCM_Zenodo4633001,"sqm_msas=17.94,solar_dep=19.48deg,inflection_method"
fajr,2016-08-31,06:00:54,2,40.4189,-3.6919,650.0,Madrid_SQM_evol_UCM_Zenodo4633001,"sqm_msas=18.28,solar_dep=18.67deg,inflection_method"
isha,2016-08-31,22:24:40,2,40.4189,-3.6919,650.0,Madrid_SQM_evol_UCM_Zenodo4633001,"sqm_msas=17.89,solar_dep=18.14deg,inflection_method"
fajr,2016-09-01,22:22:18,2,40.4189,-3.6919,650.0,Madrid_SQM_evol_UCM_Zenodo4633001,"sqm_msas=17.69,solar_dep=18.07deg,inflection_method"
isha,2016-09-01,22:32:49,2,40.4189,-3.6919,650.0,Madrid_SQM_evol_UCM_Zenodo4633001,"sqm_msas=17.72,solar_dep=19.82deg,inflection_method"
fajr,2016-09-02,06:02:36,2,40.4189,-3.6919,650.0,Madrid_SQM_evol_UCM_Zenodo4633001,"sqm_msas=18.31,solar_dep=18.82deg,inflection_method"
isha,2016-09-02,22:20:42,2,40.4189,-3.6919,650.0,Madrid_SQM_evol_UCM_Zenodo4633001,"sqm_msas=17.87,solar_dep=18.12deg,inflection_method"
fajr,2016-09-03,06:00:17,2,40.4189,-3.6919,650.0,Madrid_SQM_evol_UCM_Zenodo4633001,"sqm_msas=18.45,solar_dep=19.42deg,inflection_method"
isha,2016-09-03,22:18:55,2,40.4189,-3.6919,650.0,Madrid_SQM_evol_UCM_Zenodo4633001,"sqm_msas=17.82,solar_dep=18.14deg,inflection_method"
fajr,2016-09-04,06:04:49,2,40.4189,-3.6919,650.0,Madrid_SQM_evol_UCM_Zenodo4633001,"sqm_msas=18.22,solar_dep=18.88deg,inflection_method"
isha,2016-09-04,22:20:37,2,40.4189,-3.6919,650.0,Madrid_SQM_evol_UCM_Zenodo4633001,"sqm_msas=17.11,solar_dep=18.76deg,inflection_method"
fajr,2016-09-05,06:00:14,2,40.4189,-3.6919,650.0,Madrid_SQM_evol_UCM_Zenodo4633001,"sqm_msas=17.98,solar_dep=19.87deg,inflection_method"
fajr,2016-09-06,06:10:26,2,40.4189,-3.6919,650.0,Madrid_SQM_evol_UCM_Zenodo4633001,"sqm_msas=18.20,solar_dep=18.35deg,inflection_method"
fajr,2016-09-07,06:10:41,2,40.4189,-3.6919,650.0,Madrid_SQM_evol_UCM_Zenodo4633001,"sqm_msas=18.18,solar_dep=18.52deg,inflection_method"
fajr,2016-09-08,06:04:33,2,40.4189,-3.6919,650.0,Madrid_SQM_evol_UCM_Zenodo4633001,"sqm_msas=18.33,solar_dep=19.78deg,inflection_method"
fajr,2016-09-09,06:10:19,2,40.4189,-3.6919,650.0,Madrid_SQM_evol_UCM_Zenodo4633001,"sqm_msas=17.85,solar_dep=19.01deg,inflection_method"
fajr,2016-09-10,06:06:45,2,40.4189,-3.6919,650.0,Madrid_SQM_evol_UCM_Zenodo4633001,"sqm_msas=18.28,solar_dep=19.84deg,inflection_method"
fajr,2016-09-11,06:08:14,2,40.4189,-3.6919,650.0,Madrid_SQM_evol_UCM_Zenodo4633001,"sqm_msas=18.14,solar_dep=19.79deg,inflection_method"
fajr,2016-09-12,06:11:49,2,40.4189,-3.6919,650.0,Madrid_SQM_evol_UCM_Zenodo4633001,"sqm_msas=18.29,solar_dep=19.38deg,inflection_method"
fajr,2016-09-13,06:16:02,2,40.4189,-3.6919,650.0,Madrid_SQM_evol_UCM_Zenodo4633001,"sqm_msas=16.00,solar_dep=18.85deg,inflection_method"
fajr,2016-09-14,06:15:12,2,40.4189,-3.6919,650.0,Madrid_SQM_evol_UCM_Zenodo4633001,"sqm_msas=18.11,solar_dep=19.21deg,inflection_method"
fajr,2016-09-15,06:15:55,2,40.4189,-3.6919,650.0,Madrid_SQM_evol_UCM_Zenodo4633001,"sqm_msas=18.55,solar_dep=19.29deg,inflection_method"
isha,2016-09-19,21:58:29,2,40.4189,-3.6919,650.0,Madrid_SQM_evol_UCM_Zenodo4633001,"sqm_msas=16.48,solar_dep=19.88deg,inflection_method"
isha,2016-09-20,21:54:37,2,40.4189,-3.6919,650.0,Madrid_SQM_evol_UCM_Zenodo4633001,"sqm_msas=17.91,solar_dep=19.52deg,inflection_method"
isha,2016-09-21,21:47:14,2,40.4189,-3.6919,650.0,Madrid_SQM_evol_UCM_Zenodo4633001,"sqm_msas=17.85,solar_dep=18.51deg,inflection_method"
isha,2016-09-22,21:51:38,2,40.4189,-3.6919,650.0,Madrid_SQM_evol_UCM_Zenodo4633001,"sqm_msas=17.63,solar_dep=19.64deg,inflection_method"
isha,2016-09-23,21:46:16,2,40.4189,-3.6919,650.0,Madrid_SQM_evol_UCM_Zenodo4633001,"sqm_msas=17.76,solar_dep=18.99deg,inflection_method"
isha,2016-09-24,21:47:47,2,40.4189,-3.6919,650.0,Madrid_SQM_evol_UCM_Zenodo4633001,"sqm_msas=16.84,solar_dep=19.60deg,inflection_method"
isha,2016-09-25,21:45:52,2,40.4189,-3.6919,650.0,Madrid_SQM_evol_UCM_Zenodo4633001,"sqm_msas=17.59,solar_dep=19.58deg,inflection_method"
isha,2016-09-26,21:43:36,2,40.4189,-3.6919,650.0,Madrid_SQM_evol_UCM_Zenodo4633001,"sqm_msas=15.14,solar_dep=19.49deg,inflection_method"
isha,2016-09-27,21:37:16,2,40.4189,-3.6919,650.0,Madrid_SQM_evol_UCM_Zenodo4633001,"sqm_msas=17.99,solar_dep=18.64deg,inflection_method"
isha,2016-09-28,21:33:41,2,40.4189,-3.6919,650.0,Madrid_SQM_evol_UCM_Zenodo4633001,"sqm_msas=17.91,solar_dep=18.30deg,inflection_method"
fajr,2016-09-29,21:30:47,2,40.4189,-3.6919,650.0,Madrid_SQM_evol_UCM_Zenodo4633001,"sqm_msas=17.92,solar_dep=18.08deg,inflection_method"
isha,2016-09-29,21:32:11,2,40.4189,-3.6919,650.0,Madrid_SQM_evol_UCM_Zenodo4633001,"sqm_msas=17.91,solar_dep=18.34deg,inflection_method"
fajr,2016-09-30,06:33:15,2,40.4189,-3.6919,650.0,Madrid_SQM_evol_UCM_Zenodo4633001,"sqm_msas=18.43,solar_dep=19.20deg,inflection_method"
isha,2016-09-30,21:29:10,2,40.4189,-3.6919,650.0,Madrid_SQM_evol_UCM_Zenodo4633001,"sqm_msas=17.27,solar_dep=18.10deg,inflection_method"
fajr,2016-10-01,06:33:04,2,40.4189,-3.6919,650.0,Madrid_SQM_evol_UCM_Zenodo4633001,"sqm_msas=18.37,solar_dep=19.43deg,inflection_method"
isha,2016-10-01,21:27:37,2,40.4189,-3.6919,650.0,Madrid_SQM_evol_UCM_Zenodo4633001,"sqm_msas=18.04,solar_dep=18.13deg,inflection_method"
fajr,2016-10-02,06:32:13,2,40.4189,-3.6919,650.0,Madrid_SQM_evol_UCM_Zenodo4633001,"sqm_msas=18.38,solar_dep=19.79deg,inflection_method"
isha,2016-10-02,21:26:01,2,40.4189,-3.6919,650.0,Madrid_SQM_evol_UCM_Zenodo4633001,"sqm_msas=18.06,solar_dep=18.14deg,inflection_method"
fajr,2016-10-03,06:34:05,2,40.4189,-3.6919,650.0,Madrid_SQM_evol_UCM_Zenodo4633001,"sqm_msas=18.46,solar_dep=19.64deg,inflection_method"
isha,2016-10-03,21:24:19,2,40.4189,-3.6919,650.0,Madrid_SQM_evol_UCM_Zenodo4633001,"sqm_msas=17.82,solar_dep=18.14deg,inflection_method"
fajr,2016-10-04,06:35:54,2,40.4189,-3.6919,650.0,Madrid_SQM_evol_UCM_Zenodo4633001,"sqm_msas=18.34,solar_dep=19.50deg,inflection_method"
fajr,2016-10-05,06:35:38,2,40.4189,-3.6919,650.0,Madrid_SQM_evol_UCM_Zenodo4633001,"sqm_msas=18.18,solar_dep=19.75deg,inflection_method"
fajr,2016-10-06,06:40:52,2,40.4189,-3.6919,650.0,Madrid_SQM_evol_UCM_Zenodo4633001,"sqm_msas=17.90,solar_dep=18.97deg,inflection_method"
fajr,2016-10-07,06:45:27,2,40.4189,-3.6919,650.0,Madrid_SQM_evol_UCM_Zenodo4633001,"sqm_msas=18.34,solar_dep=18.30deg,inflection_method"
fajr,2016-10-08,06:42:55,2,40.4189,-3.6919,650.0,Madrid_SQM_evol_UCM_Zenodo4633001,"sqm_msas=18.47,solar_dep=18.97deg,inflection_method"
fajr,2016-10-09,06:39:35,2,40.4189,-3.6919,650.0,Madrid_SQM_evol_UCM_Zenodo4633001,"sqm_msas=18.41,solar_dep=19.80deg,inflection_method"
fajr,2016-10-10,06:46:12,2,40.4189,-3.6919,650.0,Madrid_SQM_evol_UCM_Zenodo4633001,"sqm_msas=18.39,solar_dep=18.75deg,inflection_method"
fajr,2016-10-11,06:42:15,2,40.4189,-3.6919,650.0,Madrid_SQM_evol_UCM_Zenodo4633001,"sqm_msas=18.50,solar_dep=19.69deg,inflection_method"
fajr,2016-10-12,06:51:32,2,40.4189,-3.6919,650.0,Madrid_SQM_evol_UCM_Zenodo4633001,"sqm_msas=15.19,solar_dep=18.13deg,inflection_method"
isha,2016-10-31,20:45:21,2,40.4189,-3.6919,650.0,Madrid_SQM_evol_UCM_Zenodo4633001,"sqm_msas=17.98,solar_dep=18.16deg,inflection_method"
fajr,2016-11-01,06:05:59,1,40.4189,-3.6919,650.0,Madrid_SQM_evol_UCM_Zenodo4633001,"sqm_msas=18.43,solar_dep=19.26deg,inflection_method"
isha,2016-11-01,19:43:56,1,40.4189,-3.6919,650.0,Madrid_SQM_evol_UCM_Zenodo4633001,"sqm_msas=17.58,solar_dep=18.09deg,inflection_method"
fajr,2016-11-02,06:04:28,1,40.4189,-3.6919,650.0,Madrid_SQM_evol_UCM_Zenodo4633001,"sqm_msas=18.16,solar_dep=19.75deg,inflection_method"
fajr,2016-11-03,06:04:56,1,40.4189,-3.6919,650.0,Madrid_SQM_evol_UCM_Zenodo4633001,"sqm_msas=18.16,solar_dep=19.85deg,inflection_method"
fajr,2016-11-04,06:10:42,1,40.4189,-3.6919,650.0,Madrid_SQM_evol_UCM_Zenodo4633001,"sqm_msas=15.66,solar_dep=18.95deg,inflection_method"
fajr,2016-11-05,06:08:12,1,40.4189,-3.6919,650.0,Madrid_SQM_evol_UCM_Zenodo4633001,"sqm_msas=15.60,solar_dep=19.61deg,inflection_method"
fajr,2016-11-06,06:12:41,1,40.4189,-3.6919,650.0,Madrid_SQM_evol_UCM_Zenodo4633001,"sqm_msas=18.65,solar_dep=18.96deg,inflection_method"
fajr,2016-11-07,06:09:29,1,40.4189,-3.6919,650.0,Madrid_SQM_evol_UCM_Zenodo4633001,"sqm_msas=18.50,solar_dep=19.75deg,inflection_method"
fajr,2016-11-08,06:14:40,1,40.4189,-3.6919,650.0,Madrid_SQM_evol_UCM_Zenodo4633001,"sqm_msas=18.47,solar_dep=18.96deg,inflection_method"
fajr,2016-11-09,06:12:20,1,40.4189,-3.6919,650.0,Madrid_SQM_evol_UCM_Zenodo4633001,"sqm_msas=16.93,solar_dep=19.59deg,inflection_method"
fajr,2016-11-10,06:17:26,1,40.4189,-3.6919,650.0,Madrid_SQM_evol_UCM_Zenodo4633001,"sqm_msas=18.43,solar_dep=18.82deg,inflection_method"
fajr,2016-11-12,06:16:01,1,40.4189,-3.6919,650.0,Madrid_SQM_evol_UCM_Zenodo4633001,"sqm_msas=18.42,solar_dep=19.47deg,inflection_method"
fajr,2016-11-13,06:15:15,1,40.4189,-3.6919,650.0,Madrid_SQM_evol_UCM_Zenodo4633001,"sqm_msas=18.42,solar_dep=19.80deg,inflection_method"
isha,2016-11-16,19:32:04,1,40.4189,-3.6919,650.0,Madrid_SQM_evol_UCM_Zenodo4633001,"sqm_msas=17.80,solar_dep=18.20deg,inflection_method"
isha,2016-11-17,19:31:19,1,40.4189,-3.6919,650.0,Madrid_SQM_evol_UCM_Zenodo4633001,"sqm_msas=17.14,solar_dep=18.17deg,inflection_method"
isha,2016-11-18,19:39:34,1,40.4189,-3.6919,650.0,Madrid_SQM_evol_UCM_Zenodo4633001,"sqm_msas=15.47,solar_dep=19.82deg,inflection_method"
isha,2016-11-19,19:33:06,1,40.4189,-3.6919,650.0,Madrid_SQM_evol_UCM_Zenodo4633001,"sqm_msas=17.09,solar_dep=18.70deg,inflection_method"
isha,2016-11-20,19:30:42,1,40.4189,-3.6919,650.0,Madrid_SQM_evol_UCM_Zenodo4633001,"sqm_msas=15.05,solar_dep=18.34deg,inflection_method"
isha,2016-11-21,19:33:54,1,40.4189,-3.6919,650.0,Madrid_SQM_evol_UCM_Zenodo4633001,"sqm_msas=15.67,solar_dep=19.02deg,inflection_method"
isha,2016-11-22,19:35:37,1,40.4189,-3.6919,650.0,Madrid_SQM_evol_UCM_Zenodo4633001,"sqm_msas=16.13,solar_dep=19.42deg,inflection_method"
isha,2016-11-23,19:34:22,1,40.4189,-3.6919,650.0,Madrid_SQM_evol_UCM_Zenodo4633001,"sqm_msas=17.50,solar_dep=19.26deg,inflection_method"
isha,2016-11-24,19:37:23,1,40.4189,-3.6919,650.0,Madrid_SQM_evol_UCM_Zenodo4633001,"sqm_msas=15.33,solar_dep=19.89deg,inflection_method"
isha,2016-11-25,19:29:07,1,40.4189,-3.6919,650.0,Madrid_SQM_evol_UCM_Zenodo4633001,"sqm_msas=14.79,solar_dep=18.40deg,inflection_method"
isha,2016-11-26,19:30:00,1,40.4189,-3.6919,650.0,Madrid_SQM_evol_UCM_Zenodo4633001,"sqm_msas=15.32,solar_dep=18.62deg,inflection_method"
isha,2016-11-27,19:33:39,1,40.4189,-3.6919,650.0,Madrid_SQM_evol_UCM_Zenodo4633001,"sqm_msas=15.27,solar_dep=19.35deg,inflection_method"
fajr,2016-11-28,06:32:41,1,40.4189,-3.6919,650.0,Madrid_SQM_evol_UCM_Zenodo4633001,"sqm_msas=15.75,solar_dep=19.22deg,inflection_method"
isha,2016-11-28,19:26:39,1,40.4189,-3.6919,650.0,Madrid_SQM_evol_UCM_Zenodo4633001,"sqm_msas=17.87,solar_dep=18.08deg,inflection_method"
fajr,2016-11-29,06:33:25,1,40.4189,-3.6919,650.0,Madrid_SQM_evol_UCM_Zenodo4633001,"sqm_msas=15.37,solar_dep=19.25deg,inflection_method"
isha,2016-11-29,19:26:38,1,40.4189,-3.6919,650.0,Madrid_SQM_evol_UCM_Zenodo4633001,"sqm_msas=15.84,solar_dep=18.12deg,inflection_method"
fajr,2016-11-30,06:31:21,1,40.4189,-3.6919,650.0,Madrid_SQM_evol_UCM_Zenodo4633001,"sqm_msas=15.36,solar_dep=19.80deg,inflection_method"
isha,2016-11-30,19:26:34,1,40.4189,-3.6919,650.0,Madrid_SQM_evol_UCM_Zenodo4633001,"sqm_msas=17.05,solar_dep=18.13deg,inflection_method"
fajr,2016-12-01,06:32:43,1,40.4189,-3.6919,650.0,Madrid_SQM_evol_UCM_Zenodo4633001,"sqm_msas=15.04,solar_dep=19.71deg,inflection_method"
isha,2016-12-20,19:33:19,1,40.4189,-3.6919,650.0,Madrid_SQM_evol_UCM_Zenodo4633001,"sqm_msas=17.67,solar_dep=18.70deg,inflection_method"
isha,2016-12-21,19:34:12,1,40.4189,-3.6919,650.0,Madrid_SQM_evol_UCM_Zenodo4633001,"sqm_msas=17.81,solar_dep=18.77deg,inflection_method"
isha,2016-12-22,19:31:41,1,40.4189,-3.6919,650.0,Madrid_SQM_evol_UCM_Zenodo4633001,"sqm_msas=17.81,solar_dep=18.22deg,inflection_method"
isha,2016-12-23,19:40:28,1,40.4189,-3.6919,650.0,Madrid_SQM_evol_UCM_Zenodo4633001,"sqm_msas=17.84,solar_dep=19.73deg,inflection_method"
isha,2016-12-24,19:32:46,1,40.4189,-3.6919,650.0,Madrid_SQM_evol_UCM_Zenodo4633001,"sqm_msas=18.17,solar_dep=18.21deg,inflection_method"
isha,2016-12-25,19:33:37,1,40.4189,-3.6919,650.0,Madrid_SQM_evol_UCM_Zenodo4633001,"sqm_msas=18.16,solar_dep=18.26deg,inflection_method"
isha,2016-12-26,19:38:05,1,40.4189,-3.6919,650.0,Madrid_SQM_evol_UCM_Zenodo4633001,"sqm_msas=18.09,solar_dep=18.96deg,inflection_method"
isha,2016-12-27,19:38:51,1,40.4189,-3.6919,650.0,Madrid_SQM_evol_UCM_Zenodo4633001,"sqm_msas=17.96,solar_dep=18.99deg,inflection_method"
fajr,2016-12-28,06:49:22,1,40.4189,-3.6919,650.0,Madrid_SQM_evol_UCM_Zenodo4633001,"sqm_msas=17.96,solar_dep=19.77deg,inflection_method"
isha,2016-12-28,19:34:47,1,40.4189,-3.6919,650.0,Madrid_SQM_evol_UCM_Zenodo4633001,"sqm_msas=17.97,solar_dep=18.12deg,inflection_method"
fajr,2016-12-29,19:34:56,1,40.4189,-3.6919,650.0,Madrid_SQM_evol_UCM_Zenodo4633001,"sqm_msas=18.00,solar_dep=18.02deg,inflection_method"
isha,2016-12-29,19:35:38,1,40.4189,-3.6919,650.0,Madrid_SQM_evol_UCM_Zenodo4633001,"sqm_msas=18.01,solar_dep=18.15deg,inflection_method"
fajr,2016-12-30,06:57:33,1,40.4189,-3.6919,650.0,Madrid_SQM_evol_UCM_Zenodo4633001,"sqm_msas=18.43,solar_dep=18.37deg,inflection_method"
isha,2016-12-30,19:35:45,1,40.4189,-3.6919,650.0,Madrid_SQM_evol_UCM_Zenodo4633001,"sqm_msas=18.02,solar_dep=18.04deg,inflection_method"
fajr,2016-12-31,06:50:02,1,40.4189,-3.6919,650.0,Madrid_SQM_evol_UCM_Zenodo4633001,"sqm_msas=18.28,solar_dep=19.80deg,inflection_method"
isha,2017-01-01,19:47:28,1,40.4189,-3.6919,650.0,Madrid_SQM_evol_UCM_Zenodo4633001,"sqm_msas=17.90,solar_dep=19.93deg,inflection_method"
fajr,2017-01-02,06:59:27,1,40.4189,-3.6919,650.0,Madrid_SQM_evol_UCM_Zenodo4633001,"sqm_msas=16.90,solar_dep=18.14deg,inflection_method"
isha,2017-01-02,19:38:27,1,40.4189,-3.6919,650.0,Madrid_SQM_evol_UCM_Zenodo4633001,"sqm_msas=15.77,solar_dep=18.12deg,inflection_method"
fajr,2017-01-03,07:00:19,1,40.4189,-3.6919,650.0,Madrid_SQM_evol_UCM_Zenodo4633001,"sqm_msas=16.81,solar_dep=18.01deg,inflection_method"
isha,2017-01-03,19:39:16,1,40.4189,-3.6919,650.0,Madrid_SQM_evol_UCM_Zenodo4633001,"sqm_msas=16.06,solar_dep=18.13deg,inflection_method"
fajr,2017-01-04,06:51:54,1,40.4189,-3.6919,650.0,Madrid_SQM_evol_UCM_Zenodo4633001,"sqm_msas=18.37,solar_dep=19.58deg,inflection_method"
isha,2017-01-04,19:39:29,1,40.4189,-3.6919,650.0,Madrid_SQM_evol_UCM_Zenodo4633001,"sqm_msas=18.02,solar_dep=18.02deg,inflection_method"
fajr,2017-01-05,06:51:20,1,40.4189,-3.6919,650.0,Madrid_SQM_evol_UCM_Zenodo4633001,"sqm_msas=15.50,solar_dep=19.71deg,inflection_method"
isha,2017-01-05,19:40:57,1,40.4189,-3.6919,650.0,Madrid_SQM_evol_UCM_Zenodo4633001,"sqm_msas=18.01,solar_dep=18.14deg,inflection_method"
fajr,2017-01-06,06:52:53,1,40.4189,-3.6919,650.0,Madrid_SQM_evol_UCM_Zenodo4633001,"sqm_msas=18.56,solar_dep=19.43deg,inflection_method"
isha,2017-01-06,19:41:16,1,40.4189,-3.6919,650.0,Madrid_SQM_evol_UCM_Zenodo4633001,"sqm_msas=17.90,solar_dep=18.04deg,inflection_method"
fajr,2017-01-07,06:52:35,1,40.4189,-3.6919,650.0,Madrid_SQM_evol_UCM_Zenodo4633001,"sqm_msas=18.50,solar_dep=19.49deg,inflection_method"
isha,2017-01-07,19:50:00,1,40.4189,-3.6919,650.0,Madrid_SQM_evol_UCM_Zenodo4633001,"sqm_msas=17.68,solar_dep=19.50deg,inflection_method"
fajr,2017-01-08,19:42:54,1,40.4189,-3.6919,650.0,Madrid_SQM_evol_UCM_Zenodo4633001,"sqm_msas=17.73,solar_dep=18.03deg,inflection_method"
isha,2017-01-08,19:45:42,1,40.4189,-3.6919,650.0,Madrid_SQM_evol_UCM_Zenodo4633001,"sqm_msas=17.72,solar_dep=18.55deg,inflection_method"
fajr,2017-01-09,06:52:00,1,40.4189,-3.6919,650.0,Madrid_SQM_evol_UCM_Zenodo4633001,"sqm_msas=18.49,solar_dep=19.59deg,inflection_method"
isha,2017-01-09,19:51:38,1,40.4189,-3.6919,650.0,Madrid_SQM_evol_UCM_Zenodo4633001,"sqm_msas=17.51,solar_dep=19.48deg,inflection_method"
fajr,2017-01-10,19:44:57,1,40.4189,-3.6919,650.0,Madrid_SQM_evol_UCM_Zenodo4633001,"sqm_msas=17.24,solar_dep=18.08deg,inflection_method"
isha,2017-01-10,19:47:03,1,40.4189,-3.6919,650.0,Madrid_SQM_evol_UCM_Zenodo4633001,"sqm_msas=17.29,solar_dep=18.47deg,inflection_method"
fajr,2017-01-11,06:52:02,1,40.4189,-3.6919,650.0,Madrid_SQM_evol_UCM_Zenodo4633001,"sqm_msas=15.85,solar_dep=19.56deg,inflection_method"
isha,2017-01-11,19:45:55,1,40.4189,-3.6919,650.0,Madrid_SQM_evol_UCM_Zenodo4633001,"sqm_msas=17.11,solar_dep=18.09deg,inflection_method"
fajr,2017-01-12,06:50:14,1,40.4189,-3.6919,650.0,Madrid_SQM_evol_UCM_Zenodo4633001,"sqm_msas=18.09,solar_dep=19.87deg,inflection_method"
isha,2017-01-12,19:47:04,1,40.4189,-3.6919,650.0,Madrid_SQM_evol_UCM_Zenodo4633001,"sqm_msas=17.61,solar_dep=18.13deg,inflection_method"
fajr,2017-01-13,19:47:26,1,40.4189,-3.6919,650.0,Madrid_SQM_evol_UCM_Zenodo4633001,"sqm_msas=17.85,solar_dep=18.03deg,inflection_method"
isha,2017-01-13,19:53:02,1,40.4189,-3.6919,650.0,Madrid_SQM_evol_UCM_Zenodo4633001,"sqm_msas=17.84,solar_dep=19.07deg,inflection_method"
fajr,2017-01-14,06:50:10,1,40.4189,-3.6919,650.0,Madrid_SQM_evol_UCM_Zenodo4633001,"sqm_msas=18.07,solar_dep=19.81deg,inflection_method"
isha,2017-01-14,19:49:06,1,40.4189,-3.6919,650.0,Madrid_SQM_evol_UCM_Zenodo4633001,"sqm_msas=18.10,solar_dep=18.16deg,inflection_method"
fajr,2017-01-15,06:52:42,1,40.4189,-3.6919,650.0,Madrid_SQM_evol_UCM_Zenodo4633001,"sqm_msas=17.05,solar_dep=19.30deg,inflection_method"
isha,2017-01-15,19:49:36,1,40.4189,-3.6919,650.0,Madrid_SQM_evol_UCM_Zenodo4633001,"sqm_msas=18.06,solar_dep=18.08deg,inflection_method"
fajr,2017-01-16,19:50:15,1,40.4189,-3.6919,650.0,Madrid_SQM_evol_UCM_Zenodo4633001,"sqm_msas=17.63,solar_dep=18.02deg,inflection_method"
isha,2017-01-16,19:58:46,1,40.4189,-3.6919,650.0,Madrid_SQM_evol_UCM_Zenodo4633001,"sqm_msas=17.65,solar_dep=19.61deg,inflection_method"
fajr,2017-01-17,06:51:43,1,40.4189,-3.6919,650.0,Madrid_SQM_evol_UCM_Zenodo4633001,"sqm_msas=18.23,solar_dep=19.37deg,inflection_method"
isha,2017-01-17,19:51:33,1,40.4189,-3.6919,650.0,Madrid_SQM_evol_UCM_Zenodo4633001,"sqm_msas=17.90,solar_dep=18.08deg,inflection_method"
fajr,2017-01-18,06:54:21,1,40.4189,-3.6919,650.0,Madrid_SQM_evol_UCM_Zenodo4633001,"sqm_msas=18.25,solar_dep=18.82deg,inflection_method"
isha,2017-01-18,19:52:47,1,40.4189,-3.6919,650.0,Madrid_SQM_evol_UCM_Zenodo4633001,"sqm_msas=17.85,solar_dep=18.13deg,inflection_method"
fajr,2017-01-19,06:58:27,1,40.4189,-3.6919,650.0,Madrid_SQM_evol_UCM_Zenodo4633001,"sqm_msas=17.14,solar_dep=17.99deg,inflection_method"
isha,2017-01-19,19:53:22,1,40.4189,-3.6919,650.0,Madrid_SQM_evol_UCM_Zenodo4633001,"sqm_msas=16.21,solar_dep=18.05deg,inflection_method"
fajr,2017-01-20,06:54:03,1,40.4189,-3.6919,650.0,Madrid_SQM_evol_UCM_Zenodo4633001,"sqm_msas=15.37,solar_dep=18.73deg,inflection_method"
isha,2017-01-20,19:54:37,1,40.4189,-3.6919,650.0,Madrid_SQM_evol_UCM_Zenodo4633001,"sqm_msas=16.64,solar_dep=18.10deg,inflection_method"
fajr,2017-01-21,06:51:13,1,40.4189,-3.6919,650.0,Madrid_SQM_evol_UCM_Zenodo4633001,"sqm_msas=15.49,solar_dep=19.18deg,inflection_method"
isha,2017-01-21,19:55:18,1,40.4189,-3.6919,650.0,Madrid_SQM_evol_UCM_Zenodo4633001,"sqm_msas=18.05,solar_dep=18.04deg,inflection_method"
fajr,2017-01-22,06:53:51,1,40.4189,-3.6919,650.0,Madrid_SQM_evol_UCM_Zenodo4633001,"sqm_msas=18.46,solar_dep=18.60deg,inflection_method"
isha,2017-01-22,19:56:39,1,40.4189,-3.6919,650.0,Madrid_SQM_evol_UCM_Zenodo4633001,"sqm_msas=17.89,solar_dep=18.10deg,inflection_method"
fajr,2017-01-23,06:56:39,1,40.4189,-3.6919,650.0,Madrid_SQM_evol_UCM_Zenodo4633001,"sqm_msas=17.69,solar_dep=17.99deg,inflection_method"
isha,2017-01-23,19:57:21,1,40.4189,-3.6919,650.0,Madrid_SQM_evol_UCM_Zenodo4633001,"sqm_msas=17.87,solar_dep=18.04deg,inflection_method"
fajr,2017-01-24,06:52:33,1,40.4189,-3.6919,650.0,Madrid_SQM_evol_UCM_Zenodo4633001,"sqm_msas=18.45,solar_dep=18.66deg,inflection_method"
isha,2017-01-24,19:58:57,1,40.4189,-3.6919,650.0,Madrid_SQM_evol_UCM_Zenodo4633001,"sqm_msas=17.87,solar_dep=18.15deg,inflection_method"
fajr,2017-01-25,06:49:15,1,40.4189,-3.6919,650.0,Madrid_SQM_evol_UCM_Zenodo4633001,"sqm_msas=18.45,solar_dep=19.17deg,inflection_method"
isha,2017-01-25,19:59:56,1,40.4189,-3.6919,650.0,Madrid_SQM_evol_UCM_Zenodo4633001,"sqm_msas=17.78,solar_dep=18.14deg,inflection_method"
fajr,2017-01-26,06:46:47,1,40.4189,-3.6919,650.0,Madrid_SQM_evol_UCM_Zenodo4633001,"sqm_msas=18.27,solar_dep=19.53deg,inflection_method"
isha,2017-01-26,20:01:03,1,40.4189,-3.6919,650.0,Madrid_SQM_evol_UCM_Zenodo4633001,"sqm_msas=14.99,solar_dep=18.15deg,inflection_method"
fajr,2017-01-27,06:46:22,1,40.4189,-3.6919,650.0,Madrid_SQM_evol_UCM_Zenodo4633001,"sqm_msas=15.19,solar_dep=19.49deg,inflection_method"
isha,2017-01-27,20:01:46,1,40.4189,-3.6919,650.0,Madrid_SQM_evol_UCM_Zenodo4633001,"sqm_msas=17.81,solar_dep=18.09deg,inflection_method"
fajr,2017-01-28,06:44:41,1,40.4189,-3.6919,650.0,Madrid_SQM_evol_UCM_Zenodo4633001,"sqm_msas=18.67,solar_dep=19.68deg,inflection_method"
isha,2017-01-28,20:03:06,1,40.4189,-3.6919,650.0,Madrid_SQM_evol_UCM_Zenodo4633001,"sqm_msas=18.05,solar_dep=18.14deg,inflection_method"
fajr,2017-01-29,20:03:43,1,40.4189,-3.6919,650.0,Madrid_SQM_evol_UCM_Zenodo4633001,"sqm_msas=15.37,solar_dep=18.06deg,inflection_method"
isha,2017-01-29,20:10:43,1,40.4189,-3.6919,650.0,Madrid_SQM_evol_UCM_Zenodo4633001,"sqm_msas=15.50,solar_dep=19.38deg,inflection_method"
fajr,2017-01-30,06:43:06,1,40.4189,-3.6919,650.0,Madrid_SQM_evol_UCM_Zenodo4633001,"sqm_msas=15.49,solar_dep=19.72deg,inflection_method"
isha,2017-01-30,20:05:06,1,40.4189,-3.6919,650.0,Madrid_SQM_evol_UCM_Zenodo4633001,"sqm_msas=16.08,solar_dep=18.12deg,inflection_method"
fajr,2017-01-31,06:51:34,1,40.4189,-3.6919,650.0,Madrid_SQM_evol_UCM_Zenodo4633001,"sqm_msas=16.78,solar_dep=17.98deg,inflection_method"
isha,2017-01-31,20:05:55,1,40.4189,-3.6919,650.0,Madrid_SQM_evol_UCM_Zenodo4633001,"sqm_msas=16.65,solar_dep=18.08deg,inflection_method"
fajr,2017-02-01,20:06:52,1,40.4189,-3.6919,650.0,Madrid_SQM_evol_UCM_Zenodo4633001,"sqm_msas=15.25,solar_dep=18.06deg,inflection_method"
isha,2017-02-01,20:07:35,1,40.4189,-3.6919,650.0,Madrid_SQM_evol_UCM_Zenodo4633001,"sqm_msas=15.08,solar_dep=18.19deg,inflection_method"
fajr,2017-02-02,06:42:55,1,40.4189,-3.6919,650.0,Madrid_SQM_evol_UCM_Zenodo4633001,"sqm_msas=15.22,solar_dep=19.32deg,inflection_method"
isha,2017-02-02,20:07:51,1,40.4189,-3.6919,650.0,Madrid_SQM_evol_UCM_Zenodo4633001,"sqm_msas=16.99,solar_dep=18.04deg,inflection_method"
fajr,2017-02-03,20:08:53,1,40.4189,-3.6919,650.0,Madrid_SQM_evol_UCM_Zenodo4633001,"sqm_msas=14.90,solar_dep=18.03deg,inflection_method"
isha,2017-02-03,20:10:17,1,40.4189,-3.6919,650.0,Madrid_SQM_evol_UCM_Zenodo4633001,"sqm_msas=14.87,solar_dep=18.30deg,inflection_method"
fajr,2017-02-04,06:46:56,1,40.4189,-3.6919,650.0,Madrid_SQM_evol_UCM_Zenodo4633001,"sqm_msas=17.71,solar_dep=18.23deg,inflection_method"
isha,2017-02-04,20:18:57,1,40.4189,-3.6919,650.0,Madrid_SQM_evol_UCM_Zenodo4633001,"sqm_msas=17.63,solar_dep=19.74deg,inflection_method"
fajr,2017-02-05,06:43:44,1,40.4189,-3.6919,650.0,Madrid_SQM_evol_UCM_Zenodo4633001,"sqm_msas=15.23,solar_dep=18.67deg,inflection_method"
isha,2017-02-05,20:11:00,1,40.4189,-3.6919,650.0,Madrid_SQM_evol_UCM_Zenodo4633001,"sqm_msas=17.14,solar_dep=18.03deg,inflection_method"
fajr,2017-02-06,06:37:54,1,40.4189,-3.6919,650.0,Madrid_SQM_evol_UCM_Zenodo4633001,"sqm_msas=15.37,solar_dep=19.60deg,inflection_method"
isha,2017-02-06,20:12:13,1,40.4189,-3.6919,650.0,Madrid_SQM_evol_UCM_Zenodo4633001,"sqm_msas=17.21,solar_dep=18.06deg,inflection_method"
fajr,2017-02-07,06:39:44,1,40.4189,-3.6919,650.0,Madrid_SQM_evol_UCM_Zenodo4633001,"sqm_msas=16.83,solar_dep=19.07deg,inflection_method"
isha,2017-02-07,20:13:24,1,40.4189,-3.6919,650.0,Madrid_SQM_evol_UCM_Zenodo4633001,"sqm_msas=17.49,solar_dep=18.08deg,inflection_method"
fajr,2017-02-08,06:36:02,1,40.4189,-3.6919,650.0,Madrid_SQM_evol_UCM_Zenodo4633001,"sqm_msas=18.54,solar_dep=19.59deg,inflection_method"
isha,2017-02-10,20:18:36,1,40.4189,-3.6919,650.0,Madrid_SQM_evol_UCM_Zenodo4633001,"sqm_msas=14.90,solar_dep=18.45deg,inflection_method"
fajr,2017-02-11,06:35:01,1,40.4189,-3.6919,650.0,Madrid_SQM_evol_UCM_Zenodo4633001,"sqm_msas=15.12,solar_dep=19.19deg,inflection_method"
isha,2017-02-11,20:18:01,1,40.4189,-3.6919,650.0,Madrid_SQM_evol_UCM_Zenodo4633001,"sqm_msas=14.99,solar_dep=18.14deg,inflection_method"
fajr,2017-02-12,06:36:44,1,40.4189,-3.6919,650.0,Madrid_SQM_evol_UCM_Zenodo4633001,"sqm_msas=15.22,solar_dep=18.66deg,inflection_method"
isha,2017-02-12,20:18:31,1,40.4189,-3.6919,650.0,Madrid_SQM_evol_UCM_Zenodo4633001,"sqm_msas=14.98,solar_dep=18.03deg,inflection_method"
fajr,2017-02-13,06:32:13,1,40.4189,-3.6919,650.0,Madrid_SQM_evol_UCM_Zenodo4633001,"sqm_msas=15.31,solar_dep=19.30deg,inflection_method"
isha,2017-02-13,20:20:15,1,40.4189,-3.6919,650.0,Madrid_SQM_evol_UCM_Zenodo4633001,"sqm_msas=16.54,solar_dep=18.15deg,inflection_method"
fajr,2017-02-14,06:31:30,1,40.4189,-3.6919,650.0,Madrid_SQM_evol_UCM_Zenodo4633001,"sqm_msas=16.66,solar_dep=19.22deg,inflection_method"
isha,2017-02-14,20:21:07,1,40.4189,-3.6919,650.0,Madrid_SQM_evol_UCM_Zenodo4633001,"sqm_msas=15.08,solar_dep=18.11deg,inflection_method"
fajr,2017-02-15,06:36:42,1,40.4189,-3.6919,650.0,Madrid_SQM_evol_UCM_Zenodo4633001,"sqm_msas=16.72,solar_dep=18.01deg,inflection_method"
isha,2017-02-15,20:22:23,1,40.4189,-3.6919,650.0,Madrid_SQM_evol_UCM_Zenodo4633001,"sqm_msas=16.16,solar_dep=18.15deg,inflection_method"
fajr,2017-02-16,06:31:51,1,40.4189,-3.6919,650.0,Madrid_SQM_evol_UCM_Zenodo4633001,"sqm_msas=17.82,solar_dep=18.71deg,inflection_method"
isha,2017-02-16,20:23:23,1,40.4189,-3.6919,650.0,Madrid_SQM_evol_UCM_Zenodo4633001,"sqm_msas=17.49,solar_dep=18.13deg,inflection_method"
fajr,2017-02-17,06:30:36,1,40.4189,-3.6919,650.0,Madrid_SQM_evol_UCM_Zenodo4633001,"sqm_msas=18.20,solar_dep=18.71deg,inflection_method"
isha,2017-02-17,20:24:31,1,40.4189,-3.6919,650.0,Madrid_SQM_evol_UCM_Zenodo4633001,"sqm_msas=17.91,solar_dep=18.14deg,inflection_method"
fajr,2017-02-18,06:23:20,1,40.4189,-3.6919,650.0,Madrid_SQM_evol_UCM_Zenodo4633001,"sqm_msas=17.83,solar_dep=19.86deg,inflection_method"
isha,2017-02-18,20:25:02,1,40.4189,-3.6919,650.0,Madrid_SQM_evol_UCM_Zenodo4633001,"sqm_msas=16.24,solar_dep=18.03deg,inflection_method"
fajr,2017-02-19,06:25:16,1,40.4189,-3.6919,650.0,Madrid_SQM_evol_UCM_Zenodo4633001,"sqm_msas=16.53,solar_dep=19.25deg,inflection_method"
isha,2017-02-19,20:26:17,1,40.4189,-3.6919,650.0,Madrid_SQM_evol_UCM_Zenodo4633001,"sqm_msas=18.02,solar_dep=18.07deg,inflection_method"
fajr,2017-02-20,06:22:14,1,40.4189,-3.6919,650.0,Madrid_SQM_evol_UCM_Zenodo4633001,"sqm_msas=18.43,solar_dep=19.58deg,inflection_method"
isha,2017-02-20,20:27:25,1,40.4189,-3.6919,650.0,Madrid_SQM_evol_UCM_Zenodo4633001,"sqm_msas=17.79,solar_dep=18.07deg,inflection_method"
fajr,2017-02-21,06:22:44,1,40.4189,-3.6919,650.0,Madrid_SQM_evol_UCM_Zenodo4633001,"sqm_msas=18.43,solar_dep=19.24deg,inflection_method"
isha,2017-02-21,20:28:46,1,40.4189,-3.6919,650.0,Madrid_SQM_evol_UCM_Zenodo4633001,"sqm_msas=17.61,solar_dep=18.12deg,inflection_method"
fajr,2017-02-22,20:29:26,1,40.4189,-3.6919,650.0,Madrid_SQM_evol_UCM_Zenodo4633001,"sqm_msas=16.20,solar_dep=18.04deg,inflection_method"
isha,2017-02-22,20:30:50,1,40.4189,-3.6919,650.0,Madrid_SQM_evol_UCM_Zenodo4633001,"sqm_msas=16.21,solar_dep=18.31deg,inflection_method"
fajr,2017-02-23,06:16:59,1,40.4189,-3.6919,650.0,Madrid_SQM_evol_UCM_Zenodo4633001,"sqm_msas=16.28,solar_dep=19.82deg,inflection_method"
isha,2017-02-23,20:30:48,1,40.4189,-3.6919,650.0,Madrid_SQM_evol_UCM_Zenodo4633001,"sqm_msas=14.97,solar_dep=18.10deg,inflection_method"
fajr,2017-02-24,06:15:33,1,40.4189,-3.6919,650.0,Madrid_SQM_evol_UCM_Zenodo4633001,"sqm_msas=17.20,solar_dep=19.83deg,inflection_method"
isha,2017-02-27,20:36:10,1,40.4189,-3.6919,650.0,Madrid_SQM_evol_UCM_Zenodo4633001,"sqm_msas=17.91,solar_dep=18.28deg,inflection_method"
fajr,2017-02-28,06:09:56,1,40.4189,-3.6919,650.0,Madrid_SQM_evol_UCM_Zenodo4633001,"sqm_msas=16.37,solar_dep=19.80deg,inflection_method"
isha,2017-02-28,20:36:33,1,40.4189,-3.6919,650.0,Madrid_SQM_evol_UCM_Zenodo4633001,"sqm_msas=15.44,solar_dep=18.14deg,inflection_method"
fajr,2017-03-01,06:12:57,1,40.4189,-3.6919,650.0,Madrid_SQM_evol_UCM_Zenodo4633001,"sqm_msas=18.61,solar_dep=18.95deg,inflection_method"
isha,2017-03-01,20:37:32,1,40.4189,-3.6919,650.0,Madrid_SQM_evol_UCM_Zenodo4633001,"sqm_msas=17.86,solar_dep=18.12deg,inflection_method"
fajr,2017-03-02,20:38:26,1,40.4189,-3.6919,650.0,Madrid_SQM_evol_UCM_Zenodo4633001,"sqm_msas=17.73,solar_dep=18.08deg,inflection_method"
isha,2017-03-02,20:44:44,1,40.4189,-3.6919,650.0,Madrid_SQM_evol_UCM_Zenodo4633001,"sqm_msas=17.75,solar_dep=19.27deg,inflection_method"
fajr,2017-03-03,06:09:14,1,40.4189,-3.6919,650.0,Madrid_SQM_evol_UCM_Zenodo4633001,"sqm_msas=17.10,solar_dep=19.08deg,inflection_method"
isha,2017-03-03,20:40:13,1,40.4189,-3.6919,650.0,Madrid_SQM_evol_UCM_Zenodo4633001,"sqm_msas=17.45,solar_dep=18.21deg,inflection_method"
fajr,2017-03-04,06:06:38,1,40.4189,-3.6919,650.0,Madrid_SQM_evol_UCM_Zenodo4633001,"sqm_msas=18.61,solar_dep=19.28deg,inflection_method"
isha,2017-03-04,20:48:14,1,40.4189,-3.6919,650.0,Madrid_SQM_evol_UCM_Zenodo4633001,"sqm_msas=17.82,solar_dep=19.51deg,inflection_method"
fajr,2017-03-05,20:41:41,1,40.4189,-3.6919,650.0,Madrid_SQM_evol_UCM_Zenodo4633001,"sqm_msas=16.68,solar_dep=18.07deg,inflection_method"
isha,2017-03-05,20:45:12,1,40.4189,-3.6919,650.0,Madrid_SQM_evol_UCM_Zenodo4633001,"sqm_msas=16.89,solar_dep=18.73deg,inflection_method"
fajr,2017-03-06,06:06:00,1,40.4189,-3.6919,650.0,Madrid_SQM_evol_UCM_Zenodo4633001,"sqm_msas=16.91,solar_dep=18.81deg,inflection_method"
isha,2017-03-06,20:42:53,1,40.4189,-3.6919,650.0,Madrid_SQM_evol_UCM_Zenodo4633001,"sqm_msas=16.92,solar_dep=18.09deg,inflection_method"
fajr,2017-03-07,05:58:51,1,40.4189,-3.6919,650.0,Madrid_SQM_evol_UCM_Zenodo4633001,"sqm_msas=18.47,solar_dep=19.86deg,inflection_method"
isha,2017-03-07,20:44:11,1,40.4189,-3.6919,650.0,Madrid_SQM_evol_UCM_Zenodo4633001,"sqm_msas=15.77,solar_dep=18.12deg,inflection_method"
fajr,2017-03-08,05:57:19,1,40.4189,-3.6919,650.0,Madrid_SQM_evol_UCM_Zenodo4633001,"sqm_msas=18.15,solar_dep=19.84deg,inflection_method"
isha,2017-03-08,20:44:51,1,40.4189,-3.6919,650.0,Madrid_SQM_evol_UCM_Zenodo4633001,"sqm_msas=17.14,solar_dep=18.04deg,inflection_method"
fajr,2017-03-09,05:59:25,1,40.4189,-3.6919,650.0,Madrid_SQM_evol_UCM_Zenodo4633001,"sqm_msas=18.55,solar_dep=19.14deg,inflection_method"
isha,2017-03-09,20:47:39,1,40.4189,-3.6919,650.0,Madrid_SQM_evol_UCM_Zenodo4633001,"sqm_msas=17.43,solar_dep=18.35deg,inflection_method"
fajr,2017-03-10,05:58:41,1,40.4189,-3.6919,650.0,Madrid_SQM_evol_UCM_Zenodo4633001,"sqm_msas=18.46,solar_dep=18.97deg,inflection_method"
isha,2017-03-10,20:47:42,1,40.4189,-3.6919,650.0,Madrid_SQM_evol_UCM_Zenodo4633001,"sqm_msas=17.49,solar_dep=18.15deg,inflection_method"
fajr,2017-03-11,05:59:26,1,40.4189,-3.6919,650.0,Madrid_SQM_evol_UCM_Zenodo4633001,"sqm_msas=18.18,solar_dep=18.52deg,inflection_method"
isha,2017-03-11,20:48:24,1,40.4189,-3.6919,650.0,Madrid_SQM_evol_UCM_Zenodo4633001,"sqm_msas=16.88,solar_dep=18.07deg,inflection_method"
fajr,2017-03-12,06:00:10,1,40.4189,-3.6919,650.0,Madrid_SQM_evol_UCM_Zenodo4633001,"sqm_msas=18.09,solar_dep=18.08deg,inflection_method"
isha,2017-03-12,20:49:59,1,40.4189,-3.6919,650.0,Madrid_SQM_evol_UCM_Zenodo4633001,"sqm_msas=14.95,solar_dep=18.15deg,inflection_method"
fajr,2017-03-13,05:49:51,1,40.4189,-3.6919,650.0,Madrid_SQM_evol_UCM_Zenodo4633001,"sqm_msas=15.77,solar_dep=19.68deg,inflection_method"
isha,2017-03-13,20:50:54,1,40.4189,-3.6919,650.0,Madrid_SQM_evol_UCM_Zenodo4633001,"sqm_msas=15.46,solar_dep=18.11deg,inflection_method"
fajr,2017-03-14,05:47:59,1,40.4189,-3.6919,650.0,Madrid_SQM_evol_UCM_Zenodo4633001,"sqm_msas=16.51,solar_dep=19.71deg,inflection_method"
isha,2017-03-14,20:51:51,1,40.4189,-3.6919,650.0,Madrid_SQM_evol_UCM_Zenodo4633001,"sqm_msas=17.54,solar_dep=18.07deg,inflection_method"
fajr,2017-03-15,05:50:25,1,40.4189,-3.6919,650.0,Madrid_SQM_evol_UCM_Zenodo4633001,"sqm_msas=18.09,solar_dep=18.94deg,inflection_method"
isha,2017-03-15,20:52:58,1,40.4189,-3.6919,650.0,Madrid_SQM_evol_UCM_Zenodo4633001,"sqm_msas=17.71,solar_dep=18.07deg,inflection_method"
fajr,2017-03-16,05:44:23,1,40.4189,-3.6919,650.0,Madrid_SQM_evol_UCM_Zenodo4633001,"sqm_msas=18.02,solar_dep=19.74deg,inflection_method"
isha,2017-03-16,20:54:35,1,40.4189,-3.6919,650.0,Madrid_SQM_evol_UCM_Zenodo4633001,"sqm_msas=17.82,solar_dep=18.15deg,inflection_method"
fajr,2017-03-17,05:42:35,1,40.4189,-3.6919,650.0,Madrid_SQM_evol_UCM_Zenodo4633001,"sqm_msas=18.29,solar_dep=19.75deg,inflection_method"
isha,2017-03-17,20:55:40,1,40.4189,-3.6919,650.0,Madrid_SQM_evol_UCM_Zenodo4633001,"sqm_msas=17.96,solar_dep=18.14deg,inflection_method"
fajr,2017-03-18,05:46:27,1,40.4189,-3.6919,650.0,Madrid_SQM_evol_UCM_Zenodo4633001,"sqm_msas=18.31,solar_dep=18.71deg,inflection_method"
isha,2017-03-18,20:56:42,1,40.4189,-3.6919,650.0,Madrid_SQM_evol_UCM_Zenodo4633001,"sqm_msas=17.99,solar_dep=18.11deg,inflection_method"
fajr,2017-03-19,05:39:34,1,40.4189,-3.6919,650.0,Madrid_SQM_evol_UCM_Zenodo4633001,"sqm_msas=18.42,solar_dep=19.65deg,inflection_method"
isha,2017-03-19,21:03:22,1,40.4189,-3.6919,650.0,Madrid_SQM_evol_UCM_Zenodo4633001,"sqm_msas=16.65,solar_dep=19.12deg,inflection_method"
fajr,2017-03-20,20:58:54,1,40.4189,-3.6919,650.0,Madrid_SQM_evol_UCM_Zenodo4633001,"sqm_msas=17.91,solar_dep=18.09deg,inflection_method"
isha,2017-03-20,21:02:24,1,40.4189,-3.6919,650.0,Madrid_SQM_evol_UCM_Zenodo4633001,"sqm_msas=17.92,solar_dep=18.72deg,inflection_method"
fajr,2017-03-21,05:38:57,1,40.4189,-3.6919,650.0,Madrid_SQM_evol_UCM_Zenodo4633001,"sqm_msas=17.08,solar_dep=19.11deg,inflection_method"
isha,2017-03-21,21:02:52,1,40.4189,-3.6919,650.0,Madrid_SQM_evol_UCM_Zenodo4633001,"sqm_msas=17.89,solar_dep=18.59deg,inflection_method"
fajr,2017-03-22,05:40:48,1,40.4189,-3.6919,650.0,Madrid_SQM_evol_UCM_Zenodo4633001,"sqm_msas=16.68,solar_dep=18.45deg,inflection_method"
isha,2017-03-22,21:01:18,1,40.4189,-3.6919,650.0,Madrid_SQM_evol_UCM_Zenodo4633001,"sqm_msas=15.10,solar_dep=18.09deg,inflection_method"
fajr,2017-03-23,05:32:16,1,40.4189,-3.6919,650.0,Madrid_SQM_evol_UCM_Zenodo4633001,"sqm_msas=18.75,solar_dep=19.67deg,inflection_method"
isha,2017-03-23,21:02:34,1,40.4189,-3.6919,650.0,Madrid_SQM_evol_UCM_Zenodo4633001,"sqm_msas=15.35,solar_dep=18.10deg,inflection_method"
fajr,2017-03-24,05:38:26,1,40.4189,-3.6919,650.0,Madrid_SQM_evol_UCM_Zenodo4633001,"sqm_msas=16.28,solar_dep=18.23deg,inflection_method"
isha,2017-03-24,21:03:54,1,40.4189,-3.6919,650.0,Madrid_SQM_evol_UCM_Zenodo4633001,"sqm_msas=17.56,solar_dep=18.13deg,inflection_method"
fajr,2017-03-25,05:30:01,1,40.4189,-3.6919,650.0,Madrid_SQM_evol_UCM_Zenodo4633001,"sqm_msas=17.33,solar_dep=19.41deg,inflection_method"
isha,2017-03-25,21:04:41,1,40.4189,-3.6919,650.0,Madrid_SQM_evol_UCM_Zenodo4633001,"sqm_msas=15.35,solar_dep=18.05deg,inflection_method"
fajr,2017-03-26,05:26:32,1,40.4189,-3.6919,650.0,Madrid_SQM_evol_UCM_Zenodo4633001,"sqm_msas=15.56,solar_dep=19.71deg,inflection_method"
isha,2017-03-26,21:11:05,1,40.4189,-3.6919,650.0,Madrid_SQM_evol_UCM_Zenodo4633001,"sqm_msas=17.07,solar_dep=18.97deg,inflection_method"
fajr,2017-03-27,05:25:11,1,40.4189,-3.6919,650.0,Madrid_SQM_evol_UCM_Zenodo4633001,"sqm_msas=15.53,solar_dep=19.62deg,inflection_method"
isha,2017-03-27,21:07:35,1,40.4189,-3.6919,650.0,Madrid_SQM_evol_UCM_Zenodo4633001,"sqm_msas=18.08,solar_dep=18.13deg,inflection_method"
fajr,2017-03-28,05:29:26,1,40.4189,-3.6919,650.0,Madrid_SQM_evol_UCM_Zenodo4633001,"sqm_msas=16.48,solar_dep=18.53deg,inflection_method"
isha,2017-03-28,21:08:27,1,40.4189,-3.6919,650.0,Madrid_SQM_evol_UCM_Zenodo4633001,"sqm_msas=18.08,solar_dep=18.06deg,inflection_method"
fajr,2017-03-29,05:23:21,1,40.4189,-3.6919,650.0,Madrid_SQM_evol_UCM_Zenodo4633001,"sqm_msas=18.59,solar_dep=19.28deg,inflection_method"
isha,2017-03-29,21:09:56,1,40.4189,-3.6919,650.0,Madrid_SQM_evol_UCM_Zenodo4633001,"sqm_msas=18.06,solar_dep=18.11deg,inflection_method"
fajr,2017-03-30,05:24:03,1,40.4189,-3.6919,650.0,Madrid_SQM_evol_UCM_Zenodo4633001,"sqm_msas=18.46,solar_dep=18.83deg,inflection_method"
isha,2017-03-30,21:11:27,1,40.4189,-3.6919,650.0,Madrid_SQM_evol_UCM_Zenodo4633001,"sqm_msas=16.74,solar_dep=18.15deg,inflection_method"
fajr,2017-03-31,21:12:13,1,40.4189,-3.6919,650.0,Madrid_SQM_evol_UCM_Zenodo4633001,"sqm_msas=17.51,solar_dep=18.06deg,inflection_method"
isha,2017-03-31,21:12:55,1,40.4189,-3.6919,650.0,Madrid_SQM_evol_UCM_Zenodo4633001,"sqm_msas=17.23,solar_dep=18.19deg,inflection_method"
fajr,2017-04-01,06:22:51,2,40.4189,-3.6919,650.0,Madrid_SQM_evol_UCM_Zenodo4633001,"sqm_msas=18.58,solar_dep=18.39deg,inflection_method"
isha,2017-04-01,22:13:51,2,40.4189,-3.6919,650.0,Madrid_SQM_evol_UCM_Zenodo4633001,"sqm_msas=18.12,solar_dep=18.13deg,inflection_method"
fajr,2017-04-02,06:12:32,2,40.4189,-3.6919,650.0,Madrid_SQM_evol_UCM_Zenodo4633001,"sqm_msas=18.60,solar_dep=19.85deg,inflection_method"
isha,2017-04-02,22:14:53,2,40.4189,-3.6919,650.0,Madrid_SQM_evol_UCM_Zenodo4633001,"sqm_msas=18.12,solar_dep=18.09deg,inflection_method"
fajr,2017-04-03,22:16:00,2,40.4189,-3.6919,650.0,Madrid_SQM_evol_UCM_Zenodo4633001,"sqm_msas=17.94,solar_dep=18.06deg,inflection_method"
isha,2017-04-03,22:25:49,2,40.4189,-3.6919,650.0,Madrid_SQM_evol_UCM_Zenodo4633001,"sqm_msas=17.80,solar_dep=19.74deg,inflection_method"
fajr,2017-04-04,22:17:11,2,40.4189,-3.6919,650.0,Madrid_SQM_evol_UCM_Zenodo4633001,"sqm_msas=17.66,solar_dep=18.04deg,inflection_method"
isha,2017-04-04,22:18:35,2,40.4189,-3.6919,650.0,Madrid_SQM_evol_UCM_Zenodo4633001,"sqm_msas=17.67,solar_dep=18.28deg,inflection_method"
fajr,2017-04-05,06:17:16,2,40.4189,-3.6919,650.0,Madrid_SQM_evol_UCM_Zenodo4633001,"sqm_msas=18.49,solar_dep=18.06deg,inflection_method"
isha,2017-04-06,22:25:35,2,40.4189,-3.6919,650.0,Madrid_SQM_evol_UCM_Zenodo4633001,"sqm_msas=17.38,solar_dep=19.02deg,inflection_method"
fajr,2017-04-07,06:07:31,2,40.4189,-3.6919,650.0,Madrid_SQM_evol_UCM_Zenodo4633001,"sqm_msas=18.65,solar_dep=19.08deg,inflection_method"
isha,2017-04-07,22:21:25,2,40.4189,-3.6919,650.0,Madrid_SQM_evol_UCM_Zenodo4633001,"sqm_msas=17.49,solar_dep=18.09deg,inflection_method"
fajr,2017-04-08,06:04:43,2,40.4189,-3.6919,650.0,Madrid_SQM_evol_UCM_Zenodo4633001,"sqm_msas=18.37,solar_dep=19.23deg,inflection_method"
isha,2017-04-08,22:22:47,2,40.4189,-3.6919,650.0,Madrid_SQM_evol_UCM_Zenodo4633001,"sqm_msas=17.57,solar_dep=18.09deg,inflection_method"
fajr,2017-04-09,06:06:47,2,40.4189,-3.6919,650.0,Madrid_SQM_evol_UCM_Zenodo4633001,"sqm_msas=18.27,solar_dep=18.56deg,inflection_method"
isha,2017-04-09,22:24:15,2,40.4189,-3.6919,650.0,Madrid_SQM_evol_UCM_Zenodo4633001,"sqm_msas=17.77,solar_dep=18.12deg,inflection_method"
fajr,2017-04-10,06:05:17,2,40.4189,-3.6919,650.0,Madrid_SQM_evol_UCM_Zenodo4633001,"sqm_msas=18.16,solar_dep=18.49deg,inflection_method"
isha,2017-04-10,22:25:36,2,40.4189,-3.6919,650.0,Madrid_SQM_evol_UCM_Zenodo4633001,"sqm_msas=17.74,solar_dep=18.12deg,inflection_method"
fajr,2017-04-11,06:05:19,2,40.4189,-3.6919,650.0,Madrid_SQM_evol_UCM_Zenodo4633001,"sqm_msas=17.98,solar_dep=18.17deg,inflection_method"
isha,2017-04-11,22:27:01,2,40.4189,-3.6919,650.0,Madrid_SQM_evol_UCM_Zenodo4633001,"sqm_msas=17.80,solar_dep=18.13deg,inflection_method"
fajr,2017-04-12,05:54:07,2,40.4189,-3.6919,650.0,Madrid_SQM_evol_UCM_Zenodo4633001,"sqm_msas=17.98,solar_dep=19.70deg,inflection_method"
isha,2017-04-12,22:28:32,2,40.4189,-3.6919,650.0,Madrid_SQM_evol_UCM_Zenodo4633001,"sqm_msas=17.96,solar_dep=18.15deg,inflection_method"
fajr,2017-04-13,22:29:14,2,40.4189,-3.6919,650.0,Madrid_SQM_evol_UCM_Zenodo4633001,"sqm_msas=17.84,solar_dep=18.04deg,inflection_method"
isha,2017-04-13,22:30:38,2,40.4189,-3.6919,650.0,Madrid_SQM_evol_UCM_Zenodo4633001,"sqm_msas=17.85,solar_dep=18.27deg,inflection_method"
fajr,2017-04-14,05:58:28,2,40.4189,-3.6919,650.0,Madrid_SQM_evol_UCM_Zenodo4633001,"sqm_msas=17.71,solar_dep=18.37deg,inflection_method"
isha,2017-04-14,22:30:42,2,40.4189,-3.6919,650.0,Madrid_SQM_evol_UCM_Zenodo4633001,"sqm_msas=18.14,solar_dep=18.05deg,inflection_method"
fajr,2017-04-15,22:32:06,2,40.4189,-3.6919,650.0,Madrid_SQM_evol_UCM_Zenodo4633001,"sqm_msas=18.15,solar_dep=18.05deg,inflection_method"
isha,2017-04-15,22:39:07,2,40.4189,-3.6919,650.0,Madrid_SQM_evol_UCM_Zenodo4633001,"sqm_msas=18.00,solar_dep=19.18deg,inflection_method"
fajr,2017-04-16,22:33:31,2,40.4189,-3.6919,650.0,Madrid_SQM_evol_UCM_Zenodo4633001,"sqm_msas=18.29,solar_dep=18.05deg,inflection_method"
isha,2017-04-16,22:45:25,2,40.4189,-3.6919,650.0,Madrid_SQM_evol_UCM_Zenodo4633001,"sqm_msas=18.30,solar_dep=19.95deg,inflection_method"
fajr,2017-04-17,05:47:05,2,40.4189,-3.6919,650.0,Madrid_SQM_evol_UCM_Zenodo4633001,"sqm_msas=18.45,solar_dep=19.28deg,inflection_method"
isha,2017-04-17,22:35:03,2,40.4189,-3.6919,650.0,Madrid_SQM_evol_UCM_Zenodo4633001,"sqm_msas=18.01,solar_dep=18.07deg,inflection_method"
fajr,2017-04-18,05:52:18,2,40.4189,-3.6919,650.0,Madrid_SQM_evol_UCM_Zenodo4633001,"sqm_msas=18.39,solar_dep=18.15deg,inflection_method"
isha,2017-04-18,22:36:37,2,40.4189,-3.6919,650.0,Madrid_SQM_evol_UCM_Zenodo4633001,"sqm_msas=17.98,solar_dep=18.10deg,inflection_method"
fajr,2017-04-19,05:45:18,2,40.4189,-3.6919,650.0,Madrid_SQM_evol_UCM_Zenodo4633001,"sqm_msas=17.09,solar_dep=18.96deg,inflection_method"
isha,2017-04-19,22:38:16,2,40.4189,-3.6919,650.0,Madrid_SQM_evol_UCM_Zenodo4633001,"sqm_msas=16.53,solar_dep=18.13deg,inflection_method"
fajr,2017-04-20,22:39:13,2,40.4189,-3.6919,650.0,Madrid_SQM_evol_UCM_Zenodo4633001,"sqm_msas=18.00,solar_dep=18.05deg,inflection_method"
isha,2017-04-20,22:45:31,2,40.4189,-3.6919,650.0,Madrid_SQM_evol_UCM_Zenodo4633001,"sqm_msas=18.01,solar_dep=19.04deg,inflection_method"
fajr,2017-04-21,05:38:04,2,40.4189,-3.6919,650.0,Madrid_SQM_evol_UCM_Zenodo4633001,"sqm_msas=18.66,solar_dep=19.49deg,inflection_method"
isha,2017-04-21,22:40:55,2,40.4189,-3.6919,650.0,Madrid_SQM_evol_UCM_Zenodo4633001,"sqm_msas=18.21,solar_dep=18.09deg,inflection_method"
fajr,2017-04-22,05:44:47,2,40.4189,-3.6919,650.0,Madrid_SQM_evol_UCM_Zenodo4633001,"sqm_msas=18.59,solar_dep=18.16deg,inflection_method"
isha,2017-04-22,22:53:24,2,40.4189,-3.6919,650.0,Madrid_SQM_evol_UCM_Zenodo4633001,"sqm_msas=16.95,solar_dep=19.78deg,inflection_method"
fajr,2017-04-23,05:37:27,2,40.4189,-3.6919,650.0,Madrid_SQM_evol_UCM_Zenodo4633001,"sqm_msas=18.03,solar_dep=19.01deg,inflection_method"
isha,2017-04-23,22:43:57,2,40.4189,-3.6919,650.0,Madrid_SQM_evol_UCM_Zenodo4633001,"sqm_msas=18.09,solar_dep=18.11deg,inflection_method"
fajr,2017-04-24,05:34:34,2,40.4189,-3.6919,650.0,Madrid_SQM_evol_UCM_Zenodo4633001,"sqm_msas=18.41,solar_dep=19.16deg,inflection_method"
isha,2017-04-24,22:52:23,2,40.4189,-3.6919,650.0,Madrid_SQM_evol_UCM_Zenodo4633001,"sqm_msas=17.60,solar_dep=19.16deg,inflection_method"
fajr,2017-04-25,05:31:01,2,40.4189,-3.6919,650.0,Madrid_SQM_evol_UCM_Zenodo4633001,"sqm_msas=15.47,solar_dep=19.41deg,inflection_method"
isha,2017-04-25,22:53:03,2,40.4189,-3.6919,650.0,Madrid_SQM_evol_UCM_Zenodo4633001,"sqm_msas=15.74,solar_dep=19.03deg,inflection_method"
fajr,2017-04-26,22:48:00,2,40.4189,-3.6919,650.0,Madrid_SQM_evol_UCM_Zenodo4633001,"sqm_msas=15.82,solar_dep=18.04deg,inflection_method"
isha,2017-04-26,22:58:37,2,40.4189,-3.6919,650.0,Madrid_SQM_evol_UCM_Zenodo4633001,"sqm_msas=15.67,solar_dep=19.62deg,inflection_method"
fajr,2017-04-27,05:31:27,2,40.4189,-3.6919,650.0,Madrid_SQM_evol_UCM_Zenodo4633001,"sqm_msas=15.51,solar_dep=18.79deg,inflection_method"
isha,2017-04-27,22:49:51,2,40.4189,-3.6919,650.0,Madrid_SQM_evol_UCM_Zenodo4633001,"sqm_msas=17.50,solar_dep=18.10deg,inflection_method"
fajr,2017-04-28,05:26:17,2,40.4189,-3.6919,650.0,Madrid_SQM_evol_UCM_Zenodo4633001,"sqm_msas=16.96,solar_dep=19.28deg,inflection_method"
isha,2017-04-28,22:51:06,2,40.4189,-3.6919,650.0,Madrid_SQM_evol_UCM_Zenodo4633001,"sqm_msas=15.82,solar_dep=18.06deg,inflection_method"
fajr,2017-04-29,05:26:13,2,40.4189,-3.6919,650.0,Madrid_SQM_evol_UCM_Zenodo4633001,"sqm_msas=15.55,solar_dep=19.02deg,inflection_method"
isha,2017-04-29,22:53:07,2,40.4189,-3.6919,650.0,Madrid_SQM_evol_UCM_Zenodo4633001,"sqm_msas=17.53,solar_dep=18.13deg,inflection_method"
fajr,2017-04-30,05:27:32,2,40.4189,-3.6919,650.0,Madrid_SQM_evol_UCM_Zenodo4633001,"sqm_msas=16.19,solar_dep=18.56deg,inflection_method"
isha,2017-04-30,22:54:36,2,40.4189,-3.6919,650.0,Madrid_SQM_evol_UCM_Zenodo4633001,"sqm_msas=18.31,solar_dep=18.13deg,inflection_method"
fajr,2017-05-01,05:19:43,2,40.4189,-3.6919,650.0,Madrid_SQM_evol_UCM_Zenodo4633001,"sqm_msas=18.77,solar_dep=19.43deg,inflection_method"
isha,2017-05-01,22:56:02,2,40.4189,-3.6919,650.0,Madrid_SQM_evol_UCM_Zenodo4633001,"sqm_msas=18.33,solar_dep=18.11deg,inflection_method"
fajr,2017-05-02,05:19:46,2,40.4189,-3.6919,650.0,Madrid_SQM_evol_UCM_Zenodo4633001,"sqm_msas=16.31,solar_dep=19.17deg,inflection_method"
isha,2017-05-02,22:57:34,2,40.4189,-3.6919,650.0,Madrid_SQM_evol_UCM_Zenodo4633001,"sqm_msas=17.80,solar_dep=18.11deg,inflection_method"
fajr,2017-05-03,05:22:02,2,40.4189,-3.6919,650.0,Madrid_SQM_evol_UCM_Zenodo4633001,"sqm_msas=18.71,solar_dep=18.59deg,inflection_method"
isha,2017-05-03,22:58:59,2,40.4189,-3.6919,650.0,Madrid_SQM_evol_UCM_Zenodo4633001,"sqm_msas=17.72,solar_dep=18.10deg,inflection_method"
fajr,2017-05-04,05:12:54,2,40.4189,-3.6919,650.0,Madrid_SQM_evol_UCM_Zenodo4633001,"sqm_msas=18.59,solar_dep=19.62deg,inflection_method"
isha,2017-05-04,23:00:22,2,40.4189,-3.6919,650.0,Madrid_SQM_evol_UCM_Zenodo4633001,"sqm_msas=17.43,solar_dep=18.08deg,inflection_method"
fajr,2017-05-05,23:01:55,2,40.4189,-3.6919,650.0,Madrid_SQM_evol_UCM_Zenodo4633001,"sqm_msas=15.54,solar_dep=18.08deg,inflection_method"
isha,2017-05-05,23:02:37,2,40.4189,-3.6919,650.0,Madrid_SQM_evol_UCM_Zenodo4633001,"sqm_msas=15.77,solar_dep=18.18deg,inflection_method"
fajr,2017-05-06,05:12:19,2,40.4189,-3.6919,650.0,Madrid_SQM_evol_UCM_Zenodo4633001,"sqm_msas=16.06,solar_dep=19.21deg,inflection_method"
isha,2017-05-06,23:03:24,2,40.4189,-3.6919,650.0,Madrid_SQM_evol_UCM_Zenodo4633001,"sqm_msas=17.81,solar_dep=18.07deg,inflection_method"
fajr,2017-05-07,05:15:56,2,40.4189,-3.6919,650.0,Madrid_SQM_evol_UCM_Zenodo4633001,"sqm_msas=18.69,solar_dep=18.48deg,inflection_method"
isha,2017-05-07,23:11:26,2,40.4189,-3.6919,650.0,Madrid_SQM_evol_UCM_Zenodo4633001,"sqm_msas=17.87,solar_dep=18.97deg,inflection_method"
fajr,2017-05-08,05:04:55,2,40.4189,-3.6919,650.0,Madrid_SQM_evol_UCM_Zenodo4633001,"sqm_msas=18.53,solar_dep=19.74deg,inflection_method"
isha,2017-05-08,23:06:39,2,40.4189,-3.6919,650.0,Madrid_SQM_evol_UCM_Zenodo4633001,"sqm_msas=17.58,solar_dep=18.10deg,inflection_method"
fajr,2017-05-09,05:13:37,2,40.4189,-3.6919,650.0,Madrid_SQM_evol_UCM_Zenodo4633001,"sqm_msas=17.78,solar_dep=18.34deg,inflection_method"
isha,2017-05-09,23:08:16,2,40.4189,-3.6919,650.0,Madrid_SQM_evol_UCM_Zenodo4633001,"sqm_msas=17.35,solar_dep=18.11deg,inflection_method"
fajr,2017-05-10,05:12:19,2,40.4189,-3.6919,650.0,Madrid_SQM_evol_UCM_Zenodo4633001,"sqm_msas=15.65,solar_dep=18.29deg,inflection_method"
isha,2017-05-10,23:09:53,2,40.4189,-3.6919,650.0,Madrid_SQM_evol_UCM_Zenodo4633001,"sqm_msas=15.14,solar_dep=18.12deg,inflection_method"
fajr,2017-05-11,05:02:45,2,40.4189,-3.6919,650.0,Madrid_SQM_evol_UCM_Zenodo4633001,"sqm_msas=15.92,solar_dep=19.35deg,inflection_method"
isha,2017-05-11,23:23:34,2,40.4189,-3.6919,650.0,Madrid_SQM_evol_UCM_Zenodo4633001,"sqm_msas=15.46,solar_dep=19.72deg,inflection_method"
fajr,2017-05-12,05:08:03,2,40.4189,-3.6919,650.0,Madrid_SQM_evol_UCM_Zenodo4633001,"sqm_msas=16.39,solar_dep=18.44deg,inflection_method"
isha,2017-05-12,23:12:47,2,40.4189,-3.6919,650.0,Madrid_SQM_evol_UCM_Zenodo4633001,"sqm_msas=18.44,solar_dep=18.10deg,inflection_method"
fajr,2017-05-13,05:01:28,2,40.4189,-3.6919,650.0,Madrid_SQM_evol_UCM_Zenodo4633001,"sqm_msas=16.44,solar_dep=19.09deg,inflection_method"
isha,2017-05-13,23:22:29,2,40.4189,-3.6919,650.0,Madrid_SQM_evol_UCM_Zenodo4633001,"sqm_msas=16.84,solar_dep=19.16deg,inflection_method"
fajr,2017-05-14,05:01:53,2,40.4189,-3.6919,650.0,Madrid_SQM_evol_UCM_Zenodo4633001,"sqm_msas=18.38,solar_dep=18.84deg,inflection_method"
isha,2017-05-14,23:15:46,2,40.4189,-3.6919,650.0,Madrid_SQM_evol_UCM_Zenodo4633001,"sqm_msas=18.06,solar_dep=18.09deg,inflection_method"
fajr,2017-05-15,05:02:54,2,40.4189,-3.6919,650.0,Madrid_SQM_evol_UCM_Zenodo4633001,"sqm_msas=18.39,solar_dep=18.51deg,inflection_method"
isha,2017-05-15,23:17:27,2,40.4189,-3.6919,650.0,Madrid_SQM_evol_UCM_Zenodo4633001,"sqm_msas=17.08,solar_dep=18.12deg,inflection_method"
fajr,2017-05-16,23:18:35,2,40.4189,-3.6919,650.0,Madrid_SQM_evol_UCM_Zenodo4633001,"sqm_msas=16.13,solar_dep=18.07deg,inflection_method"
isha,2017-05-16,23:26:59,2,40.4189,-3.6919,650.0,Madrid_SQM_evol_UCM_Zenodo4633001,"sqm_msas=16.44,solar_dep=19.14deg,inflection_method"
fajr,2017-05-17,05:00:50,2,40.4189,-3.6919,650.0,Madrid_SQM_evol_UCM_Zenodo4633001,"sqm_msas=16.28,solar_dep=18.39deg,inflection_method"
isha,2017-05-17,23:20:29,2,40.4189,-3.6919,650.0,Madrid_SQM_evol_UCM_Zenodo4633001,"sqm_msas=18.08,solar_dep=18.12deg,inflection_method"
isha,2017-05-18,23:29:20,2,40.4189,-3.6919,650.0,Madrid_SQM_evol_UCM_Zenodo4633001,"sqm_msas=16.98,solar_dep=19.04deg,inflection_method"
isha,2017-05-19,23:23:38,2,40.4189,-3.6919,650.0,Madrid_SQM_evol_UCM_Zenodo4633001,"sqm_msas=18.44,solar_dep=18.15deg,inflection_method"
isha,2017-05-20,23:31:49,2,40.4189,-3.6919,650.0,Madrid_SQM_evol_UCM_Zenodo4633001,"sqm_msas=18.36,solar_dep=18.97deg,inflection_method"
isha,2017-05-21,23:28:06,2,40.4189,-3.6919,650.0,Madrid_SQM_evol_UCM_Zenodo4633001,"sqm_msas=18.30,solar_dep=18.34deg,inflection_method"
isha,2017-05-22,23:30:42,2,40.4189,-3.6919,650.0,Madrid_SQM_evol_UCM_Zenodo4633001,"sqm_msas=18.25,solar_dep=18.48deg,inflection_method"
isha,2017-05-23,23:34:04,2,40.4189,-3.6919,650.0,Madrid_SQM_evol_UCM_Zenodo4633001,"sqm_msas=18.32,solar_dep=18.71deg,inflection_method"
isha,2017-05-24,23:32:30,2,40.4189,-3.6919,650.0,Madrid_SQM_evol_UCM_Zenodo4633001,"sqm_msas=18.31,solar_dep=18.36deg,inflection_method"
isha,2017-05-25,23:38:41,2,40.4189,-3.6919,650.0,Madrid_SQM_evol_UCM_Zenodo4633001,"sqm_msas=17.88,solar_dep=18.92deg,inflection_method"
isha,2017-05-26,23:38:33,2,40.4189,-3.6919,650.0,Madrid_SQM_evol_UCM_Zenodo4633001,"sqm_msas=17.87,solar_dep=18.74deg,inflection_method"
isha,2017-05-27,23:46:18,2,40.4189,-3.6919,650.0,Madrid_SQM_evol_UCM_Zenodo4633001,"sqm_msas=16.48,solar_dep=19.47deg,inflection_method"
isha,2017-05-28,23:38:39,2,40.4189,-3.6919,650.0,Madrid_SQM_evol_UCM_Zenodo4633001,"sqm_msas=16.65,solar_dep=18.45deg,inflection_method"
isha,2017-05-29,23:41:27,2,40.4189,-3.6919,650.0,Madrid_SQM_evol_UCM_Zenodo4633001,"sqm_msas=18.41,solar_dep=18.62deg,inflection_method"
isha,2017-05-30,23:51:15,2,40.4189,-3.6919,650.0,Madrid_SQM_evol_UCM_Zenodo4633001,"sqm_msas=16.31,solar_dep=19.57deg,inflection_method"
isha,2017-05-31,23:43:01,2,40.4189,-3.6919,650.0,Madrid_SQM_evol_UCM_Zenodo4633001,"sqm_msas=17.04,solar_dep=18.52deg,inflection_method"
isha,2017-06-01,23:48:32,2,40.4189,-3.6919,650.0,Madrid_SQM_evol_UCM_Zenodo4633001,"sqm_msas=17.06,solar_dep=19.00deg,inflection_method"
isha,2017-06-02,23:50:34,2,40.4189,-3.6919,650.0,Madrid_SQM_evol_UCM_Zenodo4633001,"sqm_msas=15.86,solar_dep=19.09deg,inflection_method"
isha,2017-06-03,23:54:01,2,40.4189,-3.6919,650.0,Madrid_SQM_evol_UCM_Zenodo4633001,"sqm_msas=17.46,solar_dep=19.33deg,inflection_method"
isha,2017-06-05,00:00:13,2,40.4189,-3.6919,650.0,Madrid_SQM_evol_UCM_Zenodo4633001,"sqm_msas=18.24,solar_dep=19.86deg,inflection_method"
isha,2017-06-05,23:53:08,2,40.4189,-3.6919,650.0,Madrid_SQM_evol_UCM_Zenodo4633001,"sqm_msas=18.09,solar_dep=19.01deg,inflection_method"
isha,2017-06-06,23:46:08,2,40.4189,-3.6919,650.0,Madrid_SQM_evol_UCM_Zenodo4633001,"sqm_msas=18.09,solar_dep=18.14deg,inflection_method"
isha,2017-06-07,23:54:36,2,40.4189,-3.6919,650.0,Madrid_SQM_evol_UCM_Zenodo4633001,"sqm_msas=17.88,solar_dep=18.95deg,inflection_method"
isha,2017-06-08,23:51:51,2,40.4189,-3.6919,650.0,Madrid_SQM_evol_UCM_Zenodo4633001,"sqm_msas=16.24,solar_dep=18.56deg,inflection_method"
isha,2017-06-09,23:50:32,2,40.4189,-3.6919,650.0,Madrid_SQM_evol_UCM_Zenodo4633001,"sqm_msas=17.55,solar_dep=18.33deg,inflection_method"
isha,2017-06-10,23:50:34,2,40.4189,-3.6919,650.0,Madrid_SQM_evol_UCM_Zenodo4633001,"sqm_msas=18.09,solar_dep=18.24deg,inflection_method"
isha,2017-06-11,23:59:42,2,40.4189,-3.6919,650.0,Madrid_SQM_evol_UCM_Zenodo4633001,"sqm_msas=17.98,solar_dep=19.12deg,inflection_method"
isha,2017-06-13,00:00:26,2,40.4189,-3.6919,650.0,Madrid_SQM_evol_UCM_Zenodo4633001,"sqm_msas=18.35,solar_dep=19.12deg,inflection_method"
isha,2017-06-13,23:59:49,2,40.4189,-3.6919,650.0,Madrid_SQM_evol_UCM_Zenodo4633001,"sqm_msas=18.25,solar_dep=18.99deg,inflection_method"
isha,2017-06-14,23:55:51,2,40.4189,-3.6919,650.0,Madrid_SQM_evol_UCM_Zenodo4633001,"sqm_msas=18.21,solar_dep=18.52deg,inflection_method"
isha,2017-06-15,23:53:55,2,40.4189,-3.6919,650.0,Madrid_SQM_evol_UCM_Zenodo4633001,"sqm_msas=16.13,solar_dep=18.25deg,inflection_method"
isha,2017-06-16,23:54:00,2,40.4189,-3.6919,650.0,Madrid_SQM_evol_UCM_Zenodo4633001,"sqm_msas=17.26,solar_dep=18.21deg,inflection_method"
isha,2017-06-18,00:02:32,2,40.4189,-3.6919,650.0,Madrid_SQM_evol_UCM_Zenodo4633001,"sqm_msas=17.93,solar_dep=19.05deg,inflection_method"
isha,2017-06-19,00:06:07,2,40.4189,-3.6919,650.0,Madrid_SQM_evol_UCM_Zenodo4633001,"sqm_msas=17.37,solar_dep=19.37deg,inflection_method"
isha,2017-06-20,00:09:46,2,40.4189,-3.6919,650.0,Madrid_SQM_evol_UCM_Zenodo4633001,"sqm_msas=15.37,solar_dep=19.70deg,inflection_method"
isha,2017-06-21,00:00:48,2,40.4189,-3.6919,650.0,Madrid_SQM_evol_UCM_Zenodo4633001,"sqm_msas=15.58,solar_dep=18.78deg,inflection_method"
isha,2017-06-21,23:55:30,2,40.4189,-3.6919,650.0,Madrid_SQM_evol_UCM_Zenodo4633001,"sqm_msas=17.96,solar_dep=18.20deg,inflection_method"
isha,2017-06-22,23:54:55,2,40.4189,-3.6919,650.0,Madrid_SQM_evol_UCM_Zenodo4633001,"sqm_msas=17.77,solar_dep=18.12deg,inflection_method"
isha,2017-06-23,23:58:31,2,40.4189,-3.6919,650.0,Madrid_SQM_evol_UCM_Zenodo4633001,"sqm_msas=18.32,solar_dep=18.49deg,inflection_method"
isha,2017-06-25,00:02:48,2,40.4189,-3.6919,650.0,Madrid_SQM_evol_UCM_Zenodo4633001,"sqm_msas=16.68,solar_dep=18.93deg,inflection_method"
isha,2017-06-26,00:07:11,2,40.4189,-3.6919,650.0,Madrid_SQM_evol_UCM_Zenodo4633001,"sqm_msas=15.70,solar_dep=19.38deg,inflection_method"
isha,2017-06-27,00:00:15,2,40.4189,-3.6919,650.0,Madrid_SQM_evol_UCM_Zenodo4633001,"sqm_msas=18.57,solar_dep=18.69deg,inflection_method"
isha,2017-06-28,00:00:54,2,40.4189,-3.6919,650.0,Madrid_SQM_evol_UCM_Zenodo4633001,"sqm_msas=18.02,solar_dep=18.77deg,inflection_method"
isha,2017-06-28,23:54:39,2,40.4189,-3.6919,650.0,Madrid_SQM_evol_UCM_Zenodo4633001,"sqm_msas=18.41,solar_dep=18.13deg,inflection_method"
isha,2017-06-30,00:01:46,2,40.4189,-3.6919,650.0,Madrid_SQM_evol_UCM_Zenodo4633001,"sqm_msas=18.36,solar_dep=18.91deg,inflection_method"
isha,2017-07-01,00:09:32,2,40.4189,-3.6919,650.0,Madrid_SQM_evol_UCM_Zenodo4633001,"sqm_msas=16.91,solar_dep=19.74deg,inflection_method"
isha,2017-07-02,00:00:28,2,40.4189,-3.6919,650.0,Madrid_SQM_evol_UCM_Zenodo4633001,"sqm_msas=18.45,solar_dep=18.85deg,inflection_method"
isha,2017-07-03,00:00:26,2,40.4189,-3.6919,650.0,Madrid_SQM_evol_UCM_Zenodo4633001,"sqm_msas=18.48,solar_dep=18.90deg,inflection_method"
isha,2017-07-03,23:55:32,2,40.4189,-3.6919,650.0,Madrid_SQM_evol_UCM_Zenodo4633001,"sqm_msas=18.32,solar_dep=18.43deg,inflection_method"
isha,2017-07-07,00:02:49,2,40.4189,-3.6919,650.0,Madrid_SQM_evol_UCM_Zenodo4633001,"sqm_msas=16.10,solar_dep=19.41deg,inflection_method"
isha,2017-07-07,23:53:45,2,40.4189,-3.6919,650.0,Madrid_SQM_evol_UCM_Zenodo4633001,"sqm_msas=17.94,solar_dep=18.51deg,inflection_method"
isha,2017-07-08,23:57:54,2,40.4189,-3.6919,650.0,Madrid_SQM_evol_UCM_Zenodo4633001,"sqm_msas=17.94,solar_dep=19.05deg,inflection_method"
isha,2017-07-09,23:58:44,2,40.4189,-3.6919,650.0,Madrid_SQM_evol_UCM_Zenodo4633001,"sqm_msas=18.00,solar_dep=19.24deg,inflection_method"
isha,2017-07-10,23:58:08,2,40.4189,-3.6919,650.0,Madrid_SQM_evol_UCM_Zenodo4633001,"sqm_msas=18.30,solar_dep=19.27deg,inflection_method"
isha,2017-07-11,23:49:51,2,40.4189,-3.6919,650.0,Madrid_SQM_evol_UCM_Zenodo4633001,"sqm_msas=18.27,solar_dep=18.45deg,inflection_method"
isha,2017-07-12,23:59:00,2,40.4189,-3.6919,650.0,Madrid_SQM_evol_UCM_Zenodo4633001,"sqm_msas=18.28,solar_dep=19.58deg,inflection_method"
isha,2017-07-13,23:59:47,2,40.4189,-3.6919,650.0,Madrid_SQM_evol_UCM_Zenodo4633001,"sqm_msas=17.81,solar_dep=19.78deg,inflection_method"
isha,2017-07-14,23:45:09,2,40.4189,-3.6919,650.0,Madrid_SQM_evol_UCM_Zenodo4633001,"sqm_msas=18.16,solar_dep=18.26deg,inflection_method"
isha,2017-07-15,23:45:08,2,40.4189,-3.6919,650.0,Madrid_SQM_evol_UCM_Zenodo4633001,"sqm_msas=18.26,solar_dep=18.38deg,inflection_method"
isha,2017-07-16,23:55:37,2,40.4189,-3.6919,650.0,Madrid_SQM_evol_UCM_Zenodo4633001,"sqm_msas=18.16,solar_dep=19.72deg,inflection_method"
isha,2017-07-17,23:42:54,2,40.4189,-3.6919,650.0,Madrid_SQM_evol_UCM_Zenodo4633001,"sqm_msas=16.10,solar_dep=18.39deg,inflection_method"
isha,2017-07-18,23:39:16,2,40.4189,-3.6919,650.0,Madrid_SQM_evol_UCM_Zenodo4633001,"sqm_msas=17.20,solar_dep=18.09deg,inflection_method"
fajr,2017-07-19,23:37:45,2,40.4189,-3.6919,650.0,Madrid_SQM_evol_UCM_Zenodo4633001,"sqm_msas=18.33,solar_dep=18.06deg,inflection_method"
isha,2017-07-19,23:39:09,2,40.4189,-3.6919,650.0,Madrid_SQM_evol_UCM_Zenodo4633001,"sqm_msas=18.34,solar_dep=18.23deg,inflection_method"
fajr,2017-07-20,05:00:55,2,40.4189,-3.6919,650.0,Madrid_SQM_evol_UCM_Zenodo4633001,"sqm_msas=18.66,solar_dep=18.53deg,inflection_method"
isha,2017-07-20,23:36:51,2,40.4189,-3.6919,650.0,Madrid_SQM_evol_UCM_Zenodo4633001,"sqm_msas=16.47,solar_dep=18.10deg,inflection_method"
fajr,2017-07-21,05:06:21,2,40.4189,-3.6919,650.0,Madrid_SQM_evol_UCM_Zenodo4633001,"sqm_msas=18.40,solar_dep=18.03deg,inflection_method"
isha,2017-08-01,23:23:05,2,40.4189,-3.6919,650.0,Madrid_SQM_evol_UCM_Zenodo4633001,"sqm_msas=18.26,solar_dep=18.60deg,inflection_method"
fajr,2017-08-02,05:09:34,2,40.4189,-3.6919,650.0,Madrid_SQM_evol_UCM_Zenodo4633001,"sqm_msas=18.67,solar_dep=19.90deg,inflection_method"
isha,2017-08-02,23:17:38,2,40.4189,-3.6919,650.0,Madrid_SQM_evol_UCM_Zenodo4633001,"sqm_msas=18.18,solar_dep=18.09deg,inflection_method"
fajr,2017-08-03,05:13:58,2,40.4189,-3.6919,650.0,Madrid_SQM_evol_UCM_Zenodo4633001,"sqm_msas=18.66,solar_dep=19.53deg,inflection_method"
isha,2017-08-03,23:16:18,2,40.4189,-3.6919,650.0,Madrid_SQM_evol_UCM_Zenodo4633001,"sqm_msas=18.11,solar_dep=18.13deg,inflection_method"
fajr,2017-08-04,05:21:04,2,40.4189,-3.6919,650.0,Madrid_SQM_evol_UCM_Zenodo4633001,"sqm_msas=18.78,solar_dep=18.79deg,inflection_method"
isha,2017-08-04,23:14:20,2,40.4189,-3.6919,650.0,Madrid_SQM_evol_UCM_Zenodo4633001,"sqm_msas=17.70,solar_dep=18.09deg,inflection_method"
fajr,2017-08-05,05:21:16,2,40.4189,-3.6919,650.0,Madrid_SQM_evol_UCM_Zenodo4633001,"sqm_msas=18.53,solar_dep=18.97deg,inflection_method"
isha,2017-08-05,23:12:19,2,40.4189,-3.6919,650.0,Madrid_SQM_evol_UCM_Zenodo4633001,"sqm_msas=17.98,solar_dep=18.04deg,inflection_method"
fajr,2017-08-06,05:21:23,2,40.4189,-3.6919,650.0,Madrid_SQM_evol_UCM_Zenodo4633001,"sqm_msas=18.55,solar_dep=19.16deg,inflection_method"
isha,2017-08-06,23:11:05,2,40.4189,-3.6919,650.0,Madrid_SQM_evol_UCM_Zenodo4633001,"sqm_msas=18.01,solar_dep=18.11deg,inflection_method"
fajr,2017-08-07,05:21:36,2,40.4189,-3.6919,650.0,Madrid_SQM_evol_UCM_Zenodo4633001,"sqm_msas=18.27,solar_dep=19.35deg,inflection_method"
isha,2017-08-07,23:09:16,2,40.4189,-3.6919,650.0,Madrid_SQM_evol_UCM_Zenodo4633001,"sqm_msas=16.66,solar_dep=18.09deg,inflection_method"
fajr,2017-08-08,05:21:07,2,40.4189,-3.6919,650.0,Madrid_SQM_evol_UCM_Zenodo4633001,"sqm_msas=18.14,solar_dep=19.63deg,inflection_method"
isha,2017-08-08,23:10:08,2,40.4189,-3.6919,650.0,Madrid_SQM_evol_UCM_Zenodo4633001,"sqm_msas=18.14,solar_dep=18.47deg,inflection_method"
fajr,2017-08-09,05:26:11,2,40.4189,-3.6919,650.0,Madrid_SQM_evol_UCM_Zenodo4633001,"sqm_msas=18.17,solar_dep=19.14deg,inflection_method"
isha,2017-08-09,23:05:56,2,40.4189,-3.6919,650.0,Madrid_SQM_evol_UCM_Zenodo4633001,"sqm_msas=18.22,solar_dep=18.12deg,inflection_method"
fajr,2017-08-10,05:31:02,2,40.4189,-3.6919,650.0,Madrid_SQM_evol_UCM_Zenodo4633001,"sqm_msas=18.28,solar_dep=18.66deg,inflection_method"
isha,2017-08-10,23:04:20,2,40.4189,-3.6919,650.0,Madrid_SQM_evol_UCM_Zenodo4633001,"sqm_msas=18.41,solar_dep=18.14deg,inflection_method"
fajr,2017-08-11,05:23:51,2,40.4189,-3.6919,650.0,Madrid_SQM_evol_UCM_Zenodo4633001,"sqm_msas=18.16,solar_dep=19.90deg,inflection_method"
isha,2017-08-11,23:02:11,2,40.4189,-3.6919,650.0,Madrid_SQM_evol_UCM_Zenodo4633001,"sqm_msas=18.43,solar_dep=18.09deg,inflection_method"
fajr,2017-08-12,23:00:05,2,40.4189,-3.6919,650.0,Madrid_SQM_evol_UCM_Zenodo4633001,"sqm_msas=18.38,solar_dep=18.04deg,inflection_method"
isha,2017-08-12,23:00:47,2,40.4189,-3.6919,650.0,Madrid_SQM_evol_UCM_Zenodo4633001,"sqm_msas=18.41,solar_dep=18.15deg,inflection_method"
fajr,2017-08-13,22:58:31,2,40.4189,-3.6919,650.0,Madrid_SQM_evol_UCM_Zenodo4633001,"sqm_msas=18.19,solar_dep=18.08deg,inflection_method"
isha,2017-08-13,23:09:50,2,40.4189,-3.6919,650.0,Madrid_SQM_evol_UCM_Zenodo4633001,"sqm_msas=18.27,solar_dep=19.74deg,inflection_method"
fajr,2017-08-14,05:30:03,2,40.4189,-3.6919,650.0,Madrid_SQM_evol_UCM_Zenodo4633001,"sqm_msas=18.20,solar_dep=19.67deg,inflection_method"
isha,2017-08-14,22:57:04,2,40.4189,-3.6919,650.0,Madrid_SQM_evol_UCM_Zenodo4633001,"sqm_msas=17.94,solar_dep=18.13deg,inflection_method"
fajr,2017-08-15,05:30:04,2,40.4189,-3.6919,650.0,Madrid_SQM_evol_UCM_Zenodo4633001,"sqm_msas=18.21,solar_dep=19.89deg,inflection_method"
isha,2017-08-15,22:54:55,2,40.4189,-3.6919,650.0,Madrid_SQM_evol_UCM_Zenodo4633001,"sqm_msas=17.80,solar_dep=18.08deg,inflection_method"
fajr,2017-08-16,05:34:13,2,40.4189,-3.6919,650.0,Madrid_SQM_evol_UCM_Zenodo4633001,"sqm_msas=18.22,solar_dep=19.51deg,inflection_method"
isha,2017-08-16,22:53:24,2,40.4189,-3.6919,650.0,Madrid_SQM_evol_UCM_Zenodo4633001,"sqm_msas=17.93,solar_dep=18.13deg,inflection_method"
fajr,2017-08-17,05:34:49,2,40.4189,-3.6919,650.0,Madrid_SQM_evol_UCM_Zenodo4633001,"sqm_msas=18.50,solar_dep=19.64deg,inflection_method"
isha,2017-08-17,22:51:09,2,40.4189,-3.6919,650.0,Madrid_SQM_evol_UCM_Zenodo4633001,"sqm_msas=17.99,solar_dep=18.07deg,inflection_method"
fajr,2017-08-18,22:49:24,2,40.4189,-3.6919,650.0,Madrid_SQM_evol_UCM_Zenodo4633001,"sqm_msas=17.83,solar_dep=18.09deg,inflection_method"
isha,2017-08-18,22:50:06,2,40.4189,-3.6919,650.0,Madrid_SQM_evol_UCM_Zenodo4633001,"sqm_msas=17.85,solar_dep=18.19deg,inflection_method"
fajr,2017-08-19,05:48:18,2,40.4189,-3.6919,650.0,Madrid_SQM_evol_UCM_Zenodo4633001,"sqm_msas=18.01,solar_dep=18.03deg,inflection_method"
isha,2017-08-19,22:47:41,2,40.4189,-3.6919,650.0,Madrid_SQM_evol_UCM_Zenodo4633001,"sqm_msas=18.23,solar_dep=18.11deg,inflection_method"
fajr,2017-08-20,05:43:03,2,40.4189,-3.6919,650.0,Madrid_SQM_evol_UCM_Zenodo4633001,"sqm_msas=18.54,solar_dep=19.06deg,inflection_method"
isha,2017-08-20,22:45:50,2,40.4189,-3.6919,650.0,Madrid_SQM_evol_UCM_Zenodo4633001,"sqm_msas=18.32,solar_dep=18.11deg,inflection_method"
fajr,2017-08-21,05:45:22,2,40.4189,-3.6919,650.0,Madrid_SQM_evol_UCM_Zenodo4633001,"sqm_msas=18.63,solar_dep=18.92deg,inflection_method"
isha,2017-08-21,22:43:58,2,40.4189,-3.6919,650.0,Madrid_SQM_evol_UCM_Zenodo4633001,"sqm_msas=18.15,solar_dep=18.11deg,inflection_method"
fajr,2017-08-22,05:50:33,2,40.4189,-3.6919,650.0,Madrid_SQM_evol_UCM_Zenodo4633001,"sqm_msas=18.42,solar_dep=18.34deg,inflection_method"
isha,2017-08-22,22:42:05,2,40.4189,-3.6919,650.0,Madrid_SQM_evol_UCM_Zenodo4633001,"sqm_msas=17.98,solar_dep=18.11deg,inflection_method"
fajr,2017-08-23,05:45:10,2,40.4189,-3.6919,650.0,Madrid_SQM_evol_UCM_Zenodo4633001,"sqm_msas=18.35,solar_dep=19.40deg,inflection_method"
isha,2017-08-23,22:40:09,2,40.4189,-3.6919,650.0,Madrid_SQM_evol_UCM_Zenodo4633001,"sqm_msas=17.96,solar_dep=18.11deg,inflection_method"
fajr,2017-08-24,05:43:55,2,40.4189,-3.6919,650.0,Madrid_SQM_evol_UCM_Zenodo4633001,"sqm_msas=18.32,solar_dep=19.81deg,inflection_method"
isha,2017-08-24,22:38:08,2,40.4189,-3.6919,650.0,Madrid_SQM_evol_UCM_Zenodo4633001,"sqm_msas=17.75,solar_dep=18.09deg,inflection_method"
fajr,2017-08-25,05:53:56,2,40.4189,-3.6919,650.0,Madrid_SQM_evol_UCM_Zenodo4633001,"sqm_msas=17.91,solar_dep=18.45deg,inflection_method"
isha,2017-08-25,22:36:06,2,40.4189,-3.6919,650.0,Madrid_SQM_evol_UCM_Zenodo4633001,"sqm_msas=17.99,solar_dep=18.06deg,inflection_method"
fajr,2017-08-26,05:53:12,2,40.4189,-3.6919,650.0,Madrid_SQM_evol_UCM_Zenodo4633001,"sqm_msas=18.20,solar_dep=18.79deg,inflection_method"
isha,2017-08-26,22:34:44,2,40.4189,-3.6919,650.0,Madrid_SQM_evol_UCM_Zenodo4633001,"sqm_msas=15.69,solar_dep=18.15deg,inflection_method"
fajr,2017-08-27,05:53:24,2,40.4189,-3.6919,650.0,Madrid_SQM_evol_UCM_Zenodo4633001,"sqm_msas=15.79,solar_dep=18.98deg,inflection_method"
isha,2017-08-27,22:39:01,2,40.4189,-3.6919,650.0,Madrid_SQM_evol_UCM_Zenodo4633001,"sqm_msas=15.63,solar_dep=19.16deg,inflection_method"
fajr,2017-08-28,05:49:12,2,40.4189,-3.6919,650.0,Madrid_SQM_evol_UCM_Zenodo4633001,"sqm_msas=16.05,solar_dep=19.87deg,inflection_method"
isha,2017-08-28,22:30:42,2,40.4189,-3.6919,650.0,Madrid_SQM_evol_UCM_Zenodo4633001,"sqm_msas=17.15,solar_dep=18.11deg,inflection_method"
fajr,2017-08-29,05:57:02,2,40.4189,-3.6919,650.0,Madrid_SQM_evol_UCM_Zenodo4633001,"sqm_msas=18.10,solar_dep=18.82deg,inflection_method"
isha,2017-08-29,22:28:39,2,40.4189,-3.6919,650.0,Madrid_SQM_evol_UCM_Zenodo4633001,"sqm_msas=16.81,solar_dep=18.09deg,inflection_method"
fajr,2017-08-30,05:55:02,2,40.4189,-3.6919,650.0,Madrid_SQM_evol_UCM_Zenodo4633001,"sqm_msas=16.51,solar_dep=19.37deg,inflection_method"
isha,2017-08-30,22:35:39,2,40.4189,-3.6919,650.0,Madrid_SQM_evol_UCM_Zenodo4633001,"sqm_msas=15.81,solar_dep=19.56deg,inflection_method"
fajr,2017-08-31,06:04:05,2,40.4189,-3.6919,650.0,Madrid_SQM_evol_UCM_Zenodo4633001,"sqm_msas=17.58,solar_dep=18.10deg,inflection_method"
isha,2017-08-31,22:34:55,2,40.4189,-3.6919,650.0,Madrid_SQM_evol_UCM_Zenodo4633001,"sqm_msas=16.97,solar_dep=19.76deg,inflection_method"
fajr,2017-09-01,06:02:00,2,40.4189,-3.6919,650.0,Madrid_SQM_evol_UCM_Zenodo4633001,"sqm_msas=17.79,solar_dep=18.66deg,inflection_method"
isha,2017-09-01,22:23:01,2,40.4189,-3.6919,650.0,Madrid_SQM_evol_UCM_Zenodo4633001,"sqm_msas=18.00,solar_dep=18.11deg,inflection_method"
fajr,2017-09-02,05:57:08,2,40.4189,-3.6919,650.0,Madrid_SQM_evol_UCM_Zenodo4633001,"sqm_msas=18.68,solar_dep=19.68deg,inflection_method"
isha,2017-09-02,22:20:49,2,40.4189,-3.6919,650.0,Madrid_SQM_evol_UCM_Zenodo4633001,"sqm_msas=17.67,solar_dep=18.06deg,inflection_method"
fajr,2017-09-03,06:03:16,2,40.4189,-3.6919,650.0,Madrid_SQM_evol_UCM_Zenodo4633001,"sqm_msas=16.77,solar_dep=18.88deg,inflection_method"
isha,2017-09-03,22:19:16,2,40.4189,-3.6919,650.0,Madrid_SQM_evol_UCM_Zenodo4633001,"sqm_msas=17.88,solar_dep=18.12deg,inflection_method"
fajr,2017-09-04,05:59:39,2,40.4189,-3.6919,650.0,Madrid_SQM_evol_UCM_Zenodo4633001,"sqm_msas=18.76,solar_dep=19.70deg,inflection_method"
isha,2017-09-04,22:16:59,2,40.4189,-3.6919,650.0,Madrid_SQM_evol_UCM_Zenodo4633001,"sqm_msas=17.93,solar_dep=18.06deg,inflection_method"
fajr,2017-09-05,06:09:17,2,40.4189,-3.6919,650.0,Madrid_SQM_evol_UCM_Zenodo4633001,"sqm_msas=18.39,solar_dep=18.29deg,inflection_method"
isha,2017-09-05,22:15:24,2,40.4189,-3.6919,650.0,Madrid_SQM_evol_UCM_Zenodo4633001,"sqm_msas=17.74,solar_dep=18.11deg,inflection_method"
fajr,2017-09-06,06:02:09,2,40.4189,-3.6919,650.0,Madrid_SQM_evol_UCM_Zenodo4633001,"sqm_msas=18.07,solar_dep=19.71deg,inflection_method"
isha,2017-09-06,22:13:45,2,40.4189,-3.6919,650.0,Madrid_SQM_evol_UCM_Zenodo4633001,"sqm_msas=17.51,solar_dep=18.16deg,inflection_method"
fajr,2017-09-07,22:11:10,2,40.4189,-3.6919,650.0,Madrid_SQM_evol_UCM_Zenodo4633001,"sqm_msas=17.49,solar_dep=18.04deg,inflection_method"
isha,2017-09-07,22:17:28,2,40.4189,-3.6919,650.0,Madrid_SQM_evol_UCM_Zenodo4633001,"sqm_msas=17.47,solar_dep=19.12deg,inflection_method"
fajr,2017-09-08,22:09:25,2,40.4189,-3.6919,650.0,Madrid_SQM_evol_UCM_Zenodo4633001,"sqm_msas=17.75,solar_dep=18.06deg,inflection_method"
isha,2017-09-08,22:17:49,2,40.4189,-3.6919,650.0,Madrid_SQM_evol_UCM_Zenodo4633001,"sqm_msas=17.76,solar_dep=19.52deg,inflection_method"
fajr,2017-09-09,06:10:17,2,40.4189,-3.6919,650.0,Madrid_SQM_evol_UCM_Zenodo4633001,"sqm_msas=16.43,solar_dep=18.96deg,inflection_method"
isha,2017-09-09,22:07:51,2,40.4189,-3.6919,650.0,Madrid_SQM_evol_UCM_Zenodo4633001,"sqm_msas=18.24,solar_dep=18.12deg,inflection_method"
fajr,2017-09-10,06:10:42,2,40.4189,-3.6919,650.0,Madrid_SQM_evol_UCM_Zenodo4633001,"sqm_msas=17.96,solar_dep=19.10deg,inflection_method"
isha,2017-09-10,22:06:03,2,40.4189,-3.6919,650.0,Madrid_SQM_evol_UCM_Zenodo4633001,"sqm_msas=18.07,solar_dep=18.14deg,inflection_method"
fajr,2017-09-11,06:16:04,2,40.4189,-3.6919,650.0,Madrid_SQM_evol_UCM_Zenodo4633001,"sqm_msas=17.89,solar_dep=18.38deg,inflection_method"
isha,2017-09-11,22:04:10,2,40.4189,-3.6919,650.0,Madrid_SQM_evol_UCM_Zenodo4633001,"sqm_msas=18.12,solar_dep=18.14deg,inflection_method"
fajr,2017-09-12,06:14:13,2,40.4189,-3.6919,650.0,Madrid_SQM_evol_UCM_Zenodo4633001,"sqm_msas=17.77,solar_dep=18.91deg,inflection_method"
isha,2017-09-12,22:02:20,2,40.4189,-3.6919,650.0,Madrid_SQM_evol_UCM_Zenodo4633001,"sqm_msas=18.01,solar_dep=18.15deg,inflection_method"
fajr,2017-09-13,06:13:02,2,40.4189,-3.6919,650.0,Madrid_SQM_evol_UCM_Zenodo4633001,"sqm_msas=18.38,solar_dep=19.33deg,inflection_method"
isha,2017-09-13,22:00:21,2,40.4189,-3.6919,650.0,Madrid_SQM_evol_UCM_Zenodo4633001,"sqm_msas=18.16,solar_dep=18.13deg,inflection_method"
fajr,2017-09-14,06:13:47,2,40.4189,-3.6919,650.0,Madrid_SQM_evol_UCM_Zenodo4633001,"sqm_msas=18.53,solar_dep=19.41deg,inflection_method"
isha,2017-09-14,21:58:13,2,40.4189,-3.6919,650.0,Madrid_SQM_evol_UCM_Zenodo4633001,"sqm_msas=17.75,solar_dep=18.08deg,inflection_method"
fajr,2017-09-15,06:13:07,2,40.4189,-3.6919,650.0,Madrid_SQM_evol_UCM_Zenodo4633001,"sqm_msas=17.59,solar_dep=19.73deg,inflection_method"
isha,2017-09-15,21:56:11,2,40.4189,-3.6919,650.0,Madrid_SQM_evol_UCM_Zenodo4633001,"sqm_msas=16.42,solar_dep=18.05deg,inflection_method"
fajr,2017-09-16,06:18:06,2,40.4189,-3.6919,650.0,Madrid_SQM_evol_UCM_Zenodo4633001,"sqm_msas=17.75,solar_dep=19.06deg,inflection_method"
isha,2017-09-16,21:54:52,2,40.4189,-3.6919,650.0,Madrid_SQM_evol_UCM_Zenodo4633001,"sqm_msas=18.21,solar_dep=18.15deg,inflection_method"
fajr,2017-09-17,06:23:36,2,40.4189,-3.6919,650.0,Madrid_SQM_evol_UCM_Zenodo4633001,"sqm_msas=18.72,solar_dep=18.29deg,inflection_method"
isha,2017-09-17,21:52:33,2,40.4189,-3.6919,650.0,Madrid_SQM_evol_UCM_Zenodo4633001,"sqm_msas=18.32,solar_dep=18.06deg,inflection_method"
fajr,2017-09-18,06:21:57,2,40.4189,-3.6919,650.0,Madrid_SQM_evol_UCM_Zenodo4633001,"sqm_msas=18.61,solar_dep=18.79deg,inflection_method"
isha,2017-09-18,21:50:55,2,40.4189,-3.6919,650.0,Madrid_SQM_evol_UCM_Zenodo4633001,"sqm_msas=18.15,solar_dep=18.10deg,inflection_method"
fajr,2017-09-19,06:17:36,2,40.4189,-3.6919,650.0,Madrid_SQM_evol_UCM_Zenodo4633001,"sqm_msas=18.53,solar_dep=19.77deg,inflection_method"
isha,2017-09-19,21:49:14,2,40.4189,-3.6919,650.0,Madrid_SQM_evol_UCM_Zenodo4633001,"sqm_msas=18.00,solar_dep=18.13deg,inflection_method"
fajr,2017-09-20,06:18:42,2,40.4189,-3.6919,650.0,Madrid_SQM_evol_UCM_Zenodo4633001,"sqm_msas=18.46,solar_dep=19.78deg,inflection_method"
isha,2017-09-20,21:47:32,2,40.4189,-3.6919,650.0,Madrid_SQM_evol_UCM_Zenodo4633001,"sqm_msas=17.90,solar_dep=18.15deg,inflection_method"
fajr,2017-09-21,06:28:51,2,40.4189,-3.6919,650.0,Madrid_SQM_evol_UCM_Zenodo4633001,"sqm_msas=18.30,solar_dep=18.15deg,inflection_method"
isha,2017-09-21,21:45:42,2,40.4189,-3.6919,650.0,Madrid_SQM_evol_UCM_Zenodo4633001,"sqm_msas=16.87,solar_dep=18.15deg,inflection_method"
fajr,2017-09-22,06:26:22,2,40.4189,-3.6919,650.0,Madrid_SQM_evol_UCM_Zenodo4633001,"sqm_msas=18.08,solar_dep=18.81deg,inflection_method"
isha,2017-09-22,21:43:53,2,40.4189,-3.6919,650.0,Madrid_SQM_evol_UCM_Zenodo4633001,"sqm_msas=17.87,solar_dep=18.14deg,inflection_method"
fajr,2017-09-23,06:21:46,2,40.4189,-3.6919,650.0,Madrid_SQM_evol_UCM_Zenodo4633001,"sqm_msas=18.45,solar_dep=19.85deg,inflection_method"
isha,2017-09-23,21:42:03,2,40.4189,-3.6919,650.0,Madrid_SQM_evol_UCM_Zenodo4633001,"sqm_msas=18.00,solar_dep=18.14deg,inflection_method"
fajr,2017-09-24,06:25:28,2,40.4189,-3.6919,650.0,Madrid_SQM_evol_UCM_Zenodo4633001,"sqm_msas=18.44,solar_dep=19.38deg,inflection_method"
isha,2017-09-24,21:40:01,2,40.4189,-3.6919,650.0,Madrid_SQM_evol_UCM_Zenodo4633001,"sqm_msas=17.99,solar_dep=18.09deg,inflection_method"
fajr,2017-09-25,21:38:04,2,40.4189,-3.6919,650.0,Madrid_SQM_evol_UCM_Zenodo4633001,"sqm_msas=18.15,solar_dep=18.06deg,inflection_method"
isha,2017-09-25,21:41:34,2,40.4189,-3.6919,650.0,Madrid_SQM_evol_UCM_Zenodo4633001,"sqm_msas=18.16,solar_dep=18.70deg,inflection_method"
fajr,2017-09-26,06:25:00,2,40.4189,-3.6919,650.0,Madrid_SQM_evol_UCM_Zenodo4633001,"sqm_msas=18.70,solar_dep=19.87deg,inflection_method"
isha,2017-09-26,21:36:38,2,40.4189,-3.6919,650.0,Madrid_SQM_evol_UCM_Zenodo4633001,"sqm_msas=18.12,solar_dep=18.12deg,inflection_method"
fajr,2017-09-27,21:34:41,2,40.4189,-3.6919,650.0,Madrid_SQM_evol_UCM_Zenodo4633001,"sqm_msas=17.19,solar_dep=18.08deg,inflection_method"
isha,2017-09-27,21:40:59,2,40.4189,-3.6919,650.0,Madrid_SQM_evol_UCM_Zenodo4633001,"sqm_msas=17.26,solar_dep=19.25deg,inflection_method"
fajr,2017-09-28,06:37:17,2,40.4189,-3.6919,650.0,Madrid_SQM_evol_UCM_Zenodo4633001,"sqm_msas=18.53,solar_dep=18.01deg,inflection_method"
isha,2017-09-28,21:33:18,2,40.4189,-3.6919,650.0,Madrid_SQM_evol_UCM_Zenodo4633001,"sqm_msas=17.81,solar_dep=18.15deg,inflection_method"
fajr,2017-09-29,21:31:07,2,40.4189,-3.6919,650.0,Madrid_SQM_evol_UCM_Zenodo4633001,"sqm_msas=16.01,solar_dep=18.07deg,inflection_method"
isha,2017-09-29,21:39:32,2,40.4189,-3.6919,650.0,Madrid_SQM_evol_UCM_Zenodo4633001,"sqm_msas=16.03,solar_dep=19.63deg,inflection_method"
fajr,2017-09-30,06:29:26,2,40.4189,-3.6919,650.0,Madrid_SQM_evol_UCM_Zenodo4633001,"sqm_msas=17.87,solar_dep=19.86deg,inflection_method"
isha,2017-09-30,21:29:34,2,40.4189,-3.6919,650.0,Madrid_SQM_evol_UCM_Zenodo4633001,"sqm_msas=16.41,solar_dep=18.10deg,inflection_method"
fajr,2017-10-01,06:30:42,2,40.4189,-3.6919,650.0,Madrid_SQM_evol_UCM_Zenodo4633001,"sqm_msas=17.01,solar_dep=19.83deg,inflection_method"
isha,2017-10-01,21:28:08,2,40.4189,-3.6919,650.0,Madrid_SQM_evol_UCM_Zenodo4633001,"sqm_msas=18.08,solar_dep=18.15deg,inflection_method"
fajr,2017-10-02,21:25:51,2,40.4189,-3.6919,650.0,Madrid_SQM_evol_UCM_Zenodo4633001,"sqm_msas=17.97,solar_dep=18.03deg,inflection_method"
isha,2017-10-02,21:27:16,2,40.4189,-3.6919,650.0,Madrid_SQM_evol_UCM_Zenodo4633001,"sqm_msas=17.96,solar_dep=18.30deg,inflection_method"
fajr,2017-10-03,06:36:03,2,40.4189,-3.6919,650.0,Madrid_SQM_evol_UCM_Zenodo4633001,"sqm_msas=18.72,solar_dep=19.23deg,inflection_method"
isha,2017-10-03,21:25:00,2,40.4189,-3.6919,650.0,Madrid_SQM_evol_UCM_Zenodo4633001,"sqm_msas=17.86,solar_dep=18.19deg,inflection_method"
fajr,2017-10-04,06:40:09,2,40.4189,-3.6919,650.0,Madrid_SQM_evol_UCM_Zenodo4633001,"sqm_msas=18.56,solar_dep=18.66deg,inflection_method"
isha,2017-10-04,21:22:41,2,40.4189,-3.6919,650.0,Madrid_SQM_evol_UCM_Zenodo4633001,"sqm_msas=17.53,solar_dep=18.07deg,inflection_method"
fajr,2017-10-05,21:21:00,2,40.4189,-3.6919,650.0,Madrid_SQM_evol_UCM_Zenodo4633001,"sqm_msas=17.64,solar_dep=18.06deg,inflection_method"
isha,2017-10-05,21:27:18,2,40.4189,-3.6919,650.0,Madrid_SQM_evol_UCM_Zenodo4633001,"sqm_msas=17.67,solar_dep=19.24deg,inflection_method"
fajr,2017-10-06,06:36:14,2,40.4189,-3.6919,650.0,Madrid_SQM_evol_UCM_Zenodo4633001,"sqm_msas=18.16,solar_dep=19.79deg,inflection_method"
isha,2017-10-06,21:20:52,2,40.4189,-3.6919,650.0,Madrid_SQM_evol_UCM_Zenodo4633001,"sqm_msas=18.02,solar_dep=18.34deg,inflection_method"
fajr,2017-10-07,06:39:31,2,40.4189,-3.6919,650.0,Madrid_SQM_evol_UCM_Zenodo4633001,"sqm_msas=18.26,solar_dep=19.37deg,inflection_method"
isha,2017-10-07,21:19:48,2,40.4189,-3.6919,650.0,Madrid_SQM_evol_UCM_Zenodo4633001,"sqm_msas=18.20,solar_dep=18.44deg,inflection_method"
fajr,2017-10-08,06:39:50,2,40.4189,-3.6919,650.0,Madrid_SQM_evol_UCM_Zenodo4633001,"sqm_msas=17.92,solar_dep=19.51deg,inflection_method"
isha,2017-10-08,21:16:34,2,40.4189,-3.6919,650.0,Madrid_SQM_evol_UCM_Zenodo4633001,"sqm_msas=18.28,solar_dep=18.13deg,inflection_method"
fajr,2017-10-09,06:40:50,2,40.4189,-3.6919,650.0,Madrid_SQM_evol_UCM_Zenodo4633001,"sqm_msas=18.03,solar_dep=19.52deg,inflection_method"
isha,2017-10-09,21:14:41,2,40.4189,-3.6919,650.0,Madrid_SQM_evol_UCM_Zenodo4633001,"sqm_msas=18.08,solar_dep=18.08deg,inflection_method"
fajr,2017-10-10,06:42:25,2,40.4189,-3.6919,650.0,Madrid_SQM_evol_UCM_Zenodo4633001,"sqm_msas=17.63,solar_dep=19.41deg,inflection_method"
isha,2017-10-10,21:13:27,2,40.4189,-3.6919,650.0,Madrid_SQM_evol_UCM_Zenodo4633001,"sqm_msas=17.91,solar_dep=18.14deg,inflection_method"
fajr,2017-10-11,21:11:28,2,40.4189,-3.6919,650.0,Madrid_SQM_evol_UCM_Zenodo4633001,"sqm_msas=17.64,solar_dep=18.05deg,inflection_method"
isha,2017-10-11,21:12:52,2,40.4189,-3.6919,650.0,Madrid_SQM_evol_UCM_Zenodo4633001,"sqm_msas=17.66,solar_dep=18.32deg,inflection_method"
fajr,2017-10-12,06:44:55,2,40.4189,-3.6919,650.0,Madrid_SQM_evol_UCM_Zenodo4633001,"sqm_msas=17.44,solar_dep=19.33deg,inflection_method"
isha,2017-10-12,21:10:02,2,40.4189,-3.6919,650.0,Madrid_SQM_evol_UCM_Zenodo4633001,"sqm_msas=18.00,solar_dep=18.07deg,inflection_method"
fajr,2017-10-13,06:44:53,2,40.4189,-3.6919,650.0,Madrid_SQM_evol_UCM_Zenodo4633001,"sqm_msas=18.20,solar_dep=19.54deg,inflection_method"
isha,2017-10-13,21:09:16,2,40.4189,-3.6919,650.0,Madrid_SQM_evol_UCM_Zenodo4633001,"sqm_msas=18.07,solar_dep=18.21deg,inflection_method"
fajr,2017-10-14,06:46:15,2,40.4189,-3.6919,650.0,Madrid_SQM_evol_UCM_Zenodo4633001,"sqm_msas=18.47,solar_dep=19.47deg,inflection_method"
isha,2017-10-14,21:07:08,2,40.4189,-3.6919,650.0,Madrid_SQM_evol_UCM_Zenodo4633001,"sqm_msas=16.98,solar_dep=18.09deg,inflection_method"
fajr,2017-10-15,06:45:37,2,40.4189,-3.6919,650.0,Madrid_SQM_evol_UCM_Zenodo4633001,"sqm_msas=17.11,solar_dep=19.79deg,inflection_method"
isha,2017-10-15,21:05:56,2,40.4189,-3.6919,650.0,Madrid_SQM_evol_UCM_Zenodo4633001,"sqm_msas=17.94,solar_dep=18.14deg,inflection_method"
fajr,2017-10-16,06:50:39,2,40.4189,-3.6919,650.0,Madrid_SQM_evol_UCM_Zenodo4633001,"sqm_msas=18.11,solar_dep=19.03deg,inflection_method"
isha,2017-10-16,21:04:32,2,40.4189,-3.6919,650.0,Madrid_SQM_evol_UCM_Zenodo4633001,"sqm_msas=17.81,solar_dep=18.15deg,inflection_method"
fajr,2017-10-17,06:54:10,2,40.4189,-3.6919,650.0,Madrid_SQM_evol_UCM_Zenodo4633001,"sqm_msas=18.14,solar_dep=18.56deg,inflection_method"
isha,2017-10-17,21:03:09,2,40.4189,-3.6919,650.0,Madrid_SQM_evol_UCM_Zenodo4633001,"sqm_msas=15.97,solar_dep=18.15deg,inflection_method"
fajr,2017-10-18,06:54:48,2,40.4189,-3.6919,650.0,Madrid_SQM_evol_UCM_Zenodo4633001,"sqm_msas=14.98,solar_dep=18.63deg,inflection_method"
isha,2017-10-18,21:01:32,2,40.4189,-3.6919,650.0,Madrid_SQM_evol_UCM_Zenodo4633001,"sqm_msas=15.95,solar_dep=18.11deg,inflection_method"
fajr,2017-10-19,06:51:07,2,40.4189,-3.6919,650.0,Madrid_SQM_evol_UCM_Zenodo4633001,"sqm_msas=17.32,solar_dep=19.53deg,inflection_method"
isha,2017-10-19,21:08:15,2,40.4189,-3.6919,650.0,Madrid_SQM_evol_UCM_Zenodo4633001,"sqm_msas=17.45,solar_dep=19.65deg,inflection_method"
fajr,2017-10-20,06:52:56,2,40.4189,-3.6919,650.0,Madrid_SQM_evol_UCM_Zenodo4633001,"sqm_msas=18.64,solar_dep=19.38deg,inflection_method"
isha,2017-10-20,20:58:52,2,40.4189,-3.6919,650.0,Madrid_SQM_evol_UCM_Zenodo4633001,"sqm_msas=17.53,solar_dep=18.13deg,inflection_method"
fajr,2017-10-21,07:01:00,2,40.4189,-3.6919,650.0,Madrid_SQM_evol_UCM_Zenodo4633001,"sqm_msas=15.71,solar_dep=18.04deg,inflection_method"
isha,2017-10-21,20:58:27,2,40.4189,-3.6919,650.0,Madrid_SQM_evol_UCM_Zenodo4633001,"sqm_msas=16.37,solar_dep=18.30deg,inflection_method"
fajr,2017-10-22,06:57:08,2,40.4189,-3.6919,650.0,Madrid_SQM_evol_UCM_Zenodo4633001,"sqm_msas=18.56,solar_dep=18.97deg,inflection_method"
isha,2017-10-22,20:55:58,2,40.4189,-3.6919,650.0,Madrid_SQM_evol_UCM_Zenodo4633001,"sqm_msas=17.95,solar_dep=18.08deg,inflection_method"
fajr,2017-10-23,06:55:23,2,40.4189,-3.6919,650.0,Madrid_SQM_evol_UCM_Zenodo4633001,"sqm_msas=18.54,solar_dep=19.49deg,inflection_method"
isha,2017-10-23,20:54:47,2,40.4189,-3.6919,650.0,Madrid_SQM_evol_UCM_Zenodo4633001,"sqm_msas=18.12,solar_dep=18.10deg,inflection_method"
fajr,2017-10-24,06:54:50,2,40.4189,-3.6919,650.0,Madrid_SQM_evol_UCM_Zenodo4633001,"sqm_msas=18.59,solar_dep=19.79deg,inflection_method"
isha,2017-10-24,20:53:36,2,40.4189,-3.6919,650.0,Madrid_SQM_evol_UCM_Zenodo4633001,"sqm_msas=18.03,solar_dep=18.12deg,inflection_method"
fajr,2017-10-25,06:55:46,2,40.4189,-3.6919,650.0,Madrid_SQM_evol_UCM_Zenodo4633001,"sqm_msas=18.56,solar_dep=19.81deg,inflection_method"
isha,2017-10-25,20:52:19,2,40.4189,-3.6919,650.0,Madrid_SQM_evol_UCM_Zenodo4633001,"sqm_msas=18.01,solar_dep=18.11deg,inflection_method"
fajr,2017-10-26,06:56:41,2,40.4189,-3.6919,650.0,Madrid_SQM_evol_UCM_Zenodo4633001,"sqm_msas=18.52,solar_dep=19.83deg,inflection_method"
isha,2017-10-26,20:51:04,2,40.4189,-3.6919,650.0,Madrid_SQM_evol_UCM_Zenodo4633001,"sqm_msas=17.95,solar_dep=18.11deg,inflection_method"
fajr,2017-10-27,06:58:25,2,40.4189,-3.6919,650.0,Madrid_SQM_evol_UCM_Zenodo4633001,"sqm_msas=18.31,solar_dep=19.69deg,inflection_method"
isha,2017-10-27,20:49:53,2,40.4189,-3.6919,650.0,Madrid_SQM_evol_UCM_Zenodo4633001,"sqm_msas=17.99,solar_dep=18.11deg,inflection_method"
fajr,2017-10-28,07:05:38,2,40.4189,-3.6919,650.0,Madrid_SQM_evol_UCM_Zenodo4633001,"sqm_msas=18.60,solar_dep=18.52deg,inflection_method"
isha,2017-10-28,20:48:35,2,40.4189,-3.6919,650.0,Madrid_SQM_evol_UCM_Zenodo4633001,"sqm_msas=18.12,solar_dep=18.08deg,inflection_method"
fajr,2017-10-29,20:47:08,2,40.4189,-3.6919,650.0,Madrid_SQM_evol_UCM_Zenodo4633001,"sqm_msas=18.10,solar_dep=18.03deg,inflection_method"
isha,2017-10-29,20:47:50,2,40.4189,-3.6919,650.0,Madrid_SQM_evol_UCM_Zenodo4633001,"sqm_msas=18.09,solar_dep=18.16deg,inflection_method"
fajr,2017-10-30,07:06:58,2,40.4189,-3.6919,650.0,Madrid_SQM_evol_UCM_Zenodo4633001,"sqm_msas=18.62,solar_dep=18.65deg,inflection_method"
isha,2017-10-30,20:46:15,2,40.4189,-3.6919,650.0,Madrid_SQM_evol_UCM_Zenodo4633001,"sqm_msas=17.91,solar_dep=18.07deg,inflection_method"
fajr,2017-10-31,07:03:19,2,40.4189,-3.6919,650.0,Madrid_SQM_evol_UCM_Zenodo4633001,"sqm_msas=18.47,solar_dep=19.54deg,inflection_method"
isha,2017-10-31,20:45:34,2,40.4189,-3.6919,650.0,Madrid_SQM_evol_UCM_Zenodo4633001,"sqm_msas=17.55,solar_dep=18.15deg,inflection_method"
fajr,2017-11-01,06:10:19,1,40.4189,-3.6919,650.0,Madrid_SQM_evol_UCM_Zenodo4633001,"sqm_msas=15.99,solar_dep=18.40deg,inflection_method"
isha,2017-11-01,19:44:03,1,40.4189,-3.6919,650.0,Madrid_SQM_evol_UCM_Zenodo4633001,"sqm_msas=16.91,solar_dep=18.06deg,inflection_method"
fajr,2017-11-02,06:04:37,1,40.4189,-3.6919,650.0,Madrid_SQM_evol_UCM_Zenodo4633001,"sqm_msas=16.11,solar_dep=19.67deg,inflection_method"
isha,2017-11-02,19:43:16,1,40.4189,-3.6919,650.0,Madrid_SQM_evol_UCM_Zenodo4633001,"sqm_msas=15.88,solar_dep=18.11deg,inflection_method"
fajr,2017-11-03,06:05:52,1,40.4189,-3.6919,650.0,Madrid_SQM_evol_UCM_Zenodo4633001,"sqm_msas=16.51,solar_dep=19.63deg,inflection_method"
isha,2017-11-03,19:42:20,1,40.4189,-3.6919,650.0,Madrid_SQM_evol_UCM_Zenodo4633001,"sqm_msas=15.48,solar_dep=18.13deg,inflection_method"
fajr,2017-11-04,06:14:06,1,40.4189,-3.6919,650.0,Madrid_SQM_evol_UCM_Zenodo4633001,"sqm_msas=15.54,solar_dep=18.26deg,inflection_method"
isha,2017-11-04,19:46:58,1,40.4189,-3.6919,650.0,Madrid_SQM_evol_UCM_Zenodo4633001,"sqm_msas=16.64,solar_dep=19.19deg,inflection_method"
fajr,2017-11-05,06:06:53,1,40.4189,-3.6919,650.0,Madrid_SQM_evol_UCM_Zenodo4633001,"sqm_msas=18.14,solar_dep=19.82deg,inflection_method"
isha,2017-11-05,19:40:31,1,40.4189,-3.6919,650.0,Madrid_SQM_evol_UCM_Zenodo4633001,"sqm_msas=18.21,solar_dep=18.15deg,inflection_method"
fajr,2017-11-06,19:38:55,1,40.4189,-3.6919,650.0,Madrid_SQM_evol_UCM_Zenodo4633001,"sqm_msas=18.01,solar_dep=18.02deg,inflection_method"
isha,2017-11-06,19:45:56,1,40.4189,-3.6919,650.0,Madrid_SQM_evol_UCM_Zenodo4633001,"sqm_msas=18.03,solar_dep=19.35deg,inflection_method"
fajr,2017-11-07,06:12:15,1,40.4189,-3.6919,650.0,Madrid_SQM_evol_UCM_Zenodo4633001,"sqm_msas=18.00,solar_dep=19.18deg,inflection_method"
isha,2017-11-07,19:38:04,1,40.4189,-3.6919,650.0,Madrid_SQM_evol_UCM_Zenodo4633001,"sqm_msas=17.96,solar_dep=18.03deg,inflection_method"
fajr,2017-11-08,06:10:31,1,40.4189,-3.6919,650.0,Madrid_SQM_evol_UCM_Zenodo4633001,"sqm_msas=17.76,solar_dep=19.70deg,inflection_method"
isha,2017-11-08,19:38:16,1,40.4189,-3.6919,650.0,Madrid_SQM_evol_UCM_Zenodo4633001,"sqm_msas=16.81,solar_dep=18.24deg,inflection_method"
fajr,2017-11-09,06:13:30,1,40.4189,-3.6919,650.0,Madrid_SQM_evol_UCM_Zenodo4633001,"sqm_msas=17.75,solar_dep=19.33deg,inflection_method"
isha,2017-11-09,19:36:20,1,40.4189,-3.6919,650.0,Madrid_SQM_evol_UCM_Zenodo4633001,"sqm_msas=18.13,solar_dep=18.03deg,inflection_method"
fajr,2017-11-10,06:13:42,1,40.4189,-3.6919,650.0,Madrid_SQM_evol_UCM_Zenodo4633001,"sqm_msas=18.02,solar_dep=19.48deg,inflection_method"
isha,2017-11-10,19:35:43,1,40.4189,-3.6919,650.0,Madrid_SQM_evol_UCM_Zenodo4633001,"sqm_msas=17.84,solar_dep=18.06deg,inflection_method"
fajr,2017-11-11,06:13:47,1,40.4189,-3.6919,650.0,Madrid_SQM_evol_UCM_Zenodo4633001,"sqm_msas=18.40,solar_dep=19.65deg,inflection_method"
isha,2017-11-11,19:35:07,1,40.4189,-3.6919,650.0,Madrid_SQM_evol_UCM_Zenodo4633001,"sqm_msas=18.26,solar_dep=18.10deg,inflection_method"
fajr,2017-11-12,06:17:22,1,40.4189,-3.6919,650.0,Madrid_SQM_evol_UCM_Zenodo4633001,"sqm_msas=18.57,solar_dep=19.17deg,inflection_method"
isha,2017-11-12,19:34:24,1,40.4189,-3.6919,650.0,Madrid_SQM_evol_UCM_Zenodo4633001,"sqm_msas=18.26,solar_dep=18.10deg,inflection_method"
fajr,2017-11-13,06:16:37,1,40.4189,-3.6919,650.0,Madrid_SQM_evol_UCM_Zenodo4633001,"sqm_msas=18.59,solar_dep=19.50deg,inflection_method"
isha,2017-11-13,19:33:41,1,40.4189,-3.6919,650.0,Madrid_SQM_evol_UCM_Zenodo4633001,"sqm_msas=18.03,solar_dep=18.10deg,inflection_method"
fajr,2017-11-14,06:21:39,1,40.4189,-3.6919,650.0,Madrid_SQM_evol_UCM_Zenodo4633001,"sqm_msas=18.61,solar_dep=18.73deg,inflection_method"
isha,2017-11-14,19:32:54,1,40.4189,-3.6919,650.0,Madrid_SQM_evol_UCM_Zenodo4633001,"sqm_msas=17.99,solar_dep=18.08deg,inflection_method"
fajr,2017-11-15,06:20:17,1,40.4189,-3.6919,650.0,Madrid_SQM_evol_UCM_Zenodo4633001,"sqm_msas=18.60,solar_dep=19.18deg,inflection_method"
isha,2017-11-15,19:32:22,1,40.4189,-3.6919,650.0,Madrid_SQM_evol_UCM_Zenodo4633001,"sqm_msas=17.92,solar_dep=18.11deg,inflection_method"
fajr,2017-11-16,06:20:30,1,40.4189,-3.6919,650.0,Madrid_SQM_evol_UCM_Zenodo4633001,"sqm_msas=18.59,solar_dep=19.32deg,inflection_method"
isha,2017-11-16,19:31:46,1,40.4189,-3.6919,650.0,Madrid_SQM_evol_UCM_Zenodo4633001,"sqm_msas=17.94,solar_dep=18.11deg,inflection_method"
fajr,2017-11-17,06:19:43,1,40.4189,-3.6919,650.0,Madrid_SQM_evol_UCM_Zenodo4633001,"sqm_msas=18.58,solar_dep=19.66deg,inflection_method"
isha,2017-11-17,19:37:16,1,40.4189,-3.6919,650.0,Madrid_SQM_evol_UCM_Zenodo4633001,"sqm_msas=17.64,solar_dep=19.25deg,inflection_method"
fajr,2017-11-18,06:24:30,1,40.4189,-3.6919,650.0,Madrid_SQM_evol_UCM_Zenodo4633001,"sqm_msas=18.62,solar_dep=18.94deg,inflection_method"
isha,2017-11-18,19:30:43,1,40.4189,-3.6919,650.0,Madrid_SQM_evol_UCM_Zenodo4633001,"sqm_msas=18.21,solar_dep=18.13deg,inflection_method"
fajr,2017-11-19,06:20:44,1,40.4189,-3.6919,650.0,Madrid_SQM_evol_UCM_Zenodo4633001,"sqm_msas=18.65,solar_dep=19.83deg,inflection_method"
isha,2017-11-19,19:29:49,1,40.4189,-3.6919,650.0,Madrid_SQM_evol_UCM_Zenodo4633001,"sqm_msas=18.23,solar_dep=18.06deg,inflection_method"
fajr,2017-11-20,06:30:24,1,40.4189,-3.6919,650.0,Madrid_SQM_evol_UCM_Zenodo4633001,"sqm_msas=18.54,solar_dep=18.20deg,inflection_method"
isha,2017-11-20,19:29:31,1,40.4189,-3.6919,650.0,Madrid_SQM_evol_UCM_Zenodo4633001,"sqm_msas=17.48,solar_dep=18.09deg,inflection_method"
fajr,2017-11-21,06:27:18,1,40.4189,-3.6919,650.0,Madrid_SQM_evol_UCM_Zenodo4633001,"sqm_msas=18.54,solar_dep=18.96deg,inflection_method"
isha,2017-11-21,19:29:15,1,40.4189,-3.6919,650.0,Madrid_SQM_evol_UCM_Zenodo4633001,"sqm_msas=17.87,solar_dep=18.13deg,inflection_method"
fajr,2017-11-22,06:24:18,1,40.4189,-3.6919,650.0,Madrid_SQM_evol_UCM_Zenodo4633001,"sqm_msas=18.51,solar_dep=19.70deg,inflection_method"
isha,2017-11-22,19:28:20,1,40.4189,-3.6919,650.0,Madrid_SQM_evol_UCM_Zenodo4633001,"sqm_msas=17.83,solar_dep=18.04deg,inflection_method"
fajr,2017-11-23,06:27:39,1,40.4189,-3.6919,650.0,Madrid_SQM_evol_UCM_Zenodo4633001,"sqm_msas=17.46,solar_dep=19.26deg,inflection_method"
isha,2017-11-23,19:36:38,1,40.4189,-3.6919,650.0,Madrid_SQM_evol_UCM_Zenodo4633001,"sqm_msas=16.27,solar_dep=19.66deg,inflection_method"
fajr,2017-11-24,06:30:08,1,40.4189,-3.6919,650.0,Madrid_SQM_evol_UCM_Zenodo4633001,"sqm_msas=15.62,solar_dep=18.97deg,inflection_method"
isha,2017-11-24,19:32:44,1,40.4189,-3.6919,650.0,Madrid_SQM_evol_UCM_Zenodo4633001,"sqm_msas=15.59,solar_dep=19.00deg,inflection_method"
fajr,2017-11-25,06:26:26,1,40.4189,-3.6919,650.0,Madrid_SQM_evol_UCM_Zenodo4633001,"sqm_msas=15.51,solar_dep=19.83deg,inflection_method"
isha,2017-11-25,19:27:35,1,40.4189,-3.6919,650.0,Madrid_SQM_evol_UCM_Zenodo4633001,"sqm_msas=16.68,solar_dep=18.10deg,inflection_method"
fajr,2017-11-26,06:31:55,1,40.4189,-3.6919,650.0,Madrid_SQM_evol_UCM_Zenodo4633001,"sqm_msas=18.64,solar_dep=18.98deg,inflection_method"
isha,2017-11-26,19:29:44,1,40.4189,-3.6919,650.0,Madrid_SQM_evol_UCM_Zenodo4633001,"sqm_msas=18.15,solar_dep=18.55deg,inflection_method"
isha,2018-02-06,20:14:56,1,40.4189,-3.6919,650.0,Madrid_SQM_evol_UCM_Zenodo4633001,"sqm_msas=17.90,solar_dep=18.63deg,inflection_method"
fajr,2018-02-07,06:36:14,1,40.4189,-3.6919,650.0,Madrid_SQM_evol_UCM_Zenodo4633001,"sqm_msas=17.55,solar_dep=19.78deg,inflection_method"
isha,2018-02-07,20:19:19,1,40.4189,-3.6919,650.0,Madrid_SQM_evol_UCM_Zenodo4633001,"sqm_msas=17.91,solar_dep=19.25deg,inflection_method"
fajr,2018-02-08,06:35:36,1,40.4189,-3.6919,650.0,Madrid_SQM_evol_UCM_Zenodo4633001,"sqm_msas=18.41,solar_dep=19.72deg,inflection_method"
isha,2018-02-08,20:14:33,1,40.4189,-3.6919,650.0,Madrid_SQM_evol_UCM_Zenodo4633001,"sqm_msas=17.86,solar_dep=18.15deg,inflection_method"
fajr,2018-02-09,06:35:05,1,40.4189,-3.6919,650.0,Madrid_SQM_evol_UCM_Zenodo4633001,"sqm_msas=18.38,solar_dep=19.62deg,inflection_method"
isha,2018-02-09,20:15:33,1,40.4189,-3.6919,650.0,Madrid_SQM_evol_UCM_Zenodo4633001,"sqm_msas=17.30,solar_dep=18.13deg,inflection_method"
fajr,2018-02-10,06:35:18,1,40.4189,-3.6919,650.0,Madrid_SQM_evol_UCM_Zenodo4633001,"sqm_msas=18.53,solar_dep=19.39deg,inflection_method"
isha,2018-02-10,20:16:31,1,40.4189,-3.6919,650.0,Madrid_SQM_evol_UCM_Zenodo4633001,"sqm_msas=18.05,solar_dep=18.11deg,inflection_method"
fajr,2018-02-11,06:35:01,1,40.4189,-3.6919,650.0,Madrid_SQM_evol_UCM_Zenodo4633001,"sqm_msas=18.55,solar_dep=19.24deg,inflection_method"
isha,2018-02-11,20:17:35,1,40.4189,-3.6919,650.0,Madrid_SQM_evol_UCM_Zenodo4633001,"sqm_msas=16.14,solar_dep=18.11deg,inflection_method"
fajr,2018-02-12,06:35:22,1,40.4189,-3.6919,650.0,Madrid_SQM_evol_UCM_Zenodo4633001,"sqm_msas=15.61,solar_dep=18.97deg,inflection_method"
isha,2018-02-12,20:18:45,1,40.4189,-3.6919,650.0,Madrid_SQM_evol_UCM_Zenodo4633001,"sqm_msas=17.90,solar_dep=18.12deg,inflection_method"
fajr,2018-02-13,06:32:20,1,40.4189,-3.6919,650.0,Madrid_SQM_evol_UCM_Zenodo4633001,"sqm_msas=18.47,solar_dep=19.33deg,inflection_method"
isha,2018-02-13,20:19:49,1,40.4189,-3.6919,650.0,Madrid_SQM_evol_UCM_Zenodo4633001,"sqm_msas=17.29,solar_dep=18.12deg,inflection_method"
fajr,2018-02-14,06:34:05,1,40.4189,-3.6919,650.0,Madrid_SQM_evol_UCM_Zenodo4633001,"sqm_msas=16.56,solar_dep=18.78deg,inflection_method"
isha,2018-02-14,20:26:38,1,40.4189,-3.6919,650.0,Madrid_SQM_evol_UCM_Zenodo4633001,"sqm_msas=15.90,solar_dep=19.21deg,inflection_method"
fajr,2018-02-15,06:28:58,1,40.4189,-3.6919,650.0,Madrid_SQM_evol_UCM_Zenodo4633001,"sqm_msas=16.45,solar_dep=19.54deg,inflection_method"
isha,2018-02-15,20:21:38,1,40.4189,-3.6919,650.0,Madrid_SQM_evol_UCM_Zenodo4633001,"sqm_msas=15.43,solar_dep=18.05deg,inflection_method"
fajr,2018-02-16,06:32:21,1,40.4189,-3.6919,650.0,Madrid_SQM_evol_UCM_Zenodo4633001,"sqm_msas=15.26,solar_dep=18.67deg,inflection_method"
isha,2018-02-16,20:22:49,1,40.4189,-3.6919,650.0,Madrid_SQM_evol_UCM_Zenodo4633001,"sqm_msas=17.77,solar_dep=18.07deg,inflection_method"
fajr,2018-02-17,06:32:04,1,40.4189,-3.6919,650.0,Madrid_SQM_evol_UCM_Zenodo4633001,"sqm_msas=15.57,solar_dep=18.49deg,inflection_method"
isha,2018-02-17,20:26:08,1,40.4189,-3.6919,650.0,Madrid_SQM_evol_UCM_Zenodo4633001,"sqm_msas=16.25,solar_dep=18.50deg,inflection_method"
fajr,2018-02-18,06:25:29,1,40.4189,-3.6919,650.0,Madrid_SQM_evol_UCM_Zenodo4633001,"sqm_msas=18.57,solar_dep=19.51deg,inflection_method"
isha,2018-02-18,20:25:16,1,40.4189,-3.6919,650.0,Madrid_SQM_evol_UCM_Zenodo4633001,"sqm_msas=16.29,solar_dep=18.13deg,inflection_method"
fajr,2018-02-19,06:28:45,1,40.4189,-3.6919,650.0,Madrid_SQM_evol_UCM_Zenodo4633001,"sqm_msas=17.97,solar_dep=18.65deg,inflection_method"
isha,2018-02-19,20:25:50,1,40.4189,-3.6919,650.0,Madrid_SQM_evol_UCM_Zenodo4633001,"sqm_msas=17.71,solar_dep=18.03deg,inflection_method"
fajr,2018-02-20,06:29:23,1,40.4189,-3.6919,650.0,Madrid_SQM_evol_UCM_Zenodo4633001,"sqm_msas=18.39,solar_dep=18.28deg,inflection_method"
isha,2018-02-20,20:27:11,1,40.4189,-3.6919,650.0,Madrid_SQM_evol_UCM_Zenodo4633001,"sqm_msas=17.91,solar_dep=18.08deg,inflection_method"
fajr,2018-02-21,06:20:17,1,40.4189,-3.6919,650.0,Madrid_SQM_evol_UCM_Zenodo4633001,"sqm_msas=18.56,solar_dep=19.77deg,inflection_method"
isha,2018-02-21,20:28:42,1,40.4189,-3.6919,650.0,Madrid_SQM_evol_UCM_Zenodo4633001,"sqm_msas=17.90,solar_dep=18.16deg,inflection_method"
fajr,2018-02-22,06:22:39,1,40.4189,-3.6919,650.0,Madrid_SQM_evol_UCM_Zenodo4633001,"sqm_msas=18.52,solar_dep=19.06deg,inflection_method"
isha,2018-02-22,20:29:40,1,40.4189,-3.6919,650.0,Madrid_SQM_evol_UCM_Zenodo4633001,"sqm_msas=17.60,solar_dep=18.14deg,inflection_method"
fajr,2018-02-23,06:18:28,1,40.4189,-3.6919,650.0,Madrid_SQM_evol_UCM_Zenodo4633001,"sqm_msas=18.52,solar_dep=19.60deg,inflection_method"
isha,2018-02-23,20:30:29,1,40.4189,-3.6919,650.0,Madrid_SQM_evol_UCM_Zenodo4633001,"sqm_msas=17.62,solar_dep=18.08deg,inflection_method"
fajr,2018-02-24,06:16:29,1,40.4189,-3.6919,650.0,Madrid_SQM_evol_UCM_Zenodo4633001,"sqm_msas=18.50,solar_dep=19.72deg,inflection_method"
isha,2018-02-24,20:31:23,1,40.4189,-3.6919,650.0,Madrid_SQM_evol_UCM_Zenodo4633001,"sqm_msas=17.20,solar_dep=18.05deg,inflection_method"
fajr,2018-02-25,06:16:01,1,40.4189,-3.6919,650.0,Madrid_SQM_evol_UCM_Zenodo4633001,"sqm_msas=18.32,solar_dep=19.54deg,inflection_method"
isha,2018-02-25,20:33:01,1,40.4189,-3.6919,650.0,Madrid_SQM_evol_UCM_Zenodo4633001,"sqm_msas=17.17,solar_dep=18.15deg,inflection_method"
fajr,2018-02-26,06:14:54,1,40.4189,-3.6919,650.0,Madrid_SQM_evol_UCM_Zenodo4633001,"sqm_msas=18.49,solar_dep=19.48deg,inflection_method"
isha,2018-02-26,20:34:06,1,40.4189,-3.6919,650.0,Madrid_SQM_evol_UCM_Zenodo4633001,"sqm_msas=15.95,solar_dep=18.15deg,inflection_method"
fajr,2018-02-27,06:12:27,1,40.4189,-3.6919,650.0,Madrid_SQM_evol_UCM_Zenodo4633001,"sqm_msas=15.61,solar_dep=19.67deg,inflection_method"
isha,2018-02-27,20:35:04,1,40.4189,-3.6919,650.0,Madrid_SQM_evol_UCM_Zenodo4633001,"sqm_msas=14.80,solar_dep=18.12deg,inflection_method"
fajr,2018-02-28,06:15:38,1,40.4189,-3.6919,650.0,Madrid_SQM_evol_UCM_Zenodo4633001,"sqm_msas=15.17,solar_dep=18.79deg,inflection_method"
isha,2018-02-28,20:43:56,1,40.4189,-3.6919,650.0,Madrid_SQM_evol_UCM_Zenodo4633001,"sqm_msas=15.42,solar_dep=19.59deg,inflection_method"
fajr,2018-03-01,06:12:26,1,40.4189,-3.6919,650.0,Madrid_SQM_evol_UCM_Zenodo4633001,"sqm_msas=15.48,solar_dep=19.12deg,inflection_method"
isha,2018-03-01,20:40:50,1,40.4189,-3.6919,650.0,Madrid_SQM_evol_UCM_Zenodo4633001,"sqm_msas=17.21,solar_dep=18.80deg,inflection_method"
fajr,2018-03-02,06:14:16,1,40.4189,-3.6919,650.0,Madrid_SQM_evol_UCM_Zenodo4633001,"sqm_msas=17.50,solar_dep=18.49deg,inflection_method"
isha,2018-03-02,20:38:27,1,40.4189,-3.6919,650.0,Madrid_SQM_evol_UCM_Zenodo4633001,"sqm_msas=14.85,solar_dep=18.14deg,inflection_method"
fajr,2018-03-03,20:39:03,1,40.4189,-3.6919,650.0,Madrid_SQM_evol_UCM_Zenodo4633001,"sqm_msas=15.01,solar_dep=18.04deg,inflection_method"
isha,2018-03-03,20:42:34,1,40.4189,-3.6919,650.0,Madrid_SQM_evol_UCM_Zenodo4633001,"sqm_msas=15.10,solar_dep=18.71deg,inflection_method"
fajr,2018-03-04,20:40:23,1,40.4189,-3.6919,650.0,Madrid_SQM_evol_UCM_Zenodo4633001,"sqm_msas=14.73,solar_dep=18.09deg,inflection_method"
isha,2018-03-04,20:41:47,1,40.4189,-3.6919,650.0,Madrid_SQM_evol_UCM_Zenodo4633001,"sqm_msas=14.69,solar_dep=18.35deg,inflection_method"
fajr,2018-03-05,20:41:15,1,40.4189,-3.6919,650.0,Madrid_SQM_evol_UCM_Zenodo4633001,"sqm_msas=14.86,solar_dep=18.04deg,inflection_method"
isha,2018-03-05,20:44:46,1,40.4189,-3.6919,650.0,Madrid_SQM_evol_UCM_Zenodo4633001,"sqm_msas=14.81,solar_dep=18.70deg,inflection_method"
fajr,2018-03-06,06:05:36,1,40.4189,-3.6919,650.0,Madrid_SQM_evol_UCM_Zenodo4633001,"sqm_msas=18.14,solar_dep=18.96deg,inflection_method"
isha,2018-03-06,20:42:47,1,40.4189,-3.6919,650.0,Madrid_SQM_evol_UCM_Zenodo4633001,"sqm_msas=18.00,solar_dep=18.12deg,inflection_method"
fajr,2018-03-07,06:00:48,1,40.4189,-3.6919,650.0,Madrid_SQM_evol_UCM_Zenodo4633001,"sqm_msas=18.47,solar_dep=19.56deg,inflection_method"
isha,2018-03-07,20:43:39,1,40.4189,-3.6919,650.0,Madrid_SQM_evol_UCM_Zenodo4633001,"sqm_msas=15.45,solar_dep=18.07deg,inflection_method"
fajr,2018-03-08,06:07:18,1,40.4189,-3.6919,650.0,Madrid_SQM_evol_UCM_Zenodo4633001,"sqm_msas=15.39,solar_dep=18.04deg,inflection_method"
isha,2018-03-08,20:44:40,1,40.4189,-3.6919,650.0,Madrid_SQM_evol_UCM_Zenodo4633001,"sqm_msas=15.23,solar_dep=18.06deg,inflection_method"
fajr,2018-03-09,06:04:43,1,40.4189,-3.6919,650.0,Madrid_SQM_evol_UCM_Zenodo4633001,"sqm_msas=15.25,solar_dep=18.22deg,inflection_method"
isha,2018-03-09,20:53:56,1,40.4189,-3.6919,650.0,Madrid_SQM_evol_UCM_Zenodo4633001,"sqm_msas=15.34,solar_dep=19.58deg,inflection_method"
fajr,2018-03-10,05:55:46,1,40.4189,-3.6919,650.0,Madrid_SQM_evol_UCM_Zenodo4633001,"sqm_msas=15.86,solar_dep=19.59deg,inflection_method"
isha,2018-03-10,20:47:11,1,40.4189,-3.6919,650.0,Madrid_SQM_evol_UCM_Zenodo4633001,"sqm_msas=17.66,solar_dep=18.11deg,inflection_method"
fajr,2018-03-11,05:53:55,1,40.4189,-3.6919,650.0,Madrid_SQM_evol_UCM_Zenodo4633001,"sqm_msas=15.78,solar_dep=19.63deg,inflection_method"
isha,2018-03-11,20:48:09,1,40.4189,-3.6919,650.0,Madrid_SQM_evol_UCM_Zenodo4633001,"sqm_msas=15.40,solar_dep=18.07deg,inflection_method"
fajr,2018-03-12,06:00:25,1,40.4189,-3.6919,650.0,Madrid_SQM_evol_UCM_Zenodo4633001,"sqm_msas=16.85,solar_dep=18.10deg,inflection_method"
isha,2018-03-12,20:56:10,1,40.4189,-3.6919,650.0,Madrid_SQM_evol_UCM_Zenodo4633001,"sqm_msas=16.61,solar_dep=19.35deg,inflection_method"
fajr,2018-03-13,05:58:38,1,40.4189,-3.6919,650.0,Madrid_SQM_evol_UCM_Zenodo4633001,"sqm_msas=15.97,solar_dep=18.13deg,inflection_method"
isha,2018-03-13,20:50:52,1,40.4189,-3.6919,650.0,Madrid_SQM_evol_UCM_Zenodo4633001,"sqm_msas=17.17,solar_dep=18.16deg,inflection_method"
fajr,2018-03-14,05:56:51,1,40.4189,-3.6919,650.0,Madrid_SQM_evol_UCM_Zenodo4633001,"sqm_msas=17.88,solar_dep=18.14deg,inflection_method"
isha,2018-03-14,20:51:57,1,40.4189,-3.6919,650.0,Madrid_SQM_evol_UCM_Zenodo4633001,"sqm_msas=14.68,solar_dep=18.14deg,inflection_method"
fajr,2018-03-15,05:53:43,1,40.4189,-3.6919,650.0,Madrid_SQM_evol_UCM_Zenodo4633001,"sqm_msas=17.04,solar_dep=18.41deg,inflection_method"
isha,2018-03-15,20:52:51,1,40.4189,-3.6919,650.0,Madrid_SQM_evol_UCM_Zenodo4633001,"sqm_msas=17.96,solar_dep=18.10deg,inflection_method"
fajr,2018-03-16,05:44:06,1,40.4189,-3.6919,650.0,Madrid_SQM_evol_UCM_Zenodo4633001,"sqm_msas=15.57,solar_dep=19.87deg,inflection_method"
isha,2018-03-16,20:53:52,1,40.4189,-3.6919,650.0,Madrid_SQM_evol_UCM_Zenodo4633001,"sqm_msas=17.30,solar_dep=18.07deg,inflection_method"
fajr,2018-03-17,05:44:26,1,40.4189,-3.6919,650.0,Madrid_SQM_evol_UCM_Zenodo4633001,"sqm_msas=15.91,solar_dep=19.48deg,inflection_method"
isha,2018-03-17,20:58:33,1,40.4189,-3.6919,650.0,Madrid_SQM_evol_UCM_Zenodo4633001,"sqm_msas=15.27,solar_dep=18.72deg,inflection_method"
fajr,2018-03-18,05:44:03,1,40.4189,-3.6919,650.0,Madrid_SQM_evol_UCM_Zenodo4633001,"sqm_msas=16.91,solar_dep=19.23deg,inflection_method"
isha,2018-03-18,20:56:11,1,40.4189,-3.6919,650.0,Madrid_SQM_evol_UCM_Zenodo4633001,"sqm_msas=18.09,solar_dep=18.07deg,inflection_method"
fajr,2018-03-19,05:43:09,1,40.4189,-3.6919,650.0,Madrid_SQM_evol_UCM_Zenodo4633001,"sqm_msas=17.39,solar_dep=19.08deg,inflection_method"
isha,2018-03-19,20:57:29,1,40.4189,-3.6919,650.0,Madrid_SQM_evol_UCM_Zenodo4633001,"sqm_msas=17.98,solar_dep=18.09deg,inflection_method"
fajr,2018-03-20,05:39:36,1,40.4189,-3.6919,650.0,Madrid_SQM_evol_UCM_Zenodo4633001,"sqm_msas=18.05,solar_dep=19.40deg,inflection_method"
isha,2018-04-06,22:22:50,2,40.4189,-3.6919,650.0,Madrid_SQM_evol_UCM_Zenodo4633001,"sqm_msas=16.10,solar_dep=18.61deg,inflection_method"
fajr,2018-04-07,22:20:49,2,40.4189,-3.6919,650.0,Madrid_SQM_evol_UCM_Zenodo4633001,"sqm_msas=15.15,solar_dep=18.04deg,inflection_method"
isha,2018-04-07,22:22:56,2,40.4189,-3.6919,650.0,Madrid_SQM_evol_UCM_Zenodo4633001,"sqm_msas=15.42,solar_dep=18.40deg,inflection_method"
fajr,2018-04-08,06:08:47,2,40.4189,-3.6919,650.0,Madrid_SQM_evol_UCM_Zenodo4633001,"sqm_msas=16.61,solar_dep=18.62deg,inflection_method"
isha,2018-04-08,22:22:15,2,40.4189,-3.6919,650.0,Madrid_SQM_evol_UCM_Zenodo4633001,"sqm_msas=17.91,solar_dep=18.06deg,inflection_method"
fajr,2018-04-09,06:10:15,2,40.4189,-3.6919,650.0,Madrid_SQM_evol_UCM_Zenodo4633001,"sqm_msas=17.07,solar_dep=18.05deg,inflection_method"
isha,2018-04-09,22:23:50,2,40.4189,-3.6919,650.0,Madrid_SQM_evol_UCM_Zenodo4633001,"sqm_msas=15.21,solar_dep=18.10deg,inflection_method"
fajr,2018-04-10,06:05:29,2,40.4189,-3.6919,650.0,Madrid_SQM_evol_UCM_Zenodo4633001,"sqm_msas=16.75,solar_dep=18.53deg,inflection_method"
isha,2018-04-10,22:25:18,2,40.4189,-3.6919,650.0,Madrid_SQM_evol_UCM_Zenodo4633001,"sqm_msas=15.50,solar_dep=18.12deg,inflection_method"
fajr,2018-04-11,05:57:07,2,40.4189,-3.6919,650.0,Madrid_SQM_evol_UCM_Zenodo4633001,"sqm_msas=16.23,solar_dep=19.61deg,inflection_method"
isha,2018-04-11,22:26:51,2,40.4189,-3.6919,650.0,Madrid_SQM_evol_UCM_Zenodo4633001,"sqm_msas=14.94,solar_dep=18.15deg,inflection_method"
fajr,2018-04-12,22:27:44,2,40.4189,-3.6919,650.0,Madrid_SQM_evol_UCM_Zenodo4633001,"sqm_msas=15.00,solar_dep=18.07deg,inflection_method"
isha,2018-04-12,22:33:20,2,40.4189,-3.6919,650.0,Madrid_SQM_evol_UCM_Zenodo4633001,"sqm_msas=15.12,solar_dep=19.00deg,inflection_method"
fajr,2018-04-13,06:02:23,2,40.4189,-3.6919,650.0,Madrid_SQM_evol_UCM_Zenodo4633001,"sqm_msas=15.92,solar_dep=18.11deg,inflection_method"
isha,2018-04-13,22:29:23,2,40.4189,-3.6919,650.0,Madrid_SQM_evol_UCM_Zenodo4633001,"sqm_msas=18.25,solar_dep=18.12deg,inflection_method"
fajr,2018-04-14,22:30:21,2,40.4189,-3.6919,650.0,Madrid_SQM_evol_UCM_Zenodo4633001,"sqm_msas=18.20,solar_dep=18.05deg,inflection_method"
isha,2018-04-14,22:31:03,2,40.4189,-3.6919,650.0,Madrid_SQM_evol_UCM_Zenodo4633001,"sqm_msas=18.20,solar_dep=18.16deg,inflection_method"
fajr,2018-04-15,05:53:09,2,40.4189,-3.6919,650.0,Madrid_SQM_evol_UCM_Zenodo4633001,"sqm_msas=15.83,solar_dep=19.00deg,inflection_method"
isha,2018-04-15,22:32:08,2,40.4189,-3.6919,650.0,Madrid_SQM_evol_UCM_Zenodo4633001,"sqm_msas=14.89,solar_dep=18.11deg,inflection_method"
fajr,2018-04-16,05:57:10,2,40.4189,-3.6919,650.0,Madrid_SQM_evol_UCM_Zenodo4633001,"sqm_msas=18.12,solar_dep=18.04deg,inflection_method"
isha,2018-04-16,22:34:46,2,40.4189,-3.6919,650.0,Madrid_SQM_evol_UCM_Zenodo4633001,"sqm_msas=18.14,solar_dep=18.31deg,inflection_method"
fajr,2018-04-17,05:44:05,2,40.4189,-3.6919,650.0,Madrid_SQM_evol_UCM_Zenodo4633001,"sqm_msas=18.59,solar_dep=19.83deg,inflection_method"
isha,2018-04-17,22:34:32,2,40.4189,-3.6919,650.0,Madrid_SQM_evol_UCM_Zenodo4633001,"sqm_msas=18.15,solar_dep=18.04deg,inflection_method"
fajr,2018-04-18,05:51:29,2,40.4189,-3.6919,650.0,Madrid_SQM_evol_UCM_Zenodo4633001,"sqm_msas=18.53,solar_dep=18.35deg,inflection_method"
isha,2018-04-18,22:36:15,2,40.4189,-3.6919,650.0,Madrid_SQM_evol_UCM_Zenodo4633001,"sqm_msas=18.10,solar_dep=18.09deg,inflection_method"
fajr,2018-04-19,22:37:24,2,40.4189,-3.6919,650.0,Madrid_SQM_evol_UCM_Zenodo4633001,"sqm_msas=17.80,solar_dep=18.04deg,inflection_method"
isha,2018-04-19,22:47:13,2,40.4189,-3.6919,650.0,Madrid_SQM_evol_UCM_Zenodo4633001,"sqm_msas=17.78,solar_dep=19.59deg,inflection_method"
fajr,2018-04-20,05:38:17,2,40.4189,-3.6919,650.0,Madrid_SQM_evol_UCM_Zenodo4633001,"sqm_msas=18.21,solar_dep=19.83deg,inflection_method"
isha,2018-04-20,22:39:15,2,40.4189,-3.6919,650.0,Madrid_SQM_evol_UCM_Zenodo4633001,"sqm_msas=17.76,solar_dep=18.11deg,inflection_method"
fajr,2018-04-21,05:37:58,2,40.4189,-3.6919,650.0,Madrid_SQM_evol_UCM_Zenodo4633001,"sqm_msas=17.98,solar_dep=19.58deg,inflection_method"
isha,2018-04-21,22:41:47,2,40.4189,-3.6919,650.0,Madrid_SQM_evol_UCM_Zenodo4633001,"sqm_msas=16.23,solar_dep=18.28deg,inflection_method"
fajr,2018-04-22,05:40:33,2,40.4189,-3.6919,650.0,Madrid_SQM_evol_UCM_Zenodo4633001,"sqm_msas=17.06,solar_dep=18.89deg,inflection_method"
isha,2018-04-22,22:42:18,2,40.4189,-3.6919,650.0,Madrid_SQM_evol_UCM_Zenodo4633001,"sqm_msas=17.48,solar_dep=18.13deg,inflection_method"
fajr,2018-04-23,05:34:01,2,40.4189,-3.6919,650.0,Madrid_SQM_evol_UCM_Zenodo4633001,"sqm_msas=15.56,solar_dep=19.60deg,inflection_method"
isha,2018-04-23,22:49:53,2,40.4189,-3.6919,650.0,Madrid_SQM_evol_UCM_Zenodo4633001,"sqm_msas=17.13,solar_dep=19.07deg,inflection_method"
fajr,2018-04-24,05:30:25,2,40.4189,-3.6919,650.0,Madrid_SQM_evol_UCM_Zenodo4633001,"sqm_msas=16.27,solar_dep=19.86deg,inflection_method"
isha,2018-04-24,22:44:52,2,40.4189,-3.6919,650.0,Madrid_SQM_evol_UCM_Zenodo4633001,"sqm_msas=17.04,solar_dep=18.07deg,inflection_method"
fajr,2018-04-25,05:31:41,2,40.4189,-3.6919,650.0,Madrid_SQM_evol_UCM_Zenodo4633001,"sqm_msas=18.10,solar_dep=19.38deg,inflection_method"
isha,2018-04-25,22:46:49,2,40.4189,-3.6919,650.0,Madrid_SQM_evol_UCM_Zenodo4633001,"sqm_msas=17.12,solar_dep=18.14deg,inflection_method"
fajr,2018-04-26,05:31:27,2,40.4189,-3.6919,650.0,Madrid_SQM_evol_UCM_Zenodo4633001,"sqm_msas=18.32,solar_dep=19.13deg,inflection_method"
isha,2018-04-26,22:48:06,2,40.4189,-3.6919,650.0,Madrid_SQM_evol_UCM_Zenodo4633001,"sqm_msas=17.32,solar_dep=18.11deg,inflection_method"
fajr,2018-04-27,05:28:00,2,40.4189,-3.6919,650.0,Madrid_SQM_evol_UCM_Zenodo4633001,"sqm_msas=18.16,solar_dep=19.37deg,inflection_method"
isha,2018-04-27,22:49:34,2,40.4189,-3.6919,650.0,Madrid_SQM_evol_UCM_Zenodo4633001,"sqm_msas=17.24,solar_dep=18.11deg,inflection_method"
fajr,2018-04-28,05:23:01,2,40.4189,-3.6919,650.0,Madrid_SQM_evol_UCM_Zenodo4633001,"sqm_msas=15.60,solar_dep=19.82deg,inflection_method"
isha,2018-04-28,22:51:01,2,40.4189,-3.6919,650.0,Madrid_SQM_evol_UCM_Zenodo4633001,"sqm_msas=17.70,solar_dep=18.10deg,inflection_method"
fajr,2018-04-29,05:23:13,2,40.4189,-3.6919,650.0,Madrid_SQM_evol_UCM_Zenodo4633001,"sqm_msas=15.41,solar_dep=19.52deg,inflection_method"
isha,2018-04-29,22:52:39,2,40.4189,-3.6919,650.0,Madrid_SQM_evol_UCM_Zenodo4633001,"sqm_msas=16.22,solar_dep=18.12deg,inflection_method"
fajr,2018-04-30,22:53:51,2,40.4189,-3.6919,650.0,Madrid_SQM_evol_UCM_Zenodo4633001,"sqm_msas=15.45,solar_dep=18.07deg,inflection_method"
isha,2018-04-30,22:55:16,2,40.4189,-3.6919,650.0,Madrid_SQM_evol_UCM_Zenodo4633001,"sqm_msas=15.35,solar_dep=18.28deg,inflection_method"
fajr,2018-05-01,05:29:28,2,40.4189,-3.6919,650.0,Madrid_SQM_evol_UCM_Zenodo4633001,"sqm_msas=16.74,solar_dep=18.08deg,inflection_method"
isha,2018-05-01,23:05:15,2,40.4189,-3.6919,650.0,Madrid_SQM_evol_UCM_Zenodo4633001,"sqm_msas=18.30,solar_dep=19.49deg,inflection_method"
fajr,2018-05-02,05:16:06,2,40.4189,-3.6919,650.0,Madrid_SQM_evol_UCM_Zenodo4633001,"sqm_msas=17.35,solar_dep=19.75deg,inflection_method"
isha,2018-05-02,22:56:52,2,40.4189,-3.6919,650.0,Madrid_SQM_evol_UCM_Zenodo4633001,"sqm_msas=18.17,solar_dep=18.07deg,inflection_method"
fajr,2018-05-03,05:18:15,2,40.4189,-3.6919,650.0,Madrid_SQM_evol_UCM_Zenodo4633001,"sqm_msas=18.42,solar_dep=19.19deg,inflection_method"
isha,2018-05-03,22:59:49,2,40.4189,-3.6919,650.0,Madrid_SQM_evol_UCM_Zenodo4633001,"sqm_msas=18.17,solar_dep=18.27deg,inflection_method"
fajr,2018-05-04,05:14:52,2,40.4189,-3.6919,650.0,Madrid_SQM_evol_UCM_Zenodo4633001,"sqm_msas=18.44,solar_dep=19.41deg,inflection_method"
isha,2018-05-04,22:59:50,2,40.4189,-3.6919,650.0,Madrid_SQM_evol_UCM_Zenodo4633001,"sqm_msas=18.16,solar_dep=18.06deg,inflection_method"
fajr,2018-05-05,23:01:22,2,40.4189,-3.6919,650.0,Madrid_SQM_evol_UCM_Zenodo4633001,"sqm_msas=14.97,solar_dep=18.06deg,inflection_method"
isha,2018-05-05,23:11:11,2,40.4189,-3.6919,650.0,Madrid_SQM_evol_UCM_Zenodo4633001,"sqm_msas=16.39,solar_dep=19.42deg,inflection_method"
fajr,2018-05-06,05:09:27,2,40.4189,-3.6919,650.0,Madrid_SQM_evol_UCM_Zenodo4633001,"sqm_msas=18.43,solar_dep=19.66deg,inflection_method"
isha,2018-05-06,23:02:56,2,40.4189,-3.6919,650.0,Madrid_SQM_evol_UCM_Zenodo4633001,"sqm_msas=15.02,solar_dep=18.06deg,inflection_method"
fajr,2018-05-07,05:15:54,2,40.4189,-3.6919,650.0,Madrid_SQM_evol_UCM_Zenodo4633001,"sqm_msas=17.86,solar_dep=18.54deg,inflection_method"
isha,2018-05-07,23:04:29,2,40.4189,-3.6919,650.0,Madrid_SQM_evol_UCM_Zenodo4633001,"sqm_msas=15.79,solar_dep=18.06deg,inflection_method"
fajr,2018-05-08,05:04:11,2,40.4189,-3.6919,650.0,Madrid_SQM_evol_UCM_Zenodo4633001,"sqm_msas=18.53,solar_dep=19.90deg,inflection_method"
isha,2018-05-08,23:19:33,2,40.4189,-3.6919,650.0,Madrid_SQM_evol_UCM_Zenodo4633001,"sqm_msas=18.10,solar_dep=19.89deg,inflection_method"
fajr,2018-05-09,05:04:31,2,40.4189,-3.6919,650.0,Madrid_SQM_evol_UCM_Zenodo4633001,"sqm_msas=18.05,solar_dep=19.62deg,inflection_method"
isha,2018-05-09,23:07:57,2,40.4189,-3.6919,650.0,Madrid_SQM_evol_UCM_Zenodo4633001,"sqm_msas=15.75,solar_dep=18.12deg,inflection_method"
fajr,2018-05-10,05:07:38,2,40.4189,-3.6919,650.0,Madrid_SQM_evol_UCM_Zenodo4633001,"sqm_msas=17.06,solar_dep=18.98deg,inflection_method"
isha,2018-05-10,23:13:08,2,40.4189,-3.6919,650.0,Madrid_SQM_evol_UCM_Zenodo4633001,"sqm_msas=17.16,solar_dep=18.61deg,inflection_method"
fajr,2018-05-11,05:12:07,2,40.4189,-3.6919,650.0,Madrid_SQM_evol_UCM_Zenodo4633001,"sqm_msas=18.41,solar_dep=18.16deg,inflection_method"
isha,2018-05-11,23:10:47,2,40.4189,-3.6919,650.0,Madrid_SQM_evol_UCM_Zenodo4633001,"sqm_msas=18.22,solar_dep=18.09deg,inflection_method"
fajr,2018-05-12,05:01:21,2,40.4189,-3.6919,650.0,Madrid_SQM_evol_UCM_Zenodo4633001,"sqm_msas=17.24,solar_dep=19.37deg,inflection_method"
isha,2018-05-12,23:12:38,2,40.4189,-3.6919,650.0,Madrid_SQM_evol_UCM_Zenodo4633001,"sqm_msas=18.27,solar_dep=18.13deg,inflection_method"
fajr,2018-05-13,05:01:10,2,40.4189,-3.6919,650.0,Madrid_SQM_evol_UCM_Zenodo4633001,"sqm_msas=18.75,solar_dep=19.18deg,inflection_method"
isha,2018-05-13,23:13:55,2,40.4189,-3.6919,650.0,Madrid_SQM_evol_UCM_Zenodo4633001,"sqm_msas=15.88,solar_dep=18.10deg,inflection_method"
fajr,2018-05-14,23:15:05,2,40.4189,-3.6919,650.0,Madrid_SQM_evol_UCM_Zenodo4633001,"sqm_msas=18.11,solar_dep=18.05deg,inflection_method"
isha,2018-05-14,23:28:24,2,40.4189,-3.6919,650.0,Madrid_SQM_evol_UCM_Zenodo4633001,"sqm_msas=17.60,solar_dep=19.76deg,inflection_method"
fajr,2018-05-15,05:03:31,2,40.4189,-3.6919,650.0,Madrid_SQM_evol_UCM_Zenodo4633001,"sqm_msas=18.77,solar_dep=18.47deg,inflection_method"
isha,2018-05-15,23:16:54,2,40.4189,-3.6919,650.0,Madrid_SQM_evol_UCM_Zenodo4633001,"sqm_msas=18.33,solar_dep=18.09deg,inflection_method"
fajr,2018-05-16,05:03:14,2,40.4189,-3.6919,650.0,Madrid_SQM_evol_UCM_Zenodo4633001,"sqm_msas=18.62,solar_dep=18.32deg,inflection_method"
isha,2018-05-16,23:18:10,2,40.4189,-3.6919,650.0,Madrid_SQM_evol_UCM_Zenodo4633001,"sqm_msas=18.25,solar_dep=18.06deg,inflection_method"
fajr,2018-05-17,05:00:59,2,40.4189,-3.6919,650.0,Madrid_SQM_evol_UCM_Zenodo4633001,"sqm_msas=16.67,solar_dep=18.42deg,inflection_method"
isha,2018-05-17,23:25:40,2,40.4189,-3.6919,650.0,Madrid_SQM_evol_UCM_Zenodo4633001,"sqm_msas=16.98,solar_dep=18.82deg,inflection_method"
fajr,2018-05-18,05:00:49,2,40.4189,-3.6919,650.0,Madrid_SQM_evol_UCM_Zenodo4633001,"sqm_msas=17.52,solar_dep=18.26deg,inflection_method"
isha,2018-05-18,23:30:24,2,40.4189,-3.6919,650.0,Madrid_SQM_evol_UCM_Zenodo4633001,"sqm_msas=18.16,solar_dep=19.22deg,inflection_method"
isha,2018-05-19,23:22:30,2,40.4189,-3.6919,650.0,Madrid_SQM_evol_UCM_Zenodo4633001,"sqm_msas=17.67,solar_dep=18.05deg,inflection_method"
isha,2018-05-20,23:28:00,2,40.4189,-3.6919,650.0,Madrid_SQM_evol_UCM_Zenodo4633001,"sqm_msas=16.95,solar_dep=18.55deg,inflection_method"
isha,2018-05-21,23:39:58,2,40.4189,-3.6919,650.0,Madrid_SQM_evol_UCM_Zenodo4633001,"sqm_msas=15.84,solar_dep=19.80deg,inflection_method"
isha,2018-05-22,23:35:00,2,40.4189,-3.6919,650.0,Madrid_SQM_evol_UCM_Zenodo4633001,"sqm_msas=17.82,solar_dep=19.04deg,inflection_method"
isha,2018-05-23,23:32:56,2,40.4189,-3.6919,650.0,Madrid_SQM_evol_UCM_Zenodo4633001,"sqm_msas=17.82,solar_dep=18.62deg,inflection_method"
isha,2018-05-24,23:44:54,2,40.4189,-3.6919,650.0,Madrid_SQM_evol_UCM_Zenodo4633001,"sqm_msas=17.04,solar_dep=19.84deg,inflection_method"
isha,2018-05-25,23:47:01,2,40.4189,-3.6919,650.0,Madrid_SQM_evol_UCM_Zenodo4633001,"sqm_msas=18.06,solar_dep=19.91deg,inflection_method"
isha,2018-05-26,23:35:10,2,40.4189,-3.6919,650.0,Madrid_SQM_evol_UCM_Zenodo4633001,"sqm_msas=18.02,solar_dep=18.39deg,inflection_method"
isha,2018-05-27,23:38:46,2,40.4189,-3.6919,650.0,Madrid_SQM_evol_UCM_Zenodo4633001,"sqm_msas=15.45,solar_dep=18.65deg,inflection_method"
isha,2018-05-28,23:47:17,2,40.4189,-3.6919,650.0,Madrid_SQM_evol_UCM_Zenodo4633001,"sqm_msas=17.70,solar_dep=19.46deg,inflection_method"
isha,2018-05-29,23:53:01,2,40.4189,-3.6919,650.0,Madrid_SQM_evol_UCM_Zenodo4633001,"sqm_msas=16.43,solar_dep=19.94deg,inflection_method"
isha,2018-05-30,23:52:27,2,40.4189,-3.6919,650.0,Madrid_SQM_evol_UCM_Zenodo4633001,"sqm_msas=16.39,solar_dep=19.73deg,inflection_method"
isha,2018-05-31,23:54:05,2,40.4189,-3.6919,650.0,Madrid_SQM_evol_UCM_Zenodo4633001,"sqm_msas=18.30,solar_dep=19.76deg,inflection_method"
isha,2018-06-01,23:41:01,2,40.4189,-3.6919,650.0,Madrid_SQM_evol_UCM_Zenodo4633001,"sqm_msas=16.61,solar_dep=18.19deg,inflection_method"
isha,2018-06-02,23:51:02,2,40.4189,-3.6919,650.0,Madrid_SQM_evol_UCM_Zenodo4633001,"sqm_msas=17.15,solar_dep=19.17deg,inflection_method"
isha,2018-06-03,23:44:58,2,40.4189,-3.6919,650.0,Madrid_SQM_evol_UCM_Zenodo4633001,"sqm_msas=18.55,solar_dep=18.38deg,inflection_method"
isha,2018-06-04,23:44:34,2,40.4189,-3.6919,650.0,Madrid_SQM_evol_UCM_Zenodo4633001,"sqm_msas=15.46,solar_dep=18.21deg,inflection_method"
isha,2018-06-05,23:47:29,2,40.4189,-3.6919,650.0,Madrid_SQM_evol_UCM_Zenodo4633001,"sqm_msas=15.01,solar_dep=18.42deg,inflection_method"
isha,2018-06-06,23:57:27,2,40.4189,-3.6919,650.0,Madrid_SQM_evol_UCM_Zenodo4633001,"sqm_msas=17.89,solar_dep=19.38deg,inflection_method"
isha,2018-06-07,23:51:21,2,40.4189,-3.6919,650.0,Madrid_SQM_evol_UCM_Zenodo4633001,"sqm_msas=16.37,solar_dep=18.63deg,inflection_method"
isha,2018-06-09,00:00:39,2,40.4189,-3.6919,650.0,Madrid_SQM_evol_UCM_Zenodo4633001,"sqm_msas=17.01,solar_dep=19.50deg,inflection_method"
isha,2018-06-09,23:51:04,2,40.4189,-3.6919,650.0,Madrid_SQM_evol_UCM_Zenodo4633001,"sqm_msas=18.53,solar_dep=18.40deg,inflection_method"
isha,2018-06-10,23:51:57,2,40.4189,-3.6919,650.0,Madrid_SQM_evol_UCM_Zenodo4633001,"sqm_msas=17.13,solar_dep=18.41deg,inflection_method"
isha,2018-06-11,23:52:08,2,40.4189,-3.6919,650.0,Madrid_SQM_evol_UCM_Zenodo4633001,"sqm_msas=16.62,solar_dep=18.35deg,inflection_method"
isha,2018-06-13,00:00:42,2,40.4189,-3.6919,650.0,Madrid_SQM_evol_UCM_Zenodo4633001,"sqm_msas=18.53,solar_dep=19.17deg,inflection_method"
isha,2018-06-14,00:06:35,2,40.4189,-3.6919,650.0,Madrid_SQM_evol_UCM_Zenodo4633001,"sqm_msas=18.29,solar_dep=19.69deg,inflection_method"
isha,2018-06-15,00:10:20,2,40.4189,-3.6919,650.0,Madrid_SQM_evol_UCM_Zenodo4633001,"sqm_msas=18.56,solar_dep=19.99deg,inflection_method"
isha,2018-06-16,00:04:15,2,40.4189,-3.6919,650.0,Madrid_SQM_evol_UCM_Zenodo4633001,"sqm_msas=18.08,solar_dep=19.33deg,inflection_method"
isha,2018-06-17,00:05:10,2,40.4189,-3.6919,650.0,Madrid_SQM_evol_UCM_Zenodo4633001,"sqm_msas=18.43,solar_dep=19.37deg,inflection_method"
isha,2018-06-17,23:59:11,2,40.4189,-3.6919,650.0,Madrid_SQM_evol_UCM_Zenodo4633001,"sqm_msas=18.53,solar_dep=18.72deg,inflection_method"
isha,2018-06-19,00:00:08,2,40.4189,-3.6919,650.0,Madrid_SQM_evol_UCM_Zenodo4633001,"sqm_msas=18.44,solar_dep=18.77deg,inflection_method"
isha,2018-06-20,00:00:27,2,40.4189,-3.6919,650.0,Madrid_SQM_evol_UCM_Zenodo4633001,"sqm_msas=18.27,solar_dep=18.77deg,inflection_method"
isha,2018-06-21,00:04:15,2,40.4189,-3.6919,650.0,Madrid_SQM_evol_UCM_Zenodo4633001,"sqm_msas=16.71,solar_dep=19.13deg,inflection_method"
isha,2018-06-22,00:03:52,2,40.4189,-3.6919,650.0,Madrid_SQM_evol_UCM_Zenodo4633001,"sqm_msas=18.27,solar_dep=19.07deg,inflection_method"
isha,2018-06-22,23:57:52,2,40.4189,-3.6919,650.0,Madrid_SQM_evol_UCM_Zenodo4633001,"sqm_msas=17.96,solar_dep=18.44deg,inflection_method"
isha,2018-06-23,23:55:22,2,40.4189,-3.6919,650.0,Madrid_SQM_evol_UCM_Zenodo4633001,"sqm_msas=17.88,solar_dep=18.16deg,inflection_method"
isha,2018-06-25,00:00:39,2,40.4189,-3.6919,650.0,Madrid_SQM_evol_UCM_Zenodo4633001,"sqm_msas=17.66,solar_dep=18.71deg,inflection_method"
isha,2018-06-25,23:55:27,2,40.4189,-3.6919,650.0,Madrid_SQM_evol_UCM_Zenodo4633001,"sqm_msas=17.42,solar_dep=18.17deg,inflection_method"
isha,2018-06-27,00:01:21,2,40.4189,-3.6919,650.0,Madrid_SQM_evol_UCM_Zenodo4633001,"sqm_msas=16.72,solar_dep=18.80deg,inflection_method"
isha,2018-06-28,00:07:13,2,40.4189,-3.6919,650.0,Madrid_SQM_evol_UCM_Zenodo4633001,"sqm_msas=17.66,solar_dep=19.41deg,inflection_method"
isha,2018-06-28,23:54:49,2,40.4189,-3.6919,650.0,Madrid_SQM_evol_UCM_Zenodo4633001,"sqm_msas=15.50,solar_dep=18.14deg,inflection_method"
isha,2018-06-30,00:02:44,2,40.4189,-3.6919,650.0,Madrid_SQM_evol_UCM_Zenodo4633001,"sqm_msas=16.32,solar_dep=19.00deg,inflection_method"
isha,2018-07-01,00:01:29,2,40.4189,-3.6919,650.0,Madrid_SQM_evol_UCM_Zenodo4633001,"sqm_msas=16.57,solar_dep=18.91deg,inflection_method"
isha,2018-07-02,00:00:59,2,40.4189,-3.6919,650.0,Madrid_SQM_evol_UCM_Zenodo4633001,"sqm_msas=18.52,solar_dep=18.90deg,inflection_method"
isha,2018-07-03,00:00:29,2,40.4189,-3.6919,650.0,Madrid_SQM_evol_UCM_Zenodo4633001,"sqm_msas=18.49,solar_dep=18.89deg,inflection_method"
isha,2018-07-03,23:53:42,2,40.4189,-3.6919,650.0,Madrid_SQM_evol_UCM_Zenodo4633001,"sqm_msas=18.44,solar_dep=18.22deg,inflection_method"
isha,2018-07-05,00:00:54,2,40.4189,-3.6919,650.0,Madrid_SQM_evol_UCM_Zenodo4633001,"sqm_msas=18.50,solar_dep=19.05deg,inflection_method"
isha,2018-07-06,00:03:54,2,40.4189,-3.6919,650.0,Madrid_SQM_evol_UCM_Zenodo4633001,"sqm_msas=18.10,solar_dep=19.43deg,inflection_method"
isha,2018-07-07,00:04:45,2,40.4189,-3.6919,650.0,Madrid_SQM_evol_UCM_Zenodo4633001,"sqm_msas=18.21,solar_dep=19.59deg,inflection_method"
isha,2018-07-07,23:57:57,2,40.4189,-3.6919,650.0,Madrid_SQM_evol_UCM_Zenodo4633001,"sqm_msas=18.26,solar_dep=18.95deg,inflection_method"
isha,2018-07-08,23:49:47,2,40.4189,-3.6919,650.0,Madrid_SQM_evol_UCM_Zenodo4633001,"sqm_msas=18.17,solar_dep=18.13deg,inflection_method"
isha,2018-07-10,00:02:35,2,40.4189,-3.6919,650.0,Madrid_SQM_evol_UCM_Zenodo4633001,"sqm_msas=18.28,solar_dep=19.62deg,inflection_method"
isha,2018-07-10,23:52:52,2,40.4189,-3.6919,650.0,Madrid_SQM_evol_UCM_Zenodo4633001,"sqm_msas=16.50,solar_dep=18.66deg,inflection_method"
isha,2018-07-12,00:00:40,2,40.4189,-3.6919,650.0,Madrid_SQM_evol_UCM_Zenodo4633001,"sqm_msas=18.38,solar_dep=19.62deg,inflection_method"
isha,2018-07-13,00:00:38,2,40.4189,-3.6919,650.0,Madrid_SQM_evol_UCM_Zenodo4633001,"sqm_msas=18.08,solar_dep=19.73deg,inflection_method"
isha,2018-07-13,23:47:26,2,40.4189,-3.6919,650.0,Madrid_SQM_evol_UCM_Zenodo4633001,"sqm_msas=18.10,solar_dep=18.37deg,inflection_method"
isha,2018-07-14,23:56:38,2,40.4189,-3.6919,650.0,Madrid_SQM_evol_UCM_Zenodo4633001,"sqm_msas=18.41,solar_dep=19.53deg,inflection_method"
isha,2018-07-15,23:44:47,2,40.4189,-3.6919,650.0,Madrid_SQM_evol_UCM_Zenodo4633001,"sqm_msas=17.67,solar_dep=18.31deg,inflection_method"
isha,2018-07-16,23:50:30,2,40.4189,-3.6919,650.0,Madrid_SQM_evol_UCM_Zenodo4633001,"sqm_msas=18.32,solar_dep=19.10deg,inflection_method"
isha,2018-07-17,23:42:05,2,40.4189,-3.6919,650.0,Madrid_SQM_evol_UCM_Zenodo4633001,"sqm_msas=18.34,solar_dep=18.25deg,inflection_method"
isha,2018-07-18,23:39:24,2,40.4189,-3.6919,650.0,Madrid_SQM_evol_UCM_Zenodo4633001,"sqm_msas=18.31,solar_dep=18.07deg,inflection_method"
fajr,2018-07-19,05:01:07,2,40.4189,-3.6919,650.0,Madrid_SQM_evol_UCM_Zenodo4633001,"sqm_msas=18.58,solar_dep=18.30deg,inflection_method"
isha,2018-07-19,23:41:32,2,40.4189,-3.6919,650.0,Madrid_SQM_evol_UCM_Zenodo4633001,"sqm_msas=18.12,solar_dep=18.48deg,inflection_method"
fajr,2018-07-20,05:01:10,2,40.4189,-3.6919,650.0,Madrid_SQM_evol_UCM_Zenodo4633001,"sqm_msas=18.66,solar_dep=18.46deg,inflection_method"
isha,2018-07-20,23:36:45,2,40.4189,-3.6919,650.0,Madrid_SQM_evol_UCM_Zenodo4633001,"sqm_msas=18.13,solar_dep=18.05deg,inflection_method"
fajr,2018-07-21,05:03:25,2,40.4189,-3.6919,650.0,Madrid_SQM_evol_UCM_Zenodo4633001,"sqm_msas=18.62,solar_dep=18.35deg,inflection_method"
isha,2018-07-21,23:36:03,2,40.4189,-3.6919,650.0,Madrid_SQM_evol_UCM_Zenodo4633001,"sqm_msas=15.82,solar_dep=18.12deg,inflection_method"
fajr,2018-07-22,05:04:05,2,40.4189,-3.6919,650.0,Madrid_SQM_evol_UCM_Zenodo4633001,"sqm_msas=17.10,solar_dep=18.44deg,inflection_method"
isha,2018-07-22,23:34:35,2,40.4189,-3.6919,650.0,Madrid_SQM_evol_UCM_Zenodo4633001,"sqm_msas=18.10,solar_dep=18.10deg,inflection_method"
fajr,2018-07-23,05:01:11,2,40.4189,-3.6919,650.0,Madrid_SQM_evol_UCM_Zenodo4633001,"sqm_msas=18.60,solar_dep=18.97deg,inflection_method"
isha,2018-07-23,23:33:07,2,40.4189,-3.6919,650.0,Madrid_SQM_evol_UCM_Zenodo4633001,"sqm_msas=18.04,solar_dep=18.09deg,inflection_method"
fajr,2018-07-24,05:05:19,2,40.4189,-3.6919,650.0,Madrid_SQM_evol_UCM_Zenodo4633001,"sqm_msas=18.62,solar_dep=18.64deg,inflection_method"
isha,2018-07-24,23:31:33,2,40.4189,-3.6919,650.0,Madrid_SQM_evol_UCM_Zenodo4633001,"sqm_msas=18.08,solar_dep=18.06deg,inflection_method"
fajr,2018-07-25,05:08:46,2,40.4189,-3.6919,650.0,Madrid_SQM_evol_UCM_Zenodo4633001,"sqm_msas=18.78,solar_dep=18.40deg,inflection_method"
isha,2018-07-25,23:30:39,2,40.4189,-3.6919,650.0,Madrid_SQM_evol_UCM_Zenodo4633001,"sqm_msas=17.99,solar_dep=18.13deg,inflection_method"
fajr,2018-07-26,05:03:41,2,40.4189,-3.6919,650.0,Madrid_SQM_evol_UCM_Zenodo4633001,"sqm_msas=18.44,solar_dep=19.21deg,inflection_method"
isha,2018-07-26,23:29:06,2,40.4189,-3.6919,650.0,Madrid_SQM_evol_UCM_Zenodo4633001,"sqm_msas=17.91,solar_dep=18.12deg,inflection_method"
fajr,2018-07-27,05:06:18,2,40.4189,-3.6919,650.0,Madrid_SQM_evol_UCM_Zenodo4633001,"sqm_msas=18.30,solar_dep=19.08deg,inflection_method"
isha,2018-07-27,23:28:12,2,40.4189,-3.6919,650.0,Madrid_SQM_evol_UCM_Zenodo4633001,"sqm_msas=18.39,solar_dep=18.19deg,inflection_method"
fajr,2018-07-28,05:03:13,2,40.4189,-3.6919,650.0,Madrid_SQM_evol_UCM_Zenodo4633001,"sqm_msas=18.04,solar_dep=19.65deg,inflection_method"
isha,2018-07-28,23:25:51,2,40.4189,-3.6919,650.0,Madrid_SQM_evol_UCM_Zenodo4633001,"sqm_msas=18.15,solar_dep=18.08deg,inflection_method"
fajr,2018-07-29,23:24:11,2,40.4189,-3.6919,650.0,Madrid_SQM_evol_UCM_Zenodo4633001,"sqm_msas=18.09,solar_dep=18.06deg,inflection_method"
isha,2018-07-29,23:25:35,2,40.4189,-3.6919,650.0,Madrid_SQM_evol_UCM_Zenodo4633001,"sqm_msas=18.06,solar_dep=18.25deg,inflection_method"
fajr,2018-07-30,05:12:00,2,40.4189,-3.6919,650.0,Madrid_SQM_evol_UCM_Zenodo4633001,"sqm_msas=18.23,solar_dep=18.93deg,inflection_method"
isha,2018-07-30,23:22:39,2,40.4189,-3.6919,650.0,Madrid_SQM_evol_UCM_Zenodo4633001,"sqm_msas=18.41,solar_dep=18.06deg,inflection_method"
fajr,2018-07-31,05:06:16,2,40.4189,-3.6919,650.0,Madrid_SQM_evol_UCM_Zenodo4633001,"sqm_msas=18.26,solar_dep=19.86deg,inflection_method"
isha,2018-07-31,23:21:00,2,40.4189,-3.6919,650.0,Madrid_SQM_evol_UCM_Zenodo4633001,"sqm_msas=18.40,solar_dep=18.05deg,inflection_method"
fajr,2018-08-01,05:08:05,2,40.4189,-3.6919,650.0,Madrid_SQM_evol_UCM_Zenodo4633001,"sqm_msas=18.12,solar_dep=19.84deg,inflection_method"
isha,2018-08-01,23:19:58,2,40.4189,-3.6919,650.0,Madrid_SQM_evol_UCM_Zenodo4633001,"sqm_msas=18.21,solar_dep=18.13deg,inflection_method"
fajr,2018-08-02,05:11:54,2,40.4189,-3.6919,650.0,Madrid_SQM_evol_UCM_Zenodo4633001,"sqm_msas=18.11,solar_dep=19.55deg,inflection_method"
isha,2018-08-02,23:18:06,2,40.4189,-3.6919,650.0,Madrid_SQM_evol_UCM_Zenodo4633001,"sqm_msas=17.85,solar_dep=18.10deg,inflection_method"
fajr,2018-08-03,05:19:51,2,40.4189,-3.6919,650.0,Madrid_SQM_evol_UCM_Zenodo4633001,"sqm_msas=17.97,solar_dep=18.70deg,inflection_method"
isha,2018-08-03,23:16:15,2,40.4189,-3.6919,650.0,Madrid_SQM_evol_UCM_Zenodo4633001,"sqm_msas=17.66,solar_dep=18.07deg,inflection_method"
fajr,2018-08-04,05:15:13,2,40.4189,-3.6919,650.0,Madrid_SQM_evol_UCM_Zenodo4633001,"sqm_msas=18.04,solar_dep=19.52deg,inflection_method"
isha,2018-08-04,23:15:07,2,40.4189,-3.6919,650.0,Madrid_SQM_evol_UCM_Zenodo4633001,"sqm_msas=18.03,solar_dep=18.14deg,inflection_method"
fajr,2018-08-05,05:20:25,2,40.4189,-3.6919,650.0,Madrid_SQM_evol_UCM_Zenodo4633001,"sqm_msas=18.38,solar_dep=19.03deg,inflection_method"
isha,2018-08-05,23:13:11,2,40.4189,-3.6919,650.0,Madrid_SQM_evol_UCM_Zenodo4633001,"sqm_msas=18.28,solar_dep=18.11deg,inflection_method"
fajr,2018-08-06,05:17:03,2,40.4189,-3.6919,650.0,Madrid_SQM_evol_UCM_Zenodo4633001,"sqm_msas=18.52,solar_dep=19.70deg,inflection_method"
isha,2018-08-06,23:13:20,2,40.4189,-3.6919,650.0,Madrid_SQM_evol_UCM_Zenodo4633001,"sqm_msas=15.92,solar_dep=18.37deg,inflection_method"
fajr,2018-08-07,05:17:11,2,40.4189,-3.6919,650.0,Madrid_SQM_evol_UCM_Zenodo4633001,"sqm_msas=17.94,solar_dep=19.90deg,inflection_method"
isha,2018-08-07,23:09:57,2,40.4189,-3.6919,650.0,Madrid_SQM_evol_UCM_Zenodo4633001,"sqm_msas=18.24,solar_dep=18.13deg,inflection_method"
fajr,2018-08-08,05:32:02,2,40.4189,-3.6919,650.0,Madrid_SQM_evol_UCM_Zenodo4633001,"sqm_msas=18.31,solar_dep=18.05deg,inflection_method"
isha,2018-08-08,23:07:53,2,40.4189,-3.6919,650.0,Madrid_SQM_evol_UCM_Zenodo4633001,"sqm_msas=18.35,solar_dep=18.08deg,inflection_method"
fajr,2018-08-09,05:21:33,2,40.4189,-3.6919,650.0,Madrid_SQM_evol_UCM_Zenodo4633001,"sqm_msas=18.76,solar_dep=19.73deg,inflection_method"
isha,2018-08-09,23:06:29,2,40.4189,-3.6919,650.0,Madrid_SQM_evol_UCM_Zenodo4633001,"sqm_msas=18.29,solar_dep=18.13deg,inflection_method"
fajr,2018-08-10,05:22:19,2,40.4189,-3.6919,650.0,Madrid_SQM_evol_UCM_Zenodo4633001,"sqm_msas=18.70,solar_dep=19.84deg,inflection_method"
isha,2018-08-10,23:04:31,2,40.4189,-3.6919,650.0,Madrid_SQM_evol_UCM_Zenodo4633001,"sqm_msas=16.10,solar_dep=18.10deg,inflection_method"
fajr,2018-08-11,05:29:30,2,40.4189,-3.6919,650.0,Madrid_SQM_evol_UCM_Zenodo4633001,"sqm_msas=16.79,solar_dep=19.05deg,inflection_method"
isha,2018-08-11,23:02:28,2,40.4189,-3.6919,650.0,Madrid_SQM_evol_UCM_Zenodo4633001,"sqm_msas=18.18,solar_dep=18.06deg,inflection_method"
fajr,2018-08-12,05:25:14,2,40.4189,-3.6919,650.0,Madrid_SQM_evol_UCM_Zenodo4633001,"sqm_msas=18.40,solar_dep=19.87deg,inflection_method"
isha,2018-08-12,23:01:05,2,40.4189,-3.6919,650.0,Madrid_SQM_evol_UCM_Zenodo4633001,"sqm_msas=18.03,solar_dep=18.12deg,inflection_method"
fajr,2018-08-13,05:31:46,2,40.4189,-3.6919,650.0,Madrid_SQM_evol_UCM_Zenodo4633001,"sqm_msas=18.55,solar_dep=19.15deg,inflection_method"
isha,2018-08-13,22:59:02,2,40.4189,-3.6919,650.0,Madrid_SQM_evol_UCM_Zenodo4633001,"sqm_msas=18.47,solar_dep=18.09deg,inflection_method"
fajr,2018-08-14,05:29:43,2,40.4189,-3.6919,650.0,Madrid_SQM_evol_UCM_Zenodo4633001,"sqm_msas=18.79,solar_dep=19.67deg,inflection_method"
isha,2018-08-14,22:57:00,2,40.4189,-3.6919,650.0,Madrid_SQM_evol_UCM_Zenodo4633001,"sqm_msas=18.31,solar_dep=18.05deg,inflection_method"
fajr,2018-08-15,05:38:13,2,40.4189,-3.6919,650.0,Madrid_SQM_evol_UCM_Zenodo4633001,"sqm_msas=18.66,solar_dep=18.64deg,inflection_method"
isha,2018-08-15,22:55:35,2,40.4189,-3.6919,650.0,Madrid_SQM_evol_UCM_Zenodo4633001,"sqm_msas=18.18,solar_dep=18.12deg,inflection_method"
fajr,2018-08-16,05:35:21,2,40.4189,-3.6919,650.0,Madrid_SQM_evol_UCM_Zenodo4633001,"sqm_msas=16.65,solar_dep=19.29deg,inflection_method"
isha,2018-08-16,22:53:26,2,40.4189,-3.6919,650.0,Madrid_SQM_evol_UCM_Zenodo4633001,"sqm_msas=18.00,solar_dep=18.07deg,inflection_method"
fajr,2018-08-17,05:43:44,2,40.4189,-3.6919,650.0,Madrid_SQM_evol_UCM_Zenodo4633001,"sqm_msas=18.51,solar_dep=18.25deg,inflection_method"
isha,2018-08-17,22:51:53,2,40.4189,-3.6919,650.0,Madrid_SQM_evol_UCM_Zenodo4633001,"sqm_msas=17.99,solar_dep=18.11deg,inflection_method"
fajr,2018-08-18,05:34:29,2,40.4189,-3.6919,650.0,Madrid_SQM_evol_UCM_Zenodo4633001,"sqm_msas=17.67,solar_dep=19.86deg,inflection_method"
isha,2018-08-18,22:52:30,2,40.4189,-3.6919,650.0,Madrid_SQM_evol_UCM_Zenodo4633001,"sqm_msas=18.10,solar_dep=18.49deg,inflection_method"
fajr,2018-08-19,05:39:18,2,40.4189,-3.6919,650.0,Madrid_SQM_evol_UCM_Zenodo4633001,"sqm_msas=18.40,solar_dep=19.36deg,inflection_method"
isha,2018-08-19,22:48:09,2,40.4189,-3.6919,650.0,Madrid_SQM_evol_UCM_Zenodo4633001,"sqm_msas=18.11,solar_dep=18.11deg,inflection_method"
fajr,2018-08-20,05:37:45,2,40.4189,-3.6919,650.0,Madrid_SQM_evol_UCM_Zenodo4633001,"sqm_msas=18.65,solar_dep=19.81deg,inflection_method"
isha,2018-08-20,22:46:30,2,40.4189,-3.6919,650.0,Madrid_SQM_evol_UCM_Zenodo4633001,"sqm_msas=16.16,solar_dep=18.14deg,inflection_method"
fajr,2018-08-21,05:42:26,2,40.4189,-3.6919,650.0,Madrid_SQM_evol_UCM_Zenodo4633001,"sqm_msas=18.63,solar_dep=19.32deg,inflection_method"
isha,2018-08-21,22:44:11,2,40.4189,-3.6919,650.0,Madrid_SQM_evol_UCM_Zenodo4633001,"sqm_msas=17.48,solar_dep=18.07deg,inflection_method"
fajr,2018-08-22,05:41:30,2,40.4189,-3.6919,650.0,Madrid_SQM_evol_UCM_Zenodo4633001,"sqm_msas=18.41,solar_dep=19.69deg,inflection_method"
isha,2018-08-22,22:42:27,2,40.4189,-3.6919,650.0,Madrid_SQM_evol_UCM_Zenodo4633001,"sqm_msas=17.47,solar_dep=18.10deg,inflection_method"
fajr,2018-08-23,22:40:14,2,40.4189,-3.6919,650.0,Madrid_SQM_evol_UCM_Zenodo4633001,"sqm_msas=17.58,solar_dep=18.05deg,inflection_method"
isha,2018-08-23,22:42:20,2,40.4189,-3.6919,650.0,Madrid_SQM_evol_UCM_Zenodo4633001,"sqm_msas=17.59,solar_dep=18.38deg,inflection_method"
fajr,2018-08-24,22:38:29,2,40.4189,-3.6919,650.0,Madrid_SQM_evol_UCM_Zenodo4633001,"sqm_msas=17.39,solar_dep=18.07deg,inflection_method"
isha,2018-08-24,22:39:53,2,40.4189,-3.6919,650.0,Madrid_SQM_evol_UCM_Zenodo4633001,"sqm_msas=17.42,solar_dep=18.29deg,inflection_method"
fajr,2018-08-25,05:44:54,2,40.4189,-3.6919,650.0,Madrid_SQM_evol_UCM_Zenodo4633001,"sqm_msas=18.31,solar_dep=19.83deg,inflection_method"
isha,2018-08-25,22:36:39,2,40.4189,-3.6919,650.0,Madrid_SQM_evol_UCM_Zenodo4633001,"sqm_msas=17.72,solar_dep=18.08deg,inflection_method"
fajr,2018-08-26,22:34:43,2,40.4189,-3.6919,650.0,Madrid_SQM_evol_UCM_Zenodo4633001,"sqm_msas=17.87,solar_dep=18.07deg,inflection_method"
isha,2018-08-26,22:37:31,2,40.4189,-3.6919,650.0,Madrid_SQM_evol_UCM_Zenodo4633001,"sqm_msas=17.86,solar_dep=18.53deg,inflection_method"
fajr,2018-08-27,05:48:10,2,40.4189,-3.6919,650.0,Madrid_SQM_evol_UCM_Zenodo4633001,"sqm_msas=18.00,solar_dep=19.76deg,inflection_method"
isha,2018-08-27,22:32:47,2,40.4189,-3.6919,650.0,Madrid_SQM_evol_UCM_Zenodo4633001,"sqm_msas=16.31,solar_dep=18.07deg,inflection_method"
fajr,2018-08-28,05:51:15,2,40.4189,-3.6919,650.0,Madrid_SQM_evol_UCM_Zenodo4633001,"sqm_msas=17.79,solar_dep=19.49deg,inflection_method"
isha,2018-08-28,22:30:51,2,40.4189,-3.6919,650.0,Madrid_SQM_evol_UCM_Zenodo4633001,"sqm_msas=18.07,solar_dep=18.06deg,inflection_method"
fajr,2018-08-29,22:28:51,2,40.4189,-3.6919,650.0,Madrid_SQM_evol_UCM_Zenodo4633001,"sqm_msas=18.06,solar_dep=18.05deg,inflection_method"
isha,2018-08-29,22:33:04,2,40.4189,-3.6919,650.0,Madrid_SQM_evol_UCM_Zenodo4633001,"sqm_msas=18.07,solar_dep=18.74deg,inflection_method"
fajr,2018-08-30,06:02:09,2,40.4189,-3.6919,650.0,Madrid_SQM_evol_UCM_Zenodo4633001,"sqm_msas=17.65,solar_dep=18.15deg,inflection_method"
isha,2018-08-30,22:27:08,2,40.4189,-3.6919,650.0,Madrid_SQM_evol_UCM_Zenodo4633001,"sqm_msas=17.85,solar_dep=18.08deg,inflection_method"
fajr,2018-08-31,05:58:59,2,40.4189,-3.6919,650.0,Madrid_SQM_evol_UCM_Zenodo4633001,"sqm_msas=17.63,solar_dep=18.88deg,inflection_method"
isha,2018-08-31,22:28:02,2,40.4189,-3.6919,650.0,Madrid_SQM_evol_UCM_Zenodo4633001,"sqm_msas=17.89,solar_dep=18.55deg,inflection_method"
fajr,2018-09-01,05:54:13,2,40.4189,-3.6919,650.0,Madrid_SQM_evol_UCM_Zenodo4633001,"sqm_msas=17.74,solar_dep=19.88deg,inflection_method"
fajr,2019-01-01,06:50:24,1,40.4189,-3.6919,650.0,Madrid_SQM_evol_UCM_Zenodo4633001,"sqm_msas=18.44,solar_dep=19.76deg,inflection_method"
isha,2019-01-01,19:37:25,1,40.4189,-3.6919,650.0,Madrid_SQM_evol_UCM_Zenodo4633001,"sqm_msas=18.17,solar_dep=18.14deg,inflection_method"
fajr,2019-01-02,19:37:35,1,40.4189,-3.6919,650.0,Madrid_SQM_evol_UCM_Zenodo4633001,"sqm_msas=18.04,solar_dep=18.04deg,inflection_method"
isha,2019-01-02,19:38:59,1,40.4189,-3.6919,650.0,Madrid_SQM_evol_UCM_Zenodo4633001,"sqm_msas=18.03,solar_dep=18.29deg,inflection_method"
fajr,2019-01-03,19:38:28,1,40.4189,-3.6919,650.0,Madrid_SQM_evol_UCM_Zenodo4633001,"sqm_msas=17.97,solar_dep=18.06deg,inflection_method"
isha,2019-01-03,19:39:52,1,40.4189,-3.6919,650.0,Madrid_SQM_evol_UCM_Zenodo4633001,"sqm_msas=17.95,solar_dep=18.31deg,inflection_method"
fajr,2019-01-04,19:39:17,1,40.4189,-3.6919,650.0,Madrid_SQM_evol_UCM_Zenodo4633001,"sqm_msas=18.06,solar_dep=18.06deg,inflection_method"
isha,2019-01-04,19:40:41,1,40.4189,-3.6919,650.0,Madrid_SQM_evol_UCM_Zenodo4633001,"sqm_msas=18.07,solar_dep=18.32deg,inflection_method"
fajr,2019-01-05,19:40:03,1,40.4189,-3.6919,650.0,Madrid_SQM_evol_UCM_Zenodo4633001,"sqm_msas=18.14,solar_dep=18.05deg,inflection_method"
isha,2019-01-05,19:47:04,1,40.4189,-3.6919,650.0,Madrid_SQM_evol_UCM_Zenodo4633001,"sqm_msas=18.15,solar_dep=19.34deg,inflection_method"
fajr,2019-01-06,19:40:56,1,40.4189,-3.6919,650.0,Madrid_SQM_evol_UCM_Zenodo4633001,"sqm_msas=18.22,solar_dep=18.06deg,inflection_method"
isha,2019-01-06,19:48:39,1,40.4189,-3.6919,650.0,Madrid_SQM_evol_UCM_Zenodo4633001,"sqm_msas=18.23,solar_dep=19.48deg,inflection_method"
fajr,2019-01-07,19:41:42,1,40.4189,-3.6919,650.0,Madrid_SQM_evol_UCM_Zenodo4633001,"sqm_msas=18.15,solar_dep=18.05deg,inflection_method"
isha,2019-01-07,19:45:54,1,40.4189,-3.6919,650.0,Madrid_SQM_evol_UCM_Zenodo4633001,"sqm_msas=18.13,solar_dep=18.82deg,inflection_method"
fajr,2019-01-08,19:42:28,1,40.4189,-3.6919,650.0,Madrid_SQM_evol_UCM_Zenodo4633001,"sqm_msas=17.80,solar_dep=18.03deg,inflection_method"
isha,2019-01-08,19:52:59,1,40.4189,-3.6919,650.0,Madrid_SQM_evol_UCM_Zenodo4633001,"sqm_msas=17.65,solar_dep=19.97deg,inflection_method"
fajr,2019-01-09,07:00:27,1,40.4189,-3.6919,650.0,Madrid_SQM_evol_UCM_Zenodo4633001,"sqm_msas=18.43,solar_dep=18.03deg,inflection_method"
isha,2019-01-09,19:43:56,1,40.4189,-3.6919,650.0,Madrid_SQM_evol_UCM_Zenodo4633001,"sqm_msas=17.92,solar_dep=18.14deg,inflection_method"
fajr,2019-01-10,06:50:44,1,40.4189,-3.6919,650.0,Madrid_SQM_evol_UCM_Zenodo4633001,"sqm_msas=18.41,solar_dep=19.82deg,inflection_method"
isha,2019-01-10,19:44:18,1,40.4189,-3.6919,650.0,Madrid_SQM_evol_UCM_Zenodo4633001,"sqm_msas=17.78,solar_dep=18.04deg,inflection_method"
fajr,2019-01-11,19:45:15,1,40.4189,-3.6919,650.0,Madrid_SQM_evol_UCM_Zenodo4633001,"sqm_msas=17.80,solar_dep=18.05deg,inflection_method"
isha,2019-01-11,19:46:39,1,40.4189,-3.6919,650.0,Madrid_SQM_evol_UCM_Zenodo4633001,"sqm_msas=17.82,solar_dep=18.31deg,inflection_method"
fajr,2019-01-12,06:51:57,1,40.4189,-3.6919,650.0,Madrid_SQM_evol_UCM_Zenodo4633001,"sqm_msas=18.42,solar_dep=19.56deg,inflection_method"
isha,2019-01-12,19:46:10,1,40.4189,-3.6919,650.0,Madrid_SQM_evol_UCM_Zenodo4633001,"sqm_msas=18.00,solar_dep=18.05deg,inflection_method"
fajr,2019-01-13,19:47:06,1,40.4189,-3.6919,650.0,Madrid_SQM_evol_UCM_Zenodo4633001,"sqm_msas=17.96,solar_dep=18.05deg,inflection_method"
isha,2019-01-13,19:55:31,1,40.4189,-3.6919,650.0,Madrid_SQM_evol_UCM_Zenodo4633001,"sqm_msas=17.97,solar_dep=19.61deg,inflection_method"
fajr,2019-01-14,06:55:55,1,40.4189,-3.6919,650.0,Madrid_SQM_evol_UCM_Zenodo4633001,"sqm_msas=18.34,solar_dep=18.76deg,inflection_method"
isha,2019-01-14,19:48:06,1,40.4189,-3.6919,650.0,Madrid_SQM_evol_UCM_Zenodo4633001,"sqm_msas=17.53,solar_dep=18.06deg,inflection_method"
fajr,2019-01-15,06:56:10,1,40.4189,-3.6919,650.0,Madrid_SQM_evol_UCM_Zenodo4633001,"sqm_msas=18.43,solar_dep=18.67deg,inflection_method"
isha,2019-01-15,19:49:09,1,40.4189,-3.6919,650.0,Madrid_SQM_evol_UCM_Zenodo4633001,"sqm_msas=17.43,solar_dep=18.08deg,inflection_method"
fajr,2019-01-16,06:51:03,1,40.4189,-3.6919,650.0,Madrid_SQM_evol_UCM_Zenodo4633001,"sqm_msas=18.29,solar_dep=19.58deg,inflection_method"
isha,2019-01-16,19:50:23,1,40.4189,-3.6919,650.0,Madrid_SQM_evol_UCM_Zenodo4633001,"sqm_msas=17.09,solar_dep=18.13deg,inflection_method"
fajr,2019-01-17,06:49:29,1,40.4189,-3.6919,650.0,Madrid_SQM_evol_UCM_Zenodo4633001,"sqm_msas=15.31,solar_dep=19.82deg,inflection_method"
isha,2019-01-17,19:50:56,1,40.4189,-3.6919,650.0,Madrid_SQM_evol_UCM_Zenodo4633001,"sqm_msas=17.32,solar_dep=18.05deg,inflection_method"
fajr,2019-01-18,06:50:44,1,40.4189,-3.6919,650.0,Madrid_SQM_evol_UCM_Zenodo4633001,"sqm_msas=17.57,solar_dep=19.53deg,inflection_method"
isha,2019-01-18,19:52:16,1,40.4189,-3.6919,650.0,Madrid_SQM_evol_UCM_Zenodo4633001,"sqm_msas=16.64,solar_dep=18.12deg,inflection_method"
fajr,2019-01-19,06:49:17,1,40.4189,-3.6919,650.0,Madrid_SQM_evol_UCM_Zenodo4633001,"sqm_msas=18.39,solar_dep=19.74deg,inflection_method"
isha,2019-01-19,19:52:54,1,40.4189,-3.6919,650.0,Madrid_SQM_evol_UCM_Zenodo4633001,"sqm_msas=14.90,solar_dep=18.05deg,inflection_method"
fajr,2019-01-20,06:55:26,1,40.4189,-3.6919,650.0,Madrid_SQM_evol_UCM_Zenodo4633001,"sqm_msas=15.91,solar_dep=18.52deg,inflection_method"
isha,2019-01-20,19:54:13,1,40.4189,-3.6919,650.0,Madrid_SQM_evol_UCM_Zenodo4633001,"sqm_msas=17.74,solar_dep=18.11deg,inflection_method"
fajr,2019-01-21,06:50:30,1,40.4189,-3.6919,650.0,Madrid_SQM_evol_UCM_Zenodo4633001,"sqm_msas=17.28,solar_dep=19.36deg,inflection_method"
isha,2019-01-21,20:00:32,1,40.4189,-3.6919,650.0,Madrid_SQM_evol_UCM_Zenodo4633001,"sqm_msas=17.66,solar_dep=19.10deg,inflection_method"
fajr,2019-01-22,06:53:19,1,40.4189,-3.6919,650.0,Madrid_SQM_evol_UCM_Zenodo4633001,"sqm_msas=15.38,solar_dep=18.75deg,inflection_method"
isha,2019-01-22,20:04:49,1,40.4189,-3.6919,650.0,Madrid_SQM_evol_UCM_Zenodo4633001,"sqm_msas=15.59,solar_dep=19.72deg,inflection_method"
fajr,2019-01-23,06:50:40,1,40.4189,-3.6919,650.0,Madrid_SQM_evol_UCM_Zenodo4633001,"sqm_msas=16.19,solar_dep=19.16deg,inflection_method"
isha,2019-01-23,19:57:19,1,40.4189,-3.6919,650.0,Madrid_SQM_evol_UCM_Zenodo4633001,"sqm_msas=14.52,solar_dep=18.12deg,inflection_method"
fajr,2019-01-24,06:47:58,1,40.4189,-3.6919,650.0,Madrid_SQM_evol_UCM_Zenodo4633001,"sqm_msas=17.23,solar_dep=19.57deg,inflection_method"
isha,2019-01-24,19:58:10,1,40.4189,-3.6919,650.0,Madrid_SQM_evol_UCM_Zenodo4633001,"sqm_msas=17.73,solar_dep=18.09deg,inflection_method"
fajr,2019-01-25,06:52:23,1,40.4189,-3.6919,650.0,Madrid_SQM_evol_UCM_Zenodo4633001,"sqm_msas=17.96,solar_dep=18.64deg,inflection_method"
isha,2019-01-25,19:59:06,1,40.4189,-3.6919,650.0,Madrid_SQM_evol_UCM_Zenodo4633001,"sqm_msas=17.95,solar_dep=18.07deg,inflection_method"
fajr,2019-01-26,20:00:00,1,40.4189,-3.6919,650.0,Madrid_SQM_evol_UCM_Zenodo4633001,"sqm_msas=18.05,solar_dep=18.05deg,inflection_method"
isha,2019-01-26,20:09:13,1,40.4189,-3.6919,650.0,Madrid_SQM_evol_UCM_Zenodo4633001,"sqm_msas=18.07,solar_dep=19.78deg,inflection_method"
fajr,2019-01-27,20:01:00,1,40.4189,-3.6919,650.0,Madrid_SQM_evol_UCM_Zenodo4633001,"sqm_msas=18.11,solar_dep=18.04deg,inflection_method"
isha,2019-01-27,20:01:42,1,40.4189,-3.6919,650.0,Madrid_SQM_evol_UCM_Zenodo4633001,"sqm_msas=18.12,solar_dep=18.17deg,inflection_method"
fajr,2019-01-28,06:44:38,1,40.4189,-3.6919,650.0,Madrid_SQM_evol_UCM_Zenodo4633001,"sqm_msas=18.27,solar_dep=19.75deg,inflection_method"
isha,2019-01-28,20:06:10,1,40.4189,-3.6919,650.0,Madrid_SQM_evol_UCM_Zenodo4633001,"sqm_msas=17.77,solar_dep=18.82deg,inflection_method"
fajr,2019-01-29,06:44:12,1,40.4189,-3.6919,650.0,Madrid_SQM_evol_UCM_Zenodo4633001,"sqm_msas=17.54,solar_dep=19.71deg,inflection_method"
isha,2019-01-29,20:03:00,1,40.4189,-3.6919,650.0,Madrid_SQM_evol_UCM_Zenodo4633001,"sqm_msas=16.15,solar_dep=18.02deg,inflection_method"
fajr,2019-01-30,06:51:33,1,40.4189,-3.6919,650.0,Madrid_SQM_evol_UCM_Zenodo4633001,"sqm_msas=17.61,solar_dep=18.19deg,inflection_method"
isha,2019-01-30,20:04:37,1,40.4189,-3.6919,650.0,Madrid_SQM_evol_UCM_Zenodo4633001,"sqm_msas=14.74,solar_dep=18.13deg,inflection_method"
fajr,2019-01-31,06:49:38,1,40.4189,-3.6919,650.0,Madrid_SQM_evol_UCM_Zenodo4633001,"sqm_msas=15.36,solar_dep=18.41deg,inflection_method"
isha,2019-01-31,20:05:38,1,40.4189,-3.6919,650.0,Madrid_SQM_evol_UCM_Zenodo4633001,"sqm_msas=16.55,solar_dep=18.12deg,inflection_method"
fajr,2019-02-01,06:43:34,1,40.4189,-3.6919,650.0,Madrid_SQM_evol_UCM_Zenodo4633001,"sqm_msas=18.68,solar_dep=19.42deg,inflection_method"
isha,2019-02-01,20:06:45,1,40.4189,-3.6919,650.0,Madrid_SQM_evol_UCM_Zenodo4633001,"sqm_msas=17.87,solar_dep=18.13deg,inflection_method"
fajr,2019-02-02,06:47:28,1,40.4189,-3.6919,650.0,Madrid_SQM_evol_UCM_Zenodo4633001,"sqm_msas=15.91,solar_dep=18.53deg,inflection_method"
isha,2019-02-02,20:07:54,1,40.4189,-3.6919,650.0,Madrid_SQM_evol_UCM_Zenodo4633001,"sqm_msas=18.11,solar_dep=18.15deg,inflection_method"
fajr,2019-02-03,06:43:42,1,40.4189,-3.6919,650.0,Madrid_SQM_evol_UCM_Zenodo4633001,"sqm_msas=18.41,solar_dep=19.09deg,inflection_method"
isha,2019-02-03,20:08:23,1,40.4189,-3.6919,650.0,Madrid_SQM_evol_UCM_Zenodo4633001,"sqm_msas=18.13,solar_dep=18.04deg,inflection_method"
fajr,2019-02-04,06:43:29,1,40.4189,-3.6919,650.0,Madrid_SQM_evol_UCM_Zenodo4633001,"sqm_msas=18.41,solar_dep=18.97deg,inflection_method"
isha,2019-02-04,20:09:35,1,40.4189,-3.6919,650.0,Madrid_SQM_evol_UCM_Zenodo4633001,"sqm_msas=16.85,solar_dep=18.06deg,inflection_method"
fajr,2019-02-05,06:39:46,1,40.4189,-3.6919,650.0,Madrid_SQM_evol_UCM_Zenodo4633001,"sqm_msas=18.40,solar_dep=19.51deg,inflection_method"
isha,2019-02-05,20:10:52,1,40.4189,-3.6919,650.0,Madrid_SQM_evol_UCM_Zenodo4633001,"sqm_msas=17.81,solar_dep=18.10deg,inflection_method"
fajr,2019-02-06,06:37:01,1,40.4189,-3.6919,650.0,Madrid_SQM_evol_UCM_Zenodo4633001,"sqm_msas=18.40,solar_dep=19.86deg,inflection_method"
isha,2019-02-06,20:11:41,1,40.4189,-3.6919,650.0,Madrid_SQM_evol_UCM_Zenodo4633001,"sqm_msas=17.11,solar_dep=18.05deg,inflection_method"
fajr,2019-02-07,06:38:33,1,40.4189,-3.6919,650.0,Madrid_SQM_evol_UCM_Zenodo4633001,"sqm_msas=18.36,solar_dep=19.39deg,inflection_method"
isha,2019-02-07,20:13:17,1,40.4189,-3.6919,650.0,Madrid_SQM_evol_UCM_Zenodo4633001,"sqm_msas=17.77,solar_dep=18.15deg,inflection_method"
fajr,2019-02-08,06:35:53,1,40.4189,-3.6919,650.0,Madrid_SQM_evol_UCM_Zenodo4633001,"sqm_msas=18.38,solar_dep=19.71deg,inflection_method"
isha,2019-02-08,20:14:07,1,40.4189,-3.6919,650.0,Madrid_SQM_evol_UCM_Zenodo4633001,"sqm_msas=17.57,solar_dep=18.11deg,inflection_method"
fajr,2019-02-09,06:34:36,1,40.4189,-3.6919,650.0,Madrid_SQM_evol_UCM_Zenodo4633001,"sqm_msas=17.81,solar_dep=19.77deg,inflection_method"
isha,2019-02-09,20:14:58,1,40.4189,-3.6919,650.0,Madrid_SQM_evol_UCM_Zenodo4633001,"sqm_msas=17.28,solar_dep=18.07deg,inflection_method"
fajr,2019-02-10,06:41:01,1,40.4189,-3.6919,650.0,Madrid_SQM_evol_UCM_Zenodo4633001,"sqm_msas=17.53,solar_dep=18.35deg,inflection_method"
isha,2019-02-10,20:16:31,1,40.4189,-3.6919,650.0,Madrid_SQM_evol_UCM_Zenodo4633001,"sqm_msas=15.63,solar_dep=18.15deg,inflection_method"
isha,2019-02-11,20:22:22,1,40.4189,-3.6919,650.0,Madrid_SQM_evol_UCM_Zenodo4633001,"sqm_msas=17.75,solar_dep=19.06deg,inflection_method"
fajr,2019-02-12,06:32:16,1,40.4189,-3.6919,650.0,Madrid_SQM_evol_UCM_Zenodo4633001,"sqm_msas=18.43,solar_dep=19.61deg,inflection_method"
isha,2019-02-12,20:18:28,1,40.4189,-3.6919,650.0,Madrid_SQM_evol_UCM_Zenodo4633001,"sqm_msas=17.10,solar_dep=18.12deg,inflection_method"
fajr,2019-02-13,06:36:48,1,40.4189,-3.6919,650.0,Madrid_SQM_evol_UCM_Zenodo4633001,"sqm_msas=18.31,solar_dep=18.54deg,inflection_method"
isha,2019-02-13,20:19:22,1,40.4189,-3.6919,650.0,Madrid_SQM_evol_UCM_Zenodo4633001,"sqm_msas=17.10,solar_dep=18.08deg,inflection_method"
fajr,2019-02-14,20:20:23,1,40.4189,-3.6919,650.0,Madrid_SQM_evol_UCM_Zenodo4633001,"sqm_msas=16.97,solar_dep=18.07deg,inflection_method"
isha,2019-02-14,20:23:11,1,40.4189,-3.6919,650.0,Madrid_SQM_evol_UCM_Zenodo4633001,"sqm_msas=16.95,solar_dep=18.60deg,inflection_method"
fajr,2019-02-15,06:32:22,1,40.4189,-3.6919,650.0,Madrid_SQM_evol_UCM_Zenodo4633001,"sqm_msas=18.30,solar_dep=18.95deg,inflection_method"
isha,2019-02-15,20:21:21,1,40.4189,-3.6919,650.0,Madrid_SQM_evol_UCM_Zenodo4633001,"sqm_msas=17.13,solar_dep=18.05deg,inflection_method"
isha,2019-02-16,20:27:26,1,40.4189,-3.6919,650.0,Madrid_SQM_evol_UCM_Zenodo4633001,"sqm_msas=17.38,solar_dep=19.00deg,inflection_method"
fajr,2019-02-17,20:23:46,1,40.4189,-3.6919,650.0,Madrid_SQM_evol_UCM_Zenodo4633001,"sqm_msas=17.29,solar_dep=18.09deg,inflection_method"
isha,2019-02-17,20:27:59,1,40.4189,-3.6919,650.0,Madrid_SQM_evol_UCM_Zenodo4633001,"sqm_msas=17.27,solar_dep=18.90deg,inflection_method"
isha,2019-02-18,20:26:26,1,40.4189,-3.6919,650.0,Madrid_SQM_evol_UCM_Zenodo4633001,"sqm_msas=16.94,solar_dep=18.40deg,inflection_method"
isha,2019-02-19,20:27:03,1,40.4189,-3.6919,650.0,Madrid_SQM_evol_UCM_Zenodo4633001,"sqm_msas=17.11,solar_dep=18.31deg,inflection_method"
isha,2019-02-21,20:30:26,1,40.4189,-3.6919,650.0,Madrid_SQM_evol_UCM_Zenodo4633001,"sqm_msas=17.55,solar_dep=18.54deg,inflection_method"
isha,2019-03-07,20:47:59,1,40.4189,-3.6919,650.0,Madrid_SQM_evol_UCM_Zenodo4633001,"sqm_msas=17.03,solar_dep=18.93deg,inflection_method"
fajr,2019-03-08,06:08:01,1,40.4189,-3.6919,650.0,Madrid_SQM_evol_UCM_Zenodo4633001,"sqm_msas=17.75,solar_dep=17.98deg,inflection_method"
isha,2019-03-08,20:44:27,1,40.4189,-3.6919,650.0,Madrid_SQM_evol_UCM_Zenodo4633001,"sqm_msas=17.02,solar_dep=18.06deg,inflection_method"
fajr,2019-03-09,05:57:27,1,40.4189,-3.6919,650.0,Madrid_SQM_evol_UCM_Zenodo4633001,"sqm_msas=18.49,solar_dep=19.66deg,inflection_method"
isha,2019-03-09,20:45:59,1,40.4189,-3.6919,650.0,Madrid_SQM_evol_UCM_Zenodo4633001,"sqm_msas=17.94,solar_dep=18.14deg,inflection_method"
fajr,2019-03-10,06:03:08,1,40.4189,-3.6919,650.0,Madrid_SQM_evol_UCM_Zenodo4633001,"sqm_msas=18.55,solar_dep=18.29deg,inflection_method"
isha,2019-03-10,20:46:49,1,40.4189,-3.6919,650.0,Madrid_SQM_evol_UCM_Zenodo4633001,"sqm_msas=18.12,solar_dep=18.08deg,inflection_method"
fajr,2019-03-11,20:47:46,1,40.4189,-3.6919,650.0,Madrid_SQM_evol_UCM_Zenodo4633001,"sqm_msas=17.73,solar_dep=18.05deg,inflection_method"
isha,2019-03-11,20:49:10,1,40.4189,-3.6919,650.0,Madrid_SQM_evol_UCM_Zenodo4633001,"sqm_msas=17.74,solar_dep=18.31deg,inflection_method"
fajr,2019-03-12,05:57:54,1,40.4189,-3.6919,650.0,Madrid_SQM_evol_UCM_Zenodo4633001,"sqm_msas=18.47,solar_dep=18.65deg,inflection_method"
isha,2019-03-12,20:49:23,1,40.4189,-3.6919,650.0,Madrid_SQM_evol_UCM_Zenodo4633001,"sqm_msas=17.45,solar_dep=18.14deg,inflection_method"
fajr,2019-03-13,05:49:44,1,40.4189,-3.6919,650.0,Madrid_SQM_evol_UCM_Zenodo4633001,"sqm_msas=18.61,solar_dep=19.86deg,inflection_method"
isha,2019-03-13,20:50:18,1,40.4189,-3.6919,650.0,Madrid_SQM_evol_UCM_Zenodo4633001,"sqm_msas=17.54,solar_dep=18.09deg,inflection_method"
fajr,2019-03-14,05:51:23,1,40.4189,-3.6919,650.0,Madrid_SQM_evol_UCM_Zenodo4633001,"sqm_msas=18.57,solar_dep=19.24deg,inflection_method"
isha,2019-03-14,20:51:27,1,40.4189,-3.6919,650.0,Madrid_SQM_evol_UCM_Zenodo4633001,"sqm_msas=16.29,solar_dep=18.10deg,inflection_method"
fajr,2019-03-15,05:47:45,1,40.4189,-3.6919,650.0,Madrid_SQM_evol_UCM_Zenodo4633001,"sqm_msas=18.58,solar_dep=19.59deg,inflection_method"
isha,2019-03-15,20:52:34,1,40.4189,-3.6919,650.0,Madrid_SQM_evol_UCM_Zenodo4633001,"sqm_msas=16.17,solar_dep=18.09deg,inflection_method"
fajr,2019-03-16,05:49:28,1,40.4189,-3.6919,650.0,Madrid_SQM_evol_UCM_Zenodo4633001,"sqm_msas=18.34,solar_dep=18.96deg,inflection_method"
isha,2019-03-16,20:53:41,1,40.4189,-3.6919,650.0,Madrid_SQM_evol_UCM_Zenodo4633001,"sqm_msas=17.03,solar_dep=18.08deg,inflection_method"
fajr,2019-03-17,05:47:44,1,40.4189,-3.6919,650.0,Madrid_SQM_evol_UCM_Zenodo4633001,"sqm_msas=18.49,solar_dep=18.96deg,inflection_method"
isha,2019-03-17,20:54:46,1,40.4189,-3.6919,650.0,Madrid_SQM_evol_UCM_Zenodo4633001,"sqm_msas=17.35,solar_dep=18.07deg,inflection_method"
fajr,2019-03-18,05:46:47,1,40.4189,-3.6919,650.0,Madrid_SQM_evol_UCM_Zenodo4633001,"sqm_msas=18.53,solar_dep=18.81deg,inflection_method"
isha,2019-03-18,20:55:58,1,40.4189,-3.6919,650.0,Madrid_SQM_evol_UCM_Zenodo4633001,"sqm_msas=17.31,solar_dep=18.08deg,inflection_method"
fajr,2019-03-19,05:47:59,1,40.4189,-3.6919,650.0,Madrid_SQM_evol_UCM_Zenodo4633001,"sqm_msas=15.82,solar_dep=18.27deg,inflection_method"
isha,2019-03-19,20:57:16,1,40.4189,-3.6919,650.0,Madrid_SQM_evol_UCM_Zenodo4633001,"sqm_msas=17.51,solar_dep=18.10deg,inflection_method"
fajr,2019-03-20,05:42:51,1,40.4189,-3.6919,650.0,Madrid_SQM_evol_UCM_Zenodo4633001,"sqm_msas=18.16,solar_dep=18.89deg,inflection_method"
isha,2019-03-20,20:59:58,1,40.4189,-3.6919,650.0,Madrid_SQM_evol_UCM_Zenodo4633001,"sqm_msas=17.49,solar_dep=18.38deg,inflection_method"
fajr,2019-03-21,05:43:25,1,40.4189,-3.6919,650.0,Madrid_SQM_evol_UCM_Zenodo4633001,"sqm_msas=17.69,solar_dep=18.46deg,inflection_method"
isha,2019-03-21,20:59:57,1,40.4189,-3.6919,650.0,Madrid_SQM_evol_UCM_Zenodo4633001,"sqm_msas=17.54,solar_dep=18.16deg,inflection_method"
fajr,2019-03-22,05:35:00,1,40.4189,-3.6919,650.0,Madrid_SQM_evol_UCM_Zenodo4633001,"sqm_msas=17.69,solar_dep=19.66deg,inflection_method"
isha,2019-03-22,21:11:08,1,40.4189,-3.6919,650.0,Madrid_SQM_evol_UCM_Zenodo4633001,"sqm_msas=17.76,solar_dep=19.97deg,inflection_method"
fajr,2019-03-23,05:39:06,1,40.4189,-3.6919,650.0,Madrid_SQM_evol_UCM_Zenodo4633001,"sqm_msas=17.76,solar_dep=18.59deg,inflection_method"
isha,2019-03-23,21:02:01,1,40.4189,-3.6919,650.0,Madrid_SQM_evol_UCM_Zenodo4633001,"sqm_msas=17.70,solar_dep=18.10deg,inflection_method"
fajr,2019-03-24,05:37:48,1,40.4189,-3.6919,650.0,Madrid_SQM_evol_UCM_Zenodo4633001,"sqm_msas=17.33,solar_dep=18.50deg,inflection_method"
isha,2019-03-24,21:03:30,1,40.4189,-3.6919,650.0,Madrid_SQM_evol_UCM_Zenodo4633001,"sqm_msas=17.69,solar_dep=18.15deg,inflection_method"
fajr,2019-03-25,05:28:48,1,40.4189,-3.6919,650.0,Madrid_SQM_evol_UCM_Zenodo4633001,"sqm_msas=18.10,solar_dep=19.79deg,inflection_method"
isha,2019-03-25,21:04:26,1,40.4189,-3.6919,650.0,Madrid_SQM_evol_UCM_Zenodo4633001,"sqm_msas=17.78,solar_dep=18.11deg,inflection_method"
fajr,2019-03-26,05:26:56,1,40.4189,-3.6919,650.0,Madrid_SQM_evol_UCM_Zenodo4633001,"sqm_msas=18.34,solar_dep=19.80deg,inflection_method"
isha,2019-03-26,21:05:25,1,40.4189,-3.6919,650.0,Madrid_SQM_evol_UCM_Zenodo4633001,"sqm_msas=17.83,solar_dep=18.06deg,inflection_method"
fajr,2019-03-27,05:29:17,1,40.4189,-3.6919,650.0,Madrid_SQM_evol_UCM_Zenodo4633001,"sqm_msas=18.36,solar_dep=19.05deg,inflection_method"
isha,2019-03-29,21:13:17,1,40.4189,-3.6919,650.0,Madrid_SQM_evol_UCM_Zenodo4633001,"sqm_msas=17.88,solar_dep=18.80deg,inflection_method"
fajr,2019-03-30,05:22:23,1,40.4189,-3.6919,650.0,Madrid_SQM_evol_UCM_Zenodo4633001,"sqm_msas=18.39,solar_dep=19.28deg,inflection_method"
isha,2019-03-30,21:10:46,1,40.4189,-3.6919,650.0,Madrid_SQM_evol_UCM_Zenodo4633001,"sqm_msas=17.98,solar_dep=18.14deg,inflection_method"
fajr,2019-03-31,05:22:42,1,40.4189,-3.6919,650.0,Madrid_SQM_evol_UCM_Zenodo4633001,"sqm_msas=17.40,solar_dep=18.90deg,inflection_method"
isha,2019-03-31,21:11:46,1,40.4189,-3.6919,650.0,Madrid_SQM_evol_UCM_Zenodo4633001,"sqm_msas=15.21,solar_dep=18.09deg,inflection_method"
fajr,2019-04-01,06:18:45,2,40.4189,-3.6919,650.0,Madrid_SQM_evol_UCM_Zenodo4633001,"sqm_msas=15.78,solar_dep=19.26deg,inflection_method"
isha,2019-04-01,22:12:51,2,40.4189,-3.6919,650.0,Madrid_SQM_evol_UCM_Zenodo4633001,"sqm_msas=15.73,solar_dep=18.06deg,inflection_method"
fajr,2019-04-02,06:14:49,2,40.4189,-3.6919,650.0,Madrid_SQM_evol_UCM_Zenodo4633001,"sqm_msas=18.33,solar_dep=19.62deg,inflection_method"
isha,2019-04-02,22:14:39,2,40.4189,-3.6919,650.0,Madrid_SQM_evol_UCM_Zenodo4633001,"sqm_msas=17.47,solar_dep=18.15deg,inflection_method"
fajr,2019-04-03,06:11:46,2,40.4189,-3.6919,650.0,Madrid_SQM_evol_UCM_Zenodo4633001,"sqm_msas=18.31,solar_dep=19.81deg,inflection_method"
isha,2019-04-03,22:15:56,2,40.4189,-3.6919,650.0,Madrid_SQM_evol_UCM_Zenodo4633001,"sqm_msas=16.61,solar_dep=18.15deg,inflection_method"
fajr,2019-04-04,06:10:53,2,40.4189,-3.6919,650.0,Madrid_SQM_evol_UCM_Zenodo4633001,"sqm_msas=18.59,solar_dep=19.64deg,inflection_method"
isha,2019-04-04,22:17:07,2,40.4189,-3.6919,650.0,Madrid_SQM_evol_UCM_Zenodo4633001,"sqm_msas=15.36,solar_dep=18.13deg,inflection_method"
fajr,2019-04-05,06:09:20,2,40.4189,-3.6919,650.0,Madrid_SQM_evol_UCM_Zenodo4633001,"sqm_msas=15.63,solar_dep=19.58deg,inflection_method"
isha,2019-04-05,22:18:30,2,40.4189,-3.6919,650.0,Madrid_SQM_evol_UCM_Zenodo4633001,"sqm_msas=18.27,solar_dep=18.14deg,inflection_method"
fajr,2019-04-06,06:10:00,2,40.4189,-3.6919,650.0,Madrid_SQM_evol_UCM_Zenodo4633001,"sqm_msas=18.23,solar_dep=19.14deg,inflection_method"
isha,2019-04-06,22:19:51,2,40.4189,-3.6919,650.0,Madrid_SQM_evol_UCM_Zenodo4633001,"sqm_msas=18.25,solar_dep=18.15deg,inflection_method"
fajr,2019-04-07,06:09:09,2,40.4189,-3.6919,650.0,Madrid_SQM_evol_UCM_Zenodo4633001,"sqm_msas=17.32,solar_dep=18.96deg,inflection_method"
isha,2019-04-07,22:21:07,2,40.4189,-3.6919,650.0,Madrid_SQM_evol_UCM_Zenodo4633001,"sqm_msas=15.39,solar_dep=18.14deg,inflection_method"
fajr,2019-04-08,06:09:41,2,40.4189,-3.6919,650.0,Madrid_SQM_evol_UCM_Zenodo4633001,"sqm_msas=15.25,solar_dep=18.55deg,inflection_method"
isha,2019-04-08,22:22:22,2,40.4189,-3.6919,650.0,Madrid_SQM_evol_UCM_Zenodo4633001,"sqm_msas=15.93,solar_dep=18.13deg,inflection_method"
fajr,2019-04-09,06:01:50,2,40.4189,-3.6919,650.0,Madrid_SQM_evol_UCM_Zenodo4633001,"sqm_msas=18.61,solar_dep=19.55deg,inflection_method"
isha,2019-04-09,22:33:29,2,40.4189,-3.6919,650.0,Madrid_SQM_evol_UCM_Zenodo4633001,"sqm_msas=16.25,solar_dep=19.76deg,inflection_method"
fajr,2019-04-10,05:58:14,2,40.4189,-3.6919,650.0,Madrid_SQM_evol_UCM_Zenodo4633001,"sqm_msas=17.54,solar_dep=19.82deg,inflection_method"
isha,2019-04-10,22:25:05,2,40.4189,-3.6919,650.0,Madrid_SQM_evol_UCM_Zenodo4633001,"sqm_msas=18.12,solar_dep=18.13deg,inflection_method"
fajr,2019-04-11,22:25:56,2,40.4189,-3.6919,650.0,Madrid_SQM_evol_UCM_Zenodo4633001,"sqm_msas=17.93,solar_dep=18.05deg,inflection_method"
isha,2019-04-11,22:28:02,2,40.4189,-3.6919,650.0,Madrid_SQM_evol_UCM_Zenodo4633001,"sqm_msas=17.94,solar_dep=18.40deg,inflection_method"
fajr,2019-04-12,05:59:47,2,40.4189,-3.6919,650.0,Madrid_SQM_evol_UCM_Zenodo4633001,"sqm_msas=18.56,solar_dep=18.93deg,inflection_method"
isha,2019-04-12,22:27:21,2,40.4189,-3.6919,650.0,Madrid_SQM_evol_UCM_Zenodo4633001,"sqm_msas=17.44,solar_dep=18.06deg,inflection_method"
fajr,2019-04-13,05:53:30,2,40.4189,-3.6919,650.0,Madrid_SQM_evol_UCM_Zenodo4633001,"sqm_msas=18.50,solar_dep=19.64deg,inflection_method"
isha,2019-04-13,22:28:52,2,40.4189,-3.6919,650.0,Madrid_SQM_evol_UCM_Zenodo4633001,"sqm_msas=16.19,solar_dep=18.08deg,inflection_method"
fajr,2019-04-14,06:00:40,2,40.4189,-3.6919,650.0,Madrid_SQM_evol_UCM_Zenodo4633001,"sqm_msas=17.90,solar_dep=18.16deg,inflection_method"
isha,2019-04-14,22:30:28,2,40.4189,-3.6919,650.0,Madrid_SQM_evol_UCM_Zenodo4633001,"sqm_msas=16.92,solar_dep=18.12deg,inflection_method"
fajr,2019-04-15,05:58:02,2,40.4189,-3.6919,650.0,Madrid_SQM_evol_UCM_Zenodo4633001,"sqm_msas=17.38,solar_dep=18.28deg,inflection_method"
isha,2019-04-15,22:32:11,2,40.4189,-3.6919,650.0,Madrid_SQM_evol_UCM_Zenodo4633001,"sqm_msas=17.28,solar_dep=18.17deg,inflection_method"
fajr,2019-04-16,05:56:57,2,40.4189,-3.6919,650.0,Madrid_SQM_evol_UCM_Zenodo4633001,"sqm_msas=18.57,solar_dep=18.15deg,inflection_method"
isha,2019-04-16,22:33:04,2,40.4189,-3.6919,650.0,Madrid_SQM_evol_UCM_Zenodo4633001,"sqm_msas=17.12,solar_dep=18.08deg,inflection_method"
fajr,2019-04-17,05:48:46,2,40.4189,-3.6919,650.0,Madrid_SQM_evol_UCM_Zenodo4633001,"sqm_msas=17.37,solar_dep=19.17deg,inflection_method"
isha,2019-04-17,22:34:43,2,40.4189,-3.6919,650.0,Madrid_SQM_evol_UCM_Zenodo4633001,"sqm_msas=15.66,solar_dep=18.12deg,inflection_method"
fajr,2019-04-18,05:43:57,2,40.4189,-3.6919,650.0,Madrid_SQM_evol_UCM_Zenodo4633001,"sqm_msas=15.43,solar_dep=19.62deg,inflection_method"
isha,2019-04-18,22:37:02,2,40.4189,-3.6919,650.0,Madrid_SQM_evol_UCM_Zenodo4633001,"sqm_msas=15.29,solar_dep=18.26deg,inflection_method"
fajr,2019-04-19,05:41:21,2,40.4189,-3.6919,650.0,Madrid_SQM_evol_UCM_Zenodo4633001,"sqm_msas=15.45,solar_dep=19.73deg,inflection_method"
isha,2019-04-19,22:37:24,2,40.4189,-3.6919,650.0,Madrid_SQM_evol_UCM_Zenodo4633001,"sqm_msas=15.04,solar_dep=18.10deg,inflection_method"
fajr,2019-04-20,05:39:41,2,40.4189,-3.6919,650.0,Madrid_SQM_evol_UCM_Zenodo4633001,"sqm_msas=15.69,solar_dep=19.69deg,inflection_method"
isha,2019-04-20,22:38:34,2,40.4189,-3.6919,650.0,Madrid_SQM_evol_UCM_Zenodo4633001,"sqm_msas=16.23,solar_dep=18.05deg,inflection_method"
fajr,2019-04-21,05:45:01,2,40.4189,-3.6919,650.0,Madrid_SQM_evol_UCM_Zenodo4633001,"sqm_msas=16.06,solar_dep=18.56deg,inflection_method"
isha,2019-04-21,22:40:25,2,40.4189,-3.6919,650.0,Madrid_SQM_evol_UCM_Zenodo4633001,"sqm_msas=15.17,solar_dep=18.12deg,inflection_method"
fajr,2019-04-22,22:41:31,2,40.4189,-3.6919,650.0,Madrid_SQM_evol_UCM_Zenodo4633001,"sqm_msas=16.72,solar_dep=18.06deg,inflection_method"
isha,2019-04-22,22:49:56,2,40.4189,-3.6919,650.0,Madrid_SQM_evol_UCM_Zenodo4633001,"sqm_msas=16.91,solar_dep=19.36deg,inflection_method"
fajr,2019-04-23,05:40:15,2,40.4189,-3.6919,650.0,Madrid_SQM_evol_UCM_Zenodo4633001,"sqm_msas=16.07,solar_dep=18.72deg,inflection_method"
isha,2019-04-23,22:43:22,2,40.4189,-3.6919,650.0,Madrid_SQM_evol_UCM_Zenodo4633001,"sqm_msas=15.33,solar_dep=18.12deg,inflection_method"
fajr,2019-04-24,05:42:12,2,40.4189,-3.6919,650.0,Madrid_SQM_evol_UCM_Zenodo4633001,"sqm_msas=15.93,solar_dep=18.13deg,inflection_method"
isha,2019-04-24,22:44:46,2,40.4189,-3.6919,650.0,Madrid_SQM_evol_UCM_Zenodo4633001,"sqm_msas=15.41,solar_dep=18.11deg,inflection_method"
fajr,2019-04-25,05:28:47,2,40.4189,-3.6919,650.0,Madrid_SQM_evol_UCM_Zenodo4633001,"sqm_msas=18.63,solar_dep=19.88deg,inflection_method"
isha,2019-04-25,22:53:43,2,40.4189,-3.6919,650.0,Madrid_SQM_evol_UCM_Zenodo4633001,"sqm_msas=18.09,solar_dep=19.24deg,inflection_method"
fajr,2019-04-26,05:37:43,2,40.4189,-3.6919,650.0,Madrid_SQM_evol_UCM_Zenodo4633001,"sqm_msas=17.80,solar_dep=18.26deg,inflection_method"
isha,2019-04-26,22:48:45,2,40.4189,-3.6919,650.0,Madrid_SQM_evol_UCM_Zenodo4633001,"sqm_msas=18.20,solar_dep=18.26deg,inflection_method"
fajr,2019-04-27,05:36:14,2,40.4189,-3.6919,650.0,Madrid_SQM_evol_UCM_Zenodo4633001,"sqm_msas=18.59,solar_dep=18.21deg,inflection_method"
isha,2019-04-27,22:49:17,2,40.4189,-3.6919,650.0,Madrid_SQM_evol_UCM_Zenodo4633001,"sqm_msas=18.14,solar_dep=18.12deg,inflection_method"
fajr,2019-04-28,05:23:29,2,40.4189,-3.6919,650.0,Madrid_SQM_evol_UCM_Zenodo4633001,"sqm_msas=18.58,solar_dep=19.82deg,inflection_method"
isha,2019-04-28,22:50:47,2,40.4189,-3.6919,650.0,Madrid_SQM_evol_UCM_Zenodo4633001,"sqm_msas=18.07,solar_dep=18.12deg,inflection_method"
fajr,2019-04-29,05:21:27,2,40.4189,-3.6919,650.0,Madrid_SQM_evol_UCM_Zenodo4633001,"sqm_msas=18.14,solar_dep=19.85deg,inflection_method"
isha,2019-04-29,22:57:46,2,40.4189,-3.6919,650.0,Madrid_SQM_evol_UCM_Zenodo4633001,"sqm_msas=18.17,solar_dep=18.92deg,inflection_method"
fajr,2019-04-30,05:30:39,2,40.4189,-3.6919,650.0,Madrid_SQM_evol_UCM_Zenodo4633001,"sqm_msas=18.61,solar_dep=18.23deg,inflection_method"
isha,2019-05-13,23:22:27,2,40.4189,-3.6919,650.0,Madrid_SQM_evol_UCM_Zenodo4633001,"sqm_msas=17.67,solar_dep=19.25deg,inflection_method"
fajr,2019-05-14,05:01:10,2,40.4189,-3.6919,650.0,Madrid_SQM_evol_UCM_Zenodo4633001,"sqm_msas=18.63,solar_dep=19.03deg,inflection_method"
isha,2019-05-14,23:15:16,2,40.4189,-3.6919,650.0,Madrid_SQM_evol_UCM_Zenodo4633001,"sqm_msas=17.76,solar_dep=18.12deg,inflection_method"
fajr,2019-05-15,05:02:20,2,40.4189,-3.6919,650.0,Madrid_SQM_evol_UCM_Zenodo4633001,"sqm_msas=18.62,solar_dep=18.68deg,inflection_method"
isha,2019-05-15,23:16:27,2,40.4189,-3.6919,650.0,Madrid_SQM_evol_UCM_Zenodo4633001,"sqm_msas=16.77,solar_dep=18.07deg,inflection_method"
fajr,2019-05-16,05:00:45,2,40.4189,-3.6919,650.0,Madrid_SQM_evol_UCM_Zenodo4633001,"sqm_msas=18.48,solar_dep=18.68deg,inflection_method"
isha,2019-05-16,23:22:40,2,40.4189,-3.6919,650.0,Madrid_SQM_evol_UCM_Zenodo4633001,"sqm_msas=16.71,solar_dep=18.68deg,inflection_method"
fajr,2019-05-17,05:01:23,2,40.4189,-3.6919,650.0,Madrid_SQM_evol_UCM_Zenodo4633001,"sqm_msas=18.25,solar_dep=18.41deg,inflection_method"
isha,2019-05-17,23:19:49,2,40.4189,-3.6919,650.0,Madrid_SQM_evol_UCM_Zenodo4633001,"sqm_msas=17.75,solar_dep=18.12deg,inflection_method"
fajr,2019-05-18,05:01:23,2,40.4189,-3.6919,650.0,Madrid_SQM_evol_UCM_Zenodo4633001,"sqm_msas=17.13,solar_dep=18.23deg,inflection_method"
isha,2019-05-18,23:21:13,2,40.4189,-3.6919,650.0,Madrid_SQM_evol_UCM_Zenodo4633001,"sqm_msas=15.69,solar_dep=18.11deg,inflection_method"
isha,2019-05-19,23:22:31,2,40.4189,-3.6919,650.0,Madrid_SQM_evol_UCM_Zenodo4633001,"sqm_msas=17.45,solar_dep=18.09deg,inflection_method"
isha,2019-05-20,23:34:22,2,40.4189,-3.6919,650.0,Madrid_SQM_evol_UCM_Zenodo4633001,"sqm_msas=17.28,solar_dep=19.36deg,inflection_method"
isha,2019-05-21,23:27:21,2,40.4189,-3.6919,650.0,Madrid_SQM_evol_UCM_Zenodo4633001,"sqm_msas=18.23,solar_dep=18.33deg,inflection_method"
isha,2019-05-22,23:27:16,2,40.4189,-3.6919,650.0,Madrid_SQM_evol_UCM_Zenodo4633001,"sqm_msas=18.15,solar_dep=18.14deg,inflection_method"
isha,2019-05-23,23:42:00,2,40.4189,-3.6919,650.0,Madrid_SQM_evol_UCM_Zenodo4633001,"sqm_msas=17.86,solar_dep=19.72deg,inflection_method"
isha,2019-05-24,23:30:07,2,40.4189,-3.6919,650.0,Madrid_SQM_evol_UCM_Zenodo4633001,"sqm_msas=18.25,solar_dep=18.15deg,inflection_method"
isha,2019-05-25,23:34:23,2,40.4189,-3.6919,650.0,Madrid_SQM_evol_UCM_Zenodo4633001,"sqm_msas=18.42,solar_dep=18.49deg,inflection_method"
isha,2019-05-26,23:40:00,2,40.4189,-3.6919,650.0,Madrid_SQM_evol_UCM_Zenodo4633001,"sqm_msas=18.50,solar_dep=18.99deg,inflection_method"
isha,2019-05-27,23:34:28,2,40.4189,-3.6919,650.0,Madrid_SQM_evol_UCM_Zenodo4633001,"sqm_msas=18.13,solar_dep=18.18deg,inflection_method"
isha,2019-05-28,23:36:47,2,40.4189,-3.6919,650.0,Madrid_SQM_evol_UCM_Zenodo4633001,"sqm_msas=18.39,solar_dep=18.30deg,inflection_method"
isha,2019-05-29,23:36:57,2,40.4189,-3.6919,650.0,Madrid_SQM_evol_UCM_Zenodo4633001,"sqm_msas=18.43,solar_dep=18.17deg,inflection_method"
isha,2019-05-30,23:37:49,2,40.4189,-3.6919,650.0,Madrid_SQM_evol_UCM_Zenodo4633001,"sqm_msas=18.41,solar_dep=18.13deg,inflection_method"
isha,2019-05-31,23:39:26,2,40.4189,-3.6919,650.0,Madrid_SQM_evol_UCM_Zenodo4633001,"sqm_msas=18.25,solar_dep=18.17deg,inflection_method"
isha,2019-06-01,23:41:36,2,40.4189,-3.6919,650.0,Madrid_SQM_evol_UCM_Zenodo4633001,"sqm_msas=18.23,solar_dep=18.28deg,inflection_method"
isha,2019-06-02,23:45:14,2,40.4189,-3.6919,650.0,Madrid_SQM_evol_UCM_Zenodo4633001,"sqm_msas=16.22,solar_dep=18.56deg,inflection_method"
isha,2019-06-03,23:42:30,2,40.4189,-3.6919,650.0,Madrid_SQM_evol_UCM_Zenodo4633001,"sqm_msas=18.21,solar_dep=18.13deg,inflection_method"
isha,2019-06-04,23:52:23,2,40.4189,-3.6919,650.0,Madrid_SQM_evol_UCM_Zenodo4633001,"sqm_msas=17.52,solar_dep=19.09deg,inflection_method"
isha,2019-06-06,00:00:51,2,40.4189,-3.6919,650.0,Madrid_SQM_evol_UCM_Zenodo4633001,"sqm_msas=18.07,solar_dep=19.86deg,inflection_method"
isha,2019-06-06,23:51:17,2,40.4189,-3.6919,650.0,Madrid_SQM_evol_UCM_Zenodo4633001,"sqm_msas=17.03,solar_dep=18.75deg,inflection_method"
isha,2019-06-08,00:00:37,2,40.4189,-3.6919,650.0,Madrid_SQM_evol_UCM_Zenodo4633001,"sqm_msas=18.43,solar_dep=19.62deg,inflection_method"
isha,2019-06-09,00:00:52,2,40.4189,-3.6919,650.0,Madrid_SQM_evol_UCM_Zenodo4633001,"sqm_msas=18.00,solar_dep=19.54deg,inflection_method"
isha,2019-06-10,00:03:06,2,40.4189,-3.6919,650.0,Madrid_SQM_evol_UCM_Zenodo4633001,"sqm_msas=18.26,solar_dep=19.68deg,inflection_method"
isha,2019-06-10,23:52:08,2,40.4189,-3.6919,650.0,Madrid_SQM_evol_UCM_Zenodo4633001,"sqm_msas=18.19,solar_dep=18.45deg,inflection_method"
isha,2019-06-12,00:00:43,2,40.4189,-3.6919,650.0,Madrid_SQM_evol_UCM_Zenodo4633001,"sqm_msas=18.19,solar_dep=19.26deg,inflection_method"
isha,2019-06-17,00:06:29,2,40.4189,-3.6919,650.0,Madrid_SQM_evol_UCM_Zenodo4633001,"sqm_msas=17.78,solar_dep=19.51deg,inflection_method"
isha,2019-07-04,23:55:06,2,40.4189,-3.6919,650.0,Madrid_SQM_evol_UCM_Zenodo4633001,"sqm_msas=18.03,solar_dep=18.41deg,inflection_method"
isha,2019-07-05,23:59:50,2,40.4189,-3.6919,650.0,Madrid_SQM_evol_UCM_Zenodo4633001,"sqm_msas=18.34,solar_dep=18.98deg,inflection_method"
isha,2019-07-07,00:00:41,2,40.4189,-3.6919,650.0,Madrid_SQM_evol_UCM_Zenodo4633001,"sqm_msas=18.39,solar_dep=19.14deg,inflection_method"
isha,2019-07-07,23:54:32,2,40.4189,-3.6919,650.0,Madrid_SQM_evol_UCM_Zenodo4633001,"sqm_msas=18.00,solar_dep=18.56deg,inflection_method"
isha,2019-07-09,00:05:47,2,40.4189,-3.6919,650.0,Madrid_SQM_evol_UCM_Zenodo4633001,"sqm_msas=16.41,solar_dep=19.84deg,inflection_method"
isha,2019-07-09,23:55:22,2,40.4189,-3.6919,650.0,Madrid_SQM_evol_UCM_Zenodo4633001,"sqm_msas=18.18,solar_dep=18.82deg,inflection_method"
isha,2019-07-10,23:55:26,2,40.4189,-3.6919,650.0,Madrid_SQM_evol_UCM_Zenodo4633001,"sqm_msas=18.15,solar_dep=18.92deg,inflection_method"
isha,2019-09-22,21:48:07,2,40.4189,-3.6919,650.0,Madrid_SQM_evol_UCM_Zenodo4633001,"sqm_msas=17.64,solar_dep=18.76deg,inflection_method"
fajr,2019-09-23,06:21:40,2,40.4189,-3.6919,650.0,Madrid_SQM_evol_UCM_Zenodo4633001,"sqm_msas=18.50,solar_dep=19.76deg,inflection_method"
isha,2019-09-24,21:47:10,2,40.4189,-3.6919,650.0,Madrid_SQM_evol_UCM_Zenodo4633001,"sqm_msas=17.24,solar_dep=19.25deg,inflection_method"
fajr,2019-09-25,06:28:24,2,40.4189,-3.6919,650.0,Madrid_SQM_evol_UCM_Zenodo4633001,"sqm_msas=18.61,solar_dep=18.94deg,inflection_method"
isha,2019-09-25,21:39:03,2,40.4189,-3.6919,650.0,Madrid_SQM_evol_UCM_Zenodo4633001,"sqm_msas=17.31,solar_dep=18.09deg,inflection_method"
fajr,2019-09-26,06:25:53,2,40.4189,-3.6919,650.0,Madrid_SQM_evol_UCM_Zenodo4633001,"sqm_msas=18.67,solar_dep=19.60deg,inflection_method"
isha,2019-10-03,21:25:57,2,40.4189,-3.6919,650.0,Madrid_SQM_evol_UCM_Zenodo4633001,"sqm_msas=18.02,solar_dep=18.22deg,inflection_method"
fajr,2019-10-04,06:34:38,2,40.4189,-3.6919,650.0,Madrid_SQM_evol_UCM_Zenodo4633001,"sqm_msas=18.52,solar_dep=19.59deg,inflection_method"
isha,2019-10-04,21:23:58,2,40.4189,-3.6919,650.0,Madrid_SQM_evol_UCM_Zenodo4633001,"sqm_msas=18.00,solar_dep=18.16deg,inflection_method"
fajr,2019-10-05,06:34:13,2,40.4189,-3.6919,650.0,Madrid_SQM_evol_UCM_Zenodo4633001,"sqm_msas=18.56,solar_dep=19.87deg,inflection_method"
isha,2019-10-05,21:22:07,2,40.4189,-3.6919,650.0,Madrid_SQM_evol_UCM_Zenodo4633001,"sqm_msas=18.06,solar_dep=18.12deg,inflection_method"
fajr,2019-10-06,06:37:48,2,40.4189,-3.6919,650.0,Madrid_SQM_evol_UCM_Zenodo4633001,"sqm_msas=18.58,solar_dep=19.40deg,inflection_method"
isha,2019-10-06,21:20:36,2,40.4189,-3.6919,650.0,Madrid_SQM_evol_UCM_Zenodo4633001,"sqm_msas=18.13,solar_dep=18.14deg,inflection_method"
fajr,2019-10-07,06:39:04,2,40.4189,-3.6919,650.0,Madrid_SQM_evol_UCM_Zenodo4633001,"sqm_msas=18.14,solar_dep=19.36deg,inflection_method"
isha,2019-10-07,21:19:03,2,40.4189,-3.6919,650.0,Madrid_SQM_evol_UCM_Zenodo4633001,"sqm_msas=17.93,solar_dep=18.15deg,inflection_method"
fajr,2019-10-08,06:38:14,2,40.4189,-3.6919,650.0,Madrid_SQM_evol_UCM_Zenodo4633001,"sqm_msas=18.58,solar_dep=19.71deg,inflection_method"
isha,2019-10-08,21:17:26,2,40.4189,-3.6919,650.0,Madrid_SQM_evol_UCM_Zenodo4633001,"sqm_msas=17.85,solar_dep=18.15deg,inflection_method"
fajr,2019-10-09,06:43:38,2,40.4189,-3.6919,650.0,Madrid_SQM_evol_UCM_Zenodo4633001,"sqm_msas=18.41,solar_dep=18.89deg,inflection_method"
isha,2019-10-09,21:15:41,2,40.4189,-3.6919,650.0,Madrid_SQM_evol_UCM_Zenodo4633001,"sqm_msas=17.69,solar_dep=18.12deg,inflection_method"
fajr,2019-10-10,06:48:19,2,40.4189,-3.6919,650.0,Madrid_SQM_evol_UCM_Zenodo4633001,"sqm_msas=16.68,solar_dep=18.20deg,inflection_method"
isha,2019-10-10,21:14:00,2,40.4189,-3.6919,650.0,Madrid_SQM_evol_UCM_Zenodo4633001,"sqm_msas=17.60,solar_dep=18.10deg,inflection_method"
fajr,2019-10-11,06:43:43,2,40.4189,-3.6919,650.0,Madrid_SQM_evol_UCM_Zenodo4633001,"sqm_msas=18.27,solar_dep=19.27deg,inflection_method"
isha,2019-10-11,21:18:31,2,40.4189,-3.6919,650.0,Madrid_SQM_evol_UCM_Zenodo4633001,"sqm_msas=15.44,solar_dep=19.25deg,inflection_method"
fajr,2019-10-12,06:43:33,2,40.4189,-3.6919,650.0,Madrid_SQM_evol_UCM_Zenodo4633001,"sqm_msas=16.55,solar_dep=19.49deg,inflection_method"
isha,2019-10-12,21:11:59,2,40.4189,-3.6919,650.0,Madrid_SQM_evol_UCM_Zenodo4633001,"sqm_msas=14.78,solar_dep=18.30deg,inflection_method"
fajr,2019-10-13,06:45:27,2,40.4189,-3.6919,650.0,Madrid_SQM_evol_UCM_Zenodo4633001,"sqm_msas=18.12,solar_dep=19.33deg,inflection_method"
isha,2019-10-13,21:09:32,2,40.4189,-3.6919,650.0,Madrid_SQM_evol_UCM_Zenodo4633001,"sqm_msas=17.72,solar_dep=18.13deg,inflection_method"
fajr,2019-10-14,06:51:19,2,40.4189,-3.6919,650.0,Madrid_SQM_evol_UCM_Zenodo4633001,"sqm_msas=15.86,solar_dep=18.42deg,inflection_method"
isha,2019-10-14,21:07:37,2,40.4189,-3.6919,650.0,Madrid_SQM_evol_UCM_Zenodo4633001,"sqm_msas=18.05,solar_dep=18.05deg,inflection_method"
fajr,2019-10-15,06:51:28,2,40.4189,-3.6919,650.0,Madrid_SQM_evol_UCM_Zenodo4633001,"sqm_msas=17.96,solar_dep=18.58deg,inflection_method"
isha,2019-10-15,21:06:28,2,40.4189,-3.6919,650.0,Madrid_SQM_evol_UCM_Zenodo4633001,"sqm_msas=17.59,solar_dep=18.11deg,inflection_method"
fajr,2019-10-16,06:51:43,2,40.4189,-3.6919,650.0,Madrid_SQM_evol_UCM_Zenodo4633001,"sqm_msas=17.78,solar_dep=18.73deg,inflection_method"
isha,2019-10-16,21:05:17,2,40.4189,-3.6919,650.0,Madrid_SQM_evol_UCM_Zenodo4633001,"sqm_msas=17.99,solar_dep=18.16deg,inflection_method"
fajr,2019-10-17,21:03:21,2,40.4189,-3.6919,650.0,Madrid_SQM_evol_UCM_Zenodo4633001,"sqm_msas=15.27,solar_dep=18.06deg,inflection_method"
isha,2019-10-17,21:07:33,2,40.4189,-3.6919,650.0,Madrid_SQM_evol_UCM_Zenodo4633001,"sqm_msas=15.10,solar_dep=18.86deg,inflection_method"
fajr,2019-10-18,06:56:59,2,40.4189,-3.6919,650.0,Madrid_SQM_evol_UCM_Zenodo4633001,"sqm_msas=15.62,solar_dep=18.12deg,inflection_method"
isha,2019-10-18,21:02:00,2,40.4189,-3.6919,650.0,Madrid_SQM_evol_UCM_Zenodo4633001,"sqm_msas=17.72,solar_dep=18.08deg,inflection_method"
fajr,2019-10-19,06:49:19,2,40.4189,-3.6919,650.0,Madrid_SQM_evol_UCM_Zenodo4633001,"sqm_msas=16.08,solar_dep=19.77deg,inflection_method"
isha,2019-10-19,21:00:35,2,40.4189,-3.6919,650.0,Madrid_SQM_evol_UCM_Zenodo4633001,"sqm_msas=15.43,solar_dep=18.07deg,inflection_method"
fajr,2019-10-20,20:59:07,2,40.4189,-3.6919,650.0,Madrid_SQM_evol_UCM_Zenodo4633001,"sqm_msas=17.28,solar_dep=18.05deg,inflection_method"
isha,2019-10-20,21:07:31,2,40.4189,-3.6919,650.0,Madrid_SQM_evol_UCM_Zenodo4633001,"sqm_msas=17.97,solar_dep=19.65deg,inflection_method"
fajr,2019-10-21,06:52:50,2,40.4189,-3.6919,650.0,Madrid_SQM_evol_UCM_Zenodo4633001,"sqm_msas=17.74,solar_dep=19.49deg,inflection_method"
isha,2019-10-21,20:57:40,2,40.4189,-3.6919,650.0,Madrid_SQM_evol_UCM_Zenodo4633001,"sqm_msas=17.96,solar_dep=18.04deg,inflection_method"
fajr,2019-10-22,06:54:08,2,40.4189,-3.6919,650.0,Madrid_SQM_evol_UCM_Zenodo4633001,"sqm_msas=16.57,solar_dep=19.44deg,inflection_method"
isha,2019-10-22,20:56:52,2,40.4189,-3.6919,650.0,Madrid_SQM_evol_UCM_Zenodo4633001,"sqm_msas=14.86,solar_dep=18.14deg,inflection_method"
fajr,2019-10-23,06:54:03,2,40.4189,-3.6919,650.0,Madrid_SQM_evol_UCM_Zenodo4633001,"sqm_msas=15.47,solar_dep=19.65deg,inflection_method"
isha,2019-10-23,20:55:15,2,40.4189,-3.6919,650.0,Madrid_SQM_evol_UCM_Zenodo4633001,"sqm_msas=15.15,solar_dep=18.08deg,inflection_method"
fajr,2019-10-24,07:00:05,2,40.4189,-3.6919,650.0,Madrid_SQM_evol_UCM_Zenodo4633001,"sqm_msas=17.89,solar_dep=18.69deg,inflection_method"
isha,2019-10-24,20:54:15,2,40.4189,-3.6919,650.0,Madrid_SQM_evol_UCM_Zenodo4633001,"sqm_msas=17.92,solar_dep=18.13deg,inflection_method"
fajr,2019-10-25,07:00:29,2,40.4189,-3.6919,650.0,Madrid_SQM_evol_UCM_Zenodo4633001,"sqm_msas=18.37,solar_dep=18.81deg,inflection_method"
isha,2019-10-25,20:52:29,2,40.4189,-3.6919,650.0,Madrid_SQM_evol_UCM_Zenodo4633001,"sqm_msas=18.01,solar_dep=18.03deg,inflection_method"
fajr,2019-10-26,06:56:36,2,40.4189,-3.6919,650.0,Madrid_SQM_evol_UCM_Zenodo4633001,"sqm_msas=18.48,solar_dep=19.74deg,inflection_method"
isha,2019-10-26,20:51:24,2,40.4189,-3.6919,650.0,Madrid_SQM_evol_UCM_Zenodo4633001,"sqm_msas=18.18,solar_dep=18.06deg,inflection_method"
fajr,2019-10-27,06:59:01,2,40.4189,-3.6919,650.0,Madrid_SQM_evol_UCM_Zenodo4633001,"sqm_msas=18.51,solar_dep=19.48deg,inflection_method"
isha,2019-10-27,20:50:12,2,40.4189,-3.6919,650.0,Madrid_SQM_evol_UCM_Zenodo4633001,"sqm_msas=15.80,solar_dep=18.06deg,inflection_method"
fajr,2019-10-28,07:03:33,2,40.4189,-3.6919,650.0,Madrid_SQM_evol_UCM_Zenodo4633001,"sqm_msas=15.54,solar_dep=18.81deg,inflection_method"
isha,2019-10-28,20:48:54,2,40.4189,-3.6919,650.0,Madrid_SQM_evol_UCM_Zenodo4633001,"sqm_msas=17.70,solar_dep=18.04deg,inflection_method"
fajr,2019-10-29,07:00:51,2,40.4189,-3.6919,650.0,Madrid_SQM_evol_UCM_Zenodo4633001,"sqm_msas=17.49,solar_dep=19.52deg,inflection_method"
isha,2019-10-29,20:48:21,2,40.4189,-3.6919,650.0,Madrid_SQM_evol_UCM_Zenodo4633001,"sqm_msas=17.63,solar_dep=18.16deg,inflection_method"
fajr,2019-10-30,07:04:35,2,40.4189,-3.6919,650.0,Madrid_SQM_evol_UCM_Zenodo4633001,"sqm_msas=17.31,solar_dep=19.00deg,inflection_method"
isha,2019-10-30,20:47:05,2,40.4189,-3.6919,650.0,Madrid_SQM_evol_UCM_Zenodo4633001,"sqm_msas=15.06,solar_dep=18.13deg,inflection_method"
fajr,2019-10-31,07:08:58,2,40.4189,-3.6919,650.0,Madrid_SQM_evol_UCM_Zenodo4633001,"sqm_msas=16.71,solar_dep=18.36deg,inflection_method"
isha,2019-10-31,20:45:59,2,40.4189,-3.6919,650.0,Madrid_SQM_evol_UCM_Zenodo4633001,"sqm_msas=17.59,solar_dep=18.13deg,inflection_method"
fajr,2019-11-01,06:07:04,1,40.4189,-3.6919,650.0,Madrid_SQM_evol_UCM_Zenodo4633001,"sqm_msas=16.22,solar_dep=18.92deg,inflection_method"
isha,2019-11-01,19:44:37,1,40.4189,-3.6919,650.0,Madrid_SQM_evol_UCM_Zenodo4633001,"sqm_msas=15.40,solar_dep=18.08deg,inflection_method"
fajr,2019-11-02,06:09:56,1,40.4189,-3.6919,650.0,Madrid_SQM_evol_UCM_Zenodo4633001,"sqm_msas=16.55,solar_dep=18.56deg,inflection_method"
isha,2019-11-02,19:49:37,1,40.4189,-3.6919,650.0,Madrid_SQM_evol_UCM_Zenodo4633001,"sqm_msas=16.57,solar_dep=19.23deg,inflection_method"
fajr,2019-11-03,06:05:05,1,40.4189,-3.6919,650.0,Madrid_SQM_evol_UCM_Zenodo4633001,"sqm_msas=15.53,solar_dep=19.68deg,inflection_method"
isha,2019-11-03,19:46:05,1,40.4189,-3.6919,650.0,Madrid_SQM_evol_UCM_Zenodo4633001,"sqm_msas=17.87,solar_dep=18.75deg,inflection_method"
fajr,2019-11-04,06:06:28,1,40.4189,-3.6919,650.0,Madrid_SQM_evol_UCM_Zenodo4633001,"sqm_msas=17.19,solar_dep=19.61deg,inflection_method"
isha,2019-11-04,19:41:53,1,40.4189,-3.6919,650.0,Madrid_SQM_evol_UCM_Zenodo4633001,"sqm_msas=14.91,solar_dep=18.14deg,inflection_method"
fajr,2019-11-05,19:40:21,1,40.4189,-3.6919,650.0,Madrid_SQM_evol_UCM_Zenodo4633001,"sqm_msas=17.95,solar_dep=18.04deg,inflection_method"
isha,2019-11-05,19:43:52,1,40.4189,-3.6919,650.0,Madrid_SQM_evol_UCM_Zenodo4633001,"sqm_msas=17.73,solar_dep=18.70deg,inflection_method"
fajr,2019-11-06,06:08:28,1,40.4189,-3.6919,650.0,Madrid_SQM_evol_UCM_Zenodo4633001,"sqm_msas=18.42,solar_dep=19.61deg,inflection_method"
isha,2019-11-06,19:39:34,1,40.4189,-3.6919,650.0,Madrid_SQM_evol_UCM_Zenodo4633001,"sqm_msas=17.73,solar_dep=18.07deg,inflection_method"
fajr,2019-11-07,06:13:59,1,40.4189,-3.6919,650.0,Madrid_SQM_evol_UCM_Zenodo4633001,"sqm_msas=15.63,solar_dep=18.76deg,inflection_method"
isha,2019-11-19,19:34:08,1,40.4189,-3.6919,650.0,Madrid_SQM_evol_UCM_Zenodo4633001,"sqm_msas=15.73,solar_dep=18.83deg,inflection_method"
fajr,2019-11-20,06:26:11,1,40.4189,-3.6919,650.0,Madrid_SQM_evol_UCM_Zenodo4633001,"sqm_msas=17.04,solar_dep=18.90deg,inflection_method"
isha,2019-11-20,19:29:56,1,40.4189,-3.6919,650.0,Madrid_SQM_evol_UCM_Zenodo4633001,"sqm_msas=14.70,solar_dep=18.14deg,inflection_method"
fajr,2019-11-21,06:21:58,1,40.4189,-3.6919,650.0,Madrid_SQM_evol_UCM_Zenodo4633001,"sqm_msas=15.52,solar_dep=19.87deg,inflection_method"
isha,2019-11-21,19:29:55,1,40.4189,-3.6919,650.0,Madrid_SQM_evol_UCM_Zenodo4633001,"sqm_msas=15.84,solar_dep=18.22deg,inflection_method"
fajr,2019-11-22,19:28:26,1,40.4189,-3.6919,650.0,Madrid_SQM_evol_UCM_Zenodo4633001,"sqm_msas=17.67,solar_dep=18.03deg,inflection_method"
isha,2019-11-22,19:34:44,1,40.4189,-3.6919,650.0,Madrid_SQM_evol_UCM_Zenodo4633001,"sqm_msas=17.34,solar_dep=19.20deg,inflection_method"
fajr,2019-11-23,06:27:27,1,40.4189,-3.6919,650.0,Madrid_SQM_evol_UCM_Zenodo4633001,"sqm_msas=17.13,solar_dep=19.20deg,inflection_method"
isha,2019-11-23,19:28:13,1,40.4189,-3.6919,650.0,Madrid_SQM_evol_UCM_Zenodo4633001,"sqm_msas=18.10,solar_dep=18.06deg,inflection_method"
fajr,2019-11-24,06:25:02,1,40.4189,-3.6919,650.0,Madrid_SQM_evol_UCM_Zenodo4633001,"sqm_msas=18.31,solar_dep=19.83deg,inflection_method"
isha,2019-11-24,19:27:53,1,40.4189,-3.6919,650.0,Madrid_SQM_evol_UCM_Zenodo4633001,"sqm_msas=18.02,solar_dep=18.07deg,inflection_method"
fajr,2019-11-25,06:27:38,1,40.4189,-3.6919,650.0,Madrid_SQM_evol_UCM_Zenodo4633001,"sqm_msas=16.01,solar_dep=19.52deg,inflection_method"
isha,2019-11-25,19:37:24,1,40.4189,-3.6919,650.0,Madrid_SQM_evol_UCM_Zenodo4633001,"sqm_msas=16.67,solar_dep=19.91deg,inflection_method"
fajr,2019-11-26,06:36:21,1,40.4189,-3.6919,650.0,Madrid_SQM_evol_UCM_Zenodo4633001,"sqm_msas=15.30,solar_dep=18.07deg,inflection_method"
isha,2019-11-26,19:27:16,1,40.4189,-3.6919,650.0,Madrid_SQM_evol_UCM_Zenodo4633001,"sqm_msas=14.57,solar_dep=18.08deg,inflection_method"
fajr,2019-11-27,06:33:53,1,40.4189,-3.6919,650.0,Madrid_SQM_evol_UCM_Zenodo4633001,"sqm_msas=15.75,solar_dep=18.70deg,inflection_method"
isha,2019-11-27,19:26:54,1,40.4189,-3.6919,650.0,Madrid_SQM_evol_UCM_Zenodo4633001,"sqm_msas=14.90,solar_dep=18.06deg,inflection_method"
fajr,2019-11-28,06:37:11,1,40.4189,-3.6919,650.0,Madrid_SQM_evol_UCM_Zenodo4633001,"sqm_msas=17.87,solar_dep=18.26deg,inflection_method"
isha,2019-11-28,19:26:35,1,40.4189,-3.6919,650.0,Madrid_SQM_evol_UCM_Zenodo4633001,"sqm_msas=14.61,solar_dep=18.05deg,inflection_method"
fajr,2019-11-29,06:36:03,1,40.4189,-3.6919,650.0,Madrid_SQM_evol_UCM_Zenodo4633001,"sqm_msas=15.84,solar_dep=18.64deg,inflection_method"
isha,2019-11-29,19:26:54,1,40.4189,-3.6919,650.0,Madrid_SQM_evol_UCM_Zenodo4633001,"sqm_msas=15.01,solar_dep=18.14deg,inflection_method"
fajr,2019-11-30,19:26:20,1,40.4189,-3.6919,650.0,Madrid_SQM_evol_UCM_Zenodo4633001,"sqm_msas=15.08,solar_dep=18.07deg,inflection_method"
isha,2019-11-30,19:31:15,1,40.4189,-3.6919,650.0,Madrid_SQM_evol_UCM_Zenodo4633001,"sqm_msas=14.96,solar_dep=18.98deg,inflection_method"
fajr,2019-12-01,06:34:27,1,40.4189,-3.6919,650.0,Madrid_SQM_evol_UCM_Zenodo4633001,"sqm_msas=16.15,solar_dep=19.26deg,inflection_method"
isha,2019-12-01,19:26:30,1,40.4189,-3.6919,650.0,Madrid_SQM_evol_UCM_Zenodo4633001,"sqm_msas=14.85,solar_dep=18.13deg,inflection_method"
isha,2019-12-13,19:28:05,1,40.4189,-3.6919,650.0,Madrid_SQM_evol_UCM_Zenodo4633001,"sqm_msas=17.55,solar_dep=18.27deg,inflection_method"
fajr,2019-12-14,06:43:13,1,40.4189,-3.6919,650.0,Madrid_SQM_evol_UCM_Zenodo4633001,"sqm_msas=17.87,solar_dep=19.53deg,inflection_method"
isha,2020-01-24,19:58:53,1,40.4189,-3.6919,650.0,Madrid_SQM_evol_UCM_Zenodo4633001,"sqm_msas=16.21,solar_dep=18.27deg,inflection_method"
fajr,2020-01-25,06:47:24,1,40.4189,-3.6919,650.0,Madrid_SQM_evol_UCM_Zenodo4633001,"sqm_msas=15.32,solar_dep=19.60deg,inflection_method"
isha,2020-01-25,19:59:01,1,40.4189,-3.6919,650.0,Madrid_SQM_evol_UCM_Zenodo4633001,"sqm_msas=16.03,solar_dep=18.11deg,inflection_method"
fajr,2020-01-26,06:53:50,1,40.4189,-3.6919,650.0,Madrid_SQM_evol_UCM_Zenodo4633001,"sqm_msas=16.83,solar_dep=18.28deg,inflection_method"
isha,2020-01-27,20:05:27,1,40.4189,-3.6919,650.0,Madrid_SQM_evol_UCM_Zenodo4633001,"sqm_msas=17.24,solar_dep=18.92deg,inflection_method"
fajr,2020-01-28,06:47:01,1,40.4189,-3.6919,650.0,Madrid_SQM_evol_UCM_Zenodo4633001,"sqm_msas=17.49,solar_dep=19.34deg,inflection_method"
isha,2020-01-28,20:02:05,1,40.4189,-3.6919,650.0,Madrid_SQM_evol_UCM_Zenodo4633001,"sqm_msas=15.15,solar_dep=18.10deg,inflection_method"
fajr,2020-01-29,06:51:23,1,40.4189,-3.6919,650.0,Madrid_SQM_evol_UCM_Zenodo4633001,"sqm_msas=15.31,solar_dep=18.39deg,inflection_method"
isha,2020-01-29,20:06:30,1,40.4189,-3.6919,650.0,Madrid_SQM_evol_UCM_Zenodo4633001,"sqm_msas=16.07,solar_dep=18.73deg,inflection_method"
fajr,2020-01-30,06:46:29,1,40.4189,-3.6919,650.0,Madrid_SQM_evol_UCM_Zenodo4633001,"sqm_msas=15.42,solar_dep=19.18deg,inflection_method"
isha,2020-02-03,20:08:56,1,40.4189,-3.6919,650.0,Madrid_SQM_evol_UCM_Zenodo4633001,"sqm_msas=17.00,solar_dep=18.19deg,inflection_method"
fajr,2020-02-04,06:42:41,1,40.4189,-3.6919,650.0,Madrid_SQM_evol_UCM_Zenodo4633001,"sqm_msas=18.36,solar_dep=19.16deg,inflection_method"
isha,2020-02-04,20:10:12,1,40.4189,-3.6919,650.0,Madrid_SQM_evol_UCM_Zenodo4633001,"sqm_msas=17.02,solar_dep=18.23deg,inflection_method"
fajr,2020-02-05,06:45:21,1,40.4189,-3.6919,650.0,Madrid_SQM_evol_UCM_Zenodo4633001,"sqm_msas=18.41,solar_dep=18.49deg,inflection_method"
