prayer,date_local,time_local,utc_offset,lat,lng,elevation_m,source,notes
isha,2019-09-01,19:59,0,40.424604,-3.560279,0.0,Zamorano J. et al. (2019). TESS-W sky brightness network. Zenodo monthly archives. https://zenodo.org/records/3378728. CC0 1.0.,TESS station stars1; photometric inflection method; night median MSAS=17.97; MSAS at inflection=16.74; depression=13.96°; smoothing=5-pt median; dark rows=1008
fajr,2019-09-02,04:51,0,40.424604,-3.560279,0.0,Zamorano J. et al. (2019). TESS-W sky brightness network. Zenodo monthly archives. https://zenodo.org/records/3378728. CC0 1.0.,TESS station stars1; photometric inflection method; night median MSAS=17.97; MSAS at inflection=17.43; depression=10.15°; smoothing=5-pt median; dark rows=1008
isha,2019-09-02,19:34,0,40.424604,-3.560279,0.0,Zamorano J. et al. (2019). TESS-W sky brightness network. Zenodo monthly archives. https://zenodo.org/records/3378728. CC0 1.0.,TESS station stars1; photometric inflection method; night median MSAS=18.31; MSAS at inflection=16.58; depression=9.83°; smoothing=5-pt median; dark rows=1070
fajr,2019-09-03,05:02,0,40.424604,-3.560279,0.0,Zamorano J. et al. (2019). TESS-W sky brightness network. Zenodo monthly archives. https://zenodo.org/records/3378728. CC0 1.0.,TESS station stars1; photometric inflection method; night median MSAS=18.31; MSAS at inflection=16.37; depression=8.28°; smoothing=5-pt median; dark rows=1070
fajr,2019-09-04,05:02,0,40.424604,-3.560279,0.0,Zamorano J. et al. (2019). TESS-W sky brightness network. Zenodo monthly archives. https://zenodo.org/records/3378728. CC0 1.0.,TESS station stars1; photometric inflection method; night median MSAS=18.31; MSAS at inflection=16.63; depression=8.54°; smoothing=5-pt median; dark rows=1097
isha,2019-09-04,19:21,0,40.424604,-3.560279,0.0,Zamorano J. et al. (2019). TESS-W sky brightness network. Zenodo monthly archives. https://zenodo.org/records/3378728. CC0 1.0.,TESS station stars1; photometric inflection method; night median MSAS=18.34; MSAS at inflection=16.10; depression=8.19°; smoothing=5-pt median; dark rows=1105
fajr,2019-09-05,05:06,0,40.424604,-3.560279,0.0,Zamorano J. et al. (2019). TESS-W sky brightness network. Zenodo monthly archives. https://zenodo.org/records/3378728. CC0 1.0.,TESS station stars1; photometric inflection method; night median MSAS=18.34; MSAS at inflection=16.14; depression=7.94°; smoothing=5-pt median; dark rows=1105
isha,2019-09-05,19:18,0,40.424604,-3.560279,0.0,Zamorano J. et al. (2019). TESS-W sky brightness network. Zenodo monthly archives. https://zenodo.org/records/3378728. CC0 1.0.,TESS station stars1; photometric inflection method; night median MSAS=18.52; MSAS at inflection=16.04; depression=7.89°; smoothing=5-pt median; dark rows=1084
fajr,2019-09-06,04:57,0,40.424604,-3.560279,0.0,Zamorano J. et al. (2019). TESS-W sky brightness network. Zenodo monthly archives. https://zenodo.org/records/3378728. CC0 1.0.,TESS station stars1; photometric inflection method; night median MSAS=18.52; MSAS at inflection=17.72; depression=9.85°; smoothing=5-pt median; dark rows=1084
fajr,2019-09-07,04:31,0,40.424604,-3.560279,0.0,Zamorano J. et al. (2019). TESS-W sky brightness network. Zenodo monthly archives. https://zenodo.org/records/3378728. CC0 1.0.,TESS station stars1; photometric inflection method; night median MSAS=18.27; MSAS at inflection=16.39; depression=14.62°; smoothing=5-pt median; dark rows=1112
isha,2019-09-07,20:12,0,40.424604,-3.560279,0.0,Zamorano J. et al. (2019). TESS-W sky brightness network. Zenodo monthly archives. https://zenodo.org/records/3378728. CC0 1.0.,TESS station stars1; photometric inflection method; night median MSAS=18.16; MSAS at inflection=18.10; depression=18.20°; smoothing=5-pt median; dark rows=1119
fajr,2019-09-08,05:06,0,40.424604,-3.560279,0.0,Zamorano J. et al. (2019). TESS-W sky brightness network. Zenodo monthly archives. https://zenodo.org/records/3378728. CC0 1.0.,TESS station stars1; photometric inflection method; night median MSAS=18.16; MSAS at inflection=16.77; depression=8.59°; smoothing=5-pt median; dark rows=1119
fajr,2019-09-09,04:01,0,40.424604,-3.560279,0.0,Zamorano J. et al. (2019). TESS-W sky brightness network. Zenodo monthly archives. https://zenodo.org/records/3378728. CC0 1.0.,TESS station stars1; photometric inflection method; night median MSAS=18.30; MSAS at inflection=18.43; depression=20.24°; smoothing=5-pt median; dark rows=1127
isha,2019-09-09,20:26,0,40.424604,-3.560279,0.0,Zamorano J. et al. (2019). TESS-W sky brightness network. Zenodo monthly archives. https://zenodo.org/records/3378728. CC0 1.0.,TESS station stars1; photometric inflection method; night median MSAS=17.72; MSAS at inflection=16.80; depression=21.19°; smoothing=5-pt median; dark rows=1129
fajr,2019-09-10,04:33,0,40.424604,-3.560279,0.0,Zamorano J. et al. (2019). TESS-W sky brightness network. Zenodo monthly archives. https://zenodo.org/records/3378728. CC0 1.0.,TESS station stars1; photometric inflection method; night median MSAS=17.72; MSAS at inflection=18.30; depression=14.81°; smoothing=5-pt median; dark rows=1129
isha,2019-09-10,19:42,0,40.424604,-3.560279,0.0,Zamorano J. et al. (2019). TESS-W sky brightness network. Zenodo monthly archives. https://zenodo.org/records/3378728. CC0 1.0.,TESS station stars1; photometric inflection method; night median MSAS=18.18; MSAS at inflection=16.16; depression=13.88°; smoothing=5-pt median; dark rows=1131
fajr,2019-09-11,05:13,0,40.424604,-3.560279,0.0,Zamorano J. et al. (2019). TESS-W sky brightness network. Zenodo monthly archives. https://zenodo.org/records/3378728. CC0 1.0.,TESS station stars1; photometric inflection method; night median MSAS=18.18; MSAS at inflection=16.27; depression=7.83°; smoothing=5-pt median; dark rows=1131
isha,2019-09-11,19:31,0,40.424604,-3.560279,0.0,Zamorano J. et al. (2019). TESS-W sky brightness network. Zenodo monthly archives. https://zenodo.org/records/3378728. CC0 1.0.,TESS station stars1; photometric inflection method; night median MSAS=18.06; MSAS at inflection=17.62; depression=12.18°; smoothing=5-pt median; dark rows=1132
isha,2019-09-12,19:07,0,40.424604,-3.560279,0.0,Zamorano J. et al. (2019). TESS-W sky brightness network. Zenodo monthly archives. https://zenodo.org/records/3378728. CC0 1.0.,TESS station stars1; photometric inflection method; night median MSAS=17.70; MSAS at inflection=15.94; depression=8.06°; smoothing=5-pt median; dark rows=1147
fajr,2019-09-13,05:17,0,40.424604,-3.560279,0.0,Zamorano J. et al. (2019). TESS-W sky brightness network. Zenodo monthly archives. https://zenodo.org/records/3378728. CC0 1.0.,TESS station stars1; photometric inflection method; night median MSAS=17.70; MSAS at inflection=15.39; depression=7.33°; smoothing=5-pt median; dark rows=1147
isha,2019-09-16,19:22,0,40.424604,-3.560279,0.0,Zamorano J. et al. (2019). TESS-W sky brightness network. Zenodo monthly archives. https://zenodo.org/records/3378728. CC0 1.0.,TESS station stars1; photometric inflection method; night median MSAS=17.55; MSAS at inflection=17.75; depression=12.17°; smoothing=5-pt median; dark rows=232
fajr,2019-09-17,05:04,0,40.424604,-3.560279,0.0,Zamorano J. et al. (2019). TESS-W sky brightness network. Zenodo monthly archives. https://zenodo.org/records/3378728. CC0 1.0.,TESS station stars1; photometric inflection method; night median MSAS=17.55; MSAS at inflection=16.58; depression=10.60°; smoothing=5-pt median; dark rows=232
fajr,2019-09-19,04:04,0,40.424604,-3.560279,0.0,Zamorano J. et al. (2019). TESS-W sky brightness network. Zenodo monthly archives. https://zenodo.org/records/3378728. CC0 1.0.,TESS station stars1; photometric inflection method; night median MSAS=17.76; MSAS at inflection=16.66; depression=21.91°; smoothing=5-pt median; dark rows=1179
fajr,2019-09-23,04:56,0,40.424604,-3.560279,0.0,Zamorano J. et al. (2019). TESS-W sky brightness network. Zenodo monthly archives. https://zenodo.org/records/3378728. CC0 1.0.,TESS station stars1; photometric inflection method; night median MSAS=18.41; MSAS at inflection=18.18; depression=13.23°; smoothing=5-pt median; dark rows=240
isha,2019-09-23,19:26,0,40.424604,-3.560279,0.0,Zamorano J. et al. (2019). TESS-W sky brightness network. Zenodo monthly archives. https://zenodo.org/records/3378728. CC0 1.0.,TESS station stars1; photometric inflection method; night median MSAS=18.41; MSAS at inflection=17.87; depression=15.24°; smoothing=5-pt median; dark rows=1197
fajr,2019-09-25,05:17,0,40.424604,-3.560279,0.0,Zamorano J. et al. (2019). TESS-W sky brightness network. Zenodo monthly archives. https://zenodo.org/records/3378728. CC0 1.0.,TESS station stars1; photometric inflection method; night median MSAS=18.47; MSAS at inflection=17.53; depression=9.63°; smoothing=5-pt median; dark rows=1205
fajr,2019-09-26,05:27,0,40.424604,-3.560279,0.0,Zamorano J. et al. (2019). TESS-W sky brightness network. Zenodo monthly archives. https://zenodo.org/records/3378728. CC0 1.0.,TESS station stars1; photometric inflection method; night median MSAS=18.52; MSAS at inflection=16.28; depression=7.95°; smoothing=5-pt median; dark rows=1011
isha,2019-09-26,18:53,0,40.424604,-3.560279,0.0,Zamorano J. et al. (2019). TESS-W sky brightness network. Zenodo monthly archives. https://zenodo.org/records/3378728. CC0 1.0.,TESS station stars1; photometric inflection method; night median MSAS=18.22; MSAS at inflection=17.48; depression=9.99°; smoothing=5-pt median; dark rows=61
isha,2019-09-27,18:41,0,40.424604,-3.560279,0.0,Zamorano J. et al. (2019). TESS-W sky brightness network. Zenodo monthly archives. https://zenodo.org/records/3378728. CC0 1.0.,TESS station stars1; photometric inflection method; night median MSAS=18.51; MSAS at inflection=16.04; depression=7.96°; smoothing=5-pt median; dark rows=1216
fajr,2019-09-28,05:20,0,40.424604,-3.560279,0.0,Zamorano J. et al. (2019). TESS-W sky brightness network. Zenodo monthly archives. https://zenodo.org/records/3378728. CC0 1.0.,TESS station stars1; photometric inflection method; night median MSAS=18.51; MSAS at inflection=17.50; depression=9.62°; smoothing=5-pt median; dark rows=1216
isha,2019-09-28,18:40,0,40.424604,-3.560279,0.0,Zamorano J. et al. (2019). TESS-W sky brightness network. Zenodo monthly archives. https://zenodo.org/records/3378728. CC0 1.0.,TESS station stars1; photometric inflection method; night median MSAS=18.48; MSAS at inflection=16.15; depression=8.09°; smoothing=5-pt median; dark rows=1191
fajr,2019-09-30,05:27,0,40.424604,-3.560279,0.0,Zamorano J. et al. (2019). TESS-W sky brightness network. Zenodo monthly archives. https://zenodo.org/records/3378728. CC0 1.0.,TESS station stars1; photometric inflection method; night median MSAS=18.47; MSAS at inflection=16.78; depression=8.69°; smoothing=5-pt median; dark rows=1240
fajr,2019-09-02,05:09,0,36.61,-4.52,0.0,Zamorano J. et al. (2019). TESS-W sky brightness network. Zenodo monthly archives. https://zenodo.org/records/3378728. CC0 1.0.,TESS station stars12; photometric inflection method; night median MSAS=18.61; MSAS at inflection=16.96; depression=8.76°; smoothing=5-pt median; dark rows=563
fajr,2019-09-03,04:09,0,38.3149,-5.28355,0.0,Zamorano J. et al. (2019). TESS-W sky brightness network. Zenodo monthly archives. https://zenodo.org/records/3378728. CC0 1.0.,TESS station stars15; photometric inflection method; night median MSAS=20.41; MSAS at inflection=20.43; depression=19.80°; smoothing=5-pt median; dark rows=563
fajr,2019-09-06,04:18,0,38.3149,-5.28355,0.0,Zamorano J. et al. (2019). TESS-W sky brightness network. Zenodo monthly archives. https://zenodo.org/records/3378728. CC0 1.0.,TESS station stars15; photometric inflection method; night median MSAS=20.34; MSAS at inflection=20.33; depression=18.84°; smoothing=5-pt median; dark rows=565
isha,2019-09-08,19:56,0,38.3149,-5.28355,0.0,Zamorano J. et al. (2019). TESS-W sky brightness network. Zenodo monthly archives. https://zenodo.org/records/3378728. CC0 1.0.,TESS station stars15; photometric inflection method; night median MSAS=19.57; MSAS at inflection=18.34; depression=15.25°; smoothing=5-pt median; dark rows=577
isha,2019-09-11,19:26,0,38.3149,-5.28355,0.0,Zamorano J. et al. (2019). TESS-W sky brightness network. Zenodo monthly archives. https://zenodo.org/records/3378728. CC0 1.0.,TESS station stars15; photometric inflection method; night median MSAS=18.32; MSAS at inflection=17.62; depression=10.52°; smoothing=5-pt median; dark rows=587
isha,2019-09-25,19:11,0,38.3149,-5.28355,0.0,Zamorano J. et al. (2019). TESS-W sky brightness network. Zenodo monthly archives. https://zenodo.org/records/3378728. CC0 1.0.,TESS station stars15; photometric inflection method; night median MSAS=20.57; MSAS at inflection=19.38; depression=12.16°; smoothing=5-pt median; dark rows=620
isha,2019-09-26,19:48,0,38.3149,-5.28355,0.0,Zamorano J. et al. (2019). TESS-W sky brightness network. Zenodo monthly archives. https://zenodo.org/records/3378728. CC0 1.0.,TESS station stars15; photometric inflection method; night median MSAS=20.54; MSAS at inflection=20.14; depression=19.49°; smoothing=5-pt median; dark rows=626
isha,2019-09-01,19:34,0,40.0418,-1.0163,0.0,Zamorano J. et al. (2019). TESS-W sky brightness network. Zenodo monthly archives. https://zenodo.org/records/3378728. CC0 1.0.,TESS station stars18; photometric inflection method; night median MSAS=21.63; MSAS at inflection=19.32; depression=11.53°; smoothing=5-pt median; dark rows=551
isha,2019-09-03,19:43,0,40.0418,-1.0163,0.0,Zamorano J. et al. (2019). TESS-W sky brightness network. Zenodo monthly archives. https://zenodo.org/records/3378728. CC0 1.0.,TESS station stars18; photometric inflection method; night median MSAS=21.83; MSAS at inflection=20.71; depression=13.81°; smoothing=5-pt median; dark rows=552
fajr,2019-09-04,04:11,0,40.0418,-1.0163,0.0,Zamorano J. et al. (2019). TESS-W sky brightness network. Zenodo monthly archives. https://zenodo.org/records/3378728. CC0 1.0.,TESS station stars18; photometric inflection method; night median MSAS=21.83; MSAS at inflection=21.72; depression=15.91°; smoothing=5-pt median; dark rows=552
fajr,2019-09-08,04:35,0,40.0418,-1.0163,0.0,Zamorano J. et al. (2019). TESS-W sky brightness network. Zenodo monthly archives. https://zenodo.org/records/3378728. CC0 1.0.,TESS station stars18; photometric inflection method; night median MSAS=21.37; MSAS at inflection=20.79; depression=12.43°; smoothing=5-pt median; dark rows=109
fajr,2019-09-09,03:51,0,40.0418,-1.0163,0.0,Zamorano J. et al. (2019). TESS-W sky brightness network. Zenodo monthly archives. https://zenodo.org/records/3378728. CC0 1.0.,TESS station stars18; photometric inflection method; night median MSAS=20.34; MSAS at inflection=21.46; depression=20.35°; smoothing=5-pt median; dark rows=570
fajr,2019-09-16,04:21,0,40.0418,-1.0163,0.0,Zamorano J. et al. (2019). TESS-W sky brightness network. Zenodo monthly archives. https://zenodo.org/records/3378728. CC0 1.0.,TESS station stars18; photometric inflection method; night median MSAS=17.58; MSAS at inflection=17.53; depression=16.62°; smoothing=5-pt median; dark rows=570
isha,2019-09-25,19:04,0,40.0418,-1.0163,0.0,Zamorano J. et al. (2019). TESS-W sky brightness network. Zenodo monthly archives. https://zenodo.org/records/3378728. CC0 1.0.,TESS station stars18; photometric inflection method; night median MSAS=21.33; MSAS at inflection=20.33; depression=13.70°; smoothing=5-pt median; dark rows=123
isha,2019-09-27,19:40,0,40.0418,-1.0163,0.0,Zamorano J. et al. (2019). TESS-W sky brightness network. Zenodo monthly archives. https://zenodo.org/records/3378728. CC0 1.0.,TESS station stars18; photometric inflection method; night median MSAS=21.39; MSAS at inflection=21.18; depression=21.13°; smoothing=5-pt median; dark rows=578
fajr,2019-09-01,05:16,-7,32.223877,-110.767532,0.0,Zamorano J. et al. (2019). TESS-W sky brightness network. Zenodo monthly archives. https://zenodo.org/records/3378728. CC0 1.0.,TESS station stars19; photometric inflection method; night median MSAS=19.02; MSAS at inflection=17.95; depression=9.43°; smoothing=5-pt median; dark rows=421
fajr,2019-09-04,04:56,-7,32.223877,-110.767532,0.0,Zamorano J. et al. (2019). TESS-W sky brightness network. Zenodo monthly archives. https://zenodo.org/records/3378728. CC0 1.0.,TESS station stars19; photometric inflection method; night median MSAS=20.27; MSAS at inflection=20.18; depression=13.91°; smoothing=5-pt median; dark rows=426
isha,2019-09-05,19:50,-7,32.223877,-110.767532,0.0,Zamorano J. et al. (2019). TESS-W sky brightness network. Zenodo monthly archives. https://zenodo.org/records/3378728. CC0 1.0.,TESS station stars19; photometric inflection method; night median MSAS=18.36; MSAS at inflection=16.82; depression=14.79°; smoothing=5-pt median; dark rows=414
isha,2019-09-06,20:02,-7,32.223877,-110.767532,0.0,Zamorano J. et al. (2019). TESS-W sky brightness network. Zenodo monthly archives. https://zenodo.org/records/3378728. CC0 1.0.,TESS station stars19; photometric inflection method; night median MSAS=19.52; MSAS at inflection=18.26; depression=17.55°; smoothing=5-pt median; dark rows=406
isha,2019-09-07,19:17,-7,32.223877,-110.767532,0.0,Zamorano J. et al. (2019). TESS-W sky brightness network. Zenodo monthly archives. https://zenodo.org/records/3378728. CC0 1.0.,TESS station stars19; photometric inflection method; night median MSAS=18.49; MSAS at inflection=16.54; depression=8.59°; smoothing=5-pt median; dark rows=436
fajr,2019-09-08,05:28,-7,32.223877,-110.767532,0.0,Zamorano J. et al. (2019). TESS-W sky brightness network. Zenodo monthly archives. https://zenodo.org/records/3378728. CC0 1.0.,TESS station stars19; photometric inflection method; night median MSAS=18.49; MSAS at inflection=16.08; depression=7.88°; smoothing=5-pt median; dark rows=436
fajr,2019-09-09,04:55,-7,32.223877,-110.767532,0.0,Zamorano J. et al. (2019). TESS-W sky brightness network. Zenodo monthly archives. https://zenodo.org/records/3378728. CC0 1.0.,TESS station stars19; photometric inflection method; night median MSAS=19.10; MSAS at inflection=20.16; depression=14.90°; smoothing=5-pt median; dark rows=412
isha,2019-09-09,20:08,-7,32.223877,-110.767532,0.0,Zamorano J. et al. (2019). TESS-W sky brightness network. Zenodo monthly archives. https://zenodo.org/records/3378728. CC0 1.0.,TESS station stars19; photometric inflection method; night median MSAS=19.14; MSAS at inflection=18.80; depression=19.72°; smoothing=5-pt median; dark rows=359
fajr,2019-09-10,05:25,-7,32.223877,-110.767532,0.0,Zamorano J. et al. (2019). TESS-W sky brightness network. Zenodo monthly archives. https://zenodo.org/records/3378728. CC0 1.0.,TESS station stars19; photometric inflection method; night median MSAS=19.14; MSAS at inflection=17.13; depression=8.74°; smoothing=5-pt median; dark rows=359
isha,2019-09-10,19:33,-7,32.223877,-110.767532,0.0,Zamorano J. et al. (2019). TESS-W sky brightness network. Zenodo monthly archives. https://zenodo.org/records/3378728. CC0 1.0.,TESS station stars19; photometric inflection method; night median MSAS=18.15; MSAS at inflection=18.43; depression=12.77°; smoothing=5-pt median; dark rows=405
fajr,2019-09-11,04:30,-7,32.223877,-110.767532,0.0,Zamorano J. et al. (2019). TESS-W sky brightness network. Zenodo monthly archives. https://zenodo.org/records/3378728. CC0 1.0.,TESS station stars19; photometric inflection method; night median MSAS=18.15; MSAS at inflection=17.96; depression=20.26°; smoothing=5-pt median; dark rows=405
isha,2019-09-11,19:18,-7,32.223877,-110.767532,0.0,Zamorano J. et al. (2019). TESS-W sky brightness network. Zenodo monthly archives. https://zenodo.org/records/3378728. CC0 1.0.,TESS station stars19; photometric inflection method; night median MSAS=18.75; MSAS at inflection=17.74; depression=10.07°; smoothing=5-pt median; dark rows=426
fajr,2019-09-12,05:21,-7,32.223877,-110.767532,0.0,Zamorano J. et al. (2019). TESS-W sky brightness network. Zenodo monthly archives. https://zenodo.org/records/3378728. CC0 1.0.,TESS station stars19; photometric inflection method; night median MSAS=18.75; MSAS at inflection=18.25; depression=9.90°; smoothing=5-pt median; dark rows=426
fajr,2019-09-13,05:25,-7,32.223877,-110.767532,0.0,Zamorano J. et al. (2019). TESS-W sky brightness network. Zenodo monthly archives. https://zenodo.org/records/3378728. CC0 1.0.,TESS station stars19; photometric inflection method; night median MSAS=18.10; MSAS at inflection=17.90; depression=9.20°; smoothing=5-pt median; dark rows=398
fajr,2019-09-16,05:24,-7,32.223877,-110.767532,0.0,Zamorano J. et al. (2019). TESS-W sky brightness network. Zenodo monthly archives. https://zenodo.org/records/3378728. CC0 1.0.,TESS station stars19; photometric inflection method; night median MSAS=18.55; MSAS at inflection=18.28; depression=9.94°; smoothing=5-pt median; dark rows=550
isha,2019-09-16,18:55,-7,32.223877,-110.767532,0.0,Zamorano J. et al. (2019). TESS-W sky brightness network. Zenodo monthly archives. https://zenodo.org/records/3378728. CC0 1.0.,TESS station stars19; photometric inflection method; night median MSAS=17.75; MSAS at inflection=16.24; depression=6.54°; smoothing=5-pt median; dark rows=458
isha,2019-09-17,19:09,-7,32.223877,-110.767532,0.0,Zamorano J. et al. (2019). TESS-W sky brightness network. Zenodo monthly archives. https://zenodo.org/records/3378728. CC0 1.0.,TESS station stars19; photometric inflection method; night median MSAS=18.34; MSAS at inflection=17.63; depression=9.79°; smoothing=5-pt median; dark rows=475
fajr,2019-09-18,05:23,-7,32.223877,-110.767532,0.0,Zamorano J. et al. (2019). TESS-W sky brightness network. Zenodo monthly archives. https://zenodo.org/records/3378728. CC0 1.0.,TESS station stars19; photometric inflection method; night median MSAS=18.34; MSAS at inflection=17.19; depression=10.23°; smoothing=5-pt median; dark rows=475
fajr,2019-09-19,05:33,-7,32.223877,-110.767532,0.0,Zamorano J. et al. (2019). TESS-W sky brightness network. Zenodo monthly archives. https://zenodo.org/records/3378728. CC0 1.0.,TESS station stars19; photometric inflection method; night median MSAS=18.56; MSAS at inflection=16.29; depression=8.27°; smoothing=5-pt median; dark rows=452
isha,2019-09-19,19:27,-7,32.223877,-110.767532,0.0,Zamorano J. et al. (2019). TESS-W sky brightness network. Zenodo monthly archives. https://zenodo.org/records/3378728. CC0 1.0.,TESS station stars19; photometric inflection method; night median MSAS=19.80; MSAS at inflection=19.85; depression=14.19°; smoothing=5-pt median; dark rows=481
isha,2019-09-22,19:54,-7,32.223877,-110.767532,0.0,Zamorano J. et al. (2019). TESS-W sky brightness network. Zenodo monthly archives. https://zenodo.org/records/3378728. CC0 1.0.,TESS station stars19; photometric inflection method; night median MSAS=18.16; MSAS at inflection=18.42; depression=20.58°; smoothing=5-pt median; dark rows=507
fajr,2019-09-23,05:13,-7,32.223877,-110.767532,0.0,Zamorano J. et al. (2019). TESS-W sky brightness network. Zenodo monthly archives. https://zenodo.org/records/3378728. CC0 1.0.,TESS station stars19; photometric inflection method; night median MSAS=18.16; MSAS at inflection=17.90; depression=13.11°; smoothing=5-pt median; dark rows=507
fajr,2019-09-24,04:39,-7,32.223877,-110.767532,0.0,Zamorano J. et al. (2019). TESS-W sky brightness network. Zenodo monthly archives. https://zenodo.org/records/3378728. CC0 1.0.,TESS station stars19; photometric inflection method; night median MSAS=19.54; MSAS at inflection=19.24; depression=20.41°; smoothing=5-pt median; dark rows=508
isha,2019-09-24,18:56,-7,32.223877,-110.767532,0.0,Zamorano J. et al. (2019). TESS-W sky brightness network. Zenodo monthly archives. https://zenodo.org/records/3378728. CC0 1.0.,TESS station stars19; photometric inflection method; night median MSAS=18.91; MSAS at inflection=17.10; depression=9.19°; smoothing=5-pt median; dark rows=472
fajr,2019-09-25,05:25,-7,32.223877,-110.767532,0.0,Zamorano J. et al. (2019). TESS-W sky brightness network. Zenodo monthly archives. https://zenodo.org/records/3378728. CC0 1.0.,TESS station stars19; photometric inflection method; night median MSAS=18.91; MSAS at inflection=18.24; depression=10.84°; smoothing=5-pt median; dark rows=472
fajr,2019-09-26,05:27,-7,32.223877,-110.767532,0.0,Zamorano J. et al. (2019). TESS-W sky brightness network. Zenodo monthly archives. https://zenodo.org/records/3378728. CC0 1.0.,TESS station stars19; photometric inflection method; night median MSAS=19.74; MSAS at inflection=18.57; depression=10.53°; smoothing=5-pt median; dark rows=445
fajr,2019-09-27,04:37,-7,32.223877,-110.767532,0.0,Zamorano J. et al. (2019). TESS-W sky brightness network. Zenodo monthly archives. https://zenodo.org/records/3378728. CC0 1.0.,TESS station stars19; photometric inflection method; night median MSAS=20.08; MSAS at inflection=20.06; depression=21.19°; smoothing=5-pt median; dark rows=492
fajr,2019-09-28,05:26,-7,32.223877,-110.767532,0.0,Zamorano J. et al. (2019). TESS-W sky brightness network. Zenodo monthly archives. https://zenodo.org/records/3378728. CC0 1.0.,TESS station stars19; photometric inflection method; night median MSAS=20.38; MSAS at inflection=19.00; depression=11.07°; smoothing=5-pt median; dark rows=558
fajr,2019-09-29,05:25,-7,32.223877,-110.767532,0.0,Zamorano J. et al. (2019). TESS-W sky brightness network. Zenodo monthly archives. https://zenodo.org/records/3378728. CC0 1.0.,TESS station stars19; photometric inflection method; night median MSAS=20.31; MSAS at inflection=19.23; depression=11.46°; smoothing=5-pt median; dark rows=561
isha,2019-09-29,19:00,-7,32.223877,-110.767532,0.0,Zamorano J. et al. (2019). TESS-W sky brightness network. Zenodo monthly archives. https://zenodo.org/records/3378728. CC0 1.0.,TESS station stars19; photometric inflection method; night median MSAS=20.38; MSAS at inflection=18.73; depression=11.37°; smoothing=5-pt median; dark rows=535
isha,2019-09-01,20:02,0,41.001299,-2.492408,0.0,Zamorano J. et al. (2019). TESS-W sky brightness network. Zenodo monthly archives. https://zenodo.org/records/3378728. CC0 1.0.,TESS station stars2; photometric inflection method; night median MSAS=21.12; MSAS at inflection=20.54; depression=14.98°; smoothing=5-pt median; dark rows=526
fajr,2019-09-02,03:41,0,41.001299,-2.492408,0.0,Zamorano J. et al. (2019). TESS-W sky brightness network. Zenodo monthly archives. https://zenodo.org/records/3378728. CC0 1.0.,TESS station stars2; photometric inflection method; night median MSAS=21.12; MSAS at inflection=21.45; depression=21.09°; smoothing=5-pt median; dark rows=526
isha,2019-09-02,19:45,0,41.001299,-2.492408,0.0,Zamorano J. et al. (2019). TESS-W sky brightness network. Zenodo monthly archives. https://zenodo.org/records/3378728. CC0 1.0.,TESS station stars2; photometric inflection method; night median MSAS=21.27; MSAS at inflection=19.76; depression=12.31°; smoothing=5-pt median; dark rows=543
fajr,2019-09-03,04:40,0,41.001299,-2.492408,0.0,Zamorano J. et al. (2019). TESS-W sky brightness network. Zenodo monthly archives. https://zenodo.org/records/3378728. CC0 1.0.,TESS station stars2; photometric inflection method; night median MSAS=21.27; MSAS at inflection=19.55; depression=11.37°; smoothing=5-pt median; dark rows=543
isha,2019-09-05,19:46,0,41.001299,-2.492408,0.0,Zamorano J. et al. (2019). TESS-W sky brightness network. Zenodo monthly archives. https://zenodo.org/records/3378728. CC0 1.0.,TESS station stars2; photometric inflection method; night median MSAS=21.07; MSAS at inflection=20.13; depression=13.60°; smoothing=5-pt median; dark rows=543
fajr,2019-09-11,04:59,0,41.001299,-2.492408,0.0,Zamorano J. et al. (2019). TESS-W sky brightness network. Zenodo monthly archives. https://zenodo.org/records/3378728. CC0 1.0.,TESS station stars2; photometric inflection method; night median MSAS=19.20; MSAS at inflection=18.17; depression=9.48°; smoothing=5-pt median; dark rows=561
fajr,2019-09-13,04:15,0,41.001299,-2.492408,0.0,Zamorano J. et al. (2019). TESS-W sky brightness network. Zenodo monthly archives. https://zenodo.org/records/3378728. CC0 1.0.,TESS station stars2; photometric inflection method; night median MSAS=18.56; MSAS at inflection=19.69; depression=17.70°; smoothing=5-pt median; dark rows=556
isha,2019-09-17,18:48,0,41.001299,-2.492408,0.0,Zamorano J. et al. (2019). TESS-W sky brightness network. Zenodo monthly archives. https://zenodo.org/records/3378728. CC0 1.0.,TESS station stars2; photometric inflection method; night median MSAS=18.70; MSAS at inflection=17.92; depression=6.85°; smoothing=5-pt median; dark rows=530
fajr,2019-09-18,04:10,0,41.001299,-2.492408,0.0,Zamorano J. et al. (2019). TESS-W sky brightness network. Zenodo monthly archives. https://zenodo.org/records/3378728. CC0 1.0.,TESS station stars2; photometric inflection method; night median MSAS=18.70; MSAS at inflection=17.36; depression=19.71°; smoothing=5-pt median; dark rows=530
isha,2019-09-18,19:10,0,41.001299,-2.492408,0.0,Zamorano J. et al. (2019). TESS-W sky brightness network. Zenodo monthly archives. https://zenodo.org/records/3378728. CC0 1.0.,TESS station stars2; photometric inflection method; night median MSAS=19.42; MSAS at inflection=19.50; depression=11.20°; smoothing=5-pt median; dark rows=593
isha,2019-09-19,19:29,0,41.001299,-2.492408,0.0,Zamorano J. et al. (2019). TESS-W sky brightness network. Zenodo monthly archives. https://zenodo.org/records/3378728. CC0 1.0.,TESS station stars2; photometric inflection method; night median MSAS=19.92; MSAS at inflection=21.01; depression=15.16°; smoothing=5-pt median; dark rows=595
isha,2019-09-22,19:50,0,41.001299,-2.492408,0.0,Zamorano J. et al. (2019). TESS-W sky brightness network. Zenodo monthly archives. https://zenodo.org/records/3378728. CC0 1.0.,TESS station stars2; photometric inflection method; night median MSAS=20.70; MSAS at inflection=21.04; depression=19.79°; smoothing=5-pt median; dark rows=554
fajr,2019-09-23,05:11,0,41.001299,-2.492408,0.0,Zamorano J. et al. (2019). TESS-W sky brightness network. Zenodo monthly archives. https://zenodo.org/records/3378728. CC0 1.0.,TESS station stars2; photometric inflection method; night median MSAS=20.70; MSAS at inflection=18.35; depression=9.64°; smoothing=5-pt median; dark rows=554
isha,2019-09-25,19:26,0,41.001299,-2.492408,0.0,Zamorano J. et al. (2019). TESS-W sky brightness network. Zenodo monthly archives. https://zenodo.org/records/3378728. CC0 1.0.,TESS station stars2; photometric inflection method; night median MSAS=21.21; MSAS at inflection=21.12; depression=16.48°; smoothing=5-pt median; dark rows=608
fajr,2019-09-26,05:10,0,41.001299,-2.492408,0.0,Zamorano J. et al. (2019). TESS-W sky brightness network. Zenodo monthly archives. https://zenodo.org/records/3378728. CC0 1.0.,TESS station stars2; photometric inflection method; night median MSAS=21.21; MSAS at inflection=18.92; depression=10.35°; smoothing=5-pt median; dark rows=608
isha,2019-09-26,19:16,0,41.001299,-2.492408,0.0,Zamorano J. et al. (2019). TESS-W sky brightness network. Zenodo monthly archives. https://zenodo.org/records/3378728. CC0 1.0.,TESS station stars2; photometric inflection method; night median MSAS=21.16; MSAS at inflection=21.01; depression=14.92°; smoothing=5-pt median; dark rows=614
fajr,2019-09-27,05:04,0,41.001299,-2.492408,0.0,Zamorano J. et al. (2019). TESS-W sky brightness network. Zenodo monthly archives. https://zenodo.org/records/3378728. CC0 1.0.,TESS station stars2; photometric inflection method; night median MSAS=21.16; MSAS at inflection=19.62; depression=11.69°; smoothing=5-pt median; dark rows=614
isha,2019-09-28,19:06,0,41.001299,-2.492408,0.0,Zamorano J. et al. (2019). TESS-W sky brightness network. Zenodo monthly archives. https://zenodo.org/records/3378728. CC0 1.0.,TESS station stars2; photometric inflection method; night median MSAS=21.27; MSAS at inflection=20.73; depression=13.75°; smoothing=5-pt median; dark rows=599
fajr,2019-09-01,04:54,0,38.755452,-6.984508,0.0,Zamorano J. et al. (2019). TESS-W sky brightness network. Zenodo monthly archives. https://zenodo.org/records/3378728. CC0 1.0.,TESS station stars201; photometric inflection method; night median MSAS=20.94; MSAS at inflection=20.10; depression=12.37°; smoothing=5-pt median; dark rows=307
fajr,2019-09-02,05:01,0,38.755452,-6.984508,0.0,Zamorano J. et al. (2019). TESS-W sky brightness network. Zenodo monthly archives. https://zenodo.org/records/3378728. CC0 1.0.,TESS station stars201; photometric inflection method; night median MSAS=20.83; MSAS at inflection=19.49; depression=11.35°; smoothing=5-pt median; dark rows=559
isha,2019-09-02,20:06,0,38.755452,-6.984508,0.0,Zamorano J. et al. (2019). TESS-W sky brightness network. Zenodo monthly archives. https://zenodo.org/records/3378728. CC0 1.0.,TESS station stars201; photometric inflection method; night median MSAS=20.81; MSAS at inflection=20.25; depression=13.78°; smoothing=5-pt median; dark rows=562
isha,2019-09-03,19:59,0,38.755452,-6.984508,0.0,Zamorano J. et al. (2019). TESS-W sky brightness network. Zenodo monthly archives. https://zenodo.org/records/3378728. CC0 1.0.,TESS station stars201; photometric inflection method; night median MSAS=20.80; MSAS at inflection=19.74; depression=12.82°; smoothing=5-pt median; dark rows=565
isha,2019-09-04,19:57,0,38.755452,-6.984508,0.0,Zamorano J. et al. (2019). TESS-W sky brightness network. Zenodo monthly archives. https://zenodo.org/records/3378728. CC0 1.0.,TESS station stars201; photometric inflection method; night median MSAS=20.83; MSAS at inflection=19.64; depression=12.76°; smoothing=5-pt median; dark rows=566
fajr,2019-09-06,04:46,0,38.755452,-6.984508,0.0,Zamorano J. et al. (2019). TESS-W sky brightness network. Zenodo monthly archives. https://zenodo.org/records/3378728. CC0 1.0.,TESS station stars201; photometric inflection method; night median MSAS=20.84; MSAS at inflection=20.70; depression=14.85°; smoothing=5-pt median; dark rows=571
isha,2019-09-06,19:50,0,38.755452,-6.984508,0.0,Zamorano J. et al. (2019). TESS-W sky brightness network. Zenodo monthly archives. https://zenodo.org/records/3378728. CC0 1.0.,TESS station stars201; photometric inflection method; night median MSAS=20.85; MSAS at inflection=19.16; depression=12.08°; smoothing=5-pt median; dark rows=573
isha,2019-09-07,19:56,0,38.755452,-6.984508,0.0,Zamorano J. et al. (2019). TESS-W sky brightness network. Zenodo monthly archives. https://zenodo.org/records/3378728. CC0 1.0.,TESS station stars201; photometric inflection method; night median MSAS=20.49; MSAS at inflection=19.30; depression=13.56°; smoothing=5-pt median; dark rows=577
isha,2019-09-08,19:41,0,38.755452,-6.984508,0.0,Zamorano J. et al. (2019). TESS-W sky brightness network. Zenodo monthly archives. https://zenodo.org/records/3378728. CC0 1.0.,TESS station stars201; photometric inflection method; night median MSAS=19.96; MSAS at inflection=17.94; depression=11.01°; smoothing=5-pt median; dark rows=578
isha,2019-09-09,20:18,0,38.755452,-6.984508,0.0,Zamorano J. et al. (2019). TESS-W sky brightness network. Zenodo monthly archives. https://zenodo.org/records/3378728. CC0 1.0.,TESS station stars201; photometric inflection method; night median MSAS=19.57; MSAS at inflection=19.04; depression=18.14°; smoothing=5-pt median; dark rows=582
fajr,2019-09-10,05:10,0,38.755452,-6.984508,0.0,Zamorano J. et al. (2019). TESS-W sky brightness network. Zenodo monthly archives. https://zenodo.org/records/3378728. CC0 1.0.,TESS station stars201; photometric inflection method; night median MSAS=19.57; MSAS at inflection=19.70; depression=11.24°; smoothing=5-pt median; dark rows=582
isha,2019-09-10,19:37,0,38.755452,-6.984508,0.0,Zamorano J. et al. (2019). TESS-W sky brightness network. Zenodo monthly archives. https://zenodo.org/records/3378728. CC0 1.0.,TESS station stars201; photometric inflection method; night median MSAS=19.13; MSAS at inflection=18.15; depression=10.97°; smoothing=5-pt median; dark rows=584
fajr,2019-09-11,04:53,0,38.755452,-6.984508,0.0,Zamorano J. et al. (2019). TESS-W sky brightness network. Zenodo monthly archives. https://zenodo.org/records/3378728. CC0 1.0.,TESS station stars201; photometric inflection method; night median MSAS=19.13; MSAS at inflection=20.80; depression=14.43°; smoothing=5-pt median; dark rows=584
isha,2019-09-11,20:10,0,38.755452,-6.984508,0.0,Zamorano J. et al. (2019). TESS-W sky brightness network. Zenodo monthly archives. https://zenodo.org/records/3378728. CC0 1.0.,TESS station stars201; photometric inflection method; night median MSAS=18.80; MSAS at inflection=18.93; depression=17.40°; smoothing=5-pt median; dark rows=585
isha,2019-09-12,19:35,0,38.755452,-6.984508,0.0,Zamorano J. et al. (2019). TESS-W sky brightness network. Zenodo monthly archives. https://zenodo.org/records/3378728. CC0 1.0.,TESS station stars201; photometric inflection method; night median MSAS=18.39; MSAS at inflection=18.33; depression=11.15°; smoothing=5-pt median; dark rows=590
isha,2019-09-14,20:17,0,38.755452,-6.984508,0.0,Zamorano J. et al. (2019). TESS-W sky brightness network. Zenodo monthly archives. https://zenodo.org/records/3378728. CC0 1.0.,TESS station stars201; photometric inflection method; night median MSAS=17.69; MSAS at inflection=18.16; depression=19.64°; smoothing=5-pt median; dark rows=594
isha,2019-09-15,19:58,0,38.755452,-6.984508,0.0,Zamorano J. et al. (2019). TESS-W sky brightness network. Zenodo monthly archives. https://zenodo.org/records/3378728. CC0 1.0.,TESS station stars201; photometric inflection method; night median MSAS=17.74; MSAS at inflection=20.03; depression=16.46°; smoothing=5-pt median; dark rows=596
fajr,2019-09-16,04:50,0,38.755452,-6.984508,0.0,Zamorano J. et al. (2019). TESS-W sky brightness network. Zenodo monthly archives. https://zenodo.org/records/3378728. CC0 1.0.,TESS station stars201; photometric inflection method; night median MSAS=17.74; MSAS at inflection=17.06; depression=16.01°; smoothing=5-pt median; dark rows=596
isha,2019-09-16,20:22,0,38.755452,-6.984508,0.0,Zamorano J. et al. (2019). TESS-W sky brightness network. Zenodo monthly archives. https://zenodo.org/records/3378728. CC0 1.0.,TESS station stars201; photometric inflection method; night median MSAS=17.64; MSAS at inflection=20.12; depression=21.19°; smoothing=5-pt median; dark rows=598
fajr,2019-09-19,05:29,0,38.755452,-6.984508,0.0,Zamorano J. et al. (2019). TESS-W sky brightness network. Zenodo monthly archives. https://zenodo.org/records/3378728. CC0 1.0.,TESS station stars201; photometric inflection method; night median MSAS=18.89; MSAS at inflection=16.93; depression=9.12°; smoothing=5-pt median; dark rows=605
isha,2019-09-19,19:56,0,38.755452,-6.984508,0.0,Zamorano J. et al. (2019). TESS-W sky brightness network. Zenodo monthly archives. https://zenodo.org/records/3378728. CC0 1.0.,TESS station stars201; photometric inflection method; night median MSAS=19.20; MSAS at inflection=20.00; depression=17.32°; smoothing=5-pt median; dark rows=607
fajr,2019-09-20,04:29,0,38.755452,-6.984508,0.0,Zamorano J. et al. (2019). TESS-W sky brightness network. Zenodo monthly archives. https://zenodo.org/records/3378728. CC0 1.0.,TESS station stars201; photometric inflection method; night median MSAS=19.20; MSAS at inflection=17.24; depression=20.61°; smoothing=5-pt median; dark rows=607
fajr,2019-09-07,04:43,0,39.322867,-4.950505,0.0,Zamorano J. et al. (2019). TESS-W sky brightness network. Zenodo monthly archives. https://zenodo.org/records/3378728. CC0 1.0.,TESS station stars202; photometric inflection method; night median MSAS=21.57; MSAS at inflection=21.15; depression=13.91°; smoothing=5-pt median; dark rows=298
isha,2019-09-09,19:57,0,39.322867,-4.950505,0.0,Zamorano J. et al. (2019). TESS-W sky brightness network. Zenodo monthly archives. https://zenodo.org/records/3378728. CC0 1.0.,TESS station stars202; photometric inflection method; night median MSAS=19.56; MSAS at inflection=18.24; depression=15.71°; smoothing=5-pt median; dark rows=569
fajr,2019-09-10,04:58,0,39.322867,-4.950505,0.0,Zamorano J. et al. (2019). TESS-W sky brightness network. Zenodo monthly archives. https://zenodo.org/records/3378728. CC0 1.0.,TESS station stars202; photometric inflection method; night median MSAS=19.56; MSAS at inflection=19.96; depression=11.70°; smoothing=5-pt median; dark rows=569
isha,2019-09-10,19:30,0,39.322867,-4.950505,0.0,Zamorano J. et al. (2019). TESS-W sky brightness network. Zenodo monthly archives. https://zenodo.org/records/3378728. CC0 1.0.,TESS station stars202; photometric inflection method; night median MSAS=18.59; MSAS at inflection=17.21; depression=10.97°; smoothing=5-pt median; dark rows=169
isha,2019-09-13,19:15,0,39.322867,-4.950505,0.0,Zamorano J. et al. (2019). TESS-W sky brightness network. Zenodo monthly archives. https://zenodo.org/records/3378728. CC0 1.0.,TESS station stars202; photometric inflection method; night median MSAS=17.51; MSAS at inflection=17.51; depression=9.06°; smoothing=5-pt median; dark rows=481
isha,2019-09-14,19:48,0,39.322867,-4.950505,0.0,Zamorano J. et al. (2019). TESS-W sky brightness network. Zenodo monthly archives. https://zenodo.org/records/3378728. CC0 1.0.,TESS station stars202; photometric inflection method; night median MSAS=18.66; MSAS at inflection=19.27; depression=15.61°; smoothing=5-pt median; dark rows=107
fajr,2019-09-19,05:07,0,39.322867,-4.950505,0.0,Zamorano J. et al. (2019). TESS-W sky brightness network. Zenodo monthly archives. https://zenodo.org/records/3378728. CC0 1.0.,TESS station stars202; photometric inflection method; night median MSAS=17.59; MSAS at inflection=17.60; depression=11.69°; smoothing=5-pt median; dark rows=309
fajr,2019-09-20,04:32,0,39.322867,-4.950505,0.0,Zamorano J. et al. (2019). TESS-W sky brightness network. Zenodo monthly archives. https://zenodo.org/records/3378728. CC0 1.0.,TESS station stars202; photometric inflection method; night median MSAS=17.80; MSAS at inflection=17.45; depression=18.40°; smoothing=5-pt median; dark rows=309
fajr,2019-09-22,05:19,0,39.322867,-4.950505,0.0,Zamorano J. et al. (2019). TESS-W sky brightness network. Zenodo monthly archives. https://zenodo.org/records/3378728. CC0 1.0.,TESS station stars202; photometric inflection method; night median MSAS=20.27; MSAS at inflection=18.13; depression=9.98°; smoothing=5-pt median; dark rows=601
fajr,2019-09-26,05:05,0,39.322867,-4.950505,0.0,Zamorano J. et al. (2019). TESS-W sky brightness network. Zenodo monthly archives. https://zenodo.org/records/3378728. CC0 1.0.,TESS station stars202; photometric inflection method; night median MSAS=21.47; MSAS at inflection=20.70; depression=13.40°; smoothing=5-pt median; dark rows=316
fajr,2019-09-27,05:06,0,39.322867,-4.950505,0.0,Zamorano J. et al. (2019). TESS-W sky brightness network. Zenodo monthly archives. https://zenodo.org/records/3378728. CC0 1.0.,TESS station stars202; photometric inflection method; night median MSAS=21.33; MSAS at inflection=20.53; depression=13.42°; smoothing=5-pt median; dark rows=294
fajr,2019-09-28,04:35,0,39.322867,-4.950505,0.0,Zamorano J. et al. (2019). TESS-W sky brightness network. Zenodo monthly archives. https://zenodo.org/records/3378728. CC0 1.0.,TESS station stars202; photometric inflection method; night median MSAS=21.23; MSAS at inflection=20.99; depression=19.47°; smoothing=5-pt median; dark rows=312
fajr,2019-09-29,04:24,0,39.322867,-4.950505,0.0,Zamorano J. et al. (2019). TESS-W sky brightness network. Zenodo monthly archives. https://zenodo.org/records/3378728. CC0 1.0.,TESS station stars202; photometric inflection method; night median MSAS=21.38; MSAS at inflection=21.29; depression=21.71°; smoothing=5-pt median; dark rows=319
fajr,2019-09-03,05:18,1,-33.92109,18.42043,0.0,Zamorano J. et al. (2019). TESS-W sky brightness network. Zenodo monthly archives. https://zenodo.org/records/3378728. CC0 1.0.,TESS station stars203; photometric inflection method; night median MSAS=18.05; MSAS at inflection=17.15; depression=9.84°; smoothing=5-pt median; dark rows=537
isha,2019-09-05,18:43,1,-33.92109,18.42043,0.0,Zamorano J. et al. (2019). TESS-W sky brightness network. Zenodo monthly archives. https://zenodo.org/records/3378728. CC0 1.0.,TESS station stars203; photometric inflection method; night median MSAS=18.12; MSAS at inflection=17.64; depression=15.77°; smoothing=5-pt median; dark rows=658
isha,2019-09-16,18:13,1,-33.92109,18.42043,0.0,Zamorano J. et al. (2019). TESS-W sky brightness network. Zenodo monthly archives. https://zenodo.org/records/3378728. CC0 1.0.,TESS station stars203; photometric inflection method; night median MSAS=17.55; MSAS at inflection=15.90; depression=8.23°; smoothing=5-pt median; dark rows=636
fajr,2019-09-17,04:05,1,-33.92109,18.42043,0.0,Zamorano J. et al. (2019). TESS-W sky brightness network. Zenodo monthly archives. https://zenodo.org/records/3378728. CC0 1.0.,TESS station stars203; photometric inflection method; night median MSAS=17.55; MSAS at inflection=17.60; depression=21.03°; smoothing=5-pt median; dark rows=636
isha,2019-09-17,18:37,1,-33.92109,18.42043,0.0,Zamorano J. et al. (2019). TESS-W sky brightness network. Zenodo monthly archives. https://zenodo.org/records/3378728. CC0 1.0.,TESS station stars203; photometric inflection method; night median MSAS=17.51; MSAS at inflection=17.71; depression=12.91°; smoothing=5-pt median; dark rows=633
isha,2019-09-01,19:08,-8,31.0435,-115.4641,0.0,Zamorano J. et al. (2019). TESS-W sky brightness network. Zenodo monthly archives. https://zenodo.org/records/3378728. CC0 1.0.,TESS station stars213; photometric inflection method; night median MSAS=21.63; MSAS at inflection=20.75; depression=13.88°; smoothing=5-pt median; dark rows=582
fajr,2019-09-05,04:27,-8,31.0435,-115.4641,0.0,Zamorano J. et al. (2019). TESS-W sky brightness network. Zenodo monthly archives. https://zenodo.org/records/3378728. CC0 1.0.,TESS station stars213; photometric inflection method; night median MSAS=21.55; MSAS at inflection=19.71; depression=11.81°; smoothing=5-pt median; dark rows=584
isha,2019-09-06,19:09,-8,31.0435,-115.4641,0.0,Zamorano J. et al. (2019). TESS-W sky brightness network. Zenodo monthly archives. https://zenodo.org/records/3378728. CC0 1.0.,TESS station stars213; photometric inflection method; night median MSAS=21.22; MSAS at inflection=19.95; depression=15.64°; smoothing=5-pt median; dark rows=593
fajr,2019-09-07,04:22,-8,31.0435,-115.4641,0.0,Zamorano J. et al. (2019). TESS-W sky brightness network. Zenodo monthly archives. https://zenodo.org/records/3378728. CC0 1.0.,TESS station stars213; photometric inflection method; night median MSAS=21.22; MSAS at inflection=20.78; depression=13.29°; smoothing=5-pt median; dark rows=593
fajr,2019-09-09,04:12,-8,31.0435,-115.4641,0.0,Zamorano J. et al. (2019). TESS-W sky brightness network. Zenodo monthly archives. https://zenodo.org/records/3378728. CC0 1.0.,TESS station stars213; photometric inflection method; night median MSAS=20.27; MSAS at inflection=21.35; depression=15.60°; smoothing=5-pt median; dark rows=595
isha,2019-09-09,18:47,-8,31.0435,-115.4641,0.0,Zamorano J. et al. (2019). TESS-W sky brightness network. Zenodo monthly archives. https://zenodo.org/records/3378728. CC0 1.0.,TESS station stars213; photometric inflection method; night median MSAS=19.69; MSAS at inflection=18.67; depression=11.94°; smoothing=5-pt median; dark rows=597
isha,2019-09-10,18:55,-8,31.0435,-115.4641,0.0,Zamorano J. et al. (2019). TESS-W sky brightness network. Zenodo monthly archives. https://zenodo.org/records/3378728. CC0 1.0.,TESS station stars213; photometric inflection method; night median MSAS=19.19; MSAS at inflection=19.15; depression=13.88°; smoothing=5-pt median; dark rows=599
fajr,2019-09-13,04:11,-8,31.0435,-115.4641,0.0,Zamorano J. et al. (2019). TESS-W sky brightness network. Zenodo monthly archives. https://zenodo.org/records/3378728. CC0 1.0.,TESS station stars213; photometric inflection method; night median MSAS=18.48; MSAS at inflection=19.91; depression=16.39°; smoothing=5-pt median; dark rows=602
isha,2019-09-13,18:29,-8,31.0435,-115.4641,0.0,Zamorano J. et al. (2019). TESS-W sky brightness network. Zenodo monthly archives. https://zenodo.org/records/3378728. CC0 1.0.,TESS station stars213; photometric inflection method; night median MSAS=18.21; MSAS at inflection=17.14; depression=9.29°; smoothing=5-pt median; dark rows=607
isha,2019-09-14,18:37,-8,31.0435,-115.4641,0.0,Zamorano J. et al. (2019). TESS-W sky brightness network. Zenodo monthly archives. https://zenodo.org/records/3378728. CC0 1.0.,TESS station stars213; photometric inflection method; night median MSAS=18.29; MSAS at inflection=19.11; depression=11.26°; smoothing=5-pt median; dark rows=608
fajr,2019-09-15,04:53,-8,31.0435,-115.4641,0.0,Zamorano J. et al. (2019). TESS-W sky brightness network. Zenodo monthly archives. https://zenodo.org/records/3378728. CC0 1.0.,TESS station stars213; photometric inflection method; night median MSAS=18.29; MSAS at inflection=15.82; depression=7.70°; smoothing=5-pt median; dark rows=608
isha,2019-09-15,18:20,-8,31.0435,-115.4641,0.0,Zamorano J. et al. (2019). TESS-W sky brightness network. Zenodo monthly archives. https://zenodo.org/records/3378728. CC0 1.0.,TESS station stars213; photometric inflection method; night median MSAS=17.76; MSAS at inflection=16.24; depression=7.77°; smoothing=5-pt median; dark rows=608
isha,2019-09-17,18:48,-8,31.0435,-115.4641,0.0,Zamorano J. et al. (2019). TESS-W sky brightness network. Zenodo monthly archives. https://zenodo.org/records/3378728. CC0 1.0.,TESS station stars213; photometric inflection method; night median MSAS=18.53; MSAS at inflection=20.79; depression=14.30°; smoothing=5-pt median; dark rows=613
isha,2019-09-18,18:45,-8,31.0435,-115.4641,0.0,Zamorano J. et al. (2019). TESS-W sky brightness network. Zenodo monthly archives. https://zenodo.org/records/3378728. CC0 1.0.,TESS station stars213; photometric inflection method; night median MSAS=19.34; MSAS at inflection=20.69; depression=14.06°; smoothing=5-pt median; dark rows=596
fajr,2019-09-21,03:49,-8,31.0435,-115.4641,0.0,Zamorano J. et al. (2019). TESS-W sky brightness network. Zenodo monthly archives. https://zenodo.org/records/3378728. CC0 1.0.,TESS station stars213; photometric inflection method; night median MSAS=18.12; MSAS at inflection=17.54; depression=21.94°; smoothing=5-pt median; dark rows=158
fajr,2019-09-27,04:43,-8,31.0435,-115.4641,0.0,Zamorano J. et al. (2019). TESS-W sky brightness network. Zenodo monthly archives. https://zenodo.org/records/3378728. CC0 1.0.,TESS station stars213; photometric inflection method; night median MSAS=21.46; MSAS at inflection=19.12; depression=11.43°; smoothing=5-pt median; dark rows=630
fajr,2019-10-01,04:02,12,-41.305029,174.783092,0.0,Zamorano J. et al. (2019). TESS-W sky brightness network. Zenodo monthly archives. https://zenodo.org/records/3378728. CC0 1.0.,TESS station stars214; photometric inflection method; night median MSAS=19.42; MSAS at inflection=19.43; depression=21.45°; smoothing=5-pt median; dark rows=565
isha,2019-09-01,19:07,10,-38.272981,145.041536,0.0,Zamorano J. et al. (2019). TESS-W sky brightness network. Zenodo monthly archives. https://zenodo.org/records/3378728. CC0 1.0.,TESS station stars215; photometric inflection method; night median MSAS=19.60; MSAS at inflection=18.78; depression=14.36°; smoothing=5-pt median; dark rows=654
isha,2019-09-02,19:34,10,-38.272981,145.041536,0.0,Zamorano J. et al. (2019). TESS-W sky brightness network. Zenodo monthly archives. https://zenodo.org/records/3378728. CC0 1.0.,TESS station stars215; photometric inflection method; night median MSAS=18.40; MSAS at inflection=18.10; depression=19.56°; smoothing=5-pt median; dark rows=339
fajr,2019-09-10,04:51,10,-38.272981,145.041536,0.0,Zamorano J. et al. (2019). TESS-W sky brightness network. Zenodo monthly archives. https://zenodo.org/records/3378728. CC0 1.0.,TESS station stars215; photometric inflection method; night median MSAS=18.80; MSAS at inflection=18.90; depression=19.98°; smoothing=5-pt median; dark rows=329
isha,2019-09-11,19:21,10,-38.272981,145.041536,0.0,Zamorano J. et al. (2019). TESS-W sky brightness network. Zenodo monthly archives. https://zenodo.org/records/3378728. CC0 1.0.,TESS station stars215; photometric inflection method; night median MSAS=17.57; MSAS at inflection=17.97; depression=15.64°; smoothing=5-pt median; dark rows=634
fajr,2019-09-12,05:04,10,-38.272981,145.041536,0.0,Zamorano J. et al. (2019). TESS-W sky brightness network. Zenodo monthly archives. https://zenodo.org/records/3378728. CC0 1.0.,TESS station stars215; photometric inflection method; night median MSAS=17.57; MSAS at inflection=18.26; depression=16.77°; smoothing=5-pt median; dark rows=634
isha,2019-09-18,19:55,10,-38.272981,145.041536,0.0,Zamorano J. et al. (2019). TESS-W sky brightness network. Zenodo monthly archives. https://zenodo.org/records/3378728. CC0 1.0.,TESS station stars215; photometric inflection method; night median MSAS=19.40; MSAS at inflection=20.12; depression=20.81°; smoothing=5-pt median; dark rows=572
fajr,2019-09-19,04:41,10,-38.272981,145.041536,0.0,Zamorano J. et al. (2019). TESS-W sky brightness network. Zenodo monthly archives. https://zenodo.org/records/3378728. CC0 1.0.,TESS station stars215; photometric inflection method; night median MSAS=19.40; MSAS at inflection=19.23; depression=19.03°; smoothing=5-pt median; dark rows=572
fajr,2019-09-20,04:46,10,-38.272981,145.041536,0.0,Zamorano J. et al. (2019). TESS-W sky brightness network. Zenodo monthly archives. https://zenodo.org/records/3378728. CC0 1.0.,TESS station stars215; photometric inflection method; night median MSAS=18.88; MSAS at inflection=17.92; depression=17.92°; smoothing=5-pt median; dark rows=616
isha,2019-09-20,19:04,10,-38.272981,145.041536,0.0,Zamorano J. et al. (2019). TESS-W sky brightness network. Zenodo monthly archives. https://zenodo.org/records/3378728. CC0 1.0.,TESS station stars215; photometric inflection method; night median MSAS=18.76; MSAS at inflection=18.40; depression=10.72°; smoothing=5-pt median; dark rows=575
fajr,2019-09-22,04:59,10,-38.272981,145.041536,0.0,Zamorano J. et al. (2019). TESS-W sky brightness network. Zenodo monthly archives. https://zenodo.org/records/3378728. CC0 1.0.,TESS station stars215; photometric inflection method; night median MSAS=19.81; MSAS at inflection=19.92; depression=14.72°; smoothing=5-pt median; dark rows=542
isha,2019-09-22,19:55,10,-38.272981,145.041536,0.0,Zamorano J. et al. (2019). TESS-W sky brightness network. Zenodo monthly archives. https://zenodo.org/records/3378728. CC0 1.0.,TESS station stars215; photometric inflection method; night median MSAS=19.03; MSAS at inflection=19.89; depression=20.24°; smoothing=5-pt median; dark rows=606
fajr,2019-09-24,05:16,10,-38.272981,145.041536,0.0,Zamorano J. et al. (2019). TESS-W sky brightness network. Zenodo monthly archives. https://zenodo.org/records/3378728. CC0 1.0.,TESS station stars215; photometric inflection method; night median MSAS=19.84; MSAS at inflection=18.12; depression=10.72°; smoothing=5-pt median; dark rows=602
isha,2019-09-24,19:37,10,-38.272981,145.041536,0.0,Zamorano J. et al. (2019). TESS-W sky brightness network. Zenodo monthly archives. https://zenodo.org/records/3378728. CC0 1.0.,TESS station stars215; photometric inflection method; night median MSAS=20.47; MSAS at inflection=19.40; depression=16.34°; smoothing=5-pt median; dark rows=601
fajr,2019-09-25,04:19,10,-38.272981,145.041536,0.0,Zamorano J. et al. (2019). TESS-W sky brightness network. Zenodo monthly archives. https://zenodo.org/records/3378728. CC0 1.0.,TESS station stars215; photometric inflection method; night median MSAS=20.47; MSAS at inflection=19.45; depression=21.23°; smoothing=5-pt median; dark rows=601
isha,2019-09-26,19:25,10,-38.272981,145.041536,0.0,Zamorano J. et al. (2019). TESS-W sky brightness network. Zenodo monthly archives. https://zenodo.org/records/3378728. CC0 1.0.,TESS station stars215; photometric inflection method; night median MSAS=20.40; MSAS at inflection=18.29; depression=13.63°; smoothing=5-pt median; dark rows=597
isha,2019-09-27,19:07,10,-38.272981,145.041536,0.0,Zamorano J. et al. (2019). TESS-W sky brightness network. Zenodo monthly archives. https://zenodo.org/records/3378728. CC0 1.0.,TESS station stars215; photometric inflection method; night median MSAS=20.23; MSAS at inflection=17.91; depression=10.00°; smoothing=5-pt median; dark rows=595
isha,2019-09-28,19:02,10,-38.272981,145.041536,0.0,Zamorano J. et al. (2019). TESS-W sky brightness network. Zenodo monthly archives. https://zenodo.org/records/3378728. CC0 1.0.,TESS station stars215; photometric inflection method; night median MSAS=18.93; MSAS at inflection=16.64; depression=8.99°; smoothing=5-pt median; dark rows=591
fajr,2019-09-29,04:27,10,-38.272981,145.041536,0.0,Zamorano J. et al. (2019). TESS-W sky brightness network. Zenodo monthly archives. https://zenodo.org/records/3378728. CC0 1.0.,TESS station stars215; photometric inflection method; night median MSAS=18.93; MSAS at inflection=18.87; depression=18.45°; smoothing=5-pt median; dark rows=591
isha,2019-09-29,19:38,10,-38.272981,145.041536,0.0,Zamorano J. et al. (2019). TESS-W sky brightness network. Zenodo monthly archives. https://zenodo.org/records/3378728. CC0 1.0.,TESS station stars215; photometric inflection method; night median MSAS=19.00; MSAS at inflection=19.98; depression=15.58°; smoothing=5-pt median; dark rows=589
fajr,2019-09-30,04:48,10,-38.272981,145.041536,0.0,Zamorano J. et al. (2019). TESS-W sky brightness network. Zenodo monthly archives. https://zenodo.org/records/3378728. CC0 1.0.,TESS station stars215; photometric inflection method; night median MSAS=19.00; MSAS at inflection=18.59; depression=14.20°; smoothing=5-pt median; dark rows=589
isha,2019-09-30,20:00,10,-38.272981,145.041536,0.0,Zamorano J. et al. (2019). TESS-W sky brightness network. Zenodo monthly archives. https://zenodo.org/records/3378728. CC0 1.0.,TESS station stars215; photometric inflection method; night median MSAS=20.54; MSAS at inflection=19.00; depression=19.47°; smoothing=5-pt median; dark rows=588
fajr,2019-10-01,04:44,10,-38.272981,145.041536,0.0,Zamorano J. et al. (2019). TESS-W sky brightness network. Zenodo monthly archives. https://zenodo.org/records/3378728. CC0 1.0.,TESS station stars215; photometric inflection method; night median MSAS=20.54; MSAS at inflection=20.40; depression=14.78°; smoothing=5-pt median; dark rows=588
fajr,2019-09-01,04:44,-1,27.964093,-15.563285,0.0,Zamorano J. et al. (2019). TESS-W sky brightness network. Zenodo monthly archives. https://zenodo.org/records/3378728. CC0 1.0.,TESS station stars216; photometric inflection method; night median MSAS=20.11; MSAS at inflection=19.10; depression=12.80°; smoothing=5-pt median; dark rows=357
fajr,2019-09-04,04:33,-1,27.964093,-15.563285,0.0,Zamorano J. et al. (2019). TESS-W sky brightness network. Zenodo monthly archives. https://zenodo.org/records/3378728. CC0 1.0.,TESS station stars216; photometric inflection method; night median MSAS=20.84; MSAS at inflection=20.81; depression=15.53°; smoothing=5-pt median; dark rows=595
fajr,2019-09-07,04:12,-1,27.964093,-15.563285,0.0,Zamorano J. et al. (2019). TESS-W sky brightness network. Zenodo monthly archives. https://zenodo.org/records/3378728. CC0 1.0.,TESS station stars216; photometric inflection method; night median MSAS=20.70; MSAS at inflection=20.95; depression=20.27°; smoothing=5-pt median; dark rows=600
fajr,2019-09-08,04:15,-1,27.964093,-15.563285,0.0,Zamorano J. et al. (2019). TESS-W sky brightness network. Zenodo monthly archives. https://zenodo.org/records/3378728. CC0 1.0.,TESS station stars216; photometric inflection method; night median MSAS=19.31; MSAS at inflection=19.28; depression=19.85°; smoothing=5-pt median; dark rows=602
isha,2019-09-11,19:42,-1,27.964093,-15.563285,0.0,Zamorano J. et al. (2019). TESS-W sky brightness network. Zenodo monthly archives. https://zenodo.org/records/3378728. CC0 1.0.,TESS station stars216; photometric inflection method; night median MSAS=17.91; MSAS at inflection=17.89; depression=20.31°; smoothing=5-pt median; dark rows=607
isha,2019-09-21,18:54,-1,27.964093,-15.563285,0.0,Zamorano J. et al. (2019). TESS-W sky brightness network. Zenodo monthly archives. https://zenodo.org/records/3378728. CC0 1.0.,TESS station stars216; photometric inflection method; night median MSAS=20.27; MSAS at inflection=19.51; depression=12.80°; smoothing=5-pt median; dark rows=612
isha,2019-09-02,20:52,0,39.10946,-6.6892,0.0,Zamorano J. et al. (2019). TESS-W sky brightness network. Zenodo monthly archives. https://zenodo.org/records/3378728. CC0 1.0.,TESS station stars218; photometric inflection method; night median MSAS=21.02; MSAS at inflection=21.01; depression=21.86°; smoothing=5-pt median; dark rows=561
isha,2019-09-04,19:49,0,39.10946,-6.6892,0.0,Zamorano J. et al. (2019). TESS-W sky brightness network. Zenodo monthly archives. https://zenodo.org/records/3378728. CC0 1.0.,TESS station stars218; photometric inflection method; night median MSAS=21.11; MSAS at inflection=18.75; depression=11.38°; smoothing=5-pt median; dark rows=567
fajr,2019-09-06,04:33,0,39.10946,-6.6892,0.0,Zamorano J. et al. (2019). TESS-W sky brightness network. Zenodo monthly archives. https://zenodo.org/records/3378728. CC0 1.0.,TESS station stars218; photometric inflection method; night median MSAS=21.03; MSAS at inflection=20.99; depression=16.73°; smoothing=5-pt median; dark rows=570
fajr,2019-09-07,04:26,0,39.10946,-6.6892,0.0,Zamorano J. et al. (2019). TESS-W sky brightness network. Zenodo monthly archives. https://zenodo.org/records/3378728. CC0 1.0.,TESS station stars218; photometric inflection method; night median MSAS=21.04; MSAS at inflection=21.08; depression=18.31°; smoothing=5-pt median; dark rows=572
isha,2019-09-07,20:02,0,39.10946,-6.6892,0.0,Zamorano J. et al. (2019). TESS-W sky brightness network. Zenodo monthly archives. https://zenodo.org/records/3378728. CC0 1.0.,TESS station stars218; photometric inflection method; night median MSAS=20.60; MSAS at inflection=19.50; depression=14.64°; smoothing=5-pt median; dark rows=573
fajr,2019-09-09,05:03,0,39.10946,-6.6892,0.0,Zamorano J. et al. (2019). TESS-W sky brightness network. Zenodo monthly archives. https://zenodo.org/records/3378728. CC0 1.0.,TESS station stars218; photometric inflection method; night median MSAS=20.15; MSAS at inflection=19.75; depression=12.00°; smoothing=5-pt median; dark rows=576
isha,2019-09-10,19:29,0,39.10946,-6.6892,0.0,Zamorano J. et al. (2019). TESS-W sky brightness network. Zenodo monthly archives. https://zenodo.org/records/3378728. CC0 1.0.,TESS station stars218; photometric inflection method; night median MSAS=19.17; MSAS at inflection=16.89; depression=9.55°; smoothing=5-pt median; dark rows=582
fajr,2019-09-11,05:23,0,39.10946,-6.6892,0.0,Zamorano J. et al. (2019). TESS-W sky brightness network. Zenodo monthly archives. https://zenodo.org/records/3378728. CC0 1.0.,TESS station stars218; photometric inflection method; night median MSAS=19.17; MSAS at inflection=17.01; depression=8.50°; smoothing=5-pt median; dark rows=582
fajr,2019-09-12,04:46,0,39.10946,-6.6892,0.0,Zamorano J. et al. (2019). TESS-W sky brightness network. Zenodo monthly archives. https://zenodo.org/records/3378728. CC0 1.0.,TESS station stars218; photometric inflection method; night median MSAS=18.78; MSAS at inflection=21.00; depression=15.66°; smoothing=5-pt median; dark rows=586
isha,2019-09-12,19:26,0,39.10946,-6.6892,0.0,Zamorano J. et al. (2019). TESS-W sky brightness network. Zenodo monthly archives. https://zenodo.org/records/3378728. CC0 1.0.,TESS station stars218; photometric inflection method; night median MSAS=18.31; MSAS at inflection=17.00; depression=9.65°; smoothing=5-pt median; dark rows=585
isha,2019-09-14,20:18,0,39.10946,-6.6892,0.0,Zamorano J. et al. (2019). TESS-W sky brightness network. Zenodo monthly archives. https://zenodo.org/records/3378728. CC0 1.0.,TESS station stars218; photometric inflection method; night median MSAS=17.53; MSAS at inflection=19.15; depression=19.86°; smoothing=5-pt median; dark rows=593
fajr,2019-09-15,05:08,0,39.10946,-6.6892,0.0,Zamorano J. et al. (2019). TESS-W sky brightness network. Zenodo monthly archives. https://zenodo.org/records/3378728. CC0 1.0.,TESS station stars218; photometric inflection method; night median MSAS=17.53; MSAS at inflection=18.38; depression=12.20°; smoothing=5-pt median; dark rows=593
fajr,2019-09-16,04:38,0,39.10946,-6.6892,0.0,Zamorano J. et al. (2019). TESS-W sky brightness network. Zenodo monthly archives. https://zenodo.org/records/3378728. CC0 1.0.,TESS station stars218; photometric inflection method; night median MSAS=17.88; MSAS at inflection=17.87; depression=17.84°; smoothing=5-pt median; dark rows=595
isha,2019-09-17,19:30,0,39.10946,-6.6892,0.0,Zamorano J. et al. (2019). TESS-W sky brightness network. Zenodo monthly archives. https://zenodo.org/records/3378728. CC0 1.0.,TESS station stars218; photometric inflection method; night median MSAS=18.39; MSAS at inflection=19.14; depression=11.88°; smoothing=5-pt median; dark rows=601
isha,2019-09-18,19:59,0,39.10946,-6.6892,0.0,Zamorano J. et al. (2019). TESS-W sky brightness network. Zenodo monthly archives. https://zenodo.org/records/3378728. CC0 1.0.,TESS station stars218; photometric inflection method; night median MSAS=18.86; MSAS at inflection=20.81; depression=17.72°; smoothing=5-pt median; dark rows=602
isha,2019-09-19,20:00,0,39.10946,-6.6892,0.0,Zamorano J. et al. (2019). TESS-W sky brightness network. Zenodo monthly archives. https://zenodo.org/records/3378728. CC0 1.0.,TESS station stars218; photometric inflection method; night median MSAS=18.70; MSAS at inflection=20.77; depression=18.18°; smoothing=5-pt median; dark rows=606
isha,2019-09-23,20:00,0,39.10946,-6.6892,0.0,Zamorano J. et al. (2019). TESS-W sky brightness network. Zenodo monthly archives. https://zenodo.org/records/3378728. CC0 1.0.,TESS station stars218; photometric inflection method; night median MSAS=20.89; MSAS at inflection=20.94; depression=19.53°; smoothing=5-pt median; dark rows=618
fajr,2019-09-24,04:46,0,39.10946,-6.6892,0.0,Zamorano J. et al. (2019). TESS-W sky brightness network. Zenodo monthly archives. https://zenodo.org/records/3378728. CC0 1.0.,TESS station stars218; photometric inflection method; night median MSAS=20.89; MSAS at inflection=20.34; depression=18.04°; smoothing=5-pt median; dark rows=618
fajr,2019-09-25,04:47,0,39.10946,-6.6892,0.0,Zamorano J. et al. (2019). TESS-W sky brightness network. Zenodo monthly archives. https://zenodo.org/records/3378728. CC0 1.0.,TESS station stars218; photometric inflection method; night median MSAS=20.94; MSAS at inflection=20.72; depression=18.04°; smoothing=5-pt median; dark rows=618
isha,2019-09-25,19:32,0,39.10946,-6.6892,0.0,Zamorano J. et al. (2019). TESS-W sky brightness network. Zenodo monthly archives. https://zenodo.org/records/3378728. CC0 1.0.,TESS station stars218; photometric inflection method; night median MSAS=21.03; MSAS at inflection=20.76; depression=14.89°; smoothing=5-pt median; dark rows=622
isha,2019-09-26,19:18,0,39.10946,-6.6892,0.0,Zamorano J. et al. (2019). TESS-W sky brightness network. Zenodo monthly archives. https://zenodo.org/records/3378728. CC0 1.0.,TESS station stars218; photometric inflection method; night median MSAS=20.98; MSAS at inflection=19.92; depression=12.54°; smoothing=5-pt median; dark rows=625
isha,2019-09-28,19:16,0,39.10946,-6.6892,0.0,Zamorano J. et al. (2019). TESS-W sky brightness network. Zenodo monthly archives. https://zenodo.org/records/3378728. CC0 1.0.,TESS station stars218; photometric inflection method; night median MSAS=21.05; MSAS at inflection=19.91; depression=12.69°; smoothing=5-pt median; dark rows=624
isha,2019-09-02,18:14,-5,-31.798607,-69.297744,0.0,Zamorano J. et al. (2019). TESS-W sky brightness network. Zenodo monthly archives. https://zenodo.org/records/3378728. CC0 1.0.,TESS station stars221; photometric inflection method; night median MSAS=21.57; MSAS at inflection=19.48; depression=11.98°; smoothing=5-pt median; dark rows=656
isha,2019-09-03,18:40,-5,-31.798607,-69.297744,0.0,Zamorano J. et al. (2019). TESS-W sky brightness network. Zenodo monthly archives. https://zenodo.org/records/3378728. CC0 1.0.,TESS station stars221; photometric inflection method; night median MSAS=21.58; MSAS at inflection=20.02; depression=17.43°; smoothing=5-pt median; dark rows=647
fajr,2019-09-05,04:49,-5,-31.798607,-69.297744,0.0,Zamorano J. et al. (2019). TESS-W sky brightness network. Zenodo monthly archives. https://zenodo.org/records/3378728. CC0 1.0.,TESS station stars221; photometric inflection method; night median MSAS=21.33; MSAS at inflection=20.73; depression=13.56°; smoothing=5-pt median; dark rows=654
fajr,2019-09-07,04:56,-5,-31.798607,-69.297744,0.0,Zamorano J. et al. (2019). TESS-W sky brightness network. Zenodo monthly archives. https://zenodo.org/records/3378728. CC0 1.0.,TESS station stars221; photometric inflection method; night median MSAS=20.39; MSAS at inflection=19.44; depression=11.38°; smoothing=5-pt median; dark rows=650
fajr,2019-09-08,04:39,-5,-31.798607,-69.297744,0.0,Zamorano J. et al. (2019). TESS-W sky brightness network. Zenodo monthly archives. https://zenodo.org/records/3378728. CC0 1.0.,TESS station stars221; photometric inflection method; night median MSAS=19.81; MSAS at inflection=21.28; depression=14.78°; smoothing=5-pt median; dark rows=648
isha,2019-09-11,18:05,-5,-31.798607,-69.297744,0.0,Zamorano J. et al. (2019). TESS-W sky brightness network. Zenodo monthly archives. https://zenodo.org/records/3378728. CC0 1.0.,TESS station stars221; photometric inflection method; night median MSAS=17.68; MSAS at inflection=16.34; depression=9.07°; smoothing=5-pt median; dark rows=643
isha,2019-09-15,18:52,-5,-31.798607,-69.297744,0.0,Zamorano J. et al. (2019). TESS-W sky brightness network. Zenodo monthly archives. https://zenodo.org/records/3378728. CC0 1.0.,TESS station stars221; photometric inflection method; night median MSAS=18.88; MSAS at inflection=20.53; depression=18.52°; smoothing=5-pt median; dark rows=635
isha,2019-09-19,18:28,-5,-31.798607,-69.297744,0.0,Zamorano J. et al. (2019). TESS-W sky brightness network. Zenodo monthly archives. https://zenodo.org/records/3378728. CC0 1.0.,TESS station stars221; photometric inflection method; night median MSAS=20.71; MSAS at inflection=19.90; depression=12.98°; smoothing=5-pt median; dark rows=625
isha,2019-09-21,18:47,-5,-31.798607,-69.297744,0.0,Zamorano J. et al. (2019). TESS-W sky brightness network. Zenodo monthly archives. https://zenodo.org/records/3378728. CC0 1.0.,TESS station stars221; photometric inflection method; night median MSAS=21.16; MSAS at inflection=20.75; depression=16.61°; smoothing=5-pt median; dark rows=621
isha,2019-09-22,19:10,-5,-31.798607,-69.297744,0.0,Zamorano J. et al. (2019). TESS-W sky brightness network. Zenodo monthly archives. https://zenodo.org/records/3378728. CC0 1.0.,TESS station stars221; photometric inflection method; night median MSAS=21.32; MSAS at inflection=21.01; depression=21.26°; smoothing=5-pt median; dark rows=620
fajr,2019-09-26,04:15,-5,-31.798607,-69.297744,0.0,Zamorano J. et al. (2019). TESS-W sky brightness network. Zenodo monthly archives. https://zenodo.org/records/3378728. CC0 1.0.,TESS station stars221; photometric inflection method; night median MSAS=21.64; MSAS at inflection=21.32; depression=14.73°; smoothing=5-pt median; dark rows=122
isha,2019-09-26,18:30,-5,-31.798607,-69.297744,0.0,Zamorano J. et al. (2019). TESS-W sky brightness network. Zenodo monthly archives. https://zenodo.org/records/3378728. CC0 1.0.,TESS station stars221; photometric inflection method; night median MSAS=21.45; MSAS at inflection=19.20; depression=12.31°; smoothing=5-pt median; dark rows=122
isha,2019-09-28,18:41,-5,-31.798607,-69.297744,0.0,Zamorano J. et al. (2019). TESS-W sky brightness network. Zenodo monthly archives. https://zenodo.org/records/3378728. CC0 1.0.,TESS station stars221; photometric inflection method; night median MSAS=21.44; MSAS at inflection=20.50; depression=14.45°; smoothing=5-pt median; dark rows=121
fajr,2019-09-29,04:00,-5,-31.798607,-69.297744,0.0,Zamorano J. et al. (2019). TESS-W sky brightness network. Zenodo monthly archives. https://zenodo.org/records/3378728. CC0 1.0.,TESS station stars221; photometric inflection method; night median MSAS=21.44; MSAS at inflection=21.33; depression=17.14°; smoothing=5-pt median; dark rows=121
isha,2019-09-29,19:05,-5,-31.798607,-69.297744,0.0,Zamorano J. et al. (2019). TESS-W sky brightness network. Zenodo monthly archives. https://zenodo.org/records/3378728. CC0 1.0.,TESS station stars221; photometric inflection method; night median MSAS=21.54; MSAS at inflection=21.01; depression=19.12°; smoothing=5-pt median; dark rows=120
isha,2019-09-02,19:46,0,36.683966,-6.112829,0.0,Zamorano J. et al. (2019). TESS-W sky brightness network. Zenodo monthly archives. https://zenodo.org/records/3378728. CC0 1.0.,TESS station stars224; photometric inflection method; night median MSAS=17.84; MSAS at inflection=17.39; depression=11.52°; smoothing=5-pt median; dark rows=570
isha,2019-09-03,20:41,0,36.683966,-6.112829,0.0,Zamorano J. et al. (2019). TESS-W sky brightness network. Zenodo monthly archives. https://zenodo.org/records/3378728. CC0 1.0.,TESS station stars224; photometric inflection method; night median MSAS=18.02; MSAS at inflection=17.80; depression=21.80°; smoothing=5-pt median; dark rows=572
fajr,2019-09-04,04:51,0,36.683966,-6.112829,0.0,Zamorano J. et al. (2019). TESS-W sky brightness network. Zenodo monthly archives. https://zenodo.org/records/3378728. CC0 1.0.,TESS station stars224; photometric inflection method; night median MSAS=18.02; MSAS at inflection=17.97; depression=13.66°; smoothing=5-pt median; dark rows=572
isha,2019-09-07,19:37,0,36.683966,-6.112829,0.0,Zamorano J. et al. (2019). TESS-W sky brightness network. Zenodo monthly archives. https://zenodo.org/records/3378728. CC0 1.0.,TESS station stars224; photometric inflection method; night median MSAS=17.59; MSAS at inflection=17.24; depression=11.19°; smoothing=5-pt median; dark rows=582
isha,2019-09-08,20:09,0,36.683966,-6.112829,0.0,Zamorano J. et al. (2019). TESS-W sky brightness network. Zenodo monthly archives. https://zenodo.org/records/3378728. CC0 1.0.,TESS station stars224; photometric inflection method; night median MSAS=17.64; MSAS at inflection=17.45; depression=17.67°; smoothing=5-pt median; dark rows=585
fajr,2019-09-09,04:23,0,36.683966,-6.112829,0.0,Zamorano J. et al. (2019). TESS-W sky brightness network. Zenodo monthly archives. https://zenodo.org/records/3378728. CC0 1.0.,TESS station stars224; photometric inflection method; night median MSAS=17.64; MSAS at inflection=17.84; depression=19.76°; smoothing=5-pt median; dark rows=585
fajr,2019-09-10,04:38,0,36.683966,-6.112829,0.0,Zamorano J. et al. (2019). TESS-W sky brightness network. Zenodo monthly archives. https://zenodo.org/records/3378728. CC0 1.0.,TESS station stars224; photometric inflection method; night median MSAS=17.74; MSAS at inflection=18.27; depression=17.12°; smoothing=5-pt median; dark rows=587
isha,2019-09-18,19:41,0,36.683966,-6.112829,0.0,Zamorano J. et al. (2019). TESS-W sky brightness network. Zenodo monthly archives. https://zenodo.org/records/3378728. CC0 1.0.,TESS station stars224; photometric inflection method; night median MSAS=17.69; MSAS at inflection=17.90; depression=15.31°; smoothing=5-pt median; dark rows=608
fajr,2019-09-19,04:55,0,36.683966,-6.112829,0.0,Zamorano J. et al. (2019). TESS-W sky brightness network. Zenodo monthly archives. https://zenodo.org/records/3378728. CC0 1.0.,TESS station stars224; photometric inflection method; night median MSAS=17.69; MSAS at inflection=16.62; depression=15.58°; smoothing=5-pt median; dark rows=608
fajr,2019-09-26,05:29,0,36.683966,-6.112829,0.0,Zamorano J. et al. (2019). TESS-W sky brightness network. Zenodo monthly archives. https://zenodo.org/records/3378728. CC0 1.0.,TESS station stars224; photometric inflection method; night median MSAS=18.18; MSAS at inflection=17.26; depression=9.93°; smoothing=5-pt median; dark rows=624
fajr,2019-09-27,05:34,0,36.683966,-6.112829,0.0,Zamorano J. et al. (2019). TESS-W sky brightness network. Zenodo monthly archives. https://zenodo.org/records/3378728. CC0 1.0.,TESS station stars224; photometric inflection method; night median MSAS=18.12; MSAS at inflection=16.49; depression=9.05°; smoothing=5-pt median; dark rows=627
fajr,2019-09-28,05:19,0,36.683966,-6.112829,0.0,Zamorano J. et al. (2019). TESS-W sky brightness network. Zenodo monthly archives. https://zenodo.org/records/3378728. CC0 1.0.,TESS station stars224; photometric inflection method; night median MSAS=18.16; MSAS at inflection=18.00; depression=12.28°; smoothing=5-pt median; dark rows=628
fajr,2019-09-29,05:11,0,36.683966,-6.112829,0.0,Zamorano J. et al. (2019). TESS-W sky brightness network. Zenodo monthly archives. https://zenodo.org/records/3378728. CC0 1.0.,TESS station stars224; photometric inflection method; night median MSAS=17.86; MSAS at inflection=17.91; depression=14.11°; smoothing=5-pt median; dark rows=632
isha,2019-09-01,19:51,0,41.474,-1.4821,0.0,Zamorano J. et al. (2019). TESS-W sky brightness network. Zenodo monthly archives. https://zenodo.org/records/3378728. CC0 1.0.,TESS station stars225; photometric inflection method; night median MSAS=19.39; MSAS at inflection=18.59; depression=13.58°; smoothing=5-pt median; dark rows=550
fajr,2019-09-02,04:33,0,41.474,-1.4821,0.0,Zamorano J. et al. (2019). TESS-W sky brightness network. Zenodo monthly archives. https://zenodo.org/records/3378728. CC0 1.0.,TESS station stars225; photometric inflection method; night median MSAS=19.39; MSAS at inflection=19.39; depression=11.52°; smoothing=5-pt median; dark rows=550
isha,2019-09-02,19:35,0,41.474,-1.4821,0.0,Zamorano J. et al. (2019). TESS-W sky brightness network. Zenodo monthly archives. https://zenodo.org/records/3378728. CC0 1.0.,TESS station stars225; photometric inflection method; night median MSAS=20.20; MSAS at inflection=18.45; depression=11.09°; smoothing=5-pt median; dark rows=554
isha,2019-09-03,19:29,0,41.474,-1.4821,0.0,Zamorano J. et al. (2019). TESS-W sky brightness network. Zenodo monthly archives. https://zenodo.org/records/3378728. CC0 1.0.,TESS station stars225; photometric inflection method; night median MSAS=20.13; MSAS at inflection=17.92; depression=10.51°; smoothing=5-pt median; dark rows=556
isha,2019-09-04,19:35,0,41.474,-1.4821,0.0,Zamorano J. et al. (2019). TESS-W sky brightness network. Zenodo monthly archives. https://zenodo.org/records/3378728. CC0 1.0.,TESS station stars225; photometric inflection method; night median MSAS=20.16; MSAS at inflection=19.05; depression=11.79°; smoothing=5-pt median; dark rows=560
isha,2019-09-05,19:30,0,41.474,-1.4821,0.0,Zamorano J. et al. (2019). TESS-W sky brightness network. Zenodo monthly archives. https://zenodo.org/records/3378728. CC0 1.0.,TESS station stars225; photometric inflection method; night median MSAS=20.12; MSAS at inflection=18.77; depression=11.18°; smoothing=5-pt median; dark rows=562
isha,2019-09-06,19:33,0,41.474,-1.4821,0.0,Zamorano J. et al. (2019). TESS-W sky brightness network. Zenodo monthly archives. https://zenodo.org/records/3378728. CC0 1.0.,TESS station stars225; photometric inflection method; night median MSAS=20.15; MSAS at inflection=19.12; depression=12.14°; smoothing=5-pt median; dark rows=565
isha,2019-09-07,20:08,0,41.474,-1.4821,0.0,Zamorano J. et al. (2019). TESS-W sky brightness network. Zenodo monthly archives. https://zenodo.org/records/3378728. CC0 1.0.,TESS station stars225; photometric inflection method; night median MSAS=20.07; MSAS at inflection=19.61; depression=18.41°; smoothing=5-pt median; dark rows=568
fajr,2019-09-08,04:41,0,41.474,-1.4821,0.0,Zamorano J. et al. (2019). TESS-W sky brightness network. Zenodo monthly archives. https://zenodo.org/records/3378728. CC0 1.0.,TESS station stars225; photometric inflection method; night median MSAS=20.07; MSAS at inflection=19.17; depression=11.22°; smoothing=5-pt median; dark rows=568
fajr,2019-09-09,04:38,0,41.474,-1.4821,0.0,Zamorano J. et al. (2019). TESS-W sky brightness network. Zenodo monthly archives. https://zenodo.org/records/3378728. CC0 1.0.,TESS station stars225; photometric inflection method; night median MSAS=19.78; MSAS at inflection=19.42; depression=11.89°; smoothing=5-pt median; dark rows=571
isha,2019-09-09,19:25,0,41.474,-1.4821,0.0,Zamorano J. et al. (2019). TESS-W sky brightness network. Zenodo monthly archives. https://zenodo.org/records/3378728. CC0 1.0.,TESS station stars225; photometric inflection method; night median MSAS=18.33; MSAS at inflection=17.89; depression=11.58°; smoothing=5-pt median; dark rows=573
isha,2019-09-10,20:09,0,41.474,-1.4821,0.0,Zamorano J. et al. (2019). TESS-W sky brightness network. Zenodo monthly archives. https://zenodo.org/records/3378728. CC0 1.0.,TESS station stars225; photometric inflection method; night median MSAS=18.77; MSAS at inflection=17.51; depression=19.64°; smoothing=5-pt median; dark rows=576
fajr,2019-09-11,04:40,0,41.474,-1.4821,0.0,Zamorano J. et al. (2019). TESS-W sky brightness network. Zenodo monthly archives. https://zenodo.org/records/3378728. CC0 1.0.,TESS station stars225; photometric inflection method; night median MSAS=18.77; MSAS at inflection=19.68; depression=12.10°; smoothing=5-pt median; dark rows=576
isha,2019-09-11,19:55,0,41.474,-1.4821,0.0,Zamorano J. et al. (2019). TESS-W sky brightness network. Zenodo monthly archives. https://zenodo.org/records/3378728. CC0 1.0.,TESS station stars225; photometric inflection method; night median MSAS=18.91; MSAS at inflection=18.62; depression=17.55°; smoothing=5-pt median; dark rows=579
fajr,2019-09-12,03:45,0,41.474,-1.4821,0.0,Zamorano J. et al. (2019). TESS-W sky brightness network. Zenodo monthly archives. https://zenodo.org/records/3378728. CC0 1.0.,TESS station stars225; photometric inflection method; night median MSAS=18.91; MSAS at inflection=20.04; depression=21.67°; smoothing=5-pt median; dark rows=579
isha,2019-09-17,19:49,0,41.474,-1.4821,0.0,Zamorano J. et al. (2019). TESS-W sky brightness network. Zenodo monthly archives. https://zenodo.org/records/3378728. CC0 1.0.,TESS station stars225; photometric inflection method; night median MSAS=18.16; MSAS at inflection=19.47; depression=18.60°; smoothing=5-pt median; dark rows=597
fajr,2019-09-20,04:07,0,41.474,-1.4821,0.0,Zamorano J. et al. (2019). TESS-W sky brightness network. Zenodo monthly archives. https://zenodo.org/records/3378728. CC0 1.0.,TESS station stars225; photometric inflection method; night median MSAS=18.81; MSAS at inflection=18.08; depression=19.74°; smoothing=5-pt median; dark rows=603
fajr,2019-09-22,04:25,0,41.474,-1.4821,0.0,Zamorano J. et al. (2019). TESS-W sky brightness network. Zenodo monthly archives. https://zenodo.org/records/3378728. CC0 1.0.,TESS station stars225; photometric inflection method; night median MSAS=18.88; MSAS at inflection=18.03; depression=17.04°; smoothing=5-pt median; dark rows=608
fajr,2019-09-23,04:58,0,41.474,-1.4821,0.0,Zamorano J. et al. (2019). TESS-W sky brightness network. Zenodo monthly archives. https://zenodo.org/records/3378728. CC0 1.0.,TESS station stars225; photometric inflection method; night median MSAS=19.54; MSAS at inflection=18.75; depression=11.20°; smoothing=5-pt median; dark rows=610
fajr,2019-09-25,04:26,0,41.474,-1.4821,0.0,Zamorano J. et al. (2019). TESS-W sky brightness network. Zenodo monthly archives. https://zenodo.org/records/3378728. CC0 1.0.,TESS station stars225; photometric inflection method; night median MSAS=20.14; MSAS at inflection=19.58; depression=17.48°; smoothing=5-pt median; dark rows=614
isha,2019-09-26,18:48,0,41.474,-1.4821,0.0,Zamorano J. et al. (2019). TESS-W sky brightness network. Zenodo monthly archives. https://zenodo.org/records/3378728. CC0 1.0.,TESS station stars225; photometric inflection method; night median MSAS=20.13; MSAS at inflection=18.54; depression=10.56°; smoothing=5-pt median; dark rows=620
isha,2019-09-27,19:35,0,41.474,-1.4821,0.0,Zamorano J. et al. (2019). TESS-W sky brightness network. Zenodo monthly archives. https://zenodo.org/records/3378728. CC0 1.0.,TESS station stars225; photometric inflection method; night median MSAS=20.07; MSAS at inflection=19.85; depression=19.41°; smoothing=5-pt median; dark rows=574
fajr,2019-09-28,04:50,0,41.474,-1.4821,0.0,Zamorano J. et al. (2019). TESS-W sky brightness network. Zenodo monthly archives. https://zenodo.org/records/3378728. CC0 1.0.,TESS station stars225; photometric inflection method; night median MSAS=20.07; MSAS at inflection=19.83; depression=13.64°; smoothing=5-pt median; dark rows=574
fajr,2019-09-30,04:32,0,41.474,-1.4821,0.0,Zamorano J. et al. (2019). TESS-W sky brightness network. Zenodo monthly archives. https://zenodo.org/records/3378728. CC0 1.0.,TESS station stars225; photometric inflection method; night median MSAS=20.20; MSAS at inflection=20.04; depression=17.25°; smoothing=5-pt median; dark rows=591
fajr,2019-09-03,04:02,0,41.6226,-0.9315,0.0,Zamorano J. et al. (2019). TESS-W sky brightness network. Zenodo monthly archives. https://zenodo.org/records/3378728. CC0 1.0.,TESS station stars226; photometric inflection method; night median MSAS=18.32; MSAS at inflection=18.28; depression=16.44°; smoothing=5-pt median; dark rows=552
isha,2019-09-03,19:17,0,41.6226,-0.9315,0.0,Zamorano J. et al. (2019). TESS-W sky brightness network. Zenodo monthly archives. https://zenodo.org/records/3378728. CC0 1.0.,TESS station stars226; photometric inflection method; night median MSAS=18.26; MSAS at inflection=16.12; depression=8.69°; smoothing=5-pt median; dark rows=555
isha,2019-09-04,19:18,0,41.6226,-0.9315,0.0,Zamorano J. et al. (2019). TESS-W sky brightness network. Zenodo monthly archives. https://zenodo.org/records/3378728. CC0 1.0.,TESS station stars226; photometric inflection method; night median MSAS=18.27; MSAS at inflection=16.56; depression=9.09°; smoothing=5-pt median; dark rows=558
fajr,2019-09-06,04:47,0,41.6226,-0.9315,0.0,Zamorano J. et al. (2019). TESS-W sky brightness network. Zenodo monthly archives. https://zenodo.org/records/3378728. CC0 1.0.,TESS station stars226; photometric inflection method; night median MSAS=18.23; MSAS at inflection=17.25; depression=9.31°; smoothing=5-pt median; dark rows=562
isha,2019-09-07,19:07,0,41.6226,-0.9315,0.0,Zamorano J. et al. (2019). TESS-W sky brightness network. Zenodo monthly archives. https://zenodo.org/records/3378728. CC0 1.0.,TESS station stars226; photometric inflection method; night median MSAS=18.32; MSAS at inflection=15.87; depression=8.07°; smoothing=5-pt median; dark rows=566
isha,2019-09-11,20:05,0,41.6226,-0.9315,0.0,Zamorano J. et al. (2019). TESS-W sky brightness network. Zenodo monthly archives. https://zenodo.org/records/3378728. CC0 1.0.,TESS station stars226; photometric inflection method; night median MSAS=17.77; MSAS at inflection=17.55; depression=19.61°; smoothing=5-pt median; dark rows=578
isha,2019-09-23,19:12,0,41.6226,-0.9315,0.0,Zamorano J. et al. (2019). TESS-W sky brightness network. Zenodo monthly archives. https://zenodo.org/records/3378728. CC0 1.0.,TESS station stars226; photometric inflection method; night median MSAS=18.09; MSAS at inflection=17.91; depression=14.26°; smoothing=5-pt median; dark rows=613
isha,2019-09-24,18:53,0,41.6226,-0.9315,0.0,Zamorano J. et al. (2019). TESS-W sky brightness network. Zenodo monthly archives. https://zenodo.org/records/3378728. CC0 1.0.,TESS station stars226; photometric inflection method; night median MSAS=17.74; MSAS at inflection=15.25; depression=11.21°; smoothing=5-pt median; dark rows=616
isha,2019-09-27,19:15,0,41.6226,-0.9315,0.0,Zamorano J. et al. (2019). TESS-W sky brightness network. Zenodo monthly archives. https://zenodo.org/records/3378728. CC0 1.0.,TESS station stars226; photometric inflection method; night median MSAS=18.16; MSAS at inflection=17.89; depression=16.18°; smoothing=5-pt median; dark rows=625
isha,2019-09-29,18:56,0,41.6226,-0.9315,0.0,Zamorano J. et al. (2019). TESS-W sky brightness network. Zenodo monthly archives. https://zenodo.org/records/3378728. CC0 1.0.,TESS station stars226; photometric inflection method; night median MSAS=18.23; MSAS at inflection=18.04; depression=13.39°; smoothing=5-pt median; dark rows=630
fajr,2019-09-06,04:46,12,-41.235916,175.438977,0.0,Zamorano J. et al. (2019). TESS-W sky brightness network. Zenodo monthly archives. https://zenodo.org/records/3378728. CC0 1.0.,TESS station stars230; photometric inflection method; night median MSAS=20.19; MSAS at inflection=20.80; depression=21.46°; smoothing=5-pt median; dark rows=655
isha,2019-09-17,19:22,12,-41.235916,175.438977,0.0,Zamorano J. et al. (2019). TESS-W sky brightness network. Zenodo monthly archives. https://zenodo.org/records/3378728. CC0 1.0.,TESS station stars230; photometric inflection method; night median MSAS=19.25; MSAS at inflection=20.80; depression=14.62°; smoothing=5-pt median; dark rows=623
fajr,2019-09-18,04:31,12,-41.235916,175.438977,0.0,Zamorano J. et al. (2019). TESS-W sky brightness network. Zenodo monthly archives. https://zenodo.org/records/3378728. CC0 1.0.,TESS station stars230; photometric inflection method; night median MSAS=19.25; MSAS at inflection=19.30; depression=20.36°; smoothing=5-pt median; dark rows=623
isha,2019-09-28,19:28,12,-41.235916,175.438977,0.0,Zamorano J. et al. (2019). TESS-W sky brightness network. Zenodo monthly archives. https://zenodo.org/records/3378728. CC0 1.0.,TESS station stars230; photometric inflection method; night median MSAS=21.62; MSAS at inflection=20.91; depression=13.50°; smoothing=5-pt median; dark rows=593
isha,2019-09-03,20:09,1,47.287592,8.61902,0.0,Zamorano J. et al. (2019). TESS-W sky brightness network. Zenodo monthly archives. https://zenodo.org/records/3378728. CC0 1.0.,TESS station stars231; photometric inflection method; night median MSAS=20.25; MSAS at inflection=18.82; depression=11.62°; smoothing=5-pt median; dark rows=529
fajr,2019-09-04,04:14,1,47.287592,8.61902,0.0,Zamorano J. et al. (2019). TESS-W sky brightness network. Zenodo monthly archives. https://zenodo.org/records/3378728. CC0 1.0.,TESS station stars231; photometric inflection method; night median MSAS=20.25; MSAS at inflection=20.18; depression=15.62°; smoothing=5-pt median; dark rows=529
isha,2019-09-04,20:21,1,47.287592,8.61902,0.0,Zamorano J. et al. (2019). TESS-W sky brightness network. Zenodo monthly archives. https://zenodo.org/records/3378728. CC0 1.0.,TESS station stars231; photometric inflection method; night median MSAS=19.98; MSAS at inflection=19.32; depression=13.81°; smoothing=5-pt median; dark rows=534
fajr,2019-09-07,04:50,1,47.287592,8.61902,0.0,Zamorano J. et al. (2019). TESS-W sky brightness network. Zenodo monthly archives. https://zenodo.org/records/3378728. CC0 1.0.,TESS station stars231; photometric inflection method; night median MSAS=17.80; MSAS at inflection=17.62; depression=10.81°; smoothing=5-pt median; dark rows=542
isha,2019-09-14,19:30,1,47.287592,8.61902,0.0,Zamorano J. et al. (2019). TESS-W sky brightness network. Zenodo monthly archives. https://zenodo.org/records/3378728. CC0 1.0.,TESS station stars231; photometric inflection method; night median MSAS=18.23; MSAS at inflection=16.77; depression=9.14°; smoothing=5-pt median; dark rows=569
fajr,2019-09-16,04:58,1,47.287592,8.61902,0.0,Zamorano J. et al. (2019). TESS-W sky brightness network. Zenodo monthly archives. https://zenodo.org/records/3378728. CC0 1.0.,TESS station stars231; photometric inflection method; night median MSAS=18.68; MSAS at inflection=18.49; depression=11.67°; smoothing=5-pt median; dark rows=575
isha,2019-09-16,19:57,1,47.287592,8.61902,0.0,Zamorano J. et al. (2019). TESS-W sky brightness network. Zenodo monthly archives. https://zenodo.org/records/3378728. CC0 1.0.,TESS station stars231; photometric inflection method; night median MSAS=18.64; MSAS at inflection=18.80; depression=14.26°; smoothing=5-pt median; dark rows=578
fajr,2019-09-20,04:21,1,47.287592,8.61902,0.0,Zamorano J. et al. (2019). TESS-W sky brightness network. Zenodo monthly archives. https://zenodo.org/records/3378728. CC0 1.0.,TESS station stars231; photometric inflection method; night median MSAS=19.06; MSAS at inflection=18.86; depression=18.55°; smoothing=5-pt median; dark rows=588
fajr,2019-09-20,19:22,1,47.287592,8.61902,0.0,Zamorano J. et al. (2019). TESS-W sky brightness network. Zenodo monthly archives. https://zenodo.org/records/3378728. CC0 1.0.,TESS station stars231; photometric inflection method; night median MSAS=18.84; MSAS at inflection=17.53; depression=9.93°; smoothing=5-pt median; dark rows=25
fajr,2019-09-25,04:49,1,47.287592,8.61902,0.0,Zamorano J. et al. (2019). TESS-W sky brightness network. Zenodo monthly archives. https://zenodo.org/records/3378728. CC0 1.0.,TESS station stars231; photometric inflection method; night median MSAS=18.15; MSAS at inflection=17.84; depression=15.27°; smoothing=5-pt median; dark rows=606
isha,2019-09-02,20:13,1,39.3145,16.7513,0.0,Zamorano J. et al. (2019). TESS-W sky brightness network. Zenodo monthly archives. https://zenodo.org/records/3378728. CC0 1.0.,TESS station stars232; photometric inflection method; night median MSAS=21.29; MSAS at inflection=21.19; depression=20.85°; smoothing=5-pt median; dark rows=561
fajr,2019-09-03,04:02,1,39.3145,16.7513,0.0,Zamorano J. et al. (2019). TESS-W sky brightness network. Zenodo monthly archives. https://zenodo.org/records/3378728. CC0 1.0.,TESS station stars232; photometric inflection method; night median MSAS=21.29; MSAS at inflection=21.28; depression=15.71°; smoothing=5-pt median; dark rows=561
fajr,2019-09-04,04:13,1,39.3145,16.7513,0.0,Zamorano J. et al. (2019). TESS-W sky brightness network. Zenodo monthly archives. https://zenodo.org/records/3378728. CC0 1.0.,TESS station stars232; photometric inflection method; night median MSAS=20.23; MSAS at inflection=20.14; depression=13.82°; smoothing=5-pt median; dark rows=563
fajr,2019-09-05,04:21,1,39.3145,16.7513,0.0,Zamorano J. et al. (2019). TESS-W sky brightness network. Zenodo monthly archives. https://zenodo.org/records/3378728. CC0 1.0.,TESS station stars232; photometric inflection method; night median MSAS=21.22; MSAS at inflection=20.35; depression=12.58°; smoothing=5-pt median; dark rows=567
isha,2019-09-05,19:13,1,39.3145,16.7513,0.0,Zamorano J. et al. (2019). TESS-W sky brightness network. Zenodo monthly archives. https://zenodo.org/records/3378728. CC0 1.0.,TESS station stars232; photometric inflection method; night median MSAS=21.19; MSAS at inflection=19.22; depression=11.21°; smoothing=5-pt median; dark rows=569
isha,2019-09-09,19:12,1,39.3145,16.7513,0.0,Zamorano J. et al. (2019). TESS-W sky brightness network. Zenodo monthly archives. https://zenodo.org/records/3378728. CC0 1.0.,TESS station stars232; photometric inflection method; night median MSAS=19.90; MSAS at inflection=19.12; depression=12.36°; smoothing=5-pt median; dark rows=578
fajr,2019-09-11,04:48,1,39.3145,16.7513,0.0,Zamorano J. et al. (2019). TESS-W sky brightness network. Zenodo monthly archives. https://zenodo.org/records/3378728. CC0 1.0.,TESS station stars232; photometric inflection method; night median MSAS=18.70; MSAS at inflection=17.84; depression=8.77°; smoothing=5-pt median; dark rows=583
isha,2019-09-11,19:48,1,39.3145,16.7513,0.0,Zamorano J. et al. (2019). TESS-W sky brightness network. Zenodo monthly archives. https://zenodo.org/records/3378728. CC0 1.0.,TESS station stars232; photometric inflection method; night median MSAS=19.04; MSAS at inflection=19.15; depression=19.44°; smoothing=5-pt median; dark rows=584
fajr,2019-09-12,04:52,1,39.3145,16.7513,0.0,Zamorano J. et al. (2019). TESS-W sky brightness network. Zenodo monthly archives. https://zenodo.org/records/3378728. CC0 1.0.,TESS station stars232; photometric inflection method; night median MSAS=19.04; MSAS at inflection=16.59; depression=8.20°; smoothing=5-pt median; dark rows=584
fajr,2019-09-13,03:54,1,39.3145,16.7513,0.0,Zamorano J. et al. (2019). TESS-W sky brightness network. Zenodo monthly archives. https://zenodo.org/records/3378728. CC0 1.0.,TESS station stars232; photometric inflection method; night median MSAS=18.63; MSAS at inflection=19.42; depression=18.98°; smoothing=5-pt median; dark rows=588
fajr,2019-09-14,03:46,1,39.3145,16.7513,0.0,Zamorano J. et al. (2019). TESS-W sky brightness network. Zenodo monthly archives. https://zenodo.org/records/3378728. CC0 1.0.,TESS station stars232; photometric inflection method; night median MSAS=18.35; MSAS at inflection=18.83; depression=20.67°; smoothing=5-pt median; dark rows=591
isha,2019-09-14,19:31,1,39.3145,16.7513,0.0,Zamorano J. et al. (2019). TESS-W sky brightness network. Zenodo monthly archives. https://zenodo.org/records/3378728. CC0 1.0.,TESS station stars232; photometric inflection method; night median MSAS=18.46; MSAS at inflection=19.51; depression=17.41°; smoothing=5-pt median; dark rows=593
isha,2019-09-15,18:49,1,39.3145,16.7513,0.0,Zamorano J. et al. (2019). TESS-W sky brightness network. Zenodo monthly archives. https://zenodo.org/records/3378728. CC0 1.0.,TESS station stars232; photometric inflection method; night median MSAS=18.40; MSAS at inflection=18.03; depression=9.89°; smoothing=5-pt median; dark rows=596
isha,2019-09-16,19:29,1,39.3145,16.7513,0.0,Zamorano J. et al. (2019). TESS-W sky brightness network. Zenodo monthly archives. https://zenodo.org/records/3378728. CC0 1.0.,TESS station stars232; photometric inflection method; night median MSAS=18.49; MSAS at inflection=20.91; depression=17.60°; smoothing=5-pt median; dark rows=599
fajr,2019-09-17,04:21,1,39.3145,16.7513,0.0,Zamorano J. et al. (2019). TESS-W sky brightness network. Zenodo monthly archives. https://zenodo.org/records/3378728. CC0 1.0.,TESS station stars232; photometric inflection method; night median MSAS=18.49; MSAS at inflection=18.52; depression=14.90°; smoothing=5-pt median; dark rows=599
isha,2019-09-17,18:47,1,39.3145,16.7513,0.0,Zamorano J. et al. (2019). TESS-W sky brightness network. Zenodo monthly archives. https://zenodo.org/records/3378728. CC0 1.0.,TESS station stars232; photometric inflection method; night median MSAS=18.57; MSAS at inflection=18.35; depression=10.20°; smoothing=5-pt median; dark rows=602
isha,2019-09-18,19:13,1,39.3145,16.7513,0.0,Zamorano J. et al. (2019). TESS-W sky brightness network. Zenodo monthly archives. https://zenodo.org/records/3378728. CC0 1.0.,TESS station stars232; photometric inflection method; night median MSAS=21.06; MSAS at inflection=21.11; depression=15.42°; smoothing=5-pt median; dark rows=103
isha,2019-09-22,18:46,1,39.3145,16.7513,0.0,Zamorano J. et al. (2019). TESS-W sky brightness network. Zenodo monthly archives. https://zenodo.org/records/3378728. CC0 1.0.,TESS station stars232; photometric inflection method; night median MSAS=20.17; MSAS at inflection=19.41; depression=11.49°; smoothing=5-pt median; dark rows=607
fajr,2019-09-23,04:42,1,39.3145,16.7513,0.0,Zamorano J. et al. (2019). TESS-W sky brightness network. Zenodo monthly archives. https://zenodo.org/records/3378728. CC0 1.0.,TESS station stars232; photometric inflection method; night median MSAS=20.17; MSAS at inflection=18.69; depression=12.03°; smoothing=5-pt median; dark rows=607
isha,2019-09-23,19:11,1,39.3145,16.7513,0.0,Zamorano J. et al. (2019). TESS-W sky brightness network. Zenodo monthly archives. https://zenodo.org/records/3378728. CC0 1.0.,TESS station stars232; photometric inflection method; night median MSAS=19.80; MSAS at inflection=20.57; depression=16.70°; smoothing=5-pt median; dark rows=617
fajr,2019-09-24,04:48,1,39.3145,16.7513,0.0,Zamorano J. et al. (2019). TESS-W sky brightness network. Zenodo monthly archives. https://zenodo.org/records/3378728. CC0 1.0.,TESS station stars232; photometric inflection method; night median MSAS=19.80; MSAS at inflection=19.44; depression=11.11°; smoothing=5-pt median; dark rows=617
isha,2019-09-24,18:51,1,39.3145,16.7513,0.0,Zamorano J. et al. (2019). TESS-W sky brightness network. Zenodo monthly archives. https://zenodo.org/records/3378728. CC0 1.0.,TESS station stars232; photometric inflection method; night median MSAS=21.21; MSAS at inflection=20.34; depression=13.12°; smoothing=5-pt median; dark rows=617
fajr,2019-09-25,04:48,1,39.3145,16.7513,0.0,Zamorano J. et al. (2019). TESS-W sky brightness network. Zenodo monthly archives. https://zenodo.org/records/3378728. CC0 1.0.,TESS station stars232; photometric inflection method; night median MSAS=21.21; MSAS at inflection=19.51; depression=11.33°; smoothing=5-pt median; dark rows=617
isha,2019-09-25,19:27,1,39.3145,16.7513,0.0,Zamorano J. et al. (2019). TESS-W sky brightness network. Zenodo monthly archives. https://zenodo.org/records/3378728. CC0 1.0.,TESS station stars232; photometric inflection method; night median MSAS=21.29; MSAS at inflection=21.10; depression=20.24°; smoothing=5-pt median; dark rows=622
fajr,2019-09-26,04:29,1,39.3145,16.7513,0.0,Zamorano J. et al. (2019). TESS-W sky brightness network. Zenodo monthly archives. https://zenodo.org/records/3378728. CC0 1.0.,TESS station stars232; photometric inflection method; night median MSAS=21.29; MSAS at inflection=21.06; depression=15.21°; smoothing=5-pt median; dark rows=622
isha,2019-09-26,19:26,1,39.3145,16.7513,0.0,Zamorano J. et al. (2019). TESS-W sky brightness network. Zenodo monthly archives. https://zenodo.org/records/3378728. CC0 1.0.,TESS station stars232; photometric inflection method; night median MSAS=21.01; MSAS at inflection=19.83; depression=20.31°; smoothing=5-pt median; dark rows=625
fajr,2019-09-27,04:48,1,39.3145,16.7513,0.0,Zamorano J. et al. (2019). TESS-W sky brightness network. Zenodo monthly archives. https://zenodo.org/records/3378728. CC0 1.0.,TESS station stars232; photometric inflection method; night median MSAS=21.01; MSAS at inflection=19.68; depression=11.66°; smoothing=5-pt median; dark rows=625
fajr,2019-09-29,04:35,1,39.3145,16.7513,0.0,Zamorano J. et al. (2019). TESS-W sky brightness network. Zenodo monthly archives. https://zenodo.org/records/3378728. CC0 1.0.,TESS station stars232; photometric inflection method; night median MSAS=21.32; MSAS at inflection=20.95; depression=14.50°; smoothing=5-pt median; dark rows=629
isha,2019-09-29,18:44,1,39.3145,16.7513,0.0,Zamorano J. et al. (2019). TESS-W sky brightness network. Zenodo monthly archives. https://zenodo.org/records/3378728. CC0 1.0.,TESS station stars232; photometric inflection method; night median MSAS=21.36; MSAS at inflection=20.56; depression=13.46°; smoothing=5-pt median; dark rows=616
isha,2019-09-01,19:12,0,43.978085,6.01788,0.0,Zamorano J. et al. (2019). TESS-W sky brightness network. Zenodo monthly archives. https://zenodo.org/records/3378728. CC0 1.0.,TESS station stars239; photometric inflection method; night median MSAS=20.94; MSAS at inflection=18.64; depression=11.17°; smoothing=5-pt median; dark rows=540
isha,2019-09-02,19:12,0,43.978085,6.01788,0.0,Zamorano J. et al. (2019). TESS-W sky brightness network. Zenodo monthly archives. https://zenodo.org/records/3378728. CC0 1.0.,TESS station stars239; photometric inflection method; night median MSAS=21.12; MSAS at inflection=19.09; depression=11.46°; smoothing=5-pt median; dark rows=543
isha,2019-09-03,19:33,0,43.978085,6.01788,0.0,Zamorano J. et al. (2019). TESS-W sky brightness network. Zenodo monthly archives. https://zenodo.org/records/3378728. CC0 1.0.,TESS station stars239; photometric inflection method; night median MSAS=21.14; MSAS at inflection=20.89; depression=15.22°; smoothing=5-pt median; dark rows=546
fajr,2019-09-06,04:04,0,43.978085,6.01788,0.0,Zamorano J. et al. (2019). TESS-W sky brightness network. Zenodo monthly archives. https://zenodo.org/records/3378728. CC0 1.0.,TESS station stars239; photometric inflection method; night median MSAS=20.95; MSAS at inflection=19.62; depression=11.12°; smoothing=5-pt median; dark rows=550
isha,2019-09-01,19:37,-1,27.900833,-15.514722,0.0,Zamorano J. et al. (2019). TESS-W sky brightness network. Zenodo monthly archives. https://zenodo.org/records/3378728. CC0 1.0.,TESS station stars24; photometric inflection method; night median MSAS=20.67; MSAS at inflection=20.46; depression=16.66°; smoothing=5-pt median; dark rows=580
fajr,2019-09-04,04:29,-1,27.900833,-15.514722,0.0,Zamorano J. et al. (2019). TESS-W sky brightness network. Zenodo monthly archives. https://zenodo.org/records/3378728. CC0 1.0.,TESS station stars24; photometric inflection method; night median MSAS=20.69; MSAS at inflection=20.69; depression=16.48°; smoothing=5-pt median; dark rows=587
isha,2019-09-04,19:20,-1,27.900833,-15.514722,0.0,Zamorano J. et al. (2019). TESS-W sky brightness network. Zenodo monthly archives. https://zenodo.org/records/3378728. CC0 1.0.,TESS station stars24; photometric inflection method; night median MSAS=20.60; MSAS at inflection=19.25; depression=13.93°; smoothing=5-pt median; dark rows=588
isha,2019-09-07,19:27,-1,27.900833,-15.514722,0.0,Zamorano J. et al. (2019). TESS-W sky brightness network. Zenodo monthly archives. https://zenodo.org/records/3378728. CC0 1.0.,TESS station stars24; photometric inflection method; night median MSAS=19.31; MSAS at inflection=17.78; depression=16.14°; smoothing=5-pt median; dark rows=589
isha,2019-09-09,18:54,-1,27.900833,-15.514722,0.0,Zamorano J. et al. (2019). TESS-W sky brightness network. Zenodo monthly archives. https://zenodo.org/records/3378728. CC0 1.0.,TESS station stars24; photometric inflection method; night median MSAS=18.76; MSAS at inflection=17.06; depression=9.67°; smoothing=5-pt median; dark rows=596
fajr,2019-09-10,05:00,-1,27.900833,-15.514722,0.0,Zamorano J. et al. (2019). TESS-W sky brightness network. Zenodo monthly archives. https://zenodo.org/records/3378728. CC0 1.0.,TESS station stars24; photometric inflection method; night median MSAS=18.76; MSAS at inflection=17.98; depression=10.46°; smoothing=5-pt median; dark rows=596
isha,2019-09-10,18:55,-1,27.900833,-15.514722,0.0,Zamorano J. et al. (2019). TESS-W sky brightness network. Zenodo monthly archives. https://zenodo.org/records/3378728. CC0 1.0.,TESS station stars24; photometric inflection method; night median MSAS=18.45; MSAS at inflection=17.45; depression=10.01°; smoothing=5-pt median; dark rows=601
isha,2019-09-12,18:46,-1,27.900833,-15.514722,0.0,Zamorano J. et al. (2019). TESS-W sky brightness network. Zenodo monthly archives. https://zenodo.org/records/3378728. CC0 1.0.,TESS station stars24; photometric inflection method; night median MSAS=17.70; MSAS at inflection=15.85; depression=8.70°; smoothing=5-pt median; dark rows=601
fajr,2019-09-13,04:41,-1,27.900833,-15.514722,0.0,Zamorano J. et al. (2019). TESS-W sky brightness network. Zenodo monthly archives. https://zenodo.org/records/3378728. CC0 1.0.,TESS station stars24; photometric inflection method; night median MSAS=17.70; MSAS at inflection=19.76; depression=14.85°; smoothing=5-pt median; dark rows=601
isha,2019-09-14,19:39,-1,27.900833,-15.514722,0.0,Zamorano J. et al. (2019). TESS-W sky brightness network. Zenodo monthly archives. https://zenodo.org/records/3378728. CC0 1.0.,TESS station stars24; photometric inflection method; night median MSAS=17.50; MSAS at inflection=18.91; depression=20.62°; smoothing=5-pt median; dark rows=554
isha,2019-09-17,19:31,-1,27.900833,-15.514722,0.0,Zamorano J. et al. (2019). TESS-W sky brightness network. Zenodo monthly archives. https://zenodo.org/records/3378728. CC0 1.0.,TESS station stars24; photometric inflection method; night median MSAS=18.17; MSAS at inflection=19.25; depression=19.84°; smoothing=5-pt median; dark rows=607
isha,2019-09-18,18:42,-1,27.900833,-15.514722,0.0,Zamorano J. et al. (2019). TESS-W sky brightness network. Zenodo monthly archives. https://zenodo.org/records/3378728. CC0 1.0.,TESS station stars24; photometric inflection method; night median MSAS=18.73; MSAS at inflection=16.72; depression=9.33°; smoothing=5-pt median; dark rows=606
fajr,2019-09-19,05:07,-1,27.900833,-15.514722,0.0,Zamorano J. et al. (2019). TESS-W sky brightness network. Zenodo monthly archives. https://zenodo.org/records/3378728. CC0 1.0.,TESS station stars24; photometric inflection method; night median MSAS=18.73; MSAS at inflection=16.84; depression=10.05°; smoothing=5-pt median; dark rows=606
isha,2019-09-19,19:10,-1,27.900833,-15.514722,0.0,Zamorano J. et al. (2019). TESS-W sky brightness network. Zenodo monthly archives. https://zenodo.org/records/3378728. CC0 1.0.,TESS station stars24; photometric inflection method; night median MSAS=19.29; MSAS at inflection=20.30; depression=15.67°; smoothing=5-pt median; dark rows=607
fajr,2019-09-28,04:25,-1,27.900833,-15.514722,0.0,Zamorano J. et al. (2019). TESS-W sky brightness network. Zenodo monthly archives. https://zenodo.org/records/3378728. CC0 1.0.,TESS station stars24; photometric inflection method; night median MSAS=20.30; MSAS at inflection=20.18; depression=20.21°; smoothing=5-pt median; dark rows=631
isha,2019-09-28,19:08,-1,27.900833,-15.514722,0.0,Zamorano J. et al. (2019). TESS-W sky brightness network. Zenodo monthly archives. https://zenodo.org/records/3378728. CC0 1.0.,TESS station stars24; photometric inflection method; night median MSAS=20.17; MSAS at inflection=19.95; depression=17.72°; smoothing=5-pt median; dark rows=628
isha,2019-09-29,18:32,-1,27.900833,-15.514722,0.0,Zamorano J. et al. (2019). TESS-W sky brightness network. Zenodo monthly archives. https://zenodo.org/records/3378728. CC0 1.0.,TESS station stars24; photometric inflection method; night median MSAS=20.14; MSAS at inflection=18.19; depression=10.02°; smoothing=5-pt median; dark rows=595
fajr,2019-09-30,05:07,-1,27.900833,-15.514722,0.0,Zamorano J. et al. (2019). TESS-W sky brightness network. Zenodo monthly archives. https://zenodo.org/records/3378728. CC0 1.0.,TESS station stars24; photometric inflection method; night median MSAS=20.14; MSAS at inflection=18.58; depression=11.05°; smoothing=5-pt median; dark rows=595
isha,2019-09-02,20:59,0,52.81282,6.395955,0.0,Zamorano J. et al. (2019). TESS-W sky brightness network. Zenodo monthly archives. https://zenodo.org/records/3378728. CC0 1.0.,TESS station stars242; photometric inflection method; night median MSAS=20.17; MSAS at inflection=20.26; depression=21.07°; smoothing=5-pt median; dark rows=458
isha,2019-09-04,19:43,0,52.81282,6.395955,0.0,Zamorano J. et al. (2019). TESS-W sky brightness network. Zenodo monthly archives. https://zenodo.org/records/3378728. CC0 1.0.,TESS station stars242; photometric inflection method; night median MSAS=20.72; MSAS at inflection=20.16; depression=12.92°; smoothing=5-pt median; dark rows=500
isha,2019-09-05,20:20,0,52.81282,6.395955,0.0,Zamorano J. et al. (2019). TESS-W sky brightness network. Zenodo monthly archives. https://zenodo.org/records/3378728. CC0 1.0.,TESS station stars242; photometric inflection method; night median MSAS=20.57; MSAS at inflection=20.48; depression=17.90°; smoothing=5-pt median; dark rows=177
fajr,2019-09-05,20:49,0,52.81282,6.395955,0.0,Zamorano J. et al. (2019). TESS-W sky brightness network. Zenodo monthly archives. https://zenodo.org/records/3378728. CC0 1.0.,TESS station stars242; photometric inflection method; night median MSAS=20.57; MSAS at inflection=20.57; depression=21.16°; smoothing=5-pt median; dark rows=177
fajr,2019-09-07,19:42,0,52.81282,6.395955,0.0,Zamorano J. et al. (2019). TESS-W sky brightness network. Zenodo monthly archives. https://zenodo.org/records/3378728. CC0 1.0.,TESS station stars242; photometric inflection method; night median MSAS=19.14; MSAS at inflection=19.40; depression=13.87°; smoothing=5-pt median; dark rows=108
isha,2019-09-08,19:23,0,52.81282,6.395955,0.0,Zamorano J. et al. (2019). TESS-W sky brightness network. Zenodo monthly archives. https://zenodo.org/records/3378728. CC0 1.0.,TESS station stars242; photometric inflection method; night median MSAS=19.81; MSAS at inflection=19.21; depression=11.75°; smoothing=5-pt median; dark rows=41
isha,2019-09-09,19:37,0,52.81282,6.395955,0.0,Zamorano J. et al. (2019). TESS-W sky brightness network. Zenodo monthly archives. https://zenodo.org/records/3378728. CC0 1.0.,TESS station stars242; photometric inflection method; night median MSAS=19.50; MSAS at inflection=19.36; depression=13.96°; smoothing=5-pt median; dark rows=523
isha,2019-09-10,20:14,0,52.81282,6.395955,0.0,Zamorano J. et al. (2019). TESS-W sky brightness network. Zenodo monthly archives. https://zenodo.org/records/3378728. CC0 1.0.,TESS station stars242; photometric inflection method; night median MSAS=19.29; MSAS at inflection=19.01; depression=19.07°; smoothing=5-pt median; dark rows=529
fajr,2019-09-11,03:44,0,52.81282,6.395955,0.0,Zamorano J. et al. (2019). TESS-W sky brightness network. Zenodo monthly archives. https://zenodo.org/records/3378728. CC0 1.0.,TESS station stars242; photometric inflection method; night median MSAS=19.29; MSAS at inflection=19.49; depression=11.82°; smoothing=5-pt median; dark rows=529
isha,2019-09-12,03:06,0,52.81282,6.395955,0.0,Zamorano J. et al. (2019). TESS-W sky brightness network. Zenodo monthly archives. https://zenodo.org/records/3378728. CC0 1.0.,TESS station stars242; photometric inflection method; night median MSAS=19.69; MSAS at inflection=20.45; depression=17.22°; smoothing=5-pt median; dark rows=132
isha,2019-09-12,19:10,0,52.81282,6.395955,0.0,Zamorano J. et al. (2019). TESS-W sky brightness network. Zenodo monthly archives. https://zenodo.org/records/3378728. CC0 1.0.,TESS station stars242; photometric inflection method; night median MSAS=18.52; MSAS at inflection=18.20; depression=11.37°; smoothing=5-pt median; dark rows=538
fajr,2019-09-13,04:04,0,52.81282,6.395955,0.0,Zamorano J. et al. (2019). TESS-W sky brightness network. Zenodo monthly archives. https://zenodo.org/records/3378728. CC0 1.0.,TESS station stars242; photometric inflection method; night median MSAS=18.52; MSAS at inflection=17.48; depression=9.53°; smoothing=5-pt median; dark rows=538
fajr,2019-09-14,04:12,0,52.81282,6.395955,0.0,Zamorano J. et al. (2019). TESS-W sky brightness network. Zenodo monthly archives. https://zenodo.org/records/3378728. CC0 1.0.,TESS station stars242; photometric inflection method; night median MSAS=18.52; MSAS at inflection=17.08; depression=8.77°; smoothing=5-pt median; dark rows=539
fajr,2019-09-15,03:12,0,52.81282,6.395955,0.0,Zamorano J. et al. (2019). TESS-W sky brightness network. Zenodo monthly archives. https://zenodo.org/records/3378728. CC0 1.0.,TESS station stars242; photometric inflection method; night median MSAS=18.19; MSAS at inflection=17.52; depression=17.30°; smoothing=5-pt median; dark rows=546
isha,2019-09-15,18:44,0,52.81282,6.395955,0.0,Zamorano J. et al. (2019). TESS-W sky brightness network. Zenodo monthly archives. https://zenodo.org/records/3378728. CC0 1.0.,TESS station stars242; photometric inflection method; night median MSAS=17.93; MSAS at inflection=16.63; depression=8.77°; smoothing=5-pt median; dark rows=391
isha,2019-09-16,18:51,0,52.81282,6.395955,0.0,Zamorano J. et al. (2019). TESS-W sky brightness network. Zenodo monthly archives. https://zenodo.org/records/3378728. CC0 1.0.,TESS station stars242; photometric inflection method; night median MSAS=18.41; MSAS at inflection=18.13; depression=10.15°; smoothing=5-pt median; dark rows=556
fajr,2019-09-17,03:16,0,52.81282,6.395955,0.0,Zamorano J. et al. (2019). TESS-W sky brightness network. Zenodo monthly archives. https://zenodo.org/records/3378728. CC0 1.0.,TESS station stars242; photometric inflection method; night median MSAS=18.41; MSAS at inflection=17.28; depression=17.25°; smoothing=5-pt median; dark rows=556
fajr,2019-09-18,03:16,0,52.81282,6.395955,0.0,Zamorano J. et al. (2019). TESS-W sky brightness network. Zenodo monthly archives. https://zenodo.org/records/3378728. CC0 1.0.,TESS station stars242; photometric inflection method; night median MSAS=18.53; MSAS at inflection=18.47; depression=17.51°; smoothing=5-pt median; dark rows=561
isha,2019-09-18,19:52,0,52.81282,6.395955,0.0,Zamorano J. et al. (2019). TESS-W sky brightness network. Zenodo monthly archives. https://zenodo.org/records/3378728. CC0 1.0.,TESS station stars242; photometric inflection method; night median MSAS=18.85; MSAS at inflection=19.96; depression=19.34°; smoothing=5-pt median; dark rows=560
isha,2019-09-19,19:34,0,52.81282,6.395955,0.0,Zamorano J. et al. (2019). TESS-W sky brightness network. Zenodo monthly archives. https://zenodo.org/records/3378728. CC0 1.0.,TESS station stars242; photometric inflection method; night median MSAS=19.42; MSAS at inflection=20.65; depression=17.26°; smoothing=5-pt median; dark rows=567
fajr,2019-09-22,03:44,0,52.81282,6.395955,0.0,Zamorano J. et al. (2019). TESS-W sky brightness network. Zenodo monthly archives. https://zenodo.org/records/3378728. CC0 1.0.,TESS station stars242; photometric inflection method; night median MSAS=20.33; MSAS at inflection=19.33; depression=14.82°; smoothing=5-pt median; dark rows=577
fajr,2019-09-24,03:09,0,52.81282,6.395955,0.0,Zamorano J. et al. (2019). TESS-W sky brightness network. Zenodo monthly archives. https://zenodo.org/records/3378728. CC0 1.0.,TESS station stars242; photometric inflection method; night median MSAS=20.09; MSAS at inflection=19.88; depression=20.18°; smoothing=5-pt median; dark rows=309
isha,2019-09-26,18:42,0,52.81282,6.395955,0.0,Zamorano J. et al. (2019). TESS-W sky brightness network. Zenodo monthly archives. https://zenodo.org/records/3378728. CC0 1.0.,TESS station stars242; photometric inflection method; night median MSAS=20.88; MSAS at inflection=19.79; depression=12.49°; smoothing=5-pt median; dark rows=469
fajr,2019-09-27,03:32,0,52.81282,6.395955,0.0,Zamorano J. et al. (2019). TESS-W sky brightness network. Zenodo monthly archives. https://zenodo.org/records/3378728. CC0 1.0.,TESS station stars242; photometric inflection method; night median MSAS=20.88; MSAS at inflection=20.85; depression=17.83°; smoothing=5-pt median; dark rows=469
isha,2019-09-27,18:21,0,52.81282,6.395955,0.0,Zamorano J. et al. (2019). TESS-W sky brightness network. Zenodo monthly archives. https://zenodo.org/records/3378728. CC0 1.0.,TESS station stars242; photometric inflection method; night median MSAS=20.34; MSAS at inflection=17.91; depression=9.84°; smoothing=5-pt median; dark rows=176
isha,2019-09-28,18:17,0,52.81282,6.395955,0.0,Zamorano J. et al. (2019). TESS-W sky brightness network. Zenodo monthly archives. https://zenodo.org/records/3378728. CC0 1.0.,TESS station stars242; photometric inflection method; night median MSAS=19.73; MSAS at inflection=18.31; depression=9.65°; smoothing=5-pt median; dark rows=25
fajr,2019-09-30,03:37,0,52.81282,6.395955,0.0,Zamorano J. et al. (2019). TESS-W sky brightness network. Zenodo monthly archives. https://zenodo.org/records/3378728. CC0 1.0.,TESS station stars242; photometric inflection method; night median MSAS=20.71; MSAS at inflection=20.62; depression=17.99°; smoothing=5-pt median; dark rows=186
isha,2019-09-30,18:56,0,52.81282,6.395955,0.0,Zamorano J. et al. (2019). TESS-W sky brightness network. Zenodo monthly archives. https://zenodo.org/records/3378728. CC0 1.0.,TESS station stars242; photometric inflection method; night median MSAS=19.99; MSAS at inflection=20.00; depression=15.99°; smoothing=5-pt median; dark rows=330
fajr,2019-09-04,03:29,0,50.858144,5.836412,0.0,Zamorano J. et al. (2019). TESS-W sky brightness network. Zenodo monthly archives. https://zenodo.org/records/3378728. CC0 1.0.,TESS station stars243; photometric inflection method; night median MSAS=18.01; MSAS at inflection=19.21; depression=13.30°; smoothing=5-pt median; dark rows=511
isha,2019-09-04,19:26,0,50.858144,5.836412,0.0,Zamorano J. et al. (2019). TESS-W sky brightness network. Zenodo monthly archives. https://zenodo.org/records/3378728. CC0 1.0.,TESS station stars243; photometric inflection method; night median MSAS=19.74; MSAS at inflection=18.90; depression=11.23°; smoothing=5-pt median; dark rows=516
isha,2019-09-15,18:38,0,50.858144,5.836412,0.0,Zamorano J. et al. (2019). TESS-W sky brightness network. Zenodo monthly archives. https://zenodo.org/records/3378728. CC0 1.0.,TESS station stars243; photometric inflection method; night median MSAS=17.55; MSAS at inflection=16.61; depression=8.19°; smoothing=5-pt median; dark rows=562
fajr,2019-09-16,04:24,0,50.858144,5.836412,0.0,Zamorano J. et al. (2019). TESS-W sky brightness network. Zenodo monthly archives. https://zenodo.org/records/3378728. CC0 1.0.,TESS station stars243; photometric inflection method; night median MSAS=17.55; MSAS at inflection=16.28; depression=8.30°; smoothing=5-pt median; dark rows=562
isha,2019-09-17,19:11,0,50.858144,5.836412,0.0,Zamorano J. et al. (2019). TESS-W sky brightness network. Zenodo monthly archives. https://zenodo.org/records/3378728. CC0 1.0.,TESS station stars243; photometric inflection method; night median MSAS=18.61; MSAS at inflection=19.34; depression=13.85°; smoothing=5-pt median; dark rows=570
fajr,2019-09-23,03:17,0,50.858144,5.836412,0.0,Zamorano J. et al. (2019). TESS-W sky brightness network. Zenodo monthly archives. https://zenodo.org/records/3378728. CC0 1.0.,TESS station stars243; photometric inflection method; night median MSAS=17.56; MSAS at inflection=17.38; depression=20.06°; smoothing=5-pt median; dark rows=589
fajr,2019-09-29,04:43,0,50.858144,5.836412,0.0,Zamorano J. et al. (2019). TESS-W sky brightness network. Zenodo monthly archives. https://zenodo.org/records/3378728. CC0 1.0.,TESS station stars243; photometric inflection method; night median MSAS=18.08; MSAS at inflection=17.06; depression=8.65°; smoothing=5-pt median; dark rows=614
isha,2019-08-31,19:00,-5,7.802413,-80.758412,0.0,Zamorano J. et al. (2019). TESS-W sky brightness network. Zenodo monthly archives. https://zenodo.org/records/3378728. CC0 1.0.,TESS station stars247; photometric inflection method; night median MSAS=18.55; MSAS at inflection=16.44; depression=7.99°; smoothing=5-pt median; dark rows=626
fajr,2019-09-05,05:31,-5,7.802413,-80.758412,0.0,Zamorano J. et al. (2019). TESS-W sky brightness network. Zenodo monthly archives. https://zenodo.org/records/3378728. CC0 1.0.,TESS station stars247; photometric inflection method; night median MSAS=18.19; MSAS at inflection=18.40; depression=11.51°; smoothing=5-pt median; dark rows=578
isha,2019-09-09,19:15,-5,7.802413,-80.758412,0.0,Zamorano J. et al. (2019). TESS-W sky brightness network. Zenodo monthly archives. https://zenodo.org/records/3378728. CC0 1.0.,TESS station stars247; photometric inflection method; night median MSAS=17.86; MSAS at inflection=17.19; depression=13.00°; smoothing=5-pt median; dark rows=624
fajr,2019-09-10,05:31,-5,7.802413,-80.758412,0.0,Zamorano J. et al. (2019). TESS-W sky brightness network. Zenodo monthly archives. https://zenodo.org/records/3378728. CC0 1.0.,TESS station stars247; photometric inflection method; night median MSAS=17.86; MSAS at inflection=18.90; depression=11.40°; smoothing=5-pt median; dark rows=624
isha,2019-09-21,19:16,-5,7.802413,-80.758412,0.0,Zamorano J. et al. (2019). TESS-W sky brightness network. Zenodo monthly archives. https://zenodo.org/records/3378728. CC0 1.0.,TESS station stars247; photometric inflection method; night median MSAS=18.38; MSAS at inflection=18.04; depression=14.91°; smoothing=5-pt median; dark rows=629
isha,2019-09-23,19:14,-5,7.802413,-80.758412,0.0,Zamorano J. et al. (2019). TESS-W sky brightness network. Zenodo monthly archives. https://zenodo.org/records/3378728. CC0 1.0.,TESS station stars247; photometric inflection method; night median MSAS=18.95; MSAS at inflection=16.66; depression=14.62°; smoothing=5-pt median; dark rows=610
fajr,2019-09-24,05:15,-5,7.802413,-80.758412,0.0,Zamorano J. et al. (2019). TESS-W sky brightness network. Zenodo monthly archives. https://zenodo.org/records/3378728. CC0 1.0.,TESS station stars247; photometric inflection method; night median MSAS=18.95; MSAS at inflection=16.59; depression=14.91°; smoothing=5-pt median; dark rows=610
fajr,2019-09-27,04:49,-5,7.802413,-80.758412,0.0,Zamorano J. et al. (2019). TESS-W sky brightness network. Zenodo monthly archives. https://zenodo.org/records/3378728. CC0 1.0.,TESS station stars247; photometric inflection method; night median MSAS=18.41; MSAS at inflection=16.79; depression=21.27°; smoothing=5-pt median; dark rows=581
isha,2019-09-29,19:06,-5,7.802413,-80.758412,0.0,Zamorano J. et al. (2019). TESS-W sky brightness network. Zenodo monthly archives. https://zenodo.org/records/3378728. CC0 1.0.,TESS station stars247; photometric inflection method; night median MSAS=18.09; MSAS at inflection=18.67; depression=13.43°; smoothing=5-pt median; dark rows=630
isha,2019-09-01,19:39,0,41.663445,-4.705993,0.0,Zamorano J. et al. (2019). TESS-W sky brightness network. Zenodo monthly archives. https://zenodo.org/records/3378728. CC0 1.0.,TESS station stars250; photometric inflection method; night median MSAS=18.81; MSAS at inflection=16.52; depression=9.24°; smoothing=5-pt median; dark rows=544
fajr,2019-09-02,04:49,0,41.663445,-4.705993,0.0,Zamorano J. et al. (2019). TESS-W sky brightness network. Zenodo monthly archives. https://zenodo.org/records/3378728. CC0 1.0.,TESS station stars250; photometric inflection method; night median MSAS=18.81; MSAS at inflection=18.18; depression=10.81°; smoothing=5-pt median; dark rows=544
fajr,2019-09-03,05:01,0,41.663445,-4.705993,0.0,Zamorano J. et al. (2019). TESS-W sky brightness network. Zenodo monthly archives. https://zenodo.org/records/3378728. CC0 1.0.,TESS station stars250; photometric inflection method; night median MSAS=18.90; MSAS at inflection=16.61; depression=8.90°; smoothing=5-pt median; dark rows=545
isha,2019-09-03,19:36,0,41.663445,-4.705993,0.0,Zamorano J. et al. (2019). TESS-W sky brightness network. Zenodo monthly archives. https://zenodo.org/records/3378728. CC0 1.0.,TESS station stars250; photometric inflection method; night median MSAS=18.92; MSAS at inflection=16.61; depression=9.34°; smoothing=5-pt median; dark rows=552
isha,2019-09-04,19:33,0,41.663445,-4.705993,0.0,Zamorano J. et al. (2019). TESS-W sky brightness network. Zenodo monthly archives. https://zenodo.org/records/3378728. CC0 1.0.,TESS station stars250; photometric inflection method; night median MSAS=18.61; MSAS at inflection=16.51; depression=9.05°; smoothing=5-pt median; dark rows=554
fajr,2019-09-05,03:47,0,41.663445,-4.705993,0.0,Zamorano J. et al. (2019). TESS-W sky brightness network. Zenodo monthly archives. https://zenodo.org/records/3378728. CC0 1.0.,TESS station stars250; photometric inflection method; night median MSAS=18.61; MSAS at inflection=17.98; depression=21.81°; smoothing=5-pt median; dark rows=554
isha,2019-09-06,20:01,0,41.663445,-4.705993,0.0,Zamorano J. et al. (2019). TESS-W sky brightness network. Zenodo monthly archives. https://zenodo.org/records/3378728. CC0 1.0.,TESS station stars250; photometric inflection method; night median MSAS=18.86; MSAS at inflection=18.33; depression=14.62°; smoothing=5-pt median; dark rows=558
fajr,2019-09-08,05:09,0,41.663445,-4.705993,0.0,Zamorano J. et al. (2019). TESS-W sky brightness network. Zenodo monthly archives. https://zenodo.org/records/3378728. CC0 1.0.,TESS station stars250; photometric inflection method; night median MSAS=18.88; MSAS at inflection=16.71; depression=8.51°; smoothing=5-pt median; dark rows=563
fajr,2019-09-10,05:17,0,41.663445,-4.705993,0.0,Zamorano J. et al. (2019). TESS-W sky brightness network. Zenodo monthly archives. https://zenodo.org/records/3378728. CC0 1.0.,TESS station stars250; photometric inflection method; night median MSAS=18.34; MSAS at inflection=15.92; depression=7.35°; smoothing=5-pt median; dark rows=563
isha,2019-09-10,20:13,0,41.663445,-4.705993,0.0,Zamorano J. et al. (2019). TESS-W sky brightness network. Zenodo monthly archives. https://zenodo.org/records/3378728. CC0 1.0.,TESS station stars250; photometric inflection method; night median MSAS=17.85; MSAS at inflection=18.25; depression=18.10°; smoothing=5-pt median; dark rows=573
fajr,2019-09-11,04:25,0,41.663445,-4.705993,0.0,Zamorano J. et al. (2019). TESS-W sky brightness network. Zenodo monthly archives. https://zenodo.org/records/3378728. CC0 1.0.,TESS station stars250; photometric inflection method; night median MSAS=17.85; MSAS at inflection=17.64; depression=16.94°; smoothing=5-pt median; dark rows=573
isha,2019-09-11,19:34,0,41.663445,-4.705993,0.0,Zamorano J. et al. (2019). TESS-W sky brightness network. Zenodo monthly archives. https://zenodo.org/records/3378728. CC0 1.0.,TESS station stars250; photometric inflection method; night median MSAS=18.06; MSAS at inflection=17.76; depression=11.53°; smoothing=5-pt median; dark rows=573
fajr,2019-09-12,04:46,0,41.663445,-4.705993,0.0,Zamorano J. et al. (2019). TESS-W sky brightness network. Zenodo monthly archives. https://zenodo.org/records/3378728. CC0 1.0.,TESS station stars250; photometric inflection method; night median MSAS=18.06; MSAS at inflection=18.70; depression=13.42°; smoothing=5-pt median; dark rows=573
isha,2019-09-12,19:21,0,41.663445,-4.705993,0.0,Zamorano J. et al. (2019). TESS-W sky brightness network. Zenodo monthly archives. https://zenodo.org/records/3378728. CC0 1.0.,TESS station stars250; photometric inflection method; night median MSAS=17.72; MSAS at inflection=16.71; depression=9.56°; smoothing=5-pt median; dark rows=576
fajr,2019-09-13,05:17,0,41.663445,-4.705993,0.0,Zamorano J. et al. (2019). TESS-W sky brightness network. Zenodo monthly archives. https://zenodo.org/records/3378728. CC0 1.0.,TESS station stars250; photometric inflection method; night median MSAS=17.72; MSAS at inflection=15.95; depression=8.02°; smoothing=5-pt median; dark rows=576
isha,2019-09-18,19:03,0,41.663445,-4.705993,0.0,Zamorano J. et al. (2019). TESS-W sky brightness network. Zenodo monthly archives. https://zenodo.org/records/3378728. CC0 1.0.,TESS station stars250; photometric inflection method; night median MSAS=18.09; MSAS at inflection=16.24; depression=8.26°; smoothing=5-pt median; dark rows=593
isha,2019-09-19,19:01,0,41.663445,-4.705993,0.0,Zamorano J. et al. (2019). TESS-W sky brightness network. Zenodo monthly archives. https://zenodo.org/records/3378728. CC0 1.0.,TESS station stars250; photometric inflection method; night median MSAS=18.00; MSAS at inflection=16.20; depression=8.27°; smoothing=5-pt median; dark rows=590
isha,2019-09-22,19:05,0,41.663445,-4.705993,0.0,Zamorano J. et al. (2019). TESS-W sky brightness network. Zenodo monthly archives. https://zenodo.org/records/3378728. CC0 1.0.,TESS station stars250; photometric inflection method; night median MSAS=18.64; MSAS at inflection=17.80; depression=9.92°; smoothing=5-pt median; dark rows=588
fajr,2019-09-28,05:23,0,41.663445,-4.705993,0.0,Zamorano J. et al. (2019). TESS-W sky brightness network. Zenodo monthly archives. https://zenodo.org/records/3378728. CC0 1.0.,TESS station stars250; photometric inflection method; night median MSAS=18.89; MSAS at inflection=17.48; depression=9.80°; smoothing=5-pt median; dark rows=610
isha,2019-09-29,18:52,0,41.663445,-4.705993,0.0,Zamorano J. et al. (2019). TESS-W sky brightness network. Zenodo monthly archives. https://zenodo.org/records/3378728. CC0 1.0.,TESS station stars250; photometric inflection method; night median MSAS=18.97; MSAS at inflection=17.19; depression=9.71°; smoothing=5-pt median; dark rows=622
isha,2019-09-30,19:18,0,41.663445,-4.705993,0.0,Zamorano J. et al. (2019). TESS-W sky brightness network. Zenodo monthly archives. https://zenodo.org/records/3378728. CC0 1.0.,TESS station stars250; photometric inflection method; night median MSAS=18.73; MSAS at inflection=18.51; depression=14.98°; smoothing=5-pt median; dark rows=303
fajr,2019-09-02,02:22,2,55.699281,36.758709,0.0,Zamorano J. et al. (2019). TESS-W sky brightness network. Zenodo monthly archives. https://zenodo.org/records/3378728. CC0 1.0.,TESS station stars252; photometric inflection method; night median MSAS=19.95; MSAS at inflection=20.19; depression=17.20°; smoothing=5-pt median; dark rows=468
fajr,2019-09-03,03:23,2,55.699281,36.758709,0.0,Zamorano J. et al. (2019). TESS-W sky brightness network. Zenodo monthly archives. https://zenodo.org/records/3378728. CC0 1.0.,TESS station stars252; photometric inflection method; night median MSAS=19.94; MSAS at inflection=18.29; depression=10.82°; smoothing=5-pt median; dark rows=473
isha,2019-09-03,20:27,2,55.699281,36.758709,0.0,Zamorano J. et al. (2019). TESS-W sky brightness network. Zenodo monthly archives. https://zenodo.org/records/3378728. CC0 1.0.,TESS station stars252; photometric inflection method; night median MSAS=18.70; MSAS at inflection=19.82; depression=16.24°; smoothing=5-pt median; dark rows=479
fajr,2019-09-04,02:51,2,55.699281,36.758709,0.0,Zamorano J. et al. (2019). TESS-W sky brightness network. Zenodo monthly archives. https://zenodo.org/records/3378728. CC0 1.0.,TESS station stars252; photometric inflection method; night median MSAS=18.70; MSAS at inflection=18.64; depression=14.80°; smoothing=5-pt median; dark rows=479
isha,2019-09-04,19:42,2,55.699281,36.758709,0.0,Zamorano J. et al. (2019). TESS-W sky brightness network. Zenodo monthly archives. https://zenodo.org/records/3378728. CC0 1.0.,TESS station stars252; photometric inflection method; night median MSAS=18.66; MSAS at inflection=18.79; depression=11.54°; smoothing=5-pt median; dark rows=484
fajr,2019-09-05,03:22,2,55.699281,36.758709,0.0,Zamorano J. et al. (2019). TESS-W sky brightness network. Zenodo monthly archives. https://zenodo.org/records/3378728. CC0 1.0.,TESS station stars252; photometric inflection method; night median MSAS=18.66; MSAS at inflection=18.74; depression=11.48°; smoothing=5-pt median; dark rows=484
isha,2019-09-05,20:42,2,55.699281,36.758709,0.0,Zamorano J. et al. (2019). TESS-W sky brightness network. Zenodo monthly archives. https://zenodo.org/records/3378728. CC0 1.0.,TESS station stars252; photometric inflection method; night median MSAS=19.11; MSAS at inflection=18.94; depression=18.56°; smoothing=5-pt median; dark rows=489
fajr,2019-09-06,03:34,2,55.699281,36.758709,0.0,Zamorano J. et al. (2019). TESS-W sky brightness network. Zenodo monthly archives. https://zenodo.org/records/3378728. CC0 1.0.,TESS station stars252; photometric inflection method; night median MSAS=19.11; MSAS at inflection=18.09; depression=10.30°; smoothing=5-pt median; dark rows=489
isha,2019-09-06,19:41,2,55.699281,36.758709,0.0,Zamorano J. et al. (2019). TESS-W sky brightness network. Zenodo monthly archives. https://zenodo.org/records/3378728. CC0 1.0.,TESS station stars252; photometric inflection method; night median MSAS=20.10; MSAS at inflection=18.70; depression=12.09°; smoothing=5-pt median; dark rows=494
fajr,2019-09-08,01:57,2,55.699281,36.758709,0.0,Zamorano J. et al. (2019). TESS-W sky brightness network. Zenodo monthly archives. https://zenodo.org/records/3378728. CC0 1.0.,TESS station stars252; photometric inflection method; night median MSAS=19.62; MSAS at inflection=19.21; depression=21.40°; smoothing=5-pt median; dark rows=499
fajr,2019-09-09,02:43,2,55.699281,36.758709,0.0,Zamorano J. et al. (2019). TESS-W sky brightness network. Zenodo monthly archives. https://zenodo.org/records/3378728. CC0 1.0.,TESS station stars252; photometric inflection method; night median MSAS=19.81; MSAS at inflection=19.87; depression=17.09°; smoothing=5-pt median; dark rows=504
isha,2019-09-10,19:00,2,55.699281,36.758709,0.0,Zamorano J. et al. (2019). TESS-W sky brightness network. Zenodo monthly archives. https://zenodo.org/records/3378728. CC0 1.0.,TESS station stars252; photometric inflection method; night median MSAS=18.91; MSAS at inflection=16.73; depression=8.43°; smoothing=5-pt median; dark rows=507
fajr,2019-09-11,02:39,2,55.699281,36.758709,0.0,Zamorano J. et al. (2019). TESS-W sky brightness network. Zenodo monthly archives. https://zenodo.org/records/3378728. CC0 1.0.,TESS station stars252; photometric inflection method; night median MSAS=18.91; MSAS at inflection=19.75; depression=18.21°; smoothing=5-pt median; dark rows=507
fajr,2019-09-13,03:45,2,55.699281,36.758709,0.0,Zamorano J. et al. (2019). TESS-W sky brightness network. Zenodo monthly archives. https://zenodo.org/records/3378728. CC0 1.0.,TESS station stars252; photometric inflection method; night median MSAS=18.40; MSAS at inflection=19.00; depression=10.90°; smoothing=5-pt median; dark rows=523
isha,2019-09-15,20:10,2,55.699281,36.758709,0.0,Zamorano J. et al. (2019). TESS-W sky brightness network. Zenodo monthly archives. https://zenodo.org/records/3378728. CC0 1.0.,TESS station stars252; photometric inflection method; night median MSAS=17.57; MSAS at inflection=17.99; depression=18.85°; smoothing=5-pt median; dark rows=539
fajr,2019-09-16,02:58,2,55.699281,36.758709,0.0,Zamorano J. et al. (2019). TESS-W sky brightness network. Zenodo monthly archives. https://zenodo.org/records/3378728. CC0 1.0.,TESS station stars252; photometric inflection method; night median MSAS=17.57; MSAS at inflection=17.80; depression=17.53°; smoothing=5-pt median; dark rows=539
isha,2019-09-16,19:55,2,55.699281,36.758709,0.0,Zamorano J. et al. (2019). TESS-W sky brightness network. Zenodo monthly archives. https://zenodo.org/records/3378728. CC0 1.0.,TESS station stars252; photometric inflection method; night median MSAS=18.30; MSAS at inflection=19.41; depression=17.58°; smoothing=5-pt median; dark rows=544
isha,2019-09-17,18:37,2,55.699281,36.758709,0.0,Zamorano J. et al. (2019). TESS-W sky brightness network. Zenodo monthly archives. https://zenodo.org/records/3378728. CC0 1.0.,TESS station stars252; photometric inflection method; night median MSAS=18.07; MSAS at inflection=16.18; depression=7.89°; smoothing=5-pt median; dark rows=549
isha,2019-09-19,20:21,2,55.699281,36.758709,0.0,Zamorano J. et al. (2019). TESS-W sky brightness network. Zenodo monthly archives. https://zenodo.org/records/3378728. CC0 1.0.,TESS station stars252; photometric inflection method; night median MSAS=18.21; MSAS at inflection=18.51; depression=21.65°; smoothing=5-pt median; dark rows=559
isha,2019-09-21,19:25,2,55.699281,36.758709,0.0,Zamorano J. et al. (2019). TESS-W sky brightness network. Zenodo monthly archives. https://zenodo.org/records/3378728. CC0 1.0.,TESS station stars252; photometric inflection method; night median MSAS=18.31; MSAS at inflection=18.54; depression=15.79°; smoothing=5-pt median; dark rows=568
fajr,2019-09-22,03:57,2,55.699281,36.758709,0.0,Zamorano J. et al. (2019). TESS-W sky brightness network. Zenodo monthly archives. https://zenodo.org/records/3378728. CC0 1.0.,TESS station stars252; photometric inflection method; night median MSAS=18.31; MSAS at inflection=17.93; depression=11.84°; smoothing=5-pt median; dark rows=568
fajr,2019-09-23,03:51,2,55.699281,36.758709,0.0,Zamorano J. et al. (2019). TESS-W sky brightness network. Zenodo monthly archives. https://zenodo.org/records/3378728. CC0 1.0.,TESS station stars252; photometric inflection method; night median MSAS=18.88; MSAS at inflection=18.23; depression=12.95°; smoothing=5-pt median; dark rows=573
fajr,2019-09-24,04:20,2,55.699281,36.758709,0.0,Zamorano J. et al. (2019). TESS-W sky brightness network. Zenodo monthly archives. https://zenodo.org/records/3378728. CC0 1.0.,TESS station stars252; photometric inflection method; night median MSAS=19.83; MSAS at inflection=17.50; depression=9.24°; smoothing=5-pt median; dark rows=578
isha,2019-09-24,18:22,2,55.699281,36.758709,0.0,Zamorano J. et al. (2019). TESS-W sky brightness network. Zenodo monthly archives. https://zenodo.org/records/3378728. CC0 1.0.,TESS station stars252; photometric inflection method; night median MSAS=18.64; MSAS at inflection=16.60; depression=8.51°; smoothing=5-pt median; dark rows=583
fajr,2019-09-25,03:39,2,55.699281,36.758709,0.0,Zamorano J. et al. (2019). TESS-W sky brightness network. Zenodo monthly archives. https://zenodo.org/records/3378728. CC0 1.0.,TESS station stars252; photometric inflection method; night median MSAS=18.64; MSAS at inflection=18.61; depression=15.06°; smoothing=5-pt median; dark rows=583
isha,2019-09-25,18:23,2,55.699281,36.758709,0.0,Zamorano J. et al. (2019). TESS-W sky brightness network. Zenodo monthly archives. https://zenodo.org/records/3378728. CC0 1.0.,TESS station stars252; photometric inflection method; night median MSAS=18.51; MSAS at inflection=17.36; depression=9.04°; smoothing=5-pt median; dark rows=584
fajr,2019-09-27,04:21,2,55.699281,36.758709,0.0,Zamorano J. et al. (2019). TESS-W sky brightness network. Zenodo monthly archives. https://zenodo.org/records/3378728. CC0 1.0.,TESS station stars252; photometric inflection method; night median MSAS=19.74; MSAS at inflection=18.32; depression=9.97°; smoothing=5-pt median; dark rows=592
isha,2019-09-27,18:22,2,55.699281,36.758709,0.0,Zamorano J. et al. (2019). TESS-W sky brightness network. Zenodo monthly archives. https://zenodo.org/records/3378728. CC0 1.0.,TESS station stars252; photometric inflection method; night median MSAS=18.77; MSAS at inflection=17.37; depression=9.63°; smoothing=5-pt median; dark rows=598
fajr,2019-09-28,04:23,2,55.699281,36.758709,0.0,Zamorano J. et al. (2019). TESS-W sky brightness network. Zenodo monthly archives. https://zenodo.org/records/3378728. CC0 1.0.,TESS station stars252; photometric inflection method; night median MSAS=18.77; MSAS at inflection=18.27; depression=10.00°; smoothing=5-pt median; dark rows=598
isha,2019-09-28,18:20,2,55.699281,36.758709,0.0,Zamorano J. et al. (2019). TESS-W sky brightness network. Zenodo monthly archives. https://zenodo.org/records/3378728. CC0 1.0.,TESS station stars252; photometric inflection method; night median MSAS=18.53; MSAS at inflection=17.40; depression=9.68°; smoothing=5-pt median; dark rows=602
fajr,2019-09-29,03:49,2,55.699281,36.758709,0.0,Zamorano J. et al. (2019). TESS-W sky brightness network. Zenodo monthly archives. https://zenodo.org/records/3378728. CC0 1.0.,TESS station stars252; photometric inflection method; night median MSAS=18.53; MSAS at inflection=18.65; depression=14.91°; smoothing=5-pt median; dark rows=602
isha,2019-09-29,18:56,2,55.699281,36.758709,0.0,Zamorano J. et al. (2019). TESS-W sky brightness network. Zenodo monthly archives. https://zenodo.org/records/3378728. CC0 1.0.,TESS station stars252; photometric inflection method; night median MSAS=18.85; MSAS at inflection=18.64; depression=14.97°; smoothing=5-pt median; dark rows=607
fajr,2019-09-30,03:34,2,55.699281,36.758709,0.0,Zamorano J. et al. (2019). TESS-W sky brightness network. Zenodo monthly archives. https://zenodo.org/records/3378728. CC0 1.0.,TESS station stars252; photometric inflection method; night median MSAS=18.85; MSAS at inflection=18.66; depression=17.09°; smoothing=5-pt median; dark rows=607
isha,2019-09-30,19:09,2,55.699281,36.758709,0.0,Zamorano J. et al. (2019). TESS-W sky brightness network. Zenodo monthly archives. https://zenodo.org/records/3378728. CC0 1.0.,TESS station stars252; photometric inflection method; night median MSAS=18.50; MSAS at inflection=18.30; depression=17.05°; smoothing=5-pt median; dark rows=462
fajr,2019-09-01,04:03,-1,31.206059,-7.86872,0.0,Zamorano J. et al. (2019). TESS-W sky brightness network. Zenodo monthly archives. https://zenodo.org/records/3378728. CC0 1.0.,TESS station stars27; photometric inflection method; night median MSAS=21.71; MSAS at inflection=21.12; depression=14.01°; smoothing=5-pt median; dark rows=318
fajr,2019-09-03,04:00,-1,31.206059,-7.86872,0.0,Zamorano J. et al. (2019). TESS-W sky brightness network. Zenodo monthly archives. https://zenodo.org/records/3378728. CC0 1.0.,TESS station stars27; photometric inflection method; night median MSAS=21.55; MSAS at inflection=21.26; depression=14.84°; smoothing=5-pt median; dark rows=468
fajr,2019-09-04,04:09,-1,31.206059,-7.86872,0.0,Zamorano J. et al. (2019). TESS-W sky brightness network. Zenodo monthly archives. https://zenodo.org/records/3378728. CC0 1.0.,TESS station stars27; photometric inflection method; night median MSAS=21.61; MSAS at inflection=20.69; depression=13.18°; smoothing=5-pt median; dark rows=580
fajr,2019-09-05,04:00,-1,31.206059,-7.86872,0.0,Zamorano J. et al. (2019). TESS-W sky brightness network. Zenodo monthly archives. https://zenodo.org/records/3378728. CC0 1.0.,TESS station stars27; photometric inflection method; night median MSAS=21.66; MSAS at inflection=21.36; depression=15.17°; smoothing=5-pt median; dark rows=579
fajr,2019-09-07,04:22,-1,31.206059,-7.86872,0.0,Zamorano J. et al. (2019). TESS-W sky brightness network. Zenodo monthly archives. https://zenodo.org/records/3378728. CC0 1.0.,TESS station stars27; photometric inflection method; night median MSAS=21.42; MSAS at inflection=19.53; depression=10.99°; smoothing=5-pt median; dark rows=589
fajr,2019-09-10,04:34,-1,31.206059,-7.86872,0.0,Zamorano J. et al. (2019). TESS-W sky brightness network. Zenodo monthly archives. https://zenodo.org/records/3378728. CC0 1.0.,TESS station stars27; photometric inflection method; night median MSAS=19.70; MSAS at inflection=17.25; depression=8.94°; smoothing=5-pt median; dark rows=593
isha,2019-09-11,18:23,-1,31.206059,-7.86872,0.0,Zamorano J. et al. (2019). TESS-W sky brightness network. Zenodo monthly archives. https://zenodo.org/records/3378728. CC0 1.0.,TESS station stars27; photometric inflection method; night median MSAS=19.11; MSAS at inflection=16.92; depression=9.54°; smoothing=5-pt median; dark rows=596
isha,2019-09-12,19:00,-1,31.206059,-7.86872,0.0,Zamorano J. et al. (2019). TESS-W sky brightness network. Zenodo monthly archives. https://zenodo.org/records/3378728. CC0 1.0.,TESS station stars27; photometric inflection method; night median MSAS=18.52; MSAS at inflection=18.90; depression=17.38°; smoothing=5-pt median; dark rows=588
isha,2019-09-13,19:14,-1,31.206059,-7.86872,0.0,Zamorano J. et al. (2019). TESS-W sky brightness network. Zenodo monthly archives. https://zenodo.org/records/3378728. CC0 1.0.,TESS station stars27; photometric inflection method; night median MSAS=18.19; MSAS at inflection=18.89; depression=20.51°; smoothing=5-pt median; dark rows=588
fajr,2019-09-14,03:52,-1,31.206059,-7.86872,0.0,Zamorano J. et al. (2019). TESS-W sky brightness network. Zenodo monthly archives. https://zenodo.org/records/3378728. CC0 1.0.,TESS station stars27; photometric inflection method; night median MSAS=18.19; MSAS at inflection=19.17; depression=18.04°; smoothing=5-pt median; dark rows=588
isha,2019-09-14,18:28,-1,31.206059,-7.86872,0.0,Zamorano J. et al. (2019). TESS-W sky brightness network. Zenodo monthly archives. https://zenodo.org/records/3378728. CC0 1.0.,TESS station stars27; photometric inflection method; night median MSAS=18.22; MSAS at inflection=18.85; depression=11.30°; smoothing=5-pt median; dark rows=585
fajr,2019-09-15,03:47,-1,31.206059,-7.86872,0.0,Zamorano J. et al. (2019). TESS-W sky brightness network. Zenodo monthly archives. https://zenodo.org/records/3378728. CC0 1.0.,TESS station stars27; photometric inflection method; night median MSAS=18.22; MSAS at inflection=19.06; depression=19.39°; smoothing=5-pt median; dark rows=585
isha,2019-09-15,18:27,-1,31.206059,-7.86872,0.0,Zamorano J. et al. (2019). TESS-W sky brightness network. Zenodo monthly archives. https://zenodo.org/records/3378728. CC0 1.0.,TESS station stars27; photometric inflection method; night median MSAS=18.46; MSAS at inflection=19.09; depression=11.32°; smoothing=5-pt median; dark rows=538
fajr,2019-09-16,04:31,-1,31.206059,-7.86872,0.0,Zamorano J. et al. (2019). TESS-W sky brightness network. Zenodo monthly archives. https://zenodo.org/records/3378728. CC0 1.0.,TESS station stars27; photometric inflection method; night median MSAS=18.46; MSAS at inflection=18.09; depression=10.29°; smoothing=5-pt median; dark rows=538
isha,2019-09-18,18:45,-1,31.206059,-7.86872,0.0,Zamorano J. et al. (2019). TESS-W sky brightness network. Zenodo monthly archives. https://zenodo.org/records/3378728. CC0 1.0.,TESS station stars27; photometric inflection method; night median MSAS=19.00; MSAS at inflection=21.16; depression=16.14°; smoothing=5-pt median; dark rows=614
isha,2019-09-19,18:26,-1,31.206059,-7.86872,0.0,Zamorano J. et al. (2019). TESS-W sky brightness network. Zenodo monthly archives. https://zenodo.org/records/3378728. CC0 1.0.,TESS station stars27; photometric inflection method; night median MSAS=19.78; MSAS at inflection=20.27; depression=12.43°; smoothing=5-pt median; dark rows=615
isha,2019-09-21,18:42,-1,31.206059,-7.86872,0.0,Zamorano J. et al. (2019). TESS-W sky brightness network. Zenodo monthly archives. https://zenodo.org/records/3378728. CC0 1.0.,TESS station stars27; photometric inflection method; night median MSAS=20.68; MSAS at inflection=20.72; depression=16.17°; smoothing=5-pt median; dark rows=618
isha,2019-09-27,18:15,-1,31.206059,-7.86872,0.0,Zamorano J. et al. (2019). TESS-W sky brightness network. Zenodo monthly archives. https://zenodo.org/records/3378728. CC0 1.0.,TESS station stars27; photometric inflection method; night median MSAS=21.48; MSAS at inflection=19.87; depression=12.31°; smoothing=5-pt median; dark rows=628
fajr,2019-09-28,04:32,-1,31.206059,-7.86872,0.0,Zamorano J. et al. (2019). TESS-W sky brightness network. Zenodo monthly archives. https://zenodo.org/records/3378728. CC0 1.0.,TESS station stars27; photometric inflection method; night median MSAS=21.48; MSAS at inflection=19.55; depression=11.61°; smoothing=5-pt median; dark rows=628
isha,2019-09-28,18:30,-1,31.206059,-7.86872,0.0,Zamorano J. et al. (2019). TESS-W sky brightness network. Zenodo monthly archives. https://zenodo.org/records/3378728. CC0 1.0.,TESS station stars27; photometric inflection method; night median MSAS=21.59; MSAS at inflection=21.09; depression=15.81°; smoothing=5-pt median; dark rows=619
fajr,2019-09-29,03:44,-1,31.206059,-7.86872,0.0,Zamorano J. et al. (2019). TESS-W sky brightness network. Zenodo monthly archives. https://zenodo.org/records/3378728. CC0 1.0.,TESS station stars27; photometric inflection method; night median MSAS=21.59; MSAS at inflection=21.32; depression=21.89°; smoothing=5-pt median; dark rows=619
fajr,2019-09-30,04:17,-1,31.206059,-7.86872,0.0,Zamorano J. et al. (2019). TESS-W sky brightness network. Zenodo monthly archives. https://zenodo.org/records/3378728. CC0 1.0.,TESS station stars27; photometric inflection method; night median MSAS=21.49; MSAS at inflection=21.04; depression=15.12°; smoothing=5-pt median; dark rows=622
fajr,2019-09-06,04:02,0,39.072806,-3.609205,0.0,Zamorano J. et al. (2019). TESS-W sky brightness network. Zenodo monthly archives. https://zenodo.org/records/3378728. CC0 1.0.,TESS station stars272; photometric inflection method; night median MSAS=19.27; MSAS at inflection=19.68; depression=20.08°; smoothing=5-pt median; dark rows=558
isha,2019-09-06,19:50,0,39.072806,-3.609205,0.0,Zamorano J. et al. (2019). TESS-W sky brightness network. Zenodo monthly archives. https://zenodo.org/records/3378728. CC0 1.0.,TESS station stars272; photometric inflection method; night median MSAS=19.59; MSAS at inflection=18.82; depression=14.50°; smoothing=5-pt median; dark rows=565
fajr,2019-09-09,04:51,0,39.072806,-3.609205,0.0,Zamorano J. et al. (2019). TESS-W sky brightness network. Zenodo monthly archives. https://zenodo.org/records/3378728. CC0 1.0.,TESS station stars272; photometric inflection method; night median MSAS=19.24; MSAS at inflection=19.14; depression=11.91°; smoothing=5-pt median; dark rows=574
isha,2019-09-16,19:03,0,39.072806,-3.609205,0.0,Zamorano J. et al. (2019). TESS-W sky brightness network. Zenodo monthly archives. https://zenodo.org/records/3378728. CC0 1.0.,TESS station stars272; photometric inflection method; night median MSAS=17.55; MSAS at inflection=16.96; depression=8.91°; smoothing=5-pt median; dark rows=594
isha,2019-09-18,19:26,0,39.072806,-3.609205,0.0,Zamorano J. et al. (2019). TESS-W sky brightness network. Zenodo monthly archives. https://zenodo.org/records/3378728. CC0 1.0.,TESS station stars272; photometric inflection method; night median MSAS=18.05; MSAS at inflection=18.72; depression=13.77°; smoothing=5-pt median; dark rows=597
fajr,2019-09-20,04:25,0,39.072806,-3.609205,0.0,Zamorano J. et al. (2019). TESS-W sky brightness network. Zenodo monthly archives. https://zenodo.org/records/3378728. CC0 1.0.,TESS station stars272; photometric inflection method; night median MSAS=18.48; MSAS at inflection=17.02; depression=18.76°; smoothing=5-pt median; dark rows=588
fajr,2019-09-30,04:32,0,39.072806,-3.609205,0.0,Zamorano J. et al. (2019). TESS-W sky brightness network. Zenodo monthly archives. https://zenodo.org/records/3378728. CC0 1.0.,TESS station stars272; photometric inflection method; night median MSAS=19.73; MSAS at inflection=19.73; depression=19.42°; smoothing=5-pt median; dark rows=622
fajr,2019-09-08,04:38,1,35.876798,14.395815,0.0,Zamorano J. et al. (2019). TESS-W sky brightness network. Zenodo monthly archives. https://zenodo.org/records/3378728. CC0 1.0.,TESS station stars273; photometric inflection method; night median MSAS=19.41; MSAS at inflection=19.34; depression=12.81°; smoothing=5-pt median; dark rows=546
fajr,2019-09-16,05:02,1,35.876798,14.395815,0.0,Zamorano J. et al. (2019). TESS-W sky brightness network. Zenodo monthly archives. https://zenodo.org/records/3378728. CC0 1.0.,TESS station stars273; photometric inflection method; night median MSAS=17.57; MSAS at inflection=16.96; depression=9.54°; smoothing=5-pt median; dark rows=599
isha,2019-09-16,18:54,1,35.876798,14.395815,0.0,Zamorano J. et al. (2019). TESS-W sky brightness network. Zenodo monthly archives. https://zenodo.org/records/3378728. CC0 1.0.,TESS station stars273; photometric inflection method; night median MSAS=17.84; MSAS at inflection=17.80; depression=10.10°; smoothing=5-pt median; dark rows=597
fajr,2019-09-17,05:10,1,35.876798,14.395815,0.0,Zamorano J. et al. (2019). TESS-W sky brightness network. Zenodo monthly archives. https://zenodo.org/records/3378728. CC0 1.0.,TESS station stars273; photometric inflection method; night median MSAS=17.84; MSAS at inflection=15.78; depression=8.07°; smoothing=5-pt median; dark rows=597
isha,2019-09-17,18:50,1,35.876798,14.395815,0.0,Zamorano J. et al. (2019). TESS-W sky brightness network. Zenodo monthly archives. https://zenodo.org/records/3378728. CC0 1.0.,TESS station stars273; photometric inflection method; night median MSAS=17.92; MSAS at inflection=17.50; depression=9.59°; smoothing=5-pt median; dark rows=564
fajr,2019-09-20,04:19,1,35.876798,14.395815,0.0,Zamorano J. et al. (2019). TESS-W sky brightness network. Zenodo monthly archives. https://zenodo.org/records/3378728. CC0 1.0.,TESS station stars273; photometric inflection method; night median MSAS=18.24; MSAS at inflection=16.42; depression=18.60°; smoothing=5-pt median; dark rows=567
fajr,2019-09-20,19:47,1,35.876798,14.395815,0.0,Zamorano J. et al. (2019). TESS-W sky brightness network. Zenodo monthly archives. https://zenodo.org/records/3378728. CC0 1.0.,TESS station stars273; photometric inflection method; night median MSAS=18.44; MSAS at inflection=17.64; depression=21.58°; smoothing=5-pt median; dark rows=45
fajr,2019-09-22,05:05,1,35.876798,14.395815,0.0,Zamorano J. et al. (2019). TESS-W sky brightness network. Zenodo monthly archives. https://zenodo.org/records/3378728. CC0 1.0.,TESS station stars273; photometric inflection method; night median MSAS=18.81; MSAS at inflection=16.81; depression=9.90°; smoothing=5-pt median; dark rows=604
fajr,2019-09-23,04:44,1,35.876798,14.395815,0.0,Zamorano J. et al. (2019). TESS-W sky brightness network. Zenodo monthly archives. https://zenodo.org/records/3378728. CC0 1.0.,TESS station stars273; photometric inflection method; night median MSAS=18.74; MSAS at inflection=16.98; depression=14.19°; smoothing=5-pt median; dark rows=275
isha,2019-09-23,18:45,1,35.876798,14.395815,0.0,Zamorano J. et al. (2019). TESS-W sky brightness network. Zenodo monthly archives. https://zenodo.org/records/3378728. CC0 1.0.,TESS station stars273; photometric inflection method; night median MSAS=18.74; MSAS at inflection=17.95; depression=10.33°; smoothing=5-pt median; dark rows=339
fajr,2019-09-25,04:54,1,35.876798,14.395815,0.0,Zamorano J. et al. (2019). TESS-W sky brightness network. Zenodo monthly archives. https://zenodo.org/records/3378728. CC0 1.0.,TESS station stars273; photometric inflection method; night median MSAS=19.71; MSAS at inflection=19.28; depression=12.53°; smoothing=5-pt median; dark rows=266
isha,2019-09-25,18:39,1,35.876798,14.395815,0.0,Zamorano J. et al. (2019). TESS-W sky brightness network. Zenodo monthly archives. https://zenodo.org/records/3378728. CC0 1.0.,TESS station stars273; photometric inflection method; night median MSAS=19.71; MSAS at inflection=17.21; depression=9.81°; smoothing=5-pt median; dark rows=381
fajr,2019-09-26,05:08,1,35.876798,14.395815,0.0,Zamorano J. et al. (2019). TESS-W sky brightness network. Zenodo monthly archives. https://zenodo.org/records/3378728. CC0 1.0.,TESS station stars273; photometric inflection method; night median MSAS=19.71; MSAS at inflection=17.22; depression=9.83°; smoothing=5-pt median; dark rows=381
fajr,2019-09-27,04:59,1,35.876798,14.395815,0.0,Zamorano J. et al. (2019). TESS-W sky brightness network. Zenodo monthly archives. https://zenodo.org/records/3378728. CC0 1.0.,TESS station stars273; photometric inflection method; night median MSAS=19.47; MSAS at inflection=18.91; depression=11.76°; smoothing=5-pt median; dark rows=626
fajr,2019-09-28,04:48,1,35.876798,14.395815,0.0,Zamorano J. et al. (2019). TESS-W sky brightness network. Zenodo monthly archives. https://zenodo.org/records/3378728. CC0 1.0.,TESS station stars273; photometric inflection method; night median MSAS=19.53; MSAS at inflection=19.48; depression=14.21°; smoothing=5-pt median; dark rows=626
isha,2019-09-28,18:58,1,35.876798,14.395815,0.0,Zamorano J. et al. (2019). TESS-W sky brightness network. Zenodo monthly archives. https://zenodo.org/records/3378728. CC0 1.0.,TESS station stars273; photometric inflection method; night median MSAS=19.32; MSAS at inflection=18.10; depression=14.47°; smoothing=5-pt median; dark rows=137
fajr,2019-09-30,04:40,1,35.876798,14.395815,0.0,Zamorano J. et al. (2019). TESS-W sky brightness network. Zenodo monthly archives. https://zenodo.org/records/3378728. CC0 1.0.,TESS station stars273; photometric inflection method; night median MSAS=19.38; MSAS at inflection=18.00; depression=16.09°; smoothing=5-pt median; dark rows=434
isha,2019-09-01,18:35,9,-30.812842,138.412425,0.0,Zamorano J. et al. (2019). TESS-W sky brightness network. Zenodo monthly archives. https://zenodo.org/records/3378728. CC0 1.0.,TESS station stars274; photometric inflection method; night median MSAS=21.63; MSAS at inflection=20.36; depression=14.70°; smoothing=5-pt median; dark rows=655
fajr,2019-09-02,04:42,9,-30.812842,138.412425,0.0,Zamorano J. et al. (2019). TESS-W sky brightness network. Zenodo monthly archives. https://zenodo.org/records/3378728. CC0 1.0.,TESS station stars274; photometric inflection method; night median MSAS=21.63; MSAS at inflection=21.68; depression=17.83°; smoothing=5-pt median; dark rows=655
fajr,2019-09-04,04:43,9,-30.812842,138.412425,0.0,Zamorano J. et al. (2019). TESS-W sky brightness network. Zenodo monthly archives. https://zenodo.org/records/3378728. CC0 1.0.,TESS station stars274; photometric inflection method; night median MSAS=21.50; MSAS at inflection=21.64; depression=17.03°; smoothing=5-pt median; dark rows=649
isha,2019-09-04,18:28,9,-30.812842,138.412425,0.0,Zamorano J. et al. (2019). TESS-W sky brightness network. Zenodo monthly archives. https://zenodo.org/records/3378728. CC0 1.0.,TESS station stars274; photometric inflection method; night median MSAS=21.32; MSAS at inflection=19.29; depression=12.95°; smoothing=5-pt median; dark rows=541
fajr,2019-09-07,05:04,9,-30.812842,138.412425,0.0,Zamorano J. et al. (2019). TESS-W sky brightness network. Zenodo monthly archives. https://zenodo.org/records/3378728. CC0 1.0.,TESS station stars274; photometric inflection method; night median MSAS=20.55; MSAS at inflection=19.62; depression=11.93°; smoothing=5-pt median; dark rows=643
fajr,2019-09-09,05:03,9,-30.812842,138.412425,0.0,Zamorano J. et al. (2019). TESS-W sky brightness network. Zenodo monthly archives. https://zenodo.org/records/3378728. CC0 1.0.,TESS station stars274; photometric inflection method; night median MSAS=19.42; MSAS at inflection=19.44; depression=11.51°; smoothing=5-pt median; dark rows=636
isha,2019-09-09,18:36,9,-30.812842,138.412425,0.0,Zamorano J. et al. (2019). TESS-W sky brightness network. Zenodo monthly archives. https://zenodo.org/records/3378728. CC0 1.0.,TESS station stars274; photometric inflection method; night median MSAS=18.71; MSAS at inflection=17.37; depression=13.99°; smoothing=5-pt median; dark rows=641
fajr,2019-09-10,05:06,9,-30.812842,138.412425,0.0,Zamorano J. et al. (2019). TESS-W sky brightness network. Zenodo monthly archives. https://zenodo.org/records/3378728. CC0 1.0.,TESS station stars274; photometric inflection method; night median MSAS=18.71; MSAS at inflection=18.68; depression=10.67°; smoothing=5-pt median; dark rows=641
isha,2019-09-11,19:10,9,-30.812842,138.412425,0.0,Zamorano J. et al. (2019). TESS-W sky brightness network. Zenodo monthly archives. https://zenodo.org/records/3378728. CC0 1.0.,TESS station stars274; photometric inflection method; night median MSAS=17.81; MSAS at inflection=17.82; depression=21.15°; smoothing=5-pt median; dark rows=633
fajr,2019-09-12,05:13,9,-30.812842,138.412425,0.0,Zamorano J. et al. (2019). TESS-W sky brightness network. Zenodo monthly archives. https://zenodo.org/records/3378728. CC0 1.0.,TESS station stars274; photometric inflection method; night median MSAS=17.81; MSAS at inflection=16.45; depression=8.58°; smoothing=5-pt median; dark rows=633
isha,2019-09-12,18:09,9,-30.812842,138.412425,0.0,Zamorano J. et al. (2019). TESS-W sky brightness network. Zenodo monthly archives. https://zenodo.org/records/3378728. CC0 1.0.,TESS station stars274; photometric inflection method; night median MSAS=17.64; MSAS at inflection=15.47; depression=7.99°; smoothing=5-pt median; dark rows=606
fajr,2019-09-13,04:59,9,-30.812842,138.412425,0.0,Zamorano J. et al. (2019). TESS-W sky brightness network. Zenodo monthly archives. https://zenodo.org/records/3378728. CC0 1.0.,TESS station stars274; photometric inflection method; night median MSAS=17.64; MSAS at inflection=18.93; depression=11.33°; smoothing=5-pt median; dark rows=606
isha,2019-09-15,18:25,9,-30.812842,138.412425,0.0,Zamorano J. et al. (2019). TESS-W sky brightness network. Zenodo monthly archives. https://zenodo.org/records/3378728. CC0 1.0.,TESS station stars274; photometric inflection method; night median MSAS=17.81; MSAS at inflection=18.64; depression=10.88°; smoothing=5-pt median; dark rows=629
fajr,2019-09-17,05:10,9,-30.812842,138.412425,0.0,Zamorano J. et al. (2019). TESS-W sky brightness network. Zenodo monthly archives. https://zenodo.org/records/3378728. CC0 1.0.,TESS station stars274; photometric inflection method; night median MSAS=18.28; MSAS at inflection=15.85; depression=7.95°; smoothing=5-pt median; dark rows=625
isha,2019-09-18,19:04,9,-30.812842,138.412425,0.0,Zamorano J. et al. (2019). TESS-W sky brightness network. Zenodo monthly archives. https://zenodo.org/records/3378728. CC0 1.0.,TESS station stars274; photometric inflection method; night median MSAS=19.13; MSAS at inflection=21.04; depression=19.02°; smoothing=5-pt median; dark rows=622
fajr,2019-09-19,04:38,9,-30.812842,138.412425,0.0,Zamorano J. et al. (2019). TESS-W sky brightness network. Zenodo monthly archives. https://zenodo.org/records/3378728. CC0 1.0.,TESS station stars274; photometric inflection method; night median MSAS=19.13; MSAS at inflection=18.29; depression=14.14°; smoothing=5-pt median; dark rows=622
isha,2019-09-20,18:30,9,-30.812842,138.412425,0.0,Zamorano J. et al. (2019). TESS-W sky brightness network. Zenodo monthly archives. https://zenodo.org/records/3378728. CC0 1.0.,TESS station stars274; photometric inflection method; night median MSAS=19.70; MSAS at inflection=20.88; depression=11.42°; smoothing=5-pt median; dark rows=374
isha,2019-09-21,19:10,9,-30.812842,138.412425,0.0,Zamorano J. et al. (2019). TESS-W sky brightness network. Zenodo monthly archives. https://zenodo.org/records/3378728. CC0 1.0.,TESS station stars274; photometric inflection method; night median MSAS=21.44; MSAS at inflection=21.16; depression=19.77°; smoothing=5-pt median; dark rows=579
fajr,2019-09-23,04:32,9,-30.812842,138.412425,0.0,Zamorano J. et al. (2019). TESS-W sky brightness network. Zenodo monthly archives. https://zenodo.org/records/3378728. CC0 1.0.,TESS station stars274; photometric inflection method; night median MSAS=21.56; MSAS at inflection=20.29; depression=14.41°; smoothing=5-pt median; dark rows=611
fajr,2019-09-24,04:33,9,-30.812842,138.412425,0.0,Zamorano J. et al. (2019). TESS-W sky brightness network. Zenodo monthly archives. https://zenodo.org/records/3378728. CC0 1.0.,TESS station stars274; photometric inflection method; night median MSAS=21.56; MSAS at inflection=20.06; depression=13.81°; smoothing=5-pt median; dark rows=617
isha,2019-09-25,18:33,9,-30.812842,138.412425,0.0,Zamorano J. et al. (2019). TESS-W sky brightness network. Zenodo monthly archives. https://zenodo.org/records/3378728. CC0 1.0.,TESS station stars274; photometric inflection method; night median MSAS=21.76; MSAS at inflection=19.40; depression=11.46°; smoothing=5-pt median; dark rows=606
isha,2019-09-26,19:02,9,-30.812842,138.412425,0.0,Zamorano J. et al. (2019). TESS-W sky brightness network. Zenodo monthly archives. https://zenodo.org/records/3378728. CC0 1.0.,TESS station stars274; photometric inflection method; night median MSAS=21.72; MSAS at inflection=21.23; depression=17.48°; smoothing=5-pt median; dark rows=608
isha,2019-09-27,19:15,9,-30.812842,138.412425,0.0,Zamorano J. et al. (2019). TESS-W sky brightness network. Zenodo monthly archives. https://zenodo.org/records/3378728. CC0 1.0.,TESS station stars274; photometric inflection method; night median MSAS=21.82; MSAS at inflection=21.30; depression=20.09°; smoothing=5-pt median; dark rows=604
isha,2019-09-29,18:35,9,-30.812842,138.412425,0.0,Zamorano J. et al. (2019). TESS-W sky brightness network. Zenodo monthly archives. https://zenodo.org/records/3378728. CC0 1.0.,TESS station stars274; photometric inflection method; night median MSAS=21.71; MSAS at inflection=19.24; depression=11.40°; smoothing=5-pt median; dark rows=601
fajr,2019-09-30,04:33,9,-30.812842,138.412425,0.0,Zamorano J. et al. (2019). TESS-W sky brightness network. Zenodo monthly archives. https://zenodo.org/records/3378728. CC0 1.0.,TESS station stars274; photometric inflection method; night median MSAS=21.71; MSAS at inflection=20.17; depression=12.18°; smoothing=5-pt median; dark rows=601
isha,2019-09-06,20:28,0,38.219692,-6.631756,0.0,Zamorano J. et al. (2019). TESS-W sky brightness network. Zenodo monthly archives. https://zenodo.org/records/3378728. CC0 1.0.,TESS station stars288; photometric inflection method; night median MSAS=21.04; MSAS at inflection=19.75; depression=19.40°; smoothing=5-pt median; dark rows=570
isha,2019-09-08,19:46,0,38.219692,-6.631756,0.0,Zamorano J. et al. (2019). TESS-W sky brightness network. Zenodo monthly archives. https://zenodo.org/records/3378728. CC0 1.0.,TESS station stars288; photometric inflection method; night median MSAS=20.09; MSAS at inflection=18.65; depression=12.44°; smoothing=5-pt median; dark rows=572
isha,2019-09-11,19:56,0,38.219692,-6.631756,0.0,Zamorano J. et al. (2019). TESS-W sky brightness network. Zenodo monthly archives. https://zenodo.org/records/3378728. CC0 1.0.,TESS station stars288; photometric inflection method; night median MSAS=18.94; MSAS at inflection=19.03; depression=15.28°; smoothing=5-pt median; dark rows=571
isha,2019-09-12,19:41,0,38.219692,-6.631756,0.0,Zamorano J. et al. (2019). TESS-W sky brightness network. Zenodo monthly archives. https://zenodo.org/records/3378728. CC0 1.0.,TESS station stars288; photometric inflection method; night median MSAS=18.23; MSAS at inflection=18.85; depression=12.70°; smoothing=5-pt median; dark rows=584
fajr,2019-09-16,04:28,0,38.219692,-6.631756,0.0,Zamorano J. et al. (2019). TESS-W sky brightness network. Zenodo monthly archives. https://zenodo.org/records/3378728. CC0 1.0.,TESS station stars288; photometric inflection method; night median MSAS=17.60; MSAS at inflection=16.84; depression=19.94°; smoothing=5-pt median; dark rows=595
fajr,2019-09-19,04:59,0,38.219692,-6.631756,0.0,Zamorano J. et al. (2019). TESS-W sky brightness network. Zenodo monthly archives. https://zenodo.org/records/3378728. CC0 1.0.,TESS station stars288; photometric inflection method; night median MSAS=18.94; MSAS at inflection=17.95; depression=14.78°; smoothing=5-pt median; dark rows=593
isha,2019-09-19,19:15,0,38.219692,-6.631756,0.0,Zamorano J. et al. (2019). TESS-W sky brightness network. Zenodo monthly archives. https://zenodo.org/records/3378728. CC0 1.0.,TESS station stars288; photometric inflection method; night median MSAS=19.06; MSAS at inflection=18.27; depression=10.00°; smoothing=5-pt median; dark rows=605
isha,2019-09-24,19:43,0,38.219692,-6.631756,0.0,Zamorano J. et al. (2019). TESS-W sky brightness network. Zenodo monthly archives. https://zenodo.org/records/3378728. CC0 1.0.,TESS station stars288; photometric inflection method; night median MSAS=21.00; MSAS at inflection=20.94; depression=17.01°; smoothing=5-pt median; dark rows=615
isha,2019-09-26,19:56,0,38.219692,-6.631756,0.0,Zamorano J. et al. (2019). TESS-W sky brightness network. Zenodo monthly archives. https://zenodo.org/records/3378728. CC0 1.0.,TESS station stars288; photometric inflection method; night median MSAS=20.99; MSAS at inflection=20.80; depression=20.06°; smoothing=5-pt median; dark rows=601
isha,2019-09-30,19:02,0,38.219692,-6.631756,0.0,Zamorano J. et al. (2019). TESS-W sky brightness network. Zenodo monthly archives. https://zenodo.org/records/3378728. CC0 1.0.,TESS station stars288; photometric inflection method; night median MSAS=21.05; MSAS at inflection=18.61; depression=10.85°; smoothing=5-pt median; dark rows=298
isha,2019-09-01,22:53,1,69.348333,20.365,0.0,Zamorano J. et al. (2019). TESS-W sky brightness network. Zenodo monthly archives. https://zenodo.org/records/3378728. CC0 1.0.,TESS station stars34; photometric inflection method; night median MSAS=19.62; MSAS at inflection=19.70; depression=12.13°; smoothing=5-pt median; dark rows=173
isha,2019-09-02,21:04,1,69.348333,20.365,0.0,Zamorano J. et al. (2019). TESS-W sky brightness network. Zenodo monthly archives. https://zenodo.org/records/3378728. CC0 1.0.,TESS station stars34; photometric inflection method; night median MSAS=20.36; MSAS at inflection=18.13; depression=8.47°; smoothing=5-pt median; dark rows=199
fajr,2019-09-03,01:19,1,69.348333,20.365,0.0,Zamorano J. et al. (2019). TESS-W sky brightness network. Zenodo monthly archives. https://zenodo.org/records/3378728. CC0 1.0.,TESS station stars34; photometric inflection method; night median MSAS=20.36; MSAS at inflection=19.75; depression=10.96°; smoothing=5-pt median; dark rows=199
fajr,2019-09-03,23:48,1,69.348333,20.365,0.0,Zamorano J. et al. (2019). TESS-W sky brightness network. Zenodo monthly archives. https://zenodo.org/records/3378728. CC0 1.0.,TESS station stars34; photometric inflection method; night median MSAS=19.62; MSAS at inflection=20.20; depression=13.25°; smoothing=5-pt median; dark rows=221
isha,2019-09-04,23:11,1,69.348333,20.365,0.0,Zamorano J. et al. (2019). TESS-W sky brightness network. Zenodo monthly archives. https://zenodo.org/records/3378728. CC0 1.0.,TESS station stars34; photometric inflection method; night median MSAS=19.70; MSAS at inflection=19.74; depression=13.50°; smoothing=5-pt median; dark rows=230
fajr,2019-09-05,01:40,1,69.348333,20.365,0.0,Zamorano J. et al. (2019). TESS-W sky brightness network. Zenodo monthly archives. https://zenodo.org/records/3378728. CC0 1.0.,TESS station stars34; photometric inflection method; night median MSAS=19.70; MSAS at inflection=18.87; depression=10.79°; smoothing=5-pt median; dark rows=230
fajr,2019-09-05,23:55,1,69.348333,20.365,0.0,Zamorano J. et al. (2019). TESS-W sky brightness network. Zenodo monthly archives. https://zenodo.org/records/3378728. CC0 1.0.,TESS station stars34; photometric inflection method; night median MSAS=20.40; MSAS at inflection=20.85; depression=13.94°; smoothing=5-pt median; dark rows=190
isha,2019-09-06,21:49,1,69.348333,20.365,0.0,Zamorano J. et al. (2019). TESS-W sky brightness network. Zenodo monthly archives. https://zenodo.org/records/3378728. CC0 1.0.,TESS station stars34; photometric inflection method; night median MSAS=20.06; MSAS at inflection=19.84; depression=12.13°; smoothing=5-pt median; dark rows=225
isha,2019-09-07,20:41,1,69.348333,20.365,0.0,Zamorano J. et al. (2019). TESS-W sky brightness network. Zenodo monthly archives. https://zenodo.org/records/3378728. CC0 1.0.,TESS station stars34; photometric inflection method; night median MSAS=19.85; MSAS at inflection=17.54; depression=9.01°; smoothing=5-pt median; dark rows=201
fajr,2019-09-08,02:31,1,69.348333,20.365,0.0,Zamorano J. et al. (2019). TESS-W sky brightness network. Zenodo monthly archives. https://zenodo.org/records/3378728. CC0 1.0.,TESS station stars34; photometric inflection method; night median MSAS=19.85; MSAS at inflection=17.52; depression=9.10°; smoothing=5-pt median; dark rows=201
isha,2019-09-08,23:24,1,69.348333,20.365,0.0,Zamorano J. et al. (2019). TESS-W sky brightness network. Zenodo monthly archives. https://zenodo.org/records/3378728. CC0 1.0.,TESS station stars34; photometric inflection method; night median MSAS=19.99; MSAS at inflection=20.50; depression=15.09°; smoothing=5-pt median; dark rows=287
fajr,2019-09-09,00:20,1,69.348333,20.365,0.0,Zamorano J. et al. (2019). TESS-W sky brightness network. Zenodo monthly archives. https://zenodo.org/records/3378728. CC0 1.0.,TESS station stars34; photometric inflection method; night median MSAS=19.99; MSAS at inflection=20.64; depression=14.76°; smoothing=5-pt median; dark rows=287
isha,2019-09-09,23:45,1,69.348333,20.365,0.0,Zamorano J. et al. (2019). TESS-W sky brightness network. Zenodo monthly archives. https://zenodo.org/records/3378728. CC0 1.0.,TESS station stars34; photometric inflection method; night median MSAS=19.99; MSAS at inflection=20.37; depression=15.49°; smoothing=5-pt median; dark rows=254
fajr,2019-09-10,00:10,1,69.348333,20.365,0.0,Zamorano J. et al. (2019). TESS-W sky brightness network. Zenodo monthly archives. https://zenodo.org/records/3378728. CC0 1.0.,TESS station stars34; photometric inflection method; night median MSAS=19.99; MSAS at inflection=19.34; depression=15.27°; smoothing=5-pt median; dark rows=254
isha,2019-09-10,21:21,1,69.348333,20.365,0.0,Zamorano J. et al. (2019). TESS-W sky brightness network. Zenodo monthly archives. https://zenodo.org/records/3378728. CC0 1.0.,TESS station stars34; photometric inflection method; night median MSAS=20.86; MSAS at inflection=20.21; depression=12.40°; smoothing=5-pt median; dark rows=291
fajr,2019-09-11,01:27,1,69.348333,20.365,0.0,Zamorano J. et al. (2019). TESS-W sky brightness network. Zenodo monthly archives. https://zenodo.org/records/3378728. CC0 1.0.,TESS station stars34; photometric inflection method; night median MSAS=20.86; MSAS at inflection=20.99; depression=13.45°; smoothing=5-pt median; dark rows=291
isha,2019-09-11,22:02,1,69.348333,20.365,0.0,Zamorano J. et al. (2019). TESS-W sky brightness network. Zenodo monthly archives. https://zenodo.org/records/3378728. CC0 1.0.,TESS station stars34; photometric inflection method; night median MSAS=20.24; MSAS at inflection=20.15; depression=14.55°; smoothing=5-pt median; dark rows=277
isha,2019-09-12,22:29,1,69.348333,20.365,0.0,Zamorano J. et al. (2019). TESS-W sky brightness network. Zenodo monthly archives. https://zenodo.org/records/3378728. CC0 1.0.,TESS station stars34; photometric inflection method; night median MSAS=19.56; MSAS at inflection=19.48; depression=15.79°; smoothing=5-pt median; dark rows=298
fajr,2019-09-13,02:38,1,69.348333,20.365,0.0,Zamorano J. et al. (2019). TESS-W sky brightness network. Zenodo monthly archives. https://zenodo.org/records/3378728. CC0 1.0.,TESS station stars34; photometric inflection method; night median MSAS=19.56; MSAS at inflection=18.70; depression=10.37°; smoothing=5-pt median; dark rows=298
isha,2019-09-13,21:30,1,69.348333,20.365,0.0,Zamorano J. et al. (2019). TESS-W sky brightness network. Zenodo monthly archives. https://zenodo.org/records/3378728. CC0 1.0.,TESS station stars34; photometric inflection method; night median MSAS=18.68; MSAS at inflection=18.78; depression=14.00°; smoothing=5-pt median; dark rows=337
fajr,2019-09-13,23:41,1,69.348333,20.365,0.0,Zamorano J. et al. (2019). TESS-W sky brightness network. Zenodo monthly archives. https://zenodo.org/records/3378728. CC0 1.0.,TESS station stars34; photometric inflection method; night median MSAS=18.68; MSAS at inflection=18.71; depression=17.02°; smoothing=5-pt median; dark rows=337
isha,2019-09-14,20:18,1,69.348333,20.365,0.0,Zamorano J. et al. (2019). TESS-W sky brightness network. Zenodo monthly archives. https://zenodo.org/records/3378728. CC0 1.0.,TESS station stars34; photometric inflection method; night median MSAS=19.04; MSAS at inflection=18.44; depression=10.26°; smoothing=5-pt median; dark rows=244
isha,2019-09-15,21:55,1,69.348333,20.365,0.0,Zamorano J. et al. (2019). TESS-W sky brightness network. Zenodo monthly archives. https://zenodo.org/records/3378728. CC0 1.0.,TESS station stars34; photometric inflection method; night median MSAS=18.69; MSAS at inflection=18.73; depression=15.84°; smoothing=5-pt median; dark rows=302
fajr,2019-09-16,01:04,1,69.348333,20.365,0.0,Zamorano J. et al. (2019). TESS-W sky brightness network. Zenodo monthly archives. https://zenodo.org/records/3378728. CC0 1.0.,TESS station stars34; photometric inflection method; night median MSAS=18.69; MSAS at inflection=18.41; depression=16.19°; smoothing=5-pt median; dark rows=302
isha,2019-09-16,19:42,1,69.348333,20.365,0.0,Zamorano J. et al. (2019). TESS-W sky brightness network. Zenodo monthly archives. https://zenodo.org/records/3378728. CC0 1.0.,TESS station stars34; photometric inflection method; night median MSAS=18.27; MSAS at inflection=16.72; depression=8.47°; smoothing=5-pt median; dark rows=297
isha,2019-09-17,23:59,1,69.348333,20.365,0.0,Zamorano J. et al. (2019). TESS-W sky brightness network. Zenodo monthly archives. https://zenodo.org/records/3378728. CC0 1.0.,TESS station stars34; photometric inflection method; night median MSAS=18.49; MSAS at inflection=18.46; depression=18.43°; smoothing=5-pt median; dark rows=346
isha,2019-09-18,23:37,1,69.348333,20.365,0.0,Zamorano J. et al. (2019). TESS-W sky brightness network. Zenodo monthly archives. https://zenodo.org/records/3378728. CC0 1.0.,TESS station stars34; photometric inflection method; night median MSAS=18.68; MSAS at inflection=18.68; depression=18.95°; smoothing=5-pt median; dark rows=399
fajr,2019-09-19,02:03,1,69.348333,20.365,0.0,Zamorano J. et al. (2019). TESS-W sky brightness network. Zenodo monthly archives. https://zenodo.org/records/3378728. CC0 1.0.,TESS station stars34; photometric inflection method; night median MSAS=18.68; MSAS at inflection=18.20; depression=14.59°; smoothing=5-pt median; dark rows=399
fajr,2019-09-20,01:37,1,69.348333,20.365,0.0,Zamorano J. et al. (2019). TESS-W sky brightness network. Zenodo monthly archives. https://zenodo.org/records/3378728. CC0 1.0.,TESS station stars34; photometric inflection method; night median MSAS=18.98; MSAS at inflection=18.23; depression=16.26°; smoothing=5-pt median; dark rows=381
fajr,2019-09-22,00:22,1,69.348333,20.365,0.0,Zamorano J. et al. (2019). TESS-W sky brightness network. Zenodo monthly archives. https://zenodo.org/records/3378728. CC0 1.0.,TESS station stars34; photometric inflection method; night median MSAS=19.12; MSAS at inflection=18.70; depression=19.60°; smoothing=5-pt median; dark rows=426
isha,2019-09-22,21:44,1,69.348333,20.365,0.0,Zamorano J. et al. (2019). TESS-W sky brightness network. Zenodo monthly archives. https://zenodo.org/records/3378728. CC0 1.0.,TESS station stars34; photometric inflection method; night median MSAS=19.67; MSAS at inflection=20.53; depression=18.19°; smoothing=5-pt median; dark rows=330
fajr,2019-09-22,23:16,1,69.348333,20.365,0.0,Zamorano J. et al. (2019). TESS-W sky brightness network. Zenodo monthly archives. https://zenodo.org/records/3378728. CC0 1.0.,TESS station stars34; photometric inflection method; night median MSAS=19.67; MSAS at inflection=20.08; depression=20.45°; smoothing=5-pt median; dark rows=330
fajr,2019-09-24,23:46,1,69.348333,20.365,0.0,Zamorano J. et al. (2019). TESS-W sky brightness network. Zenodo monthly archives. https://zenodo.org/records/3378728. CC0 1.0.,TESS station stars34; photometric inflection method; night median MSAS=20.63; MSAS at inflection=21.09; depression=21.23°; smoothing=5-pt median; dark rows=405
isha,2019-09-25,23:43,1,69.348333,20.365,0.0,Zamorano J. et al. (2019). TESS-W sky brightness network. Zenodo monthly archives. https://zenodo.org/records/3378728. CC0 1.0.,TESS station stars34; photometric inflection method; night median MSAS=20.79; MSAS at inflection=20.82; depression=21.64°; smoothing=5-pt median; dark rows=417
fajr,2019-09-26,03:25,1,69.348333,20.365,0.0,Zamorano J. et al. (2019). TESS-W sky brightness network. Zenodo monthly archives. https://zenodo.org/records/3378728. CC0 1.0.,TESS station stars34; photometric inflection method; night median MSAS=20.79; MSAS at inflection=20.06; depression=11.54°; smoothing=5-pt median; dark rows=417
isha,2019-09-26,23:12,1,69.348333,20.365,0.0,Zamorano J. et al. (2019). TESS-W sky brightness network. Zenodo monthly archives. https://zenodo.org/records/3378728. CC0 1.0.,TESS station stars34; photometric inflection method; night median MSAS=21.14; MSAS at inflection=21.29; depression=22.00°; smoothing=5-pt median; dark rows=449
isha,2019-09-27,19:20,1,69.348333,20.365,0.0,Zamorano J. et al. (2019). TESS-W sky brightness network. Zenodo monthly archives. https://zenodo.org/records/3378728. CC0 1.0.,TESS station stars34; photometric inflection method; night median MSAS=19.68; MSAS at inflection=18.61; depression=11.11°; smoothing=5-pt median; dark rows=395
fajr,2019-09-28,03:46,1,69.348333,20.365,0.0,Zamorano J. et al. (2019). TESS-W sky brightness network. Zenodo monthly archives. https://zenodo.org/records/3378728. CC0 1.0.,TESS station stars34; photometric inflection method; night median MSAS=19.68; MSAS at inflection=18.56; depression=10.57°; smoothing=5-pt median; dark rows=395
isha,2019-09-28,20:41,1,69.348333,20.365,0.0,Zamorano J. et al. (2019). TESS-W sky brightness network. Zenodo monthly archives. https://zenodo.org/records/3378728. CC0 1.0.,TESS station stars34; photometric inflection method; night median MSAS=20.67; MSAS at inflection=20.54; depression=17.28°; smoothing=5-pt median; dark rows=443
fajr,2019-09-29,03:27,1,69.348333,20.365,0.0,Zamorano J. et al. (2019). TESS-W sky brightness network. Zenodo monthly archives. https://zenodo.org/records/3378728. CC0 1.0.,TESS station stars34; photometric inflection method; night median MSAS=20.67; MSAS at inflection=20.27; depression=12.38°; smoothing=5-pt median; dark rows=443
fajr,2019-10-01,00:59,1,69.348333,20.365,0.0,Zamorano J. et al. (2019). TESS-W sky brightness network. Zenodo monthly archives. https://zenodo.org/records/3378728. CC0 1.0.,TESS station stars34; photometric inflection method; night median MSAS=20.86; MSAS at inflection=21.01; depression=21.94°; smoothing=5-pt median; dark rows=332
isha,2019-09-06,19:30,1,45.93,13.91,0.0,Zamorano J. et al. (2019). TESS-W sky brightness network. Zenodo monthly archives. https://zenodo.org/records/3378728. CC0 1.0.,TESS station stars35; photometric inflection method; night median MSAS=21.55; MSAS at inflection=19.48; depression=10.37°; smoothing=5-pt median; dark rows=261
isha,2019-09-07,19:30,1,45.93,13.91,0.0,Zamorano J. et al. (2019). TESS-W sky brightness network. Zenodo monthly archives. https://zenodo.org/records/3378728. CC0 1.0.,TESS station stars35; photometric inflection method; night median MSAS=20.68; MSAS at inflection=19.13; depression=10.61°; smoothing=5-pt median; dark rows=512
fajr,2019-09-08,03:29,1,45.93,13.91,0.0,Zamorano J. et al. (2019). TESS-W sky brightness network. Zenodo monthly archives. https://zenodo.org/records/3378728. CC0 1.0.,TESS station stars35; photometric inflection method; night median MSAS=20.68; MSAS at inflection=21.41; depression=20.73°; smoothing=5-pt median; dark rows=512
fajr,2019-09-09,03:43,1,45.93,13.91,0.0,Zamorano J. et al. (2019). TESS-W sky brightness network. Zenodo monthly archives. https://zenodo.org/records/3378728. CC0 1.0.,TESS station stars35; photometric inflection method; night median MSAS=20.38; MSAS at inflection=21.44; depression=18.88°; smoothing=5-pt median; dark rows=198
isha,2019-09-10,19:25,1,45.93,13.91,0.0,Zamorano J. et al. (2019). TESS-W sky brightness network. Zenodo monthly archives. https://zenodo.org/records/3378728. CC0 1.0.,TESS station stars35; photometric inflection method; night median MSAS=19.64; MSAS at inflection=18.88; depression=10.88°; smoothing=5-pt median; dark rows=367
fajr,2019-09-11,04:37,1,45.93,13.91,0.0,Zamorano J. et al. (2019). TESS-W sky brightness network. Zenodo monthly archives. https://zenodo.org/records/3378728. CC0 1.0.,TESS station stars35; photometric inflection method; night median MSAS=19.64; MSAS at inflection=19.34; depression=10.90°; smoothing=5-pt median; dark rows=367
isha,2019-09-12,19:15,1,45.93,13.91,0.0,Zamorano J. et al. (2019). TESS-W sky brightness network. Zenodo monthly archives. https://zenodo.org/records/3378728. CC0 1.0.,TESS station stars35; photometric inflection method; night median MSAS=19.29; MSAS at inflection=17.59; depression=9.84°; smoothing=5-pt median; dark rows=562
isha,2019-09-13,19:09,1,45.93,13.91,0.0,Zamorano J. et al. (2019). TESS-W sky brightness network. Zenodo monthly archives. https://zenodo.org/records/3378728. CC0 1.0.,TESS station stars35; photometric inflection method; night median MSAS=18.96; MSAS at inflection=17.14; depression=9.29°; smoothing=5-pt median; dark rows=553
fajr,2019-09-15,03:49,1,45.93,13.91,0.0,Zamorano J. et al. (2019). TESS-W sky brightness network. Zenodo monthly archives. https://zenodo.org/records/3378728. CC0 1.0.,TESS station stars35; photometric inflection method; night median MSAS=18.44; MSAS at inflection=18.40; depression=19.56°; smoothing=5-pt median; dark rows=558
fajr,2019-09-16,04:52,1,45.93,13.91,0.0,Zamorano J. et al. (2019). TESS-W sky brightness network. Zenodo monthly archives. https://zenodo.org/records/3378728. CC0 1.0.,TESS station stars35; photometric inflection method; night median MSAS=18.98; MSAS at inflection=17.51; depression=9.43°; smoothing=5-pt median; dark rows=572
isha,2019-09-26,19:07,1,45.93,13.91,0.0,Zamorano J. et al. (2019). TESS-W sky brightness network. Zenodo monthly archives. https://zenodo.org/records/3378728. CC0 1.0.,TESS station stars35; photometric inflection method; night median MSAS=21.04; MSAS at inflection=20.65; depression=13.38°; smoothing=5-pt median; dark rows=144
isha,2019-09-27,18:54,1,45.93,13.91,0.0,Zamorano J. et al. (2019). TESS-W sky brightness network. Zenodo monthly archives. https://zenodo.org/records/3378728. CC0 1.0.,TESS station stars35; photometric inflection method; night median MSAS=21.11; MSAS at inflection=19.30; depression=11.42°; smoothing=5-pt median; dark rows=559
fajr,2019-09-29,04:52,1,45.93,13.91,0.0,Zamorano J. et al. (2019). TESS-W sky brightness network. Zenodo monthly archives. https://zenodo.org/records/3378728. CC0 1.0.,TESS station stars35; photometric inflection method; night median MSAS=21.64; MSAS at inflection=20.94; depression=12.40°; smoothing=5-pt median; dark rows=607
fajr,2019-09-30,04:48,1,45.93,13.91,0.0,Zamorano J. et al. (2019). TESS-W sky brightness network. Zenodo monthly archives. https://zenodo.org/records/3378728. CC0 1.0.,TESS station stars35; photometric inflection method; night median MSAS=22.09; MSAS at inflection=22.11; depression=13.31°; smoothing=5-pt median; dark rows=392
fajr,2019-09-03,04:50,-1,28.6865,-17.7665,0.0,Zamorano J. et al. (2019). TESS-W sky brightness network. Zenodo monthly archives. https://zenodo.org/records/3378728. CC0 1.0.,TESS station stars4; photometric inflection method; night median MSAS=19.27; MSAS at inflection=19.13; depression=13.48°; smoothing=5-pt median; dark rows=1137
isha,2019-09-03,19:57,-1,28.6865,-17.7665,0.0,Zamorano J. et al. (2019). TESS-W sky brightness network. Zenodo monthly archives. https://zenodo.org/records/3378728. CC0 1.0.,TESS station stars4; photometric inflection method; night median MSAS=19.25; MSAS at inflection=18.44; depression=19.33°; smoothing=5-pt median; dark rows=1170
isha,2019-09-04,19:31,-1,28.6865,-17.7665,0.0,Zamorano J. et al. (2019). TESS-W sky brightness network. Zenodo monthly archives. https://zenodo.org/records/3378728. CC0 1.0.,TESS station stars4; photometric inflection method; night median MSAS=19.22; MSAS at inflection=18.24; depression=14.07°; smoothing=5-pt median; dark rows=1178
fajr,2019-09-05,05:08,-1,28.6865,-17.7665,0.0,Zamorano J. et al. (2019). TESS-W sky brightness network. Zenodo monthly archives. https://zenodo.org/records/3378728. CC0 1.0.,TESS station stars4; photometric inflection method; night median MSAS=19.22; MSAS at inflection=16.94; depression=9.89°; smoothing=5-pt median; dark rows=1178
fajr,2019-09-08,04:13,-1,28.6865,-17.7665,0.0,Zamorano J. et al. (2019). TESS-W sky brightness network. Zenodo monthly archives. https://zenodo.org/records/3378728. CC0 1.0.,TESS station stars4; photometric inflection method; night median MSAS=18.06; MSAS at inflection=18.86; depression=21.83°; smoothing=5-pt median; dark rows=1190
isha,2019-09-08,19:22,-1,28.6865,-17.7665,0.0,Zamorano J. et al. (2019). TESS-W sky brightness network. Zenodo monthly archives. https://zenodo.org/records/3378728. CC0 1.0.,TESS station stars4; photometric inflection method; night median MSAS=18.09; MSAS at inflection=16.84; depression=13.35°; smoothing=5-pt median; dark rows=1152
isha,2019-09-24,19:31,-1,28.6865,-17.7665,0.0,Zamorano J. et al. (2019). TESS-W sky brightness network. Zenodo monthly archives. https://zenodo.org/records/3378728. CC0 1.0.,TESS station stars4; photometric inflection method; night median MSAS=19.13; MSAS at inflection=17.06; depression=19.66°; smoothing=5-pt median; dark rows=1251
fajr,2019-09-26,05:16,-1,28.6865,-17.7665,0.0,Zamorano J. et al. (2019). TESS-W sky brightness network. Zenodo monthly archives. https://zenodo.org/records/3378728. CC0 1.0.,TESS station stars4; photometric inflection method; night median MSAS=19.05; MSAS at inflection=16.63; depression=10.58°; smoothing=5-pt median; dark rows=1224
fajr,2019-09-01,03:06,-1,41.177424,-8.605964,0.0,Zamorano J. et al. (2019). TESS-W sky brightness network. Zenodo monthly archives. https://zenodo.org/records/3378728. CC0 1.0.,TESS station stars40; photometric inflection method; night median MSAS=18.21; MSAS at inflection=18.26; depression=20.62°; smoothing=5-pt median; dark rows=271
fajr,2019-09-02,03:22,-1,41.177424,-8.605964,0.0,Zamorano J. et al. (2019). TESS-W sky brightness network. Zenodo monthly archives. https://zenodo.org/records/3378728. CC0 1.0.,TESS station stars40; photometric inflection method; night median MSAS=18.24; MSAS at inflection=18.32; depression=18.32°; smoothing=5-pt median; dark rows=483
fajr,2019-09-05,04:26,-1,41.177424,-8.605964,0.0,Zamorano J. et al. (2019). TESS-W sky brightness network. Zenodo monthly archives. https://zenodo.org/records/3378728. CC0 1.0.,TESS station stars40; photometric inflection method; night median MSAS=18.12; MSAS at inflection=15.71; depression=7.79°; smoothing=5-pt median; dark rows=490
fajr,2019-09-06,04:08,-1,41.177424,-8.605964,0.0,Zamorano J. et al. (2019). TESS-W sky brightness network. Zenodo monthly archives. https://zenodo.org/records/3378728. CC0 1.0.,TESS station stars40; photometric inflection method; night median MSAS=17.79; MSAS at inflection=17.21; depression=11.16°; smoothing=5-pt median; dark rows=493
isha,2019-09-06,19:07,-1,41.177424,-8.605964,0.0,Zamorano J. et al. (2019). TESS-W sky brightness network. Zenodo monthly archives. https://zenodo.org/records/3378728. CC0 1.0.,TESS station stars40; photometric inflection method; night median MSAS=17.96; MSAS at inflection=17.49; depression=13.18°; smoothing=5-pt median; dark rows=498
fajr,2019-09-07,03:27,-1,41.177424,-8.605964,0.0,Zamorano J. et al. (2019). TESS-W sky brightness network. Zenodo monthly archives. https://zenodo.org/records/3378728. CC0 1.0.,TESS station stars40; photometric inflection method; night median MSAS=17.96; MSAS at inflection=17.92; depression=18.46°; smoothing=5-pt median; dark rows=498
isha,2019-09-22,19:26,-1,41.177424,-8.605964,0.0,Zamorano J. et al. (2019). TESS-W sky brightness network. Zenodo monthly archives. https://zenodo.org/records/3378728. CC0 1.0.,TESS station stars40; photometric inflection method; night median MSAS=17.65; MSAS at inflection=17.86; depression=21.82°; smoothing=5-pt median; dark rows=540
fajr,2019-09-25,04:46,-1,41.177424,-8.605964,0.0,Zamorano J. et al. (2019). TESS-W sky brightness network. Zenodo monthly archives. https://zenodo.org/records/3378728. CC0 1.0.,TESS station stars40; photometric inflection method; night median MSAS=17.96; MSAS at inflection=16.09; depression=7.99°; smoothing=5-pt median; dark rows=544
isha,2019-09-26,18:14,-1,41.177424,-8.605964,0.0,Zamorano J. et al. (2019). TESS-W sky brightness network. Zenodo monthly archives. https://zenodo.org/records/3378728. CC0 1.0.,TESS station stars40; photometric inflection method; night median MSAS=18.20; MSAS at inflection=17.20; depression=10.14°; smoothing=5-pt median; dark rows=546
isha,2019-09-28,18:07,-1,41.177424,-8.605964,0.0,Zamorano J. et al. (2019). TESS-W sky brightness network. Zenodo monthly archives. https://zenodo.org/records/3378728. CC0 1.0.,TESS station stars40; photometric inflection method; night median MSAS=18.13; MSAS at inflection=16.94; depression=9.43°; smoothing=5-pt median; dark rows=548
isha,2019-09-01,19:20,-1,41.177424,-8.605964,0.0,Zamorano J. et al. (2019). TESS-W sky brightness network. Zenodo monthly archives. https://zenodo.org/records/3378728. CC0 1.0.,TESS station stars41; photometric inflection method; night median MSAS=18.48; MSAS at inflection=18.41; depression=13.91°; smoothing=5-pt median; dark rows=487
fajr,2019-09-04,03:46,-1,41.177424,-8.605964,0.0,Zamorano J. et al. (2019). TESS-W sky brightness network. Zenodo monthly archives. https://zenodo.org/records/3378728. CC0 1.0.,TESS station stars41; photometric inflection method; night median MSAS=18.41; MSAS at inflection=18.43; depression=14.69°; smoothing=5-pt median; dark rows=488
isha,2019-09-04,19:52,-1,41.177424,-8.605964,0.0,Zamorano J. et al. (2019). TESS-W sky brightness network. Zenodo monthly archives. https://zenodo.org/records/3378728. CC0 1.0.,TESS station stars41; photometric inflection method; night median MSAS=18.35; MSAS at inflection=17.95; depression=20.14°; smoothing=5-pt median; dark rows=493
fajr,2019-09-07,03:47,-1,41.177424,-8.605964,0.0,Zamorano J. et al. (2019). TESS-W sky brightness network. Zenodo monthly archives. https://zenodo.org/records/3378728. CC0 1.0.,TESS station stars41; photometric inflection method; night median MSAS=18.18; MSAS at inflection=18.21; depression=15.12°; smoothing=5-pt median; dark rows=493
isha,2019-09-07,18:43,-1,41.177424,-8.605964,0.0,Zamorano J. et al. (2019). TESS-W sky brightness network. Zenodo monthly archives. https://zenodo.org/records/3378728. CC0 1.0.,TESS station stars41; photometric inflection method; night median MSAS=18.38; MSAS at inflection=17.02; depression=9.23°; smoothing=5-pt median; dark rows=499
isha,2019-09-08,19:12,-1,41.177424,-8.605964,0.0,Zamorano J. et al. (2019). TESS-W sky brightness network. Zenodo monthly archives. https://zenodo.org/records/3378728. CC0 1.0.,TESS station stars41; photometric inflection method; night median MSAS=18.23; MSAS at inflection=18.16; depression=14.78°; smoothing=5-pt median; dark rows=503
fajr,2019-09-10,04:08,-1,41.177424,-8.605964,0.0,Zamorano J. et al. (2019). TESS-W sky brightness network. Zenodo monthly archives. https://zenodo.org/records/3378728. CC0 1.0.,TESS station stars41; photometric inflection method; night median MSAS=17.80; MSAS at inflection=18.46; depression=11.94°; smoothing=5-pt median; dark rows=498
isha,2019-09-12,18:33,-1,41.177424,-8.605964,0.0,Zamorano J. et al. (2019). TESS-W sky brightness network. Zenodo monthly archives. https://zenodo.org/records/3378728. CC0 1.0.,TESS station stars41; photometric inflection method; night median MSAS=17.77; MSAS at inflection=16.78; depression=8.95°; smoothing=5-pt median; dark rows=508
fajr,2019-09-13,04:26,-1,41.177424,-8.605964,0.0,Zamorano J. et al. (2019). TESS-W sky brightness network. Zenodo monthly archives. https://zenodo.org/records/3378728. CC0 1.0.,TESS station stars41; photometric inflection method; night median MSAS=17.77; MSAS at inflection=17.70; depression=9.36°; smoothing=5-pt median; dark rows=508
fajr,2019-09-23,04:43,-1,41.177424,-8.605964,0.0,Zamorano J. et al. (2019). TESS-W sky brightness network. Zenodo monthly archives. https://zenodo.org/records/3378728. CC0 1.0.,TESS station stars41; photometric inflection method; night median MSAS=17.84; MSAS at inflection=17.12; depression=8.21°; smoothing=5-pt median; dark rows=539
fajr,2019-09-26,04:03,-1,41.177424,-8.605964,0.0,Zamorano J. et al. (2019). TESS-W sky brightness network. Zenodo monthly archives. https://zenodo.org/records/3378728. CC0 1.0.,TESS station stars41; photometric inflection method; night median MSAS=18.39; MSAS at inflection=18.56; depression=16.17°; smoothing=5-pt median; dark rows=540
fajr,2019-09-28,04:01,-1,41.177424,-8.605964,0.0,Zamorano J. et al. (2019). TESS-W sky brightness network. Zenodo monthly archives. https://zenodo.org/records/3378728. CC0 1.0.,TESS station stars41; photometric inflection method; night median MSAS=18.25; MSAS at inflection=16.84; depression=16.86°; smoothing=5-pt median; dark rows=553
isha,2019-09-01,19:35,1,45.402694,11.884872,0.0,Zamorano J. et al. (2019). TESS-W sky brightness network. Zenodo monthly archives. https://zenodo.org/records/3378728. CC0 1.0.,TESS station stars47; photometric inflection method; night median MSAS=18.14; MSAS at inflection=16.37; depression=8.41°; smoothing=5-pt median; dark rows=361
fajr,2019-09-02,03:58,1,45.402694,11.884872,0.0,Zamorano J. et al. (2019). TESS-W sky brightness network. Zenodo monthly archives. https://zenodo.org/records/3378728. CC0 1.0.,TESS station stars47; photometric inflection method; night median MSAS=18.14; MSAS at inflection=18.10; depression=16.52°; smoothing=5-pt median; dark rows=361
isha,2019-09-02,19:36,1,45.402694,11.884872,0.0,Zamorano J. et al. (2019). TESS-W sky brightness network. Zenodo monthly archives. https://zenodo.org/records/3378728. CC0 1.0.,TESS station stars47; photometric inflection method; night median MSAS=18.23; MSAS at inflection=16.07; depression=8.76°; smoothing=5-pt median; dark rows=354
fajr,2019-09-03,04:54,1,45.402694,11.884872,0.0,Zamorano J. et al. (2019). TESS-W sky brightness network. Zenodo monthly archives. https://zenodo.org/records/3378728. CC0 1.0.,TESS station stars47; photometric inflection method; night median MSAS=18.23; MSAS at inflection=16.39; depression=7.76°; smoothing=5-pt median; dark rows=354
fajr,2019-09-04,04:45,1,45.402694,11.884872,0.0,Zamorano J. et al. (2019). TESS-W sky brightness network. Zenodo monthly archives. https://zenodo.org/records/3378728. CC0 1.0.,TESS station stars47; photometric inflection method; night median MSAS=18.57; MSAS at inflection=17.41; depression=9.52°; smoothing=5-pt median; dark rows=341
isha,2019-09-04,19:55,1,45.402694,11.884872,0.0,Zamorano J. et al. (2019). TESS-W sky brightness network. Zenodo monthly archives. https://zenodo.org/records/3378728. CC0 1.0.,TESS station stars47; photometric inflection method; night median MSAS=18.53; MSAS at inflection=18.25; depression=12.60°; smoothing=5-pt median; dark rows=345
fajr,2019-09-05,04:45,1,45.402694,11.884872,0.0,Zamorano J. et al. (2019). TESS-W sky brightness network. Zenodo monthly archives. https://zenodo.org/records/3378728. CC0 1.0.,TESS station stars47; photometric inflection method; night median MSAS=18.53; MSAS at inflection=17.41; depression=9.81°; smoothing=5-pt median; dark rows=345
fajr,2019-09-06,04:30,1,45.402694,11.884872,0.0,Zamorano J. et al. (2019). TESS-W sky brightness network. Zenodo monthly archives. https://zenodo.org/records/3378728. CC0 1.0.,TESS station stars47; photometric inflection method; night median MSAS=18.31; MSAS at inflection=16.58; depression=12.33°; smoothing=5-pt median; dark rows=368
isha,2019-09-07,19:48,1,45.402694,11.884872,0.0,Zamorano J. et al. (2019). TESS-W sky brightness network. Zenodo monthly archives. https://zenodo.org/records/3378728. CC0 1.0.,TESS station stars47; photometric inflection method; night median MSAS=17.59; MSAS at inflection=16.43; depression=12.47°; smoothing=5-pt median; dark rows=392
isha,2019-09-10,19:15,1,45.402694,11.884872,0.0,Zamorano J. et al. (2019). TESS-W sky brightness network. Zenodo monthly archives. https://zenodo.org/records/3378728. CC0 1.0.,TESS station stars47; photometric inflection method; night median MSAS=18.45; MSAS at inflection=16.22; depression=8.01°; smoothing=5-pt median; dark rows=406
isha,2019-09-11,19:19,1,45.402694,11.884872,0.0,Zamorano J. et al. (2019). TESS-W sky brightness network. Zenodo monthly archives. https://zenodo.org/records/3378728. CC0 1.0.,TESS station stars47; photometric inflection method; night median MSAS=18.14; MSAS at inflection=16.92; depression=8.95°; smoothing=5-pt median; dark rows=362
fajr,2019-09-12,04:53,1,45.402694,11.884872,0.0,Zamorano J. et al. (2019). TESS-W sky brightness network. Zenodo monthly archives. https://zenodo.org/records/3378728. CC0 1.0.,TESS station stars47; photometric inflection method; night median MSAS=18.14; MSAS at inflection=17.83; depression=9.95°; smoothing=5-pt median; dark rows=362
isha,2019-09-12,20:04,1,45.402694,11.884872,0.0,Zamorano J. et al. (2019). TESS-W sky brightness network. Zenodo monthly archives. https://zenodo.org/records/3378728. CC0 1.0.,TESS station stars47; photometric inflection method; night median MSAS=17.95; MSAS at inflection=17.85; depression=16.75°; smoothing=5-pt median; dark rows=73
isha,2019-09-13,19:13,1,45.402694,11.884872,0.0,Zamorano J. et al. (2019). TESS-W sky brightness network. Zenodo monthly archives. https://zenodo.org/records/3378728. CC0 1.0.,TESS station stars47; photometric inflection method; night median MSAS=17.84; MSAS at inflection=15.91; depression=8.66°; smoothing=5-pt median; dark rows=77
fajr,2019-09-14,04:04,1,45.402694,11.884872,0.0,Zamorano J. et al. (2019). TESS-W sky brightness network. Zenodo monthly archives. https://zenodo.org/records/3378728. CC0 1.0.,TESS station stars47; photometric inflection method; night median MSAS=17.84; MSAS at inflection=18.02; depression=18.50°; smoothing=5-pt median; dark rows=77
isha,2019-09-14,19:59,1,45.402694,11.884872,0.0,Zamorano J. et al. (2019). TESS-W sky brightness network. Zenodo monthly archives. https://zenodo.org/records/3378728. CC0 1.0.,TESS station stars47; photometric inflection method; night median MSAS=17.68; MSAS at inflection=17.83; depression=16.62°; smoothing=5-pt median; dark rows=74
fajr,2019-09-15,03:59,1,45.402694,11.884872,0.0,Zamorano J. et al. (2019). TESS-W sky brightness network. Zenodo monthly archives. https://zenodo.org/records/3378728. CC0 1.0.,TESS station stars47; photometric inflection method; night median MSAS=17.68; MSAS at inflection=18.01; depression=19.45°; smoothing=5-pt median; dark rows=74
isha,2019-09-15,19:03,1,45.402694,11.884872,0.0,Zamorano J. et al. (2019). TESS-W sky brightness network. Zenodo monthly archives. https://zenodo.org/records/3378728. CC0 1.0.,TESS station stars47; photometric inflection method; night median MSAS=17.68; MSAS at inflection=15.26; depression=7.64°; smoothing=5-pt median; dark rows=78
fajr,2019-09-16,05:10,1,45.402694,11.884872,0.0,Zamorano J. et al. (2019). TESS-W sky brightness network. Zenodo monthly archives. https://zenodo.org/records/3378728. CC0 1.0.,TESS station stars47; photometric inflection method; night median MSAS=17.68; MSAS at inflection=16.26; depression=8.02°; smoothing=5-pt median; dark rows=78
isha,2019-09-21,19:00,1,45.402694,11.884872,0.0,Zamorano J. et al. (2019). TESS-W sky brightness network. Zenodo monthly archives. https://zenodo.org/records/3378728. CC0 1.0.,TESS station stars47; photometric inflection method; night median MSAS=18.11; MSAS at inflection=17.26; depression=9.09°; smoothing=5-pt median; dark rows=87
fajr,2019-09-22,05:11,1,45.402694,11.884872,0.0,Zamorano J. et al. (2019). TESS-W sky brightness network. Zenodo monthly archives. https://zenodo.org/records/3378728. CC0 1.0.,TESS station stars47; photometric inflection method; night median MSAS=18.11; MSAS at inflection=16.26; depression=9.15°; smoothing=5-pt median; dark rows=87
isha,2019-09-24,19:58,1,45.402694,11.884872,0.0,Zamorano J. et al. (2019). TESS-W sky brightness network. Zenodo monthly archives. https://zenodo.org/records/3378728. CC0 1.0.,TESS station stars47; photometric inflection method; night median MSAS=18.40; MSAS at inflection=18.45; depression=19.99°; smoothing=5-pt median; dark rows=79
fajr,2019-09-25,04:03,1,45.402694,11.884872,0.0,Zamorano J. et al. (2019). TESS-W sky brightness network. Zenodo monthly archives. https://zenodo.org/records/3378728. CC0 1.0.,TESS station stars47; photometric inflection method; night median MSAS=18.40; MSAS at inflection=18.07; depression=21.27°; smoothing=5-pt median; dark rows=79
isha,2019-09-25,19:52,1,45.402694,11.884872,0.0,Zamorano J. et al. (2019). TESS-W sky brightness network. Zenodo monthly archives. https://zenodo.org/records/3378728. CC0 1.0.,TESS station stars47; photometric inflection method; night median MSAS=17.70; MSAS at inflection=16.40; depression=19.33°; smoothing=5-pt median; dark rows=89
fajr,2019-09-26,05:17,1,45.402694,11.884872,0.0,Zamorano J. et al. (2019). TESS-W sky brightness network. Zenodo monthly archives. https://zenodo.org/records/3378728. CC0 1.0.,TESS station stars47; photometric inflection method; night median MSAS=17.70; MSAS at inflection=17.66; depression=8.88°; smoothing=5-pt median; dark rows=89
isha,2019-09-26,19:05,1,45.402694,11.884872,0.0,Zamorano J. et al. (2019). TESS-W sky brightness network. Zenodo monthly archives. https://zenodo.org/records/3378728. CC0 1.0.,TESS station stars47; photometric inflection method; night median MSAS=17.97; MSAS at inflection=17.78; depression=11.81°; smoothing=5-pt median; dark rows=89
isha,2019-09-28,19:00,1,45.402694,11.884872,0.0,Zamorano J. et al. (2019). TESS-W sky brightness network. Zenodo monthly archives. https://zenodo.org/records/3378728. CC0 1.0.,TESS station stars47; photometric inflection method; night median MSAS=18.06; MSAS at inflection=17.74; depression=11.56°; smoothing=5-pt median; dark rows=76
fajr,2019-09-29,04:36,1,45.402694,11.884872,0.0,Zamorano J. et al. (2019). TESS-W sky brightness network. Zenodo monthly archives. https://zenodo.org/records/3378728. CC0 1.0.,TESS station stars47; photometric inflection method; night median MSAS=18.06; MSAS at inflection=15.87; depression=16.63°; smoothing=5-pt median; dark rows=76
fajr,2019-09-30,05:17,1,45.402694,11.884872,0.0,Zamorano J. et al. (2019). TESS-W sky brightness network. Zenodo monthly archives. https://zenodo.org/records/3378728. CC0 1.0.,TESS station stars47; photometric inflection method; night median MSAS=18.49; MSAS at inflection=17.71; depression=9.86°; smoothing=5-pt median; dark rows=74
isha,2019-09-02,19:42,0,40.45098,-3.726072,0.0,Zamorano J. et al. (2019). TESS-W sky brightness network. Zenodo monthly archives. https://zenodo.org/records/3378728. CC0 1.0.,TESS station stars5; photometric inflection method; night median MSAS=18.14; MSAS at inflection=17.29; depression=11.12°; smoothing=5-pt median; dark rows=74
fajr,2019-09-03,05:02,0,40.45098,-3.726072,0.0,Zamorano J. et al. (2019). TESS-W sky brightness network. Zenodo monthly archives. https://zenodo.org/records/3378728. CC0 1.0.,TESS station stars5; photometric inflection method; night median MSAS=18.14; MSAS at inflection=16.03; depression=8.43°; smoothing=5-pt median; dark rows=74
isha,2019-09-03,19:45,0,40.45098,-3.726072,0.0,Zamorano J. et al. (2019). TESS-W sky brightness network. Zenodo monthly archives. https://zenodo.org/records/3378728. CC0 1.0.,TESS station stars5; photometric inflection method; night median MSAS=18.00; MSAS at inflection=17.29; depression=12.10°; smoothing=5-pt median; dark rows=88
fajr,2019-09-04,04:57,0,40.45098,-3.726072,0.0,Zamorano J. et al. (2019). TESS-W sky brightness network. Zenodo monthly archives. https://zenodo.org/records/3378728. CC0 1.0.,TESS station stars5; photometric inflection method; night median MSAS=18.00; MSAS at inflection=16.81; depression=9.44°; smoothing=5-pt median; dark rows=88
fajr,2019-09-06,05:03,0,40.45098,-3.726072,0.0,Zamorano J. et al. (2019). TESS-W sky brightness network. Zenodo monthly archives. https://zenodo.org/records/3378728. CC0 1.0.,TESS station stars5; photometric inflection method; night median MSAS=18.36; MSAS at inflection=16.78; depression=8.84°; smoothing=5-pt median; dark rows=100
isha,2019-09-06,19:23,0,40.45098,-3.726072,0.0,Zamorano J. et al. (2019). TESS-W sky brightness network. Zenodo monthly archives. https://zenodo.org/records/3378728. CC0 1.0.,TESS station stars5; photometric inflection method; night median MSAS=17.91; MSAS at inflection=16.59; depression=9.08°; smoothing=5-pt median; dark rows=100
isha,2019-09-07,19:17,0,40.45098,-3.726072,0.0,Zamorano J. et al. (2019). TESS-W sky brightness network. Zenodo monthly archives. https://zenodo.org/records/3378728. CC0 1.0.,TESS station stars5; photometric inflection method; night median MSAS=18.04; MSAS at inflection=15.75; depression=8.20°; smoothing=5-pt median; dark rows=109
fajr,2019-09-08,04:48,0,40.45098,-3.726072,0.0,Zamorano J. et al. (2019). TESS-W sky brightness network. Zenodo monthly archives. https://zenodo.org/records/3378728. CC0 1.0.,TESS station stars5; photometric inflection method; night median MSAS=18.04; MSAS at inflection=16.12; depression=11.98°; smoothing=5-pt median; dark rows=109
isha,2019-09-08,19:27,0,40.45098,-3.726072,0.0,Zamorano J. et al. (2019). TESS-W sky brightness network. Zenodo monthly archives. https://zenodo.org/records/3378728. CC0 1.0.,TESS station stars5; photometric inflection method; night median MSAS=18.09; MSAS at inflection=16.78; depression=10.33°; smoothing=5-pt median; dark rows=102
fajr,2019-09-09,04:56,0,40.45098,-3.726072,0.0,Zamorano J. et al. (2019). TESS-W sky brightness network. Zenodo monthly archives. https://zenodo.org/records/3378728. CC0 1.0.,TESS station stars5; photometric inflection method; night median MSAS=18.09; MSAS at inflection=17.78; depression=10.74°; smoothing=5-pt median; dark rows=102
isha,2019-09-10,19:36,0,40.45098,-3.726072,0.0,Zamorano J. et al. (2019). TESS-W sky brightness network. Zenodo monthly archives. https://zenodo.org/records/3378728. CC0 1.0.,TESS station stars5; photometric inflection method; night median MSAS=17.96; MSAS at inflection=17.22; depression=12.73°; smoothing=5-pt median; dark rows=96
fajr,2019-09-11,04:59,0,40.45098,-3.726072,0.0,Zamorano J. et al. (2019). TESS-W sky brightness network. Zenodo monthly archives. https://zenodo.org/records/3378728. CC0 1.0.,TESS station stars5; photometric inflection method; night median MSAS=17.96; MSAS at inflection=17.86; depression=10.52°; smoothing=5-pt median; dark rows=96
isha,2019-09-11,19:48,0,40.45098,-3.726072,0.0,Zamorano J. et al. (2019). TESS-W sky brightness network. Zenodo monthly archives. https://zenodo.org/records/3378728. CC0 1.0.,TESS station stars5; photometric inflection method; night median MSAS=17.82; MSAS at inflection=17.50; depression=15.20°; smoothing=5-pt median; dark rows=42
fajr,2019-09-25,04:28,0,40.45098,-3.726072,0.0,Zamorano J. et al. (2019). TESS-W sky brightness network. Zenodo monthly archives. https://zenodo.org/records/3378728. CC0 1.0.,TESS station stars5; photometric inflection method; night median MSAS=18.37; MSAS at inflection=18.35; depression=18.92°; smoothing=5-pt median; dark rows=96
fajr,2019-09-26,05:18,0,40.45098,-3.726072,0.0,Zamorano J. et al. (2019). TESS-W sky brightness network. Zenodo monthly archives. https://zenodo.org/records/3378728. CC0 1.0.,TESS station stars5; photometric inflection method; night median MSAS=18.31; MSAS at inflection=17.48; depression=9.88°; smoothing=5-pt median; dark rows=107
isha,2019-09-26,19:34,0,40.45098,-3.726072,0.0,Zamorano J. et al. (2019). TESS-W sky brightness network. Zenodo monthly archives. https://zenodo.org/records/3378728. CC0 1.0.,TESS station stars5; photometric inflection method; night median MSAS=18.37; MSAS at inflection=17.63; depression=17.49°; smoothing=5-pt median; dark rows=96
fajr,2019-09-27,05:26,0,40.45098,-3.726072,0.0,Zamorano J. et al. (2019). TESS-W sky brightness network. Zenodo monthly archives. https://zenodo.org/records/3378728. CC0 1.0.,TESS station stars5; photometric inflection method; night median MSAS=18.37; MSAS at inflection=16.18; depression=8.59°; smoothing=5-pt median; dark rows=96
isha,2019-09-27,19:52,0,40.45098,-3.726072,0.0,Zamorano J. et al. (2019). TESS-W sky brightness network. Zenodo monthly archives. https://zenodo.org/records/3378728. CC0 1.0.,TESS station stars5; photometric inflection method; night median MSAS=18.36; MSAS at inflection=17.88; depression=21.23°; smoothing=5-pt median; dark rows=103
isha,2019-09-29,18:57,0,40.45098,-3.726072,0.0,Zamorano J. et al. (2019). TESS-W sky brightness network. Zenodo monthly archives. https://zenodo.org/records/3378728. CC0 1.0.,TESS station stars5; photometric inflection method; night median MSAS=18.34; MSAS at inflection=17.66; depression=11.59°; smoothing=5-pt median; dark rows=114
fajr,2019-09-30,05:10,0,40.45098,-3.726072,0.0,Zamorano J. et al. (2019). TESS-W sky brightness network. Zenodo monthly archives. https://zenodo.org/records/3378728. CC0 1.0.,TESS station stars5; photometric inflection method; night median MSAS=18.34; MSAS at inflection=18.00; depression=12.17°; smoothing=5-pt median; dark rows=114
isha,2019-09-01,19:43,0,40.418017,-3.553016,0.0,Zamorano J. et al. (2019). TESS-W sky brightness network. Zenodo monthly archives. https://zenodo.org/records/3378728. CC0 1.0.,TESS station stars51; photometric inflection method; night median MSAS=17.65; MSAS at inflection=15.66; depression=11.20°; smoothing=5-pt median; dark rows=554
fajr,2019-09-02,03:47,0,40.418017,-3.553016,0.0,Zamorano J. et al. (2019). TESS-W sky brightness network. Zenodo monthly archives. https://zenodo.org/records/3378728. CC0 1.0.,TESS station stars51; photometric inflection method; night median MSAS=17.65; MSAS at inflection=17.83; depression=21.01°; smoothing=5-pt median; dark rows=554
isha,2019-09-03,19:38,0,40.418017,-3.553016,0.0,Zamorano J. et al. (2019). TESS-W sky brightness network. Zenodo monthly archives. https://zenodo.org/records/3378728. CC0 1.0.,TESS station stars51; photometric inflection method; night median MSAS=18.03; MSAS at inflection=17.36; depression=11.00°; smoothing=5-pt median; dark rows=560
fajr,2019-09-04,03:47,0,40.418017,-3.553016,0.0,Zamorano J. et al. (2019). TESS-W sky brightness network. Zenodo monthly archives. https://zenodo.org/records/3378728. CC0 1.0.,TESS station stars51; photometric inflection method; night median MSAS=18.03; MSAS at inflection=18.06; depression=21.49°; smoothing=5-pt median; dark rows=560
isha,2019-09-04,20:31,0,40.418017,-3.553016,0.0,Zamorano J. et al. (2019). TESS-W sky brightness network. Zenodo monthly archives. https://zenodo.org/records/3378728. CC0 1.0.,TESS station stars51; photometric inflection method; night median MSAS=18.08; MSAS at inflection=17.77; depression=20.46°; smoothing=5-pt median; dark rows=562
fajr,2019-09-06,05:02,0,40.418017,-3.553016,0.0,Zamorano J. et al. (2019). TESS-W sky brightness network. Zenodo monthly archives. https://zenodo.org/records/3378728. CC0 1.0.,TESS station stars51; photometric inflection method; night median MSAS=18.29; MSAS at inflection=16.86; depression=8.80°; smoothing=5-pt median; dark rows=564
isha,2019-09-06,19:16,0,40.418017,-3.553016,0.0,Zamorano J. et al. (2019). TESS-W sky brightness network. Zenodo monthly archives. https://zenodo.org/records/3378728. CC0 1.0.,TESS station stars51; photometric inflection method; night median MSAS=18.06; MSAS at inflection=15.64; depression=7.86°; smoothing=5-pt median; dark rows=569
fajr,2019-09-07,04:23,0,40.418017,-3.553016,0.0,Zamorano J. et al. (2019). TESS-W sky brightness network. Zenodo monthly archives. https://zenodo.org/records/3378728. CC0 1.0.,TESS station stars51; photometric inflection method; night median MSAS=18.06; MSAS at inflection=16.63; depression=16.08°; smoothing=5-pt median; dark rows=569
isha,2019-09-07,19:34,0,40.418017,-3.553016,0.0,Zamorano J. et al. (2019). TESS-W sky brightness network. Zenodo monthly archives. https://zenodo.org/records/3378728. CC0 1.0.,TESS station stars51; photometric inflection method; night median MSAS=17.98; MSAS at inflection=17.61; depression=11.48°; smoothing=5-pt median; dark rows=571
isha,2019-09-08,19:22,0,40.418017,-3.553016,0.0,Zamorano J. et al. (2019). TESS-W sky brightness network. Zenodo monthly archives. https://zenodo.org/records/3378728. CC0 1.0.,TESS station stars51; photometric inflection method; night median MSAS=18.05; MSAS at inflection=17.02; depression=9.53°; smoothing=5-pt median; dark rows=574
fajr,2019-09-09,04:42,0,40.418017,-3.553016,0.0,Zamorano J. et al. (2019). TESS-W sky brightness network. Zenodo monthly archives. https://zenodo.org/records/3378728. CC0 1.0.,TESS station stars51; photometric inflection method; night median MSAS=18.05; MSAS at inflection=18.08; depression=13.17°; smoothing=5-pt median; dark rows=574
fajr,2019-09-11,04:48,0,40.418017,-3.553016,0.0,Zamorano J. et al. (2019). TESS-W sky brightness network. Zenodo monthly archives. https://zenodo.org/records/3378728. CC0 1.0.,TESS station stars51; photometric inflection method; night median MSAS=17.99; MSAS at inflection=18.12; depression=12.41°; smoothing=5-pt median; dark rows=577
isha,2019-09-11,19:24,0,40.418017,-3.553016,0.0,Zamorano J. et al. (2019). TESS-W sky brightness network. Zenodo monthly archives. https://zenodo.org/records/3378728. CC0 1.0.,TESS station stars51; photometric inflection method; night median MSAS=17.77; MSAS at inflection=16.56; depression=11.02°; smoothing=5-pt median; dark rows=533
fajr,2019-09-12,04:43,0,40.418017,-3.553016,0.0,Zamorano J. et al. (2019). TESS-W sky brightness network. Zenodo monthly archives. https://zenodo.org/records/3378728. CC0 1.0.,TESS station stars51; photometric inflection method; night median MSAS=17.77; MSAS at inflection=18.10; depression=13.54°; smoothing=5-pt median; dark rows=533
isha,2019-09-22,19:33,0,40.418017,-3.553016,0.0,Zamorano J. et al. (2019). TESS-W sky brightness network. Zenodo monthly archives. https://zenodo.org/records/3378728. CC0 1.0.,TESS station stars51; photometric inflection method; night median MSAS=18.19; MSAS at inflection=17.14; depression=16.11°; smoothing=5-pt median; dark rows=611
isha,2019-09-23,19:09,0,40.418017,-3.553016,0.0,Zamorano J. et al. (2019). TESS-W sky brightness network. Zenodo monthly archives. https://zenodo.org/records/3378728. CC0 1.0.,TESS station stars51; photometric inflection method; night median MSAS=18.17; MSAS at inflection=17.73; depression=12.04°; smoothing=5-pt median; dark rows=614
fajr,2019-09-24,05:19,0,40.418017,-3.553016,0.0,Zamorano J. et al. (2019). TESS-W sky brightness network. Zenodo monthly archives. https://zenodo.org/records/3378728. CC0 1.0.,TESS station stars51; photometric inflection method; night median MSAS=18.17; MSAS at inflection=16.90; depression=9.21°; smoothing=5-pt median; dark rows=614
fajr,2019-09-25,05:07,0,40.418017,-3.553016,0.0,Zamorano J. et al. (2019). TESS-W sky brightness network. Zenodo monthly archives. https://zenodo.org/records/3378728. CC0 1.0.,TESS station stars51; photometric inflection method; night median MSAS=18.24; MSAS at inflection=17.94; depression=11.51°; smoothing=5-pt median; dark rows=617
isha,2019-09-25,19:32,0,40.418017,-3.553016,0.0,Zamorano J. et al. (2019). TESS-W sky brightness network. Zenodo monthly archives. https://zenodo.org/records/3378728. CC0 1.0.,TESS station stars51; photometric inflection method; night median MSAS=18.27; MSAS at inflection=16.82; depression=16.95°; smoothing=5-pt median; dark rows=606
isha,2019-09-27,19:06,0,40.418017,-3.553016,0.0,Zamorano J. et al. (2019). TESS-W sky brightness network. Zenodo monthly archives. https://zenodo.org/records/3378728. CC0 1.0.,TESS station stars51; photometric inflection method; night median MSAS=18.28; MSAS at inflection=17.81; depression=12.68°; smoothing=5-pt median; dark rows=626
fajr,2019-09-30,05:13,0,40.418017,-3.553016,0.0,Zamorano J. et al. (2019). TESS-W sky brightness network. Zenodo monthly archives. https://zenodo.org/records/3378728. CC0 1.0.,TESS station stars51; photometric inflection method; night median MSAS=18.24; MSAS at inflection=17.83; depression=11.35°; smoothing=5-pt median; dark rows=630
isha,2019-09-01,19:46,0,36.879285,-2.438345,0.0,Zamorano J. et al. (2019). TESS-W sky brightness network. Zenodo monthly archives. https://zenodo.org/records/3378728. CC0 1.0.,TESS station stars52; photometric inflection method; night median MSAS=18.58; MSAS at inflection=18.35; depression=13.76°; smoothing=5-pt median; dark rows=1115
fajr,2019-09-02,05:02,0,36.879285,-2.438345,0.0,Zamorano J. et al. (2019). TESS-W sky brightness network. Zenodo monthly archives. https://zenodo.org/records/3378728. CC0 1.0.,TESS station stars52; photometric inflection method; night median MSAS=18.58; MSAS at inflection=16.35; depression=8.24°; smoothing=5-pt median; dark rows=1115
isha,2019-09-03,20:18,0,36.879285,-2.438345,0.0,Zamorano J. et al. (2019). TESS-W sky brightness network. Zenodo monthly archives. https://zenodo.org/records/3378728. CC0 1.0.,TESS station stars52; photometric inflection method; night median MSAS=18.65; MSAS at inflection=18.36; depression=20.28°; smoothing=5-pt median; dark rows=1134
fajr,2019-09-04,04:59,0,36.879285,-2.438345,0.0,Zamorano J. et al. (2019). TESS-W sky brightness network. Zenodo monthly archives. https://zenodo.org/records/3378728. CC0 1.0.,TESS station stars52; photometric inflection method; night median MSAS=18.65; MSAS at inflection=16.92; depression=9.32°; smoothing=5-pt median; dark rows=1134
isha,2019-09-05,19:32,0,36.879285,-2.438345,0.0,Zamorano J. et al. (2019). TESS-W sky brightness network. Zenodo monthly archives. https://zenodo.org/records/3378728. CC0 1.0.,TESS station stars52; photometric inflection method; night median MSAS=18.46; MSAS at inflection=17.19; depression=12.50°; smoothing=5-pt median; dark rows=1022
isha,2019-09-06,19:42,0,36.879285,-2.438345,0.0,Zamorano J. et al. (2019). TESS-W sky brightness network. Zenodo monthly archives. https://zenodo.org/records/3378728. CC0 1.0.,TESS station stars52; photometric inflection method; night median MSAS=18.59; MSAS at inflection=18.06; depression=14.67°; smoothing=5-pt median; dark rows=1146
fajr,2019-09-07,05:05,0,36.879285,-2.438345,0.0,Zamorano J. et al. (2019). TESS-W sky brightness network. Zenodo monthly archives. https://zenodo.org/records/3378728. CC0 1.0.,TESS station stars52; photometric inflection method; night median MSAS=18.59; MSAS at inflection=16.49; depression=8.62°; smoothing=5-pt median; dark rows=1146
fajr,2019-09-09,05:07,0,36.879285,-2.438345,0.0,Zamorano J. et al. (2019). TESS-W sky brightness network. Zenodo monthly archives. https://zenodo.org/records/3378728. CC0 1.0.,TESS station stars52; photometric inflection method; night median MSAS=17.77; MSAS at inflection=16.61; depression=8.51°; smoothing=5-pt median; dark rows=1149
isha,2019-09-09,19:04,0,36.879285,-2.438345,0.0,Zamorano J. et al. (2019). TESS-W sky brightness network. Zenodo monthly archives. https://zenodo.org/records/3378728. CC0 1.0.,TESS station stars52; photometric inflection method; night median MSAS=18.16; MSAS at inflection=16.13; depression=8.13°; smoothing=5-pt median; dark rows=1150
fajr,2019-09-18,05:21,0,36.879285,-2.438345,0.0,Zamorano J. et al. (2019). TESS-W sky brightness network. Zenodo monthly archives. https://zenodo.org/records/3378728. CC0 1.0.,TESS station stars52; photometric inflection method; night median MSAS=17.62; MSAS at inflection=15.16; depression=7.21°; smoothing=5-pt median; dark rows=1194
fajr,2019-09-23,05:18,0,36.879285,-2.438345,0.0,Zamorano J. et al. (2019). TESS-W sky brightness network. Zenodo monthly archives. https://zenodo.org/records/3378728. CC0 1.0.,TESS station stars52; photometric inflection method; night median MSAS=18.61; MSAS at inflection=16.86; depression=8.77°; smoothing=5-pt median; dark rows=1223
isha,2019-09-23,19:21,0,36.879285,-2.438345,0.0,Zamorano J. et al. (2019). TESS-W sky brightness network. Zenodo monthly archives. https://zenodo.org/records/3378728. CC0 1.0.,TESS station stars52; photometric inflection method; night median MSAS=18.80; MSAS at inflection=17.95; depression=15.86°; smoothing=5-pt median; dark rows=1229
fajr,2019-09-25,05:04,0,36.879285,-2.438345,0.0,Zamorano J. et al. (2019). TESS-W sky brightness network. Zenodo monthly archives. https://zenodo.org/records/3378728. CC0 1.0.,TESS station stars52; photometric inflection method; night median MSAS=18.72; MSAS at inflection=18.33; depression=11.92°; smoothing=5-pt median; dark rows=1221
isha,2019-09-26,18:53,0,36.879285,-2.438345,0.0,Zamorano J. et al. (2019). TESS-W sky brightness network. Zenodo monthly archives. https://zenodo.org/records/3378728. CC0 1.0.,TESS station stars52; photometric inflection method; night median MSAS=18.40; MSAS at inflection=17.64; depression=11.21°; smoothing=5-pt median; dark rows=1235
fajr,2019-09-27,05:14,0,36.879285,-2.438345,0.0,Zamorano J. et al. (2019). TESS-W sky brightness network. Zenodo monthly archives. https://zenodo.org/records/3378728. CC0 1.0.,TESS station stars52; photometric inflection method; night median MSAS=18.40; MSAS at inflection=17.44; depression=10.28°; smoothing=5-pt median; dark rows=1235
isha,2019-09-27,19:34,0,36.879285,-2.438345,0.0,Zamorano J. et al. (2019). TESS-W sky brightness network. Zenodo monthly archives. https://zenodo.org/records/3378728. CC0 1.0.,TESS station stars52; photometric inflection method; night median MSAS=18.33; MSAS at inflection=17.87; depression=19.72°; smoothing=5-pt median; dark rows=1239
isha,2019-09-28,18:56,0,36.879285,-2.438345,0.0,Zamorano J. et al. (2019). TESS-W sky brightness network. Zenodo monthly archives. https://zenodo.org/records/3378728. CC0 1.0.,TESS station stars52; photometric inflection method; night median MSAS=18.23; MSAS at inflection=17.83; depression=12.40°; smoothing=5-pt median; dark rows=1119
isha,2019-09-29,19:33,0,36.879285,-2.438345,0.0,Zamorano J. et al. (2019). TESS-W sky brightness network. Zenodo monthly archives. https://zenodo.org/records/3378728. CC0 1.0.,TESS station stars52; photometric inflection method; night median MSAS=18.19; MSAS at inflection=18.20; depression=20.18°; smoothing=5-pt median; dark rows=1246
isha,2019-09-02,20:34,-5,45.734626,-71.676243,0.0,Zamorano J. et al. (2019). TESS-W sky brightness network. Zenodo monthly archives. https://zenodo.org/records/3378728. CC0 1.0.,TESS station stars60; photometric inflection method; night median MSAS=21.58; MSAS at inflection=21.61; depression=21.60°; smoothing=5-pt median; dark rows=523
isha,2019-09-05,19:20,-5,45.734626,-71.676243,0.0,Zamorano J. et al. (2019). TESS-W sky brightness network. Zenodo monthly archives. https://zenodo.org/records/3378728. CC0 1.0.,TESS station stars60; photometric inflection method; night median MSAS=21.12; MSAS at inflection=19.42; depression=11.41°; smoothing=5-pt median; dark rows=423
isha,2019-09-08,19:46,-5,45.734626,-71.676243,0.0,Zamorano J. et al. (2019). TESS-W sky brightness network. Zenodo monthly archives. https://zenodo.org/records/3378728. CC0 1.0.,TESS station stars60; photometric inflection method; night median MSAS=20.09; MSAS at inflection=19.54; depression=16.53°; smoothing=5-pt median; dark rows=534
fajr,2019-09-09,04:04,-5,45.734626,-71.676243,0.0,Zamorano J. et al. (2019). TESS-W sky brightness network. Zenodo monthly archives. https://zenodo.org/records/3378728. CC0 1.0.,TESS station stars60; photometric inflection method; night median MSAS=20.09; MSAS at inflection=20.63; depression=12.98°; smoothing=5-pt median; dark rows=534
fajr,2019-09-13,04:22,-5,45.734626,-71.676243,0.0,Zamorano J. et al. (2019). TESS-W sky brightness network. Zenodo monthly archives. https://zenodo.org/records/3378728. CC0 1.0.,TESS station stars60; photometric inflection method; night median MSAS=18.99; MSAS at inflection=19.40; depression=11.09°; smoothing=5-pt median; dark rows=433
isha,2019-09-13,18:40,-5,45.734626,-71.676243,0.0,Zamorano J. et al. (2019). TESS-W sky brightness network. Zenodo monthly archives. https://zenodo.org/records/3378728. CC0 1.0.,TESS station stars60; photometric inflection method; night median MSAS=17.63; MSAS at inflection=16.07; depression=7.46°; smoothing=5-pt median; dark rows=554
isha,2019-09-15,18:42,-5,45.734626,-71.676243,0.0,Zamorano J. et al. (2019). TESS-W sky brightness network. Zenodo monthly archives. https://zenodo.org/records/3378728. CC0 1.0.,TESS station stars60; photometric inflection method; night median MSAS=17.53; MSAS at inflection=16.35; depression=8.52°; smoothing=5-pt median; dark rows=554
fajr,2019-09-16,03:58,-5,45.734626,-71.676243,0.0,Zamorano J. et al. (2019). TESS-W sky brightness network. Zenodo monthly archives. https://zenodo.org/records/3378728. CC0 1.0.,TESS station stars60; photometric inflection method; night median MSAS=17.53; MSAS at inflection=17.59; depression=15.65°; smoothing=5-pt median; dark rows=554
isha,2019-09-16,19:09,-5,45.734626,-71.676243,0.0,Zamorano J. et al. (2019). TESS-W sky brightness network. Zenodo monthly archives. https://zenodo.org/records/3378728. CC0 1.0.,TESS station stars60; photometric inflection method; night median MSAS=18.38; MSAS at inflection=20.59; depression=13.33°; smoothing=5-pt median; dark rows=566
fajr,2019-09-17,04:31,-5,45.734626,-71.676243,0.0,Zamorano J. et al. (2019). TESS-W sky brightness network. Zenodo monthly archives. https://zenodo.org/records/3378728. CC0 1.0.,TESS station stars60; photometric inflection method; night median MSAS=18.38; MSAS at inflection=17.03; depression=10.47°; smoothing=5-pt median; dark rows=566
fajr,2019-09-19,03:33,-5,45.734626,-71.676243,0.0,Zamorano J. et al. (2019). TESS-W sky brightness network. Zenodo monthly archives. https://zenodo.org/records/3378728. CC0 1.0.,TESS station stars60; photometric inflection method; night median MSAS=19.87; MSAS at inflection=18.20; depression=20.32°; smoothing=5-pt median; dark rows=516
isha,2019-09-21,18:46,-5,45.734626,-71.676243,0.0,Zamorano J. et al. (2019). TESS-W sky brightness network. Zenodo monthly archives. https://zenodo.org/records/3378728. CC0 1.0.,TESS station stars60; photometric inflection method; night median MSAS=20.71; MSAS at inflection=19.16; depression=11.21°; smoothing=5-pt median; dark rows=541
fajr,2019-09-24,03:57,-5,45.734626,-71.676243,0.0,Zamorano J. et al. (2019). TESS-W sky brightness network. Zenodo monthly archives. https://zenodo.org/records/3378728. CC0 1.0.,TESS station stars60; photometric inflection method; night median MSAS=21.50; MSAS at inflection=19.91; depression=17.61°; smoothing=5-pt median; dark rows=538
fajr,2019-09-29,04:22,-5,45.734626,-71.676243,0.0,Zamorano J. et al. (2019). TESS-W sky brightness network. Zenodo monthly archives. https://zenodo.org/records/3378728. CC0 1.0.,TESS station stars60; photometric inflection method; night median MSAS=21.91; MSAS at inflection=20.94; depression=14.65°; smoothing=5-pt median; dark rows=588
fajr,2019-09-30,04:28,-5,45.734626,-71.676243,0.0,Zamorano J. et al. (2019). TESS-W sky brightness network. Zenodo monthly archives. https://zenodo.org/records/3378728. CC0 1.0.,TESS station stars60; photometric inflection method; night median MSAS=21.26; MSAS at inflection=20.87; depression=13.92°; smoothing=5-pt median; dark rows=598
isha,2019-09-03,19:31,0,42.024592,0.734797,0.0,Zamorano J. et al. (2019). TESS-W sky brightness network. Zenodo monthly archives. https://zenodo.org/records/3378728. CC0 1.0.,TESS station stars62; photometric inflection method; night median MSAS=21.42; MSAS at inflection=19.68; depression=12.06°; smoothing=5-pt median; dark rows=529
fajr,2019-09-06,04:29,0,42.024592,0.734797,0.0,Zamorano J. et al. (2019). TESS-W sky brightness network. Zenodo monthly archives. https://zenodo.org/records/3378728. CC0 1.0.,TESS station stars62; photometric inflection method; night median MSAS=21.24; MSAS at inflection=19.73; depression=11.25°; smoothing=5-pt median; dark rows=543
isha,2019-09-07,19:18,0,42.024592,0.734797,0.0,Zamorano J. et al. (2019). TESS-W sky brightness network. Zenodo monthly archives. https://zenodo.org/records/3378728. CC0 1.0.,TESS station stars62; photometric inflection method; night median MSAS=21.16; MSAS at inflection=18.94; depression=11.18°; smoothing=5-pt median; dark rows=518
fajr,2019-09-08,04:19,0,42.024592,0.734797,0.0,Zamorano J. et al. (2019). TESS-W sky brightness network. Zenodo monthly archives. https://zenodo.org/records/3378728. CC0 1.0.,TESS station stars62; photometric inflection method; night median MSAS=21.16; MSAS at inflection=20.96; depression=13.29°; smoothing=5-pt median; dark rows=518
isha,2019-09-08,19:25,0,42.024592,0.734797,0.0,Zamorano J. et al. (2019). TESS-W sky brightness network. Zenodo monthly archives. https://zenodo.org/records/3378728. CC0 1.0.,TESS station stars62; photometric inflection method; night median MSAS=20.54; MSAS at inflection=19.66; depression=12.80°; smoothing=5-pt median; dark rows=530
isha,2019-09-09,19:02,0,42.024592,0.734797,0.0,Zamorano J. et al. (2019). TESS-W sky brightness network. Zenodo monthly archives. https://zenodo.org/records/3378728. CC0 1.0.,TESS station stars62; photometric inflection method; night median MSAS=18.83; MSAS at inflection=17.40; depression=8.94°; smoothing=5-pt median; dark rows=541
isha,2019-09-10,19:01,0,42.024592,0.734797,0.0,Zamorano J. et al. (2019). TESS-W sky brightness network. Zenodo monthly archives. https://zenodo.org/records/3378728. CC0 1.0.,TESS station stars62; photometric inflection method; night median MSAS=19.55; MSAS at inflection=17.39; depression=9.20°; smoothing=5-pt median; dark rows=544
isha,2019-09-11,19:02,0,42.024592,0.734797,0.0,Zamorano J. et al. (2019). TESS-W sky brightness network. Zenodo monthly archives. https://zenodo.org/records/3378728. CC0 1.0.,TESS station stars62; photometric inflection method; night median MSAS=19.32; MSAS at inflection=17.31; depression=9.57°; smoothing=5-pt median; dark rows=548
fajr,2019-09-12,04:45,0,42.024592,0.734797,0.0,Zamorano J. et al. (2019). TESS-W sky brightness network. Zenodo monthly archives. https://zenodo.org/records/3378728. CC0 1.0.,TESS station stars62; photometric inflection method; night median MSAS=19.32; MSAS at inflection=17.93; depression=9.59°; smoothing=5-pt median; dark rows=548
isha,2019-09-12,19:06,0,42.024592,0.734797,0.0,Zamorano J. et al. (2019). TESS-W sky brightness network. Zenodo monthly archives. https://zenodo.org/records/3378728. CC0 1.0.,TESS station stars62; photometric inflection method; night median MSAS=18.86; MSAS at inflection=18.11; depression=10.73°; smoothing=5-pt median; dark rows=491
fajr,2019-09-13,04:34,0,42.024592,0.734797,0.0,Zamorano J. et al. (2019). TESS-W sky brightness network. Zenodo monthly archives. https://zenodo.org/records/3378728. CC0 1.0.,TESS station stars62; photometric inflection method; night median MSAS=18.86; MSAS at inflection=19.40; depression=11.67°; smoothing=5-pt median; dark rows=491
isha,2019-09-13,18:54,0,42.024592,0.734797,0.0,Zamorano J. et al. (2019). TESS-W sky brightness network. Zenodo monthly archives. https://zenodo.org/records/3378728. CC0 1.0.,TESS station stars62; photometric inflection method; night median MSAS=17.85; MSAS at inflection=17.36; depression=8.86°; smoothing=5-pt median; dark rows=533
fajr,2019-09-14,04:58,0,42.024592,0.734797,0.0,Zamorano J. et al. (2019). TESS-W sky brightness network. Zenodo monthly archives. https://zenodo.org/records/3378728. CC0 1.0.,TESS station stars62; photometric inflection method; night median MSAS=17.85; MSAS at inflection=16.22; depression=7.66°; smoothing=5-pt median; dark rows=533
isha,2019-09-14,20:05,0,42.024592,0.734797,0.0,Zamorano J. et al. (2019). TESS-W sky brightness network. Zenodo monthly archives. https://zenodo.org/records/3378728. CC0 1.0.,TESS station stars62; photometric inflection method; night median MSAS=17.95; MSAS at inflection=18.43; depression=21.52°; smoothing=5-pt median; dark rows=466
fajr,2019-09-15,04:58,0,42.024592,0.734797,0.0,Zamorano J. et al. (2019). TESS-W sky brightness network. Zenodo monthly archives. https://zenodo.org/records/3378728. CC0 1.0.,TESS station stars62; photometric inflection method; night median MSAS=17.95; MSAS at inflection=16.47; depression=7.82°; smoothing=5-pt median; dark rows=466
isha,2019-09-15,19:07,0,42.024592,0.734797,0.0,Zamorano J. et al. (2019). TESS-W sky brightness network. Zenodo monthly archives. https://zenodo.org/records/3378728. CC0 1.0.,TESS station stars62; photometric inflection method; night median MSAS=18.23; MSAS at inflection=20.07; depression=11.78°; smoothing=5-pt median; dark rows=468
fajr,2019-09-16,04:18,0,42.024592,0.734797,0.0,Zamorano J. et al. (2019). TESS-W sky brightness network. Zenodo monthly archives. https://zenodo.org/records/3378728. CC0 1.0.,TESS station stars62; photometric inflection method; night median MSAS=18.23; MSAS at inflection=18.42; depression=15.15°; smoothing=5-pt median; dark rows=468
isha,2019-09-16,19:03,0,42.024592,0.734797,0.0,Zamorano J. et al. (2019). TESS-W sky brightness network. Zenodo monthly archives. https://zenodo.org/records/3378728. CC0 1.0.,TESS station stars62; photometric inflection method; night median MSAS=18.32; MSAS at inflection=19.52; depression=11.39°; smoothing=5-pt median; dark rows=477
fajr,2019-09-17,04:18,0,42.024592,0.734797,0.0,Zamorano J. et al. (2019). TESS-W sky brightness network. Zenodo monthly archives. https://zenodo.org/records/3378728. CC0 1.0.,TESS station stars62; photometric inflection method; night median MSAS=18.32; MSAS at inflection=17.58; depression=15.41°; smoothing=5-pt median; dark rows=477
isha,2019-09-17,18:57,0,42.024592,0.734797,0.0,Zamorano J. et al. (2019). TESS-W sky brightness network. Zenodo monthly archives. https://zenodo.org/records/3378728. CC0 1.0.,TESS station stars62; photometric inflection method; night median MSAS=18.30; MSAS at inflection=19.25; depression=10.76°; smoothing=5-pt median; dark rows=498
fajr,2019-09-18,04:45,0,42.024592,0.734797,0.0,Zamorano J. et al. (2019). TESS-W sky brightness network. Zenodo monthly archives. https://zenodo.org/records/3378728. CC0 1.0.,TESS station stars62; photometric inflection method; night median MSAS=18.30; MSAS at inflection=18.06; depression=10.71°; smoothing=5-pt median; dark rows=498
isha,2019-09-18,18:48,0,42.024592,0.734797,0.0,Zamorano J. et al. (2019). TESS-W sky brightness network. Zenodo monthly archives. https://zenodo.org/records/3378728. CC0 1.0.,TESS station stars62; photometric inflection method; night median MSAS=18.62; MSAS at inflection=17.50; depression=9.37°; smoothing=5-pt median; dark rows=559
fajr,2019-09-19,04:14,0,42.024592,0.734797,0.0,Zamorano J. et al. (2019). TESS-W sky brightness network. Zenodo monthly archives. https://zenodo.org/records/3378728. CC0 1.0.,TESS station stars62; photometric inflection method; night median MSAS=18.62; MSAS at inflection=17.37; depression=16.51°; smoothing=5-pt median; dark rows=559
isha,2019-09-19,18:57,0,42.024592,0.734797,0.0,Zamorano J. et al. (2019). TESS-W sky brightness network. Zenodo monthly archives. https://zenodo.org/records/3378728. CC0 1.0.,TESS station stars62; photometric inflection method; night median MSAS=19.29; MSAS at inflection=19.53; depression=11.39°; smoothing=5-pt median; dark rows=524
isha,2019-09-21,18:53,0,42.024592,0.734797,0.0,Zamorano J. et al. (2019). TESS-W sky brightness network. Zenodo monthly archives. https://zenodo.org/records/3378728. CC0 1.0.,TESS station stars62; photometric inflection method; night median MSAS=20.52; MSAS at inflection=18.94; depression=11.22°; smoothing=5-pt median; dark rows=552
fajr,2019-09-22,04:04,0,42.024592,0.734797,0.0,Zamorano J. et al. (2019). TESS-W sky brightness network. Zenodo monthly archives. https://zenodo.org/records/3378728. CC0 1.0.,TESS station stars62; photometric inflection method; night median MSAS=20.52; MSAS at inflection=18.40; depression=18.91°; smoothing=5-pt median; dark rows=552
isha,2019-09-22,18:53,0,42.024592,0.734797,0.0,Zamorano J. et al. (2019). TESS-W sky brightness network. Zenodo monthly archives. https://zenodo.org/records/3378728. CC0 1.0.,TESS station stars62; photometric inflection method; night median MSAS=21.05; MSAS at inflection=19.85; depression=11.55°; smoothing=5-pt median; dark rows=579
fajr,2019-09-23,04:11,0,42.024592,0.734797,0.0,Zamorano J. et al. (2019). TESS-W sky brightness network. Zenodo monthly archives. https://zenodo.org/records/3378728. CC0 1.0.,TESS station stars62; photometric inflection method; night median MSAS=21.05; MSAS at inflection=19.46; depression=17.89°; smoothing=5-pt median; dark rows=579
isha,2019-09-26,18:52,0,42.024592,0.734797,0.0,Zamorano J. et al. (2019). TESS-W sky brightness network. Zenodo monthly archives. https://zenodo.org/records/3378728. CC0 1.0.,TESS station stars62; photometric inflection method; night median MSAS=21.34; MSAS at inflection=20.41; depression=12.79°; smoothing=5-pt median; dark rows=594
fajr,2019-09-27,04:51,0,42.024592,0.734797,0.0,Zamorano J. et al. (2019). TESS-W sky brightness network. Zenodo monthly archives. https://zenodo.org/records/3378728. CC0 1.0.,TESS station stars62; photometric inflection method; night median MSAS=21.34; MSAS at inflection=19.52; depression=11.56°; smoothing=5-pt median; dark rows=594
isha,2019-09-27,18:52,0,42.024592,0.734797,0.0,Zamorano J. et al. (2019). TESS-W sky brightness network. Zenodo monthly archives. https://zenodo.org/records/3378728. CC0 1.0.,TESS station stars62; photometric inflection method; night median MSAS=21.28; MSAS at inflection=20.62; depression=13.11°; smoothing=5-pt median; dark rows=600
fajr,2019-09-29,04:51,0,42.024592,0.734797,0.0,Zamorano J. et al. (2019). TESS-W sky brightness network. Zenodo monthly archives. https://zenodo.org/records/3378728. CC0 1.0.,TESS station stars62; photometric inflection method; night median MSAS=21.42; MSAS at inflection=19.74; depression=11.85°; smoothing=5-pt median; dark rows=599
fajr,2019-09-30,04:46,0,42.024592,0.734797,0.0,Zamorano J. et al. (2019). TESS-W sky brightness network. Zenodo monthly archives. https://zenodo.org/records/3378728. CC0 1.0.,TESS station stars62; photometric inflection method; night median MSAS=21.41; MSAS at inflection=20.52; depression=13.10°; smoothing=5-pt median; dark rows=588
isha,2019-09-04,19:40,1,45.051036,10.919761,0.0,Zamorano J. et al. (2019). TESS-W sky brightness network. Zenodo monthly archives. https://zenodo.org/records/3378728. CC0 1.0.,TESS station stars64; photometric inflection method; night median MSAS=19.84; MSAS at inflection=17.51; depression=9.56°; smoothing=5-pt median; dark rows=99
fajr,2019-09-04,20:34,1,45.051036,10.919761,0.0,Zamorano J. et al. (2019). TESS-W sky brightness network. Zenodo monthly archives. https://zenodo.org/records/3378728. CC0 1.0.,TESS station stars64; photometric inflection method; night median MSAS=19.84; MSAS at inflection=19.83; depression=18.26°; smoothing=5-pt median; dark rows=99
isha,2019-09-20,19:12,1,45.051036,10.919761,0.0,Zamorano J. et al. (2019). TESS-W sky brightness network. Zenodo monthly archives. https://zenodo.org/records/3378728. CC0 1.0.,TESS station stars64; photometric inflection method; night median MSAS=19.73; MSAS at inflection=18.25; depression=10.26°; smoothing=5-pt median; dark rows=35
isha,2019-09-27,20:06,1,45.051036,10.919761,0.0,Zamorano J. et al. (2019). TESS-W sky brightness network. Zenodo monthly archives. https://zenodo.org/records/3378728. CC0 1.0.,TESS station stars64; photometric inflection method; night median MSAS=18.78; MSAS at inflection=18.93; depression=21.91°; smoothing=5-pt median; dark rows=110
isha,2019-09-26,18:57,1,48.231395,16.334225,0.0,Zamorano J. et al. (2019). TESS-W sky brightness network. Zenodo monthly archives. https://zenodo.org/records/3378728. CC0 1.0.,TESS station stars65; photometric inflection method; night median MSAS=19.12; MSAS at inflection=18.96; depression=12.86°; smoothing=5-pt median; dark rows=608
fajr,2019-09-29,04:56,1,48.231395,16.334225,0.0,Zamorano J. et al. (2019). TESS-W sky brightness network. Zenodo monthly archives. https://zenodo.org/records/3378728. CC0 1.0.,TESS station stars65; photometric inflection method; night median MSAS=19.13; MSAS at inflection=17.78; depression=9.75°; smoothing=5-pt median; dark rows=590
isha,2019-09-10,19:51,0,39.78058,-6.0163,0.0,Zamorano J. et al. (2019). TESS-W sky brightness network. Zenodo monthly archives. https://zenodo.org/records/3378728. CC0 1.0.,TESS station stars66; photometric inflection method; night median MSAS=19.44; MSAS at inflection=19.41; depression=13.88°; smoothing=5-pt median; dark rows=574
fajr,2019-09-11,05:02,0,39.78058,-6.0163,0.0,Zamorano J. et al. (2019). TESS-W sky brightness network. Zenodo monthly archives. https://zenodo.org/records/3378728. CC0 1.0.,TESS station stars66; photometric inflection method; night median MSAS=19.44; MSAS at inflection=20.06; depression=11.77°; smoothing=5-pt median; dark rows=574
fajr,2019-09-12,04:52,0,39.78058,-6.0163,0.0,Zamorano J. et al. (2019). TESS-W sky brightness network. Zenodo monthly archives. https://zenodo.org/records/3378728. CC0 1.0.,TESS station stars66; photometric inflection method; night median MSAS=19.12; MSAS at inflection=20.81; depression=13.77°; smoothing=5-pt median; dark rows=533
fajr,2019-09-13,05:04,0,39.78058,-6.0163,0.0,Zamorano J. et al. (2019). TESS-W sky brightness network. Zenodo monthly archives. https://zenodo.org/records/3378728. CC0 1.0.,TESS station stars66; photometric inflection method; night median MSAS=18.58; MSAS at inflection=19.51; depression=11.76°; smoothing=5-pt median; dark rows=574
isha,2019-09-13,19:53,0,39.78058,-6.0163,0.0,Zamorano J. et al. (2019). TESS-W sky brightness network. Zenodo monthly archives. https://zenodo.org/records/3378728. CC0 1.0.,TESS station stars66; photometric inflection method; night median MSAS=17.51; MSAS at inflection=18.24; depression=15.23°; smoothing=5-pt median; dark rows=568
fajr,2019-09-14,05:27,0,39.78058,-6.0163,0.0,Zamorano J. et al. (2019). TESS-W sky brightness network. Zenodo monthly archives. https://zenodo.org/records/3378728. CC0 1.0.,TESS station stars66; photometric inflection method; night median MSAS=17.51; MSAS at inflection=16.39; depression=7.69°; smoothing=5-pt median; dark rows=568
isha,2019-09-14,19:21,0,39.78058,-6.0163,0.0,Zamorano J. et al. (2019). TESS-W sky brightness network. Zenodo monthly archives. https://zenodo.org/records/3378728. CC0 1.0.,TESS station stars66; photometric inflection method; night median MSAS=17.54; MSAS at inflection=17.01; depression=9.71°; smoothing=5-pt median; dark rows=420
fajr,2019-09-15,05:26,0,39.78058,-6.0163,0.0,Zamorano J. et al. (2019). TESS-W sky brightness network. Zenodo monthly archives. https://zenodo.org/records/3378728. CC0 1.0.,TESS station stars66; photometric inflection method; night median MSAS=17.54; MSAS at inflection=16.68; depression=8.03°; smoothing=5-pt median; dark rows=420
isha,2019-09-15,19:06,0,39.78058,-6.0163,0.0,Zamorano J. et al. (2019). TESS-W sky brightness network. Zenodo monthly archives. https://zenodo.org/records/3378728. CC0 1.0.,TESS station stars66; photometric inflection method; night median MSAS=17.80; MSAS at inflection=15.30; depression=7.06°; smoothing=5-pt median; dark rows=577
isha,2019-09-18,19:34,0,39.78058,-6.0163,0.0,Zamorano J. et al. (2019). TESS-W sky brightness network. Zenodo monthly archives. https://zenodo.org/records/3378728. CC0 1.0.,TESS station stars66; photometric inflection method; night median MSAS=18.83; MSAS at inflection=20.55; depression=13.35°; smoothing=5-pt median; dark rows=573
fajr,2019-09-19,05:02,0,39.78058,-6.0163,0.0,Zamorano J. et al. (2019). TESS-W sky brightness network. Zenodo monthly archives. https://zenodo.org/records/3378728. CC0 1.0.,TESS station stars66; photometric inflection method; night median MSAS=18.83; MSAS at inflection=17.83; depression=13.42°; smoothing=5-pt median; dark rows=573
isha,2019-09-19,19:43,0,39.78058,-6.0163,0.0,Zamorano J. et al. (2019). TESS-W sky brightness network. Zenodo monthly archives. https://zenodo.org/records/3378728. CC0 1.0.,TESS station stars66; photometric inflection method; night median MSAS=19.14; MSAS at inflection=21.00; depression=15.35°; smoothing=5-pt median; dark rows=602
fajr,2019-09-20,04:23,0,39.78058,-6.0163,0.0,Zamorano J. et al. (2019). TESS-W sky brightness network. Zenodo monthly archives. https://zenodo.org/records/3378728. CC0 1.0.,TESS station stars66; photometric inflection method; night median MSAS=19.14; MSAS at inflection=17.28; depression=20.65°; smoothing=5-pt median; dark rows=602
fajr,2019-09-22,04:52,0,39.78058,-6.0163,0.0,Zamorano J. et al. (2019). TESS-W sky brightness network. Zenodo monthly archives. https://zenodo.org/records/3378728. CC0 1.0.,TESS station stars66; photometric inflection method; night median MSAS=19.42; MSAS at inflection=18.54; depression=15.84°; smoothing=5-pt median; dark rows=526
isha,2019-09-22,19:10,0,39.78058,-6.0163,0.0,Zamorano J. et al. (2019). TESS-W sky brightness network. Zenodo monthly archives. https://zenodo.org/records/3378728. CC0 1.0.,TESS station stars66; photometric inflection method; night median MSAS=20.83; MSAS at inflection=18.49; depression=10.09°; smoothing=5-pt median; dark rows=554
isha,2019-09-02,20:05,0,42.81732,-1.64543,0.0,Zamorano J. et al. (2019). TESS-W sky brightness network. Zenodo monthly archives. https://zenodo.org/records/3378728. CC0 1.0.,TESS station stars7; photometric inflection method; night median MSAS=18.80; MSAS at inflection=18.25; depression=15.56°; smoothing=5-pt median; dark rows=546
isha,2019-09-03,20:31,0,42.81732,-1.64543,0.0,Zamorano J. et al. (2019). TESS-W sky brightness network. Zenodo monthly archives. https://zenodo.org/records/3378728. CC0 1.0.,TESS station stars7; photometric inflection method; night median MSAS=18.80; MSAS at inflection=18.33; depression=20.16°; smoothing=5-pt median; dark rows=545
isha,2019-09-05,19:17,0,42.81732,-1.64543,0.0,Zamorano J. et al. (2019). TESS-W sky brightness network. Zenodo monthly archives. https://zenodo.org/records/3378728. CC0 1.0.,TESS station stars7; photometric inflection method; night median MSAS=17.61; MSAS at inflection=16.35; depression=8.47°; smoothing=5-pt median; dark rows=555
isha,2019-09-07,19:17,0,42.81732,-1.64543,0.0,Zamorano J. et al. (2019). TESS-W sky brightness network. Zenodo monthly archives. https://zenodo.org/records/3378728. CC0 1.0.,TESS station stars7; photometric inflection method; night median MSAS=18.05; MSAS at inflection=16.49; depression=9.16°; smoothing=5-pt median; dark rows=563
fajr,2019-09-28,04:16,0,42.81732,-1.64543,0.0,Zamorano J. et al. (2019). TESS-W sky brightness network. Zenodo monthly archives. https://zenodo.org/records/3378728. CC0 1.0.,TESS station stars7; photometric inflection method; night median MSAS=17.74; MSAS at inflection=18.61; depression=19.56°; smoothing=5-pt median; dark rows=623
isha,2019-09-29,18:40,0,42.81732,-1.64543,0.0,Zamorano J. et al. (2019). TESS-W sky brightness network. Zenodo monthly archives. https://zenodo.org/records/3378728. CC0 1.0.,TESS station stars7; photometric inflection method; night median MSAS=18.78; MSAS at inflection=17.29; depression=9.78°; smoothing=5-pt median; dark rows=626
fajr,2019-09-03,04:36,0,43.568147,1.327194,0.0,Zamorano J. et al. (2019). TESS-W sky brightness network. Zenodo monthly archives. https://zenodo.org/records/3378728. CC0 1.0.,TESS station stars71; photometric inflection method; night median MSAS=19.38; MSAS at inflection=16.88; depression=8.53°; smoothing=5-pt median; dark rows=406
fajr,2019-09-05,03:29,0,43.568147,1.327194,0.0,Zamorano J. et al. (2019). TESS-W sky brightness network. Zenodo monthly archives. https://zenodo.org/records/3378728. CC0 1.0.,TESS station stars71; photometric inflection method; night median MSAS=18.56; MSAS at inflection=16.92; depression=19.91°; smoothing=5-pt median; dark rows=426
isha,2019-09-05,19:19,0,43.568147,1.327194,0.0,Zamorano J. et al. (2019). TESS-W sky brightness network. Zenodo monthly archives. https://zenodo.org/records/3378728. CC0 1.0.,TESS station stars71; photometric inflection method; night median MSAS=18.95; MSAS at inflection=18.07; depression=10.50°; smoothing=5-pt median; dark rows=425
isha,2019-09-06,19:06,0,43.568147,1.327194,0.0,Zamorano J. et al. (2019). TESS-W sky brightness network. Zenodo monthly archives. https://zenodo.org/records/3378728. CC0 1.0.,TESS station stars71; photometric inflection method; night median MSAS=19.02; MSAS at inflection=16.75; depression=8.76°; smoothing=5-pt median; dark rows=284
fajr,2019-09-07,04:44,0,43.568147,1.327194,0.0,Zamorano J. et al. (2019). TESS-W sky brightness network. Zenodo monthly archives. https://zenodo.org/records/3378728. CC0 1.0.,TESS station stars71; photometric inflection method; night median MSAS=19.02; MSAS at inflection=16.61; depression=7.92°; smoothing=5-pt median; dark rows=284
fajr,2019-09-12,04:41,0,43.568147,1.327194,0.0,Zamorano J. et al. (2019). TESS-W sky brightness network. Zenodo monthly archives. https://zenodo.org/records/3378728. CC0 1.0.,TESS station stars71; photometric inflection method; night median MSAS=18.82; MSAS at inflection=17.64; depression=9.48°; smoothing=5-pt median; dark rows=456
fajr,2019-09-13,04:38,0,43.568147,1.327194,0.0,Zamorano J. et al. (2019). TESS-W sky brightness network. Zenodo monthly archives. https://zenodo.org/records/3378728. CC0 1.0.,TESS station stars71; photometric inflection method; night median MSAS=18.56; MSAS at inflection=17.90; depression=10.21°; smoothing=5-pt median; dark rows=407
isha,2019-09-14,18:45,0,43.568147,1.327194,0.0,Zamorano J. et al. (2019). TESS-W sky brightness network. Zenodo monthly archives. https://zenodo.org/records/3378728. CC0 1.0.,TESS station stars71; photometric inflection method; night median MSAS=17.89; MSAS at inflection=15.90; depression=7.70°; smoothing=5-pt median; dark rows=435
isha,2019-09-18,18:56,0,43.568147,1.327194,0.0,Zamorano J. et al. (2019). TESS-W sky brightness network. Zenodo monthly archives. https://zenodo.org/records/3378728. CC0 1.0.,TESS station stars71; photometric inflection method; night median MSAS=17.68; MSAS at inflection=17.58; depression=10.96°; smoothing=5-pt median; dark rows=513
fajr,2019-09-19,04:57,0,43.568147,1.327194,0.0,Zamorano J. et al. (2019). TESS-W sky brightness network. Zenodo monthly archives. https://zenodo.org/records/3378728. CC0 1.0.,TESS station stars71; photometric inflection method; night median MSAS=17.68; MSAS at inflection=15.73; depression=8.12°; smoothing=5-pt median; dark rows=513
isha,2019-09-19,19:14,0,43.568147,1.327194,0.0,Zamorano J. et al. (2019). TESS-W sky brightness network. Zenodo monthly archives. https://zenodo.org/records/3378728. CC0 1.0.,TESS station stars71; photometric inflection method; night median MSAS=18.76; MSAS at inflection=18.57; depression=14.39°; smoothing=5-pt median; dark rows=374
fajr,2019-09-27,04:52,0,43.568147,1.327194,0.0,Zamorano J. et al. (2019). TESS-W sky brightness network. Zenodo monthly archives. https://zenodo.org/records/3378728. CC0 1.0.,TESS station stars71; photometric inflection method; night median MSAS=19.16; MSAS at inflection=18.18; depression=10.62°; smoothing=5-pt median; dark rows=447
fajr,2019-09-29,04:56,0,43.568147,1.327194,0.0,Zamorano J. et al. (2019). TESS-W sky brightness network. Zenodo monthly archives. https://zenodo.org/records/3378728. CC0 1.0.,TESS station stars71; photometric inflection method; night median MSAS=19.31; MSAS at inflection=18.17; depression=10.37°; smoothing=5-pt median; dark rows=510
isha,2019-09-01,20:36,0,47.891148,1.918363,0.0,Zamorano J. et al. (2019). TESS-W sky brightness network. Zenodo monthly archives. https://zenodo.org/records/3378728. CC0 1.0.,TESS station stars72; photometric inflection method; night median MSAS=18.68; MSAS at inflection=16.64; depression=19.29°; smoothing=5-pt median; dark rows=467
isha,2019-09-02,19:46,0,47.891148,1.918363,0.0,Zamorano J. et al. (2019). TESS-W sky brightness network. Zenodo monthly archives. https://zenodo.org/records/3378728. CC0 1.0.,TESS station stars72; photometric inflection method; night median MSAS=19.14; MSAS at inflection=18.78; depression=12.50°; smoothing=5-pt median; dark rows=461
fajr,2019-09-03,04:23,0,47.891148,1.918363,0.0,Zamorano J. et al. (2019). TESS-W sky brightness network. Zenodo monthly archives. https://zenodo.org/records/3378728. CC0 1.0.,TESS station stars72; photometric inflection method; night median MSAS=19.14; MSAS at inflection=16.91; depression=8.72°; smoothing=5-pt median; dark rows=461
isha,2019-09-04,19:28,0,47.891148,1.918363,0.0,Zamorano J. et al. (2019). TESS-W sky brightness network. Zenodo monthly archives. https://zenodo.org/records/3378728. CC0 1.0.,TESS station stars72; photometric inflection method; night median MSAS=19.04; MSAS at inflection=18.20; depression=10.59°; smoothing=5-pt median; dark rows=490
isha,2019-09-22,18:50,0,39.478898,-0.376524,0.0,Zamorano J. et al. (2019). TESS-W sky brightness network. Zenodo monthly archives. https://zenodo.org/records/3378728. CC0 1.0.,TESS station stars75; photometric inflection method; night median MSAS=17.94; MSAS at inflection=17.62; depression=10.75°; smoothing=5-pt median; dark rows=611
fajr,2019-09-23,04:56,0,39.478898,-0.376524,0.0,Zamorano J. et al. (2019). TESS-W sky brightness network. Zenodo monthly archives. https://zenodo.org/records/3378728. CC0 1.0.,TESS station stars75; photometric inflection method; night median MSAS=17.94; MSAS at inflection=17.73; depression=10.98°; smoothing=5-pt median; dark rows=611
isha,2019-09-24,19:39,0,39.478898,-0.376524,0.0,Zamorano J. et al. (2019). TESS-W sky brightness network. Zenodo monthly archives. https://zenodo.org/records/3378728. CC0 1.0.,TESS station stars75; photometric inflection method; night median MSAS=18.05; MSAS at inflection=17.54; depression=20.61°; smoothing=5-pt median; dark rows=613
fajr,2019-09-25,04:59,0,39.478898,-0.376524,0.0,Zamorano J. et al. (2019). TESS-W sky brightness network. Zenodo monthly archives. https://zenodo.org/records/3378728. CC0 1.0.,TESS station stars75; photometric inflection method; night median MSAS=18.05; MSAS at inflection=17.70; depression=10.75°; smoothing=5-pt median; dark rows=613
isha,2019-09-26,18:56,0,39.478898,-0.376524,0.0,Zamorano J. et al. (2019). TESS-W sky brightness network. Zenodo monthly archives. https://zenodo.org/records/3378728. CC0 1.0.,TESS station stars75; photometric inflection method; night median MSAS=17.73; MSAS at inflection=17.16; depression=13.02°; smoothing=5-pt median; dark rows=622
fajr,2019-09-27,04:48,0,39.478898,-0.376524,0.0,Zamorano J. et al. (2019). TESS-W sky brightness network. Zenodo monthly archives. https://zenodo.org/records/3378728. CC0 1.0.,TESS station stars75; photometric inflection method; night median MSAS=17.73; MSAS at inflection=17.69; depression=13.25°; smoothing=5-pt median; dark rows=622
isha,2019-09-29,18:25,0,39.478898,-0.376524,0.0,Zamorano J. et al. (2019). TESS-W sky brightness network. Zenodo monthly archives. https://zenodo.org/records/3378728. CC0 1.0.,TESS station stars75; photometric inflection method; night median MSAS=17.59; MSAS at inflection=15.53; depression=8.08°; smoothing=5-pt median; dark rows=408
isha,2019-09-22,18:41,0,39.478898,-0.376524,0.0,Zamorano J. et al. (2019). TESS-W sky brightness network. Zenodo monthly archives. https://zenodo.org/records/3378728. CC0 1.0.,TESS station stars76; photometric inflection method; night median MSAS=17.84; MSAS at inflection=16.86; depression=9.02°; smoothing=5-pt median; dark rows=601
fajr,2019-09-23,04:09,0,39.478898,-0.376524,0.0,Zamorano J. et al. (2019). TESS-W sky brightness network. Zenodo monthly archives. https://zenodo.org/records/3378728. CC0 1.0.,TESS station stars76; photometric inflection method; night median MSAS=17.84; MSAS at inflection=17.87; depression=19.84°; smoothing=5-pt median; dark rows=601
isha,2019-09-23,18:37,0,39.478898,-0.376524,0.0,Zamorano J. et al. (2019). TESS-W sky brightness network. Zenodo monthly archives. https://zenodo.org/records/3378728. CC0 1.0.,TESS station stars76; photometric inflection method; night median MSAS=17.86; MSAS at inflection=15.43; depression=8.53°; smoothing=5-pt median; dark rows=606
fajr,2019-09-25,05:10,0,39.478898,-0.376524,0.0,Zamorano J. et al. (2019). TESS-W sky brightness network. Zenodo monthly archives. https://zenodo.org/records/3378728. CC0 1.0.,TESS station stars76; photometric inflection method; night median MSAS=17.95; MSAS at inflection=16.33; depression=8.76°; smoothing=5-pt median; dark rows=607
isha,2019-09-29,19:28,0,39.478898,-0.376524,0.0,Zamorano J. et al. (2019). TESS-W sky brightness network. Zenodo monthly archives. https://zenodo.org/records/3378728. CC0 1.0.,TESS station stars76; photometric inflection method; night median MSAS=17.68; MSAS at inflection=17.31; depression=20.13°; smoothing=5-pt median; dark rows=569
fajr,2019-09-30,05:15,0,39.478898,-0.376524,0.0,Zamorano J. et al. (2019). TESS-W sky brightness network. Zenodo monthly archives. https://zenodo.org/records/3378728. CC0 1.0.,TESS station stars76; photometric inflection method; night median MSAS=17.68; MSAS at inflection=16.25; depression=8.64°; smoothing=5-pt median; dark rows=569
isha,2019-09-01,20:28,0,42.71167,-1.86509,0.0,Zamorano J. et al. (2019). TESS-W sky brightness network. Zenodo monthly archives. https://zenodo.org/records/3378728. CC0 1.0.,TESS station stars8; photometric inflection method; night median MSAS=21.05; MSAS at inflection=20.29; depression=18.97°; smoothing=5-pt median; dark rows=535
fajr,2019-09-11,04:42,0,42.71167,-1.86509,0.0,Zamorano J. et al. (2019). TESS-W sky brightness network. Zenodo monthly archives. https://zenodo.org/records/3378728. CC0 1.0.,TESS station stars8; photometric inflection method; night median MSAS=19.29; MSAS at inflection=19.84; depression=11.61°; smoothing=5-pt median; dark rows=569
fajr,2019-09-13,04:52,0,42.71167,-1.86509,0.0,Zamorano J. et al. (2019). TESS-W sky brightness network. Zenodo monthly archives. https://zenodo.org/records/3378728. CC0 1.0.,TESS station stars8; photometric inflection method; night median MSAS=18.83; MSAS at inflection=18.10; depression=10.22°; smoothing=5-pt median; dark rows=525
isha,2019-09-14,20:17,0,42.71167,-1.86509,0.0,Zamorano J. et al. (2019). TESS-W sky brightness network. Zenodo monthly archives. https://zenodo.org/records/3378728. CC0 1.0.,TESS station stars8; photometric inflection method; night median MSAS=17.83; MSAS at inflection=18.10; depression=21.59°; smoothing=5-pt median; dark rows=539
fajr,2019-09-15,05:07,0,42.71167,-1.86509,0.0,Zamorano J. et al. (2019). TESS-W sky brightness network. Zenodo monthly archives. https://zenodo.org/records/3378728. CC0 1.0.,TESS station stars8; photometric inflection method; night median MSAS=17.83; MSAS at inflection=16.47; depression=7.90°; smoothing=5-pt median; dark rows=539
isha,2019-09-16,19:07,0,42.71167,-1.86509,0.0,Zamorano J. et al. (2019). TESS-W sky brightness network. Zenodo monthly archives. https://zenodo.org/records/3378728. CC0 1.0.,TESS station stars8; photometric inflection method; night median MSAS=19.21; MSAS at inflection=18.50; depression=10.15°; smoothing=5-pt median; dark rows=137
fajr,2019-09-16,20:10,0,42.71167,-1.86509,0.0,Zamorano J. et al. (2019). TESS-W sky brightness network. Zenodo monthly archives. https://zenodo.org/records/3378728. CC0 1.0.,TESS station stars8; photometric inflection method; night median MSAS=19.21; MSAS at inflection=19.95; depression=21.17°; smoothing=5-pt median; dark rows=137
isha,2019-09-24,19:41,0,42.71167,-1.86509,0.0,Zamorano J. et al. (2019). TESS-W sky brightness network. Zenodo monthly archives. https://zenodo.org/records/3378728. CC0 1.0.,TESS station stars8; photometric inflection method; night median MSAS=20.55; MSAS at inflection=19.92; depression=18.95°; smoothing=5-pt median; dark rows=358
fajr,2019-09-27,05:00,0,42.71167,-1.86509,0.0,Zamorano J. et al. (2019). TESS-W sky brightness network. Zenodo monthly archives. https://zenodo.org/records/3378728. CC0 1.0.,TESS station stars8; photometric inflection method; night median MSAS=21.05; MSAS at inflection=19.47; depression=11.71°; smoothing=5-pt median; dark rows=503
isha,2019-09-27,18:59,0,42.71167,-1.86509,0.0,Zamorano J. et al. (2019). TESS-W sky brightness network. Zenodo monthly archives. https://zenodo.org/records/3378728. CC0 1.0.,TESS station stars8; photometric inflection method; night median MSAS=20.80; MSAS at inflection=19.78; depression=12.41°; smoothing=5-pt median; dark rows=146
isha,2019-09-28,19:35,0,42.71167,-1.86509,0.0,Zamorano J. et al. (2019). TESS-W sky brightness network. Zenodo monthly archives. https://zenodo.org/records/3378728. CC0 1.0.,TESS station stars8; photometric inflection method; night median MSAS=20.83; MSAS at inflection=20.82; depression=19.22°; smoothing=5-pt median; dark rows=23
isha,2019-09-03,19:46,0,43.34756,-4.059549,0.0,Zamorano J. et al. (2019). TESS-W sky brightness network. Zenodo monthly archives. https://zenodo.org/records/3378728. CC0 1.0.,TESS station stars81; photometric inflection method; night median MSAS=18.55; MSAS at inflection=17.94; depression=11.03°; smoothing=5-pt median; dark rows=476
isha,2019-09-06,19:27,0,43.34756,-4.059549,0.0,Zamorano J. et al. (2019). TESS-W sky brightness network. Zenodo monthly archives. https://zenodo.org/records/3378728. CC0 1.0.,TESS station stars81; photometric inflection method; night median MSAS=18.39; MSAS at inflection=16.47; depression=8.59°; smoothing=5-pt median; dark rows=555
isha,2019-09-07,19:46,0,43.34756,-4.059549,0.0,Zamorano J. et al. (2019). TESS-W sky brightness network. Zenodo monthly archives. https://zenodo.org/records/3378728. CC0 1.0.,TESS station stars81; photometric inflection method; night median MSAS=17.94; MSAS at inflection=17.90; depression=12.24°; smoothing=5-pt median; dark rows=321
fajr,2019-09-13,04:41,0,43.34756,-4.059549,0.0,Zamorano J. et al. (2019). TESS-W sky brightness network. Zenodo monthly archives. https://zenodo.org/records/3378728. CC0 1.0.,TESS station stars81; photometric inflection method; night median MSAS=17.73; MSAS at inflection=18.22; depression=13.54°; smoothing=5-pt median; dark rows=560
isha,2019-09-22,19:19,0,43.34756,-4.059549,0.0,Zamorano J. et al. (2019). TESS-W sky brightness network. Zenodo monthly archives. https://zenodo.org/records/3378728. CC0 1.0.,TESS station stars81; photometric inflection method; night median MSAS=18.13; MSAS at inflection=15.90; depression=12.55°; smoothing=5-pt median; dark rows=463
isha,2019-09-26,18:46,0,43.34756,-4.059549,0.0,Zamorano J. et al. (2019). TESS-W sky brightness network. Zenodo monthly archives. https://zenodo.org/records/3378728. CC0 1.0.,TESS station stars81; photometric inflection method; night median MSAS=18.27; MSAS at inflection=16.07; depression=8.05°; smoothing=5-pt median; dark rows=348
isha,2019-09-30,19:41,0,43.34756,-4.059549,0.0,Zamorano J. et al. (2019). TESS-W sky brightness network. Zenodo monthly archives. https://zenodo.org/records/3378728. CC0 1.0.,TESS station stars81; photometric inflection method; night median MSAS=18.44; MSAS at inflection=18.40; depression=19.15°; smoothing=5-pt median; dark rows=307
fajr,2019-09-03,01:49,1,59.267231,18.137398,0.0,Zamorano J. et al. (2019). TESS-W sky brightness network. Zenodo monthly archives. https://zenodo.org/records/3378728. CC0 1.0.,TESS station stars83; photometric inflection method; night median MSAS=18.41; MSAS at inflection=18.59; depression=18.71°; smoothing=5-pt median; dark rows=435
isha,2019-09-03,20:07,1,59.267231,18.137398,0.0,Zamorano J. et al. (2019). TESS-W sky brightness network. Zenodo monthly archives. https://zenodo.org/records/3378728. CC0 1.0.,TESS station stars83; photometric inflection method; night median MSAS=18.33; MSAS at inflection=16.08; depression=10.42°; smoothing=5-pt median; dark rows=415
isha,2019-09-05,20:58,1,59.267231,18.137398,0.0,Zamorano J. et al. (2019). TESS-W sky brightness network. Zenodo monthly archives. https://zenodo.org/records/3378728. CC0 1.0.,TESS station stars83; photometric inflection method; night median MSAS=18.14; MSAS at inflection=16.77; depression=16.15°; smoothing=5-pt median; dark rows=450
fajr,2019-09-06,01:33,1,59.267231,18.137398,0.0,Zamorano J. et al. (2019). TESS-W sky brightness network. Zenodo monthly archives. https://zenodo.org/records/3378728. CC0 1.0.,TESS station stars83; photometric inflection method; night median MSAS=18.14; MSAS at inflection=18.24; depression=20.74°; smoothing=5-pt median; dark rows=450
isha,2019-09-07,20:14,1,59.267231,18.137398,0.0,Zamorano J. et al. (2019). TESS-W sky brightness network. Zenodo monthly archives. https://zenodo.org/records/3378728. CC0 1.0.,TESS station stars83; photometric inflection method; night median MSAS=17.72; MSAS at inflection=17.56; depression=12.58°; smoothing=5-pt median; dark rows=437
fajr,2019-09-08,03:58,1,59.267231,18.137398,0.0,Zamorano J. et al. (2019). TESS-W sky brightness network. Zenodo monthly archives. https://zenodo.org/records/3378728. CC0 1.0.,TESS station stars83; photometric inflection method; night median MSAS=17.72; MSAS at inflection=16.22; depression=8.14°; smoothing=5-pt median; dark rows=437
isha,2019-09-13,19:26,1,59.267231,18.137398,0.0,Zamorano J. et al. (2019). TESS-W sky brightness network. Zenodo monthly archives. https://zenodo.org/records/3378728. CC0 1.0.,TESS station stars83; photometric inflection method; night median MSAS=17.85; MSAS at inflection=17.24; depression=9.58°; smoothing=5-pt median; dark rows=479
isha,2019-09-15,21:03,1,59.267231,18.137398,0.0,Zamorano J. et al. (2019). TESS-W sky brightness network. Zenodo monthly archives. https://zenodo.org/records/3378728. CC0 1.0.,TESS station stars83; photometric inflection method; night median MSAS=18.08; MSAS at inflection=17.59; depression=20.37°; smoothing=5-pt median; dark rows=507
isha,2019-09-17,20:17,1,59.267231,18.137398,0.0,Zamorano J. et al. (2019). TESS-W sky brightness network. Zenodo monthly archives. https://zenodo.org/records/3378728. CC0 1.0.,TESS station stars83; photometric inflection method; night median MSAS=18.06; MSAS at inflection=16.97; depression=16.75°; smoothing=5-pt median; dark rows=517
isha,2019-09-18,21:02,1,59.267231,18.137398,0.0,Zamorano J. et al. (2019). TESS-W sky brightness network. Zenodo monthly archives. https://zenodo.org/records/3378728. CC0 1.0.,TESS station stars83; photometric inflection method; night median MSAS=18.12; MSAS at inflection=17.77; depression=21.47°; smoothing=5-pt median; dark rows=525
fajr,2019-09-19,04:09,1,59.267231,18.137398,0.0,Zamorano J. et al. (2019). TESS-W sky brightness network. Zenodo monthly archives. https://zenodo.org/records/3378728. CC0 1.0.,TESS station stars83; photometric inflection method; night median MSAS=18.12; MSAS at inflection=17.80; depression=10.06°; smoothing=5-pt median; dark rows=525
isha,2019-09-24,19:05,1,59.267231,18.137398,0.0,Zamorano J. et al. (2019). TESS-W sky brightness network. Zenodo monthly archives. https://zenodo.org/records/3378728. CC0 1.0.,TESS station stars83; photometric inflection method; night median MSAS=17.63; MSAS at inflection=16.83; depression=11.34°; smoothing=5-pt median; dark rows=563
fajr,2019-09-26,04:20,1,59.267231,18.137398,0.0,Zamorano J. et al. (2019). TESS-W sky brightness network. Zenodo monthly archives. https://zenodo.org/records/3378728. CC0 1.0.,TESS station stars83; photometric inflection method; night median MSAS=18.27; MSAS at inflection=17.67; depression=10.82°; smoothing=5-pt median; dark rows=554
fajr,2019-09-04,04:53,0,42.466667,-2.439722,0.0,Zamorano J. et al. (2019). TESS-W sky brightness network. Zenodo monthly archives. https://zenodo.org/records/3378728. CC0 1.0.,TESS station stars84; photometric inflection method; night median MSAS=18.64; MSAS at inflection=16.52; depression=8.61°; smoothing=5-pt median; dark rows=551
isha,2019-09-25,19:19,0,42.466667,-2.439722,0.0,Zamorano J. et al. (2019). TESS-W sky brightness network. Zenodo monthly archives. https://zenodo.org/records/3378728. CC0 1.0.,TESS station stars84; photometric inflection method; night median MSAS=18.54; MSAS at inflection=17.06; depression=15.01°; smoothing=5-pt median; dark rows=140
fajr,2019-09-26,04:30,0,42.466667,-2.439722,0.0,Zamorano J. et al. (2019). TESS-W sky brightness network. Zenodo monthly archives. https://zenodo.org/records/3378728. CC0 1.0.,TESS station stars84; photometric inflection method; night median MSAS=18.54; MSAS at inflection=17.30; depression=17.34°; smoothing=5-pt median; dark rows=140
isha,2019-09-28,18:45,0,42.466667,-2.439722,0.0,Zamorano J. et al. (2019). TESS-W sky brightness network. Zenodo monthly archives. https://zenodo.org/records/3378728. CC0 1.0.,TESS station stars84; photometric inflection method; night median MSAS=18.69; MSAS at inflection=17.18; depression=9.70°; smoothing=5-pt median; dark rows=145
fajr,2019-09-29,05:30,0,42.466667,-2.439722,0.0,Zamorano J. et al. (2019). TESS-W sky brightness network. Zenodo monthly archives. https://zenodo.org/records/3378728. CC0 1.0.,TESS station stars84; photometric inflection method; night median MSAS=18.69; MSAS at inflection=16.42; depression=7.03°; smoothing=5-pt median; dark rows=145
isha,2019-09-29,19:01,0,42.466667,-2.439722,0.0,Zamorano J. et al. (2019). TESS-W sky brightness network. Zenodo monthly archives. https://zenodo.org/records/3378728. CC0 1.0.,TESS station stars84; photometric inflection method; night median MSAS=18.63; MSAS at inflection=18.40; depression=12.98°; smoothing=5-pt median; dark rows=86
fajr,2019-09-30,05:16,0,42.466667,-2.439722,0.0,Zamorano J. et al. (2019). TESS-W sky brightness network. Zenodo monthly archives. https://zenodo.org/records/3378728. CC0 1.0.,TESS station stars84; photometric inflection method; night median MSAS=18.63; MSAS at inflection=17.38; depression=9.87°; smoothing=5-pt median; dark rows=86
isha,2019-09-02,19:50,0,40.45098,-3.726072,0.0,Zamorano J. et al. (2019). TESS-W sky brightness network. Zenodo monthly archives. https://zenodo.org/records/3378728. CC0 1.0.,TESS station stars85; photometric inflection method; night median MSAS=18.34; MSAS at inflection=17.84; depression=12.64°; smoothing=5-pt median; dark rows=98
fajr,2019-09-03,04:31,0,40.45098,-3.726072,0.0,Zamorano J. et al. (2019). TESS-W sky brightness network. Zenodo monthly archives. https://zenodo.org/records/3378728. CC0 1.0.,TESS station stars85; photometric inflection method; night median MSAS=18.34; MSAS at inflection=18.25; depression=13.96°; smoothing=5-pt median; dark rows=98
fajr,2019-09-04,04:37,0,40.45098,-3.726072,0.0,Zamorano J. et al. (2019). TESS-W sky brightness network. Zenodo monthly archives. https://zenodo.org/records/3378728. CC0 1.0.,TESS station stars85; photometric inflection method; night median MSAS=18.30; MSAS at inflection=18.34; depression=13.13°; smoothing=5-pt median; dark rows=100
isha,2019-09-04,19:25,0,40.45098,-3.726072,0.0,Zamorano J. et al. (2019). TESS-W sky brightness network. Zenodo monthly archives. https://zenodo.org/records/3378728. CC0 1.0.,TESS station stars85; photometric inflection method; night median MSAS=18.49; MSAS at inflection=16.60; depression=8.81°; smoothing=5-pt median; dark rows=101
fajr,2019-09-05,04:38,0,40.45098,-3.726072,0.0,Zamorano J. et al. (2019). TESS-W sky brightness network. Zenodo monthly archives. https://zenodo.org/records/3378728. CC0 1.0.,TESS station stars85; photometric inflection method; night median MSAS=18.49; MSAS at inflection=18.42; depression=13.04°; smoothing=5-pt median; dark rows=101
isha,2019-09-07,19:27,0,40.45098,-3.726072,0.0,Zamorano J. et al. (2019). TESS-W sky brightness network. Zenodo monthly archives. https://zenodo.org/records/3378728. CC0 1.0.,TESS station stars85; photometric inflection method; night median MSAS=18.34; MSAS at inflection=17.50; depression=10.09°; smoothing=5-pt median; dark rows=89
fajr,2019-09-08,04:02,0,40.45098,-3.726072,0.0,Zamorano J. et al. (2019). TESS-W sky brightness network. Zenodo monthly archives. https://zenodo.org/records/3378728. CC0 1.0.,TESS station stars85; photometric inflection method; night median MSAS=18.34; MSAS at inflection=18.30; depression=20.02°; smoothing=5-pt median; dark rows=89
isha,2019-09-08,19:21,0,40.45098,-3.726072,0.0,Zamorano J. et al. (2019). TESS-W sky brightness network. Zenodo monthly archives. https://zenodo.org/records/3378728. CC0 1.0.,TESS station stars85; photometric inflection method; night median MSAS=18.30; MSAS at inflection=17.15; depression=9.20°; smoothing=5-pt median; dark rows=107
fajr,2019-09-09,04:51,0,40.45098,-3.726072,0.0,Zamorano J. et al. (2019). TESS-W sky brightness network. Zenodo monthly archives. https://zenodo.org/records/3378728. CC0 1.0.,TESS station stars85; photometric inflection method; night median MSAS=18.30; MSAS at inflection=18.31; depression=11.50°; smoothing=5-pt median; dark rows=107
isha,2019-09-09,20:10,0,40.45098,-3.726072,0.0,Zamorano J. et al. (2019). TESS-W sky brightness network. Zenodo monthly archives. https://zenodo.org/records/3378728. CC0 1.0.,TESS station stars85; photometric inflection method; night median MSAS=17.71; MSAS at inflection=16.50; depression=18.41°; smoothing=5-pt median; dark rows=108
fajr,2019-09-10,04:55,0,40.45098,-3.726072,0.0,Zamorano J. et al. (2019). TESS-W sky brightness network. Zenodo monthly archives. https://zenodo.org/records/3378728. CC0 1.0.,TESS station stars85; photometric inflection method; night median MSAS=17.71; MSAS at inflection=18.20; depression=11.01°; smoothing=5-pt median; dark rows=108
isha,2019-09-10,19:28,0,40.45098,-3.726072,0.0,Zamorano J. et al. (2019). TESS-W sky brightness network. Zenodo monthly archives. https://zenodo.org/records/3378728. CC0 1.0.,TESS station stars85; photometric inflection method; night median MSAS=18.31; MSAS at inflection=16.17; depression=11.22°; smoothing=5-pt median; dark rows=103
fajr,2019-09-11,04:55,0,40.45098,-3.726072,0.0,Zamorano J. et al. (2019). TESS-W sky brightness network. Zenodo monthly archives. https://zenodo.org/records/3378728. CC0 1.0.,TESS station stars85; photometric inflection method; night median MSAS=18.31; MSAS at inflection=18.38; depression=11.28°; smoothing=5-pt median; dark rows=103
fajr,2019-09-12,04:50,0,40.45098,-3.726072,0.0,Zamorano J. et al. (2019). TESS-W sky brightness network. Zenodo monthly archives. https://zenodo.org/records/3378728. CC0 1.0.,TESS station stars85; photometric inflection method; night median MSAS=18.09; MSAS at inflection=18.38; depression=12.33°; smoothing=5-pt median; dark rows=92
isha,2019-09-22,18:48,0,40.45098,-3.726072,0.0,Zamorano J. et al. (2019). TESS-W sky brightness network. Zenodo monthly archives. https://zenodo.org/records/3378728. CC0 1.0.,TESS station stars85; photometric inflection method; night median MSAS=18.42; MSAS at inflection=16.51; depression=7.55°; smoothing=5-pt median; dark rows=91
fajr,2019-09-23,05:00,0,40.45098,-3.726072,0.0,Zamorano J. et al. (2019). TESS-W sky brightness network. Zenodo monthly archives. https://zenodo.org/records/3378728. CC0 1.0.,TESS station stars85; photometric inflection method; night median MSAS=18.42; MSAS at inflection=18.16; depression=12.63°; smoothing=5-pt median; dark rows=91
isha,2019-09-23,18:54,0,40.45098,-3.726072,0.0,Zamorano J. et al. (2019). TESS-W sky brightness network. Zenodo monthly archives. https://zenodo.org/records/3378728. CC0 1.0.,TESS station stars85; photometric inflection method; night median MSAS=18.41; MSAS at inflection=16.76; depression=9.00°; smoothing=5-pt median; dark rows=104
fajr,2019-09-24,05:08,0,40.45098,-3.726072,0.0,Zamorano J. et al. (2019). TESS-W sky brightness network. Zenodo monthly archives. https://zenodo.org/records/3378728. CC0 1.0.,TESS station stars85; photometric inflection method; night median MSAS=18.41; MSAS at inflection=18.17; depression=11.30°; smoothing=5-pt median; dark rows=104
isha,2019-09-24,19:03,0,40.45098,-3.726072,0.0,Zamorano J. et al. (2019). TESS-W sky brightness network. Zenodo monthly archives. https://zenodo.org/records/3378728. CC0 1.0.,TESS station stars85; photometric inflection method; night median MSAS=18.53; MSAS at inflection=17.46; depression=11.18°; smoothing=5-pt median; dark rows=113
fajr,2019-09-25,05:05,0,40.45098,-3.726072,0.0,Zamorano J. et al. (2019). TESS-W sky brightness network. Zenodo monthly archives. https://zenodo.org/records/3378728. CC0 1.0.,TESS station stars85; photometric inflection method; night median MSAS=18.53; MSAS at inflection=18.31; depression=12.00°; smoothing=5-pt median; dark rows=113
fajr,2019-09-26,05:14,0,40.45098,-3.726072,0.0,Zamorano J. et al. (2019). TESS-W sky brightness network. Zenodo monthly archives. https://zenodo.org/records/3378728. CC0 1.0.,TESS station stars85; photometric inflection method; night median MSAS=18.57; MSAS at inflection=18.16; depression=10.67°; smoothing=5-pt median; dark rows=110
isha,2019-09-26,19:05,0,40.45098,-3.726072,0.0,Zamorano J. et al. (2019). TESS-W sky brightness network. Zenodo monthly archives. https://zenodo.org/records/3378728. CC0 1.0.,TESS station stars85; photometric inflection method; night median MSAS=18.55; MSAS at inflection=17.88; depression=12.09°; smoothing=5-pt median; dark rows=112
fajr,2019-09-27,05:23,0,40.45098,-3.726072,0.0,Zamorano J. et al. (2019). TESS-W sky brightness network. Zenodo monthly archives. https://zenodo.org/records/3378728. CC0 1.0.,TESS station stars85; photometric inflection method; night median MSAS=18.55; MSAS at inflection=16.84; depression=8.98°; smoothing=5-pt median; dark rows=112
isha,2019-09-27,19:48,0,40.45098,-3.726072,0.0,Zamorano J. et al. (2019). TESS-W sky brightness network. Zenodo monthly archives. https://zenodo.org/records/3378728. CC0 1.0.,TESS station stars85; photometric inflection method; night median MSAS=18.58; MSAS at inflection=18.16; depression=20.43°; smoothing=5-pt median; dark rows=112
fajr,2019-09-28,05:29,0,40.45098,-3.726072,0.0,Zamorano J. et al. (2019). TESS-W sky brightness network. Zenodo monthly archives. https://zenodo.org/records/3378728. CC0 1.0.,TESS station stars85; photometric inflection method; night median MSAS=18.58; MSAS at inflection=16.22; depression=8.08°; smoothing=5-pt median; dark rows=112
isha,2019-09-28,19:06,0,40.45098,-3.726072,0.0,Zamorano J. et al. (2019). TESS-W sky brightness network. Zenodo monthly archives. https://zenodo.org/records/3378728. CC0 1.0.,TESS station stars85; photometric inflection method; night median MSAS=18.56; MSAS at inflection=18.25; depression=12.92°; smoothing=5-pt median; dark rows=105
fajr,2019-09-30,05:22,0,40.45098,-3.726072,0.0,Zamorano J. et al. (2019). TESS-W sky brightness network. Zenodo monthly archives. https://zenodo.org/records/3378728. CC0 1.0.,TESS station stars85; photometric inflection method; night median MSAS=18.58; MSAS at inflection=17.44; depression=9.79°; smoothing=5-pt median; dark rows=93
isha,2019-09-01,23:46,1,64.209031,18.849575,0.0,Zamorano J. et al. (2019). TESS-W sky brightness network. Zenodo monthly archives. https://zenodo.org/records/3378728. CC0 1.0.,TESS station stars86; photometric inflection method; night median MSAS=20.99; MSAS at inflection=21.13; depression=17.67°; smoothing=5-pt median; dark rows=360
fajr,2019-09-02,00:29,1,64.209031,18.849575,0.0,Zamorano J. et al. (2019). TESS-W sky brightness network. Zenodo monthly archives. https://zenodo.org/records/3378728. CC0 1.0.,TESS station stars86; photometric inflection method; night median MSAS=20.99; MSAS at inflection=21.01; depression=17.18°; smoothing=5-pt median; dark rows=360
isha,2019-09-02,22:34,1,64.209031,18.849575,0.0,Zamorano J. et al. (2019). TESS-W sky brightness network. Zenodo monthly archives. https://zenodo.org/records/3378728. CC0 1.0.,TESS station stars86; photometric inflection method; night median MSAS=20.98; MSAS at inflection=21.09; depression=16.83°; smoothing=5-pt median; dark rows=371
isha,2019-09-04,23:35,1,64.209031,18.849575,0.0,Zamorano J. et al. (2019). TESS-W sky brightness network. Zenodo monthly archives. https://zenodo.org/records/3378728. CC0 1.0.,TESS station stars86; photometric inflection method; night median MSAS=21.19; MSAS at inflection=21.30; depression=18.75°; smoothing=5-pt median; dark rows=386
isha,2019-09-05,21:11,1,64.209031,18.849575,0.0,Zamorano J. et al. (2019). TESS-W sky brightness network. Zenodo monthly archives. https://zenodo.org/records/3378728. CC0 1.0.,TESS station stars86; photometric inflection method; night median MSAS=21.22; MSAS at inflection=20.84; depression=13.67°; smoothing=5-pt median; dark rows=393
fajr,2019-09-05,23:46,1,64.209031,18.849575,0.0,Zamorano J. et al. (2019). TESS-W sky brightness network. Zenodo monthly archives. https://zenodo.org/records/3378728. CC0 1.0.,TESS station stars86; photometric inflection method; night median MSAS=21.22; MSAS at inflection=21.61; depression=19.14°; smoothing=5-pt median; dark rows=393
fajr,2019-09-08,02:41,1,64.209031,18.849575,0.0,Zamorano J. et al. (2019). TESS-W sky brightness network. Zenodo monthly archives. https://zenodo.org/records/3378728. CC0 1.0.,TESS station stars86; photometric inflection method; night median MSAS=21.30; MSAS at inflection=20.21; depression=12.48°; smoothing=5-pt median; dark rows=408
fajr,2019-09-08,23:39,1,64.209031,18.849575,0.0,Zamorano J. et al. (2019). TESS-W sky brightness network. Zenodo monthly archives. https://zenodo.org/records/3378728. CC0 1.0.,TESS station stars86; photometric inflection method; night median MSAS=20.88; MSAS at inflection=21.17; depression=20.26°; smoothing=5-pt median; dark rows=420
fajr,2019-09-10,01:54,1,64.209031,18.849575,0.0,Zamorano J. et al. (2019). TESS-W sky brightness network. Zenodo monthly archives. https://zenodo.org/records/3378728. CC0 1.0.,TESS station stars86; photometric inflection method; night median MSAS=20.71; MSAS at inflection=20.87; depression=16.40°; smoothing=5-pt median; dark rows=410
isha,2019-09-10,23:44,1,64.209031,18.849575,0.0,Zamorano J. et al. (2019). TESS-W sky brightness network. Zenodo monthly archives. https://zenodo.org/records/3378728. CC0 1.0.,TESS station stars86; photometric inflection method; night median MSAS=20.36; MSAS at inflection=20.45; depression=21.02°; smoothing=5-pt median; dark rows=416
fajr,2019-09-11,03:03,1,64.209031,18.849575,0.0,Zamorano J. et al. (2019). TESS-W sky brightness network. Zenodo monthly archives. https://zenodo.org/records/3378728. CC0 1.0.,TESS station stars86; photometric inflection method; night median MSAS=20.36; MSAS at inflection=19.70; depression=11.66°; smoothing=5-pt median; dark rows=416
fajr,2019-09-12,03:41,1,64.209031,18.849575,0.0,Zamorano J. et al. (2019). TESS-W sky brightness network. Zenodo monthly archives. https://zenodo.org/records/3378728. CC0 1.0.,TESS station stars86; photometric inflection method; night median MSAS=19.59; MSAS at inflection=18.05; depression=8.53°; smoothing=5-pt median; dark rows=136
isha,2019-09-12,23:14,1,64.209031,18.849575,0.0,Zamorano J. et al. (2019). TESS-W sky brightness network. Zenodo monthly archives. https://zenodo.org/records/3378728. CC0 1.0.,TESS station stars86; photometric inflection method; night median MSAS=18.96; MSAS at inflection=18.51; depression=21.60°; smoothing=5-pt median; dark rows=448
isha,2019-09-15,20:13,1,64.209031,18.849575,0.0,Zamorano J. et al. (2019). TESS-W sky brightness network. Zenodo monthly archives. https://zenodo.org/records/3378728. CC0 1.0.,TESS station stars86; photometric inflection method; night median MSAS=17.62; MSAS at inflection=19.31; depression=12.92°; smoothing=5-pt median; dark rows=413
fajr,2019-09-16,02:46,1,64.209031,18.849575,0.0,Zamorano J. et al. (2019). TESS-W sky brightness network. Zenodo monthly archives. https://zenodo.org/records/3378728. CC0 1.0.,TESS station stars86; photometric inflection method; night median MSAS=17.62; MSAS at inflection=17.83; depression=14.71°; smoothing=5-pt median; dark rows=413
isha,2019-09-16,19:28,1,64.209031,18.849575,0.0,Zamorano J. et al. (2019). TESS-W sky brightness network. Zenodo monthly archives. https://zenodo.org/records/3378728. CC0 1.0.,TESS station stars86; photometric inflection method; night median MSAS=18.98; MSAS at inflection=17.76; depression=9.16°; smoothing=5-pt median; dark rows=482
isha,2019-09-23,21:12,1,64.209031,18.849575,0.0,Zamorano J. et al. (2019). TESS-W sky brightness network. Zenodo monthly archives. https://zenodo.org/records/3378728. CC0 1.0.,TESS station stars86; photometric inflection method; night median MSAS=20.81; MSAS at inflection=21.49; depression=20.76°; smoothing=5-pt median; dark rows=521
fajr,2019-09-24,03:46,1,64.209031,18.849575,0.0,Zamorano J. et al. (2019). TESS-W sky brightness network. Zenodo monthly archives. https://zenodo.org/records/3378728. CC0 1.0.,TESS station stars86; photometric inflection method; night median MSAS=20.81; MSAS at inflection=19.47; depression=11.87°; smoothing=5-pt median; dark rows=521
isha,2019-09-24,20:17,1,64.209031,18.849575,0.0,Zamorano J. et al. (2019). TESS-W sky brightness network. Zenodo monthly archives. https://zenodo.org/records/3378728. CC0 1.0.,TESS station stars86; photometric inflection method; night median MSAS=21.33; MSAS at inflection=21.46; depression=16.89°; smoothing=5-pt median; dark rows=533
isha,2019-09-28,20:34,1,64.209031,18.849575,0.0,Zamorano J. et al. (2019). TESS-W sky brightness network. Zenodo monthly archives. https://zenodo.org/records/3378728. CC0 1.0.,TESS station stars86; photometric inflection method; night median MSAS=20.91; MSAS at inflection=21.20; depression=19.92°; smoothing=5-pt median; dark rows=560
fajr,2019-09-02,04:03,-7,30.534095,-98.905275,0.0,Zamorano J. et al. (2019). TESS-W sky brightness network. Zenodo monthly archives. https://zenodo.org/records/3378728. CC0 1.0.,TESS station stars89; photometric inflection method; night median MSAS=21.69; MSAS at inflection=21.52; depression=15.23°; smoothing=5-pt median; dark rows=351
isha,2019-09-07,19:21,-7,30.534095,-98.905275,0.0,Zamorano J. et al. (2019). TESS-W sky brightness network. Zenodo monthly archives. https://zenodo.org/records/3378728. CC0 1.0.,TESS station stars89; photometric inflection method; night median MSAS=20.63; MSAS at inflection=19.23; depression=19.61°; smoothing=5-pt median; dark rows=565
fajr,2019-09-09,04:34,-7,30.534095,-98.905275,0.0,Zamorano J. et al. (2019). TESS-W sky brightness network. Zenodo monthly archives. https://zenodo.org/records/3378728. CC0 1.0.,TESS station stars89; photometric inflection method; night median MSAS=19.66; MSAS at inflection=17.83; depression=9.70°; smoothing=5-pt median; dark rows=557
fajr,2019-09-10,04:23,-7,30.534095,-98.905275,0.0,Zamorano J. et al. (2019). TESS-W sky brightness network. Zenodo monthly archives. https://zenodo.org/records/3378728. CC0 1.0.,TESS station stars89; photometric inflection method; night median MSAS=19.18; MSAS at inflection=20.11; depression=12.26°; smoothing=5-pt median; dark rows=551
isha,2019-09-10,18:31,-7,30.534095,-98.905275,0.0,Zamorano J. et al. (2019). TESS-W sky brightness network. Zenodo monthly archives. https://zenodo.org/records/3378728. CC0 1.0.,TESS station stars89; photometric inflection method; night median MSAS=18.35; MSAS at inflection=18.04; depression=10.23°; smoothing=5-pt median; dark rows=535
isha,2019-09-11,18:32,-7,30.534095,-98.905275,0.0,Zamorano J. et al. (2019). TESS-W sky brightness network. Zenodo monthly archives. https://zenodo.org/records/3378728. CC0 1.0.,TESS station stars89; photometric inflection method; night median MSAS=18.08; MSAS at inflection=18.43; depression=10.67°; smoothing=5-pt median; dark rows=528
fajr,2019-09-12,04:34,-7,30.534095,-98.905275,0.0,Zamorano J. et al. (2019). TESS-W sky brightness network. Zenodo monthly archives. https://zenodo.org/records/3378728. CC0 1.0.,TESS station stars89; photometric inflection method; night median MSAS=18.08; MSAS at inflection=18.06; depression=10.09°; smoothing=5-pt median; dark rows=528
isha,2019-09-12,18:26,-7,30.534095,-98.905275,0.0,Zamorano J. et al. (2019). TESS-W sky brightness network. Zenodo monthly archives. https://zenodo.org/records/3378728. CC0 1.0.,TESS station stars89; photometric inflection method; night median MSAS=18.15; MSAS at inflection=17.61; depression=9.58°; smoothing=5-pt median; dark rows=513
isha,2019-09-13,18:17,-7,30.534095,-98.905275,0.0,Zamorano J. et al. (2019). TESS-W sky brightness network. Zenodo monthly archives. https://zenodo.org/records/3378728. CC0 1.0.,TESS station stars89; photometric inflection method; night median MSAS=17.53; MSAS at inflection=16.22; depression=8.11°; smoothing=5-pt median; dark rows=535
isha,2019-09-22,18:27,-7,30.534095,-98.905275,0.0,Zamorano J. et al. (2019). TESS-W sky brightness network. Zenodo monthly archives. https://zenodo.org/records/3378728. CC0 1.0.,TESS station stars89; photometric inflection method; night median MSAS=21.41; MSAS at inflection=20.03; depression=12.63°; smoothing=5-pt median; dark rows=116
isha,2019-09-23,18:21,-7,30.534095,-98.905275,0.0,Zamorano J. et al. (2019). TESS-W sky brightness network. Zenodo monthly archives. https://zenodo.org/records/3378728. CC0 1.0.,TESS station stars89; photometric inflection method; night median MSAS=21.81; MSAS at inflection=19.48; depression=11.71°; smoothing=5-pt median; dark rows=323
fajr,2019-09-24,04:20,-7,30.534095,-98.905275,0.0,Zamorano J. et al. (2019). TESS-W sky brightness network. Zenodo monthly archives. https://zenodo.org/records/3378728. CC0 1.0.,TESS station stars89; photometric inflection method; night median MSAS=21.81; MSAS at inflection=20.68; depression=14.65°; smoothing=5-pt median; dark rows=323
isha,2019-09-27,18:22,-7,30.534095,-98.905275,0.0,Zamorano J. et al. (2019). TESS-W sky brightness network. Zenodo monthly archives. https://zenodo.org/records/3378728. CC0 1.0.,TESS station stars89; photometric inflection method; night median MSAS=21.67; MSAS at inflection=20.25; depression=12.91°; smoothing=5-pt median; dark rows=398
isha,2019-09-28,18:14,-7,30.534095,-98.905275,0.0,Zamorano J. et al. (2019). TESS-W sky brightness network. Zenodo monthly archives. https://zenodo.org/records/3378728. CC0 1.0.,TESS station stars89; photometric inflection method; night median MSAS=21.63; MSAS at inflection=19.40; depression=11.49°; smoothing=5-pt median; dark rows=590
isha,2019-09-29,18:12,-7,30.534095,-98.905275,0.0,Zamorano J. et al. (2019). TESS-W sky brightness network. Zenodo monthly archives. https://zenodo.org/records/3378728. CC0 1.0.,TESS station stars89; photometric inflection method; night median MSAS=21.69; MSAS at inflection=19.41; depression=11.47°; smoothing=5-pt median; dark rows=578
fajr,2019-09-30,04:33,-7,30.534095,-98.905275,0.0,Zamorano J. et al. (2019). TESS-W sky brightness network. Zenodo monthly archives. https://zenodo.org/records/3378728. CC0 1.0.,TESS station stars89; photometric inflection method; night median MSAS=21.69; MSAS at inflection=20.07; depression=12.69°; smoothing=5-pt median; dark rows=578
isha,2019-09-01,20:06,0,38.409226,-4.894376,0.0,Zamorano J. et al. (2019). TESS-W sky brightness network. Zenodo monthly archives. https://zenodo.org/records/3378728. CC0 1.0.,TESS station stars9; photometric inflection method; night median MSAS=19.41; MSAS at inflection=19.08; depression=15.07°; smoothing=5-pt median; dark rows=544
fajr,2019-09-02,04:53,0,38.409226,-4.894376,0.0,Zamorano J. et al. (2019). TESS-W sky brightness network. Zenodo monthly archives. https://zenodo.org/records/3378728. CC0 1.0.,TESS station stars9; photometric inflection method; night median MSAS=19.41; MSAS at inflection=19.00; depression=11.32°; smoothing=5-pt median; dark rows=544
isha,2019-09-02,20:15,0,38.409226,-4.894376,0.0,Zamorano J. et al. (2019). TESS-W sky brightness network. Zenodo monthly archives. https://zenodo.org/records/3378728. CC0 1.0.,TESS station stars9; photometric inflection method; night median MSAS=19.68; MSAS at inflection=19.09; depression=17.09°; smoothing=5-pt median; dark rows=546
isha,2019-09-03,20:38,0,38.409226,-4.894376,0.0,Zamorano J. et al. (2019). TESS-W sky brightness network. Zenodo monthly archives. https://zenodo.org/records/3378728. CC0 1.0.,TESS station stars9; photometric inflection method; night median MSAS=19.69; MSAS at inflection=19.08; depression=21.30°; smoothing=5-pt median; dark rows=508
fajr,2019-09-04,04:26,0,38.409226,-4.894376,0.0,Zamorano J. et al. (2019). TESS-W sky brightness network. Zenodo monthly archives. https://zenodo.org/records/3378728. CC0 1.0.,TESS station stars9; photometric inflection method; night median MSAS=19.69; MSAS at inflection=19.71; depression=16.62°; smoothing=5-pt median; dark rows=508
isha,2019-09-05,19:54,0,38.409226,-4.894376,0.0,Zamorano J. et al. (2019). TESS-W sky brightness network. Zenodo monthly archives. https://zenodo.org/records/3378728. CC0 1.0.,TESS station stars9; photometric inflection method; night median MSAS=19.67; MSAS at inflection=19.02; depression=14.23°; smoothing=5-pt median; dark rows=534
fajr,2019-09-07,04:12,0,38.409226,-4.894376,0.0,Zamorano J. et al. (2019). TESS-W sky brightness network. Zenodo monthly archives. https://zenodo.org/records/3378728. CC0 1.0.,TESS station stars9; photometric inflection method; night median MSAS=19.63; MSAS at inflection=19.74; depression=19.70°; smoothing=5-pt median; dark rows=463
isha,2019-09-07,20:02,0,38.409226,-4.894376,0.0,Zamorano J. et al. (2019). TESS-W sky brightness network. Zenodo monthly archives. https://zenodo.org/records/3378728. CC0 1.0.,TESS station stars9; photometric inflection method; night median MSAS=19.04; MSAS at inflection=18.67; depression=16.22°; smoothing=5-pt median; dark rows=568
isha,2019-09-08,19:38,0,38.409226,-4.894376,0.0,Zamorano J. et al. (2019). TESS-W sky brightness network. Zenodo monthly archives. https://zenodo.org/records/3378728. CC0 1.0.,TESS station stars9; photometric inflection method; night median MSAS=19.38; MSAS at inflection=18.10; depression=12.10°; smoothing=5-pt median; dark rows=552
isha,2019-09-09,20:30,0,38.409226,-4.894376,0.0,Zamorano J. et al. (2019). TESS-W sky brightness network. Zenodo monthly archives. https://zenodo.org/records/3378728. CC0 1.0.,TESS station stars9; photometric inflection method; night median MSAS=19.35; MSAS at inflection=18.31; depression=21.93°; smoothing=5-pt median; dark rows=553
isha,2019-09-10,19:30,0,38.409226,-4.894376,0.0,Zamorano J. et al. (2019). TESS-W sky brightness network. Zenodo monthly archives. https://zenodo.org/records/3378728. CC0 1.0.,TESS station stars9; photometric inflection method; night median MSAS=19.10; MSAS at inflection=17.98; depression=11.30°; smoothing=5-pt median; dark rows=566
fajr,2019-09-22,04:17,0,38.409226,-4.894376,0.0,Zamorano J. et al. (2019). TESS-W sky brightness network. Zenodo monthly archives. https://zenodo.org/records/3378728. CC0 1.0.,TESS station stars9; photometric inflection method; night median MSAS=18.52; MSAS at inflection=17.20; depression=21.88°; smoothing=5-pt median; dark rows=609
isha,2019-09-18,23:58,1,78.148247,16.036735,0.0,Zamorano J. et al. (2019). TESS-W sky brightness network. Zenodo monthly archives. https://zenodo.org/records/3378728. CC0 1.0.,TESS station stars91; photometric inflection method; night median MSAS=18.32; MSAS at inflection=18.27; depression=10.15°; smoothing=5-pt median; dark rows=74
fajr,2019-09-19,01:13,1,78.148247,16.036735,0.0,Zamorano J. et al. (2019). TESS-W sky brightness network. Zenodo monthly archives. https://zenodo.org/records/3378728. CC0 1.0.,TESS station stars91; photometric inflection method; night median MSAS=18.32; MSAS at inflection=17.26; depression=9.39°; smoothing=5-pt median; dark rows=74
isha,2019-09-21,23:08,1,78.148247,16.036735,0.0,Zamorano J. et al. (2019). TESS-W sky brightness network. Zenodo monthly archives. https://zenodo.org/records/3378728. CC0 1.0.,TESS station stars91; photometric inflection method; night median MSAS=18.62; MSAS at inflection=18.98; depression=11.12°; smoothing=5-pt median; dark rows=206
fajr,2019-09-22,01:21,1,78.148247,16.036735,0.0,Zamorano J. et al. (2019). TESS-W sky brightness network. Zenodo monthly archives. https://zenodo.org/records/3378728. CC0 1.0.,TESS station stars91; photometric inflection method; night median MSAS=18.62; MSAS at inflection=18.23; depression=10.38°; smoothing=5-pt median; dark rows=206
isha,2019-09-22,21:32,1,78.148247,16.036735,0.0,Zamorano J. et al. (2019). TESS-W sky brightness network. Zenodo monthly archives. https://zenodo.org/records/3378728. CC0 1.0.,TESS station stars91; photometric inflection method; night median MSAS=19.12; MSAS at inflection=18.12; depression=9.62°; smoothing=5-pt median; dark rows=239
fajr,2019-09-24,02:42,1,78.148247,16.036735,0.0,Zamorano J. et al. (2019). TESS-W sky brightness network. Zenodo monthly archives. https://zenodo.org/records/3378728. CC0 1.0.,TESS station stars91; photometric inflection method; night median MSAS=19.57; MSAS at inflection=17.30; depression=8.86°; smoothing=5-pt median; dark rows=271
isha,2019-09-24,21:30,1,78.148247,16.036735,0.0,Zamorano J. et al. (2019). TESS-W sky brightness network. Zenodo monthly archives. https://zenodo.org/records/3378728. CC0 1.0.,TESS station stars91; photometric inflection method; night median MSAS=19.65; MSAS at inflection=18.45; depression=10.35°; smoothing=5-pt median; dark rows=296
isha,2019-09-25,21:10,1,78.148247,16.036735,0.0,Zamorano J. et al. (2019). TESS-W sky brightness network. Zenodo monthly archives. https://zenodo.org/records/3378728. CC0 1.0.,TESS station stars91; photometric inflection method; night median MSAS=20.29; MSAS at inflection=18.42; depression=10.13°; smoothing=5-pt median; dark rows=311
fajr,2019-09-26,01:38,1,78.148247,16.036735,0.0,Zamorano J. et al. (2019). TESS-W sky brightness network. Zenodo monthly archives. https://zenodo.org/records/3378728. CC0 1.0.,TESS station stars91; photometric inflection method; night median MSAS=20.29; MSAS at inflection=20.40; depression=11.51°; smoothing=5-pt median; dark rows=311
fajr,2019-09-26,23:48,1,78.148247,16.036735,0.0,Zamorano J. et al. (2019). TESS-W sky brightness network. Zenodo monthly archives. https://zenodo.org/records/3378728. CC0 1.0.,TESS station stars91; photometric inflection method; night median MSAS=20.69; MSAS at inflection=20.90; depression=13.27°; smoothing=5-pt median; dark rows=343
isha,2019-09-27,23:45,1,78.148247,16.036735,0.0,Zamorano J. et al. (2019). TESS-W sky brightness network. Zenodo monthly archives. https://zenodo.org/records/3378728. CC0 1.0.,TESS station stars91; photometric inflection method; night median MSAS=19.90; MSAS at inflection=20.10; depression=13.65°; smoothing=5-pt median; dark rows=332
fajr,2019-09-28,02:27,1,78.148247,16.036735,0.0,Zamorano J. et al. (2019). TESS-W sky brightness network. Zenodo monthly archives. https://zenodo.org/records/3378728. CC0 1.0.,TESS station stars91; photometric inflection method; night median MSAS=19.90; MSAS at inflection=18.39; depression=10.84°; smoothing=5-pt median; dark rows=332
isha,2019-09-28,23:26,1,78.148247,16.036735,0.0,Zamorano J. et al. (2019). TESS-W sky brightness network. Zenodo monthly archives. https://zenodo.org/records/3378728. CC0 1.0.,TESS station stars91; photometric inflection method; night median MSAS=19.81; MSAS at inflection=20.23; depression=13.99°; smoothing=5-pt median; dark rows=377
isha,2019-09-29,20:16,1,78.148247,16.036735,0.0,Zamorano J. et al. (2019). TESS-W sky brightness network. Zenodo monthly archives. https://zenodo.org/records/3378728. CC0 1.0.,TESS station stars91; photometric inflection method; night median MSAS=19.78; MSAS at inflection=17.48; depression=9.69°; smoothing=5-pt median; dark rows=385
fajr,2019-09-30,02:07,1,78.148247,16.036735,0.0,Zamorano J. et al. (2019). TESS-W sky brightness network. Zenodo monthly archives. https://zenodo.org/records/3378728. CC0 1.0.,TESS station stars91; photometric inflection method; night median MSAS=19.78; MSAS at inflection=19.60; depression=12.23°; smoothing=5-pt median; dark rows=385
isha,2019-09-30,21:21,1,78.148247,16.036735,0.0,Zamorano J. et al. (2019). TESS-W sky brightness network. Zenodo monthly archives. https://zenodo.org/records/3378728. CC0 1.0.,TESS station stars91; photometric inflection method; night median MSAS=20.76; MSAS at inflection=20.23; depression=12.45°; smoothing=5-pt median; dark rows=279
isha,2019-09-01,20:03,2,42.637673,23.295422,0.0,Zamorano J. et al. (2019). TESS-W sky brightness network. Zenodo monthly archives. https://zenodo.org/records/3378728. CC0 1.0.,TESS station stars92; photometric inflection method; night median MSAS=19.12; MSAS at inflection=18.75; depression=11.68°; smoothing=5-pt median; dark rows=489
fajr,2019-09-10,05:20,2,42.637673,23.295422,0.0,Zamorano J. et al. (2019). TESS-W sky brightness network. Zenodo monthly archives. https://zenodo.org/records/3378728. CC0 1.0.,TESS station stars92; photometric inflection method; night median MSAS=18.40; MSAS at inflection=16.67; depression=8.07°; smoothing=5-pt median; dark rows=517
isha,2019-09-10,19:47,2,42.637673,23.295422,0.0,Zamorano J. et al. (2019). TESS-W sky brightness network. Zenodo monthly archives. https://zenodo.org/records/3378728. CC0 1.0.,TESS station stars92; photometric inflection method; night median MSAS=18.54; MSAS at inflection=18.19; depression=11.74°; smoothing=5-pt median; dark rows=494
fajr,2019-09-11,04:59,2,42.637673,23.295422,0.0,Zamorano J. et al. (2019). TESS-W sky brightness network. Zenodo monthly archives. https://zenodo.org/records/3378728. CC0 1.0.,TESS station stars92; photometric inflection method; night median MSAS=18.54; MSAS at inflection=18.85; depression=12.03°; smoothing=5-pt median; dark rows=494
isha,2019-09-11,19:32,2,42.637673,23.295422,0.0,Zamorano J. et al. (2019). TESS-W sky brightness network. Zenodo monthly archives. https://zenodo.org/records/3378728. CC0 1.0.,TESS station stars92; photometric inflection method; night median MSAS=17.67; MSAS at inflection=17.39; depression=9.43°; smoothing=5-pt median; dark rows=496
fajr,2019-09-12,05:04,2,42.637673,23.295422,0.0,Zamorano J. et al. (2019). TESS-W sky brightness network. Zenodo monthly archives. https://zenodo.org/records/3378728. CC0 1.0.,TESS station stars92; photometric inflection method; night median MSAS=17.67; MSAS at inflection=17.70; depression=11.25°; smoothing=5-pt median; dark rows=496
fajr,2019-09-15,05:12,2,42.637673,23.295422,0.0,Zamorano J. et al. (2019). TESS-W sky brightness network. Zenodo monthly archives. https://zenodo.org/records/3378728. CC0 1.0.,TESS station stars92; photometric inflection method; night median MSAS=17.92; MSAS at inflection=17.86; depression=10.57°; smoothing=5-pt median; dark rows=540
isha,2019-09-15,19:14,2,42.637673,23.295422,0.0,Zamorano J. et al. (2019). TESS-W sky brightness network. Zenodo monthly archives. https://zenodo.org/records/3378728. CC0 1.0.,TESS station stars92; photometric inflection method; night median MSAS=18.16; MSAS at inflection=15.71; depression=7.49°; smoothing=5-pt median; dark rows=429
fajr,2019-09-16,05:25,2,42.637673,23.295422,0.0,Zamorano J. et al. (2019). TESS-W sky brightness network. Zenodo monthly archives. https://zenodo.org/records/3378728. CC0 1.0.,TESS station stars92; photometric inflection method; night median MSAS=18.16; MSAS at inflection=16.69; depression=8.49°; smoothing=5-pt median; dark rows=429
isha,2019-09-17,19:54,2,42.637673,23.295422,0.0,Zamorano J. et al. (2019). TESS-W sky brightness network. Zenodo monthly archives. https://zenodo.org/records/3378728. CC0 1.0.,TESS station stars92; photometric inflection method; night median MSAS=18.62; MSAS at inflection=18.85; depression=15.30°; smoothing=5-pt median; dark rows=522
fajr,2019-09-18,05:07,2,42.637673,23.295422,0.0,Zamorano J. et al. (2019). TESS-W sky brightness network. Zenodo monthly archives. https://zenodo.org/records/3378728. CC0 1.0.,TESS station stars92; photometric inflection method; night median MSAS=18.62; MSAS at inflection=17.82; depression=11.97°; smoothing=5-pt median; dark rows=522
isha,2019-09-18,20:29,2,42.637673,23.295422,0.0,Zamorano J. et al. (2019). TESS-W sky brightness network. Zenodo monthly archives. https://zenodo.org/records/3378728. CC0 1.0.,TESS station stars92; photometric inflection method; night median MSAS=18.37; MSAS at inflection=18.25; depression=21.82°; smoothing=5-pt median; dark rows=352
isha,2019-09-20,19:18,2,42.637673,23.295422,0.0,Zamorano J. et al. (2019). TESS-W sky brightness network. Zenodo monthly archives. https://zenodo.org/records/3378728. CC0 1.0.,TESS station stars92; photometric inflection method; night median MSAS=18.80; MSAS at inflection=17.78; depression=9.96°; smoothing=5-pt median; dark rows=80
fajr,2019-09-20,20:00,2,42.637673,23.295422,0.0,Zamorano J. et al. (2019). TESS-W sky brightness network. Zenodo monthly archives. https://zenodo.org/records/3378728. CC0 1.0.,TESS station stars92; photometric inflection method; night median MSAS=18.80; MSAS at inflection=18.82; depression=17.46°; smoothing=5-pt median; dark rows=80
isha,2019-09-22,19:59,2,42.637673,23.295422,0.0,Zamorano J. et al. (2019). TESS-W sky brightness network. Zenodo monthly archives. https://zenodo.org/records/3378728. CC0 1.0.,TESS station stars92; photometric inflection method; night median MSAS=18.53; MSAS at inflection=19.02; depression=17.99°; smoothing=5-pt median; dark rows=540
isha,2019-09-26,20:08,2,42.637673,23.295422,0.0,Zamorano J. et al. (2019). TESS-W sky brightness network. Zenodo monthly archives. https://zenodo.org/records/3378728. CC0 1.0.,TESS station stars92; photometric inflection method; night median MSAS=19.32; MSAS at inflection=18.99; depression=20.85°; smoothing=5-pt median; dark rows=548
fajr,2019-09-27,05:28,2,42.637673,23.295422,0.0,Zamorano J. et al. (2019). TESS-W sky brightness network. Zenodo monthly archives. https://zenodo.org/records/3378728. CC0 1.0.,TESS station stars92; photometric inflection method; night median MSAS=19.32; MSAS at inflection=18.36; depression=10.13°; smoothing=5-pt median; dark rows=548
isha,2019-09-27,19:50,2,42.637673,23.295422,0.0,Zamorano J. et al. (2019). TESS-W sky brightness network. Zenodo monthly archives. https://zenodo.org/records/3378728. CC0 1.0.,TESS station stars92; photometric inflection method; night median MSAS=19.46; MSAS at inflection=19.22; depression=18.01°; smoothing=5-pt median; dark rows=600
isha,2019-09-28,18:58,2,42.637673,23.295422,0.0,Zamorano J. et al. (2019). TESS-W sky brightness network. Zenodo monthly archives. https://zenodo.org/records/3378728. CC0 1.0.,TESS station stars92; photometric inflection method; night median MSAS=19.08; MSAS at inflection=17.19; depression=8.94°; smoothing=5-pt median; dark rows=566
fajr,2019-09-30,05:17,2,42.637673,23.295422,0.0,Zamorano J. et al. (2019). TESS-W sky brightness network. Zenodo monthly archives. https://zenodo.org/records/3378728. CC0 1.0.,TESS station stars92; photometric inflection method; night median MSAS=18.62; MSAS at inflection=18.02; depression=12.76°; smoothing=5-pt median; dark rows=554
isha,2019-09-30,19:46,2,42.637673,23.295422,0.0,Zamorano J. et al. (2019). TESS-W sky brightness network. Zenodo monthly archives. https://zenodo.org/records/3378728. CC0 1.0.,TESS station stars92; photometric inflection method; night median MSAS=18.82; MSAS at inflection=18.92; depression=18.25°; smoothing=5-pt median; dark rows=346
