prayer,date_local,time_local,utc_offset,lat,lng,elevation_m,source,notes
fajr,2018-07-02,03:54,0,40.424604,-3.560279,0.0,Zamorano J. et al. (2019). TESS-W sky brightness network. Zenodo monthly archives. https://zenodo.org/records/3378728. CC0 1.0.,TESS station stars1; photometric inflection method; night median MSAS=18.26; MSAS at inflection=16.47; depression=9.02°; smoothing=5-pt median; dark rows=794
isha,2018-07-02,20:53,0,40.424604,-3.560279,0.0,Zamorano J. et al. (2019). TESS-W sky brightness network. Zenodo monthly archives. https://zenodo.org/records/3378728. CC0 1.0.,TESS station stars1; photometric inflection method; night median MSAS=18.32; MSAS at inflection=17.69; depression=10.67°; smoothing=5-pt median; dark rows=83
isha,2018-07-03,21:40,0,40.424604,-3.560279,0.0,Zamorano J. et al. (2019). TESS-W sky brightness network. Zenodo monthly archives. https://zenodo.org/records/3378728. CC0 1.0.,TESS station stars1; photometric inflection method; night median MSAS=18.36; MSAS at inflection=18.34; depression=16.82°; smoothing=5-pt median; dark rows=718
fajr,2018-07-04,03:56,0,40.424604,-3.560279,0.0,Zamorano J. et al. (2019). TESS-W sky brightness network. Zenodo monthly archives. https://zenodo.org/records/3378728. CC0 1.0.,TESS station stars1; photometric inflection method; night median MSAS=18.36; MSAS at inflection=16.41; depression=8.94°; smoothing=5-pt median; dark rows=718
isha,2018-07-05,21:19,0,40.424604,-3.560279,0.0,Zamorano J. et al. (2019). TESS-W sky brightness network. Zenodo monthly archives. https://zenodo.org/records/3378728. CC0 1.0.,TESS station stars1; photometric inflection method; night median MSAS=18.43; MSAS at inflection=17.56; depression=14.36°; smoothing=5-pt median; dark rows=825
isha,2018-07-06,21:17,0,40.424604,-3.560279,0.0,Zamorano J. et al. (2019). TESS-W sky brightness network. Zenodo monthly archives. https://zenodo.org/records/3378728. CC0 1.0.,TESS station stars1; photometric inflection method; night median MSAS=17.66; MSAS at inflection=17.45; depression=14.07°; smoothing=5-pt median; dark rows=829
isha,2018-07-10,20:56,0,40.424604,-3.560279,0.0,Zamorano J. et al. (2019). TESS-W sky brightness network. Zenodo monthly archives. https://zenodo.org/records/3378728. CC0 1.0.,TESS station stars1; photometric inflection method; night median MSAS=18.24; MSAS at inflection=17.67; depression=11.57°; smoothing=5-pt median; dark rows=845
fajr,2018-07-12,03:28,0,40.424604,-3.560279,0.0,Zamorano J. et al. (2019). TESS-W sky brightness network. Zenodo monthly archives. https://zenodo.org/records/3378728. CC0 1.0.,TESS station stars1; photometric inflection method; night median MSAS=18.34; MSAS at inflection=18.32; depression=13.78°; smoothing=5-pt median; dark rows=850
fajr,2018-07-14,02:53,0,40.424604,-3.560279,0.0,Zamorano J. et al. (2019). TESS-W sky brightness network. Zenodo monthly archives. https://zenodo.org/records/3378728. CC0 1.0.,TESS station stars1; photometric inflection method; night median MSAS=18.17; MSAS at inflection=18.31; depression=18.34°; smoothing=5-pt median; dark rows=859
isha,2018-07-14,20:57,0,40.424604,-3.560279,0.0,Zamorano J. et al. (2019). TESS-W sky brightness network. Zenodo monthly archives. https://zenodo.org/records/3378728. CC0 1.0.,TESS station stars1; photometric inflection method; night median MSAS=18.44; MSAS at inflection=18.07; depression=12.17°; smoothing=5-pt median; dark rows=856
fajr,2018-07-15,03:56,0,40.424604,-3.560279,0.0,Zamorano J. et al. (2019). TESS-W sky brightness network. Zenodo monthly archives. https://zenodo.org/records/3378728. CC0 1.0.,TESS station stars1; photometric inflection method; night median MSAS=18.44; MSAS at inflection=17.66; depression=10.25°; smoothing=5-pt median; dark rows=856
fajr,2018-07-16,03:52,0,40.424604,-3.560279,0.0,Zamorano J. et al. (2019). TESS-W sky brightness network. Zenodo monthly archives. https://zenodo.org/records/3378728. CC0 1.0.,TESS station stars1; photometric inflection method; night median MSAS=18.39; MSAS at inflection=18.02; depression=10.88°; smoothing=5-pt median; dark rows=861
isha,2018-07-17,21:20,0,40.424604,-3.560279,0.0,Zamorano J. et al. (2019). TESS-W sky brightness network. Zenodo monthly archives. https://zenodo.org/records/3378728. CC0 1.0.,TESS station stars1; photometric inflection method; night median MSAS=18.38; MSAS at inflection=18.22; depression=15.59°; smoothing=5-pt median; dark rows=872
fajr,2018-07-18,04:08,0,40.424604,-3.560279,0.0,Zamorano J. et al. (2019). TESS-W sky brightness network. Zenodo monthly archives. https://zenodo.org/records/3378728. CC0 1.0.,TESS station stars1; photometric inflection method; night median MSAS=18.38; MSAS at inflection=16.65; depression=8.83°; smoothing=5-pt median; dark rows=872
isha,2018-07-18,22:08,0,40.424604,-3.560279,0.0,Zamorano J. et al. (2019). TESS-W sky brightness network. Zenodo monthly archives. https://zenodo.org/records/3378728. CC0 1.0.,TESS station stars1; photometric inflection method; night median MSAS=18.39; MSAS at inflection=18.29; depression=21.41°; smoothing=5-pt median; dark rows=874
isha,2018-07-19,21:08,0,40.424604,-3.560279,0.0,Zamorano J. et al. (2019). TESS-W sky brightness network. Zenodo monthly archives. https://zenodo.org/records/3378728. CC0 1.0.,TESS station stars1; photometric inflection method; night median MSAS=18.38; MSAS at inflection=18.04; depression=14.33°; smoothing=5-pt median; dark rows=881
fajr,2018-07-21,02:52,0,40.424604,-3.560279,0.0,Zamorano J. et al. (2019). TESS-W sky brightness network. Zenodo monthly archives. https://zenodo.org/records/3378728. CC0 1.0.,TESS station stars1; photometric inflection method; night median MSAS=18.16; MSAS at inflection=18.26; depression=19.60°; smoothing=5-pt median; dark rows=883
fajr,2018-07-23,03:10,0,40.424604,-3.560279,0.0,Zamorano J. et al. (2019). TESS-W sky brightness network. Zenodo monthly archives. https://zenodo.org/records/3378728. CC0 1.0.,TESS station stars1; photometric inflection method; night median MSAS=18.25; MSAS at inflection=18.42; depression=17.69°; smoothing=5-pt median; dark rows=891
fajr,2018-07-24,04:00,0,40.424604,-3.560279,0.0,Zamorano J. et al. (2019). TESS-W sky brightness network. Zenodo monthly archives. https://zenodo.org/records/3378728. CC0 1.0.,TESS station stars1; photometric inflection method; night median MSAS=18.16; MSAS at inflection=17.90; depression=10.98°; smoothing=5-pt median; dark rows=888
isha,2018-07-24,21:05,0,40.424604,-3.560279,0.0,Zamorano J. et al. (2019). TESS-W sky brightness network. Zenodo monthly archives. https://zenodo.org/records/3378728. CC0 1.0.,TESS station stars1; photometric inflection method; night median MSAS=18.23; MSAS at inflection=17.97; depression=14.61°; smoothing=5-pt median; dark rows=896
fajr,2018-07-25,03:45,0,40.424604,-3.560279,0.0,Zamorano J. et al. (2019). TESS-W sky brightness network. Zenodo monthly archives. https://zenodo.org/records/3378728. CC0 1.0.,TESS station stars1; photometric inflection method; night median MSAS=18.23; MSAS at inflection=18.43; depression=13.30°; smoothing=5-pt median; dark rows=896
isha,2018-07-26,20:28,0,40.424604,-3.560279,0.0,Zamorano J. et al. (2019). TESS-W sky brightness network. Zenodo monthly archives. https://zenodo.org/records/3378728. CC0 1.0.,TESS station stars1; photometric inflection method; night median MSAS=17.85; MSAS at inflection=16.97; depression=9.56°; smoothing=5-pt median; dark rows=901
fajr,2018-07-27,04:16,0,40.424604,-3.560279,0.0,Zamorano J. et al. (2019). TESS-W sky brightness network. Zenodo monthly archives. https://zenodo.org/records/3378728. CC0 1.0.,TESS station stars1; photometric inflection method; night median MSAS=17.85; MSAS at inflection=16.88; depression=9.13°; smoothing=5-pt median; dark rows=901
isha,2018-07-27,20:43,0,40.424604,-3.560279,0.0,Zamorano J. et al. (2019). TESS-W sky brightness network. Zenodo monthly archives. https://zenodo.org/records/3378728. CC0 1.0.,TESS station stars1; photometric inflection method; night median MSAS=17.79; MSAS at inflection=18.03; depression=12.02°; smoothing=5-pt median; dark rows=901
fajr,2018-07-28,04:23,0,40.424604,-3.560279,0.0,Zamorano J. et al. (2019). TESS-W sky brightness network. Zenodo monthly archives. https://zenodo.org/records/3378728. CC0 1.0.,TESS station stars1; photometric inflection method; night median MSAS=17.79; MSAS at inflection=16.11; depression=8.11°; smoothing=5-pt median; dark rows=901
isha,2018-07-28,21:35,0,40.424604,-3.560279,0.0,Zamorano J. et al. (2019). TESS-W sky brightness network. Zenodo monthly archives. https://zenodo.org/records/3378728. CC0 1.0.,TESS station stars1; photometric inflection method; night median MSAS=18.02; MSAS at inflection=18.03; depression=19.34°; smoothing=5-pt median; dark rows=905
fajr,2018-07-29,04:24,0,40.424604,-3.560279,0.0,Zamorano J. et al. (2019). TESS-W sky brightness network. Zenodo monthly archives. https://zenodo.org/records/3378728. CC0 1.0.,TESS station stars1; photometric inflection method; night median MSAS=18.02; MSAS at inflection=16.07; depression=8.18°; smoothing=5-pt median; dark rows=905
isha,2018-07-29,20:51,0,40.424604,-3.560279,0.0,Zamorano J. et al. (2019). TESS-W sky brightness network. Zenodo monthly archives. https://zenodo.org/records/3378728. CC0 1.0.,TESS station stars1; photometric inflection method; night median MSAS=18.03; MSAS at inflection=17.92; depression=13.55°; smoothing=5-pt median; dark rows=917
fajr,2018-07-30,04:19,0,40.424604,-3.560279,0.0,Zamorano J. et al. (2019). TESS-W sky brightness network. Zenodo monthly archives. https://zenodo.org/records/3378728. CC0 1.0.,TESS station stars1; photometric inflection method; night median MSAS=18.03; MSAS at inflection=16.84; depression=9.16°; smoothing=5-pt median; dark rows=917
fajr,2018-07-31,03:21,0,40.424604,-3.560279,0.0,Zamorano J. et al. (2019). TESS-W sky brightness network. Zenodo monthly archives. https://zenodo.org/records/3378728. CC0 1.0.,TESS station stars1; photometric inflection method; night median MSAS=18.19; MSAS at inflection=18.08; depression=17.82°; smoothing=5-pt median; dark rows=919
isha,2018-07-31,21:18,0,40.424604,-3.560279,0.0,Zamorano J. et al. (2019). TESS-W sky brightness network. Zenodo monthly archives. https://zenodo.org/records/3378728. CC0 1.0.,TESS station stars1; photometric inflection method; night median MSAS=18.30; MSAS at inflection=18.33; depression=17.74°; smoothing=5-pt median; dark rows=420
isha,2018-07-10,22:03,0,38.3149,-5.28355,0.0,Zamorano J. et al. (2019). TESS-W sky brightness network. Zenodo monthly archives. https://zenodo.org/records/3378728. CC0 1.0.,TESS station stars15; photometric inflection method; night median MSAS=20.30; MSAS at inflection=20.03; depression=20.84°; smoothing=5-pt median; dark rows=444
isha,2018-07-11,20:43,0,38.3149,-5.28355,0.0,Zamorano J. et al. (2019). TESS-W sky brightness network. Zenodo monthly archives. https://zenodo.org/records/3378728. CC0 1.0.,TESS station stars15; photometric inflection method; night median MSAS=20.31; MSAS at inflection=17.91; depression=10.24°; smoothing=5-pt median; dark rows=444
fajr,2018-07-12,03:44,0,38.3149,-5.28355,0.0,Zamorano J. et al. (2019). TESS-W sky brightness network. Zenodo monthly archives. https://zenodo.org/records/3378728. CC0 1.0.,TESS station stars15; photometric inflection method; night median MSAS=20.31; MSAS at inflection=20.18; depression=13.97°; smoothing=5-pt median; dark rows=444
fajr,2018-07-15,04:08,0,38.3149,-5.28355,0.0,Zamorano J. et al. (2019). TESS-W sky brightness network. Zenodo monthly archives. https://zenodo.org/records/3378728. CC0 1.0.,TESS station stars15; photometric inflection method; night median MSAS=20.46; MSAS at inflection=18.55; depression=10.86°; smoothing=5-pt median; dark rows=371
isha,2018-07-17,20:52,0,38.3149,-5.28355,0.0,Zamorano J. et al. (2019). TESS-W sky brightness network. Zenodo monthly archives. https://zenodo.org/records/3378728. CC0 1.0.,TESS station stars15; photometric inflection method; night median MSAS=20.38; MSAS at inflection=19.15; depression=12.20°; smoothing=5-pt median; dark rows=453
isha,2018-07-19,21:15,0,38.3149,-5.28355,0.0,Zamorano J. et al. (2019). TESS-W sky brightness network. Zenodo monthly archives. https://zenodo.org/records/3378728. CC0 1.0.,TESS station stars15; photometric inflection method; night median MSAS=20.28; MSAS at inflection=19.36; depression=15.73°; smoothing=5-pt median; dark rows=460
fajr,2018-07-22,04:16,0,38.3149,-5.28355,0.0,Zamorano J. et al. (2019). TESS-W sky brightness network. Zenodo monthly archives. https://zenodo.org/records/3378728. CC0 1.0.,TESS station stars15; photometric inflection method; night median MSAS=19.70; MSAS at inflection=18.62; depression=10.50°; smoothing=5-pt median; dark rows=461
fajr,2018-07-25,04:10,0,38.3149,-5.28355,0.0,Zamorano J. et al. (2019). TESS-W sky brightness network. Zenodo monthly archives. https://zenodo.org/records/3378728. CC0 1.0.,TESS station stars15; photometric inflection method; night median MSAS=18.65; MSAS at inflection=19.40; depression=11.97°; smoothing=5-pt median; dark rows=466
fajr,2018-07-25,21:24,0,38.3149,-5.28355,0.0,Zamorano J. et al. (2019). TESS-W sky brightness network. Zenodo monthly archives. https://zenodo.org/records/3378728. CC0 1.0.,TESS station stars15; photometric inflection method; night median MSAS=18.16; MSAS at inflection=18.27; depression=18.00°; smoothing=5-pt median; dark rows=147
isha,2018-07-26,20:19,0,38.3149,-5.28355,0.0,Zamorano J. et al. (2019). TESS-W sky brightness network. Zenodo monthly archives. https://zenodo.org/records/3378728. CC0 1.0.,TESS station stars15; photometric inflection method; night median MSAS=18.06; MSAS at inflection=15.98; depression=8.20°; smoothing=5-pt median; dark rows=470
fajr,2018-07-27,04:24,0,38.3149,-5.28355,0.0,Zamorano J. et al. (2019). TESS-W sky brightness network. Zenodo monthly archives. https://zenodo.org/records/3378728. CC0 1.0.,TESS station stars15; photometric inflection method; night median MSAS=18.06; MSAS at inflection=17.85; depression=10.13°; smoothing=5-pt median; dark rows=470
isha,2018-07-27,21:32,0,38.3149,-5.28355,0.0,Zamorano J. et al. (2019). TESS-W sky brightness network. Zenodo monthly archives. https://zenodo.org/records/3378728. CC0 1.0.,TESS station stars15; photometric inflection method; night median MSAS=17.78; MSAS at inflection=20.19; depression=19.51°; smoothing=5-pt median; dark rows=465
fajr,2018-07-30,04:33,0,38.3149,-5.28355,0.0,Zamorano J. et al. (2019). TESS-W sky brightness network. Zenodo monthly archives. https://zenodo.org/records/3378728. CC0 1.0.,TESS station stars15; photometric inflection method; night median MSAS=18.11; MSAS at inflection=16.75; depression=9.16°; smoothing=5-pt median; dark rows=479
isha,2018-06-30,20:40,-7,32.223877,-110.767532,0.0,Zamorano J. et al. (2019). TESS-W sky brightness network. Zenodo monthly archives. https://zenodo.org/records/3378728. CC0 1.0.,TESS station stars19; photometric inflection method; night median MSAS=19.26; MSAS at inflection=19.98; depression=12.70°; smoothing=5-pt median; dark rows=408
isha,2018-07-01,21:38,-7,32.223877,-110.767532,0.0,Zamorano J. et al. (2019). TESS-W sky brightness network. Zenodo monthly archives. https://zenodo.org/records/3378728. CC0 1.0.,TESS station stars19; photometric inflection method; night median MSAS=19.42; MSAS at inflection=20.39; depression=21.70°; smoothing=5-pt median; dark rows=449
fajr,2018-07-02,04:06,-7,32.223877,-110.767532,0.0,Zamorano J. et al. (2019). TESS-W sky brightness network. Zenodo monthly archives. https://zenodo.org/records/3378728. CC0 1.0.,TESS station stars19; photometric inflection method; night median MSAS=19.42; MSAS at inflection=18.63; depression=13.85°; smoothing=5-pt median; dark rows=449
isha,2018-07-02,20:32,-7,32.223877,-110.767532,0.0,Zamorano J. et al. (2019). TESS-W sky brightness network. Zenodo monthly archives. https://zenodo.org/records/3378728. CC0 1.0.,TESS station stars19; photometric inflection method; night median MSAS=19.78; MSAS at inflection=19.36; depression=11.30°; smoothing=5-pt median; dark rows=423
fajr,2018-07-06,03:25,-7,32.223877,-110.767532,0.0,Zamorano J. et al. (2019). TESS-W sky brightness network. Zenodo monthly archives. https://zenodo.org/records/3378728. CC0 1.0.,TESS station stars19; photometric inflection method; night median MSAS=19.90; MSAS at inflection=19.81; depression=20.62°; smoothing=5-pt median; dark rows=452
fajr,2018-07-07,04:18,-7,32.223877,-110.767532,0.0,Zamorano J. et al. (2019). TESS-W sky brightness network. Zenodo monthly archives. https://zenodo.org/records/3378728. CC0 1.0.,TESS station stars19; photometric inflection method; night median MSAS=20.24; MSAS at inflection=19.37; depression=12.39°; smoothing=5-pt median; dark rows=454
isha,2018-07-12,20:09,-7,32.223877,-110.767532,0.0,Zamorano J. et al. (2019). TESS-W sky brightness network. Zenodo monthly archives. https://zenodo.org/records/3378728. CC0 1.0.,TESS station stars19; photometric inflection method; night median MSAS=18.80; MSAS at inflection=16.37; depression=7.83°; smoothing=5-pt median; dark rows=447
fajr,2018-07-13,04:44,-7,32.223877,-110.767532,0.0,Zamorano J. et al. (2019). TESS-W sky brightness network. Zenodo monthly archives. https://zenodo.org/records/3378728. CC0 1.0.,TESS station stars19; photometric inflection method; night median MSAS=18.80; MSAS at inflection=16.82; depression=8.41°; smoothing=5-pt median; dark rows=447
isha,2018-07-14,21:33,-7,32.223877,-110.767532,0.0,Zamorano J. et al. (2019). TESS-W sky brightness network. Zenodo monthly archives. https://zenodo.org/records/3378728. CC0 1.0.,TESS station stars19; photometric inflection method; night median MSAS=19.28; MSAS at inflection=19.28; depression=21.88°; smoothing=5-pt median; dark rows=447
fajr,2018-07-15,04:42,-7,32.223877,-110.767532,0.0,Zamorano J. et al. (2019). TESS-W sky brightness network. Zenodo monthly archives. https://zenodo.org/records/3378728. CC0 1.0.,TESS station stars19; photometric inflection method; night median MSAS=19.28; MSAS at inflection=17.37; depression=9.09°; smoothing=5-pt median; dark rows=447
isha,2018-07-17,21:10,-7,32.223877,-110.767532,0.0,Zamorano J. et al. (2019). TESS-W sky brightness network. Zenodo monthly archives. https://zenodo.org/records/3378728. CC0 1.0.,TESS station stars19; photometric inflection method; night median MSAS=19.67; MSAS at inflection=17.42; depression=18.62°; smoothing=5-pt median; dark rows=407
fajr,2018-07-19,04:43,-7,32.223877,-110.767532,0.0,Zamorano J. et al. (2019). TESS-W sky brightness network. Zenodo monthly archives. https://zenodo.org/records/3378728. CC0 1.0.,TESS station stars19; photometric inflection method; night median MSAS=20.35; MSAS at inflection=18.05; depression=9.42°; smoothing=5-pt median; dark rows=451
isha,2018-07-19,20:55,-7,32.223877,-110.767532,0.0,Zamorano J. et al. (2019). TESS-W sky brightness network. Zenodo monthly archives. https://zenodo.org/records/3378728. CC0 1.0.,TESS station stars19; photometric inflection method; night median MSAS=19.31; MSAS at inflection=17.17; depression=16.46°; smoothing=5-pt median; dark rows=431
fajr,2018-07-20,04:24,-7,32.223877,-110.767532,0.0,Zamorano J. et al. (2019). TESS-W sky brightness network. Zenodo monthly archives. https://zenodo.org/records/3378728. CC0 1.0.,TESS station stars19; photometric inflection method; night median MSAS=19.31; MSAS at inflection=20.26; depression=12.87°; smoothing=5-pt median; dark rows=431
fajr,2018-07-21,04:44,-7,32.223877,-110.767532,0.0,Zamorano J. et al. (2019). TESS-W sky brightness network. Zenodo monthly archives. https://zenodo.org/records/3378728. CC0 1.0.,TESS station stars19; photometric inflection method; night median MSAS=17.68; MSAS at inflection=17.40; depression=9.54°; smoothing=5-pt median; dark rows=452
isha,2018-07-21,21:20,-7,32.223877,-110.767532,0.0,Zamorano J. et al. (2019). TESS-W sky brightness network. Zenodo monthly archives. https://zenodo.org/records/3378728. CC0 1.0.,TESS station stars19; photometric inflection method; night median MSAS=19.60; MSAS at inflection=17.36; depression=20.69°; smoothing=5-pt median; dark rows=474
fajr,2018-07-22,03:41,-7,32.223877,-110.767532,0.0,Zamorano J. et al. (2019). TESS-W sky brightness network. Zenodo monthly archives. https://zenodo.org/records/3378728. CC0 1.0.,TESS station stars19; photometric inflection method; night median MSAS=19.60; MSAS at inflection=20.55; depression=20.30°; smoothing=5-pt median; dark rows=474
isha,2018-07-23,20:35,-7,32.223877,-110.767532,0.0,Zamorano J. et al. (2019). TESS-W sky brightness network. Zenodo monthly archives. https://zenodo.org/records/3378728. CC0 1.0.,TESS station stars19; photometric inflection method; night median MSAS=18.70; MSAS at inflection=18.58; depression=13.49°; smoothing=5-pt median; dark rows=435
fajr,2018-07-24,04:55,-7,32.223877,-110.767532,0.0,Zamorano J. et al. (2019). TESS-W sky brightness network. Zenodo monthly archives. https://zenodo.org/records/3378728. CC0 1.0.,TESS station stars19; photometric inflection method; night median MSAS=18.70; MSAS at inflection=16.50; depression=7.88°; smoothing=5-pt median; dark rows=435
isha,2018-07-24,20:34,-7,32.223877,-110.767532,0.0,Zamorano J. et al. (2019). TESS-W sky brightness network. Zenodo monthly archives. https://zenodo.org/records/3378728. CC0 1.0.,TESS station stars19; photometric inflection method; night median MSAS=18.76; MSAS at inflection=17.61; depression=13.56°; smoothing=5-pt median; dark rows=489
fajr,2018-07-28,04:49,-7,32.223877,-110.767532,0.0,Zamorano J. et al. (2019). TESS-W sky brightness network. Zenodo monthly archives. https://zenodo.org/records/3378728. CC0 1.0.,TESS station stars19; photometric inflection method; night median MSAS=20.67; MSAS at inflection=20.97; depression=9.60°; smoothing=5-pt median; dark rows=437
isha,2018-07-29,21:04,-7,32.223877,-110.767532,0.0,Zamorano J. et al. (2019). TESS-W sky brightness network. Zenodo monthly archives. https://zenodo.org/records/3378728. CC0 1.0.,TESS station stars19; photometric inflection method; night median MSAS=17.57; MSAS at inflection=18.91; depression=19.45°; smoothing=5-pt median; dark rows=486
fajr,2018-07-30,04:48,-7,32.223877,-110.767532,0.0,Zamorano J. et al. (2019). TESS-W sky brightness network. Zenodo monthly archives. https://zenodo.org/records/3378728. CC0 1.0.,TESS station stars19; photometric inflection method; night median MSAS=17.57; MSAS at inflection=17.07; depression=9.97°; smoothing=5-pt median; dark rows=486
isha,2018-07-01,02:08,0,41.001299,-2.492408,0.0,Zamorano J. et al. (2019). TESS-W sky brightness network. Zenodo monthly archives. https://zenodo.org/records/3378728. CC0 1.0.,TESS station stars2; photometric inflection method; night median MSAS=18.14; MSAS at inflection=17.89; depression=20.53°; smoothing=5-pt median; dark rows=203
fajr,2018-07-01,02:48,0,41.001299,-2.492408,0.0,Zamorano J. et al. (2019). TESS-W sky brightness network. Zenodo monthly archives. https://zenodo.org/records/3378728. CC0 1.0.,TESS station stars2; photometric inflection method; night median MSAS=18.14; MSAS at inflection=17.78; depression=16.53°; smoothing=5-pt median; dark rows=203
fajr,2018-07-02,03:01,0,41.001299,-2.492408,0.0,Zamorano J. et al. (2019). TESS-W sky brightness network. Zenodo monthly archives. https://zenodo.org/records/3378728. CC0 1.0.,TESS station stars2; photometric inflection method; night median MSAS=20.02; MSAS at inflection=18.43; depression=15.05°; smoothing=5-pt median; dark rows=394
isha,2018-07-02,20:50,0,41.001299,-2.492408,0.0,Zamorano J. et al. (2019). TESS-W sky brightness network. Zenodo monthly archives. https://zenodo.org/records/3378728. CC0 1.0.,TESS station stars2; photometric inflection method; night median MSAS=20.24; MSAS at inflection=18.67; depression=10.53°; smoothing=5-pt median; dark rows=388
fajr,2018-07-03,03:35,0,41.001299,-2.492408,0.0,Zamorano J. et al. (2019). TESS-W sky brightness network. Zenodo monthly archives. https://zenodo.org/records/3378728. CC0 1.0.,TESS station stars2; photometric inflection method; night median MSAS=20.24; MSAS at inflection=18.07; depression=10.87°; smoothing=5-pt median; dark rows=388
isha,2018-07-05,20:59,0,41.001299,-2.492408,0.0,Zamorano J. et al. (2019). TESS-W sky brightness network. Zenodo monthly archives. https://zenodo.org/records/3378728. CC0 1.0.,TESS station stars2; photometric inflection method; night median MSAS=21.01; MSAS at inflection=19.53; depression=11.84°; smoothing=5-pt median; dark rows=397
fajr,2018-07-06,03:35,0,41.001299,-2.492408,0.0,Zamorano J. et al. (2019). TESS-W sky brightness network. Zenodo monthly archives. https://zenodo.org/records/3378728. CC0 1.0.,TESS station stars2; photometric inflection method; night median MSAS=21.01; MSAS at inflection=18.85; depression=11.13°; smoothing=5-pt median; dark rows=397
isha,2018-07-06,20:51,0,41.001299,-2.492408,0.0,Zamorano J. et al. (2019). TESS-W sky brightness network. Zenodo monthly archives. https://zenodo.org/records/3378728. CC0 1.0.,TESS station stars2; photometric inflection method; night median MSAS=21.02; MSAS at inflection=18.70; depression=10.76°; smoothing=5-pt median; dark rows=400
fajr,2018-07-11,03:32,0,41.001299,-2.492408,0.0,Zamorano J. et al. (2019). TESS-W sky brightness network. Zenodo monthly archives. https://zenodo.org/records/3378728. CC0 1.0.,TESS station stars2; photometric inflection method; night median MSAS=20.99; MSAS at inflection=19.60; depression=12.06°; smoothing=5-pt median; dark rows=396
isha,2018-07-11,20:58,0,41.001299,-2.492408,0.0,Zamorano J. et al. (2019). TESS-W sky brightness network. Zenodo monthly archives. https://zenodo.org/records/3378728. CC0 1.0.,TESS station stars2; photometric inflection method; night median MSAS=21.31; MSAS at inflection=19.86; depression=12.10°; smoothing=5-pt median; dark rows=409
isha,2018-07-12,21:04,0,41.001299,-2.492408,0.0,Zamorano J. et al. (2019). TESS-W sky brightness network. Zenodo monthly archives. https://zenodo.org/records/3378728. CC0 1.0.,TESS station stars2; photometric inflection method; night median MSAS=21.18; MSAS at inflection=20.21; depression=13.05°; smoothing=5-pt median; dark rows=410
fajr,2018-07-13,03:22,0,41.001299,-2.492408,0.0,Zamorano J. et al. (2019). TESS-W sky brightness network. Zenodo monthly archives. https://zenodo.org/records/3378728. CC0 1.0.,TESS station stars2; photometric inflection method; night median MSAS=21.18; MSAS at inflection=20.56; depression=13.72°; smoothing=5-pt median; dark rows=410
isha,2018-07-13,21:15,0,41.001299,-2.492408,0.0,Zamorano J. et al. (2019). TESS-W sky brightness network. Zenodo monthly archives. https://zenodo.org/records/3378728. CC0 1.0.,TESS station stars2; photometric inflection method; night median MSAS=21.11; MSAS at inflection=21.02; depression=14.60°; smoothing=5-pt median; dark rows=409
isha,2018-07-21,21:50,0,41.001299,-2.492408,0.0,Zamorano J. et al. (2019). TESS-W sky brightness network. Zenodo monthly archives. https://zenodo.org/records/3378728. CC0 1.0.,TESS station stars2; photometric inflection method; night median MSAS=20.27; MSAS at inflection=20.11; depression=19.98°; smoothing=5-pt median; dark rows=412
isha,2018-07-22,20:46,0,41.001299,-2.492408,0.0,Zamorano J. et al. (2019). TESS-W sky brightness network. Zenodo monthly archives. https://zenodo.org/records/3378728. CC0 1.0.,TESS station stars2; photometric inflection method; night median MSAS=19.94; MSAS at inflection=18.53; depression=11.79°; smoothing=5-pt median; dark rows=415
isha,2018-07-23,20:35,0,41.001299,-2.492408,0.0,Zamorano J. et al. (2019). TESS-W sky brightness network. Zenodo monthly archives. https://zenodo.org/records/3378728. CC0 1.0.,TESS station stars2; photometric inflection method; night median MSAS=19.48; MSAS at inflection=17.91; depression=10.44°; smoothing=5-pt median; dark rows=414
isha,2018-07-24,20:36,0,41.001299,-2.492408,0.0,Zamorano J. et al. (2019). TESS-W sky brightness network. Zenodo monthly archives. https://zenodo.org/records/3378728. CC0 1.0.,TESS station stars2; photometric inflection method; night median MSAS=19.26; MSAS at inflection=18.15; depression=10.67°; smoothing=5-pt median; dark rows=413
fajr,2018-07-25,03:58,0,41.001299,-2.492408,0.0,Zamorano J. et al. (2019). TESS-W sky brightness network. Zenodo monthly archives. https://zenodo.org/records/3378728. CC0 1.0.,TESS station stars2; photometric inflection method; night median MSAS=19.26; MSAS at inflection=18.37; depression=10.43°; smoothing=5-pt median; dark rows=413
fajr,2018-07-25,21:50,0,41.001299,-2.492408,0.0,Zamorano J. et al. (2019). TESS-W sky brightness network. Zenodo monthly archives. https://zenodo.org/records/3378728. CC0 1.0.,TESS station stars2; photometric inflection method; night median MSAS=19.00; MSAS at inflection=19.05; depression=20.62°; smoothing=5-pt median; dark rows=136
isha,2018-07-26,20:29,0,41.001299,-2.492408,0.0,Zamorano J. et al. (2019). TESS-W sky brightness network. Zenodo monthly archives. https://zenodo.org/records/3378728. CC0 1.0.,TESS station stars2; photometric inflection method; night median MSAS=18.66; MSAS at inflection=17.79; depression=10.01°; smoothing=5-pt median; dark rows=412
fajr,2018-07-28,04:08,0,41.001299,-2.492408,0.0,Zamorano J. et al. (2019). TESS-W sky brightness network. Zenodo monthly archives. https://zenodo.org/records/3378728. CC0 1.0.,TESS station stars2; photometric inflection method; night median MSAS=18.27; MSAS at inflection=17.27; depression=9.40°; smoothing=5-pt median; dark rows=420
isha,2018-07-28,20:29,0,41.001299,-2.492408,0.0,Zamorano J. et al. (2019). TESS-W sky brightness network. Zenodo monthly archives. https://zenodo.org/records/3378728. CC0 1.0.,TESS station stars2; photometric inflection method; night median MSAS=18.61; MSAS at inflection=18.10; depression=10.33°; smoothing=5-pt median; dark rows=421
fajr,2018-07-31,04:12,0,41.001299,-2.492408,0.0,Zamorano J. et al. (2019). TESS-W sky brightness network. Zenodo monthly archives. https://zenodo.org/records/3378728. CC0 1.0.,TESS station stars2; photometric inflection method; night median MSAS=19.46; MSAS at inflection=17.12; depression=9.43°; smoothing=5-pt median; dark rows=427
fajr,2018-07-31,21:46,0,41.001299,-2.492408,0.0,Zamorano J. et al. (2019). TESS-W sky brightness network. Zenodo monthly archives. https://zenodo.org/records/3378728. CC0 1.0.,TESS station stars2; photometric inflection method; night median MSAS=20.38; MSAS at inflection=20.96; depression=21.40°; smoothing=5-pt median; dark rows=205
fajr,2018-07-01,04:22,0,38.755452,-6.984508,0.0,Zamorano J. et al. (2019). TESS-W sky brightness network. Zenodo monthly archives. https://zenodo.org/records/3378728. CC0 1.0.,TESS station stars201; photometric inflection method; night median MSAS=17.93; MSAS at inflection=15.63; depression=7.88°; smoothing=5-pt median; dark rows=249
isha,2018-07-01,20:49,0,38.755452,-6.984508,0.0,Zamorano J. et al. (2019). TESS-W sky brightness network. Zenodo monthly archives. https://zenodo.org/records/3378728. CC0 1.0.,TESS station stars201; photometric inflection method; night median MSAS=18.91; MSAS at inflection=17.39; depression=9.26°; smoothing=5-pt median; dark rows=433
fajr,2018-07-02,03:03,0,38.755452,-6.984508,0.0,Zamorano J. et al. (2019). TESS-W sky brightness network. Zenodo monthly archives. https://zenodo.org/records/3378728. CC0 1.0.,TESS station stars201; photometric inflection method; night median MSAS=18.91; MSAS at inflection=17.29; depression=18.77°; smoothing=5-pt median; dark rows=433
isha,2018-07-02,20:47,0,38.755452,-6.984508,0.0,Zamorano J. et al. (2019). TESS-W sky brightness network. Zenodo monthly archives. https://zenodo.org/records/3378728. CC0 1.0.,TESS station stars201; photometric inflection method; night median MSAS=19.20; MSAS at inflection=17.05; depression=8.91°; smoothing=5-pt median; dark rows=433
isha,2018-07-03,21:53,0,38.755452,-6.984508,0.0,Zamorano J. et al. (2019). TESS-W sky brightness network. Zenodo monthly archives. https://zenodo.org/records/3378728. CC0 1.0.,TESS station stars201; photometric inflection method; night median MSAS=19.38; MSAS at inflection=20.33; depression=17.96°; smoothing=5-pt median; dark rows=434
fajr,2018-07-04,03:30,0,38.755452,-6.984508,0.0,Zamorano J. et al. (2019). TESS-W sky brightness network. Zenodo monthly archives. https://zenodo.org/records/3378728. CC0 1.0.,TESS station stars201; photometric inflection method; night median MSAS=19.38; MSAS at inflection=18.78; depression=15.60°; smoothing=5-pt median; dark rows=434
isha,2018-07-06,21:19,0,38.755452,-6.984508,0.0,Zamorano J. et al. (2019). TESS-W sky brightness network. Zenodo monthly archives. https://zenodo.org/records/3378728. CC0 1.0.,TESS station stars201; photometric inflection method; night median MSAS=19.79; MSAS at inflection=19.96; depression=13.77°; smoothing=5-pt median; dark rows=439
fajr,2018-07-07,03:58,0,38.755452,-6.984508,0.0,Zamorano J. et al. (2019). TESS-W sky brightness network. Zenodo monthly archives. https://zenodo.org/records/3378728. CC0 1.0.,TESS station stars201; photometric inflection method; night median MSAS=19.79; MSAS at inflection=19.06; depression=12.09°; smoothing=5-pt median; dark rows=439
isha,2018-07-09,21:10,0,38.755452,-6.984508,0.0,Zamorano J. et al. (2019). TESS-W sky brightness network. Zenodo monthly archives. https://zenodo.org/records/3378728. CC0 1.0.,TESS station stars201; photometric inflection method; night median MSAS=20.98; MSAS at inflection=19.90; depression=12.71°; smoothing=5-pt median; dark rows=441
fajr,2018-07-10,03:55,0,38.755452,-6.984508,0.0,Zamorano J. et al. (2019). TESS-W sky brightness network. Zenodo monthly archives. https://zenodo.org/records/3378728. CC0 1.0.,TESS station stars201; photometric inflection method; night median MSAS=20.98; MSAS at inflection=20.10; depression=12.87°; smoothing=5-pt median; dark rows=441
fajr,2018-07-13,03:55,0,38.755452,-6.984508,0.0,Zamorano J. et al. (2019). TESS-W sky brightness network. Zenodo monthly archives. https://zenodo.org/records/3378728. CC0 1.0.,TESS station stars201; photometric inflection method; night median MSAS=20.95; MSAS at inflection=20.25; depression=13.13°; smoothing=5-pt median; dark rows=446
isha,2018-07-13,20:57,0,38.755452,-6.984508,0.0,Zamorano J. et al. (2019). TESS-W sky brightness network. Zenodo monthly archives. https://zenodo.org/records/3378728. CC0 1.0.,TESS station stars201; photometric inflection method; night median MSAS=20.88; MSAS at inflection=18.90; depression=11.13°; smoothing=5-pt median; dark rows=447
fajr,2018-07-15,03:31,0,38.755452,-6.984508,0.0,Zamorano J. et al. (2019). TESS-W sky brightness network. Zenodo monthly archives. https://zenodo.org/records/3378728. CC0 1.0.,TESS station stars201; photometric inflection method; night median MSAS=20.94; MSAS at inflection=20.99; depression=16.75°; smoothing=5-pt median; dark rows=448
fajr,2018-07-17,04:06,0,38.755452,-6.984508,0.0,Zamorano J. et al. (2019). TESS-W sky brightness network. Zenodo monthly archives. https://zenodo.org/records/3378728. CC0 1.0.,TESS station stars201; photometric inflection method; night median MSAS=20.94; MSAS at inflection=19.59; depression=12.07°; smoothing=5-pt median; dark rows=451
isha,2018-07-17,21:06,0,38.755452,-6.984508,0.0,Zamorano J. et al. (2019). TESS-W sky brightness network. Zenodo monthly archives. https://zenodo.org/records/3378728. CC0 1.0.,TESS station stars201; photometric inflection method; night median MSAS=20.88; MSAS at inflection=19.84; depression=12.91°; smoothing=5-pt median; dark rows=453
isha,2018-07-18,22:09,0,38.755452,-6.984508,0.0,Zamorano J. et al. (2019). TESS-W sky brightness network. Zenodo monthly archives. https://zenodo.org/records/3378728. CC0 1.0.,TESS station stars201; photometric inflection method; night median MSAS=20.89; MSAS at inflection=20.52; depression=21.41°; smoothing=5-pt median; dark rows=456
fajr,2018-07-19,04:14,0,38.755452,-6.984508,0.0,Zamorano J. et al. (2019). TESS-W sky brightness network. Zenodo monthly archives. https://zenodo.org/records/3378728. CC0 1.0.,TESS station stars201; photometric inflection method; night median MSAS=20.89; MSAS at inflection=18.87; depression=11.25°; smoothing=5-pt median; dark rows=456
isha,2018-07-19,21:19,0,38.755452,-6.984508,0.0,Zamorano J. et al. (2019). TESS-W sky brightness network. Zenodo monthly archives. https://zenodo.org/records/3378728. CC0 1.0.,TESS station stars201; photometric inflection method; night median MSAS=20.80; MSAS at inflection=19.90; depression=15.07°; smoothing=5-pt median; dark rows=456
fajr,2018-07-21,03:45,0,38.755452,-6.984508,0.0,Zamorano J. et al. (2019). TESS-W sky brightness network. Zenodo monthly archives. https://zenodo.org/records/3378728. CC0 1.0.,TESS station stars201; photometric inflection method; night median MSAS=20.45; MSAS at inflection=20.99; depression=15.79°; smoothing=5-pt median; dark rows=454
isha,2018-07-21,20:49,0,38.755452,-6.984508,0.0,Zamorano J. et al. (2019). TESS-W sky brightness network. Zenodo monthly archives. https://zenodo.org/records/3378728. CC0 1.0.,TESS station stars201; photometric inflection method; night median MSAS=20.14; MSAS at inflection=18.15; depression=10.85°; smoothing=5-pt median; dark rows=461
isha,2018-07-23,20:49,0,38.755452,-6.984508,0.0,Zamorano J. et al. (2019). TESS-W sky brightness network. Zenodo monthly archives. https://zenodo.org/records/3378728. CC0 1.0.,TESS station stars201; photometric inflection method; night median MSAS=19.43; MSAS at inflection=18.06; depression=11.19°; smoothing=5-pt median; dark rows=465
isha,2018-07-24,20:43,0,38.755452,-6.984508,0.0,Zamorano J. et al. (2019). TESS-W sky brightness network. Zenodo monthly archives. https://zenodo.org/records/3378728. CC0 1.0.,TESS station stars201; photometric inflection method; night median MSAS=19.05; MSAS at inflection=17.56; depression=10.34°; smoothing=5-pt median; dark rows=467
fajr,2018-07-25,03:45,0,38.755452,-6.984508,0.0,Zamorano J. et al. (2019). TESS-W sky brightness network. Zenodo monthly archives. https://zenodo.org/records/3378728. CC0 1.0.,TESS station stars201; photometric inflection method; night median MSAS=19.05; MSAS at inflection=21.17; depression=16.40°; smoothing=5-pt median; dark rows=467
fajr,2018-07-25,22:02,0,38.755452,-6.984508,0.0,Zamorano J. et al. (2019). TESS-W sky brightness network. Zenodo monthly archives. https://zenodo.org/records/3378728. CC0 1.0.,TESS station stars201; photometric inflection method; night median MSAS=18.59; MSAS at inflection=18.61; depression=21.75°; smoothing=5-pt median; dark rows=140
fajr,2018-07-28,04:20,0,38.755452,-6.984508,0.0,Zamorano J. et al. (2019). TESS-W sky brightness network. Zenodo monthly archives. https://zenodo.org/records/3378728. CC0 1.0.,TESS station stars201; photometric inflection method; night median MSAS=18.15; MSAS at inflection=18.43; depression=11.79°; smoothing=5-pt median; dark rows=473
fajr,2018-07-29,04:24,0,38.755452,-6.984508,0.0,Zamorano J. et al. (2019). TESS-W sky brightness network. Zenodo monthly archives. https://zenodo.org/records/3378728. CC0 1.0.,TESS station stars201; photometric inflection method; night median MSAS=18.38; MSAS at inflection=18.17; depression=11.21°; smoothing=5-pt median; dark rows=475
isha,2018-07-29,20:28,0,38.755452,-6.984508,0.0,Zamorano J. et al. (2019). TESS-W sky brightness network. Zenodo monthly archives. https://zenodo.org/records/3378728. CC0 1.0.,TESS station stars201; photometric inflection method; night median MSAS=18.38; MSAS at inflection=16.47; depression=8.77°; smoothing=5-pt median; dark rows=476
fajr,2018-07-30,04:30,0,38.755452,-6.984508,0.0,Zamorano J. et al. (2019). TESS-W sky brightness network. Zenodo monthly archives. https://zenodo.org/records/3378728. CC0 1.0.,TESS station stars201; photometric inflection method; night median MSAS=18.38; MSAS at inflection=17.78; depression=10.53°; smoothing=5-pt median; dark rows=476
fajr,2018-07-31,03:26,0,38.755452,-6.984508,0.0,Zamorano J. et al. (2019). TESS-W sky brightness network. Zenodo monthly archives. https://zenodo.org/records/3378728. CC0 1.0.,TESS station stars201; photometric inflection method; night median MSAS=18.66; MSAS at inflection=18.19; depression=20.14°; smoothing=5-pt median; dark rows=479
fajr,2018-07-01,03:15,0,39.322867,-4.950505,0.0,Zamorano J. et al. (2019). TESS-W sky brightness network. Zenodo monthly archives. https://zenodo.org/records/3378728. CC0 1.0.,TESS station stars202; photometric inflection method; night median MSAS=18.79; MSAS at inflection=18.76; depression=15.82°; smoothing=5-pt median; dark rows=237
isha,2018-07-01,20:57,0,39.322867,-4.950505,0.0,Zamorano J. et al. (2019). TESS-W sky brightness network. Zenodo monthly archives. https://zenodo.org/records/3378728. CC0 1.0.,TESS station stars202; photometric inflection method; night median MSAS=19.43; MSAS at inflection=19.37; depression=11.24°; smoothing=5-pt median; dark rows=429
isha,2018-07-02,21:24,0,39.322867,-4.950505,0.0,Zamorano J. et al. (2019). TESS-W sky brightness network. Zenodo monthly archives. https://zenodo.org/records/3378728. CC0 1.0.,TESS station stars202; photometric inflection method; night median MSAS=19.96; MSAS at inflection=21.42; depression=14.94°; smoothing=5-pt median; dark rows=427
isha,2018-07-05,20:52,0,39.322867,-4.950505,0.0,Zamorano J. et al. (2019). TESS-W sky brightness network. Zenodo monthly archives. https://zenodo.org/records/3378728. CC0 1.0.,TESS station stars202; photometric inflection method; night median MSAS=20.97; MSAS at inflection=18.60; depression=10.64°; smoothing=5-pt median; dark rows=433
fajr,2018-07-06,03:52,0,39.322867,-4.950505,0.0,Zamorano J. et al. (2019). TESS-W sky brightness network. Zenodo monthly archives. https://zenodo.org/records/3378728. CC0 1.0.,TESS station stars202; photometric inflection method; night median MSAS=20.97; MSAS at inflection=18.75; depression=11.18°; smoothing=5-pt median; dark rows=433
fajr,2018-07-11,03:55,0,39.322867,-4.950505,0.0,Zamorano J. et al. (2019). TESS-W sky brightness network. Zenodo monthly archives. https://zenodo.org/records/3378728. CC0 1.0.,TESS station stars202; photometric inflection method; night median MSAS=21.32; MSAS at inflection=19.28; depression=11.31°; smoothing=5-pt median; dark rows=438
isha,2018-07-12,20:57,0,39.322867,-4.950505,0.0,Zamorano J. et al. (2019). TESS-W sky brightness network. Zenodo monthly archives. https://zenodo.org/records/3378728. CC0 1.0.,TESS station stars202; photometric inflection method; night median MSAS=21.36; MSAS at inflection=19.61; depression=11.86°; smoothing=5-pt median; dark rows=441
fajr,2018-07-14,03:13,0,39.322867,-4.950505,0.0,Zamorano J. et al. (2019). TESS-W sky brightness network. Zenodo monthly archives. https://zenodo.org/records/3378728. CC0 1.0.,TESS station stars202; photometric inflection method; night median MSAS=21.27; MSAS at inflection=21.37; depression=17.44°; smoothing=5-pt median; dark rows=443
isha,2018-07-14,20:57,0,39.322867,-4.950505,0.0,Zamorano J. et al. (2019). TESS-W sky brightness network. Zenodo monthly archives. https://zenodo.org/records/3378728. CC0 1.0.,TESS station stars202; photometric inflection method; night median MSAS=21.39; MSAS at inflection=19.61; depression=12.02°; smoothing=5-pt median; dark rows=288
fajr,2018-07-15,03:55,0,39.322867,-4.950505,0.0,Zamorano J. et al. (2019). TESS-W sky brightness network. Zenodo monthly archives. https://zenodo.org/records/3378728. CC0 1.0.,TESS station stars202; photometric inflection method; night median MSAS=21.39; MSAS at inflection=19.66; depression=11.94°; smoothing=5-pt median; dark rows=288
fajr,2018-07-16,03:34,0,39.322867,-4.950505,0.0,Zamorano J. et al. (2019). TESS-W sky brightness network. Zenodo monthly archives. https://zenodo.org/records/3378728. CC0 1.0.,TESS station stars202; photometric inflection method; night median MSAS=21.33; MSAS at inflection=21.20; depression=14.98°; smoothing=5-pt median; dark rows=446
isha,2018-07-17,21:34,0,39.322867,-4.950505,0.0,Zamorano J. et al. (2019). TESS-W sky brightness network. Zenodo monthly archives. https://zenodo.org/records/3378728. CC0 1.0.,TESS station stars202; photometric inflection method; night median MSAS=21.32; MSAS at inflection=21.15; depression=17.46°; smoothing=5-pt median; dark rows=449
fajr,2018-07-18,03:46,0,39.322867,-4.950505,0.0,Zamorano J. et al. (2019). TESS-W sky brightness network. Zenodo monthly archives. https://zenodo.org/records/3378728. CC0 1.0.,TESS station stars202; photometric inflection method; night median MSAS=21.32; MSAS at inflection=20.74; depression=13.62°; smoothing=5-pt median; dark rows=449
isha,2018-07-20,20:54,0,39.322867,-4.950505,0.0,Zamorano J. et al. (2019). TESS-W sky brightness network. Zenodo monthly archives. https://zenodo.org/records/3378728. CC0 1.0.,TESS station stars202; photometric inflection method; night median MSAS=20.75; MSAS at inflection=19.09; depression=12.39°; smoothing=5-pt median; dark rows=454
fajr,2018-07-22,04:02,0,39.322867,-4.950505,0.0,Zamorano J. et al. (2019). TESS-W sky brightness network. Zenodo monthly archives. https://zenodo.org/records/3378728. CC0 1.0.,TESS station stars202; photometric inflection method; night median MSAS=19.75; MSAS at inflection=19.49; depression=11.87°; smoothing=5-pt median; dark rows=457
isha,2018-07-26,20:37,0,39.322867,-4.950505,0.0,Zamorano J. et al. (2019). TESS-W sky brightness network. Zenodo monthly archives. https://zenodo.org/records/3378728. CC0 1.0.,TESS station stars202; photometric inflection method; night median MSAS=18.60; MSAS at inflection=18.19; depression=10.71°; smoothing=5-pt median; dark rows=467
isha,2018-07-27,21:55,0,39.322867,-4.950505,0.0,Zamorano J. et al. (2019). TESS-W sky brightness network. Zenodo monthly archives. https://zenodo.org/records/3378728. CC0 1.0.,TESS station stars202; photometric inflection method; night median MSAS=18.31; MSAS at inflection=19.77; depression=21.79°; smoothing=5-pt median; dark rows=469
fajr,2018-07-28,04:19,0,39.322867,-4.950505,0.0,Zamorano J. et al. (2019). TESS-W sky brightness network. Zenodo monthly archives. https://zenodo.org/records/3378728. CC0 1.0.,TESS station stars202; photometric inflection method; night median MSAS=18.31; MSAS at inflection=17.98; depression=10.19°; smoothing=5-pt median; dark rows=469
isha,2018-07-28,21:25,0,39.322867,-4.950505,0.0,Zamorano J. et al. (2019). TESS-W sky brightness network. Zenodo monthly archives. https://zenodo.org/records/3378728. CC0 1.0.,TESS station stars202; photometric inflection method; night median MSAS=18.59; MSAS at inflection=19.63; depression=18.15°; smoothing=5-pt median; dark rows=471
isha,2018-07-29,20:21,0,39.322867,-4.950505,0.0,Zamorano J. et al. (2019). TESS-W sky brightness network. Zenodo monthly archives. https://zenodo.org/records/3378728. CC0 1.0.,TESS station stars202; photometric inflection method; night median MSAS=18.51; MSAS at inflection=16.50; depression=8.66°; smoothing=5-pt median; dark rows=473
fajr,2018-07-30,04:29,0,39.322867,-4.950505,0.0,Zamorano J. et al. (2019). TESS-W sky brightness network. Zenodo monthly archives. https://zenodo.org/records/3378728. CC0 1.0.,TESS station stars202; photometric inflection method; night median MSAS=18.51; MSAS at inflection=16.71; depression=8.95°; smoothing=5-pt median; dark rows=473
isha,2018-07-30,20:28,0,39.322867,-4.950505,0.0,Zamorano J. et al. (2019). TESS-W sky brightness network. Zenodo monthly archives. https://zenodo.org/records/3378728. CC0 1.0.,TESS station stars202; photometric inflection method; night median MSAS=18.88; MSAS at inflection=17.60; depression=9.94°; smoothing=5-pt median; dark rows=474
fajr,2018-07-01,03:49,-1,27.900833,-15.514722,0.0,Zamorano J. et al. (2019). TESS-W sky brightness network. Zenodo monthly archives. https://zenodo.org/records/3378728. CC0 1.0.,TESS station stars24; photometric inflection method; night median MSAS=18.27; MSAS at inflection=18.48; depression=15.78°; smoothing=5-pt median; dark rows=321
fajr,2018-07-03,03:37,-1,27.900833,-15.514722,0.0,Zamorano J. et al. (2019). TESS-W sky brightness network. Zenodo monthly archives. https://zenodo.org/records/3378728. CC0 1.0.,TESS station stars24; photometric inflection method; night median MSAS=19.02; MSAS at inflection=18.08; depression=18.09°; smoothing=5-pt median; dark rows=476
isha,2018-07-03,20:14,-1,27.900833,-15.514722,0.0,Zamorano J. et al. (2019). TESS-W sky brightness network. Zenodo monthly archives. https://zenodo.org/records/3378728. CC0 1.0.,TESS station stars24; photometric inflection method; night median MSAS=19.08; MSAS at inflection=19.65; depression=14.39°; smoothing=5-pt median; dark rows=511
isha,2018-07-05,19:54,-1,27.900833,-15.514722,0.0,Zamorano J. et al. (2019). TESS-W sky brightness network. Zenodo monthly archives. https://zenodo.org/records/3378728. CC0 1.0.,TESS station stars24; photometric inflection method; night median MSAS=19.77; MSAS at inflection=18.19; depression=10.89°; smoothing=5-pt median; dark rows=512
isha,2018-07-06,20:09,-1,27.900833,-15.514722,0.0,Zamorano J. et al. (2019). TESS-W sky brightness network. Zenodo monthly archives. https://zenodo.org/records/3378728. CC0 1.0.,TESS station stars24; photometric inflection method; night median MSAS=20.25; MSAS at inflection=19.86; depression=13.57°; smoothing=5-pt median; dark rows=506
fajr,2018-07-11,04:16,-1,27.900833,-15.514722,0.0,Zamorano J. et al. (2019). TESS-W sky brightness network. Zenodo monthly archives. https://zenodo.org/records/3378728. CC0 1.0.,TESS station stars24; photometric inflection method; night median MSAS=19.71; MSAS at inflection=18.94; depression=11.85°; smoothing=5-pt median; dark rows=511
isha,2018-07-13,19:52,-1,27.900833,-15.514722,0.0,Zamorano J. et al. (2019). TESS-W sky brightness network. Zenodo monthly archives. https://zenodo.org/records/3378728. CC0 1.0.,TESS station stars24; photometric inflection method; night median MSAS=19.98; MSAS at inflection=18.24; depression=10.91°; smoothing=5-pt median; dark rows=511
isha,2018-07-15,20:41,-1,27.900833,-15.514722,0.0,Zamorano J. et al. (2019). TESS-W sky brightness network. Zenodo monthly archives. https://zenodo.org/records/3378728. CC0 1.0.,TESS station stars24; photometric inflection method; night median MSAS=20.41; MSAS at inflection=20.23; depression=19.91°; smoothing=5-pt median; dark rows=492
fajr,2018-07-16,04:19,-1,27.900833,-15.514722,0.0,Zamorano J. et al. (2019). TESS-W sky brightness network. Zenodo monthly archives. https://zenodo.org/records/3378728. CC0 1.0.,TESS station stars24; photometric inflection method; night median MSAS=20.41; MSAS at inflection=19.24; depression=11.88°; smoothing=5-pt median; dark rows=492
fajr,2018-07-25,04:42,-1,27.900833,-15.514722,0.0,Zamorano J. et al. (2019). TESS-W sky brightness network. Zenodo monthly archives. https://zenodo.org/records/3378728. CC0 1.0.,TESS station stars24; photometric inflection method; night median MSAS=18.05; MSAS at inflection=16.22; depression=8.61°; smoothing=5-pt median; dark rows=484
fajr,2018-07-25,20:33,-1,27.900833,-15.514722,0.0,Zamorano J. et al. (2019). TESS-W sky brightness network. Zenodo monthly archives. https://zenodo.org/records/3378728. CC0 1.0.,TESS station stars24; photometric inflection method; night median MSAS=17.82; MSAS at inflection=17.94; depression=19.56°; smoothing=5-pt median; dark rows=134
isha,2018-07-26,19:45,-1,27.900833,-15.514722,0.0,Zamorano J. et al. (2019). TESS-W sky brightness network. Zenodo monthly archives. https://zenodo.org/records/3378728. CC0 1.0.,TESS station stars24; photometric inflection method; night median MSAS=17.55; MSAS at inflection=17.53; depression=10.86°; smoothing=5-pt median; dark rows=1042
fajr,2018-07-27,04:03,-1,27.900833,-15.514722,0.0,Zamorano J. et al. (2019). TESS-W sky brightness network. Zenodo monthly archives. https://zenodo.org/records/3378728. CC0 1.0.,TESS station stars24; photometric inflection method; night median MSAS=17.55; MSAS at inflection=18.99; depression=16.26°; smoothing=5-pt median; dark rows=1042
isha,2018-07-01,02:25,0,40.5987,-3.157974,0.0,Zamorano J. et al. (2019). TESS-W sky brightness network. Zenodo monthly archives. https://zenodo.org/records/3378728. CC0 1.0.,TESS station stars28; photometric inflection method; night median MSAS=17.54; MSAS at inflection=17.11; depression=19.56°; smoothing=5-pt median; dark rows=174
fajr,2018-07-02,03:07,0,40.5987,-3.157974,0.0,Zamorano J. et al. (2019). TESS-W sky brightness network. Zenodo monthly archives. https://zenodo.org/records/3378728. CC0 1.0.,TESS station stars28; photometric inflection method; night median MSAS=19.20; MSAS at inflection=18.70; depression=14.97°; smoothing=5-pt median; dark rows=357
isha,2018-07-02,21:13,0,40.5987,-3.157974,0.0,Zamorano J. et al. (2019). TESS-W sky brightness network. Zenodo monthly archives. https://zenodo.org/records/3378728. CC0 1.0.,TESS station stars28; photometric inflection method; night median MSAS=19.20; MSAS at inflection=19.69; depression=13.42°; smoothing=5-pt median; dark rows=387
fajr,2018-07-03,03:49,0,40.5987,-3.157974,0.0,Zamorano J. et al. (2019). TESS-W sky brightness network. Zenodo monthly archives. https://zenodo.org/records/3378728. CC0 1.0.,TESS station stars28; photometric inflection method; night median MSAS=19.20; MSAS at inflection=16.95; depression=9.52°; smoothing=5-pt median; dark rows=387
isha,2018-07-05,21:06,0,40.5987,-3.157974,0.0,Zamorano J. et al. (2019). TESS-W sky brightness network. Zenodo monthly archives. https://zenodo.org/records/3378728. CC0 1.0.,TESS station stars28; photometric inflection method; night median MSAS=19.54; MSAS at inflection=17.63; depression=12.70°; smoothing=5-pt median; dark rows=416
fajr,2018-07-06,02:40,0,40.5987,-3.157974,0.0,Zamorano J. et al. (2019). TESS-W sky brightness network. Zenodo monthly archives. https://zenodo.org/records/3378728. CC0 1.0.,TESS station stars28; photometric inflection method; night median MSAS=19.54; MSAS at inflection=19.42; depression=18.50°; smoothing=5-pt median; dark rows=416
isha,2018-07-06,20:58,0,40.5987,-3.157974,0.0,Zamorano J. et al. (2019). TESS-W sky brightness network. Zenodo monthly archives. https://zenodo.org/records/3378728. CC0 1.0.,TESS station stars28; photometric inflection method; night median MSAS=19.40; MSAS at inflection=18.64; depression=11.64°; smoothing=5-pt median; dark rows=184
fajr,2018-07-07,03:48,0,40.5987,-3.157974,0.0,Zamorano J. et al. (2019). TESS-W sky brightness network. Zenodo monthly archives. https://zenodo.org/records/3378728. CC0 1.0.,TESS station stars28; photometric inflection method; night median MSAS=19.40; MSAS at inflection=17.80; depression=10.06°; smoothing=5-pt median; dark rows=184
fajr,2018-07-10,21:43,0,40.5987,-3.157974,0.0,Zamorano J. et al. (2019). TESS-W sky brightness network. Zenodo monthly archives. https://zenodo.org/records/3378728. CC0 1.0.,TESS station stars28; photometric inflection method; night median MSAS=19.47; MSAS at inflection=18.74; depression=17.71°; smoothing=5-pt median; dark rows=178
fajr,2018-07-11,20:44,0,40.5987,-3.157974,0.0,Zamorano J. et al. (2019). TESS-W sky brightness network. Zenodo monthly archives. https://zenodo.org/records/3378728. CC0 1.0.,TESS station stars28; photometric inflection method; night median MSAS=19.61; MSAS at inflection=17.97; depression=10.09°; smoothing=5-pt median; dark rows=42
isha,2018-07-12,20:36,0,40.5987,-3.157974,0.0,Zamorano J. et al. (2019). TESS-W sky brightness network. Zenodo monthly archives. https://zenodo.org/records/3378728. CC0 1.0.,TESS station stars28; photometric inflection method; night median MSAS=19.22; MSAS at inflection=17.01; depression=8.99°; smoothing=5-pt median; dark rows=57
isha,2018-07-13,22:15,0,40.5987,-3.157974,0.0,Zamorano J. et al. (2019). TESS-W sky brightness network. Zenodo monthly archives. https://zenodo.org/records/3378728. CC0 1.0.,TESS station stars28; photometric inflection method; night median MSAS=19.38; MSAS at inflection=18.42; depression=21.42°; smoothing=5-pt median; dark rows=120
isha,2018-07-15,21:10,0,40.5987,-3.157974,0.0,Zamorano J. et al. (2019). TESS-W sky brightness network. Zenodo monthly archives. https://zenodo.org/records/3378728. CC0 1.0.,TESS station stars28; photometric inflection method; night median MSAS=19.02; MSAS at inflection=19.72; depression=14.08°; smoothing=5-pt median; dark rows=435
isha,2018-07-16,20:43,0,40.5987,-3.157974,0.0,Zamorano J. et al. (2019). TESS-W sky brightness network. Zenodo monthly archives. https://zenodo.org/records/3378728. CC0 1.0.,TESS station stars28; photometric inflection method; night median MSAS=19.70; MSAS at inflection=18.10; depression=10.45°; smoothing=5-pt median; dark rows=406
isha,2018-07-20,20:40,0,40.5987,-3.157974,0.0,Zamorano J. et al. (2019). TESS-W sky brightness network. Zenodo monthly archives. https://zenodo.org/records/3378728. CC0 1.0.,TESS station stars28; photometric inflection method; night median MSAS=19.51; MSAS at inflection=18.09; depression=10.60°; smoothing=5-pt median; dark rows=445
isha,2018-07-22,21:56,0,40.5987,-3.157974,0.0,Zamorano J. et al. (2019). TESS-W sky brightness network. Zenodo monthly archives. https://zenodo.org/records/3378728. CC0 1.0.,TESS station stars28; photometric inflection method; night median MSAS=19.30; MSAS at inflection=18.85; depression=20.86°; smoothing=5-pt median; dark rows=392
isha,2018-07-23,20:33,0,40.5987,-3.157974,0.0,Zamorano J. et al. (2019). TESS-W sky brightness network. Zenodo monthly archives. https://zenodo.org/records/3378728. CC0 1.0.,TESS station stars28; photometric inflection method; night median MSAS=18.95; MSAS at inflection=17.43; depression=9.91°; smoothing=5-pt median; dark rows=444
isha,2018-07-24,20:30,0,40.5987,-3.157974,0.0,Zamorano J. et al. (2019). TESS-W sky brightness network. Zenodo monthly archives. https://zenodo.org/records/3378728. CC0 1.0.,TESS station stars28; photometric inflection method; night median MSAS=18.73; MSAS at inflection=17.25; depression=9.70°; smoothing=5-pt median; dark rows=183
isha,2018-07-25,20:39,0,40.5987,-3.157974,0.0,Zamorano J. et al. (2019). TESS-W sky brightness network. Zenodo monthly archives. https://zenodo.org/records/3378728. CC0 1.0.,TESS station stars28; photometric inflection method; night median MSAS=18.49; MSAS at inflection=18.24; depression=11.15°; smoothing=5-pt median; dark rows=58
fajr,2018-07-25,21:59,0,40.5987,-3.157974,0.0,Zamorano J. et al. (2019). TESS-W sky brightness network. Zenodo monthly archives. https://zenodo.org/records/3378728. CC0 1.0.,TESS station stars28; photometric inflection method; night median MSAS=18.49; MSAS at inflection=18.48; depression=21.74°; smoothing=5-pt median; dark rows=58
isha,2018-07-26,20:30,0,40.5987,-3.157974,0.0,Zamorano J. et al. (2019). TESS-W sky brightness network. Zenodo monthly archives. https://zenodo.org/records/3378728. CC0 1.0.,TESS station stars28; photometric inflection method; night median MSAS=18.23; MSAS at inflection=17.58; depression=9.96°; smoothing=5-pt median; dark rows=427
isha,2018-07-27,20:20,0,40.5987,-3.157974,0.0,Zamorano J. et al. (2019). TESS-W sky brightness network. Zenodo monthly archives. https://zenodo.org/records/3378728. CC0 1.0.,TESS station stars28; photometric inflection method; night median MSAS=18.11; MSAS at inflection=16.38; depression=8.68°; smoothing=5-pt median; dark rows=447
isha,2018-07-28,20:25,0,40.5987,-3.157974,0.0,Zamorano J. et al. (2019). TESS-W sky brightness network. Zenodo monthly archives. https://zenodo.org/records/3378728. CC0 1.0.,TESS station stars28; photometric inflection method; night median MSAS=18.44; MSAS at inflection=17.39; depression=9.61°; smoothing=5-pt median; dark rows=458
isha,2018-07-29,20:24,0,40.5987,-3.157974,0.0,Zamorano J. et al. (2019). TESS-W sky brightness network. Zenodo monthly archives. https://zenodo.org/records/3378728. CC0 1.0.,TESS station stars28; photometric inflection method; night median MSAS=18.40; MSAS at inflection=17.45; depression=9.54°; smoothing=5-pt median; dark rows=437
isha,2018-07-30,20:22,0,40.5987,-3.157974,0.0,Zamorano J. et al. (2019). TESS-W sky brightness network. Zenodo monthly archives. https://zenodo.org/records/3378728. CC0 1.0.,TESS station stars28; photometric inflection method; night median MSAS=18.72; MSAS at inflection=17.20; depression=9.45°; smoothing=5-pt median; dark rows=456
isha,2018-07-01,02:23,0,40.628752,-3.90066,0.0,Zamorano J. et al. (2019). TESS-W sky brightness network. Zenodo monthly archives. https://zenodo.org/records/3378728. CC0 1.0.,TESS station stars32; photometric inflection method; night median MSAS=18.71; MSAS at inflection=18.23; depression=20.03°; smoothing=5-pt median; dark rows=228
fajr,2018-07-02,02:23,0,40.628752,-3.90066,0.0,Zamorano J. et al. (2019). TESS-W sky brightness network. Zenodo monthly archives. https://zenodo.org/records/3378728. CC0 1.0.,TESS station stars32; photometric inflection method; night median MSAS=19.31; MSAS at inflection=19.01; depression=20.13°; smoothing=5-pt median; dark rows=414
isha,2018-07-03,21:01,0,40.628752,-3.90066,0.0,Zamorano J. et al. (2019). TESS-W sky brightness network. Zenodo monthly archives. https://zenodo.org/records/3378728. CC0 1.0.,TESS station stars32; photometric inflection method; night median MSAS=19.64; MSAS at inflection=19.19; depression=11.49°; smoothing=5-pt median; dark rows=412
isha,2018-07-05,21:19,0,40.628752,-3.90066,0.0,Zamorano J. et al. (2019). TESS-W sky brightness network. Zenodo monthly archives. https://zenodo.org/records/3378728. CC0 1.0.,TESS station stars32; photometric inflection method; night median MSAS=19.71; MSAS at inflection=19.74; depression=13.97°; smoothing=5-pt median; dark rows=417
isha,2018-07-06,21:15,0,40.628752,-3.90066,0.0,Zamorano J. et al. (2019). TESS-W sky brightness network. Zenodo monthly archives. https://zenodo.org/records/3378728. CC0 1.0.,TESS station stars32; photometric inflection method; night median MSAS=19.73; MSAS at inflection=19.71; depression=13.57°; smoothing=5-pt median; dark rows=415
fajr,2018-07-07,03:04,0,40.628752,-3.90066,0.0,Zamorano J. et al. (2019). TESS-W sky brightness network. Zenodo monthly archives. https://zenodo.org/records/3378728. CC0 1.0.,TESS station stars32; photometric inflection method; night median MSAS=19.73; MSAS at inflection=19.73; depression=16.23°; smoothing=5-pt median; dark rows=415
isha,2018-07-09,20:45,0,40.628752,-3.90066,0.0,Zamorano J. et al. (2019). TESS-W sky brightness network. Zenodo monthly archives. https://zenodo.org/records/3378728. CC0 1.0.,TESS station stars32; photometric inflection method; night median MSAS=19.78; MSAS at inflection=17.47; depression=9.66°; smoothing=5-pt median; dark rows=421
isha,2018-07-11,20:55,0,40.628752,-3.90066,0.0,Zamorano J. et al. (2019). TESS-W sky brightness network. Zenodo monthly archives. https://zenodo.org/records/3378728. CC0 1.0.,TESS station stars32; photometric inflection method; night median MSAS=20.00; MSAS at inflection=18.94; depression=11.28°; smoothing=5-pt median; dark rows=425
isha,2018-07-12,21:17,0,40.628752,-3.90066,0.0,Zamorano J. et al. (2019). TESS-W sky brightness network. Zenodo monthly archives. https://zenodo.org/records/3378728. CC0 1.0.,TESS station stars32; photometric inflection method; night median MSAS=19.74; MSAS at inflection=19.82; depression=14.29°; smoothing=5-pt median; dark rows=425
fajr,2018-07-13,03:33,0,40.628752,-3.90066,0.0,Zamorano J. et al. (2019). TESS-W sky brightness network. Zenodo monthly archives. https://zenodo.org/records/3378728. CC0 1.0.,TESS station stars32; photometric inflection method; night median MSAS=19.74; MSAS at inflection=18.58; depression=13.18°; smoothing=5-pt median; dark rows=425
isha,2018-07-14,20:44,0,40.628752,-3.90066,0.0,Zamorano J. et al. (2019). TESS-W sky brightness network. Zenodo monthly archives. https://zenodo.org/records/3378728. CC0 1.0.,TESS station stars32; photometric inflection method; night median MSAS=20.09; MSAS at inflection=17.89; depression=9.97°; smoothing=5-pt median; dark rows=391
fajr,2018-07-15,03:19,0,40.628752,-3.90066,0.0,Zamorano J. et al. (2019). TESS-W sky brightness network. Zenodo monthly archives. https://zenodo.org/records/3378728. CC0 1.0.,TESS station stars32; photometric inflection method; night median MSAS=20.09; MSAS at inflection=20.10; depression=15.39°; smoothing=5-pt median; dark rows=391
fajr,2018-07-19,03:32,0,40.628752,-3.90066,0.0,Zamorano J. et al. (2019). TESS-W sky brightness network. Zenodo monthly archives. https://zenodo.org/records/3378728. CC0 1.0.,TESS station stars32; photometric inflection method; night median MSAS=20.01; MSAS at inflection=19.93; depression=14.22°; smoothing=5-pt median; dark rows=428
isha,2018-07-19,22:06,0,40.628752,-3.90066,0.0,Zamorano J. et al. (2019). TESS-W sky brightness network. Zenodo monthly archives. https://zenodo.org/records/3378728. CC0 1.0.,TESS station stars32; photometric inflection method; night median MSAS=20.03; MSAS at inflection=19.67; depression=21.07°; smoothing=5-pt median; dark rows=441
isha,2018-07-20,21:57,0,40.628752,-3.90066,0.0,Zamorano J. et al. (2019). TESS-W sky brightness network. Zenodo monthly archives. https://zenodo.org/records/3378728. CC0 1.0.,TESS station stars32; photometric inflection method; night median MSAS=19.84; MSAS at inflection=19.61; depression=20.21°; smoothing=5-pt median; dark rows=441
fajr,2018-07-21,03:01,0,40.628752,-3.90066,0.0,Zamorano J. et al. (2019). TESS-W sky brightness network. Zenodo monthly archives. https://zenodo.org/records/3378728. CC0 1.0.,TESS station stars32; photometric inflection method; night median MSAS=19.84; MSAS at inflection=20.15; depression=18.49°; smoothing=5-pt median; dark rows=441
isha,2018-07-21,21:05,0,40.628752,-3.90066,0.0,Zamorano J. et al. (2019). TESS-W sky brightness network. Zenodo monthly archives. https://zenodo.org/records/3378728. CC0 1.0.,TESS station stars32; photometric inflection method; night median MSAS=17.97; MSAS at inflection=17.13; depression=13.79°; smoothing=5-pt median; dark rows=363
isha,2018-07-23,20:57,0,40.628752,-3.90066,0.0,Zamorano J. et al. (2019). TESS-W sky brightness network. Zenodo monthly archives. https://zenodo.org/records/3378728. CC0 1.0.,TESS station stars32; photometric inflection method; night median MSAS=19.36; MSAS at inflection=18.81; depression=12.98°; smoothing=5-pt median; dark rows=419
fajr,2018-07-25,03:35,0,40.628752,-3.90066,0.0,Zamorano J. et al. (2019). TESS-W sky brightness network. Zenodo monthly archives. https://zenodo.org/records/3378728. CC0 1.0.,TESS station stars32; photometric inflection method; night median MSAS=19.15; MSAS at inflection=20.13; depression=14.85°; smoothing=5-pt median; dark rows=451
fajr,2018-07-25,21:23,0,40.628752,-3.90066,0.0,Zamorano J. et al. (2019). TESS-W sky brightness network. Zenodo monthly archives. https://zenodo.org/records/3378728. CC0 1.0.,TESS station stars32; photometric inflection method; night median MSAS=18.73; MSAS at inflection=18.81; depression=16.97°; smoothing=5-pt median; dark rows=143
isha,2018-07-27,20:23,0,40.628752,-3.90066,0.0,Zamorano J. et al. (2019). TESS-W sky brightness network. Zenodo monthly archives. https://zenodo.org/records/3378728. CC0 1.0.,TESS station stars32; photometric inflection method; night median MSAS=18.30; MSAS at inflection=16.79; depression=8.66°; smoothing=5-pt median; dark rows=453
fajr,2018-07-31,21:46,0,40.628752,-3.90066,0.0,Zamorano J. et al. (2019). TESS-W sky brightness network. Zenodo monthly archives. https://zenodo.org/records/3378728. CC0 1.0.,TESS station stars32; photometric inflection method; night median MSAS=19.64; MSAS at inflection=19.97; depression=21.10°; smoothing=5-pt median; dark rows=212
isha,2018-07-07,00:11,1,45.93,13.91,0.0,Zamorano J. et al. (2019). TESS-W sky brightness network. Zenodo monthly archives. https://zenodo.org/records/3378728. CC0 1.0.,TESS station stars35; photometric inflection method; night median MSAS=21.08; MSAS at inflection=21.37; depression=21.46°; smoothing=5-pt median; dark rows=350
fajr,2018-07-07,01:24,1,45.93,13.91,0.0,Zamorano J. et al. (2019). TESS-W sky brightness network. Zenodo monthly archives. https://zenodo.org/records/3378728. CC0 1.0.,TESS station stars35; photometric inflection method; night median MSAS=21.08; MSAS at inflection=20.92; depression=19.38°; smoothing=5-pt median; dark rows=350
fajr,2018-07-11,03:12,1,45.93,13.91,0.0,Zamorano J. et al. (2019). TESS-W sky brightness network. Zenodo monthly archives. https://zenodo.org/records/3378728. CC0 1.0.,TESS station stars35; photometric inflection method; night median MSAS=21.09; MSAS at inflection=20.18; depression=10.30°; smoothing=5-pt median; dark rows=360
isha,2018-07-14,21:20,1,45.93,13.91,0.0,Zamorano J. et al. (2019). TESS-W sky brightness network. Zenodo monthly archives. https://zenodo.org/records/3378728. CC0 1.0.,TESS station stars35; photometric inflection method; night median MSAS=20.57; MSAS at inflection=19.73; depression=12.30°; smoothing=5-pt median; dark rows=356
fajr,2018-07-16,01:14,1,45.93,13.91,0.0,Zamorano J. et al. (2019). TESS-W sky brightness network. Zenodo monthly archives. https://zenodo.org/records/3378728. CC0 1.0.,TESS station stars35; photometric inflection method; night median MSAS=20.76; MSAS at inflection=20.87; depression=21.13°; smoothing=5-pt median; dark rows=347
isha,2018-07-18,21:09,1,45.93,13.91,0.0,Zamorano J. et al. (2019). TESS-W sky brightness network. Zenodo monthly archives. https://zenodo.org/records/3378728. CC0 1.0.,TESS station stars35; photometric inflection method; night median MSAS=21.29; MSAS at inflection=19.25; depression=11.61°; smoothing=5-pt median; dark rows=379
fajr,2018-07-20,02:55,1,45.93,13.91,0.0,Zamorano J. et al. (2019). TESS-W sky brightness network. Zenodo monthly archives. https://zenodo.org/records/3378728. CC0 1.0.,TESS station stars35; photometric inflection method; night median MSAS=21.27; MSAS at inflection=20.70; depression=13.61°; smoothing=5-pt median; dark rows=323
isha,2018-07-21,20:52,1,45.93,13.91,0.0,Zamorano J. et al. (2019). TESS-W sky brightness network. Zenodo monthly archives. https://zenodo.org/records/3378728. CC0 1.0.,TESS station stars35; photometric inflection method; night median MSAS=20.09; MSAS at inflection=17.91; depression=9.96°; smoothing=5-pt median; dark rows=375
fajr,2018-07-22,01:28,1,45.93,13.91,0.0,Zamorano J. et al. (2019). TESS-W sky brightness network. Zenodo monthly archives. https://zenodo.org/records/3378728. CC0 1.0.,TESS station stars35; photometric inflection method; night median MSAS=20.09; MSAS at inflection=20.27; depression=21.47°; smoothing=5-pt median; dark rows=375
isha,2018-07-22,21:03,1,45.93,13.91,0.0,Zamorano J. et al. (2019). TESS-W sky brightness network. Zenodo monthly archives. https://zenodo.org/records/3378728. CC0 1.0.,TESS station stars35; photometric inflection method; night median MSAS=20.29; MSAS at inflection=18.21; depression=11.43°; smoothing=5-pt median; dark rows=371
fajr,2018-07-23,03:20,1,45.93,13.91,0.0,Zamorano J. et al. (2019). TESS-W sky brightness network. Zenodo monthly archives. https://zenodo.org/records/3378728. CC0 1.0.,TESS station stars35; photometric inflection method; night median MSAS=20.29; MSAS at inflection=19.08; depression=11.21°; smoothing=5-pt median; dark rows=371
fajr,2018-07-25,03:00,1,45.93,13.91,0.0,Zamorano J. et al. (2019). TESS-W sky brightness network. Zenodo monthly archives. https://zenodo.org/records/3378728. CC0 1.0.,TESS station stars35; photometric inflection method; night median MSAS=19.20; MSAS at inflection=20.86; depression=14.01°; smoothing=5-pt median; dark rows=391
isha,2018-07-25,20:57,1,45.93,13.91,0.0,Zamorano J. et al. (2019). TESS-W sky brightness network. Zenodo monthly archives. https://zenodo.org/records/3378728. CC0 1.0.,TESS station stars35; photometric inflection method; night median MSAS=18.71; MSAS at inflection=17.97; depression=11.24°; smoothing=5-pt median; dark rows=187
fajr,2018-07-25,21:55,1,45.93,13.91,0.0,Zamorano J. et al. (2019). TESS-W sky brightness network. Zenodo monthly archives. https://zenodo.org/records/3378728. CC0 1.0.,TESS station stars35; photometric inflection method; night median MSAS=18.71; MSAS at inflection=19.08; depression=17.71°; smoothing=5-pt median; dark rows=187
isha,2018-07-26,21:58,1,45.93,13.91,0.0,Zamorano J. et al. (2019). TESS-W sky brightness network. Zenodo monthly archives. https://zenodo.org/records/3378728. CC0 1.0.,TESS station stars35; photometric inflection method; night median MSAS=18.45; MSAS at inflection=17.82; depression=18.21°; smoothing=5-pt median; dark rows=402
fajr,2018-07-28,01:44,1,45.93,13.91,0.0,Zamorano J. et al. (2019). TESS-W sky brightness network. Zenodo monthly archives. https://zenodo.org/records/3378728. CC0 1.0.,TESS station stars35; photometric inflection method; night median MSAS=18.61; MSAS at inflection=18.23; depression=21.64°; smoothing=5-pt median; dark rows=379
isha,2018-07-28,21:00,1,45.93,13.91,0.0,Zamorano J. et al. (2019). TESS-W sky brightness network. Zenodo monthly archives. https://zenodo.org/records/3378728. CC0 1.0.,TESS station stars35; photometric inflection method; night median MSAS=18.52; MSAS at inflection=19.24; depression=12.18°; smoothing=5-pt median; dark rows=390
fajr,2018-07-29,02:36,1,45.93,13.91,0.0,Zamorano J. et al. (2019). TESS-W sky brightness network. Zenodo monthly archives. https://zenodo.org/records/3378728. CC0 1.0.,TESS station stars35; photometric inflection method; night median MSAS=18.52; MSAS at inflection=18.57; depression=17.36°; smoothing=5-pt median; dark rows=390
isha,2018-07-29,20:30,1,45.93,13.91,0.0,Zamorano J. et al. (2019). TESS-W sky brightness network. Zenodo monthly archives. https://zenodo.org/records/3378728. CC0 1.0.,TESS station stars35; photometric inflection method; night median MSAS=18.98; MSAS at inflection=16.48; depression=8.54°; smoothing=5-pt median; dark rows=316
isha,2018-07-30,22:17,1,45.93,13.91,0.0,Zamorano J. et al. (2019). TESS-W sky brightness network. Zenodo monthly archives. https://zenodo.org/records/3378728. CC0 1.0.,TESS station stars35; photometric inflection method; night median MSAS=19.13; MSAS at inflection=19.35; depression=20.78°; smoothing=5-pt median; dark rows=412
fajr,2018-07-31,22:17,1,45.93,13.91,0.0,Zamorano J. et al. (2019). TESS-W sky brightness network. Zenodo monthly archives. https://zenodo.org/records/3378728. CC0 1.0.,TESS station stars35; photometric inflection method; night median MSAS=19.89; MSAS at inflection=20.33; depression=21.06°; smoothing=5-pt median; dark rows=246
isha,2018-07-01,20:14,-1,28.6865,-17.7665,0.0,Zamorano J. et al. (2019). TESS-W sky brightness network. Zenodo monthly archives. https://zenodo.org/records/3378728. CC0 1.0.,TESS station stars4; photometric inflection method; night median MSAS=17.66; MSAS at inflection=18.07; depression=12.45°; smoothing=5-pt median; dark rows=969
isha,2018-07-02,20:09,-1,28.6865,-17.7665,0.0,Zamorano J. et al. (2019). TESS-W sky brightness network. Zenodo monthly archives. https://zenodo.org/records/3378728. CC0 1.0.,TESS station stars4; photometric inflection method; night median MSAS=17.51; MSAS at inflection=16.82; depression=11.43°; smoothing=5-pt median; dark rows=1007
fajr,2018-07-03,03:25,-1,28.6865,-17.7665,0.0,Zamorano J. et al. (2019). TESS-W sky brightness network. Zenodo monthly archives. https://zenodo.org/records/3378728. CC0 1.0.,TESS station stars4; photometric inflection method; night median MSAS=17.51; MSAS at inflection=17.71; depression=20.98°; smoothing=5-pt median; dark rows=1007
isha,2018-07-05,20:56,-1,28.6865,-17.7665,0.0,Zamorano J. et al. (2019). TESS-W sky brightness network. Zenodo monthly archives. https://zenodo.org/records/3378728. CC0 1.0.,TESS station stars4; photometric inflection method; night median MSAS=17.55; MSAS at inflection=17.21; depression=19.66°; smoothing=5-pt median; dark rows=965
fajr,2018-07-06,04:07,-1,28.6865,-17.7665,0.0,Zamorano J. et al. (2019). TESS-W sky brightness network. Zenodo monthly archives. https://zenodo.org/records/3378728. CC0 1.0.,TESS station stars4; photometric inflection method; night median MSAS=17.55; MSAS at inflection=17.08; depression=14.20°; smoothing=5-pt median; dark rows=965
fajr,2018-07-10,03:52,-1,28.6865,-17.7665,0.0,Zamorano J. et al. (2019). TESS-W sky brightness network. Zenodo monthly archives. https://zenodo.org/records/3378728. CC0 1.0.,TESS station stars4; photometric inflection method; night median MSAS=18.37; MSAS at inflection=18.45; depression=17.16°; smoothing=5-pt median; dark rows=1012
isha,2018-07-10,20:36,-1,28.6865,-17.7665,0.0,Zamorano J. et al. (2019). TESS-W sky brightness network. Zenodo monthly archives. https://zenodo.org/records/3378728. CC0 1.0.,TESS station stars4; photometric inflection method; night median MSAS=18.29; MSAS at inflection=17.83; depression=16.60°; smoothing=5-pt median; dark rows=1020
isha,2018-07-12,20:24,-1,28.6865,-17.7665,0.0,Zamorano J. et al. (2019). TESS-W sky brightness network. Zenodo monthly archives. https://zenodo.org/records/3378728. CC0 1.0.,TESS station stars4; photometric inflection method; night median MSAS=18.44; MSAS at inflection=17.98; depression=14.51°; smoothing=5-pt median; dark rows=1021
isha,2018-07-14,20:41,-1,28.6865,-17.7665,0.0,Zamorano J. et al. (2019). TESS-W sky brightness network. Zenodo monthly archives. https://zenodo.org/records/3378728. CC0 1.0.,TESS station stars4; photometric inflection method; night median MSAS=18.43; MSAS at inflection=18.21; depression=17.74°; smoothing=5-pt median; dark rows=1031
fajr,2018-07-15,03:35,-1,28.6865,-17.7665,0.0,Zamorano J. et al. (2019). TESS-W sky brightness network. Zenodo monthly archives. https://zenodo.org/records/3378728. CC0 1.0.,TESS station stars4; photometric inflection method; night median MSAS=18.43; MSAS at inflection=17.21; depression=20.63°; smoothing=5-pt median; dark rows=1031
isha,2018-07-15,20:48,-1,28.6865,-17.7665,0.0,Zamorano J. et al. (2019). TESS-W sky brightness network. Zenodo monthly archives. https://zenodo.org/records/3378728. CC0 1.0.,TESS station stars4; photometric inflection method; night median MSAS=18.48; MSAS at inflection=18.23; depression=19.06°; smoothing=5-pt median; dark rows=1017
fajr,2018-07-16,04:25,-1,28.6865,-17.7665,0.0,Zamorano J. et al. (2019). TESS-W sky brightness network. Zenodo monthly archives. https://zenodo.org/records/3378728. CC0 1.0.,TESS station stars4; photometric inflection method; night median MSAS=18.48; MSAS at inflection=18.20; depression=12.04°; smoothing=5-pt median; dark rows=1017
isha,2018-07-16,20:06,-1,28.6865,-17.7665,0.0,Zamorano J. et al. (2019). TESS-W sky brightness network. Zenodo monthly archives. https://zenodo.org/records/3378728. CC0 1.0.,TESS station stars4; photometric inflection method; night median MSAS=18.16; MSAS at inflection=17.77; depression=11.66°; smoothing=5-pt median; dark rows=1030
fajr,2018-07-17,03:30,-1,28.6865,-17.7665,0.0,Zamorano J. et al. (2019). TESS-W sky brightness network. Zenodo monthly archives. https://zenodo.org/records/3378728. CC0 1.0.,TESS station stars4; photometric inflection method; night median MSAS=18.16; MSAS at inflection=17.39; depression=21.75°; smoothing=5-pt median; dark rows=1030
isha,2018-07-18,20:15,-1,28.6865,-17.7665,0.0,Zamorano J. et al. (2019). TESS-W sky brightness network. Zenodo monthly archives. https://zenodo.org/records/3378728. CC0 1.0.,TESS station stars4; photometric inflection method; night median MSAS=18.38; MSAS at inflection=16.93; depression=13.41°; smoothing=5-pt median; dark rows=1016
fajr,2018-07-19,03:38,-1,28.6865,-17.7665,0.0,Zamorano J. et al. (2019). TESS-W sky brightness network. Zenodo monthly archives. https://zenodo.org/records/3378728. CC0 1.0.,TESS station stars4; photometric inflection method; night median MSAS=18.38; MSAS at inflection=18.26; depression=20.62°; smoothing=5-pt median; dark rows=1016
isha,2018-07-19,20:29,-1,28.6865,-17.7665,0.0,Zamorano J. et al. (2019). TESS-W sky brightness network. Zenodo monthly archives. https://zenodo.org/records/3378728. CC0 1.0.,TESS station stars4; photometric inflection method; night median MSAS=17.88; MSAS at inflection=17.24; depression=16.16°; smoothing=5-pt median; dark rows=943
fajr,2018-07-20,03:52,-1,28.6865,-17.7665,0.0,Zamorano J. et al. (2019). TESS-W sky brightness network. Zenodo monthly archives. https://zenodo.org/records/3378728. CC0 1.0.,TESS station stars4; photometric inflection method; night median MSAS=17.88; MSAS at inflection=18.40; depression=18.36°; smoothing=5-pt median; dark rows=943
fajr,2018-07-21,04:44,-1,28.6865,-17.7665,0.0,Zamorano J. et al. (2019). TESS-W sky brightness network. Zenodo monthly archives. https://zenodo.org/records/3378728. CC0 1.0.,TESS station stars4; photometric inflection method; night median MSAS=18.34; MSAS at inflection=16.48; depression=9.03°; smoothing=5-pt median; dark rows=1035
isha,2018-07-21,20:57,-1,28.6865,-17.7665,0.0,Zamorano J. et al. (2019). TESS-W sky brightness network. Zenodo monthly archives. https://zenodo.org/records/3378728. CC0 1.0.,TESS station stars4; photometric inflection method; night median MSAS=18.34; MSAS at inflection=17.63; depression=21.29°; smoothing=5-pt median; dark rows=893
isha,2018-07-22,20:57,-1,28.6865,-17.7665,0.0,Zamorano J. et al. (2019). TESS-W sky brightness network. Zenodo monthly archives. https://zenodo.org/records/3378728. CC0 1.0.,TESS station stars4; photometric inflection method; night median MSAS=17.64; MSAS at inflection=17.63; depression=21.28°; smoothing=5-pt median; dark rows=1043
fajr,2018-07-23,04:31,-1,28.6865,-17.7665,0.0,Zamorano J. et al. (2019). TESS-W sky brightness network. Zenodo monthly archives. https://zenodo.org/records/3378728. CC0 1.0.,TESS station stars4; photometric inflection method; night median MSAS=17.64; MSAS at inflection=18.01; depression=11.71°; smoothing=5-pt median; dark rows=1043
fajr,2018-07-25,04:05,-1,28.6865,-17.7665,0.0,Zamorano J. et al. (2019). TESS-W sky brightness network. Zenodo monthly archives. https://zenodo.org/records/3378728. CC0 1.0.,TESS station stars4; photometric inflection method; night median MSAS=17.56; MSAS at inflection=18.41; depression=16.72°; smoothing=5-pt median; dark rows=1049
isha,2018-07-16,21:25,-1,41.177424,-8.605964,0.0,Zamorano J. et al. (2019). TESS-W sky brightness network. Zenodo monthly archives. https://zenodo.org/records/3378728. CC0 1.0.,TESS station stars41; photometric inflection method; night median MSAS=17.92; MSAS at inflection=17.82; depression=20.13°; smoothing=5-pt median; dark rows=380
isha,2018-07-19,20:07,-1,41.177424,-8.605964,0.0,Zamorano J. et al. (2019). TESS-W sky brightness network. Zenodo monthly archives. https://zenodo.org/records/3378728. CC0 1.0.,TESS station stars41; photometric inflection method; night median MSAS=17.92; MSAS at inflection=17.22; depression=10.76°; smoothing=5-pt median; dark rows=385
fajr,2018-07-20,03:03,-1,41.177424,-8.605964,0.0,Zamorano J. et al. (2019). TESS-W sky brightness network. Zenodo monthly archives. https://zenodo.org/records/3378728. CC0 1.0.,TESS station stars41; photometric inflection method; night median MSAS=17.92; MSAS at inflection=17.99; depression=12.37°; smoothing=5-pt median; dark rows=385
isha,2018-07-20,20:37,-1,41.177424,-8.605964,0.0,Zamorano J. et al. (2019). TESS-W sky brightness network. Zenodo monthly archives. https://zenodo.org/records/3378728. CC0 1.0.,TESS station stars41; photometric inflection method; night median MSAS=17.85; MSAS at inflection=17.50; depression=15.07°; smoothing=5-pt median; dark rows=386
isha,2018-07-05,23:04,1,45.40315,11.8845,0.0,Zamorano J. et al. (2019). TESS-W sky brightness network. Zenodo monthly archives. https://zenodo.org/records/3378728. CC0 1.0.,TESS station stars47; photometric inflection method; night median MSAS=18.25; MSAS at inflection=17.16; depression=19.91°; smoothing=5-pt median; dark rows=341
isha,2018-07-07,00:20,1,45.40315,11.8845,0.0,Zamorano J. et al. (2019). TESS-W sky brightness network. Zenodo monthly archives. https://zenodo.org/records/3378728. CC0 1.0.,TESS station stars47; photometric inflection method; night median MSAS=17.67; MSAS at inflection=17.56; depression=21.99°; smoothing=5-pt median; dark rows=333
fajr,2018-07-07,01:59,1,45.40315,11.8845,0.0,Zamorano J. et al. (2019). TESS-W sky brightness network. Zenodo monthly archives. https://zenodo.org/records/3378728. CC0 1.0.,TESS station stars47; photometric inflection method; night median MSAS=17.67; MSAS at inflection=16.62; depression=18.12°; smoothing=5-pt median; dark rows=333
isha,2018-07-12,22:49,1,45.40315,11.8845,0.0,Zamorano J. et al. (2019). TESS-W sky brightness network. Zenodo monthly archives. https://zenodo.org/records/3378728. CC0 1.0.,TESS station stars47; photometric inflection method; night median MSAS=17.58; MSAS at inflection=16.71; depression=19.79°; smoothing=5-pt median; dark rows=352
fajr,2018-07-13,01:51,1,45.40315,11.8845,0.0,Zamorano J. et al. (2019). TESS-W sky brightness network. Zenodo monthly archives. https://zenodo.org/records/3378728. CC0 1.0.,TESS station stars47; photometric inflection method; night median MSAS=17.58; MSAS at inflection=15.25; depression=19.48°; smoothing=5-pt median; dark rows=352
isha,2018-07-13,21:07,1,45.40315,11.8845,0.0,Zamorano J. et al. (2019). TESS-W sky brightness network. Zenodo monthly archives. https://zenodo.org/records/3378728. CC0 1.0.,TESS station stars47; photometric inflection method; night median MSAS=17.97; MSAS at inflection=17.25; depression=10.09°; smoothing=5-pt median; dark rows=348
fajr,2018-07-14,03:28,1,45.40315,11.8845,0.0,Zamorano J. et al. (2019). TESS-W sky brightness network. Zenodo monthly archives. https://zenodo.org/records/3378728. CC0 1.0.,TESS station stars47; photometric inflection method; night median MSAS=17.97; MSAS at inflection=17.24; depression=10.26°; smoothing=5-pt median; dark rows=348
isha,2018-07-16,22:50,1,45.40315,11.8845,0.0,Zamorano J. et al. (2019). TESS-W sky brightness network. Zenodo monthly archives. https://zenodo.org/records/3378728. CC0 1.0.,TESS station stars47; photometric inflection method; night median MSAS=18.34; MSAS at inflection=16.56; depression=20.43°; smoothing=5-pt median; dark rows=365
isha,2018-07-17,21:21,1,45.40315,11.8845,0.0,Zamorano J. et al. (2019). TESS-W sky brightness network. Zenodo monthly archives. https://zenodo.org/records/3378728. CC0 1.0.,TESS station stars47; photometric inflection method; night median MSAS=18.44; MSAS at inflection=18.16; depression=12.33°; smoothing=5-pt median; dark rows=362
isha,2018-07-18,20:49,1,45.40315,11.8845,0.0,Zamorano J. et al. (2019). TESS-W sky brightness network. Zenodo monthly archives. https://zenodo.org/records/3378728. CC0 1.0.,TESS station stars47; photometric inflection method; night median MSAS=18.25; MSAS at inflection=16.33; depression=8.47°; smoothing=5-pt median; dark rows=350
isha,2018-07-30,20:33,1,45.40315,11.8845,0.0,Zamorano J. et al. (2019). TESS-W sky brightness network. Zenodo monthly archives. https://zenodo.org/records/3378728. CC0 1.0.,TESS station stars47; photometric inflection method; night median MSAS=18.14; MSAS at inflection=16.27; depression=8.27°; smoothing=5-pt median; dark rows=128
fajr,2018-07-30,21:36,1,45.40315,11.8845,0.0,Zamorano J. et al. (2019). TESS-W sky brightness network. Zenodo monthly archives. https://zenodo.org/records/3378728. CC0 1.0.,TESS station stars47; photometric inflection method; night median MSAS=18.14; MSAS at inflection=18.21; depression=16.33°; smoothing=5-pt median; dark rows=128
isha,2018-07-01,02:05,0,40.406135,-3.838541,0.0,Zamorano J. et al. (2019). TESS-W sky brightness network. Zenodo monthly archives. https://zenodo.org/records/3378728. CC0 1.0.,TESS station stars48; photometric inflection method; night median MSAS=18.07; MSAS at inflection=18.01; depression=21.85°; smoothing=5-pt median; dark rows=228
fajr,2018-07-01,03:36,0,40.406135,-3.838541,0.0,Zamorano J. et al. (2019). TESS-W sky brightness network. Zenodo monthly archives. https://zenodo.org/records/3378728. CC0 1.0.,TESS station stars48; photometric inflection method; night median MSAS=18.07; MSAS at inflection=17.79; depression=11.67°; smoothing=5-pt median; dark rows=228
isha,2018-07-01,21:32,0,40.406135,-3.838541,0.0,Zamorano J. et al. (2019). TESS-W sky brightness network. Zenodo monthly archives. https://zenodo.org/records/3378728. CC0 1.0.,TESS station stars48; photometric inflection method; night median MSAS=18.51; MSAS at inflection=18.63; depression=15.63°; smoothing=5-pt median; dark rows=416
fajr,2018-07-02,03:09,0,40.406135,-3.838541,0.0,Zamorano J. et al. (2019). TESS-W sky brightness network. Zenodo monthly archives. https://zenodo.org/records/3378728. CC0 1.0.,TESS station stars48; photometric inflection method; night median MSAS=18.51; MSAS at inflection=18.20; depression=15.18°; smoothing=5-pt median; dark rows=416
fajr,2018-07-14,03:48,0,40.406135,-3.838541,0.0,Zamorano J. et al. (2019). TESS-W sky brightness network. Zenodo monthly archives. https://zenodo.org/records/3378728. CC0 1.0.,TESS station stars48; photometric inflection method; night median MSAS=18.49; MSAS at inflection=18.27; depression=11.46°; smoothing=5-pt median; dark rows=83
fajr,2018-07-15,03:04,0,40.406135,-3.838541,0.0,Zamorano J. et al. (2019). TESS-W sky brightness network. Zenodo monthly archives. https://zenodo.org/records/3378728. CC0 1.0.,TESS station stars48; photometric inflection method; night median MSAS=18.76; MSAS at inflection=18.86; depression=17.34°; smoothing=5-pt median; dark rows=55
isha,2018-07-15,21:42,0,40.406135,-3.838541,0.0,Zamorano J. et al. (2019). TESS-W sky brightness network. Zenodo monthly archives. https://zenodo.org/records/3378728. CC0 1.0.,TESS station stars48; photometric inflection method; night median MSAS=18.63; MSAS at inflection=18.63; depression=17.95°; smoothing=5-pt median; dark rows=57
isha,2018-07-16,20:35,0,40.406135,-3.838541,0.0,Zamorano J. et al. (2019). TESS-W sky brightness network. Zenodo monthly archives. https://zenodo.org/records/3378728. CC0 1.0.,TESS station stars48; photometric inflection method; night median MSAS=18.73; MSAS at inflection=16.65; depression=9.00°; smoothing=5-pt median; dark rows=62
isha,2018-07-17,22:15,0,40.406135,-3.838541,0.0,Zamorano J. et al. (2019). TESS-W sky brightness network. Zenodo monthly archives. https://zenodo.org/records/3378728. CC0 1.0.,TESS station stars48; photometric inflection method; night median MSAS=18.66; MSAS at inflection=18.56; depression=21.92°; smoothing=5-pt median; dark rows=63
isha,2018-07-19,20:45,0,40.406135,-3.838541,0.0,Zamorano J. et al. (2019). TESS-W sky brightness network. Zenodo monthly archives. https://zenodo.org/records/3378728. CC0 1.0.,TESS station stars48; photometric inflection method; night median MSAS=18.71; MSAS at inflection=17.70; depression=10.81°; smoothing=5-pt median; dark rows=433
fajr,2018-07-21,03:34,0,40.406135,-3.838541,0.0,Zamorano J. et al. (2019). TESS-W sky brightness network. Zenodo monthly archives. https://zenodo.org/records/3378728. CC0 1.0.,TESS station stars48; photometric inflection method; night median MSAS=18.56; MSAS at inflection=18.74; depression=14.42°; smoothing=5-pt median; dark rows=444
isha,2018-07-22,21:38,0,40.406135,-3.838541,0.0,Zamorano J. et al. (2019). TESS-W sky brightness network. Zenodo monthly archives. https://zenodo.org/records/3378728. CC0 1.0.,TESS station stars48; photometric inflection method; night median MSAS=18.47; MSAS at inflection=18.13; depression=18.54°; smoothing=5-pt median; dark rows=449
fajr,2018-07-23,04:04,0,40.406135,-3.838541,0.0,Zamorano J. et al. (2019). TESS-W sky brightness network. Zenodo monthly archives. https://zenodo.org/records/3378728. CC0 1.0.,TESS station stars48; photometric inflection method; night median MSAS=18.47; MSAS at inflection=17.72; depression=10.34°; smoothing=5-pt median; dark rows=449
isha,2018-07-23,21:48,0,40.406135,-3.838541,0.0,Zamorano J. et al. (2019). TESS-W sky brightness network. Zenodo monthly archives. https://zenodo.org/records/3378728. CC0 1.0.,TESS station stars48; photometric inflection method; night median MSAS=18.38; MSAS at inflection=18.16; depression=19.86°; smoothing=5-pt median; dark rows=452
isha,2018-07-24,21:00,0,40.406135,-3.838541,0.0,Zamorano J. et al. (2019). TESS-W sky brightness network. Zenodo monthly archives. https://zenodo.org/records/3378728. CC0 1.0.,TESS station stars48; photometric inflection method; night median MSAS=18.35; MSAS at inflection=18.02; depression=13.75°; smoothing=5-pt median; dark rows=453
isha,2018-07-25,20:59,0,40.406135,-3.838541,0.0,Zamorano J. et al. (2019). TESS-W sky brightness network. Zenodo monthly archives. https://zenodo.org/records/3378728. CC0 1.0.,TESS station stars48; photometric inflection method; night median MSAS=18.06; MSAS at inflection=17.99; depression=13.89°; smoothing=5-pt median; dark rows=145
isha,2018-07-26,20:51,0,40.406135,-3.838541,0.0,Zamorano J. et al. (2019). TESS-W sky brightness network. Zenodo monthly archives. https://zenodo.org/records/3378728. CC0 1.0.,TESS station stars48; photometric inflection method; night median MSAS=17.98; MSAS at inflection=17.95; depression=12.84°; smoothing=5-pt median; dark rows=454
fajr,2018-07-27,02:45,0,40.406135,-3.838541,0.0,Zamorano J. et al. (2019). TESS-W sky brightness network. Zenodo monthly archives. https://zenodo.org/records/3378728. CC0 1.0.,TESS station stars48; photometric inflection method; night median MSAS=17.98; MSAS at inflection=18.26; depression=21.60°; smoothing=5-pt median; dark rows=454
isha,2018-07-03,21:21,0,40.45098,-3.726072,0.0,Zamorano J. et al. (2019). TESS-W sky brightness network. Zenodo monthly archives. https://zenodo.org/records/3378728. CC0 1.0.,TESS station stars5; photometric inflection method; night median MSAS=18.18; MSAS at inflection=18.06; depression=14.42°; smoothing=5-pt median; dark rows=839
isha,2018-07-05,21:06,0,40.45098,-3.726072,0.0,Zamorano J. et al. (2019). TESS-W sky brightness network. Zenodo monthly archives. https://zenodo.org/records/3378728. CC0 1.0.,TESS station stars5; photometric inflection method; night median MSAS=18.28; MSAS at inflection=15.91; depression=12.49°; smoothing=5-pt median; dark rows=845
isha,2018-07-06,21:00,0,40.45098,-3.726072,0.0,Zamorano J. et al. (2019). TESS-W sky brightness network. Zenodo monthly archives. https://zenodo.org/records/3378728. CC0 1.0.,TESS station stars5; photometric inflection method; night median MSAS=17.81; MSAS at inflection=17.11; depression=11.82°; smoothing=5-pt median; dark rows=844
fajr,2018-07-07,03:58,0,40.45098,-3.726072,0.0,Zamorano J. et al. (2019). TESS-W sky brightness network. Zenodo monthly archives. https://zenodo.org/records/3378728. CC0 1.0.,TESS station stars5; photometric inflection method; night median MSAS=17.81; MSAS at inflection=15.61; depression=8.98°; smoothing=5-pt median; dark rows=844
isha,2018-07-10,21:40,0,40.45098,-3.726072,0.0,Zamorano J. et al. (2019). TESS-W sky brightness network. Zenodo monthly archives. https://zenodo.org/records/3378728. CC0 1.0.,TESS station stars5; photometric inflection method; night median MSAS=18.04; MSAS at inflection=16.33; depression=17.22°; smoothing=5-pt median; dark rows=854
fajr,2018-07-11,04:05,0,40.45098,-3.726072,0.0,Zamorano J. et al. (2019). TESS-W sky brightness network. Zenodo monthly archives. https://zenodo.org/records/3378728. CC0 1.0.,TESS station stars5; photometric inflection method; night median MSAS=18.04; MSAS at inflection=16.15; depression=8.53°; smoothing=5-pt median; dark rows=854
isha,2018-07-12,22:00,0,40.45098,-3.726072,0.0,Zamorano J. et al. (2019). TESS-W sky brightness network. Zenodo monthly archives. https://zenodo.org/records/3378728. CC0 1.0.,TESS station stars5; photometric inflection method; night median MSAS=17.92; MSAS at inflection=17.72; depression=19.68°; smoothing=5-pt median; dark rows=863
fajr,2018-07-13,04:08,0,40.45098,-3.726072,0.0,Zamorano J. et al. (2019). TESS-W sky brightness network. Zenodo monthly archives. https://zenodo.org/records/3378728. CC0 1.0.,TESS station stars5; photometric inflection method; night median MSAS=17.92; MSAS at inflection=15.80; depression=8.21°; smoothing=5-pt median; dark rows=863
isha,2018-07-13,20:35,0,40.45098,-3.726072,0.0,Zamorano J. et al. (2019). TESS-W sky brightness network. Zenodo monthly archives. https://zenodo.org/records/3378728. CC0 1.0.,TESS station stars5; photometric inflection method; night median MSAS=18.02; MSAS at inflection=16.30; depression=8.72°; smoothing=5-pt median; dark rows=864
isha,2018-07-14,20:32,0,40.45098,-3.726072,0.0,Zamorano J. et al. (2019). TESS-W sky brightness network. Zenodo monthly archives. https://zenodo.org/records/3378728. CC0 1.0.,TESS station stars5; photometric inflection method; night median MSAS=18.26; MSAS at inflection=16.02; depression=8.41°; smoothing=5-pt median; dark rows=862
isha,2018-07-15,21:36,0,40.45098,-3.726072,0.0,Zamorano J. et al. (2019). TESS-W sky brightness network. Zenodo monthly archives. https://zenodo.org/records/3378728. CC0 1.0.,TESS station stars5; photometric inflection method; night median MSAS=18.04; MSAS at inflection=16.95; depression=17.24°; smoothing=5-pt median; dark rows=873
fajr,2018-07-19,03:35,0,40.45098,-3.726072,0.0,Zamorano J. et al. (2019). TESS-W sky brightness network. Zenodo monthly archives. https://zenodo.org/records/3378728. CC0 1.0.,TESS station stars5; photometric inflection method; night median MSAS=18.21; MSAS at inflection=18.19; depression=13.88°; smoothing=5-pt median; dark rows=884
fajr,2018-07-23,04:04,0,40.45098,-3.726072,0.0,Zamorano J. et al. (2019). TESS-W sky brightness network. Zenodo monthly archives. https://zenodo.org/records/3378728. CC0 1.0.,TESS station stars5; photometric inflection method; night median MSAS=18.05; MSAS at inflection=17.43; depression=10.39°; smoothing=5-pt median; dark rows=899
isha,2018-07-23,20:31,0,40.45098,-3.726072,0.0,Zamorano J. et al. (2019). TESS-W sky brightness network. Zenodo monthly archives. https://zenodo.org/records/3378728. CC0 1.0.,TESS station stars5; photometric inflection method; night median MSAS=17.98; MSAS at inflection=16.61; depression=9.40°; smoothing=5-pt median; dark rows=903
fajr,2018-07-25,04:00,0,40.45098,-3.726072,0.0,Zamorano J. et al. (2019). TESS-W sky brightness network. Zenodo monthly archives. https://zenodo.org/records/3378728. CC0 1.0.,TESS station stars5; photometric inflection method; night median MSAS=17.95; MSAS at inflection=17.86; depression=11.19°; smoothing=5-pt median; dark rows=907
fajr,2018-07-25,21:19,0,40.45098,-3.726072,0.0,Zamorano J. et al. (2019). TESS-W sky brightness network. Zenodo monthly archives. https://zenodo.org/records/3378728. CC0 1.0.,TESS station stars5; photometric inflection method; night median MSAS=17.59; MSAS at inflection=17.59; depression=16.66°; smoothing=5-pt median; dark rows=283
isha,2018-07-28,20:21,0,40.45098,-3.726072,0.0,Zamorano J. et al. (2019). TESS-W sky brightness network. Zenodo monthly archives. https://zenodo.org/records/3378728. CC0 1.0.,TESS station stars5; photometric inflection method; night median MSAS=17.73; MSAS at inflection=16.21; depression=8.60°; smoothing=5-pt median; dark rows=925
fajr,2018-07-30,04:24,0,40.45098,-3.726072,0.0,Zamorano J. et al. (2019). TESS-W sky brightness network. Zenodo monthly archives. https://zenodo.org/records/3378728. CC0 1.0.,TESS station stars5; photometric inflection method; night median MSAS=17.71; MSAS at inflection=16.05; depression=8.47°; smoothing=5-pt median; dark rows=928
isha,2018-07-30,21:37,0,40.45098,-3.726072,0.0,Zamorano J. et al. (2019). TESS-W sky brightness network. Zenodo monthly archives. https://zenodo.org/records/3378728. CC0 1.0.,TESS station stars5; photometric inflection method; night median MSAS=17.94; MSAS at inflection=18.05; depression=19.98°; smoothing=5-pt median; dark rows=932
isha,2018-07-31,20:25,0,40.45098,-3.726072,0.0,Zamorano J. et al. (2019). TESS-W sky brightness network. Zenodo monthly archives. https://zenodo.org/records/3378728. CC0 1.0.,TESS station stars5; photometric inflection method; night median MSAS=18.03; MSAS at inflection=17.08; depression=9.83°; smoothing=5-pt median; dark rows=423
fajr,2018-07-04,02:39,0,40.418017,-3.553016,0.0,Zamorano J. et al. (2019). TESS-W sky brightness network. Zenodo monthly archives. https://zenodo.org/records/3378728. CC0 1.0.,TESS station stars51; photometric inflection method; night median MSAS=18.07; MSAS at inflection=17.88; depression=18.72°; smoothing=5-pt median; dark rows=417
isha,2018-07-14,20:31,0,40.418017,-3.553016,0.0,Zamorano J. et al. (2019). TESS-W sky brightness network. Zenodo monthly archives. https://zenodo.org/records/3378728. CC0 1.0.,TESS station stars51; photometric inflection method; night median MSAS=18.19; MSAS at inflection=15.92; depression=8.36°; smoothing=5-pt median; dark rows=433
isha,2018-07-16,20:39,0,40.418017,-3.553016,0.0,Zamorano J. et al. (2019). TESS-W sky brightness network. Zenodo monthly archives. https://zenodo.org/records/3378728. CC0 1.0.,TESS station stars51; photometric inflection method; night median MSAS=18.18; MSAS at inflection=16.95; depression=9.78°; smoothing=5-pt median; dark rows=437
fajr,2018-07-17,04:04,0,40.418017,-3.553016,0.0,Zamorano J. et al. (2019). TESS-W sky brightness network. Zenodo monthly archives. https://zenodo.org/records/3378728. CC0 1.0.,TESS station stars51; photometric inflection method; night median MSAS=18.18; MSAS at inflection=16.85; depression=9.28°; smoothing=5-pt median; dark rows=437
isha,2018-07-17,21:22,0,40.418017,-3.553016,0.0,Zamorano J. et al. (2019). TESS-W sky brightness network. Zenodo monthly archives. https://zenodo.org/records/3378728. CC0 1.0.,TESS station stars51; photometric inflection method; night median MSAS=18.08; MSAS at inflection=17.97; depression=15.89°; smoothing=5-pt median; dark rows=440
isha,2018-07-18,20:30,0,40.418017,-3.553016,0.0,Zamorano J. et al. (2019). TESS-W sky brightness network. Zenodo monthly archives. https://zenodo.org/records/3378728. CC0 1.0.,TESS station stars51; photometric inflection method; night median MSAS=18.12; MSAS at inflection=16.27; depression=8.65°; smoothing=5-pt median; dark rows=442
isha,2018-07-19,20:51,0,40.418017,-3.553016,0.0,Zamorano J. et al. (2019). TESS-W sky brightness network. Zenodo monthly archives. https://zenodo.org/records/3378728. CC0 1.0.,TESS station stars51; photometric inflection method; night median MSAS=18.11; MSAS at inflection=17.54; depression=11.85°; smoothing=5-pt median; dark rows=444
fajr,2018-07-20,03:38,0,40.418017,-3.553016,0.0,Zamorano J. et al. (2019). TESS-W sky brightness network. Zenodo monthly archives. https://zenodo.org/records/3378728. CC0 1.0.,TESS station stars51; photometric inflection method; night median MSAS=18.11; MSAS at inflection=18.13; depression=13.51°; smoothing=5-pt median; dark rows=444
isha,2018-07-28,21:49,0,40.418017,-3.553016,0.0,Zamorano J. et al. (2019). TESS-W sky brightness network. Zenodo monthly archives. https://zenodo.org/records/3378728. CC0 1.0.,TESS station stars51; photometric inflection method; night median MSAS=17.53; MSAS at inflection=17.65; depression=21.06°; smoothing=5-pt median; dark rows=459
isha,2018-07-29,21:52,0,40.418017,-3.553016,0.0,Zamorano J. et al. (2019). TESS-W sky brightness network. Zenodo monthly archives. https://zenodo.org/records/3378728. CC0 1.0.,TESS station stars51; photometric inflection method; night median MSAS=17.50; MSAS at inflection=17.29; depression=21.70°; smoothing=5-pt median; dark rows=460
fajr,2018-07-30,03:58,0,40.418017,-3.553016,0.0,Zamorano J. et al. (2019). TESS-W sky brightness network. Zenodo monthly archives. https://zenodo.org/records/3378728. CC0 1.0.,TESS station stars51; photometric inflection method; night median MSAS=17.50; MSAS at inflection=17.50; depression=12.40°; smoothing=5-pt median; dark rows=460
fajr,2018-07-01,03:49,0,36.879285,-2.438345,0.0,Zamorano J. et al. (2019). TESS-W sky brightness network. Zenodo monthly archives. https://zenodo.org/records/3378728. CC0 1.0.,TESS station stars52; photometric inflection method; night median MSAS=17.70; MSAS at inflection=17.44; depression=11.43°; smoothing=5-pt median; dark rows=457
fajr,2018-07-02,03:58,0,36.879285,-2.438345,0.0,Zamorano J. et al. (2019). TESS-W sky brightness network. Zenodo monthly archives. https://zenodo.org/records/3378728. CC0 1.0.,TESS station stars52; photometric inflection method; night median MSAS=18.30; MSAS at inflection=16.94; depression=10.11°; smoothing=5-pt median; dark rows=886
isha,2018-07-05,20:17,0,36.879285,-2.438345,0.0,Zamorano J. et al. (2019). TESS-W sky brightness network. Zenodo monthly archives. https://zenodo.org/records/3378728. CC0 1.0.,TESS station stars52; photometric inflection method; night median MSAS=18.53; MSAS at inflection=16.06; depression=8.41°; smoothing=5-pt median; dark rows=879
fajr,2018-07-07,04:06,0,36.879285,-2.438345,0.0,Zamorano J. et al. (2019). TESS-W sky brightness network. Zenodo monthly archives. https://zenodo.org/records/3378728. CC0 1.0.,TESS station stars52; photometric inflection method; night median MSAS=18.26; MSAS at inflection=16.99; depression=9.25°; smoothing=5-pt median; dark rows=891
isha,2018-07-10,20:58,0,36.879285,-2.438345,0.0,Zamorano J. et al. (2019). TESS-W sky brightness network. Zenodo monthly archives. https://zenodo.org/records/3378728. CC0 1.0.,TESS station stars52; photometric inflection method; night median MSAS=18.11; MSAS at inflection=18.04; depression=14.99°; smoothing=5-pt median; dark rows=861
fajr,2018-07-12,04:03,0,36.879285,-2.438345,0.0,Zamorano J. et al. (2019). TESS-W sky brightness network. Zenodo monthly archives. https://zenodo.org/records/3378728. CC0 1.0.,TESS station stars52; photometric inflection method; night median MSAS=18.50; MSAS at inflection=17.55; depression=10.28°; smoothing=5-pt median; dark rows=880
isha,2018-07-12,20:34,0,36.879285,-2.438345,0.0,Zamorano J. et al. (2019). TESS-W sky brightness network. Zenodo monthly archives. https://zenodo.org/records/3378728. CC0 1.0.,TESS station stars52; photometric inflection method; night median MSAS=18.21; MSAS at inflection=17.80; depression=11.56°; smoothing=5-pt median; dark rows=877
isha,2018-07-13,20:34,0,36.879285,-2.438345,0.0,Zamorano J. et al. (2019). TESS-W sky brightness network. Zenodo monthly archives. https://zenodo.org/records/3378728. CC0 1.0.,TESS station stars52; photometric inflection method; night median MSAS=18.47; MSAS at inflection=17.90; depression=11.61°; smoothing=5-pt median; dark rows=889
isha,2018-07-14,20:21,0,36.879285,-2.438345,0.0,Zamorano J. et al. (2019). TESS-W sky brightness network. Zenodo monthly archives. https://zenodo.org/records/3378728. CC0 1.0.,TESS station stars52; photometric inflection method; night median MSAS=18.22; MSAS at inflection=16.92; depression=9.71°; smoothing=5-pt median; dark rows=908
fajr,2018-07-15,04:13,0,36.879285,-2.438345,0.0,Zamorano J. et al. (2019). TESS-W sky brightness network. Zenodo monthly archives. https://zenodo.org/records/3378728. CC0 1.0.,TESS station stars52; photometric inflection method; night median MSAS=18.22; MSAS at inflection=16.63; depression=9.02°; smoothing=5-pt median; dark rows=908
isha,2018-07-15,21:14,0,36.879285,-2.438345,0.0,Zamorano J. et al. (2019). TESS-W sky brightness network. Zenodo monthly archives. https://zenodo.org/records/3378728. CC0 1.0.,TESS station stars52; photometric inflection method; night median MSAS=18.80; MSAS at inflection=18.41; depression=17.68°; smoothing=5-pt median; dark rows=903
isha,2018-07-16,21:00,0,36.879285,-2.438345,0.0,Zamorano J. et al. (2019). TESS-W sky brightness network. Zenodo monthly archives. https://zenodo.org/records/3378728. CC0 1.0.,TESS station stars52; photometric inflection method; night median MSAS=18.63; MSAS at inflection=18.51; depression=15.86°; smoothing=5-pt median; dark rows=869
isha,2018-07-17,21:13,0,36.879285,-2.438345,0.0,Zamorano J. et al. (2019). TESS-W sky brightness network. Zenodo monthly archives. https://zenodo.org/records/3378728. CC0 1.0.,TESS station stars52; photometric inflection method; night median MSAS=18.00; MSAS at inflection=17.48; depression=17.87°; smoothing=5-pt median; dark rows=881
fajr,2018-07-20,03:53,0,36.879285,-2.438345,0.0,Zamorano J. et al. (2019). TESS-W sky brightness network. Zenodo monthly archives. https://zenodo.org/records/3378728. CC0 1.0.,TESS station stars52; photometric inflection method; night median MSAS=17.67; MSAS at inflection=17.07; depression=12.89°; smoothing=5-pt median; dark rows=932
isha,2018-07-20,20:11,0,36.879285,-2.438345,0.0,Zamorano J. et al. (2019). TESS-W sky brightness network. Zenodo monthly archives. https://zenodo.org/records/3378728. CC0 1.0.,TESS station stars52; photometric inflection method; night median MSAS=18.47; MSAS at inflection=16.04; depression=8.63°; smoothing=5-pt median; dark rows=901
isha,2018-07-21,21:34,0,36.879285,-2.438345,0.0,Zamorano J. et al. (2019). TESS-W sky brightness network. Zenodo monthly archives. https://zenodo.org/records/3378728. CC0 1.0.,TESS station stars52; photometric inflection method; night median MSAS=17.60; MSAS at inflection=17.37; depression=21.23°; smoothing=5-pt median; dark rows=834
fajr,2018-07-22,04:09,0,36.879285,-2.438345,0.0,Zamorano J. et al. (2019). TESS-W sky brightness network. Zenodo monthly archives. https://zenodo.org/records/3378728. CC0 1.0.,TESS station stars52; photometric inflection method; night median MSAS=17.60; MSAS at inflection=17.74; depression=10.69°; smoothing=5-pt median; dark rows=834
fajr,2018-07-23,04:19,0,36.879285,-2.438345,0.0,Zamorano J. et al. (2019). TESS-W sky brightness network. Zenodo monthly archives. https://zenodo.org/records/3378728. CC0 1.0.,TESS station stars52; photometric inflection method; night median MSAS=18.19; MSAS at inflection=16.70; depression=9.23°; smoothing=5-pt median; dark rows=917
fajr,2018-07-24,04:12,0,36.879285,-2.438345,0.0,Zamorano J. et al. (2019). TESS-W sky brightness network. Zenodo monthly archives. https://zenodo.org/records/3378728. CC0 1.0.,TESS station stars52; photometric inflection method; night median MSAS=17.92; MSAS at inflection=17.53; depression=10.57°; smoothing=5-pt median; dark rows=885
isha,2018-07-24,21:09,0,36.879285,-2.438345,0.0,Zamorano J. et al. (2019). TESS-W sky brightness network. Zenodo monthly archives. https://zenodo.org/records/3378728. CC0 1.0.,TESS station stars52; photometric inflection method; night median MSAS=17.71; MSAS at inflection=17.45; depression=18.29°; smoothing=5-pt median; dark rows=837
fajr,2018-07-25,03:52,0,36.879285,-2.438345,0.0,Zamorano J. et al. (2019). TESS-W sky brightness network. Zenodo monthly archives. https://zenodo.org/records/3378728. CC0 1.0.,TESS station stars52; photometric inflection method; night median MSAS=17.71; MSAS at inflection=18.17; depression=13.95°; smoothing=5-pt median; dark rows=837
fajr,2018-07-25,21:15,0,36.879285,-2.438345,0.0,Zamorano J. et al. (2019). TESS-W sky brightness network. Zenodo monthly archives. https://zenodo.org/records/3378728. CC0 1.0.,TESS station stars52; photometric inflection method; night median MSAS=17.53; MSAS at inflection=17.56; depression=19.37°; smoothing=5-pt median; dark rows=315
isha,2018-07-26,20:18,0,36.879285,-2.438345,0.0,Zamorano J. et al. (2019). TESS-W sky brightness network. Zenodo monthly archives. https://zenodo.org/records/3378728. CC0 1.0.,TESS station stars52; photometric inflection method; night median MSAS=17.64; MSAS at inflection=17.34; depression=10.63°; smoothing=5-pt median; dark rows=949
isha,2018-07-28,20:40,0,36.879285,-2.438345,0.0,Zamorano J. et al. (2019). TESS-W sky brightness network. Zenodo monthly archives. https://zenodo.org/records/3378728. CC0 1.0.,TESS station stars52; photometric inflection method; night median MSAS=17.95; MSAS at inflection=18.27; depression=14.66°; smoothing=5-pt median; dark rows=907
fajr,2018-07-29,04:28,0,36.879285,-2.438345,0.0,Zamorano J. et al. (2019). TESS-W sky brightness network. Zenodo monthly archives. https://zenodo.org/records/3378728. CC0 1.0.,TESS station stars52; photometric inflection method; night median MSAS=17.95; MSAS at inflection=16.26; depression=8.63°; smoothing=5-pt median; dark rows=907
isha,2018-07-29,21:15,0,36.879285,-2.438345,0.0,Zamorano J. et al. (2019). TESS-W sky brightness network. Zenodo monthly archives. https://zenodo.org/records/3378728. CC0 1.0.,TESS station stars52; photometric inflection method; night median MSAS=18.09; MSAS at inflection=18.41; depression=20.13°; smoothing=5-pt median; dark rows=844
isha,2018-07-30,20:23,0,36.879285,-2.438345,0.0,Zamorano J. et al. (2019). TESS-W sky brightness network. Zenodo monthly archives. https://zenodo.org/records/3378728. CC0 1.0.,TESS station stars52; photometric inflection method; night median MSAS=18.11; MSAS at inflection=18.26; depression=12.14°; smoothing=5-pt median; dark rows=953
isha,2018-07-02,20:16,-2,37.81391,-25.56859,0.0,Zamorano J. et al. (2019). TESS-W sky brightness network. Zenodo monthly archives. https://zenodo.org/records/3378728. CC0 1.0.,TESS station stars56; photometric inflection method; night median MSAS=17.61; MSAS at inflection=17.91; depression=11.81°; smoothing=5-pt median; dark rows=397
fajr,2018-07-03,02:34,-2,37.81391,-25.56859,0.0,Zamorano J. et al. (2019). TESS-W sky brightness network. Zenodo monthly archives. https://zenodo.org/records/3378728. CC0 1.0.,TESS station stars56; photometric inflection method; night median MSAS=17.61; MSAS at inflection=17.09; depression=17.56°; smoothing=5-pt median; dark rows=397
isha,2018-07-05,19:51,-2,37.81391,-25.56859,0.0,Zamorano J. et al. (2019). TESS-W sky brightness network. Zenodo monthly archives. https://zenodo.org/records/3378728. CC0 1.0.,TESS station stars56; photometric inflection method; night median MSAS=17.72; MSAS at inflection=15.55; depression=8.12°; smoothing=5-pt median; dark rows=421
isha,2018-07-06,20:13,-2,37.81391,-25.56859,0.0,Zamorano J. et al. (2019). TESS-W sky brightness network. Zenodo monthly archives. https://zenodo.org/records/3378728. CC0 1.0.,TESS station stars56; photometric inflection method; night median MSAS=17.51; MSAS at inflection=17.54; depression=11.55°; smoothing=5-pt median; dark rows=425
isha,2018-07-14,20:51,-2,37.81391,-25.56859,0.0,Zamorano J. et al. (2019). TESS-W sky brightness network. Zenodo monthly archives. https://zenodo.org/records/3378728. CC0 1.0.,TESS station stars56; photometric inflection method; night median MSAS=18.54; MSAS at inflection=18.25; depression=17.52°; smoothing=5-pt median; dark rows=447
isha,2018-07-15,19:56,-2,37.81391,-25.56859,0.0,Zamorano J. et al. (2019). TESS-W sky brightness network. Zenodo monthly archives. https://zenodo.org/records/3378728. CC0 1.0.,TESS station stars56; photometric inflection method; night median MSAS=19.27; MSAS at inflection=16.80; depression=9.52°; smoothing=5-pt median; dark rows=443
isha,2018-07-16,20:05,-2,37.81391,-25.56859,0.0,Zamorano J. et al. (2019). TESS-W sky brightness network. Zenodo monthly archives. https://zenodo.org/records/3378728. CC0 1.0.,TESS station stars56; photometric inflection method; night median MSAS=19.84; MSAS at inflection=17.47; depression=11.12°; smoothing=5-pt median; dark rows=439
fajr,2018-07-21,03:19,-2,37.81391,-25.56859,0.0,Zamorano J. et al. (2019). TESS-W sky brightness network. Zenodo monthly archives. https://zenodo.org/records/3378728. CC0 1.0.,TESS station stars56; photometric inflection method; night median MSAS=19.67; MSAS at inflection=17.77; depression=13.50°; smoothing=5-pt median; dark rows=455
isha,2018-07-24,21:02,-2,37.81391,-25.56859,0.0,Zamorano J. et al. (2019). TESS-W sky brightness network. Zenodo monthly archives. https://zenodo.org/records/3378728. CC0 1.0.,TESS station stars56; photometric inflection method; night median MSAS=18.94; MSAS at inflection=18.34; depression=20.48°; smoothing=5-pt median; dark rows=413
isha,2018-07-27,20:38,-2,37.81391,-25.56859,0.0,Zamorano J. et al. (2019). TESS-W sky brightness network. Zenodo monthly archives. https://zenodo.org/records/3378728. CC0 1.0.,TESS station stars56; photometric inflection method; night median MSAS=17.83; MSAS at inflection=17.91; depression=17.73°; smoothing=5-pt median; dark rows=327
fajr,2018-07-28,03:50,-2,37.81391,-25.56859,0.0,Zamorano J. et al. (2019). TESS-W sky brightness network. Zenodo monthly archives. https://zenodo.org/records/3378728. CC0 1.0.,TESS station stars56; photometric inflection method; night median MSAS=17.83; MSAS at inflection=16.80; depression=9.69°; smoothing=5-pt median; dark rows=327
fajr,2018-07-31,02:58,-2,37.81391,-25.56859,0.0,Zamorano J. et al. (2019). TESS-W sky brightness network. Zenodo monthly archives. https://zenodo.org/records/3378728. CC0 1.0.,TESS station stars56; photometric inflection method; night median MSAS=18.06; MSAS at inflection=17.86; depression=18.32°; smoothing=5-pt median; dark rows=341
isha,2018-06-30,23:37,-5,45.423323,-71.125958,0.0,Zamorano J. et al. (2019). TESS-W sky brightness network. Zenodo monthly archives. https://zenodo.org/records/3378728. CC0 1.0.,TESS station stars60; photometric inflection method; night median MSAS=18.97; MSAS at inflection=18.88; depression=21.43°; smoothing=5-pt median; dark rows=345
fajr,2018-07-01,02:41,-5,45.423323,-71.125958,0.0,Zamorano J. et al. (2019). TESS-W sky brightness network. Zenodo monthly archives. https://zenodo.org/records/3378728. CC0 1.0.,TESS station stars60; photometric inflection method; night median MSAS=18.97; MSAS at inflection=17.91; depression=11.04°; smoothing=5-pt median; dark rows=345
isha,2018-07-01,21:37,-5,45.423323,-71.125958,0.0,Zamorano J. et al. (2019). TESS-W sky brightness network. Zenodo monthly archives. https://zenodo.org/records/3378728. CC0 1.0.,TESS station stars60; photometric inflection method; night median MSAS=19.45; MSAS at inflection=21.18; depression=15.33°; smoothing=5-pt median; dark rows=250
fajr,2018-07-02,02:43,-5,45.423323,-71.125958,0.0,Zamorano J. et al. (2019). TESS-W sky brightness network. Zenodo monthly archives. https://zenodo.org/records/3378728. CC0 1.0.,TESS station stars60; photometric inflection method; night median MSAS=19.45; MSAS at inflection=17.79; depression=10.78°; smoothing=5-pt median; dark rows=250
isha,2018-07-02,21:12,-5,45.423323,-71.125958,0.0,Zamorano J. et al. (2019). TESS-W sky brightness network. Zenodo monthly archives. https://zenodo.org/records/3378728. CC0 1.0.,TESS station stars60; photometric inflection method; night median MSAS=19.19; MSAS at inflection=19.95; depression=12.99°; smoothing=5-pt median; dark rows=215
fajr,2018-07-03,00:30,-5,45.423323,-71.125958,0.0,Zamorano J. et al. (2019). TESS-W sky brightness network. Zenodo monthly archives. https://zenodo.org/records/3378728. CC0 1.0.,TESS station stars60; photometric inflection method; night median MSAS=19.19; MSAS at inflection=19.66; depression=20.97°; smoothing=5-pt median; dark rows=215
isha,2018-07-03,21:36,-5,45.423323,-71.125958,0.0,Zamorano J. et al. (2019). TESS-W sky brightness network. Zenodo monthly archives. https://zenodo.org/records/3378728. CC0 1.0.,TESS station stars60; photometric inflection method; night median MSAS=20.38; MSAS at inflection=21.44; depression=15.32°; smoothing=5-pt median; dark rows=241
fajr,2018-07-04,00:53,-5,45.423323,-71.125958,0.0,Zamorano J. et al. (2019). TESS-W sky brightness network. Zenodo monthly archives. https://zenodo.org/records/3378728. CC0 1.0.,TESS station stars60; photometric inflection method; night median MSAS=20.38; MSAS at inflection=20.35; depression=20.12°; smoothing=5-pt median; dark rows=241
isha,2018-07-05,20:56,-5,45.423323,-71.125958,0.0,Zamorano J. et al. (2019). TESS-W sky brightness network. Zenodo monthly archives. https://zenodo.org/records/3378728. CC0 1.0.,TESS station stars60; photometric inflection method; night median MSAS=21.02; MSAS at inflection=19.02; depression=11.38°; smoothing=5-pt median; dark rows=196
fajr,2018-07-05,23:54,-5,45.423323,-71.125958,0.0,Zamorano J. et al. (2019). TESS-W sky brightness network. Zenodo monthly archives. https://zenodo.org/records/3378728. CC0 1.0.,TESS station stars60; photometric inflection method; night median MSAS=21.02; MSAS at inflection=21.04; depression=21.88°; smoothing=5-pt median; dark rows=196
fajr,2018-07-07,02:37,-5,45.423323,-71.125958,0.0,Zamorano J. et al. (2019). TESS-W sky brightness network. Zenodo monthly archives. https://zenodo.org/records/3378728. CC0 1.0.,TESS station stars60; photometric inflection method; night median MSAS=21.01; MSAS at inflection=19.59; depression=11.95°; smoothing=5-pt median; dark rows=223
fajr,2018-07-10,02:37,-5,45.423323,-71.125958,0.0,Zamorano J. et al. (2019). TESS-W sky brightness network. Zenodo monthly archives. https://zenodo.org/records/3378728. CC0 1.0.,TESS station stars60; photometric inflection method; night median MSAS=21.31; MSAS at inflection=20.12; depression=12.41°; smoothing=5-pt median; dark rows=215
fajr,2018-07-10,23:02,-5,45.423323,-71.125958,0.0,Zamorano J. et al. (2019). TESS-W sky brightness network. Zenodo monthly archives. https://zenodo.org/records/3378728. CC0 1.0.,TESS station stars60; photometric inflection method; night median MSAS=21.02; MSAS at inflection=21.11; depression=21.60°; smoothing=5-pt median; dark rows=240
isha,2018-07-11,22:47,-5,45.423323,-71.125958,0.0,Zamorano J. et al. (2019). TESS-W sky brightness network. Zenodo monthly archives. https://zenodo.org/records/3378728. CC0 1.0.,TESS station stars60; photometric inflection method; night median MSAS=21.43; MSAS at inflection=21.58; depression=21.12°; smoothing=5-pt median; dark rows=231
fajr,2018-07-12,01:17,-5,45.423323,-71.125958,0.0,Zamorano J. et al. (2019). TESS-W sky brightness network. Zenodo monthly archives. https://zenodo.org/records/3378728. CC0 1.0.,TESS station stars60; photometric inflection method; night median MSAS=21.43; MSAS at inflection=21.43; depression=19.77°; smoothing=5-pt median; dark rows=231
isha,2018-07-12,21:35,-5,45.423323,-71.125958,0.0,Zamorano J. et al. (2019). TESS-W sky brightness network. Zenodo monthly archives. https://zenodo.org/records/3378728. CC0 1.0.,TESS station stars60; photometric inflection method; night median MSAS=21.43; MSAS at inflection=21.54; depression=16.05°; smoothing=5-pt median; dark rows=214
fajr,2018-07-13,01:43,-5,45.423323,-71.125958,0.0,Zamorano J. et al. (2019). TESS-W sky brightness network. Zenodo monthly archives. https://zenodo.org/records/3378728. CC0 1.0.,TESS station stars60; photometric inflection method; night median MSAS=21.43; MSAS at inflection=21.24; depression=18.01°; smoothing=5-pt median; dark rows=214
isha,2018-07-13,21:38,-5,45.423323,-71.125958,0.0,Zamorano J. et al. (2019). TESS-W sky brightness network. Zenodo monthly archives. https://zenodo.org/records/3378728. CC0 1.0.,TESS station stars60; photometric inflection method; night median MSAS=21.31; MSAS at inflection=21.35; depression=16.48°; smoothing=5-pt median; dark rows=256
isha,2018-07-15,21:44,-5,45.423323,-71.125958,0.0,Zamorano J. et al. (2019). TESS-W sky brightness network. Zenodo monthly archives. https://zenodo.org/records/3378728. CC0 1.0.,TESS station stars60; photometric inflection method; night median MSAS=21.26; MSAS at inflection=21.56; depression=17.34°; smoothing=5-pt median; dark rows=203
isha,2018-07-16,22:41,-5,45.423323,-71.125958,0.0,Zamorano J. et al. (2019). TESS-W sky brightness network. Zenodo monthly archives. https://zenodo.org/records/3378728. CC0 1.0.,TESS station stars60; photometric inflection method; night median MSAS=21.11; MSAS at inflection=21.19; depression=21.52°; smoothing=5-pt median; dark rows=199
fajr,2018-07-17,00:50,-5,45.423323,-71.125958,0.0,Zamorano J. et al. (2019). TESS-W sky brightness network. Zenodo monthly archives. https://zenodo.org/records/3378728. CC0 1.0.,TESS station stars60; photometric inflection method; night median MSAS=21.11; MSAS at inflection=21.09; depression=22.00°; smoothing=5-pt median; dark rows=199
fajr,2018-07-19,02:36,-5,45.423323,-71.125958,0.0,Zamorano J. et al. (2019). TESS-W sky brightness network. Zenodo monthly archives. https://zenodo.org/records/3378728. CC0 1.0.,TESS station stars60; photometric inflection method; night median MSAS=21.24; MSAS at inflection=20.82; depression=13.77°; smoothing=5-pt median; dark rows=214
isha,2018-07-20,21:45,-5,45.423323,-71.125958,0.0,Zamorano J. et al. (2019). TESS-W sky brightness network. Zenodo monthly archives. https://zenodo.org/records/3378728. CC0 1.0.,TESS station stars60; photometric inflection method; night median MSAS=21.12; MSAS at inflection=20.32; depression=18.22°; smoothing=5-pt median; dark rows=314
fajr,2018-07-22,01:26,-5,45.423323,-71.125958,0.0,Zamorano J. et al. (2019). TESS-W sky brightness network. Zenodo monthly archives. https://zenodo.org/records/3378728. CC0 1.0.,TESS station stars60; photometric inflection method; night median MSAS=20.45; MSAS at inflection=21.22; depression=20.83°; smoothing=5-pt median; dark rows=286
isha,2018-07-24,20:32,-5,45.423323,-71.125958,0.0,Zamorano J. et al. (2019). TESS-W sky brightness network. Zenodo monthly archives. https://zenodo.org/records/3378728. CC0 1.0.,TESS station stars60; photometric inflection method; night median MSAS=19.62; MSAS at inflection=18.39; depression=10.85°; smoothing=5-pt median; dark rows=307
isha,2018-07-28,21:40,-5,45.423323,-71.125958,0.0,Zamorano J. et al. (2019). TESS-W sky brightness network. Zenodo monthly archives. https://zenodo.org/records/3378728. CC0 1.0.,TESS station stars60; photometric inflection method; night median MSAS=18.59; MSAS at inflection=19.84; depression=19.26°; smoothing=5-pt median; dark rows=405
isha,2018-07-29,21:39,-5,45.423323,-71.125958,0.0,Zamorano J. et al. (2019). TESS-W sky brightness network. Zenodo monthly archives. https://zenodo.org/records/3378728. CC0 1.0.,TESS station stars60; photometric inflection method; night median MSAS=19.07; MSAS at inflection=19.84; depression=19.37°; smoothing=5-pt median; dark rows=411
fajr,2018-07-30,03:04,-5,45.423323,-71.125958,0.0,Zamorano J. et al. (2019). TESS-W sky brightness network. Zenodo monthly archives. https://zenodo.org/records/3378728. CC0 1.0.,TESS station stars60; photometric inflection method; night median MSAS=19.07; MSAS at inflection=18.71; depression=12.46°; smoothing=5-pt median; dark rows=411
isha,2018-07-01,20:34,0,42.024592,0.734797,0.0,Zamorano J. et al. (2019). TESS-W sky brightness network. Zenodo monthly archives. https://zenodo.org/records/3378728. CC0 1.0.,TESS station stars62; photometric inflection method; night median MSAS=19.31; MSAS at inflection=17.90; depression=9.39°; smoothing=5-pt median; dark rows=387
isha,2018-07-02,20:40,0,42.024592,0.734797,0.0,Zamorano J. et al. (2019). TESS-W sky brightness network. Zenodo monthly archives. https://zenodo.org/records/3378728. CC0 1.0.,TESS station stars62; photometric inflection method; night median MSAS=19.90; MSAS at inflection=18.51; depression=10.17°; smoothing=5-pt median; dark rows=387
isha,2018-07-03,20:45,0,42.024592,0.734797,0.0,Zamorano J. et al. (2019). TESS-W sky brightness network. Zenodo monthly archives. https://zenodo.org/records/3378728. CC0 1.0.,TESS station stars62; photometric inflection method; night median MSAS=20.29; MSAS at inflection=19.10; depression=10.92°; smoothing=5-pt median; dark rows=385
fajr,2018-07-06,03:20,0,42.024592,0.734797,0.0,Zamorano J. et al. (2019). TESS-W sky brightness network. Zenodo monthly archives. https://zenodo.org/records/3378728. CC0 1.0.,TESS station stars62; photometric inflection method; night median MSAS=20.97; MSAS at inflection=18.54; depression=10.63°; smoothing=5-pt median; dark rows=394
fajr,2018-07-07,03:19,0,42.024592,0.734797,0.0,Zamorano J. et al. (2019). TESS-W sky brightness network. Zenodo monthly archives. https://zenodo.org/records/3378728. CC0 1.0.,TESS station stars62; photometric inflection method; night median MSAS=21.16; MSAS at inflection=18.68; depression=10.92°; smoothing=5-pt median; dark rows=392
isha,2018-07-09,20:50,0,42.024592,0.734797,0.0,Zamorano J. et al. (2019). TESS-W sky brightness network. Zenodo monthly archives. https://zenodo.org/records/3378728. CC0 1.0.,TESS station stars62; photometric inflection method; night median MSAS=21.30; MSAS at inflection=19.52; depression=11.90°; smoothing=5-pt median; dark rows=402
isha,2018-07-11,20:57,0,42.024592,0.734797,0.0,Zamorano J. et al. (2019). TESS-W sky brightness network. Zenodo monthly archives. https://zenodo.org/records/3378728. CC0 1.0.,TESS station stars62; photometric inflection method; night median MSAS=21.27; MSAS at inflection=20.30; depression=12.99°; smoothing=5-pt median; dark rows=409
fajr,2018-07-13,03:06,0,42.024592,0.734797,0.0,Zamorano J. et al. (2019). TESS-W sky brightness network. Zenodo monthly archives. https://zenodo.org/records/3378728. CC0 1.0.,TESS station stars62; photometric inflection method; night median MSAS=21.32; MSAS at inflection=20.57; depression=13.29°; smoothing=5-pt median; dark rows=408
fajr,2018-07-17,03:24,0,42.024592,0.734797,0.0,Zamorano J. et al. (2019). TESS-W sky brightness network. Zenodo monthly archives. https://zenodo.org/records/3378728. CC0 1.0.,TESS station stars62; photometric inflection method; night median MSAS=21.38; MSAS at inflection=19.38; depression=11.48°; smoothing=5-pt median; dark rows=412
fajr,2018-07-20,03:29,0,42.024592,0.734797,0.0,Zamorano J. et al. (2019). TESS-W sky brightness network. Zenodo monthly archives. https://zenodo.org/records/3378728. CC0 1.0.,TESS station stars62; photometric inflection method; night median MSAS=21.22; MSAS at inflection=19.39; depression=11.38°; smoothing=5-pt median; dark rows=420
fajr,2018-07-21,03:25,0,42.024592,0.734797,0.0,Zamorano J. et al. (2019). TESS-W sky brightness network. Zenodo monthly archives. https://zenodo.org/records/3378728. CC0 1.0.,TESS station stars62; photometric inflection method; night median MSAS=20.91; MSAS at inflection=19.81; depression=12.01°; smoothing=5-pt median; dark rows=406
isha,2018-07-22,20:30,0,42.024592,0.734797,0.0,Zamorano J. et al. (2019). TESS-W sky brightness network. Zenodo monthly archives. https://zenodo.org/records/3378728. CC0 1.0.,TESS station stars62; photometric inflection method; night median MSAS=20.29; MSAS at inflection=18.17; depression=10.76°; smoothing=5-pt median; dark rows=423
isha,2018-07-23,20:23,0,42.024592,0.734797,0.0,Zamorano J. et al. (2019). TESS-W sky brightness network. Zenodo monthly archives. https://zenodo.org/records/3378728. CC0 1.0.,TESS station stars62; photometric inflection method; night median MSAS=19.64; MSAS at inflection=17.47; depression=9.89°; smoothing=5-pt median; dark rows=426
fajr,2018-07-24,03:40,0,42.024592,0.734797,0.0,Zamorano J. et al. (2019). TESS-W sky brightness network. Zenodo monthly archives. https://zenodo.org/records/3378728. CC0 1.0.,TESS station stars62; photometric inflection method; night median MSAS=19.64; MSAS at inflection=18.32; depression=10.48°; smoothing=5-pt median; dark rows=426
isha,2018-07-24,20:16,0,42.024592,0.734797,0.0,Zamorano J. et al. (2019). TESS-W sky brightness network. Zenodo monthly archives. https://zenodo.org/records/3378728. CC0 1.0.,TESS station stars62; photometric inflection method; night median MSAS=19.20; MSAS at inflection=16.82; depression=9.04°; smoothing=5-pt median; dark rows=424
isha,2018-07-25,20:22,0,42.024592,0.734797,0.0,Zamorano J. et al. (2019). TESS-W sky brightness network. Zenodo monthly archives. https://zenodo.org/records/3378728. CC0 1.0.,TESS station stars62; photometric inflection method; night median MSAS=18.74; MSAS at inflection=17.55; depression=10.06°; smoothing=5-pt median; dark rows=153
fajr,2018-07-25,21:40,0,42.024592,0.734797,0.0,Zamorano J. et al. (2019). TESS-W sky brightness network. Zenodo monthly archives. https://zenodo.org/records/3378728. CC0 1.0.,TESS station stars62; photometric inflection method; night median MSAS=18.74; MSAS at inflection=18.79; depression=20.20°; smoothing=5-pt median; dark rows=153
fajr,2018-07-27,02:36,0,42.024592,0.734797,0.0,Zamorano J. et al. (2019). TESS-W sky brightness network. Zenodo monthly archives. https://zenodo.org/records/3378728. CC0 1.0.,TESS station stars62; photometric inflection method; night median MSAS=18.03; MSAS at inflection=18.33; depression=19.28°; smoothing=5-pt median; dark rows=421
isha,2018-07-27,20:18,0,42.024592,0.734797,0.0,Zamorano J. et al. (2019). TESS-W sky brightness network. Zenodo monthly archives. https://zenodo.org/records/3378728. CC0 1.0.,TESS station stars62; photometric inflection method; night median MSAS=18.01; MSAS at inflection=17.24; depression=9.86°; smoothing=5-pt median; dark rows=423
fajr,2018-07-28,02:46,0,42.024592,0.734797,0.0,Zamorano J. et al. (2019). TESS-W sky brightness network. Zenodo monthly archives. https://zenodo.org/records/3378728. CC0 1.0.,TESS station stars62; photometric inflection method; night median MSAS=18.01; MSAS at inflection=17.48; depression=18.32°; smoothing=5-pt median; dark rows=423
isha,2018-07-28,20:22,0,42.024592,0.734797,0.0,Zamorano J. et al. (2019). TESS-W sky brightness network. Zenodo monthly archives. https://zenodo.org/records/3378728. CC0 1.0.,TESS station stars62; photometric inflection method; night median MSAS=18.59; MSAS at inflection=18.40; depression=10.66°; smoothing=5-pt median; dark rows=425
fajr,2018-07-29,03:44,0,42.024592,0.734797,0.0,Zamorano J. et al. (2019). TESS-W sky brightness network. Zenodo monthly archives. https://zenodo.org/records/3378728. CC0 1.0.,TESS station stars62; photometric inflection method; night median MSAS=18.59; MSAS at inflection=18.08; depression=10.69°; smoothing=5-pt median; dark rows=425
isha,2018-07-29,20:09,0,42.024592,0.734797,0.0,Zamorano J. et al. (2019). TESS-W sky brightness network. Zenodo monthly archives. https://zenodo.org/records/3378728. CC0 1.0.,TESS station stars62; photometric inflection method; night median MSAS=18.83; MSAS at inflection=16.96; depression=8.84°; smoothing=5-pt median; dark rows=435
fajr,2018-07-30,03:59,0,42.024592,0.734797,0.0,Zamorano J. et al. (2019). TESS-W sky brightness network. Zenodo monthly archives. https://zenodo.org/records/3378728. CC0 1.0.,TESS station stars62; photometric inflection method; night median MSAS=18.83; MSAS at inflection=16.54; depression=8.70°; smoothing=5-pt median; dark rows=435
isha,2018-07-30,20:15,0,42.024592,0.734797,0.0,Zamorano J. et al. (2019). TESS-W sky brightness network. Zenodo monthly archives. https://zenodo.org/records/3378728. CC0 1.0.,TESS station stars62; photometric inflection method; night median MSAS=19.11; MSAS at inflection=17.73; depression=9.93°; smoothing=5-pt median; dark rows=440
fajr,2018-07-31,03:51,0,42.024592,0.734797,0.0,Zamorano J. et al. (2019). TESS-W sky brightness network. Zenodo monthly archives. https://zenodo.org/records/3378728. CC0 1.0.,TESS station stars62; photometric inflection method; night median MSAS=19.11; MSAS at inflection=17.59; depression=10.08°; smoothing=5-pt median; dark rows=440
fajr,2018-07-31,21:39,0,42.024592,0.734797,0.0,Zamorano J. et al. (2019). TESS-W sky brightness network. Zenodo monthly archives. https://zenodo.org/records/3378728. CC0 1.0.,TESS station stars62; photometric inflection method; night median MSAS=20.18; MSAS at inflection=20.89; depression=21.36°; smoothing=5-pt median; dark rows=213
isha,2018-07-01,21:24,1,45.051036,10.919761,0.0,Zamorano J. et al. (2019). TESS-W sky brightness network. Zenodo monthly archives. https://zenodo.org/records/3378728. CC0 1.0.,TESS station stars64; photometric inflection method; night median MSAS=18.51; MSAS at inflection=18.38; depression=11.03°; smoothing=5-pt median; dark rows=363
fajr,2018-07-02,00:20,1,45.051036,10.919761,0.0,Zamorano J. et al. (2019). TESS-W sky brightness network. Zenodo monthly archives. https://zenodo.org/records/3378728. CC0 1.0.,TESS station stars64; photometric inflection method; night median MSAS=18.51; MSAS at inflection=18.31; depression=21.90°; smoothing=5-pt median; dark rows=363
isha,2018-07-02,21:04,1,45.051036,10.919761,0.0,Zamorano J. et al. (2019). TESS-W sky brightness network. Zenodo monthly archives. https://zenodo.org/records/3378728. CC0 1.0.,TESS station stars64; photometric inflection method; night median MSAS=18.45; MSAS at inflection=16.97; depression=8.63°; smoothing=5-pt median; dark rows=323
isha,2018-07-03,22:46,1,45.051036,10.919761,0.0,Zamorano J. et al. (2019). TESS-W sky brightness network. Zenodo monthly archives. https://zenodo.org/records/3378728. CC0 1.0.,TESS station stars64; photometric inflection method; night median MSAS=18.11; MSAS at inflection=18.20; depression=18.76°; smoothing=5-pt median; dark rows=361
isha,2018-07-05,21:31,1,45.051036,10.919761,0.0,Zamorano J. et al. (2019). TESS-W sky brightness network. Zenodo monthly archives. https://zenodo.org/records/3378728. CC0 1.0.,TESS station stars64; photometric inflection method; night median MSAS=20.04; MSAS at inflection=18.90; depression=12.01°; smoothing=5-pt median; dark rows=369
isha,2018-07-09,21:06,1,45.051036,10.919761,0.0,Zamorano J. et al. (2019). TESS-W sky brightness network. Zenodo monthly archives. https://zenodo.org/records/3378728. CC0 1.0.,TESS station stars64; photometric inflection method; night median MSAS=18.32; MSAS at inflection=16.80; depression=9.41°; smoothing=5-pt median; dark rows=374
fajr,2018-07-11,02:23,1,45.051036,10.919761,0.0,Zamorano J. et al. (2019). TESS-W sky brightness network. Zenodo monthly archives. https://zenodo.org/records/3378728. CC0 1.0.,TESS station stars64; photometric inflection method; night median MSAS=19.02; MSAS at inflection=18.87; depression=17.36°; smoothing=5-pt median; dark rows=349
fajr,2018-07-12,03:09,1,45.051036,10.919761,0.0,Zamorano J. et al. (2019). TESS-W sky brightness network. Zenodo monthly archives. https://zenodo.org/records/3378728. CC0 1.0.,TESS station stars64; photometric inflection method; night median MSAS=19.06; MSAS at inflection=19.06; depression=12.84°; smoothing=5-pt median; dark rows=379
isha,2018-07-12,21:23,1,45.051036,10.919761,0.0,Zamorano J. et al. (2019). TESS-W sky brightness network. Zenodo monthly archives. https://zenodo.org/records/3378728. CC0 1.0.,TESS station stars64; photometric inflection method; night median MSAS=18.93; MSAS at inflection=18.34; depression=11.68°; smoothing=5-pt median; dark rows=381
isha,2018-07-13,23:21,1,45.051036,10.919761,0.0,Zamorano J. et al. (2019). TESS-W sky brightness network. Zenodo monthly archives. https://zenodo.org/records/3378728. CC0 1.0.,TESS station stars64; photometric inflection method; night median MSAS=19.66; MSAS at inflection=19.59; depression=21.83°; smoothing=5-pt median; dark rows=375
fajr,2018-07-14,03:18,1,45.051036,10.919761,0.0,Zamorano J. et al. (2019). TESS-W sky brightness network. Zenodo monthly archives. https://zenodo.org/records/3378728. CC0 1.0.,TESS station stars64; photometric inflection method; night median MSAS=19.66; MSAS at inflection=19.34; depression=12.15°; smoothing=5-pt median; dark rows=375
isha,2018-07-14,21:48,1,45.051036,10.919761,0.0,Zamorano J. et al. (2019). TESS-W sky brightness network. Zenodo monthly archives. https://zenodo.org/records/3378728. CC0 1.0.,TESS station stars64; photometric inflection method; night median MSAS=19.45; MSAS at inflection=18.04; depression=14.74°; smoothing=5-pt median; dark rows=385
fajr,2018-07-15,03:10,1,45.051036,10.919761,0.0,Zamorano J. et al. (2019). TESS-W sky brightness network. Zenodo monthly archives. https://zenodo.org/records/3378728. CC0 1.0.,TESS station stars64; photometric inflection method; night median MSAS=19.45; MSAS at inflection=19.75; depression=13.13°; smoothing=5-pt median; dark rows=385
isha,2018-07-15,21:41,1,45.051036,10.919761,0.0,Zamorano J. et al. (2019). TESS-W sky brightness network. Zenodo monthly archives. https://zenodo.org/records/3378728. CC0 1.0.,TESS station stars64; photometric inflection method; night median MSAS=19.18; MSAS at inflection=19.85; depression=14.07°; smoothing=5-pt median; dark rows=360
fajr,2018-07-17,03:19,1,45.051036,10.919761,0.0,Zamorano J. et al. (2019). TESS-W sky brightness network. Zenodo monthly archives. https://zenodo.org/records/3378728. CC0 1.0.,TESS station stars64; photometric inflection method; night median MSAS=20.19; MSAS at inflection=19.65; depression=12.43°; smoothing=5-pt median; dark rows=321
isha,2018-07-17,21:44,1,45.051036,10.919761,0.0,Zamorano J. et al. (2019). TESS-W sky brightness network. Zenodo monthly archives. https://zenodo.org/records/3378728. CC0 1.0.,TESS station stars64; photometric inflection method; night median MSAS=20.16; MSAS at inflection=19.77; depression=14.71°; smoothing=5-pt median; dark rows=372
fajr,2018-07-18,01:32,1,45.051036,10.919761,0.0,Zamorano J. et al. (2019). TESS-W sky brightness network. Zenodo monthly archives. https://zenodo.org/records/3378728. CC0 1.0.,TESS station stars64; photometric inflection method; night median MSAS=20.16; MSAS at inflection=20.22; depression=21.98°; smoothing=5-pt median; dark rows=372
isha,2018-07-25,02:15,1,45.051036,10.919761,0.0,Zamorano J. et al. (2019). TESS-W sky brightness network. Zenodo monthly archives. https://zenodo.org/records/3378728. CC0 1.0.,TESS station stars64; photometric inflection method; night median MSAS=19.09; MSAS at inflection=19.34; depression=20.36°; smoothing=5-pt median; dark rows=189
fajr,2018-07-25,02:28,1,45.051036,10.919761,0.0,Zamorano J. et al. (2019). TESS-W sky brightness network. Zenodo monthly archives. https://zenodo.org/records/3378728. CC0 1.0.,TESS station stars64; photometric inflection method; night median MSAS=19.09; MSAS at inflection=19.42; depression=19.22°; smoothing=5-pt median; dark rows=189
isha,2018-07-25,21:07,1,45.051036,10.919761,0.0,Zamorano J. et al. (2019). TESS-W sky brightness network. Zenodo monthly archives. https://zenodo.org/records/3378728. CC0 1.0.,TESS station stars64; photometric inflection method; night median MSAS=18.45; MSAS at inflection=18.32; depression=11.68°; smoothing=5-pt median; dark rows=174
fajr,2018-07-27,03:52,1,45.051036,10.919761,0.0,Zamorano J. et al. (2019). TESS-W sky brightness network. Zenodo monthly archives. https://zenodo.org/records/3378728. CC0 1.0.,TESS station stars64; photometric inflection method; night median MSAS=18.12; MSAS at inflection=17.77; depression=10.01°; smoothing=5-pt median; dark rows=414
isha,2018-07-27,22:09,1,45.051036,10.919761,0.0,Zamorano J. et al. (2019). TESS-W sky brightness network. Zenodo monthly archives. https://zenodo.org/records/3378728. CC0 1.0.,TESS station stars64; photometric inflection method; night median MSAS=18.00; MSAS at inflection=19.99; depression=19.11°; smoothing=5-pt median; dark rows=387
isha,2018-07-28,21:07,1,45.051036,10.919761,0.0,Zamorano J. et al. (2019). TESS-W sky brightness network. Zenodo monthly archives. https://zenodo.org/records/3378728. CC0 1.0.,TESS station stars64; photometric inflection method; night median MSAS=18.05; MSAS at inflection=18.82; depression=12.22°; smoothing=5-pt median; dark rows=418
isha,2018-07-31,22:24,1,45.051036,10.919761,0.0,Zamorano J. et al. (2019). TESS-W sky brightness network. Zenodo monthly archives. https://zenodo.org/records/3378728. CC0 1.0.,TESS station stars64; photometric inflection method; night median MSAS=18.65; MSAS at inflection=18.68; depression=21.38°; smoothing=5-pt median; dark rows=245
fajr,2018-07-31,22:31,1,45.051036,10.919761,0.0,Zamorano J. et al. (2019). TESS-W sky brightness network. Zenodo monthly archives. https://zenodo.org/records/3378728. CC0 1.0.,TESS station stars64; photometric inflection method; night median MSAS=18.65; MSAS at inflection=18.71; depression=21.99°; smoothing=5-pt median; dark rows=245
isha,2018-07-01,22:47,1,48.231395,16.334225,0.0,Zamorano J. et al. (2019). TESS-W sky brightness network. Zenodo monthly archives. https://zenodo.org/records/3378728. CC0 1.0.,TESS station stars65; photometric inflection method; night median MSAS=18.74; MSAS at inflection=18.44; depression=16.95°; smoothing=5-pt median; dark rows=305
fajr,2018-07-02,02:51,1,48.231395,16.334225,0.0,Zamorano J. et al. (2019). TESS-W sky brightness network. Zenodo monthly archives. https://zenodo.org/records/3378728. CC0 1.0.,TESS station stars65; photometric inflection method; night median MSAS=18.74; MSAS at inflection=16.54; depression=8.86°; smoothing=5-pt median; dark rows=305
isha,2018-07-02,23:46,1,48.231395,16.334225,0.0,Zamorano J. et al. (2019). TESS-W sky brightness network. Zenodo monthly archives. https://zenodo.org/records/3378728. CC0 1.0.,TESS station stars65; photometric inflection method; night median MSAS=18.91; MSAS at inflection=18.97; depression=18.74°; smoothing=5-pt median; dark rows=298
fajr,2018-07-03,23:55,1,48.231395,16.334225,0.0,Zamorano J. et al. (2019). TESS-W sky brightness network. Zenodo monthly archives. https://zenodo.org/records/3378728. CC0 1.0.,TESS station stars65; photometric inflection method; night median MSAS=18.65; MSAS at inflection=17.98; depression=18.87°; smoothing=5-pt median; dark rows=322
isha,2018-07-11,21:15,1,48.231395,16.334225,0.0,Zamorano J. et al. (2019). TESS-W sky brightness network. Zenodo monthly archives. https://zenodo.org/records/3378728. CC0 1.0.,TESS station stars65; photometric inflection method; night median MSAS=18.79; MSAS at inflection=17.97; depression=10.64°; smoothing=5-pt median; dark rows=337
isha,2018-07-12,21:45,1,48.231395,16.334225,0.0,Zamorano J. et al. (2019). TESS-W sky brightness network. Zenodo monthly archives. https://zenodo.org/records/3378728. CC0 1.0.,TESS station stars65; photometric inflection method; night median MSAS=19.05; MSAS at inflection=18.84; depression=13.63°; smoothing=5-pt median; dark rows=340
fajr,2018-07-13,02:49,1,48.231395,16.334225,0.0,Zamorano J. et al. (2019). TESS-W sky brightness network. Zenodo monthly archives. https://zenodo.org/records/3378728. CC0 1.0.,TESS station stars65; photometric inflection method; night median MSAS=19.05; MSAS at inflection=17.96; depression=10.36°; smoothing=5-pt median; dark rows=340
fajr,2018-07-14,00:44,1,48.231395,16.334225,0.0,Zamorano J. et al. (2019). TESS-W sky brightness network. Zenodo monthly archives. https://zenodo.org/records/3378728. CC0 1.0.,TESS station stars65; photometric inflection method; night median MSAS=18.66; MSAS at inflection=17.82; depression=19.37°; smoothing=5-pt median; dark rows=346
isha,2018-07-14,22:57,1,48.231395,16.334225,0.0,Zamorano J. et al. (2019). TESS-W sky brightness network. Zenodo monthly archives. https://zenodo.org/records/3378728. CC0 1.0.,TESS station stars65; photometric inflection method; night median MSAS=18.12; MSAS at inflection=17.93; depression=18.80°; smoothing=5-pt median; dark rows=342
fajr,2018-07-15,00:02,1,48.231395,16.334225,0.0,Zamorano J. et al. (2019). TESS-W sky brightness network. Zenodo monthly archives. https://zenodo.org/records/3378728. CC0 1.0.,TESS station stars65; photometric inflection method; night median MSAS=18.12; MSAS at inflection=17.76; depression=20.20°; smoothing=5-pt median; dark rows=342
isha,2018-07-15,21:40,1,48.231395,16.334225,0.0,Zamorano J. et al. (2019). TESS-W sky brightness network. Zenodo monthly archives. https://zenodo.org/records/3378728. CC0 1.0.,TESS station stars65; photometric inflection method; night median MSAS=18.59; MSAS at inflection=17.90; depression=13.63°; smoothing=5-pt median; dark rows=338
fajr,2018-07-16,03:08,1,48.231395,16.334225,0.0,Zamorano J. et al. (2019). TESS-W sky brightness network. Zenodo monthly archives. https://zenodo.org/records/3378728. CC0 1.0.,TESS station stars65; photometric inflection method; night median MSAS=18.59; MSAS at inflection=16.78; depression=8.77°; smoothing=5-pt median; dark rows=338
isha,2018-07-16,23:56,1,48.231395,16.334225,0.0,Zamorano J. et al. (2019). TESS-W sky brightness network. Zenodo monthly archives. https://zenodo.org/records/3378728. CC0 1.0.,TESS station stars65; photometric inflection method; night median MSAS=17.66; MSAS at inflection=17.84; depression=20.52°; smoothing=5-pt median; dark rows=355
fajr,2018-07-17,02:20,1,48.231395,16.334225,0.0,Zamorano J. et al. (2019). TESS-W sky brightness network. Zenodo monthly archives. https://zenodo.org/records/3378728. CC0 1.0.,TESS station stars65; photometric inflection method; night median MSAS=17.66; MSAS at inflection=18.11; depression=13.87°; smoothing=5-pt median; dark rows=355
fajr,2018-07-18,03:06,1,48.231395,16.334225,0.0,Zamorano J. et al. (2019). TESS-W sky brightness network. Zenodo monthly archives. https://zenodo.org/records/3378728. CC0 1.0.,TESS station stars65; photometric inflection method; night median MSAS=17.88; MSAS at inflection=16.22; depression=9.21°; smoothing=5-pt median; dark rows=356
isha,2018-07-20,21:46,1,48.231395,16.334225,0.0,Zamorano J. et al. (2019). TESS-W sky brightness network. Zenodo monthly archives. https://zenodo.org/records/3378728. CC0 1.0.,TESS station stars65; photometric inflection method; night median MSAS=18.83; MSAS at inflection=18.50; depression=14.97°; smoothing=5-pt median; dark rows=353
fajr,2018-07-21,02:27,1,48.231395,16.334225,0.0,Zamorano J. et al. (2019). TESS-W sky brightness network. Zenodo monthly archives. https://zenodo.org/records/3378728. CC0 1.0.,TESS station stars65; photometric inflection method; night median MSAS=18.83; MSAS at inflection=18.90; depression=13.83°; smoothing=5-pt median; dark rows=353
fajr,2018-07-24,02:28,1,48.231395,16.334225,0.0,Zamorano J. et al. (2019). TESS-W sky brightness network. Zenodo monthly archives. https://zenodo.org/records/3378728. CC0 1.0.,TESS station stars65; photometric inflection method; night median MSAS=18.46; MSAS at inflection=18.78; depression=14.37°; smoothing=5-pt median; dark rows=372
isha,2018-07-24,22:51,1,48.231395,16.334225,0.0,Zamorano J. et al. (2019). TESS-W sky brightness network. Zenodo monthly archives. https://zenodo.org/records/3378728. CC0 1.0.,TESS station stars65; photometric inflection method; night median MSAS=18.38; MSAS at inflection=18.05; depression=20.26°; smoothing=5-pt median; dark rows=354
fajr,2018-07-25,00:25,1,48.231395,16.334225,0.0,Zamorano J. et al. (2019). TESS-W sky brightness network. Zenodo monthly archives. https://zenodo.org/records/3378728. CC0 1.0.,TESS station stars65; photometric inflection method; night median MSAS=18.38; MSAS at inflection=18.52; depression=21.85°; smoothing=5-pt median; dark rows=354
fajr,2018-07-25,21:55,1,48.231395,16.334225,0.0,Zamorano J. et al. (2019). TESS-W sky brightness network. Zenodo monthly archives. https://zenodo.org/records/3378728. CC0 1.0.,TESS station stars65; photometric inflection method; night median MSAS=18.36; MSAS at inflection=18.38; depression=16.66°; smoothing=5-pt median; dark rows=184
fajr,2018-07-27,00:50,1,48.231395,16.334225,0.0,Zamorano J. et al. (2019). TESS-W sky brightness network. Zenodo monthly archives. https://zenodo.org/records/3378728. CC0 1.0.,TESS station stars65; photometric inflection method; night median MSAS=18.02; MSAS at inflection=17.47; depression=21.60°; smoothing=5-pt median; dark rows=275
isha,2018-07-28,22:28,1,48.231395,16.334225,0.0,Zamorano J. et al. (2019). TESS-W sky brightness network. Zenodo monthly archives. https://zenodo.org/records/3378728. CC0 1.0.,TESS station stars65; photometric inflection method; night median MSAS=18.06; MSAS at inflection=18.24; depression=19.82°; smoothing=5-pt median; dark rows=384
fajr,2018-07-30,02:29,1,48.231395,16.334225,0.0,Zamorano J. et al. (2019). TESS-W sky brightness network. Zenodo monthly archives. https://zenodo.org/records/3378728. CC0 1.0.,TESS station stars65; photometric inflection method; night median MSAS=18.16; MSAS at inflection=18.17; depression=15.48°; smoothing=5-pt median; dark rows=376
isha,2018-07-31,21:19,1,48.231395,16.334225,0.0,Zamorano J. et al. (2019). TESS-W sky brightness network. Zenodo monthly archives. https://zenodo.org/records/3378728. CC0 1.0.,TESS station stars65; photometric inflection method; night median MSAS=18.47; MSAS at inflection=16.76; depression=14.51°; smoothing=5-pt median; dark rows=249
fajr,2018-07-01,03:23,0,39.78058,-6.0163,0.0,Zamorano J. et al. (2019). TESS-W sky brightness network. Zenodo monthly archives. https://zenodo.org/records/3378728. CC0 1.0.,TESS station stars66; photometric inflection method; night median MSAS=17.93; MSAS at inflection=18.45; depression=14.95°; smoothing=5-pt median; dark rows=239
isha,2018-07-01,21:03,0,39.78058,-6.0163,0.0,Zamorano J. et al. (2019). TESS-W sky brightness network. Zenodo monthly archives. https://zenodo.org/records/3378728. CC0 1.0.,TESS station stars66; photometric inflection method; night median MSAS=19.51; MSAS at inflection=19.16; depression=11.09°; smoothing=5-pt median; dark rows=408
fajr,2018-07-02,03:31,0,39.78058,-6.0163,0.0,Zamorano J. et al. (2019). TESS-W sky brightness network. Zenodo monthly archives. https://zenodo.org/records/3378728. CC0 1.0.,TESS station stars66; photometric inflection method; night median MSAS=19.51; MSAS at inflection=18.81; depression=13.96°; smoothing=5-pt median; dark rows=408
isha,2018-07-02,21:24,0,39.78058,-6.0163,0.0,Zamorano J. et al. (2019). TESS-W sky brightness network. Zenodo monthly archives. https://zenodo.org/records/3378728. CC0 1.0.,TESS station stars66; photometric inflection method; night median MSAS=19.96; MSAS at inflection=20.58; depression=14.06°; smoothing=5-pt median; dark rows=391
fajr,2018-07-03,03:57,0,39.78058,-6.0163,0.0,Zamorano J. et al. (2019). TESS-W sky brightness network. Zenodo monthly archives. https://zenodo.org/records/3378728. CC0 1.0.,TESS station stars66; photometric inflection method; night median MSAS=19.96; MSAS at inflection=17.88; depression=10.57°; smoothing=5-pt median; dark rows=391
isha,2018-07-03,20:55,0,39.78058,-6.0163,0.0,Zamorano J. et al. (2019). TESS-W sky brightness network. Zenodo monthly archives. https://zenodo.org/records/3378728. CC0 1.0.,TESS station stars66; photometric inflection method; night median MSAS=20.28; MSAS at inflection=18.34; depression=10.08°; smoothing=5-pt median; dark rows=424
isha,2018-07-05,21:28,0,39.78058,-6.0163,0.0,Zamorano J. et al. (2019). TESS-W sky brightness network. Zenodo monthly archives. https://zenodo.org/records/3378728. CC0 1.0.,TESS station stars66; photometric inflection method; night median MSAS=20.82; MSAS at inflection=21.09; depression=14.67°; smoothing=5-pt median; dark rows=406
fajr,2018-07-06,03:05,0,39.78058,-6.0163,0.0,Zamorano J. et al. (2019). TESS-W sky brightness network. Zenodo monthly archives. https://zenodo.org/records/3378728. CC0 1.0.,TESS station stars66; photometric inflection method; night median MSAS=20.82; MSAS at inflection=19.58; depression=17.60°; smoothing=5-pt median; dark rows=406
isha,2018-07-15,21:02,0,39.78058,-6.0163,0.0,Zamorano J. et al. (2019). TESS-W sky brightness network. Zenodo monthly archives. https://zenodo.org/records/3378728. CC0 1.0.,TESS station stars66; photometric inflection method; night median MSAS=21.11; MSAS at inflection=19.71; depression=12.06°; smoothing=5-pt median; dark rows=438
isha,2018-07-17,20:55,0,39.78058,-6.0163,0.0,Zamorano J. et al. (2019). TESS-W sky brightness network. Zenodo monthly archives. https://zenodo.org/records/3378728. CC0 1.0.,TESS station stars66; photometric inflection method; night median MSAS=21.06; MSAS at inflection=18.85; depression=11.14°; smoothing=5-pt median; dark rows=441
fajr,2018-07-18,02:43,0,39.78058,-6.0163,0.0,Zamorano J. et al. (2019). TESS-W sky brightness network. Zenodo monthly archives. https://zenodo.org/records/3378728. CC0 1.0.,TESS station stars66; photometric inflection method; night median MSAS=21.06; MSAS at inflection=21.10; depression=21.71°; smoothing=5-pt median; dark rows=441
fajr,2018-07-20,04:08,0,39.78058,-6.0163,0.0,Zamorano J. et al. (2019). TESS-W sky brightness network. Zenodo monthly archives. https://zenodo.org/records/3378728. CC0 1.0.,TESS station stars66; photometric inflection method; night median MSAS=21.05; MSAS at inflection=18.79; depression=10.97°; smoothing=5-pt median; dark rows=432
fajr,2018-07-21,03:52,0,39.78058,-6.0163,0.0,Zamorano J. et al. (2019). TESS-W sky brightness network. Zenodo monthly archives. https://zenodo.org/records/3378728. CC0 1.0.,TESS station stars66; photometric inflection method; night median MSAS=20.70; MSAS at inflection=20.62; depression=13.54°; smoothing=5-pt median; dark rows=416
fajr,2018-07-22,03:58,0,39.78058,-6.0163,0.0,Zamorano J. et al. (2019). TESS-W sky brightness network. Zenodo monthly archives. https://zenodo.org/records/3378728. CC0 1.0.,TESS station stars66; photometric inflection method; night median MSAS=19.92; MSAS at inflection=20.07; depression=12.78°; smoothing=5-pt median; dark rows=449
isha,2018-07-22,20:42,0,39.78058,-6.0163,0.0,Zamorano J. et al. (2019). TESS-W sky brightness network. Zenodo monthly archives. https://zenodo.org/records/3378728. CC0 1.0.,TESS station stars66; photometric inflection method; night median MSAS=20.00; MSAS at inflection=17.53; depression=9.99°; smoothing=5-pt median; dark rows=450
isha,2018-07-25,20:33,0,39.78058,-6.0163,0.0,Zamorano J. et al. (2019). TESS-W sky brightness network. Zenodo monthly archives. https://zenodo.org/records/3378728. CC0 1.0.,TESS station stars66; photometric inflection method; night median MSAS=19.05; MSAS at inflection=16.64; depression=8.93°; smoothing=5-pt median; dark rows=124
fajr,2018-07-25,21:29,0,39.78058,-6.0163,0.0,Zamorano J. et al. (2019). TESS-W sky brightness network. Zenodo monthly archives. https://zenodo.org/records/3378728. CC0 1.0.,TESS station stars66; photometric inflection method; night median MSAS=19.05; MSAS at inflection=19.20; depression=17.19°; smoothing=5-pt median; dark rows=124
fajr,2018-07-28,04:17,0,39.78058,-6.0163,0.0,Zamorano J. et al. (2019). TESS-W sky brightness network. Zenodo monthly archives. https://zenodo.org/records/3378728. CC0 1.0.,TESS station stars66; photometric inflection method; night median MSAS=18.51; MSAS at inflection=18.36; depression=10.94°; smoothing=5-pt median; dark rows=443
fajr,2018-07-29,04:20,0,39.78058,-6.0163,0.0,Zamorano J. et al. (2019). TESS-W sky brightness network. Zenodo monthly archives. https://zenodo.org/records/3378728. CC0 1.0.,TESS station stars66; photometric inflection method; night median MSAS=18.96; MSAS at inflection=18.09; depression=10.70°; smoothing=5-pt median; dark rows=463
isha,2018-07-29,20:42,0,39.78058,-6.0163,0.0,Zamorano J. et al. (2019). TESS-W sky brightness network. Zenodo monthly archives. https://zenodo.org/records/3378728. CC0 1.0.,TESS station stars66; photometric inflection method; night median MSAS=19.03; MSAS at inflection=18.90; depression=11.16°; smoothing=5-pt median; dark rows=455
fajr,2018-07-30,04:12,0,39.78058,-6.0163,0.0,Zamorano J. et al. (2019). TESS-W sky brightness network. Zenodo monthly archives. https://zenodo.org/records/3378728. CC0 1.0.,TESS station stars66; photometric inflection method; night median MSAS=19.03; MSAS at inflection=18.68; depression=12.09°; smoothing=5-pt median; dark rows=455
fajr,2018-07-31,04:24,0,39.78058,-6.0163,0.0,Zamorano J. et al. (2019). TESS-W sky brightness network. Zenodo monthly archives. https://zenodo.org/records/3378728. CC0 1.0.,TESS station stars66; photometric inflection method; night median MSAS=19.37; MSAS at inflection=17.84; depression=10.35°; smoothing=5-pt median; dark rows=463
isha,2018-07-02,21:08,0,42.81732,-1.64543,0.0,Zamorano J. et al. (2019). TESS-W sky brightness network. Zenodo monthly archives. https://zenodo.org/records/3378728. CC0 1.0.,TESS station stars7; photometric inflection method; night median MSAS=17.71; MSAS at inflection=16.83; depression=11.97°; smoothing=5-pt median; dark rows=358
fajr,2018-07-03,03:09,0,42.81732,-1.64543,0.0,Zamorano J. et al. (2019). TESS-W sky brightness network. Zenodo monthly archives. https://zenodo.org/records/3378728. CC0 1.0.,TESS station stars7; photometric inflection method; night median MSAS=17.71; MSAS at inflection=17.45; depression=12.39°; smoothing=5-pt median; dark rows=358
isha,2018-07-03,20:45,0,42.81732,-1.64543,0.0,Zamorano J. et al. (2019). TESS-W sky brightness network. Zenodo monthly archives. https://zenodo.org/records/3378728. CC0 1.0.,TESS station stars7; photometric inflection method; night median MSAS=18.20; MSAS at inflection=16.90; depression=9.09°; smoothing=5-pt median; dark rows=352
isha,2018-07-05,22:48,0,42.81732,-1.64543,0.0,Zamorano J. et al. (2019). TESS-W sky brightness network. Zenodo monthly archives. https://zenodo.org/records/3378728. CC0 1.0.,TESS station stars7; photometric inflection method; night median MSAS=17.78; MSAS at inflection=18.10; depression=21.76°; smoothing=5-pt median; dark rows=367
fajr,2018-07-06,02:38,0,42.81732,-1.64543,0.0,Zamorano J. et al. (2019). TESS-W sky brightness network. Zenodo monthly archives. https://zenodo.org/records/3378728. CC0 1.0.,TESS station stars7; photometric inflection method; night median MSAS=17.78; MSAS at inflection=18.25; depression=16.21°; smoothing=5-pt median; dark rows=367
fajr,2018-07-18,03:41,0,42.81732,-1.64543,0.0,Zamorano J. et al. (2019). TESS-W sky brightness network. Zenodo monthly archives. https://zenodo.org/records/3378728. CC0 1.0.,TESS station stars7; photometric inflection method; night median MSAS=18.62; MSAS at inflection=17.61; depression=10.14°; smoothing=5-pt median; dark rows=204
isha,2018-07-18,20:29,0,42.81732,-1.64543,0.0,Zamorano J. et al. (2019). TESS-W sky brightness network. Zenodo monthly archives. https://zenodo.org/records/3378728. CC0 1.0.,TESS station stars7; photometric inflection method; night median MSAS=18.49; MSAS at inflection=16.01; depression=8.14°; smoothing=5-pt median; dark rows=390
fajr,2018-07-19,03:25,0,42.81732,-1.64543,0.0,Zamorano J. et al. (2019). TESS-W sky brightness network. Zenodo monthly archives. https://zenodo.org/records/3378728. CC0 1.0.,TESS station stars7; photometric inflection method; night median MSAS=18.49; MSAS at inflection=18.21; depression=12.42°; smoothing=5-pt median; dark rows=390
isha,2018-07-22,20:47,0,42.81732,-1.64543,0.0,Zamorano J. et al. (2019). TESS-W sky brightness network. Zenodo monthly archives. https://zenodo.org/records/3378728. CC0 1.0.,TESS station stars7; photometric inflection method; night median MSAS=18.67; MSAS at inflection=17.76; depression=11.31°; smoothing=5-pt median; dark rows=389
fajr,2018-07-23,03:49,0,42.81732,-1.64543,0.0,Zamorano J. et al. (2019). TESS-W sky brightness network. Zenodo monthly archives. https://zenodo.org/records/3378728. CC0 1.0.,TESS station stars7; photometric inflection method; night median MSAS=18.67; MSAS at inflection=17.52; depression=9.78°; smoothing=5-pt median; dark rows=389
isha,2018-07-23,20:27,0,42.81732,-1.64543,0.0,Zamorano J. et al. (2019). TESS-W sky brightness network. Zenodo monthly archives. https://zenodo.org/records/3378728. CC0 1.0.,TESS station stars7; photometric inflection method; night median MSAS=18.10; MSAS at inflection=16.26; depression=8.67°; smoothing=5-pt median; dark rows=398
fajr,2018-07-24,02:34,0,42.81732,-1.64543,0.0,Zamorano J. et al. (2019). TESS-W sky brightness network. Zenodo monthly archives. https://zenodo.org/records/3378728. CC0 1.0.,TESS station stars7; photometric inflection method; night median MSAS=18.10; MSAS at inflection=18.29; depression=19.38°; smoothing=5-pt median; dark rows=398
isha,2018-07-24,20:28,0,42.81732,-1.64543,0.0,Zamorano J. et al. (2019). TESS-W sky brightness network. Zenodo monthly archives. https://zenodo.org/records/3378728. CC0 1.0.,TESS station stars7; photometric inflection method; night median MSAS=18.06; MSAS at inflection=16.45; depression=8.89°; smoothing=5-pt median; dark rows=397
fajr,2018-07-25,03:09,0,42.81732,-1.64543,0.0,Zamorano J. et al. (2019). TESS-W sky brightness network. Zenodo monthly archives. https://zenodo.org/records/3378728. CC0 1.0.,TESS station stars7; photometric inflection method; night median MSAS=18.06; MSAS at inflection=17.54; depression=15.45°; smoothing=5-pt median; dark rows=397
isha,2018-07-25,20:43,0,42.81732,-1.64543,0.0,Zamorano J. et al. (2019). TESS-W sky brightness network. Zenodo monthly archives. https://zenodo.org/records/3378728. CC0 1.0.,TESS station stars7; photometric inflection method; night median MSAS=17.66; MSAS at inflection=17.32; depression=11.26°; smoothing=5-pt median; dark rows=126
fajr,2018-07-25,21:31,0,42.81732,-1.64543,0.0,Zamorano J. et al. (2019). TESS-W sky brightness network. Zenodo monthly archives. https://zenodo.org/records/3378728. CC0 1.0.,TESS station stars7; photometric inflection method; night median MSAS=17.66; MSAS at inflection=17.62; depression=17.47°; smoothing=5-pt median; dark rows=126
isha,2018-07-26,21:01,0,42.81732,-1.64543,0.0,Zamorano J. et al. (2019). TESS-W sky brightness network. Zenodo monthly archives. https://zenodo.org/records/3378728. CC0 1.0.,TESS station stars7; photometric inflection method; night median MSAS=17.55; MSAS at inflection=16.65; depression=13.91°; smoothing=5-pt median; dark rows=401
fajr,2018-07-27,04:04,0,42.81732,-1.64543,0.0,Zamorano J. et al. (2019). TESS-W sky brightness network. Zenodo monthly archives. https://zenodo.org/records/3378728. CC0 1.0.,TESS station stars7; photometric inflection method; night median MSAS=17.55; MSAS at inflection=16.24; depression=8.31°; smoothing=5-pt median; dark rows=401
fajr,2018-07-29,04:05,0,42.81732,-1.64543,0.0,Zamorano J. et al. (2019). TESS-W sky brightness network. Zenodo monthly archives. https://zenodo.org/records/3378728. CC0 1.0.,TESS station stars7; photometric inflection method; night median MSAS=18.08; MSAS at inflection=16.46; depression=8.58°; smoothing=5-pt median; dark rows=403
isha,2018-07-29,22:03,0,42.81732,-1.64543,0.0,Zamorano J. et al. (2019). TESS-W sky brightness network. Zenodo monthly archives. https://zenodo.org/records/3378728. CC0 1.0.,TESS station stars7; photometric inflection method; night median MSAS=17.64; MSAS at inflection=17.16; depression=21.78°; smoothing=5-pt median; dark rows=403
fajr,2018-07-30,03:59,0,42.81732,-1.64543,0.0,Zamorano J. et al. (2019). TESS-W sky brightness network. Zenodo monthly archives. https://zenodo.org/records/3378728. CC0 1.0.,TESS station stars7; photometric inflection method; night median MSAS=17.64; MSAS at inflection=15.69; depression=9.59°; smoothing=5-pt median; dark rows=403
isha,2018-07-01,19:50,-1,28.525838,-14.005069,0.0,Zamorano J. et al. (2019). TESS-W sky brightness network. Zenodo monthly archives. https://zenodo.org/records/3378728. CC0 1.0.,TESS station stars70; photometric inflection method; night median MSAS=19.44; MSAS at inflection=18.68; depression=10.76°; smoothing=5-pt median; dark rows=407
isha,2018-07-02,20:22,-1,28.525838,-14.005069,0.0,Zamorano J. et al. (2019). TESS-W sky brightness network. Zenodo monthly archives. https://zenodo.org/records/3378728. CC0 1.0.,TESS station stars70; photometric inflection method; night median MSAS=18.99; MSAS at inflection=21.01; depression=16.43°; smoothing=5-pt median; dark rows=476
isha,2018-07-03,19:53,-1,28.525838,-14.005069,0.0,Zamorano J. et al. (2019). TESS-W sky brightness network. Zenodo monthly archives. https://zenodo.org/records/3378728. CC0 1.0.,TESS station stars70; photometric inflection method; night median MSAS=19.61; MSAS at inflection=19.12; depression=11.35°; smoothing=5-pt median; dark rows=504
isha,2018-07-05,19:51,-1,28.525838,-14.005069,0.0,Zamorano J. et al. (2019). TESS-W sky brightness network. Zenodo monthly archives. https://zenodo.org/records/3378728. CC0 1.0.,TESS station stars70; photometric inflection method; night median MSAS=20.52; MSAS at inflection=18.49; depression=11.04°; smoothing=5-pt median; dark rows=502
isha,2018-07-06,20:22,-1,28.525838,-14.005069,0.0,Zamorano J. et al. (2019). TESS-W sky brightness network. Zenodo monthly archives. https://zenodo.org/records/3378728. CC0 1.0.,TESS station stars70; photometric inflection method; night median MSAS=19.82; MSAS at inflection=21.24; depression=16.62°; smoothing=5-pt median; dark rows=492
fajr,2018-07-07,04:08,-1,28.525838,-14.005069,0.0,Zamorano J. et al. (2019). TESS-W sky brightness network. Zenodo monthly archives. https://zenodo.org/records/3378728. CC0 1.0.,TESS station stars70; photometric inflection method; night median MSAS=19.82; MSAS at inflection=18.84; depression=11.50°; smoothing=5-pt median; dark rows=492
fajr,2018-07-18,03:53,-1,28.525838,-14.005069,0.0,Zamorano J. et al. (2019). TESS-W sky brightness network. Zenodo monthly archives. https://zenodo.org/records/3378728. CC0 1.0.,TESS station stars70; photometric inflection method; night median MSAS=21.15; MSAS at inflection=21.11; depression=15.48°; smoothing=5-pt median; dark rows=512
isha,2018-07-19,20:06,-1,28.525838,-14.005069,0.0,Zamorano J. et al. (2019). TESS-W sky brightness network. Zenodo monthly archives. https://zenodo.org/records/3378728. CC0 1.0.,TESS station stars70; photometric inflection method; night median MSAS=20.79; MSAS at inflection=19.01; depression=14.79°; smoothing=5-pt median; dark rows=514
fajr,2018-07-20,04:20,-1,28.525838,-14.005069,0.0,Zamorano J. et al. (2019). TESS-W sky brightness network. Zenodo monthly archives. https://zenodo.org/records/3378728. CC0 1.0.,TESS station stars70; photometric inflection method; night median MSAS=20.79; MSAS at inflection=18.30; depression=10.71°; smoothing=5-pt median; dark rows=514
fajr,2018-07-21,03:47,-1,28.525838,-14.005069,0.0,Zamorano J. et al. (2019). TESS-W sky brightness network. Zenodo monthly archives. https://zenodo.org/records/3378728. CC0 1.0.,TESS station stars70; photometric inflection method; night median MSAS=20.20; MSAS at inflection=20.95; depression=16.83°; smoothing=5-pt median; dark rows=516
isha,2018-07-21,19:49,-1,28.525838,-14.005069,0.0,Zamorano J. et al. (2019). TESS-W sky brightness network. Zenodo monthly archives. https://zenodo.org/records/3378728. CC0 1.0.,TESS station stars70; photometric inflection method; night median MSAS=19.63; MSAS at inflection=17.67; depression=11.74°; smoothing=5-pt median; dark rows=516
fajr,2018-07-22,03:31,-1,28.525838,-14.005069,0.0,Zamorano J. et al. (2019). TESS-W sky brightness network. Zenodo monthly archives. https://zenodo.org/records/3378728. CC0 1.0.,TESS station stars70; photometric inflection method; night median MSAS=19.63; MSAS at inflection=21.44; depression=19.75°; smoothing=5-pt median; dark rows=516
isha,2018-07-01,21:45,0,43.568147,1.327194,0.0,Zamorano J. et al. (2019). TESS-W sky brightness network. Zenodo monthly archives. https://zenodo.org/records/3378728. CC0 1.0.,TESS station stars71; photometric inflection method; night median MSAS=17.98; MSAS at inflection=18.16; depression=16.69°; smoothing=5-pt median; dark rows=307
fajr,2018-07-02,02:11,0,43.568147,1.327194,0.0,Zamorano J. et al. (2019). TESS-W sky brightness network. Zenodo monthly archives. https://zenodo.org/records/3378728. CC0 1.0.,TESS station stars71; photometric inflection method; night median MSAS=17.98; MSAS at inflection=17.56; depression=16.73°; smoothing=5-pt median; dark rows=307
isha,2018-07-02,22:37,0,43.568147,1.327194,0.0,Zamorano J. et al. (2019). TESS-W sky brightness network. Zenodo monthly archives. https://zenodo.org/records/3378728. CC0 1.0.,TESS station stars71; photometric inflection method; night median MSAS=18.37; MSAS at inflection=16.96; depression=20.89°; smoothing=5-pt median; dark rows=304
isha,2018-07-03,20:47,0,43.568147,1.327194,0.0,Zamorano J. et al. (2019). TESS-W sky brightness network. Zenodo monthly archives. https://zenodo.org/records/3378728. CC0 1.0.,TESS station stars71; photometric inflection method; night median MSAS=19.03; MSAS at inflection=18.02; depression=10.37°; smoothing=5-pt median; dark rows=307
fajr,2018-07-06,02:14,0,43.568147,1.327194,0.0,Zamorano J. et al. (2019). TESS-W sky brightness network. Zenodo monthly archives. https://zenodo.org/records/3378728. CC0 1.0.,TESS station stars71; photometric inflection method; night median MSAS=17.82; MSAS at inflection=18.68; depression=16.86°; smoothing=5-pt median; dark rows=364
isha,2018-07-10,20:44,0,43.568147,1.327194,0.0,Zamorano J. et al. (2019). TESS-W sky brightness network. Zenodo monthly archives. https://zenodo.org/records/3378728. CC0 1.0.,TESS station stars71; photometric inflection method; night median MSAS=19.45; MSAS at inflection=17.90; depression=10.40°; smoothing=5-pt median; dark rows=368
isha,2018-07-11,21:30,0,43.568147,1.327194,0.0,Zamorano J. et al. (2019). TESS-W sky brightness network. Zenodo monthly archives. https://zenodo.org/records/3378728. CC0 1.0.,TESS station stars71; photometric inflection method; night median MSAS=18.82; MSAS at inflection=17.47; depression=15.97°; smoothing=5-pt median; dark rows=358
fajr,2018-07-12,03:04,0,43.568147,1.327194,0.0,Zamorano J. et al. (2019). TESS-W sky brightness network. Zenodo monthly archives. https://zenodo.org/records/3378728. CC0 1.0.,TESS station stars71; photometric inflection method; night median MSAS=18.82; MSAS at inflection=18.47; depression=11.99°; smoothing=5-pt median; dark rows=358
isha,2018-07-16,21:23,0,43.568147,1.327194,0.0,Zamorano J. et al. (2019). TESS-W sky brightness network. Zenodo monthly archives. https://zenodo.org/records/3378728. CC0 1.0.,TESS station stars71; photometric inflection method; night median MSAS=18.19; MSAS at inflection=16.24; depression=15.87°; smoothing=5-pt median; dark rows=353
fajr,2018-07-17,01:52,0,43.568147,1.327194,0.0,Zamorano J. et al. (2019). TESS-W sky brightness network. Zenodo monthly archives. https://zenodo.org/records/3378728. CC0 1.0.,TESS station stars71; photometric inflection method; night median MSAS=18.19; MSAS at inflection=18.53; depression=20.34°; smoothing=5-pt median; dark rows=353
fajr,2018-07-22,03:37,0,43.568147,1.327194,0.0,Zamorano J. et al. (2019). TESS-W sky brightness network. Zenodo monthly archives. https://zenodo.org/records/3378728. CC0 1.0.,TESS station stars71; photometric inflection method; night median MSAS=18.96; MSAS at inflection=17.15; depression=9.13°; smoothing=5-pt median; dark rows=369
fajr,2018-07-25,03:39,0,43.568147,1.327194,0.0,Zamorano J. et al. (2019). TESS-W sky brightness network. Zenodo monthly archives. https://zenodo.org/records/3378728. CC0 1.0.,TESS station stars71; photometric inflection method; night median MSAS=18.62; MSAS at inflection=17.16; depression=9.43°; smoothing=5-pt median; dark rows=344
isha,2018-07-26,21:30,0,43.568147,1.327194,0.0,Zamorano J. et al. (2019). TESS-W sky brightness network. Zenodo monthly archives. https://zenodo.org/records/3378728. CC0 1.0.,TESS station stars71; photometric inflection method; night median MSAS=17.74; MSAS at inflection=16.63; depression=18.31°; smoothing=5-pt median; dark rows=373
fajr,2018-07-27,03:47,0,43.568147,1.327194,0.0,Zamorano J. et al. (2019). TESS-W sky brightness network. Zenodo monthly archives. https://zenodo.org/records/3378728. CC0 1.0.,TESS station stars71; photometric inflection method; night median MSAS=17.74; MSAS at inflection=16.46; depression=8.70°; smoothing=5-pt median; dark rows=373
isha,2018-07-30,20:07,0,43.568147,1.327194,0.0,Zamorano J. et al. (2019). TESS-W sky brightness network. Zenodo monthly archives. https://zenodo.org/records/3378728. CC0 1.0.,TESS station stars71; photometric inflection method; night median MSAS=18.39; MSAS at inflection=15.95; depression=8.23°; smoothing=5-pt median; dark rows=343
fajr,2018-07-03,04:06,-2,16.864083,-24.867833,0.0,Zamorano J. et al. (2019). TESS-W sky brightness network. Zenodo monthly archives. https://zenodo.org/records/3378728. CC0 1.0.,TESS station stars79; photometric inflection method; night median MSAS=18.43; MSAS at inflection=17.66; depression=14.45°; smoothing=5-pt median; dark rows=505
isha,2018-07-03,19:19,-2,16.864083,-24.867833,0.0,Zamorano J. et al. (2019). TESS-W sky brightness network. Zenodo monthly archives. https://zenodo.org/records/3378728. CC0 1.0.,TESS station stars79; photometric inflection method; night median MSAS=19.05; MSAS at inflection=20.94; depression=14.22°; smoothing=5-pt median; dark rows=385
isha,2018-07-05,19:39,-2,16.864083,-24.867833,0.0,Zamorano J. et al. (2019). TESS-W sky brightness network. Zenodo monthly archives. https://zenodo.org/records/3378728. CC0 1.0.,TESS station stars79; photometric inflection method; night median MSAS=20.42; MSAS at inflection=21.00; depression=18.32°; smoothing=5-pt median; dark rows=524
isha,2018-07-06,19:29,-2,16.864083,-24.867833,0.0,Zamorano J. et al. (2019). TESS-W sky brightness network. Zenodo monthly archives. https://zenodo.org/records/3378728. CC0 1.0.,TESS station stars79; photometric inflection method; night median MSAS=20.97; MSAS at inflection=20.96; depression=16.16°; smoothing=5-pt median; dark rows=526
isha,2018-07-11,19:10,-2,16.864083,-24.867833,0.0,Zamorano J. et al. (2019). TESS-W sky brightness network. Zenodo monthly archives. https://zenodo.org/records/3378728. CC0 1.0.,TESS station stars79; photometric inflection method; night median MSAS=21.03; MSAS at inflection=19.58; depression=12.32°; smoothing=5-pt median; dark rows=495
isha,2018-07-12,19:07,-2,16.864083,-24.867833,0.0,Zamorano J. et al. (2019). TESS-W sky brightness network. Zenodo monthly archives. https://zenodo.org/records/3378728. CC0 1.0.,TESS station stars79; photometric inflection method; night median MSAS=20.85; MSAS at inflection=18.97; depression=11.68°; smoothing=5-pt median; dark rows=554
fajr,2018-07-13,04:08,-2,16.864083,-24.867833,0.0,Zamorano J. et al. (2019). TESS-W sky brightness network. Zenodo monthly archives. https://zenodo.org/records/3378728. CC0 1.0.,TESS station stars79; photometric inflection method; night median MSAS=20.85; MSAS at inflection=20.79; depression=14.76°; smoothing=5-pt median; dark rows=554
isha,2018-07-13,19:07,-2,16.864083,-24.867833,0.0,Zamorano J. et al. (2019). TESS-W sky brightness network. Zenodo monthly archives. https://zenodo.org/records/3378728. CC0 1.0.,TESS station stars79; photometric inflection method; night median MSAS=20.96; MSAS at inflection=19.18; depression=11.82°; smoothing=5-pt median; dark rows=492
fajr,2018-07-14,03:56,-2,16.864083,-24.867833,0.0,Zamorano J. et al. (2019). TESS-W sky brightness network. Zenodo monthly archives. https://zenodo.org/records/3378728. CC0 1.0.,TESS station stars79; photometric inflection method; night median MSAS=20.96; MSAS at inflection=21.14; depression=17.50°; smoothing=5-pt median; dark rows=492
isha,2018-07-15,19:25,-2,16.864083,-24.867833,0.0,Zamorano J. et al. (2019). TESS-W sky brightness network. Zenodo monthly archives. https://zenodo.org/records/3378728. CC0 1.0.,TESS station stars79; photometric inflection method; night median MSAS=20.92; MSAS at inflection=20.83; depression=15.69°; smoothing=5-pt median; dark rows=532
fajr,2018-07-17,04:07,-2,16.864083,-24.867833,0.0,Zamorano J. et al. (2019). TESS-W sky brightness network. Zenodo monthly archives. https://zenodo.org/records/3378728. CC0 1.0.,TESS station stars79; photometric inflection method; night median MSAS=20.80; MSAS at inflection=20.81; depression=15.35°; smoothing=5-pt median; dark rows=510
isha,2018-07-01,22:03,0,42.71167,-1.86509,0.0,Zamorano J. et al. (2019). TESS-W sky brightness network. Zenodo monthly archives. https://zenodo.org/records/3378728. CC0 1.0.,TESS station stars8; photometric inflection method; night median MSAS=19.29; MSAS at inflection=20.93; depression=17.94°; smoothing=5-pt median; dark rows=391
fajr,2018-07-02,02:16,0,42.71167,-1.86509,0.0,Zamorano J. et al. (2019). TESS-W sky brightness network. Zenodo monthly archives. https://zenodo.org/records/3378728. CC0 1.0.,TESS station stars8; photometric inflection method; night median MSAS=19.29; MSAS at inflection=18.96; depression=18.18°; smoothing=5-pt median; dark rows=391
fajr,2018-07-03,03:25,0,42.71167,-1.86509,0.0,Zamorano J. et al. (2019). TESS-W sky brightness network. Zenodo monthly archives. https://zenodo.org/records/3378728. CC0 1.0.,TESS station stars8; photometric inflection method; night median MSAS=19.46; MSAS at inflection=17.79; depression=10.58°; smoothing=5-pt median; dark rows=394
isha,2018-07-03,20:56,0,42.71167,-1.86509,0.0,Zamorano J. et al. (2019). TESS-W sky brightness network. Zenodo monthly archives. https://zenodo.org/records/3378728. CC0 1.0.,TESS station stars8; photometric inflection method; night median MSAS=20.12; MSAS at inflection=18.68; depression=10.50°; smoothing=5-pt median; dark rows=394
isha,2018-07-05,22:49,0,42.71167,-1.86509,0.0,Zamorano J. et al. (2019). TESS-W sky brightness network. Zenodo monthly archives. https://zenodo.org/records/3378728. CC0 1.0.,TESS station stars8; photometric inflection method; night median MSAS=20.42; MSAS at inflection=21.02; depression=21.88°; smoothing=5-pt median; dark rows=395
fajr,2018-07-06,01:52,0,42.71167,-1.86509,0.0,Zamorano J. et al. (2019). TESS-W sky brightness network. Zenodo monthly archives. https://zenodo.org/records/3378728. CC0 1.0.,TESS station stars8; photometric inflection method; night median MSAS=20.42; MSAS at inflection=19.47; depression=20.58°; smoothing=5-pt median; dark rows=395
fajr,2018-07-07,01:37,0,42.71167,-1.86509,0.0,Zamorano J. et al. (2019). TESS-W sky brightness network. Zenodo monthly archives. https://zenodo.org/records/3378728. CC0 1.0.,TESS station stars8; photometric inflection method; night median MSAS=20.55; MSAS at inflection=20.42; depression=21.80°; smoothing=5-pt median; dark rows=398
isha,2018-07-13,21:59,0,42.71167,-1.86509,0.0,Zamorano J. et al. (2019). TESS-W sky brightness network. Zenodo monthly archives. https://zenodo.org/records/3378728. CC0 1.0.,TESS station stars8; photometric inflection method; night median MSAS=20.18; MSAS at inflection=19.59; depression=18.57°; smoothing=5-pt median; dark rows=389
fajr,2018-07-15,03:24,0,42.71167,-1.86509,0.0,Zamorano J. et al. (2019). TESS-W sky brightness network. Zenodo monthly archives. https://zenodo.org/records/3378728. CC0 1.0.,TESS station stars8; photometric inflection method; night median MSAS=20.91; MSAS at inflection=19.78; depression=12.12°; smoothing=5-pt median; dark rows=358
isha,2018-07-15,20:55,0,42.71167,-1.86509,0.0,Zamorano J. et al. (2019). TESS-W sky brightness network. Zenodo monthly archives. https://zenodo.org/records/3378728. CC0 1.0.,TESS station stars8; photometric inflection method; night median MSAS=20.95; MSAS at inflection=18.76; depression=11.39°; smoothing=5-pt median; dark rows=404
fajr,2018-07-17,03:27,0,42.71167,-1.86509,0.0,Zamorano J. et al. (2019). TESS-W sky brightness network. Zenodo monthly archives. https://zenodo.org/records/3378728. CC0 1.0.,TESS station stars8; photometric inflection method; night median MSAS=20.97; MSAS at inflection=19.62; depression=12.04°; smoothing=5-pt median; dark rows=412
isha,2018-07-18,21:06,0,42.71167,-1.86509,0.0,Zamorano J. et al. (2019). TESS-W sky brightness network. Zenodo monthly archives. https://zenodo.org/records/3378728. CC0 1.0.,TESS station stars8; photometric inflection method; night median MSAS=20.96; MSAS at inflection=20.01; depression=13.19°; smoothing=5-pt median; dark rows=410
fajr,2018-07-19,03:08,0,42.71167,-1.86509,0.0,Zamorano J. et al. (2019). TESS-W sky brightness network. Zenodo monthly archives. https://zenodo.org/records/3378728. CC0 1.0.,TESS station stars8; photometric inflection method; night median MSAS=20.96; MSAS at inflection=20.84; depression=14.83°; smoothing=5-pt median; dark rows=410
fajr,2018-07-21,02:47,0,42.71167,-1.86509,0.0,Zamorano J. et al. (2019). TESS-W sky brightness network. Zenodo monthly archives. https://zenodo.org/records/3378728. CC0 1.0.,TESS station stars8; photometric inflection method; night median MSAS=20.56; MSAS at inflection=20.58; depression=17.60°; smoothing=5-pt median; dark rows=417
isha,2018-07-22,22:20,0,42.71167,-1.86509,0.0,Zamorano J. et al. (2019). TESS-W sky brightness network. Zenodo monthly archives. https://zenodo.org/records/3378728. CC0 1.0.,TESS station stars8; photometric inflection method; night median MSAS=20.05; MSAS at inflection=19.99; depression=21.92°; smoothing=5-pt median; dark rows=422
fajr,2018-07-23,03:07,0,42.71167,-1.86509,0.0,Zamorano J. et al. (2019). TESS-W sky brightness network. Zenodo monthly archives. https://zenodo.org/records/3378728. CC0 1.0.,TESS station stars8; photometric inflection method; night median MSAS=20.05; MSAS at inflection=21.06; depression=15.55°; smoothing=5-pt median; dark rows=422
isha,2018-07-23,21:19,0,42.71167,-1.86509,0.0,Zamorano J. et al. (2019). TESS-W sky brightness network. Zenodo monthly archives. https://zenodo.org/records/3378728. CC0 1.0.,TESS station stars8; photometric inflection method; night median MSAS=19.35; MSAS at inflection=19.09; depression=15.63°; smoothing=5-pt median; dark rows=429
fajr,2018-07-24,03:07,0,42.71167,-1.86509,0.0,Zamorano J. et al. (2019). TESS-W sky brightness network. Zenodo monthly archives. https://zenodo.org/records/3378728. CC0 1.0.,TESS station stars8; photometric inflection method; night median MSAS=19.35; MSAS at inflection=20.89; depression=15.79°; smoothing=5-pt median; dark rows=429
isha,2018-07-24,20:45,0,42.71167,-1.86509,0.0,Zamorano J. et al. (2019). TESS-W sky brightness network. Zenodo monthly archives. https://zenodo.org/records/3378728. CC0 1.0.,TESS station stars8; photometric inflection method; night median MSAS=19.25; MSAS at inflection=18.38; depression=11.25°; smoothing=5-pt median; dark rows=425
isha,2018-07-25,20:44,0,42.71167,-1.86509,0.0,Zamorano J. et al. (2019). TESS-W sky brightness network. Zenodo monthly archives. https://zenodo.org/records/3378728. CC0 1.0.,TESS station stars8; photometric inflection method; night median MSAS=18.58; MSAS at inflection=18.26; depression=11.33°; smoothing=5-pt median; dark rows=123
fajr,2018-07-25,21:39,0,42.71167,-1.86509,0.0,Zamorano J. et al. (2019). TESS-W sky brightness network. Zenodo monthly archives. https://zenodo.org/records/3378728. CC0 1.0.,TESS station stars8; photometric inflection method; night median MSAS=18.58; MSAS at inflection=18.69; depression=18.29°; smoothing=5-pt median; dark rows=123
fajr,2018-07-27,02:23,0,42.71167,-1.86509,0.0,Zamorano J. et al. (2019). TESS-W sky brightness network. Zenodo monthly archives. https://zenodo.org/records/3378728. CC0 1.0.,TESS station stars8; photometric inflection method; night median MSAS=18.21; MSAS at inflection=18.31; depression=21.22°; smoothing=5-pt median; dark rows=368
isha,2018-07-27,20:21,0,42.71167,-1.86509,0.0,Zamorano J. et al. (2019). TESS-W sky brightness network. Zenodo monthly archives. https://zenodo.org/records/3378728. CC0 1.0.,TESS station stars8; photometric inflection method; night median MSAS=17.58; MSAS at inflection=15.89; depression=8.36°; smoothing=5-pt median; dark rows=404
fajr,2018-07-28,02:41,0,42.71167,-1.86509,0.0,Zamorano J. et al. (2019). TESS-W sky brightness network. Zenodo monthly archives. https://zenodo.org/records/3378728. CC0 1.0.,TESS station stars8; photometric inflection method; night median MSAS=17.58; MSAS at inflection=17.72; depression=19.60°; smoothing=5-pt median; dark rows=404
isha,2018-07-30,20:38,0,42.71167,-1.86509,0.0,Zamorano J. et al. (2019). TESS-W sky brightness network. Zenodo monthly archives. https://zenodo.org/records/3378728. CC0 1.0.,TESS station stars8; photometric inflection method; night median MSAS=18.42; MSAS at inflection=19.09; depression=11.47°; smoothing=5-pt median; dark rows=436
isha,2018-07-31,20:59,0,42.71167,-1.86509,0.0,Zamorano J. et al. (2019). TESS-W sky brightness network. Zenodo monthly archives. https://zenodo.org/records/3378728. CC0 1.0.,TESS station stars8; photometric inflection method; night median MSAS=19.52; MSAS at inflection=20.96; depression=14.55°; smoothing=5-pt median; dark rows=212
fajr,2018-07-31,21:49,0,42.71167,-1.86509,0.0,Zamorano J. et al. (2019). TESS-W sky brightness network. Zenodo monthly archives. https://zenodo.org/records/3378728. CC0 1.0.,TESS station stars8; photometric inflection method; night median MSAS=19.52; MSAS at inflection=20.45; depression=20.72°; smoothing=5-pt median; dark rows=212
fajr,2018-07-30,04:07,0,43.34756,-4.059549,0.0,Zamorano J. et al. (2019). TESS-W sky brightness network. Zenodo monthly archives. https://zenodo.org/records/3378728. CC0 1.0.,TESS station stars81; photometric inflection method; night median MSAS=17.69; MSAS at inflection=16.95; depression=9.51°; smoothing=5-pt median; dark rows=422
isha,2018-07-01,21:00,0,40.45098,-3.726072,0.0,Zamorano J. et al. (2019). TESS-W sky brightness network. Zenodo monthly archives. https://zenodo.org/records/3378728. CC0 1.0.,TESS station stars85; photometric inflection method; night median MSAS=18.43; MSAS at inflection=18.27; depression=11.54°; smoothing=5-pt median; dark rows=812
isha,2018-07-02,20:34,0,40.45098,-3.726072,0.0,Zamorano J. et al. (2019). TESS-W sky brightness network. Zenodo monthly archives. https://zenodo.org/records/3378728. CC0 1.0.,TESS station stars85; photometric inflection method; night median MSAS=18.54; MSAS at inflection=16.63; depression=7.88°; smoothing=5-pt median; dark rows=825
fajr,2018-07-03,03:25,0,40.45098,-3.726072,0.0,Zamorano J. et al. (2019). TESS-W sky brightness network. Zenodo monthly archives. https://zenodo.org/records/3378728. CC0 1.0.,TESS station stars85; photometric inflection method; night median MSAS=18.54; MSAS at inflection=18.32; depression=13.18°; smoothing=5-pt median; dark rows=825
fajr,2018-07-04,04:02,0,40.45098,-3.726072,0.0,Zamorano J. et al. (2019). TESS-W sky brightness network. Zenodo monthly archives. https://zenodo.org/records/3378728. CC0 1.0.,TESS station stars85; photometric inflection method; night median MSAS=18.44; MSAS at inflection=16.06; depression=8.13°; smoothing=5-pt median; dark rows=821
isha,2018-07-05,20:42,0,40.45098,-3.726072,0.0,Zamorano J. et al. (2019). TESS-W sky brightness network. Zenodo monthly archives. https://zenodo.org/records/3378728. CC0 1.0.,TESS station stars85; photometric inflection method; night median MSAS=18.29; MSAS at inflection=16.23; depression=9.23°; smoothing=5-pt median; dark rows=841
fajr,2018-07-06,03:52,0,40.45098,-3.726072,0.0,Zamorano J. et al. (2019). TESS-W sky brightness network. Zenodo monthly archives. https://zenodo.org/records/3378728. CC0 1.0.,TESS station stars85; photometric inflection method; night median MSAS=18.29; MSAS at inflection=17.17; depression=9.85°; smoothing=5-pt median; dark rows=841
isha,2018-07-06,21:39,0,40.45098,-3.726072,0.0,Zamorano J. et al. (2019). TESS-W sky brightness network. Zenodo monthly archives. https://zenodo.org/records/3378728. CC0 1.0.,TESS station stars85; photometric inflection method; night median MSAS=18.07; MSAS at inflection=17.93; depression=16.72°; smoothing=5-pt median; dark rows=831
fajr,2018-07-07,03:19,0,40.45098,-3.726072,0.0,Zamorano J. et al. (2019). TESS-W sky brightness network. Zenodo monthly archives. https://zenodo.org/records/3378728. CC0 1.0.,TESS station stars85; photometric inflection method; night median MSAS=18.07; MSAS at inflection=18.43; depression=14.43°; smoothing=5-pt median; dark rows=831
isha,2018-07-10,21:36,0,40.45098,-3.726072,0.0,Zamorano J. et al. (2019). TESS-W sky brightness network. Zenodo monthly archives. https://zenodo.org/records/3378728. CC0 1.0.,TESS station stars85; photometric inflection method; night median MSAS=18.28; MSAS at inflection=17.01; depression=16.74°; smoothing=5-pt median; dark rows=849
fajr,2018-07-11,04:02,0,40.45098,-3.726072,0.0,Zamorano J. et al. (2019). TESS-W sky brightness network. Zenodo monthly archives. https://zenodo.org/records/3378728. CC0 1.0.,TESS station stars85; photometric inflection method; night median MSAS=18.28; MSAS at inflection=17.04; depression=8.91°; smoothing=5-pt median; dark rows=849
isha,2018-07-14,20:45,0,40.45098,-3.726072,0.0,Zamorano J. et al. (2019). TESS-W sky brightness network. Zenodo monthly archives. https://zenodo.org/records/3378728. CC0 1.0.,TESS station stars85; photometric inflection method; night median MSAS=18.53; MSAS at inflection=17.78; depression=10.29°; smoothing=5-pt median; dark rows=859
fajr,2018-07-15,03:38,0,40.45098,-3.726072,0.0,Zamorano J. et al. (2019). TESS-W sky brightness network. Zenodo monthly archives. https://zenodo.org/records/3378728. CC0 1.0.,TESS station stars85; photometric inflection method; night median MSAS=18.53; MSAS at inflection=18.53; depression=12.80°; smoothing=5-pt median; dark rows=859
isha,2018-07-15,21:43,0,40.45098,-3.726072,0.0,Zamorano J. et al. (2019). TESS-W sky brightness network. Zenodo monthly archives. https://zenodo.org/records/3378728. CC0 1.0.,TESS station stars85; photometric inflection method; night median MSAS=18.31; MSAS at inflection=16.85; depression=18.14°; smoothing=5-pt median; dark rows=870
isha,2018-07-17,20:37,0,40.45098,-3.726072,0.0,Zamorano J. et al. (2019). TESS-W sky brightness network. Zenodo monthly archives. https://zenodo.org/records/3378728. CC0 1.0.,TESS station stars85; photometric inflection method; night median MSAS=18.38; MSAS at inflection=17.38; depression=9.44°; smoothing=5-pt median; dark rows=862
isha,2018-07-18,20:27,0,40.45098,-3.726072,0.0,Zamorano J. et al. (2019). TESS-W sky brightness network. Zenodo monthly archives. https://zenodo.org/records/3378728. CC0 1.0.,TESS station stars85; photometric inflection method; night median MSAS=18.44; MSAS at inflection=16.36; depression=8.04°; smoothing=5-pt median; dark rows=872
fajr,2018-07-19,02:46,0,40.45098,-3.726072,0.0,Zamorano J. et al. (2019). TESS-W sky brightness network. Zenodo monthly archives. https://zenodo.org/records/3378728. CC0 1.0.,TESS station stars85; photometric inflection method; night median MSAS=18.44; MSAS at inflection=18.44; depression=19.96°; smoothing=5-pt median; dark rows=872
isha,2018-07-19,21:00,0,40.45098,-3.726072,0.0,Zamorano J. et al. (2019). TESS-W sky brightness network. Zenodo monthly archives. https://zenodo.org/records/3378728. CC0 1.0.,TESS station stars85; photometric inflection method; night median MSAS=18.44; MSAS at inflection=17.93; depression=13.02°; smoothing=5-pt median; dark rows=873
isha,2018-07-20,21:00,0,40.45098,-3.726072,0.0,Zamorano J. et al. (2019). TESS-W sky brightness network. Zenodo monthly archives. https://zenodo.org/records/3378728. CC0 1.0.,TESS station stars85; photometric inflection method; night median MSAS=18.25; MSAS at inflection=17.97; depression=13.21°; smoothing=5-pt median; dark rows=879
fajr,2018-07-23,03:59,0,40.45098,-3.726072,0.0,Zamorano J. et al. (2019). TESS-W sky brightness network. Zenodo monthly archives. https://zenodo.org/records/3378728. CC0 1.0.,TESS station stars85; photometric inflection method; night median MSAS=18.33; MSAS at inflection=18.11; depression=11.00°; smoothing=5-pt median; dark rows=881
fajr,2018-07-24,04:17,0,40.45098,-3.726072,0.0,Zamorano J. et al. (2019). TESS-W sky brightness network. Zenodo monthly archives. https://zenodo.org/records/3378728. CC0 1.0.,TESS station stars85; photometric inflection method; night median MSAS=18.27; MSAS at inflection=16.61; depression=8.46°; smoothing=5-pt median; dark rows=896
isha,2018-07-24,21:01,0,40.45098,-3.726072,0.0,Zamorano J. et al. (2019). TESS-W sky brightness network. Zenodo monthly archives. https://zenodo.org/records/3378728. CC0 1.0.,TESS station stars85; photometric inflection method; night median MSAS=18.29; MSAS at inflection=17.94; depression=13.93°; smoothing=5-pt median; dark rows=892
isha,2018-07-25,20:24,0,40.45098,-3.726072,0.0,Zamorano J. et al. (2019). TESS-W sky brightness network. Zenodo monthly archives. https://zenodo.org/records/3378728. CC0 1.0.,TESS station stars85; photometric inflection method; night median MSAS=17.96; MSAS at inflection=16.71; depression=8.68°; smoothing=5-pt median; dark rows=286
isha,2018-07-26,20:34,0,40.45098,-3.726072,0.0,Zamorano J. et al. (2019). TESS-W sky brightness network. Zenodo monthly archives. https://zenodo.org/records/3378728. CC0 1.0.,TESS station stars85; photometric inflection method; night median MSAS=17.98; MSAS at inflection=17.61; depression=10.31°; smoothing=5-pt median; dark rows=904
fajr,2018-07-27,03:25,0,40.45098,-3.726072,0.0,Zamorano J. et al. (2019). TESS-W sky brightness network. Zenodo monthly archives. https://zenodo.org/records/3378728. CC0 1.0.,TESS station stars85; photometric inflection method; night median MSAS=17.98; MSAS at inflection=18.24; depression=16.60°; smoothing=5-pt median; dark rows=904
isha,2018-07-28,20:25,0,40.45098,-3.726072,0.0,Zamorano J. et al. (2019). TESS-W sky brightness network. Zenodo monthly archives. https://zenodo.org/records/3378728. CC0 1.0.,TESS station stars85; photometric inflection method; night median MSAS=18.11; MSAS at inflection=17.29; depression=9.37°; smoothing=5-pt median; dark rows=919
fajr,2018-07-30,03:25,0,40.45098,-3.726072,0.0,Zamorano J. et al. (2019). TESS-W sky brightness network. Zenodo monthly archives. https://zenodo.org/records/3378728. CC0 1.0.,TESS station stars85; photometric inflection method; night median MSAS=18.11; MSAS at inflection=18.21; depression=17.12°; smoothing=5-pt median; dark rows=916
isha,2018-07-30,20:19,0,40.45098,-3.726072,0.0,Zamorano J. et al. (2019). TESS-W sky brightness network. Zenodo monthly archives. https://zenodo.org/records/3378728. CC0 1.0.,TESS station stars85; photometric inflection method; night median MSAS=18.29; MSAS at inflection=16.85; depression=8.80°; smoothing=5-pt median; dark rows=913
fajr,2018-07-01,03:44,-7,30.534095,-98.905275,0.0,Zamorano J. et al. (2019). TESS-W sky brightness network. Zenodo monthly archives. https://zenodo.org/records/3378728. CC0 1.0.,TESS station stars89; photometric inflection method; night median MSAS=19.09; MSAS at inflection=16.91; depression=10.53°; smoothing=5-pt median; dark rows=438
isha,2018-07-01,19:38,-7,30.534095,-98.905275,0.0,Zamorano J. et al. (2019). TESS-W sky brightness network. Zenodo monthly archives. https://zenodo.org/records/3378728. CC0 1.0.,TESS station stars89; photometric inflection method; night median MSAS=19.69; MSAS at inflection=19.85; depression=11.26°; smoothing=5-pt median; dark rows=437
fajr,2018-07-02,03:42,-7,30.534095,-98.905275,0.0,Zamorano J. et al. (2019). TESS-W sky brightness network. Zenodo monthly archives. https://zenodo.org/records/3378728. CC0 1.0.,TESS station stars89; photometric inflection method; night median MSAS=19.69; MSAS at inflection=17.98; depression=10.92°; smoothing=5-pt median; dark rows=437
isha,2018-07-02,19:31,-7,30.534095,-98.905275,0.0,Zamorano J. et al. (2019). TESS-W sky brightness network. Zenodo monthly archives. https://zenodo.org/records/3378728. CC0 1.0.,TESS station stars89; photometric inflection method; night median MSAS=20.15; MSAS at inflection=18.65; depression=9.91°; smoothing=5-pt median; dark rows=447
isha,2018-07-03,19:36,-7,30.534095,-98.905275,0.0,Zamorano J. et al. (2019). TESS-W sky brightness network. Zenodo monthly archives. https://zenodo.org/records/3378728. CC0 1.0.,TESS station stars89; photometric inflection method; night median MSAS=20.31; MSAS at inflection=19.22; depression=10.89°; smoothing=5-pt median; dark rows=447
isha,2018-07-05,02:51,-7,30.534095,-98.905275,0.0,Zamorano J. et al. (2019). TESS-W sky brightness network. Zenodo monthly archives. https://zenodo.org/records/3378728. CC0 1.0.,TESS station stars89; photometric inflection method; night median MSAS=19.24; MSAS at inflection=19.20; depression=19.74°; smoothing=5-pt median; dark rows=109
fajr,2018-07-05,03:12,-7,30.534095,-98.905275,0.0,Zamorano J. et al. (2019). TESS-W sky brightness network. Zenodo monthly archives. https://zenodo.org/records/3378728. CC0 1.0.,TESS station stars89; photometric inflection method; night median MSAS=19.24; MSAS at inflection=19.22; depression=16.23°; smoothing=5-pt median; dark rows=109
isha,2018-07-05,19:35,-7,30.534095,-98.905275,0.0,Zamorano J. et al. (2019). TESS-W sky brightness network. Zenodo monthly archives. https://zenodo.org/records/3378728. CC0 1.0.,TESS station stars89; photometric inflection method; night median MSAS=20.99; MSAS at inflection=18.77; depression=10.82°; smoothing=5-pt median; dark rows=451
fajr,2018-07-06,03:30,-7,30.534095,-98.905275,0.0,Zamorano J. et al. (2019). TESS-W sky brightness network. Zenodo monthly archives. https://zenodo.org/records/3378728. CC0 1.0.,TESS station stars89; photometric inflection method; night median MSAS=20.99; MSAS at inflection=19.41; depression=13.27°; smoothing=5-pt median; dark rows=451
fajr,2018-07-10,02:50,-7,30.534095,-98.905275,0.0,Zamorano J. et al. (2019). TESS-W sky brightness network. Zenodo monthly archives. https://zenodo.org/records/3378728. CC0 1.0.,TESS station stars89; photometric inflection method; night median MSAS=21.73; MSAS at inflection=22.19; depression=20.36°; smoothing=5-pt median; dark rows=467
isha,2018-07-10,19:56,-7,30.534095,-98.905275,0.0,Zamorano J. et al. (2019). TESS-W sky brightness network. Zenodo monthly archives. https://zenodo.org/records/3378728. CC0 1.0.,TESS station stars89; photometric inflection method; night median MSAS=21.71; MSAS at inflection=21.58; depression=14.69°; smoothing=5-pt median; dark rows=487
isha,2018-07-11,20:08,-7,30.534095,-98.905275,0.0,Zamorano J. et al. (2019). TESS-W sky brightness network. Zenodo monthly archives. https://zenodo.org/records/3378728. CC0 1.0.,TESS station stars89; photometric inflection method; night median MSAS=21.68; MSAS at inflection=21.96; depression=16.75°; smoothing=5-pt median; dark rows=490
fajr,2018-07-12,03:18,-7,30.534095,-98.905275,0.0,Zamorano J. et al. (2019). TESS-W sky brightness network. Zenodo monthly archives. https://zenodo.org/records/3378728. CC0 1.0.,TESS station stars89; photometric inflection method; night median MSAS=21.68; MSAS at inflection=21.74; depression=15.98°; smoothing=5-pt median; dark rows=490
isha,2018-07-13,20:03,-7,30.534095,-98.905275,0.0,Zamorano J. et al. (2019). TESS-W sky brightness network. Zenodo monthly archives. https://zenodo.org/records/3378728. CC0 1.0.,TESS station stars89; photometric inflection method; night median MSAS=21.60; MSAS at inflection=21.78; depression=16.06°; smoothing=5-pt median; dark rows=383
isha,2018-07-14,20:04,-7,30.534095,-98.905275,0.0,Zamorano J. et al. (2019). TESS-W sky brightness network. Zenodo monthly archives. https://zenodo.org/records/3378728. CC0 1.0.,TESS station stars89; photometric inflection method; night median MSAS=21.66; MSAS at inflection=21.91; depression=16.41°; smoothing=5-pt median; dark rows=479
fajr,2018-07-15,03:30,-7,30.534095,-98.905275,0.0,Zamorano J. et al. (2019). TESS-W sky brightness network. Zenodo monthly archives. https://zenodo.org/records/3378728. CC0 1.0.,TESS station stars89; photometric inflection method; night median MSAS=21.66; MSAS at inflection=21.38; depression=14.37°; smoothing=5-pt median; dark rows=479
isha,2018-07-16,20:34,-7,30.534095,-98.905275,0.0,Zamorano J. et al. (2019). TESS-W sky brightness network. Zenodo monthly archives. https://zenodo.org/records/3378728. CC0 1.0.,TESS station stars89; photometric inflection method; night median MSAS=21.58; MSAS at inflection=21.41; depression=21.38°; smoothing=5-pt median; dark rows=375
isha,2018-07-17,19:56,-7,30.534095,-98.905275,0.0,Zamorano J. et al. (2019). TESS-W sky brightness network. Zenodo monthly archives. https://zenodo.org/records/3378728. CC0 1.0.,TESS station stars89; photometric inflection method; night median MSAS=21.47; MSAS at inflection=20.72; depression=15.25°; smoothing=5-pt median; dark rows=461
fajr,2018-07-19,03:50,-7,30.534095,-98.905275,0.0,Zamorano J. et al. (2019). TESS-W sky brightness network. Zenodo monthly archives. https://zenodo.org/records/3378728. CC0 1.0.,TESS station stars89; photometric inflection method; night median MSAS=21.47; MSAS at inflection=19.30; depression=11.33°; smoothing=5-pt median; dark rows=456
fajr,2018-07-21,03:58,-7,30.534095,-98.905275,0.0,Zamorano J. et al. (2019). TESS-W sky brightness network. Zenodo monthly archives. https://zenodo.org/records/3378728. CC0 1.0.,TESS station stars89; photometric inflection method; night median MSAS=20.69; MSAS at inflection=18.58; depression=10.02°; smoothing=5-pt median; dark rows=461
isha,2018-07-21,19:28,-7,30.534095,-98.905275,0.0,Zamorano J. et al. (2019). TESS-W sky brightness network. Zenodo monthly archives. https://zenodo.org/records/3378728. CC0 1.0.,TESS station stars89; photometric inflection method; night median MSAS=19.95; MSAS at inflection=18.18; depression=10.74°; smoothing=5-pt median; dark rows=458
fajr,2018-07-22,03:58,-7,30.534095,-98.905275,0.0,Zamorano J. et al. (2019). TESS-W sky brightness network. Zenodo monthly archives. https://zenodo.org/records/3378728. CC0 1.0.,TESS station stars89; photometric inflection method; night median MSAS=19.95; MSAS at inflection=18.45; depression=10.29°; smoothing=5-pt median; dark rows=458
fajr,2018-07-23,04:03,-7,30.534095,-98.905275,0.0,Zamorano J. et al. (2019). TESS-W sky brightness network. Zenodo monthly archives. https://zenodo.org/records/3378728. CC0 1.0.,TESS station stars89; photometric inflection method; night median MSAS=19.45; MSAS at inflection=17.37; depression=9.43°; smoothing=5-pt median; dark rows=462
fajr,2018-07-24,03:47,-7,30.534095,-98.905275,0.0,Zamorano J. et al. (2019). TESS-W sky brightness network. Zenodo monthly archives. https://zenodo.org/records/3378728. CC0 1.0.,TESS station stars89; photometric inflection method; night median MSAS=19.07; MSAS at inflection=20.46; depression=12.53°; smoothing=5-pt median; dark rows=454
fajr,2018-07-25,03:58,-7,30.534095,-98.905275,0.0,Zamorano J. et al. (2019). TESS-W sky brightness network. Zenodo monthly archives. https://zenodo.org/records/3378728. CC0 1.0.,TESS station stars89; photometric inflection method; night median MSAS=18.65; MSAS at inflection=18.67; depression=10.63°; smoothing=5-pt median; dark rows=455
isha,2018-07-26,02:57,-7,30.534095,-98.905275,0.0,Zamorano J. et al. (2019). TESS-W sky brightness network. Zenodo monthly archives. https://zenodo.org/records/3378728. CC0 1.0.,TESS station stars89; photometric inflection method; night median MSAS=19.38; MSAS at inflection=19.66; depression=21.42°; smoothing=5-pt median; dark rows=139
fajr,2018-07-26,04:08,-7,30.534095,-98.905275,0.0,Zamorano J. et al. (2019). TESS-W sky brightness network. Zenodo monthly archives. https://zenodo.org/records/3378728. CC0 1.0.,TESS station stars89; photometric inflection method; night median MSAS=19.38; MSAS at inflection=17.01; depression=8.89°; smoothing=5-pt median; dark rows=139
isha,2018-07-26,19:19,-7,30.534095,-98.905275,0.0,Zamorano J. et al. (2019). TESS-W sky brightness network. Zenodo monthly archives. https://zenodo.org/records/3378728. CC0 1.0.,TESS station stars89; photometric inflection method; night median MSAS=18.13; MSAS at inflection=17.61; depression=9.66°; smoothing=5-pt median; dark rows=451
fajr,2018-07-27,03:58,-7,30.534095,-98.905275,0.0,Zamorano J. et al. (2019). TESS-W sky brightness network. Zenodo monthly archives. https://zenodo.org/records/3378728. CC0 1.0.,TESS station stars89; photometric inflection method; night median MSAS=18.13; MSAS at inflection=18.51; depression=10.82°; smoothing=5-pt median; dark rows=451
isha,2018-07-28,19:25,-7,30.534095,-98.905275,0.0,Zamorano J. et al. (2019). TESS-W sky brightness network. Zenodo monthly archives. https://zenodo.org/records/3378728. CC0 1.0.,TESS station stars89; photometric inflection method; night median MSAS=18.25; MSAS at inflection=19.04; depression=11.16°; smoothing=5-pt median; dark rows=445
fajr,2018-07-29,04:09,-7,30.534095,-98.905275,0.0,Zamorano J. et al. (2019). TESS-W sky brightness network. Zenodo monthly archives. https://zenodo.org/records/3378728. CC0 1.0.,TESS station stars89; photometric inflection method; night median MSAS=18.25; MSAS at inflection=17.03; depression=9.12°; smoothing=5-pt median; dark rows=445
isha,2018-07-29,19:17,-7,30.534095,-98.905275,0.0,Zamorano J. et al. (2019). TESS-W sky brightness network. Zenodo monthly archives. https://zenodo.org/records/3378728. CC0 1.0.,TESS station stars89; photometric inflection method; night median MSAS=18.29; MSAS at inflection=17.88; depression=9.78°; smoothing=5-pt median; dark rows=468
isha,2018-07-30,19:17,-7,30.534095,-98.905275,0.0,Zamorano J. et al. (2019). TESS-W sky brightness network. Zenodo monthly archives. https://zenodo.org/records/3378728. CC0 1.0.,TESS station stars89; photometric inflection method; night median MSAS=18.71; MSAS at inflection=18.00; depression=9.81°; smoothing=5-pt median; dark rows=462
fajr,2018-07-31,03:59,-7,30.534095,-98.905275,0.0,Zamorano J. et al. (2019). TESS-W sky brightness network. Zenodo monthly archives. https://zenodo.org/records/3378728. CC0 1.0.,TESS station stars89; photometric inflection method; night median MSAS=18.71; MSAS at inflection=18.86; depression=11.18°; smoothing=5-pt median; dark rows=462
isha,2018-07-09,20:47,0,38.409226,-4.894376,0.0,Zamorano J. et al. (2019). TESS-W sky brightness network. Zenodo monthly archives. https://zenodo.org/records/3378728. CC0 1.0.,TESS station stars9; photometric inflection method; night median MSAS=20.05; MSAS at inflection=18.28; depression=10.76°; smoothing=5-pt median; dark rows=439
fajr,2018-07-10,03:39,0,38.409226,-4.894376,0.0,Zamorano J. et al. (2019). TESS-W sky brightness network. Zenodo monthly archives. https://zenodo.org/records/3378728. CC0 1.0.,TESS station stars9; photometric inflection method; night median MSAS=20.05; MSAS at inflection=19.93; depression=14.09°; smoothing=5-pt median; dark rows=439
fajr,2018-07-12,04:08,0,38.409226,-4.894376,0.0,Zamorano J. et al. (2019). TESS-W sky brightness network. Zenodo monthly archives. https://zenodo.org/records/3378728. CC0 1.0.,TESS station stars9; photometric inflection method; night median MSAS=19.81; MSAS at inflection=17.93; depression=10.08°; smoothing=5-pt median; dark rows=408
fajr,2018-07-14,04:08,0,38.409226,-4.894376,0.0,Zamorano J. et al. (2019). TESS-W sky brightness network. Zenodo monthly archives. https://zenodo.org/records/3378728. CC0 1.0.,TESS station stars9; photometric inflection method; night median MSAS=19.85; MSAS at inflection=18.21; depression=10.43°; smoothing=5-pt median; dark rows=437
isha,2018-07-14,21:07,0,38.409226,-4.894376,0.0,Zamorano J. et al. (2019). TESS-W sky brightness network. Zenodo monthly archives. https://zenodo.org/records/3378728. CC0 1.0.,TESS station stars9; photometric inflection method; night median MSAS=20.07; MSAS at inflection=19.69; depression=14.13°; smoothing=5-pt median; dark rows=431
isha,2018-07-15,21:16,0,38.409226,-4.894376,0.0,Zamorano J. et al. (2019). TESS-W sky brightness network. Zenodo monthly archives. https://zenodo.org/records/3378728. CC0 1.0.,TESS station stars9; photometric inflection method; night median MSAS=19.89; MSAS at inflection=19.83; depression=15.58°; smoothing=5-pt median; dark rows=446
isha,2018-07-17,21:27,0,38.409226,-4.894376,0.0,Zamorano J. et al. (2019). TESS-W sky brightness network. Zenodo monthly archives. https://zenodo.org/records/3378728. CC0 1.0.,TESS station stars9; photometric inflection method; night median MSAS=19.85; MSAS at inflection=19.62; depression=17.36°; smoothing=5-pt median; dark rows=417
isha,2018-07-21,20:49,0,38.409226,-4.894376,0.0,Zamorano J. et al. (2019). TESS-W sky brightness network. Zenodo monthly archives. https://zenodo.org/records/3378728. CC0 1.0.,TESS station stars9; photometric inflection method; night median MSAS=19.68; MSAS at inflection=18.90; depression=12.31°; smoothing=5-pt median; dark rows=460
isha,2018-07-26,21:45,0,38.409226,-4.894376,0.0,Zamorano J. et al. (2019). TESS-W sky brightness network. Zenodo monthly archives. https://zenodo.org/records/3378728. CC0 1.0.,TESS station stars9; photometric inflection method; night median MSAS=18.63; MSAS at inflection=18.31; depression=21.13°; smoothing=5-pt median; dark rows=469
fajr,2018-07-27,03:40,0,38.409226,-4.894376,0.0,Zamorano J. et al. (2019). TESS-W sky brightness network. Zenodo monthly archives. https://zenodo.org/records/3378728. CC0 1.0.,TESS station stars9; photometric inflection method; night median MSAS=18.63; MSAS at inflection=19.21; depression=16.61°; smoothing=5-pt median; dark rows=469
isha,2018-07-30,20:31,0,38.409226,-4.894376,0.0,Zamorano J. et al. (2019). TESS-W sky brightness network. Zenodo monthly archives. https://zenodo.org/records/3378728. CC0 1.0.,TESS station stars9; photometric inflection method; night median MSAS=18.74; MSAS at inflection=18.59; depression=11.08°; smoothing=5-pt median; dark rows=477
fajr,2018-07-31,03:46,0,38.409226,-4.894376,0.0,Zamorano J. et al. (2019). TESS-W sky brightness network. Zenodo monthly archives. https://zenodo.org/records/3378728. CC0 1.0.,TESS station stars9; photometric inflection method; night median MSAS=18.74; MSAS at inflection=18.68; depression=16.44°; smoothing=5-pt median; dark rows=477
isha,2018-07-02,22:14,2,42.637673,23.295422,0.0,Zamorano J. et al. (2019). TESS-W sky brightness network. Zenodo monthly archives. https://zenodo.org/records/3378728. CC0 1.0.,TESS station stars92; photometric inflection method; night median MSAS=18.56; MSAS at inflection=17.41; depression=17.23°; smoothing=5-pt median; dark rows=318
fajr,2018-07-03,02:53,2,42.637673,23.295422,0.0,Zamorano J. et al. (2019). TESS-W sky brightness network. Zenodo monthly archives. https://zenodo.org/records/3378728. CC0 1.0.,TESS station stars92; photometric inflection method; night median MSAS=18.56; MSAS at inflection=18.22; depression=16.59°; smoothing=5-pt median; dark rows=318
fajr,2018-07-04,01:51,2,42.637673,23.295422,0.0,Zamorano J. et al. (2019). TESS-W sky brightness network. Zenodo monthly archives. https://zenodo.org/records/3378728. CC0 1.0.,TESS station stars92; photometric inflection method; night median MSAS=18.57; MSAS at inflection=18.19; depression=21.88°; smoothing=5-pt median; dark rows=348
isha,2018-07-05,21:10,2,42.637673,23.295422,0.0,Zamorano J. et al. (2019). TESS-W sky brightness network. Zenodo monthly archives. https://zenodo.org/records/3378728. CC0 1.0.,TESS station stars92; photometric inflection method; night median MSAS=19.00; MSAS at inflection=17.59; depression=9.85°; smoothing=5-pt median; dark rows=356
fajr,2018-07-06,03:55,2,42.637673,23.295422,0.0,Zamorano J. et al. (2019). TESS-W sky brightness network. Zenodo monthly archives. https://zenodo.org/records/3378728. CC0 1.0.,TESS station stars92; photometric inflection method; night median MSAS=19.00; MSAS at inflection=17.41; depression=9.48°; smoothing=5-pt median; dark rows=356
isha,2018-07-07,02:04,2,42.637673,23.295422,0.0,Zamorano J. et al. (2019). TESS-W sky brightness network. Zenodo monthly archives. https://zenodo.org/records/3378728. CC0 1.0.,TESS station stars92; photometric inflection method; night median MSAS=17.76; MSAS at inflection=17.38; depression=21.30°; smoothing=5-pt median; dark rows=363
fajr,2018-07-07,04:02,2,42.637673,23.295422,0.0,Zamorano J. et al. (2019). TESS-W sky brightness network. Zenodo monthly archives. https://zenodo.org/records/3378728. CC0 1.0.,TESS station stars92; photometric inflection method; night median MSAS=17.76; MSAS at inflection=16.56; depression=8.64°; smoothing=5-pt median; dark rows=363
isha,2018-07-10,21:16,2,42.637673,23.295422,0.0,Zamorano J. et al. (2019). TESS-W sky brightness network. Zenodo monthly archives. https://zenodo.org/records/3378728. CC0 1.0.,TESS station stars92; photometric inflection method; night median MSAS=19.25; MSAS at inflection=18.39; depression=11.06°; smoothing=5-pt median; dark rows=365
isha,2018-07-11,21:15,2,42.637673,23.295422,0.0,Zamorano J. et al. (2019). TESS-W sky brightness network. Zenodo monthly archives. https://zenodo.org/records/3378728. CC0 1.0.,TESS station stars92; photometric inflection method; night median MSAS=19.28; MSAS at inflection=18.49; depression=11.09°; smoothing=5-pt median; dark rows=397
fajr,2018-07-12,03:55,2,42.637673,23.295422,0.0,Zamorano J. et al. (2019). TESS-W sky brightness network. Zenodo monthly archives. https://zenodo.org/records/3378728. CC0 1.0.,TESS station stars92; photometric inflection method; night median MSAS=19.28; MSAS at inflection=18.07; depression=10.27°; smoothing=5-pt median; dark rows=397
isha,2018-07-12,21:45,2,42.637673,23.295422,0.0,Zamorano J. et al. (2019). TESS-W sky brightness network. Zenodo monthly archives. https://zenodo.org/records/3378728. CC0 1.0.,TESS station stars92; photometric inflection method; night median MSAS=19.12; MSAS at inflection=19.07; depression=14.93°; smoothing=5-pt median; dark rows=363
fajr,2018-07-13,04:02,2,42.637673,23.295422,0.0,Zamorano J. et al. (2019). TESS-W sky brightness network. Zenodo monthly archives. https://zenodo.org/records/3378728. CC0 1.0.,TESS station stars92; photometric inflection method; night median MSAS=19.12; MSAS at inflection=17.32; depression=9.42°; smoothing=5-pt median; dark rows=363
isha,2018-07-13,21:56,2,42.637673,23.295422,0.0,Zamorano J. et al. (2019). TESS-W sky brightness network. Zenodo monthly archives. https://zenodo.org/records/3378728. CC0 1.0.,TESS station stars92; photometric inflection method; night median MSAS=18.36; MSAS at inflection=19.02; depression=16.30°; smoothing=5-pt median; dark rows=388
fajr,2018-07-14,03:01,2,42.637673,23.295422,0.0,Zamorano J. et al. (2019). TESS-W sky brightness network. Zenodo monthly archives. https://zenodo.org/records/3378728. CC0 1.0.,TESS station stars92; photometric inflection method; night median MSAS=18.36; MSAS at inflection=17.04; depression=17.05°; smoothing=5-pt median; dark rows=388
isha,2018-07-14,20:59,2,42.637673,23.295422,0.0,Zamorano J. et al. (2019). TESS-W sky brightness network. Zenodo monthly archives. https://zenodo.org/records/3378728. CC0 1.0.,TESS station stars92; photometric inflection method; night median MSAS=19.12; MSAS at inflection=16.99; depression=9.15°; smoothing=5-pt median; dark rows=377
isha,2018-07-16,02:44,2,42.637673,23.295422,0.0,Zamorano J. et al. (2019). TESS-W sky brightness network. Zenodo monthly archives. https://zenodo.org/records/3378728. CC0 1.0.,TESS station stars92; photometric inflection method; night median MSAS=17.52; MSAS at inflection=18.73; depression=19.11°; smoothing=5-pt median; dark rows=354
fajr,2018-07-16,04:04,2,42.637673,23.295422,0.0,Zamorano J. et al. (2019). TESS-W sky brightness network. Zenodo monthly archives. https://zenodo.org/records/3378728. CC0 1.0.,TESS station stars92; photometric inflection method; night median MSAS=17.52; MSAS at inflection=17.53; depression=9.55°; smoothing=5-pt median; dark rows=354
isha,2018-07-17,02:28,2,42.637673,23.295422,0.0,Zamorano J. et al. (2019). TESS-W sky brightness network. Zenodo monthly archives. https://zenodo.org/records/3378728. CC0 1.0.,TESS station stars92; photometric inflection method; night median MSAS=18.44; MSAS at inflection=17.34; depression=20.79°; smoothing=5-pt median; dark rows=359
fajr,2018-07-17,02:55,2,42.637673,23.295422,0.0,Zamorano J. et al. (2019). TESS-W sky brightness network. Zenodo monthly archives. https://zenodo.org/records/3378728. CC0 1.0.,TESS station stars92; photometric inflection method; night median MSAS=18.44; MSAS at inflection=17.90; depression=18.21°; smoothing=5-pt median; dark rows=359
isha,2018-07-17,22:01,2,42.637673,23.295422,0.0,Zamorano J. et al. (2019). TESS-W sky brightness network. Zenodo monthly archives. https://zenodo.org/records/3378728. CC0 1.0.,TESS station stars92; photometric inflection method; night median MSAS=18.44; MSAS at inflection=17.35; depression=17.35°; smoothing=5-pt median; dark rows=409
isha,2018-07-19,21:40,2,42.637673,23.295422,0.0,Zamorano J. et al. (2019). TESS-W sky brightness network. Zenodo monthly archives. https://zenodo.org/records/3378728. CC0 1.0.,TESS station stars92; photometric inflection method; night median MSAS=17.80; MSAS at inflection=17.76; depression=15.16°; smoothing=5-pt median; dark rows=414
fajr,2018-07-20,02:40,2,42.637673,23.295422,0.0,Zamorano J. et al. (2019). TESS-W sky brightness network. Zenodo monthly archives. https://zenodo.org/records/3378728. CC0 1.0.,TESS station stars92; photometric inflection method; night median MSAS=17.80; MSAS at inflection=18.52; depression=20.24°; smoothing=5-pt median; dark rows=414
isha,2018-07-20,20:53,2,42.637673,23.295422,0.0,Zamorano J. et al. (2019). TESS-W sky brightness network. Zenodo monthly archives. https://zenodo.org/records/3378728. CC0 1.0.,TESS station stars92; photometric inflection method; night median MSAS=18.59; MSAS at inflection=16.17; depression=9.04°; smoothing=5-pt median; dark rows=403
isha,2018-07-21,21:01,2,42.637673,23.295422,0.0,Zamorano J. et al. (2019). TESS-W sky brightness network. Zenodo monthly archives. https://zenodo.org/records/3378728. CC0 1.0.,TESS station stars92; photometric inflection method; night median MSAS=18.86; MSAS at inflection=17.83; depression=10.40°; smoothing=5-pt median; dark rows=391
fajr,2018-07-22,03:22,2,42.637673,23.295422,0.0,Zamorano J. et al. (2019). TESS-W sky brightness network. Zenodo monthly archives. https://zenodo.org/records/3378728. CC0 1.0.,TESS station stars92; photometric inflection method; night median MSAS=18.86; MSAS at inflection=19.00; depression=15.98°; smoothing=5-pt median; dark rows=391
isha,2018-07-22,21:45,2,42.637673,23.295422,0.0,Zamorano J. et al. (2019). TESS-W sky brightness network. Zenodo monthly archives. https://zenodo.org/records/3378728. CC0 1.0.,TESS station stars92; photometric inflection method; night median MSAS=18.82; MSAS at inflection=16.50; depression=16.33°; smoothing=5-pt median; dark rows=407
fajr,2018-07-23,04:08,2,42.637673,23.295422,0.0,Zamorano J. et al. (2019). TESS-W sky brightness network. Zenodo monthly archives. https://zenodo.org/records/3378728. CC0 1.0.,TESS station stars92; photometric inflection method; night median MSAS=18.82; MSAS at inflection=18.06; depression=10.06°; smoothing=5-pt median; dark rows=407
fajr,2018-07-25,21:29,2,42.637673,23.295422,0.0,Zamorano J. et al. (2019). TESS-W sky brightness network. Zenodo monthly archives. https://zenodo.org/records/3378728. CC0 1.0.,TESS station stars92; photometric inflection method; night median MSAS=18.59; MSAS at inflection=16.41; depression=14.83°; smoothing=5-pt median; dark rows=210
isha,2018-07-26,21:48,2,42.637673,23.295422,0.0,Zamorano J. et al. (2019). TESS-W sky brightness network. Zenodo monthly archives. https://zenodo.org/records/3378728. CC0 1.0.,TESS station stars92; photometric inflection method; night median MSAS=18.06; MSAS at inflection=17.71; depression=17.31°; smoothing=5-pt median; dark rows=370
fajr,2018-07-27,03:52,2,42.637673,23.295422,0.0,Zamorano J. et al. (2019). TESS-W sky brightness network. Zenodo monthly archives. https://zenodo.org/records/3378728. CC0 1.0.,TESS station stars92; photometric inflection method; night median MSAS=18.06; MSAS at inflection=17.83; depression=13.03°; smoothing=5-pt median; dark rows=370
isha,2018-07-30,20:45,2,42.637673,23.295422,0.0,Zamorano J. et al. (2019). TESS-W sky brightness network. Zenodo monthly archives. https://zenodo.org/records/3378728. CC0 1.0.,TESS station stars92; photometric inflection method; night median MSAS=18.26; MSAS at inflection=17.27; depression=9.65°; smoothing=5-pt median; dark rows=436
