prayer,date_local,time_local,utc_offset,lat,lng,elevation_m,source,notes
isha,2018-09-01,19:24,0,40.424604,-3.560279,0.0,Zamorano J. et al. (2019). TESS-W sky brightness network. Zenodo monthly archives. https://zenodo.org/records/3378728. CC0 1.0.,TESS station stars1; photometric inflection method; night median MSAS=17.92; MSAS at inflection=15.67; depression=7.89°; smoothing=5-pt median; dark rows=1082
isha,2018-09-02,19:29,0,40.424604,-3.560279,0.0,Zamorano J. et al. (2019). TESS-W sky brightness network. Zenodo monthly archives. https://zenodo.org/records/3378728. CC0 1.0.,TESS station stars1; photometric inflection method; night median MSAS=17.69; MSAS at inflection=16.73; depression=9.09°; smoothing=5-pt median; dark rows=1055
fajr,2018-09-05,04:48,0,40.424604,-3.560279,0.0,Zamorano J. et al. (2019). TESS-W sky brightness network. Zenodo monthly archives. https://zenodo.org/records/3378728. CC0 1.0.,TESS station stars1; photometric inflection method; night median MSAS=18.10; MSAS at inflection=17.77; depression=11.20°; smoothing=5-pt median; dark rows=1038
fajr,2018-09-06,04:22,0,40.424604,-3.560279,0.0,Zamorano J. et al. (2019). TESS-W sky brightness network. Zenodo monthly archives. https://zenodo.org/records/3378728. CC0 1.0.,TESS station stars1; photometric inflection method; night median MSAS=18.07; MSAS at inflection=17.35; depression=16.04°; smoothing=5-pt median; dark rows=1056
fajr,2018-09-07,05:06,0,40.424604,-3.560279,0.0,Zamorano J. et al. (2019). TESS-W sky brightness network. Zenodo monthly archives. https://zenodo.org/records/3378728. CC0 1.0.,TESS station stars1; photometric inflection method; night median MSAS=18.27; MSAS at inflection=16.28; depression=8.39°; smoothing=5-pt median; dark rows=1085
fajr,2018-09-09,04:35,0,40.424604,-3.560279,0.0,Zamorano J. et al. (2019). TESS-W sky brightness network. Zenodo monthly archives. https://zenodo.org/records/3378728. CC0 1.0.,TESS station stars1; photometric inflection method; night median MSAS=18.30; MSAS at inflection=18.48; depression=14.46°; smoothing=5-pt median; dark rows=226
isha,2018-09-09,20:03,0,40.424604,-3.560279,0.0,Zamorano J. et al. (2019). TESS-W sky brightness network. Zenodo monthly archives. https://zenodo.org/records/3378728. CC0 1.0.,TESS station stars1; photometric inflection method; night median MSAS=17.53; MSAS at inflection=16.55; depression=17.28°; smoothing=5-pt median; dark rows=223
isha,2018-09-10,19:12,0,40.424604,-3.560279,0.0,Zamorano J. et al. (2019). TESS-W sky brightness network. Zenodo monthly archives. https://zenodo.org/records/3378728. CC0 1.0.,TESS station stars1; photometric inflection method; night median MSAS=18.39; MSAS at inflection=16.08; depression=8.51°; smoothing=5-pt median; dark rows=226
fajr,2018-09-11,04:08,0,40.424604,-3.560279,0.0,Zamorano J. et al. (2019). TESS-W sky brightness network. Zenodo monthly archives. https://zenodo.org/records/3378728. CC0 1.0.,TESS station stars1; photometric inflection method; night median MSAS=18.39; MSAS at inflection=18.37; depression=19.48°; smoothing=5-pt median; dark rows=226
fajr,2018-09-12,04:39,0,40.424604,-3.560279,0.0,Zamorano J. et al. (2019). TESS-W sky brightness network. Zenodo monthly archives. https://zenodo.org/records/3378728. CC0 1.0.,TESS station stars1; photometric inflection method; night median MSAS=17.68; MSAS at inflection=18.22; depression=14.20°; smoothing=5-pt median; dark rows=225
isha,2018-09-12,19:57,0,40.424604,-3.560279,0.0,Zamorano J. et al. (2019). TESS-W sky brightness network. Zenodo monthly archives. https://zenodo.org/records/3378728. CC0 1.0.,TESS station stars1; photometric inflection method; night median MSAS=18.30; MSAS at inflection=17.86; depression=17.29°; smoothing=5-pt median; dark rows=229
isha,2018-09-13,19:21,0,40.424604,-3.560279,0.0,Zamorano J. et al. (2019). TESS-W sky brightness network. Zenodo monthly archives. https://zenodo.org/records/3378728. CC0 1.0.,TESS station stars1; photometric inflection method; night median MSAS=18.27; MSAS at inflection=17.38; depression=11.13°; smoothing=5-pt median; dark rows=1154
fajr,2018-09-14,05:14,0,40.424604,-3.560279,0.0,Zamorano J. et al. (2019). TESS-W sky brightness network. Zenodo monthly archives. https://zenodo.org/records/3378728. CC0 1.0.,TESS station stars1; photometric inflection method; night median MSAS=18.27; MSAS at inflection=16.13; depression=8.29°; smoothing=5-pt median; dark rows=1154
isha,2018-09-14,19:03,0,40.424604,-3.560279,0.0,Zamorano J. et al. (2019). TESS-W sky brightness network. Zenodo monthly archives. https://zenodo.org/records/3378728. CC0 1.0.,TESS station stars1; photometric inflection method; night median MSAS=18.06; MSAS at inflection=15.80; depression=8.10°; smoothing=5-pt median; dark rows=1132
fajr,2018-09-15,04:52,0,40.424604,-3.560279,0.0,Zamorano J. et al. (2019). TESS-W sky brightness network. Zenodo monthly archives. https://zenodo.org/records/3378728. CC0 1.0.,TESS station stars1; photometric inflection method; night median MSAS=18.06; MSAS at inflection=18.03; depression=12.44°; smoothing=5-pt median; dark rows=1132
fajr,2018-09-16,05:13,0,40.424604,-3.560279,0.0,Zamorano J. et al. (2019). TESS-W sky brightness network. Zenodo monthly archives. https://zenodo.org/records/3378728. CC0 1.0.,TESS station stars1; photometric inflection method; night median MSAS=18.39; MSAS at inflection=16.68; depression=8.76°; smoothing=5-pt median; dark rows=1169
isha,2018-09-16,19:19,0,40.424604,-3.560279,0.0,Zamorano J. et al. (2019). TESS-W sky brightness network. Zenodo monthly archives. https://zenodo.org/records/3378728. CC0 1.0.,TESS station stars1; photometric inflection method; night median MSAS=17.91; MSAS at inflection=17.09; depression=11.66°; smoothing=5-pt median; dark rows=1153
fajr,2018-09-17,05:02,0,40.424604,-3.560279,0.0,Zamorano J. et al. (2019). TESS-W sky brightness network. Zenodo monthly archives. https://zenodo.org/records/3378728. CC0 1.0.,TESS station stars1; photometric inflection method; night median MSAS=17.91; MSAS at inflection=17.82; depression=11.02°; smoothing=5-pt median; dark rows=1153
isha,2018-09-18,19:03,0,40.424604,-3.560279,0.0,Zamorano J. et al. (2019). TESS-W sky brightness network. Zenodo monthly archives. https://zenodo.org/records/3378728. CC0 1.0.,TESS station stars1; photometric inflection method; night median MSAS=18.26; MSAS at inflection=16.87; depression=9.41°; smoothing=5-pt median; dark rows=1179
fajr,2018-09-19,05:04,0,40.424604,-3.560279,0.0,Zamorano J. et al. (2019). TESS-W sky brightness network. Zenodo monthly archives. https://zenodo.org/records/3378728. CC0 1.0.,TESS station stars1; photometric inflection method; night median MSAS=18.26; MSAS at inflection=17.80; depression=10.99°; smoothing=5-pt median; dark rows=1179
isha,2018-09-19,18:55,0,40.424604,-3.560279,0.0,Zamorano J. et al. (2019). TESS-W sky brightness network. Zenodo monthly archives. https://zenodo.org/records/3378728. CC0 1.0.,TESS station stars1; photometric inflection method; night median MSAS=18.16; MSAS at inflection=16.01; depression=8.15°; smoothing=5-pt median; dark rows=1177
fajr,2018-09-20,05:21,0,40.424604,-3.560279,0.0,Zamorano J. et al. (2019). TESS-W sky brightness network. Zenodo monthly archives. https://zenodo.org/records/3378728. CC0 1.0.,TESS station stars1; photometric inflection method; night median MSAS=18.16; MSAS at inflection=15.83; depression=7.97°; smoothing=5-pt median; dark rows=1177
isha,2018-09-20,18:54,0,40.424604,-3.560279,0.0,Zamorano J. et al. (2019). TESS-W sky brightness network. Zenodo monthly archives. https://zenodo.org/records/3378728. CC0 1.0.,TESS station stars1; photometric inflection method; night median MSAS=18.04; MSAS at inflection=16.18; depression=8.26°; smoothing=5-pt median; dark rows=1176
fajr,2018-09-21,05:18,0,40.424604,-3.560279,0.0,Zamorano J. et al. (2019). TESS-W sky brightness network. Zenodo monthly archives. https://zenodo.org/records/3378728. CC0 1.0.,TESS station stars1; photometric inflection method; night median MSAS=18.04; MSAS at inflection=16.59; depression=8.84°; smoothing=5-pt median; dark rows=1176
isha,2018-09-21,18:56,0,40.424604,-3.560279,0.0,Zamorano J. et al. (2019). TESS-W sky brightness network. Zenodo monthly archives. https://zenodo.org/records/3378728. CC0 1.0.,TESS station stars1; photometric inflection method; night median MSAS=17.90; MSAS at inflection=16.63; depression=8.94°; smoothing=5-pt median; dark rows=1190
fajr,2018-09-23,05:12,0,40.424604,-3.560279,0.0,Zamorano J. et al. (2019). TESS-W sky brightness network. Zenodo monthly archives. https://zenodo.org/records/3378728. CC0 1.0.,TESS station stars1; photometric inflection method; night median MSAS=17.87; MSAS at inflection=17.61; depression=10.36°; smoothing=5-pt median; dark rows=1196
isha,2018-09-24,19:36,0,40.424604,-3.560279,0.0,Zamorano J. et al. (2019). TESS-W sky brightness network. Zenodo monthly archives. https://zenodo.org/records/3378728. CC0 1.0.,TESS station stars1; photometric inflection method; night median MSAS=17.62; MSAS at inflection=17.77; depression=17.46°; smoothing=5-pt median; dark rows=1208
fajr,2018-09-25,05:24,0,40.424604,-3.560279,0.0,Zamorano J. et al. (2019). TESS-W sky brightness network. Zenodo monthly archives. https://zenodo.org/records/3378728. CC0 1.0.,TESS station stars1; photometric inflection method; night median MSAS=17.62; MSAS at inflection=16.28; depression=8.48°; smoothing=5-pt median; dark rows=1208
fajr,2018-09-29,05:30,0,40.424604,-3.560279,0.0,Zamorano J. et al. (2019). TESS-W sky brightness network. Zenodo monthly archives. https://zenodo.org/records/3378728. CC0 1.0.,TESS station stars1; photometric inflection method; night median MSAS=17.89; MSAS at inflection=15.77; depression=7.99°; smoothing=5-pt median; dark rows=1231
fajr,2018-09-30,04:45,0,40.424604,-3.560279,0.0,Zamorano J. et al. (2019). TESS-W sky brightness network. Zenodo monthly archives. https://zenodo.org/records/3378728. CC0 1.0.,TESS station stars1; photometric inflection method; night median MSAS=18.02; MSAS at inflection=17.43; depression=16.77°; smoothing=5-pt median; dark rows=1245
isha,2018-09-30,18:38,0,40.424604,-3.560279,0.0,Zamorano J. et al. (2019). TESS-W sky brightness network. Zenodo monthly archives. https://zenodo.org/records/3378728. CC0 1.0.,TESS station stars1; photometric inflection method; night median MSAS=18.02; MSAS at inflection=16.31; depression=8.53°; smoothing=5-pt median; dark rows=609
isha,2018-09-05,19:45,0,38.3149,-5.28355,0.0,Zamorano J. et al. (2019). TESS-W sky brightness network. Zenodo monthly archives. https://zenodo.org/records/3378728. CC0 1.0.,TESS station stars15; photometric inflection method; night median MSAS=19.89; MSAS at inflection=19.36; depression=12.41°; smoothing=5-pt median; dark rows=567
fajr,2018-09-16,04:20,0,38.3149,-5.28355,0.0,Zamorano J. et al. (2019). TESS-W sky brightness network. Zenodo monthly archives. https://zenodo.org/records/3378728. CC0 1.0.,TESS station stars15; photometric inflection method; night median MSAS=20.81; MSAS at inflection=20.85; depression=20.53°; smoothing=5-pt median; dark rows=531
fajr,2018-09-22,05:07,0,38.3149,-5.28355,0.0,Zamorano J. et al. (2019). TESS-W sky brightness network. Zenodo monthly archives. https://zenodo.org/records/3378728. CC0 1.0.,TESS station stars15; photometric inflection method; night median MSAS=18.61; MSAS at inflection=19.87; depression=12.67°; smoothing=5-pt median; dark rows=614
fajr,2018-09-28,05:38,0,38.3149,-5.28355,0.0,Zamorano J. et al. (2019). TESS-W sky brightness network. Zenodo monthly archives. https://zenodo.org/records/3378728. CC0 1.0.,TESS station stars15; photometric inflection method; night median MSAS=17.64; MSAS at inflection=15.32; depression=7.80°; smoothing=5-pt median; dark rows=23
isha,2018-09-28,19:28,0,38.3149,-5.28355,0.0,Zamorano J. et al. (2019). TESS-W sky brightness network. Zenodo monthly archives. https://zenodo.org/records/3378728. CC0 1.0.,TESS station stars15; photometric inflection method; night median MSAS=18.30; MSAS at inflection=20.10; depression=16.37°; smoothing=5-pt median; dark rows=622
isha,2018-09-29,19:00,0,38.3149,-5.28355,0.0,Zamorano J. et al. (2019). TESS-W sky brightness network. Zenodo monthly archives. https://zenodo.org/records/3378728. CC0 1.0.,TESS station stars15; photometric inflection method; night median MSAS=18.84; MSAS at inflection=18.66; depression=11.17°; smoothing=5-pt median; dark rows=630
isha,2018-09-30,18:53,0,38.3149,-5.28355,0.0,Zamorano J. et al. (2019). TESS-W sky brightness network. Zenodo monthly archives. https://zenodo.org/records/3378728. CC0 1.0.,TESS station stars15; photometric inflection method; night median MSAS=19.87; MSAS at inflection=17.87; depression=10.23°; smoothing=5-pt median; dark rows=305
isha,2018-09-01,19:51,0,40.0418,-1.0163,0.0,Zamorano J. et al. (2019). TESS-W sky brightness network. Zenodo monthly archives. https://zenodo.org/records/3378728. CC0 1.0.,TESS station stars18; photometric inflection method; night median MSAS=20.06; MSAS at inflection=20.75; depression=14.62°; smoothing=5-pt median; dark rows=109
fajr,2018-09-07,03:42,0,40.0418,-1.0163,0.0,Zamorano J. et al. (2019). TESS-W sky brightness network. Zenodo monthly archives. https://zenodo.org/records/3378728. CC0 1.0.,TESS station stars18; photometric inflection method; night median MSAS=21.44; MSAS at inflection=21.45; depression=21.60°; smoothing=5-pt median; dark rows=568
fajr,2018-09-08,03:44,0,40.0418,-1.0163,0.0,Zamorano J. et al. (2019). TESS-W sky brightness network. Zenodo monthly archives. https://zenodo.org/records/3378728. CC0 1.0.,TESS station stars18; photometric inflection method; night median MSAS=21.36; MSAS at inflection=21.50; depression=21.41°; smoothing=5-pt median; dark rows=563
fajr,2018-09-11,04:40,0,40.0418,-1.0163,0.0,Zamorano J. et al. (2019). TESS-W sky brightness network. Zenodo monthly archives. https://zenodo.org/records/3378728. CC0 1.0.,TESS station stars18; photometric inflection method; night median MSAS=21.38; MSAS at inflection=19.68; depression=12.08°; smoothing=5-pt median; dark rows=581
isha,2018-09-12,19:40,0,40.0418,-1.0163,0.0,Zamorano J. et al. (2019). TESS-W sky brightness network. Zenodo monthly archives. https://zenodo.org/records/3378728. CC0 1.0.,TESS station stars18; photometric inflection method; night median MSAS=21.39; MSAS at inflection=21.08; depression=16.26°; smoothing=5-pt median; dark rows=116
isha,2018-09-13,20:06,0,40.0418,-1.0163,0.0,Zamorano J. et al. (2019). TESS-W sky brightness network. Zenodo monthly archives. https://zenodo.org/records/3378728. CC0 1.0.,TESS station stars18; photometric inflection method; night median MSAS=21.32; MSAS at inflection=21.02; depression=21.20°; smoothing=5-pt median; dark rows=116
fajr,2018-09-15,03:52,0,40.0418,-1.0163,0.0,Zamorano J. et al. (2019). TESS-W sky brightness network. Zenodo monthly archives. https://zenodo.org/records/3378728. CC0 1.0.,TESS station stars18; photometric inflection method; night median MSAS=21.16; MSAS at inflection=21.27; depression=21.63°; smoothing=5-pt median; dark rows=592
fajr,2018-09-16,04:50,0,40.0418,-1.0163,0.0,Zamorano J. et al. (2019). TESS-W sky brightness network. Zenodo monthly archives. https://zenodo.org/records/3378728. CC0 1.0.,TESS station stars18; photometric inflection method; night median MSAS=21.43; MSAS at inflection=19.47; depression=11.29°; smoothing=5-pt median; dark rows=589
isha,2018-09-17,19:49,0,40.0418,-1.0163,0.0,Zamorano J. et al. (2019). TESS-W sky brightness network. Zenodo monthly archives. https://zenodo.org/records/3378728. CC0 1.0.,TESS station stars18; photometric inflection method; night median MSAS=21.25; MSAS at inflection=19.87; depression=19.53°; smoothing=5-pt median; dark rows=595
isha,2018-09-18,19:18,0,40.0418,-1.0163,0.0,Zamorano J. et al. (2019). TESS-W sky brightness network. Zenodo monthly archives. https://zenodo.org/records/3378728. CC0 1.0.,TESS station stars18; photometric inflection method; night median MSAS=20.90; MSAS at inflection=19.29; depression=14.06°; smoothing=5-pt median; dark rows=571
fajr,2018-09-19,04:51,0,40.0418,-1.0163,0.0,Zamorano J. et al. (2019). TESS-W sky brightness network. Zenodo monthly archives. https://zenodo.org/records/3378728. CC0 1.0.,TESS station stars18; photometric inflection method; night median MSAS=20.90; MSAS at inflection=19.65; depression=11.73°; smoothing=5-pt median; dark rows=571
isha,2018-09-19,19:33,0,40.0418,-1.0163,0.0,Zamorano J. et al. (2019). TESS-W sky brightness network. Zenodo monthly archives. https://zenodo.org/records/3378728. CC0 1.0.,TESS station stars18; photometric inflection method; night median MSAS=20.25; MSAS at inflection=19.49; depression=17.27°; smoothing=5-pt median; dark rows=577
fajr,2018-09-20,04:37,0,40.0418,-1.0163,0.0,Zamorano J. et al. (2019). TESS-W sky brightness network. Zenodo monthly archives. https://zenodo.org/records/3378728. CC0 1.0.,TESS station stars18; photometric inflection method; night median MSAS=20.25; MSAS at inflection=20.98; depression=14.44°; smoothing=5-pt median; dark rows=577
isha,2018-09-20,19:29,0,40.0418,-1.0163,0.0,Zamorano J. et al. (2019). TESS-W sky brightness network. Zenodo monthly archives. https://zenodo.org/records/3378728. CC0 1.0.,TESS station stars18; photometric inflection method; night median MSAS=19.82; MSAS at inflection=19.31; depression=16.89°; smoothing=5-pt median; dark rows=599
isha,2018-09-22,19:44,0,40.0418,-1.0163,0.0,Zamorano J. et al. (2019). TESS-W sky brightness network. Zenodo monthly archives. https://zenodo.org/records/3378728. CC0 1.0.,TESS station stars18; photometric inflection method; night median MSAS=18.97; MSAS at inflection=19.05; depression=20.23°; smoothing=5-pt median; dark rows=609
isha,2018-09-25,19:24,0,40.0418,-1.0163,0.0,Zamorano J. et al. (2019). TESS-W sky brightness network. Zenodo monthly archives. https://zenodo.org/records/3378728. CC0 1.0.,TESS station stars18; photometric inflection method; night median MSAS=17.55; MSAS at inflection=19.31; depression=17.62°; smoothing=5-pt median; dark rows=619
fajr,2018-09-26,05:09,0,40.0418,-1.0163,0.0,Zamorano J. et al. (2019). TESS-W sky brightness network. Zenodo monthly archives. https://zenodo.org/records/3378728. CC0 1.0.,TESS station stars18; photometric inflection method; night median MSAS=17.55; MSAS at inflection=17.79; depression=9.67°; smoothing=5-pt median; dark rows=619
fajr,2018-09-29,04:50,0,40.0418,-1.0163,0.0,Zamorano J. et al. (2019). TESS-W sky brightness network. Zenodo monthly archives. https://zenodo.org/records/3378728. CC0 1.0.,TESS station stars18; photometric inflection method; night median MSAS=18.88; MSAS at inflection=18.31; depression=13.67°; smoothing=5-pt median; dark rows=625
isha,2018-08-31,20:09,-7,32.223877,-110.767532,0.0,Zamorano J. et al. (2019). TESS-W sky brightness network. Zenodo monthly archives. https://zenodo.org/records/3378728. CC0 1.0.,TESS station stars19; photometric inflection method; night median MSAS=18.75; MSAS at inflection=16.97; depression=17.28°; smoothing=5-pt median; dark rows=555
isha,2018-09-01,19:43,-7,32.223877,-110.767532,0.0,Zamorano J. et al. (2019). TESS-W sky brightness network. Zenodo monthly archives. https://zenodo.org/records/3378728. CC0 1.0.,TESS station stars19; photometric inflection method; night median MSAS=19.16; MSAS at inflection=19.69; depression=12.43°; smoothing=5-pt median; dark rows=472
fajr,2018-09-02,05:00,-7,32.223877,-110.767532,0.0,Zamorano J. et al. (2019). TESS-W sky brightness network. Zenodo monthly archives. https://zenodo.org/records/3378728. CC0 1.0.,TESS station stars19; photometric inflection method; night median MSAS=19.16; MSAS at inflection=17.57; depression=12.84°; smoothing=5-pt median; dark rows=472
isha,2018-09-02,19:41,-7,32.223877,-110.767532,0.0,Zamorano J. et al. (2019). TESS-W sky brightness network. Zenodo monthly archives. https://zenodo.org/records/3378728. CC0 1.0.,TESS station stars19; photometric inflection method; night median MSAS=17.94; MSAS at inflection=18.12; depression=12.33°; smoothing=5-pt median; dark rows=528
fajr,2018-09-03,05:03,-7,32.223877,-110.767532,0.0,Zamorano J. et al. (2019). TESS-W sky brightness network. Zenodo monthly archives. https://zenodo.org/records/3378728. CC0 1.0.,TESS station stars19; photometric inflection method; night median MSAS=17.94; MSAS at inflection=18.79; depression=12.37°; smoothing=5-pt median; dark rows=528
isha,2018-09-05,20:03,-7,32.223877,-110.767532,0.0,Zamorano J. et al. (2019). TESS-W sky brightness network. Zenodo monthly archives. https://zenodo.org/records/3378728. CC0 1.0.,TESS station stars19; photometric inflection method; night median MSAS=20.50; MSAS at inflection=18.35; depression=17.48°; smoothing=5-pt median; dark rows=565
isha,2018-09-10,19:19,-7,32.223877,-110.767532,0.0,Zamorano J. et al. (2019). TESS-W sky brightness network. Zenodo monthly archives. https://zenodo.org/records/3378728. CC0 1.0.,TESS station stars19; photometric inflection method; night median MSAS=20.38; MSAS at inflection=17.91; depression=10.11°; smoothing=5-pt median; dark rows=532
fajr,2018-09-11,05:20,-7,32.223877,-110.767532,0.0,Zamorano J. et al. (2019). TESS-W sky brightness network. Zenodo monthly archives. https://zenodo.org/records/3378728. CC0 1.0.,TESS station stars19; photometric inflection method; night median MSAS=20.38; MSAS at inflection=18.16; depression=10.10°; smoothing=5-pt median; dark rows=532
fajr,2018-09-15,05:08,-7,32.223877,-110.767532,0.0,Zamorano J. et al. (2019). TESS-W sky brightness network. Zenodo monthly archives. https://zenodo.org/records/3378728. CC0 1.0.,TESS station stars19; photometric inflection method; night median MSAS=20.30; MSAS at inflection=20.13; depression=13.14°; smoothing=5-pt median; dark rows=515
isha,2018-09-15,20:05,-7,32.223877,-110.767532,0.0,Zamorano J. et al. (2019). TESS-W sky brightness network. Zenodo monthly archives. https://zenodo.org/records/3378728. CC0 1.0.,TESS station stars19; photometric inflection method; night median MSAS=20.32; MSAS at inflection=17.94; depression=20.84°; smoothing=5-pt median; dark rows=520
isha,2018-09-16,19:35,-7,32.223877,-110.767532,0.0,Zamorano J. et al. (2019). TESS-W sky brightness network. Zenodo monthly archives. https://zenodo.org/records/3378728. CC0 1.0.,TESS station stars19; photometric inflection method; night median MSAS=20.47; MSAS at inflection=19.60; depression=15.13°; smoothing=5-pt median; dark rows=552
isha,2018-09-18,19:00,-7,32.223877,-110.767532,0.0,Zamorano J. et al. (2019). TESS-W sky brightness network. Zenodo monthly archives. https://zenodo.org/records/3378728. CC0 1.0.,TESS station stars19; photometric inflection method; night median MSAS=17.70; MSAS at inflection=15.79; depression=8.35°; smoothing=5-pt median; dark rows=491
fajr,2018-09-19,05:20,-7,32.223877,-110.767532,0.0,Zamorano J. et al. (2019). TESS-W sky brightness network. Zenodo monthly archives. https://zenodo.org/records/3378728. CC0 1.0.,TESS station stars19; photometric inflection method; night median MSAS=17.70; MSAS at inflection=18.26; depression=11.05°; smoothing=5-pt median; dark rows=491
fajr,2018-09-20,05:34,-7,32.223877,-110.767532,0.0,Zamorano J. et al. (2019). TESS-W sky brightness network. Zenodo monthly archives. https://zenodo.org/records/3378728. CC0 1.0.,TESS station stars19; photometric inflection method; night median MSAS=18.17; MSAS at inflection=17.08; depression=8.33°; smoothing=5-pt median; dark rows=522
fajr,2018-09-21,05:22,-7,32.223877,-110.767532,0.0,Zamorano J. et al. (2019). TESS-W sky brightness network. Zenodo monthly archives. https://zenodo.org/records/3378728. CC0 1.0.,TESS station stars19; photometric inflection method; night median MSAS=19.78; MSAS at inflection=19.14; depression=11.08°; smoothing=5-pt median; dark rows=522
isha,2018-09-21,19:39,-7,32.223877,-110.767532,0.0,Zamorano J. et al. (2019). TESS-W sky brightness network. Zenodo monthly archives. https://zenodo.org/records/3378728. CC0 1.0.,TESS station stars19; photometric inflection method; night median MSAS=19.08; MSAS at inflection=19.09; depression=17.39°; smoothing=5-pt median; dark rows=596
isha,2018-09-22,19:59,-7,32.223877,-110.767532,0.0,Zamorano J. et al. (2019). TESS-W sky brightness network. Zenodo monthly archives. https://zenodo.org/records/3378728. CC0 1.0.,TESS station stars19; photometric inflection method; night median MSAS=18.95; MSAS at inflection=19.04; depression=21.81°; smoothing=5-pt median; dark rows=537
fajr,2018-09-23,04:45,-7,32.223877,-110.767532,0.0,Zamorano J. et al. (2019). TESS-W sky brightness network. Zenodo monthly archives. https://zenodo.org/records/3378728. CC0 1.0.,TESS station stars19; photometric inflection method; night median MSAS=18.95; MSAS at inflection=20.39; depression=19.02°; smoothing=5-pt median; dark rows=537
fajr,2018-09-24,05:17,-7,32.223877,-110.767532,0.0,Zamorano J. et al. (2019). TESS-W sky brightness network. Zenodo monthly archives. https://zenodo.org/records/3378728. CC0 1.0.,TESS station stars19; photometric inflection method; night median MSAS=17.56; MSAS at inflection=17.82; depression=12.42°; smoothing=5-pt median; dark rows=486
isha,2018-09-24,18:51,-7,32.223877,-110.767532,0.0,Zamorano J. et al. (2019). TESS-W sky brightness network. Zenodo monthly archives. https://zenodo.org/records/3378728. CC0 1.0.,TESS station stars19; photometric inflection method; night median MSAS=17.51; MSAS at inflection=16.04; depression=8.26°; smoothing=5-pt median; dark rows=588
fajr,2018-09-25,05:39,-7,32.223877,-110.767532,0.0,Zamorano J. et al. (2019). TESS-W sky brightness network. Zenodo monthly archives. https://zenodo.org/records/3378728. CC0 1.0.,TESS station stars19; photometric inflection method; night median MSAS=17.51; MSAS at inflection=15.45; depression=7.91°; smoothing=5-pt median; dark rows=588
isha,2018-09-26,19:19,-7,32.223877,-110.767532,0.0,Zamorano J. et al. (2019). TESS-W sky brightness network. Zenodo monthly archives. https://zenodo.org/records/3378728. CC0 1.0.,TESS station stars19; photometric inflection method; night median MSAS=18.96; MSAS at inflection=20.00; depression=14.55°; smoothing=5-pt median; dark rows=566
isha,2018-09-28,19:05,-7,32.223877,-110.767532,0.0,Zamorano J. et al. (2019). TESS-W sky brightness network. Zenodo monthly archives. https://zenodo.org/records/3378728. CC0 1.0.,TESS station stars19; photometric inflection method; night median MSAS=18.49; MSAS at inflection=19.47; depression=12.32°; smoothing=5-pt median; dark rows=583
fajr,2018-09-03,04:23,0,41.001299,-2.492408,0.0,Zamorano J. et al. (2019). TESS-W sky brightness network. Zenodo monthly archives. https://zenodo.org/records/3378728. CC0 1.0.,TESS station stars2; photometric inflection method; night median MSAS=20.02; MSAS at inflection=18.92; depression=14.22°; smoothing=5-pt median; dark rows=539
isha,2018-09-05,20:34,0,41.001299,-2.492408,0.0,Zamorano J. et al. (2019). TESS-W sky brightness network. Zenodo monthly archives. https://zenodo.org/records/3378728. CC0 1.0.,TESS station stars2; photometric inflection method; night median MSAS=20.96; MSAS at inflection=21.24; depression=21.74°; smoothing=5-pt median; dark rows=563
isha,2018-09-06,19:40,0,41.001299,-2.492408,0.0,Zamorano J. et al. (2019). TESS-W sky brightness network. Zenodo monthly archives. https://zenodo.org/records/3378728. CC0 1.0.,TESS station stars2; photometric inflection method; night median MSAS=21.23; MSAS at inflection=19.89; depression=12.83°; smoothing=5-pt median; dark rows=387
fajr,2018-09-07,03:50,0,41.001299,-2.492408,0.0,Zamorano J. et al. (2019). TESS-W sky brightness network. Zenodo monthly archives. https://zenodo.org/records/3378728. CC0 1.0.,TESS station stars2; photometric inflection method; night median MSAS=21.23; MSAS at inflection=21.41; depression=20.83°; smoothing=5-pt median; dark rows=387
fajr,2018-09-08,04:39,0,41.001299,-2.492408,0.0,Zamorano J. et al. (2019). TESS-W sky brightness network. Zenodo monthly archives. https://zenodo.org/records/3378728. CC0 1.0.,TESS station stars2; photometric inflection method; night median MSAS=20.74; MSAS at inflection=19.91; depression=12.51°; smoothing=5-pt median; dark rows=564
isha,2018-09-08,20:18,0,41.001299,-2.492408,0.0,Zamorano J. et al. (2019). TESS-W sky brightness network. Zenodo monthly archives. https://zenodo.org/records/3378728. CC0 1.0.,TESS station stars2; photometric inflection method; night median MSAS=21.06; MSAS at inflection=20.97; depression=20.17°; smoothing=5-pt median; dark rows=546
fajr,2018-09-09,04:49,0,41.001299,-2.492408,0.0,Zamorano J. et al. (2019). TESS-W sky brightness network. Zenodo monthly archives. https://zenodo.org/records/3378728. CC0 1.0.,TESS station stars2; photometric inflection method; night median MSAS=21.06; MSAS at inflection=19.21; depression=10.87°; smoothing=5-pt median; dark rows=546
isha,2018-09-10,19:44,0,41.001299,-2.492408,0.0,Zamorano J. et al. (2019). TESS-W sky brightness network. Zenodo monthly archives. https://zenodo.org/records/3378728. CC0 1.0.,TESS station stars2; photometric inflection method; night median MSAS=21.27; MSAS at inflection=21.11; depression=14.90°; smoothing=5-pt median; dark rows=565
isha,2018-09-11,19:51,0,41.001299,-2.492408,0.0,Zamorano J. et al. (2019). TESS-W sky brightness network. Zenodo monthly archives. https://zenodo.org/records/3378728. CC0 1.0.,TESS station stars2; photometric inflection method; night median MSAS=20.50; MSAS at inflection=21.27; depression=16.50°; smoothing=5-pt median; dark rows=508
fajr,2018-09-12,04:35,0,41.001299,-2.492408,0.0,Zamorano J. et al. (2019). TESS-W sky brightness network. Zenodo monthly archives. https://zenodo.org/records/3378728. CC0 1.0.,TESS station stars2; photometric inflection method; night median MSAS=20.50; MSAS at inflection=20.94; depression=14.11°; smoothing=5-pt median; dark rows=508
fajr,2018-09-13,04:42,0,41.001299,-2.492408,0.0,Zamorano J. et al. (2019). TESS-W sky brightness network. Zenodo monthly archives. https://zenodo.org/records/3378728. CC0 1.0.,TESS station stars2; photometric inflection method; night median MSAS=21.22; MSAS at inflection=20.51; depression=12.95°; smoothing=5-pt median; dark rows=545
isha,2018-09-14,19:42,0,41.001299,-2.492408,0.0,Zamorano J. et al. (2019). TESS-W sky brightness network. Zenodo monthly archives. https://zenodo.org/records/3378728. CC0 1.0.,TESS station stars2; photometric inflection method; night median MSAS=21.24; MSAS at inflection=20.79; depression=15.86°; smoothing=5-pt median; dark rows=579
isha,2018-09-15,19:53,0,41.001299,-2.492408,0.0,Zamorano J. et al. (2019). TESS-W sky brightness network. Zenodo monthly archives. https://zenodo.org/records/3378728. CC0 1.0.,TESS station stars2; photometric inflection method; night median MSAS=21.30; MSAS at inflection=20.33; depression=18.17°; smoothing=5-pt median; dark rows=579
fajr,2018-09-16,04:56,0,41.001299,-2.492408,0.0,Zamorano J. et al. (2019). TESS-W sky brightness network. Zenodo monthly archives. https://zenodo.org/records/3378728. CC0 1.0.,TESS station stars2; photometric inflection method; night median MSAS=21.30; MSAS at inflection=19.29; depression=11.08°; smoothing=5-pt median; dark rows=579
isha,2018-09-16,19:22,0,41.001299,-2.492408,0.0,Zamorano J. et al. (2019). TESS-W sky brightness network. Zenodo monthly archives. https://zenodo.org/records/3378728. CC0 1.0.,TESS station stars2; photometric inflection method; night median MSAS=21.28; MSAS at inflection=19.41; depression=12.84°; smoothing=5-pt median; dark rows=584
fajr,2018-09-17,04:55,0,41.001299,-2.492408,0.0,Zamorano J. et al. (2019). TESS-W sky brightness network. Zenodo monthly archives. https://zenodo.org/records/3378728. CC0 1.0.,TESS station stars2; photometric inflection method; night median MSAS=21.28; MSAS at inflection=19.50; depression=11.42°; smoothing=5-pt median; dark rows=584
isha,2018-09-17,19:28,0,41.001299,-2.492408,0.0,Zamorano J. et al. (2019). TESS-W sky brightness network. Zenodo monthly archives. https://zenodo.org/records/3378728. CC0 1.0.,TESS station stars2; photometric inflection method; night median MSAS=20.82; MSAS at inflection=19.58; depression=14.34°; smoothing=5-pt median; dark rows=590
isha,2018-09-18,19:10,0,41.001299,-2.492408,0.0,Zamorano J. et al. (2019). TESS-W sky brightness network. Zenodo monthly archives. https://zenodo.org/records/3378728. CC0 1.0.,TESS station stars2; photometric inflection method; night median MSAS=20.66; MSAS at inflection=18.71; depression=11.32°; smoothing=5-pt median; dark rows=597
fajr,2018-09-20,04:51,0,41.001299,-2.492408,0.0,Zamorano J. et al. (2019). TESS-W sky brightness network. Zenodo monthly archives. https://zenodo.org/records/3378728. CC0 1.0.,TESS station stars2; photometric inflection method; night median MSAS=19.98; MSAS at inflection=20.27; depression=12.69°; smoothing=5-pt median; dark rows=598
fajr,2018-09-21,04:27,0,41.001299,-2.492408,0.0,Zamorano J. et al. (2019). TESS-W sky brightness network. Zenodo monthly archives. https://zenodo.org/records/3378728. CC0 1.0.,TESS station stars2; photometric inflection method; night median MSAS=19.38; MSAS at inflection=21.34; depression=17.36°; smoothing=5-pt median; dark rows=527
fajr,2018-09-23,04:17,0,41.001299,-2.492408,0.0,Zamorano J. et al. (2019). TESS-W sky brightness network. Zenodo monthly archives. https://zenodo.org/records/3378728. CC0 1.0.,TESS station stars2; photometric inflection method; night median MSAS=18.83; MSAS at inflection=21.31; depression=19.45°; smoothing=5-pt median; dark rows=589
fajr,2018-09-24,05:19,0,41.001299,-2.492408,0.0,Zamorano J. et al. (2019). TESS-W sky brightness network. Zenodo monthly archives. https://zenodo.org/records/3378728. CC0 1.0.,TESS station stars2; photometric inflection method; night median MSAS=18.33; MSAS at inflection=16.25; depression=8.35°; smoothing=5-pt median; dark rows=593
isha,2018-09-26,18:46,0,41.001299,-2.492408,0.0,Zamorano J. et al. (2019). TESS-W sky brightness network. Zenodo monthly archives. https://zenodo.org/records/3378728. CC0 1.0.,TESS station stars2; photometric inflection method; night median MSAS=17.86; MSAS at inflection=17.68; depression=9.40°; smoothing=5-pt median; dark rows=608
isha,2018-09-28,18:59,0,41.001299,-2.492408,0.0,Zamorano J. et al. (2019). TESS-W sky brightness network. Zenodo monthly archives. https://zenodo.org/records/3378728. CC0 1.0.,TESS station stars2; photometric inflection method; night median MSAS=19.04; MSAS at inflection=19.97; depression=12.49°; smoothing=5-pt median; dark rows=618
isha,2018-09-29,18:54,0,41.001299,-2.492408,0.0,Zamorano J. et al. (2019). TESS-W sky brightness network. Zenodo monthly archives. https://zenodo.org/records/3378728. CC0 1.0.,TESS station stars2; photometric inflection method; night median MSAS=19.59; MSAS at inflection=19.48; depression=12.01°; smoothing=5-pt median; dark rows=619
fajr,2018-09-01,04:06,0,38.755452,-6.984508,0.0,Zamorano J. et al. (2019). TESS-W sky brightness network. Zenodo monthly archives. https://zenodo.org/records/3378728. CC0 1.0.,TESS station stars201; photometric inflection method; night median MSAS=18.38; MSAS at inflection=17.80; depression=20.96°; smoothing=5-pt median; dark rows=307
fajr,2018-09-03,04:27,0,38.755452,-6.984508,0.0,Zamorano J. et al. (2019). TESS-W sky brightness network. Zenodo monthly archives. https://zenodo.org/records/3378728. CC0 1.0.,TESS station stars201; photometric inflection method; night median MSAS=20.18; MSAS at inflection=18.29; depression=17.65°; smoothing=5-pt median; dark rows=551
isha,2018-09-04,19:45,0,38.755452,-6.984508,0.0,Zamorano J. et al. (2019). TESS-W sky brightness network. Zenodo monthly archives. https://zenodo.org/records/3378728. CC0 1.0.,TESS station stars201; photometric inflection method; night median MSAS=20.67; MSAS at inflection=18.35; depression=10.56°; smoothing=5-pt median; dark rows=565
isha,2018-09-05,19:53,0,38.755452,-6.984508,0.0,Zamorano J. et al. (2019). TESS-W sky brightness network. Zenodo monthly archives. https://zenodo.org/records/3378728. CC0 1.0.,TESS station stars201; photometric inflection method; night median MSAS=20.85; MSAS at inflection=19.63; depression=12.41°; smoothing=5-pt median; dark rows=568
fajr,2018-09-06,04:58,0,38.755452,-6.984508,0.0,Zamorano J. et al. (2019). TESS-W sky brightness network. Zenodo monthly archives. https://zenodo.org/records/3378728. CC0 1.0.,TESS station stars201; photometric inflection method; night median MSAS=20.85; MSAS at inflection=19.70; depression=12.61°; smoothing=5-pt median; dark rows=568
fajr,2018-09-09,05:10,0,38.755452,-6.984508,0.0,Zamorano J. et al. (2019). TESS-W sky brightness network. Zenodo monthly archives. https://zenodo.org/records/3378728. CC0 1.0.,TESS station stars201; photometric inflection method; night median MSAS=20.67; MSAS at inflection=19.15; depression=11.09°; smoothing=5-pt median; dark rows=578
isha,2018-09-09,20:03,0,38.755452,-6.984508,0.0,Zamorano J. et al. (2019). TESS-W sky brightness network. Zenodo monthly archives. https://zenodo.org/records/3378728. CC0 1.0.,TESS station stars201; photometric inflection method; night median MSAS=21.03; MSAS at inflection=20.57; depression=15.52°; smoothing=5-pt median; dark rows=580
isha,2018-09-11,19:41,0,38.755452,-6.984508,0.0,Zamorano J. et al. (2019). TESS-W sky brightness network. Zenodo monthly archives. https://zenodo.org/records/3378728. CC0 1.0.,TESS station stars201; photometric inflection method; night median MSAS=20.99; MSAS at inflection=19.20; depression=12.04°; smoothing=5-pt median; dark rows=587
fajr,2018-09-13,04:37,0,38.755452,-6.984508,0.0,Zamorano J. et al. (2019). TESS-W sky brightness network. Zenodo monthly archives. https://zenodo.org/records/3378728. CC0 1.0.,TESS station stars201; photometric inflection method; night median MSAS=20.99; MSAS at inflection=21.03; depression=17.94°; smoothing=5-pt median; dark rows=587
fajr,2018-09-15,05:21,0,38.755452,-6.984508,0.0,Zamorano J. et al. (2019). TESS-W sky brightness network. Zenodo monthly archives. https://zenodo.org/records/3378728. CC0 1.0.,TESS station stars201; photometric inflection method; night median MSAS=19.72; MSAS at inflection=18.18; depression=10.05°; smoothing=5-pt median; dark rows=593
isha,2018-09-15,19:36,0,38.755452,-6.984508,0.0,Zamorano J. et al. (2019). TESS-W sky brightness network. Zenodo monthly archives. https://zenodo.org/records/3378728. CC0 1.0.,TESS station stars201; photometric inflection method; night median MSAS=21.03; MSAS at inflection=19.14; depression=12.35°; smoothing=5-pt median; dark rows=598
isha,2018-09-16,19:37,0,38.755452,-6.984508,0.0,Zamorano J. et al. (2019). TESS-W sky brightness network. Zenodo monthly archives. https://zenodo.org/records/3378728. CC0 1.0.,TESS station stars201; photometric inflection method; night median MSAS=21.02; MSAS at inflection=19.05; depression=12.86°; smoothing=5-pt median; dark rows=601
fajr,2018-09-19,05:21,0,38.755452,-6.984508,0.0,Zamorano J. et al. (2019). TESS-W sky brightness network. Zenodo monthly archives. https://zenodo.org/records/3378728. CC0 1.0.,TESS station stars201; photometric inflection method; night median MSAS=20.45; MSAS at inflection=18.37; depression=10.66°; smoothing=5-pt median; dark rows=606
fajr,2018-09-20,05:20,0,38.755452,-6.984508,0.0,Zamorano J. et al. (2019). TESS-W sky brightness network. Zenodo monthly archives. https://zenodo.org/records/3378728. CC0 1.0.,TESS station stars201; photometric inflection method; night median MSAS=19.79; MSAS at inflection=18.82; depression=11.14°; smoothing=5-pt median; dark rows=606
isha,2018-09-21,19:17,0,38.755452,-6.984508,0.0,Zamorano J. et al. (2019). TESS-W sky brightness network. Zenodo monthly archives. https://zenodo.org/records/3378728. CC0 1.0.,TESS station stars201; photometric inflection method; night median MSAS=18.77; MSAS at inflection=17.66; depression=10.59°; smoothing=5-pt median; dark rows=613
isha,2018-09-22,19:12,0,38.755452,-6.984508,0.0,Zamorano J. et al. (2019). TESS-W sky brightness network. Zenodo monthly archives. https://zenodo.org/records/3378728. CC0 1.0.,TESS station stars201; photometric inflection method; night median MSAS=18.45; MSAS at inflection=17.28; depression=9.96°; smoothing=5-pt median; dark rows=615
isha,2018-09-23,19:26,0,38.755452,-6.984508,0.0,Zamorano J. et al. (2019). TESS-W sky brightness network. Zenodo monthly archives. https://zenodo.org/records/3378728. CC0 1.0.,TESS station stars201; photometric inflection method; night median MSAS=17.95; MSAS at inflection=18.56; depression=13.09°; smoothing=5-pt median; dark rows=617
isha,2018-09-26,19:49,0,38.755452,-6.984508,0.0,Zamorano J. et al. (2019). TESS-W sky brightness network. Zenodo monthly archives. https://zenodo.org/records/3378728. CC0 1.0.,TESS station stars201; photometric inflection method; night median MSAS=17.54; MSAS at inflection=19.01; depression=18.40°; smoothing=5-pt median; dark rows=625
fajr,2018-09-27,04:58,0,38.755452,-6.984508,0.0,Zamorano J. et al. (2019). TESS-W sky brightness network. Zenodo monthly archives. https://zenodo.org/records/3378728. CC0 1.0.,TESS station stars201; photometric inflection method; night median MSAS=17.54; MSAS at inflection=17.69; depression=16.55°; smoothing=5-pt median; dark rows=625
fajr,2018-09-30,04:57,0,38.755452,-6.984508,0.0,Zamorano J. et al. (2019). TESS-W sky brightness network. Zenodo monthly archives. https://zenodo.org/records/3378728. CC0 1.0.,TESS station stars201; photometric inflection method; night median MSAS=19.12; MSAS at inflection=17.38; depression=17.34°; smoothing=5-pt median; dark rows=632
isha,2018-09-06,19:56,0,39.322867,-4.950505,0.0,Zamorano J. et al. (2019). TESS-W sky brightness network. Zenodo monthly archives. https://zenodo.org/records/3378728. CC0 1.0.,TESS station stars202; photometric inflection method; night median MSAS=21.54; MSAS at inflection=21.14; depression=14.60°; smoothing=5-pt median; dark rows=571
fajr,2018-09-07,04:08,0,39.322867,-4.950505,0.0,Zamorano J. et al. (2019). TESS-W sky brightness network. Zenodo monthly archives. https://zenodo.org/records/3378728. CC0 1.0.,TESS station stars202; photometric inflection method; night median MSAS=21.54; MSAS at inflection=21.60; depression=20.18°; smoothing=5-pt median; dark rows=571
isha,2018-09-07,20:30,0,39.322867,-4.950505,0.0,Zamorano J. et al. (2019). TESS-W sky brightness network. Zenodo monthly archives. https://zenodo.org/records/3378728. CC0 1.0.,TESS station stars202; photometric inflection method; night median MSAS=21.45; MSAS at inflection=21.30; depression=20.91°; smoothing=5-pt median; dark rows=575
fajr,2018-09-08,04:50,0,39.322867,-4.950505,0.0,Zamorano J. et al. (2019). TESS-W sky brightness network. Zenodo monthly archives. https://zenodo.org/records/3378728. CC0 1.0.,TESS station stars202; photometric inflection method; night median MSAS=21.45; MSAS at inflection=20.45; depression=12.92°; smoothing=5-pt median; dark rows=575
isha,2018-09-08,19:31,0,39.322867,-4.950505,0.0,Zamorano J. et al. (2019). TESS-W sky brightness network. Zenodo monthly archives. https://zenodo.org/records/3378728. CC0 1.0.,TESS station stars202; photometric inflection method; night median MSAS=21.24; MSAS at inflection=18.84; depression=10.55°; smoothing=5-pt median; dark rows=142
fajr,2018-09-08,20:30,0,39.322867,-4.950505,0.0,Zamorano J. et al. (2019). TESS-W sky brightness network. Zenodo monthly archives. https://zenodo.org/records/3378728. CC0 1.0.,TESS station stars202; photometric inflection method; night median MSAS=21.24; MSAS at inflection=21.37; depression=21.21°; smoothing=5-pt median; dark rows=142
fajr,2018-09-13,04:28,0,39.322867,-4.950505,0.0,Zamorano J. et al. (2019). TESS-W sky brightness network. Zenodo monthly archives. https://zenodo.org/records/3378728. CC0 1.0.,TESS station stars202; photometric inflection method; night median MSAS=21.44; MSAS at inflection=21.55; depression=17.88°; smoothing=5-pt median; dark rows=588
isha,2018-09-13,19:32,0,39.322867,-4.950505,0.0,Zamorano J. et al. (2019). TESS-W sky brightness network. Zenodo monthly archives. https://zenodo.org/records/3378728. CC0 1.0.,TESS station stars202; photometric inflection method; night median MSAS=21.45; MSAS at inflection=19.89; depression=12.38°; smoothing=5-pt median; dark rows=579
fajr,2018-09-14,04:11,0,39.322867,-4.950505,0.0,Zamorano J. et al. (2019). TESS-W sky brightness network. Zenodo monthly archives. https://zenodo.org/records/3378728. CC0 1.0.,TESS station stars202; photometric inflection method; night median MSAS=21.45; MSAS at inflection=21.49; depression=21.13°; smoothing=5-pt median; dark rows=579
fajr,2018-09-16,04:50,0,39.322867,-4.950505,0.0,Zamorano J. et al. (2019). TESS-W sky brightness network. Zenodo monthly archives. https://zenodo.org/records/3378728. CC0 1.0.,TESS station stars202; photometric inflection method; night median MSAS=21.56; MSAS at inflection=21.20; depression=14.44°; smoothing=5-pt median; dark rows=595
fajr,2018-09-17,04:40,0,39.322867,-4.950505,0.0,Zamorano J. et al. (2019). TESS-W sky brightness network. Zenodo monthly archives. https://zenodo.org/records/3378728. CC0 1.0.,TESS station stars202; photometric inflection method; night median MSAS=21.46; MSAS at inflection=21.33; depression=16.37°; smoothing=5-pt median; dark rows=598
isha,2018-09-17,19:58,0,39.322867,-4.950505,0.0,Zamorano J. et al. (2019). TESS-W sky brightness network. Zenodo monthly archives. https://zenodo.org/records/3378728. CC0 1.0.,TESS station stars202; photometric inflection method; night median MSAS=19.98; MSAS at inflection=20.08; depression=18.49°; smoothing=5-pt median; dark rows=148
fajr,2018-09-17,20:03,0,39.322867,-4.950505,0.0,Zamorano J. et al. (2019). TESS-W sky brightness network. Zenodo monthly archives. https://zenodo.org/records/3378728. CC0 1.0.,TESS station stars202; photometric inflection method; night median MSAS=19.98; MSAS at inflection=19.69; depression=19.41°; smoothing=5-pt median; dark rows=148
isha,2018-09-22,19:19,0,39.322867,-4.950505,0.0,Zamorano J. et al. (2019). TESS-W sky brightness network. Zenodo monthly archives. https://zenodo.org/records/3378728. CC0 1.0.,TESS station stars202; photometric inflection method; night median MSAS=18.48; MSAS at inflection=18.85; depression=12.77°; smoothing=5-pt median; dark rows=614
fajr,2018-09-23,05:00,0,39.322867,-4.950505,0.0,Zamorano J. et al. (2019). TESS-W sky brightness network. Zenodo monthly archives. https://zenodo.org/records/3378728. CC0 1.0.,TESS station stars202; photometric inflection method; night median MSAS=18.48; MSAS at inflection=20.83; depression=13.88°; smoothing=5-pt median; dark rows=614
isha,2018-09-23,19:58,0,39.322867,-4.950505,0.0,Zamorano J. et al. (2019). TESS-W sky brightness network. Zenodo monthly archives. https://zenodo.org/records/3378728. CC0 1.0.,TESS station stars202; photometric inflection method; night median MSAS=18.02; MSAS at inflection=18.59; depression=20.39°; smoothing=5-pt median; dark rows=617
fajr,2018-09-24,05:02,0,39.322867,-4.950505,0.0,Zamorano J. et al. (2019). TESS-W sky brightness network. Zenodo monthly archives. https://zenodo.org/records/3378728. CC0 1.0.,TESS station stars202; photometric inflection method; night median MSAS=18.02; MSAS at inflection=19.96; depression=13.59°; smoothing=5-pt median; dark rows=617
fajr,2018-09-25,04:44,0,39.322867,-4.950505,0.0,Zamorano J. et al. (2019). TESS-W sky brightness network. Zenodo monthly archives. https://zenodo.org/records/3378728. CC0 1.0.,TESS station stars202; photometric inflection method; night median MSAS=17.50; MSAS at inflection=18.53; depression=17.16°; smoothing=5-pt median; dark rows=620
isha,2018-09-29,19:06,0,39.322867,-4.950505,0.0,Zamorano J. et al. (2019). TESS-W sky brightness network. Zenodo monthly archives. https://zenodo.org/records/3378728. CC0 1.0.,TESS station stars202; photometric inflection method; night median MSAS=19.01; MSAS at inflection=19.94; depression=12.53°; smoothing=5-pt median; dark rows=634
fajr,2018-09-30,04:58,0,39.322867,-4.950505,0.0,Zamorano J. et al. (2019). TESS-W sky brightness network. Zenodo monthly archives. https://zenodo.org/records/3378728. CC0 1.0.,TESS station stars202; photometric inflection method; night median MSAS=19.01; MSAS at inflection=17.46; depression=15.57°; smoothing=5-pt median; dark rows=634
isha,2018-09-30,19:50,0,39.322867,-4.950505,0.0,Zamorano J. et al. (2019). TESS-W sky brightness network. Zenodo monthly archives. https://zenodo.org/records/3378728. CC0 1.0.,TESS station stars202; photometric inflection method; night median MSAS=21.10; MSAS at inflection=21.23; depression=21.18°; smoothing=5-pt median; dark rows=308
fajr,2018-09-06,05:10,1,-33.92109,18.42043,0.0,Zamorano J. et al. (2019). TESS-W sky brightness network. Zenodo monthly archives. https://zenodo.org/records/3378728. CC0 1.0.,TESS station stars203; photometric inflection method; night median MSAS=17.56; MSAS at inflection=15.41; depression=10.80°; smoothing=5-pt median; dark rows=490
fajr,2018-09-09,04:46,1,-33.92109,18.42043,0.0,Zamorano J. et al. (2019). TESS-W sky brightness network. Zenodo monthly archives. https://zenodo.org/records/3378728. CC0 1.0.,TESS station stars203; photometric inflection method; night median MSAS=18.07; MSAS at inflection=18.12; depression=14.95°; smoothing=5-pt median; dark rows=651
isha,2018-09-10,18:21,1,-33.92109,18.42043,0.0,Zamorano J. et al. (2019). TESS-W sky brightness network. Zenodo monthly archives. https://zenodo.org/records/3378728. CC0 1.0.,TESS station stars203; photometric inflection method; night median MSAS=18.16; MSAS at inflection=17.25; depression=10.55°; smoothing=5-pt median; dark rows=648
fajr,2018-09-29,04:08,1,-33.92109,18.42043,0.0,Zamorano J. et al. (2019). TESS-W sky brightness network. Zenodo monthly archives. https://zenodo.org/records/3378728. CC0 1.0.,TESS station stars203; photometric inflection method; night median MSAS=17.60; MSAS at inflection=17.70; depression=16.86°; smoothing=5-pt median; dark rows=610
isha,2018-09-05,19:02,2,-17.928194,25.818417,0.0,Zamorano J. et al. (2019). TESS-W sky brightness network. Zenodo monthly archives. https://zenodo.org/records/3378728. CC0 1.0.,TESS station stars204; photometric inflection method; night median MSAS=20.60; MSAS at inflection=19.75; depression=13.32°; smoothing=5-pt median; dark rows=573
isha,2018-09-07,18:53,2,-17.928194,25.818417,0.0,Zamorano J. et al. (2019). TESS-W sky brightness network. Zenodo monthly archives. https://zenodo.org/records/3378728. CC0 1.0.,TESS station stars204; photometric inflection method; night median MSAS=19.58; MSAS at inflection=18.67; depression=11.05°; smoothing=5-pt median; dark rows=622
fajr,2018-09-11,05:19,2,-17.928194,25.818417,0.0,Zamorano J. et al. (2019). TESS-W sky brightness network. Zenodo monthly archives. https://zenodo.org/records/3378728. CC0 1.0.,TESS station stars204; photometric inflection method; night median MSAS=21.02; MSAS at inflection=20.70; depression=14.15°; smoothing=5-pt median; dark rows=607
isha,2018-09-28,18:44,2,-17.928194,25.818417,0.0,Zamorano J. et al. (2019). TESS-W sky brightness network. Zenodo monthly archives. https://zenodo.org/records/3378728. CC0 1.0.,TESS station stars204; photometric inflection method; night median MSAS=18.29; MSAS at inflection=16.17; depression=8.19°; smoothing=5-pt median; dark rows=569
isha,2018-09-29,18:49,2,-17.928194,25.818417,0.0,Zamorano J. et al. (2019). TESS-W sky brightness network. Zenodo monthly archives. https://zenodo.org/records/3378728. CC0 1.0.,TESS station stars204; photometric inflection method; night median MSAS=18.99; MSAS at inflection=17.28; depression=9.26°; smoothing=5-pt median; dark rows=597
fajr,2018-09-30,04:56,2,-17.783139,25.159207,0.0,Zamorano J. et al. (2019). TESS-W sky brightness network. Zenodo monthly archives. https://zenodo.org/records/3378728. CC0 1.0.,TESS station stars205; photometric inflection method; night median MSAS=18.71; MSAS at inflection=17.75; depression=16.36°; smoothing=5-pt median; dark rows=623
isha,2018-09-30,18:59,2,-17.783139,25.159207,0.0,Zamorano J. et al. (2019). TESS-W sky brightness network. Zenodo monthly archives. https://zenodo.org/records/3378728. CC0 1.0.,TESS station stars205; photometric inflection method; night median MSAS=19.87; MSAS at inflection=18.57; depression=11.02°; smoothing=5-pt median; dark rows=420
fajr,2018-09-14,04:50,12,-41.305029,174.783092,0.0,Zamorano J. et al. (2019). TESS-W sky brightness network. Zenodo monthly archives. https://zenodo.org/records/3378728. CC0 1.0.,TESS station stars214; photometric inflection method; night median MSAS=19.22; MSAS at inflection=18.46; depression=18.55°; smoothing=5-pt median; dark rows=604
isha,2018-09-04,19:37,-1,27.900833,-15.514722,0.0,Zamorano J. et al. (2019). TESS-W sky brightness network. Zenodo monthly archives. https://zenodo.org/records/3378728. CC0 1.0.,TESS station stars24; photometric inflection method; night median MSAS=18.40; MSAS at inflection=19.85; depression=17.63°; smoothing=5-pt median; dark rows=1163
fajr,2018-09-05,04:30,-1,27.900833,-15.514722,0.0,Zamorano J. et al. (2019). TESS-W sky brightness network. Zenodo monthly archives. https://zenodo.org/records/3378728. CC0 1.0.,TESS station stars24; photometric inflection method; night median MSAS=18.40; MSAS at inflection=19.53; depression=16.28°; smoothing=5-pt median; dark rows=1163
isha,2018-09-05,19:50,-1,27.900833,-15.514722,0.0,Zamorano J. et al. (2019). TESS-W sky brightness network. Zenodo monthly archives. https://zenodo.org/records/3378728. CC0 1.0.,TESS station stars24; photometric inflection method; night median MSAS=17.71; MSAS at inflection=15.46; depression=20.65°; smoothing=5-pt median; dark rows=1183
isha,2018-09-06,19:19,-1,27.900833,-15.514722,0.0,Zamorano J. et al. (2019). TESS-W sky brightness network. Zenodo monthly archives. https://zenodo.org/records/3378728. CC0 1.0.,TESS station stars24; photometric inflection method; night median MSAS=17.99; MSAS at inflection=19.99; depression=14.30°; smoothing=5-pt median; dark rows=973
isha,2018-09-07,19:49,-1,27.900833,-15.514722,0.0,Zamorano J. et al. (2019). TESS-W sky brightness network. Zenodo monthly archives. https://zenodo.org/records/3378728. CC0 1.0.,TESS station stars24; photometric inflection method; night median MSAS=18.79; MSAS at inflection=17.87; depression=20.94°; smoothing=5-pt median; dark rows=1160
isha,2018-09-08,19:17,-1,27.900833,-15.514722,0.0,Zamorano J. et al. (2019). TESS-W sky brightness network. Zenodo monthly archives. https://zenodo.org/records/3378728. CC0 1.0.,TESS station stars24; photometric inflection method; night median MSAS=18.83; MSAS at inflection=20.25; depression=14.49°; smoothing=5-pt median; dark rows=1155
isha,2018-09-09,19:42,-1,27.900833,-15.514722,0.0,Zamorano J. et al. (2019). TESS-W sky brightness network. Zenodo monthly archives. https://zenodo.org/records/3378728. CC0 1.0.,TESS station stars24; photometric inflection method; night median MSAS=18.22; MSAS at inflection=20.50; depression=20.00°; smoothing=5-pt median; dark rows=1201
fajr,2018-09-10,04:47,-1,27.900833,-15.514722,0.0,Zamorano J. et al. (2019). TESS-W sky brightness network. Zenodo monthly archives. https://zenodo.org/records/3378728. CC0 1.0.,TESS station stars24; photometric inflection method; night median MSAS=18.22; MSAS at inflection=17.07; depression=13.24°; smoothing=5-pt median; dark rows=1201
isha,2018-09-10,19:30,-1,27.900833,-15.514722,0.0,Zamorano J. et al. (2019). TESS-W sky brightness network. Zenodo monthly archives. https://zenodo.org/records/3378728. CC0 1.0.,TESS station stars24; photometric inflection method; night median MSAS=18.70; MSAS at inflection=17.27; depression=17.81°; smoothing=5-pt median; dark rows=1184
isha,2018-09-11,19:03,-1,27.900833,-15.514722,0.0,Zamorano J. et al. (2019). TESS-W sky brightness network. Zenodo monthly archives. https://zenodo.org/records/3378728. CC0 1.0.,TESS station stars24; photometric inflection method; night median MSAS=18.46; MSAS at inflection=19.09; depression=12.20°; smoothing=5-pt median; dark rows=1211
fajr,2018-09-12,04:10,-1,27.900833,-15.514722,0.0,Zamorano J. et al. (2019). TESS-W sky brightness network. Zenodo monthly archives. https://zenodo.org/records/3378728. CC0 1.0.,TESS station stars24; photometric inflection method; night median MSAS=18.46; MSAS at inflection=20.24; depression=21.51°; smoothing=5-pt median; dark rows=1211
isha,2018-09-12,19:13,-1,27.900833,-15.514722,0.0,Zamorano J. et al. (2019). TESS-W sky brightness network. Zenodo monthly archives. https://zenodo.org/records/3378728. CC0 1.0.,TESS station stars24; photometric inflection method; night median MSAS=18.09; MSAS at inflection=19.84; depression=14.62°; smoothing=5-pt median; dark rows=1212
fajr,2018-09-13,04:57,-1,27.900833,-15.514722,0.0,Zamorano J. et al. (2019). TESS-W sky brightness network. Zenodo monthly archives. https://zenodo.org/records/3378728. CC0 1.0.,TESS station stars24; photometric inflection method; night median MSAS=18.09; MSAS at inflection=17.82; depression=11.55°; smoothing=5-pt median; dark rows=1212
isha,2018-09-13,19:25,-1,27.900833,-15.514722,0.0,Zamorano J. et al. (2019). TESS-W sky brightness network. Zenodo monthly archives. https://zenodo.org/records/3378728. CC0 1.0.,TESS station stars24; photometric inflection method; night median MSAS=18.59; MSAS at inflection=18.27; depression=17.45°; smoothing=5-pt median; dark rows=1194
fajr,2018-09-14,05:07,-1,27.900833,-15.514722,0.0,Zamorano J. et al. (2019). TESS-W sky brightness network. Zenodo monthly archives. https://zenodo.org/records/3378728. CC0 1.0.,TESS station stars24; photometric inflection method; night median MSAS=18.59; MSAS at inflection=16.51; depression=9.36°; smoothing=5-pt median; dark rows=1194
isha,2018-09-14,19:14,-1,27.900833,-15.514722,0.0,Zamorano J. et al. (2019). TESS-W sky brightness network. Zenodo monthly archives. https://zenodo.org/records/3378728. CC0 1.0.,TESS station stars24; photometric inflection method; night median MSAS=18.76; MSAS at inflection=19.52; depression=15.30°; smoothing=5-pt median; dark rows=1175
fajr,2018-09-15,04:58,-1,27.900833,-15.514722,0.0,Zamorano J. et al. (2019). TESS-W sky brightness network. Zenodo monthly archives. https://zenodo.org/records/3378728. CC0 1.0.,TESS station stars24; photometric inflection method; night median MSAS=18.76; MSAS at inflection=18.76; depression=11.40°; smoothing=5-pt median; dark rows=1175
isha,2018-09-15,19:23,-1,27.900833,-15.514722,0.0,Zamorano J. et al. (2019). TESS-W sky brightness network. Zenodo monthly archives. https://zenodo.org/records/3378728. CC0 1.0.,TESS station stars24; photometric inflection method; night median MSAS=18.37; MSAS at inflection=17.96; depression=17.63°; smoothing=5-pt median; dark rows=1143
fajr,2018-09-17,04:39,-1,27.900833,-15.514722,0.0,Zamorano J. et al. (2019). TESS-W sky brightness network. Zenodo monthly archives. https://zenodo.org/records/3378728. CC0 1.0.,TESS station stars24; photometric inflection method; night median MSAS=18.76; MSAS at inflection=20.62; depression=15.89°; smoothing=5-pt median; dark rows=1225
fajr,2018-09-20,04:45,-1,27.900833,-15.514722,0.0,Zamorano J. et al. (2019). TESS-W sky brightness network. Zenodo monthly archives. https://zenodo.org/records/3378728. CC0 1.0.,TESS station stars24; photometric inflection method; night median MSAS=18.04; MSAS at inflection=20.12; depression=14.89°; smoothing=5-pt median; dark rows=1242
isha,2018-09-20,19:36,-1,27.900833,-15.514722,0.0,Zamorano J. et al. (2019). TESS-W sky brightness network. Zenodo monthly archives. https://zenodo.org/records/3378728. CC0 1.0.,TESS station stars24; photometric inflection method; night median MSAS=17.94; MSAS at inflection=18.10; depression=21.67°; smoothing=5-pt median; dark rows=1231
fajr,2018-09-21,04:16,-1,27.900833,-15.514722,0.0,Zamorano J. et al. (2019). TESS-W sky brightness network. Zenodo monthly archives. https://zenodo.org/records/3378728. CC0 1.0.,TESS station stars24; photometric inflection method; night median MSAS=17.94; MSAS at inflection=15.57; depression=21.32°; smoothing=5-pt median; dark rows=1231
isha,2018-09-21,19:29,-1,27.900833,-15.514722,0.0,Zamorano J. et al. (2019). TESS-W sky brightness network. Zenodo monthly archives. https://zenodo.org/records/3378728. CC0 1.0.,TESS station stars24; photometric inflection method; night median MSAS=17.78; MSAS at inflection=18.43; depression=20.61°; smoothing=5-pt median; dark rows=1232
fajr,2018-09-03,04:32,0,40.5987,-3.157974,0.0,Zamorano J. et al. (2019). TESS-W sky brightness network. Zenodo monthly archives. https://zenodo.org/records/3378728. CC0 1.0.,TESS station stars28; photometric inflection method; night median MSAS=19.00; MSAS at inflection=17.35; depression=13.32°; smoothing=5-pt median; dark rows=515
isha,2018-09-04,20:22,0,40.5987,-3.157974,0.0,Zamorano J. et al. (2019). TESS-W sky brightness network. Zenodo monthly archives. https://zenodo.org/records/3378728. CC0 1.0.,TESS station stars28; photometric inflection method; night median MSAS=19.38; MSAS at inflection=19.14; depression=19.14°; smoothing=5-pt median; dark rows=557
isha,2018-09-07,20:20,0,40.5987,-3.157974,0.0,Zamorano J. et al. (2019). TESS-W sky brightness network. Zenodo monthly archives. https://zenodo.org/records/3378728. CC0 1.0.,TESS station stars28; photometric inflection method; night median MSAS=17.67; MSAS at inflection=19.31; depression=19.79°; smoothing=5-pt median; dark rows=569
isha,2018-09-11,20:08,0,40.5987,-3.157974,0.0,Zamorano J. et al. (2019). TESS-W sky brightness network. Zenodo monthly archives. https://zenodo.org/records/3378728. CC0 1.0.,TESS station stars28; photometric inflection method; night median MSAS=18.81; MSAS at inflection=19.50; depression=19.16°; smoothing=5-pt median; dark rows=573
isha,2018-09-12,19:20,0,40.5987,-3.157974,0.0,Zamorano J. et al. (2019). TESS-W sky brightness network. Zenodo monthly archives. https://zenodo.org/records/3378728. CC0 1.0.,TESS station stars28; photometric inflection method; night median MSAS=19.61; MSAS at inflection=17.63; depression=10.75°; smoothing=5-pt median; dark rows=583
isha,2018-09-13,19:23,0,40.5987,-3.157974,0.0,Zamorano J. et al. (2019). TESS-W sky brightness network. Zenodo monthly archives. https://zenodo.org/records/3378728. CC0 1.0.,TESS station stars28; photometric inflection method; night median MSAS=19.61; MSAS at inflection=18.83; depression=11.71°; smoothing=5-pt median; dark rows=583
isha,2018-09-14,19:18,0,40.5987,-3.157974,0.0,Zamorano J. et al. (2019). TESS-W sky brightness network. Zenodo monthly archives. https://zenodo.org/records/3378728. CC0 1.0.,TESS station stars28; photometric inflection method; night median MSAS=19.50; MSAS at inflection=18.26; depression=11.09°; smoothing=5-pt median; dark rows=582
fajr,2018-09-15,04:33,0,40.5987,-3.157974,0.0,Zamorano J. et al. (2019). TESS-W sky brightness network. Zenodo monthly archives. https://zenodo.org/records/3378728. CC0 1.0.,TESS station stars28; photometric inflection method; night median MSAS=19.50; MSAS at inflection=19.78; depression=15.53°; smoothing=5-pt median; dark rows=582
isha,2018-09-18,19:43,0,40.5987,-3.157974,0.0,Zamorano J. et al. (2019). TESS-W sky brightness network. Zenodo monthly archives. https://zenodo.org/records/3378728. CC0 1.0.,TESS station stars28; photometric inflection method; night median MSAS=19.40; MSAS at inflection=18.52; depression=16.96°; smoothing=5-pt median; dark rows=595
isha,2018-09-20,20:03,0,40.5987,-3.157974,0.0,Zamorano J. et al. (2019). TESS-W sky brightness network. Zenodo monthly archives. https://zenodo.org/records/3378728. CC0 1.0.,TESS station stars28; photometric inflection method; night median MSAS=18.95; MSAS at inflection=18.75; depression=21.21°; smoothing=5-pt median; dark rows=601
fajr,2018-09-21,04:34,0,40.5987,-3.157974,0.0,Zamorano J. et al. (2019). TESS-W sky brightness network. Zenodo monthly archives. https://zenodo.org/records/3378728. CC0 1.0.,TESS station stars28; photometric inflection method; night median MSAS=18.95; MSAS at inflection=19.83; depression=16.59°; smoothing=5-pt median; dark rows=601
fajr,2018-09-24,04:35,0,40.5987,-3.157974,0.0,Zamorano J. et al. (2019). TESS-W sky brightness network. Zenodo monthly archives. https://zenodo.org/records/3378728. CC0 1.0.,TESS station stars28; photometric inflection method; night median MSAS=18.09; MSAS at inflection=19.25; depression=17.01°; smoothing=5-pt median; dark rows=536
fajr,2018-09-26,19:44,0,40.5987,-3.157974,0.0,Zamorano J. et al. (2019). TESS-W sky brightness network. Zenodo monthly archives. https://zenodo.org/records/3378728. CC0 1.0.,TESS station stars28; photometric inflection method; night median MSAS=18.05; MSAS at inflection=17.34; depression=19.75°; smoothing=5-pt median; dark rows=59
fajr,2018-09-30,04:58,0,40.5987,-3.157974,0.0,Zamorano J. et al. (2019). TESS-W sky brightness network. Zenodo monthly archives. https://zenodo.org/records/3378728. CC0 1.0.,TESS station stars28; photometric inflection method; night median MSAS=18.58; MSAS at inflection=17.66; depression=13.98°; smoothing=5-pt median; dark rows=598
isha,2018-09-30,19:40,0,40.5987,-3.157974,0.0,Zamorano J. et al. (2019). TESS-W sky brightness network. Zenodo monthly archives. https://zenodo.org/records/3378728. CC0 1.0.,TESS station stars28; photometric inflection method; night median MSAS=19.41; MSAS at inflection=19.49; depression=20.35°; smoothing=5-pt median; dark rows=296
fajr,2018-09-02,03:57,0,40.628752,-3.90066,0.0,Zamorano J. et al. (2019). TESS-W sky brightness network. Zenodo monthly archives. https://zenodo.org/records/3378728. CC0 1.0.,TESS station stars32; photometric inflection method; night median MSAS=19.47; MSAS at inflection=18.55; depression=19.61°; smoothing=5-pt median; dark rows=549
isha,2018-09-02,20:07,0,40.628752,-3.90066,0.0,Zamorano J. et al. (2019). TESS-W sky brightness network. Zenodo monthly archives. https://zenodo.org/records/3378728. CC0 1.0.,TESS station stars32; photometric inflection method; night median MSAS=18.50; MSAS at inflection=19.47; depression=15.48°; smoothing=5-pt median; dark rows=547
isha,2018-09-03,20:37,0,40.628752,-3.90066,0.0,Zamorano J. et al. (2019). TESS-W sky brightness network. Zenodo monthly archives. https://zenodo.org/records/3378728. CC0 1.0.,TESS station stars32; photometric inflection method; night median MSAS=19.72; MSAS at inflection=19.57; depression=20.83°; smoothing=5-pt median; dark rows=284
isha,2018-09-04,20:34,0,40.628752,-3.90066,0.0,Zamorano J. et al. (2019). TESS-W sky brightness network. Zenodo monthly archives. https://zenodo.org/records/3378728. CC0 1.0.,TESS station stars32; photometric inflection method; night median MSAS=19.80; MSAS at inflection=19.61; depression=20.71°; smoothing=5-pt median; dark rows=554
isha,2018-09-05,20:32,0,40.628752,-3.90066,0.0,Zamorano J. et al. (2019). TESS-W sky brightness network. Zenodo monthly archives. https://zenodo.org/records/3378728. CC0 1.0.,TESS station stars32; photometric inflection method; night median MSAS=19.81; MSAS at inflection=19.66; depression=20.73°; smoothing=5-pt median; dark rows=489
fajr,2018-09-06,04:53,0,40.628752,-3.90066,0.0,Zamorano J. et al. (2019). TESS-W sky brightness network. Zenodo monthly archives. https://zenodo.org/records/3378728. CC0 1.0.,TESS station stars32; photometric inflection method; night median MSAS=19.81; MSAS at inflection=18.60; depression=10.75°; smoothing=5-pt median; dark rows=489
isha,2018-09-06,19:58,0,40.628752,-3.90066,0.0,Zamorano J. et al. (2019). TESS-W sky brightness network. Zenodo monthly archives. https://zenodo.org/records/3378728. CC0 1.0.,TESS station stars32; photometric inflection method; night median MSAS=19.65; MSAS at inflection=19.55; depression=15.18°; smoothing=5-pt median; dark rows=557
isha,2018-09-07,20:22,0,40.628752,-3.90066,0.0,Zamorano J. et al. (2019). TESS-W sky brightness network. Zenodo monthly archives. https://zenodo.org/records/3378728. CC0 1.0.,TESS station stars32; photometric inflection method; night median MSAS=18.40; MSAS at inflection=19.14; depression=19.60°; smoothing=5-pt median; dark rows=155
fajr,2018-09-10,05:02,0,40.628752,-3.90066,0.0,Zamorano J. et al. (2019). TESS-W sky brightness network. Zenodo monthly archives. https://zenodo.org/records/3378728. CC0 1.0.,TESS station stars32; photometric inflection method; night median MSAS=19.79; MSAS at inflection=18.14; depression=9.82°; smoothing=5-pt median; dark rows=576
isha,2018-09-10,19:56,0,40.628752,-3.90066,0.0,Zamorano J. et al. (2019). TESS-W sky brightness network. Zenodo monthly archives. https://zenodo.org/records/3378728. CC0 1.0.,TESS station stars32; photometric inflection method; night median MSAS=19.99; MSAS at inflection=19.41; depression=16.19°; smoothing=5-pt median; dark rows=568
fajr,2018-09-12,04:55,0,40.628752,-3.90066,0.0,Zamorano J. et al. (2019). TESS-W sky brightness network. Zenodo monthly archives. https://zenodo.org/records/3378728. CC0 1.0.,TESS station stars32; photometric inflection method; night median MSAS=18.49; MSAS at inflection=17.34; depression=11.62°; smoothing=5-pt median; dark rows=577
isha,2018-09-13,20:05,0,40.628752,-3.90066,0.0,Zamorano J. et al. (2019). TESS-W sky brightness network. Zenodo monthly archives. https://zenodo.org/records/3378728. CC0 1.0.,TESS station stars32; photometric inflection method; night median MSAS=19.93; MSAS at inflection=19.22; depression=18.66°; smoothing=5-pt median; dark rows=544
isha,2018-09-15,19:28,0,40.628752,-3.90066,0.0,Zamorano J. et al. (2019). TESS-W sky brightness network. Zenodo monthly archives. https://zenodo.org/records/3378728. CC0 1.0.,TESS station stars32; photometric inflection method; night median MSAS=19.95; MSAS at inflection=18.88; depression=12.76°; smoothing=5-pt median; dark rows=585
fajr,2018-09-17,05:06,0,40.628752,-3.90066,0.0,Zamorano J. et al. (2019). TESS-W sky brightness network. Zenodo monthly archives. https://zenodo.org/records/3378728. CC0 1.0.,TESS station stars32; photometric inflection method; night median MSAS=19.82; MSAS at inflection=18.48; depression=10.52°; smoothing=5-pt median; dark rows=528
fajr,2018-09-18,05:01,0,40.628752,-3.90066,0.0,Zamorano J. et al. (2019). TESS-W sky brightness network. Zenodo monthly archives. https://zenodo.org/records/3378728. CC0 1.0.,TESS station stars32; photometric inflection method; night median MSAS=18.29; MSAS at inflection=18.65; depression=11.69°; smoothing=5-pt median; dark rows=596
isha,2018-09-19,19:43,0,40.628752,-3.90066,0.0,Zamorano J. et al. (2019). TESS-W sky brightness network. Zenodo monthly archives. https://zenodo.org/records/3378728. CC0 1.0.,TESS station stars32; photometric inflection method; night median MSAS=19.22; MSAS at inflection=18.83; depression=16.84°; smoothing=5-pt median; dark rows=583
fajr,2018-09-21,05:15,0,40.628752,-3.90066,0.0,Zamorano J. et al. (2019). TESS-W sky brightness network. Zenodo monthly archives. https://zenodo.org/records/3378728. CC0 1.0.,TESS station stars32; photometric inflection method; night median MSAS=19.17; MSAS at inflection=17.64; depression=9.68°; smoothing=5-pt median; dark rows=599
isha,2018-09-21,19:26,0,40.628752,-3.90066,0.0,Zamorano J. et al. (2019). TESS-W sky brightness network. Zenodo monthly archives. https://zenodo.org/records/3378728. CC0 1.0.,TESS station stars32; photometric inflection method; night median MSAS=18.98; MSAS at inflection=18.20; depression=14.40°; smoothing=5-pt median; dark rows=558
isha,2018-09-24,18:57,0,40.628752,-3.90066,0.0,Zamorano J. et al. (2019). TESS-W sky brightness network. Zenodo monthly archives. https://zenodo.org/records/3378728. CC0 1.0.,TESS station stars32; photometric inflection method; night median MSAS=18.05; MSAS at inflection=17.51; depression=9.97°; smoothing=5-pt median; dark rows=551
isha,2018-09-28,19:08,0,40.628752,-3.90066,0.0,Zamorano J. et al. (2019). TESS-W sky brightness network. Zenodo monthly archives. https://zenodo.org/records/3378728. CC0 1.0.,TESS station stars32; photometric inflection method; night median MSAS=18.65; MSAS at inflection=19.45; depression=13.24°; smoothing=5-pt median; dark rows=621
isha,2018-09-30,19:06,0,40.628752,-3.90066,0.0,Zamorano J. et al. (2019). TESS-W sky brightness network. Zenodo monthly archives. https://zenodo.org/records/3378728. CC0 1.0.,TESS station stars32; photometric inflection method; night median MSAS=19.71; MSAS at inflection=19.09; depression=13.57°; smoothing=5-pt median; dark rows=309
isha,2018-09-01,21:07,1,69.348333,20.365,0.0,Zamorano J. et al. (2019). TESS-W sky brightness network. Zenodo monthly archives. https://zenodo.org/records/3378728. CC0 1.0.,TESS station stars34; photometric inflection method; night median MSAS=18.61; MSAS at inflection=16.26; depression=8.35°; smoothing=5-pt median; dark rows=132
fajr,2018-09-02,00:55,1,69.348333,20.365,0.0,Zamorano J. et al. (2019). TESS-W sky brightness network. Zenodo monthly archives. https://zenodo.org/records/3378728. CC0 1.0.,TESS station stars34; photometric inflection method; night median MSAS=18.61; MSAS at inflection=18.41; depression=11.48°; smoothing=5-pt median; dark rows=132
isha,2018-09-02,22:05,1,69.348333,20.365,0.0,Zamorano J. et al. (2019). TESS-W sky brightness network. Zenodo monthly archives. https://zenodo.org/records/3378728. CC0 1.0.,TESS station stars34; photometric inflection method; night median MSAS=19.02; MSAS at inflection=19.10; depression=11.33°; smoothing=5-pt median; dark rows=131
fajr,2018-09-02,23:48,1,69.348333,20.365,0.0,Zamorano J. et al. (2019). TESS-W sky brightness network. Zenodo monthly archives. https://zenodo.org/records/3378728. CC0 1.0.,TESS station stars34; photometric inflection method; night median MSAS=19.02; MSAS at inflection=19.77; depression=12.97°; smoothing=5-pt median; dark rows=131
fajr,2018-09-03,22:35,1,69.348333,20.365,0.0,Zamorano J. et al. (2019). TESS-W sky brightness network. Zenodo monthly archives. https://zenodo.org/records/3378728. CC0 1.0.,TESS station stars34; photometric inflection method; night median MSAS=19.30; MSAS at inflection=19.53; depression=12.59°; smoothing=5-pt median; dark rows=127
isha,2018-09-04,21:18,1,69.348333,20.365,0.0,Zamorano J. et al. (2019). TESS-W sky brightness network. Zenodo monthly archives. https://zenodo.org/records/3378728. CC0 1.0.,TESS station stars34; photometric inflection method; night median MSAS=19.09; MSAS at inflection=18.01; depression=10.06°; smoothing=5-pt median; dark rows=149
fajr,2018-09-05,00:11,1,69.348333,20.365,0.0,Zamorano J. et al. (2019). TESS-W sky brightness network. Zenodo monthly archives. https://zenodo.org/records/3378728. CC0 1.0.,TESS station stars34; photometric inflection method; night median MSAS=19.09; MSAS at inflection=19.50; depression=13.50°; smoothing=5-pt median; dark rows=149
isha,2018-09-05,21:05,1,69.348333,20.365,0.0,Zamorano J. et al. (2019). TESS-W sky brightness network. Zenodo monthly archives. https://zenodo.org/records/3378728. CC0 1.0.,TESS station stars34; photometric inflection method; night median MSAS=20.29; MSAS at inflection=17.88; depression=9.74°; smoothing=5-pt median; dark rows=160
fajr,2018-09-06,00:09,1,69.348333,20.365,0.0,Zamorano J. et al. (2019). TESS-W sky brightness network. Zenodo monthly archives. https://zenodo.org/records/3378728. CC0 1.0.,TESS station stars34; photometric inflection method; night median MSAS=20.29; MSAS at inflection=20.53; depression=13.90°; smoothing=5-pt median; dark rows=160
fajr,2018-09-07,00:02,1,69.348333,20.365,0.0,Zamorano J. et al. (2019). TESS-W sky brightness network. Zenodo monthly archives. https://zenodo.org/records/3378728. CC0 1.0.,TESS station stars34; photometric inflection method; night median MSAS=19.85; MSAS at inflection=20.30; depression=14.35°; smoothing=5-pt median; dark rows=126
isha,2018-09-07,21:04,1,69.348333,20.365,0.0,Zamorano J. et al. (2019). TESS-W sky brightness network. Zenodo monthly archives. https://zenodo.org/records/3378728. CC0 1.0.,TESS station stars34; photometric inflection method; night median MSAS=20.64; MSAS at inflection=18.33; depression=10.45°; smoothing=5-pt median; dark rows=190
fajr,2018-09-08,00:07,1,69.348333,20.365,0.0,Zamorano J. et al. (2019). TESS-W sky brightness network. Zenodo monthly archives. https://zenodo.org/records/3378728. CC0 1.0.,TESS station stars34; photometric inflection method; night median MSAS=20.64; MSAS at inflection=20.87; depression=14.66°; smoothing=5-pt median; dark rows=190
fajr,2018-09-09,02:01,1,69.348333,20.365,0.0,Zamorano J. et al. (2019). TESS-W sky brightness network. Zenodo monthly archives. https://zenodo.org/records/3378728. CC0 1.0.,TESS station stars34; photometric inflection method; night median MSAS=20.26; MSAS at inflection=18.98; depression=11.25°; smoothing=5-pt median; dark rows=194
isha,2018-09-09,20:40,1,69.348333,20.365,0.0,Zamorano J. et al. (2019). TESS-W sky brightness network. Zenodo monthly archives. https://zenodo.org/records/3378728. CC0 1.0.,TESS station stars34; photometric inflection method; night median MSAS=20.14; MSAS at inflection=17.64; depression=9.78°; smoothing=5-pt median; dark rows=191
fajr,2018-09-10,01:18,1,69.348333,20.365,0.0,Zamorano J. et al. (2019). TESS-W sky brightness network. Zenodo monthly archives. https://zenodo.org/records/3378728. CC0 1.0.,TESS station stars34; photometric inflection method; night median MSAS=20.14; MSAS at inflection=20.59; depression=13.57°; smoothing=5-pt median; dark rows=191
isha,2018-09-10,21:07,1,69.348333,20.365,0.0,Zamorano J. et al. (2019). TESS-W sky brightness network. Zenodo monthly archives. https://zenodo.org/records/3378728. CC0 1.0.,TESS station stars34; photometric inflection method; night median MSAS=19.35; MSAS at inflection=17.98; depression=11.77°; smoothing=5-pt median; dark rows=225
fajr,2018-09-11,02:39,1,69.348333,20.365,0.0,Zamorano J. et al. (2019). TESS-W sky brightness network. Zenodo monthly archives. https://zenodo.org/records/3378728. CC0 1.0.,TESS station stars34; photometric inflection method; night median MSAS=19.35; MSAS at inflection=17.56; depression=9.67°; smoothing=5-pt median; dark rows=225
fajr,2018-09-12,01:48,1,69.348333,20.365,0.0,Zamorano J. et al. (2019). TESS-W sky brightness network. Zenodo monthly archives. https://zenodo.org/records/3378728. CC0 1.0.,TESS station stars34; photometric inflection method; night median MSAS=19.93; MSAS at inflection=19.99; depression=12.97°; smoothing=5-pt median; dark rows=174
isha,2018-09-12,21:09,1,69.348333,20.365,0.0,Zamorano J. et al. (2019). TESS-W sky brightness network. Zenodo monthly archives. https://zenodo.org/records/3378728. CC0 1.0.,TESS station stars34; photometric inflection method; night median MSAS=19.80; MSAS at inflection=19.01; depression=12.66°; smoothing=5-pt median; dark rows=214
fajr,2018-09-13,02:42,1,69.348333,20.365,0.0,Zamorano J. et al. (2019). TESS-W sky brightness network. Zenodo monthly archives. https://zenodo.org/records/3378728. CC0 1.0.,TESS station stars34; photometric inflection method; night median MSAS=19.80; MSAS at inflection=18.55; depression=10.23°; smoothing=5-pt median; dark rows=214
fajr,2018-09-14,01:12,1,69.348333,20.365,0.0,Zamorano J. et al. (2019). TESS-W sky brightness network. Zenodo monthly archives. https://zenodo.org/records/3378728. CC0 1.0.,TESS station stars34; photometric inflection method; night median MSAS=19.79; MSAS at inflection=19.90; depression=15.25°; smoothing=5-pt median; dark rows=211
isha,2018-09-14,21:42,1,69.348333,20.365,0.0,Zamorano J. et al. (2019). TESS-W sky brightness network. Zenodo monthly archives. https://zenodo.org/records/3378728. CC0 1.0.,TESS station stars34; photometric inflection method; night median MSAS=19.99; MSAS at inflection=19.29; depression=15.04°; smoothing=5-pt median; dark rows=195
fajr,2018-09-15,01:10,1,69.348333,20.365,0.0,Zamorano J. et al. (2019). TESS-W sky brightness network. Zenodo monthly archives. https://zenodo.org/records/3378728. CC0 1.0.,TESS station stars34; photometric inflection method; night median MSAS=19.99; MSAS at inflection=19.95; depression=15.68°; smoothing=5-pt median; dark rows=195
fajr,2018-09-16,02:26,1,69.348333,20.365,0.0,Zamorano J. et al. (2019). TESS-W sky brightness network. Zenodo monthly archives. https://zenodo.org/records/3378728. CC0 1.0.,TESS station stars34; photometric inflection method; night median MSAS=20.78; MSAS at inflection=20.23; depression=12.25°; smoothing=5-pt median; dark rows=207
isha,2018-09-16,20:46,1,69.348333,20.365,0.0,Zamorano J. et al. (2019). TESS-W sky brightness network. Zenodo monthly archives. https://zenodo.org/records/3378728. CC0 1.0.,TESS station stars34; photometric inflection method; night median MSAS=20.39; MSAS at inflection=19.98; depression=12.93°; smoothing=5-pt median; dark rows=238
fajr,2018-09-17,02:05,1,69.348333,20.365,0.0,Zamorano J. et al. (2019). TESS-W sky brightness network. Zenodo monthly archives. https://zenodo.org/records/3378728. CC0 1.0.,TESS station stars34; photometric inflection method; night median MSAS=20.39; MSAS at inflection=19.53; depression=13.82°; smoothing=5-pt median; dark rows=238
isha,2018-09-18,23:25,1,69.348333,20.365,0.0,Zamorano J. et al. (2019). TESS-W sky brightness network. Zenodo monthly archives. https://zenodo.org/records/3378728. CC0 1.0.,TESS station stars34; photometric inflection method; night median MSAS=20.72; MSAS at inflection=20.79; depression=19.03°; smoothing=5-pt median; dark rows=235
fajr,2018-09-19,02:39,1,69.348333,20.365,0.0,Zamorano J. et al. (2019). TESS-W sky brightness network. Zenodo monthly archives. https://zenodo.org/records/3378728. CC0 1.0.,TESS station stars34; photometric inflection method; night median MSAS=20.72; MSAS at inflection=20.15; depression=12.51°; smoothing=5-pt median; dark rows=235
fajr,2018-09-20,02:36,1,69.348333,20.365,0.0,Zamorano J. et al. (2019). TESS-W sky brightness network. Zenodo monthly archives. https://zenodo.org/records/3378728. CC0 1.0.,TESS station stars34; photometric inflection method; night median MSAS=21.38; MSAS at inflection=20.38; depression=13.05°; smoothing=5-pt median; dark rows=225
isha,2018-09-20,20:18,1,69.348333,20.365,0.0,Zamorano J. et al. (2019). TESS-W sky brightness network. Zenodo monthly archives. https://zenodo.org/records/3378728. CC0 1.0.,TESS station stars34; photometric inflection method; night median MSAS=21.19; MSAS at inflection=20.03; depression=12.69°; smoothing=5-pt median; dark rows=227
isha,2018-09-21,19:36,1,69.348333,20.365,0.0,Zamorano J. et al. (2019). TESS-W sky brightness network. Zenodo monthly archives. https://zenodo.org/records/3378728. CC0 1.0.,TESS station stars34; photometric inflection method; night median MSAS=19.83; MSAS at inflection=17.94; depression=10.07°; smoothing=5-pt median; dark rows=253
fajr,2018-09-21,23:58,1,69.348333,20.365,0.0,Zamorano J. et al. (2019). TESS-W sky brightness network. Zenodo monthly archives. https://zenodo.org/records/3378728. CC0 1.0.,TESS station stars34; photometric inflection method; night median MSAS=19.83; MSAS at inflection=20.11; depression=20.06°; smoothing=5-pt median; dark rows=253
isha,2018-09-22,21:17,1,69.348333,20.365,0.0,Zamorano J. et al. (2019). TESS-W sky brightness network. Zenodo monthly archives. https://zenodo.org/records/3378728. CC0 1.0.,TESS station stars34; photometric inflection method; night median MSAS=19.11; MSAS at inflection=18.23; depression=17.01°; smoothing=5-pt median; dark rows=276
fajr,2018-09-22,23:24,1,69.348333,20.365,0.0,Zamorano J. et al. (2019). TESS-W sky brightness network. Zenodo monthly archives. https://zenodo.org/records/3378728. CC0 1.0.,TESS station stars34; photometric inflection method; night median MSAS=19.11; MSAS at inflection=19.20; depression=20.59°; smoothing=5-pt median; dark rows=276
isha,2018-09-23,23:23,1,69.348333,20.365,0.0,Zamorano J. et al. (2019). TESS-W sky brightness network. Zenodo monthly archives. https://zenodo.org/records/3378728. CC0 1.0.,TESS station stars34; photometric inflection method; night median MSAS=18.42; MSAS at inflection=18.15; depression=20.97°; smoothing=5-pt median; dark rows=296
fajr,2018-09-24,00:26,1,69.348333,20.365,0.0,Zamorano J. et al. (2019). TESS-W sky brightness network. Zenodo monthly archives. https://zenodo.org/records/3378728. CC0 1.0.,TESS station stars34; photometric inflection method; night median MSAS=18.42; MSAS at inflection=17.94; depression=20.37°; smoothing=5-pt median; dark rows=296
isha,2018-09-24,20:42,1,69.348333,20.365,0.0,Zamorano J. et al. (2019). TESS-W sky brightness network. Zenodo monthly archives. https://zenodo.org/records/3378728. CC0 1.0.,TESS station stars34; photometric inflection method; night median MSAS=18.29; MSAS at inflection=18.14; depression=15.86°; smoothing=5-pt median; dark rows=290
fajr,2018-09-24,23:32,1,69.348333,20.365,0.0,Zamorano J. et al. (2019). TESS-W sky brightness network. Zenodo monthly archives. https://zenodo.org/records/3378728. CC0 1.0.,TESS station stars34; photometric inflection method; night median MSAS=18.29; MSAS at inflection=18.14; depression=21.38°; smoothing=5-pt median; dark rows=290
isha,2018-09-25,22:51,1,69.348333,20.365,0.0,Zamorano J. et al. (2019). TESS-W sky brightness network. Zenodo monthly archives. https://zenodo.org/records/3378728. CC0 1.0.,TESS station stars34; photometric inflection method; night median MSAS=18.13; MSAS at inflection=18.34; depression=21.45°; smoothing=5-pt median; dark rows=324
fajr,2018-09-25,23:42,1,69.348333,20.365,0.0,Zamorano J. et al. (2019). TESS-W sky brightness network. Zenodo monthly archives. https://zenodo.org/records/3378728. CC0 1.0.,TESS station stars34; photometric inflection method; night median MSAS=18.13; MSAS at inflection=18.67; depression=21.74°; smoothing=5-pt median; dark rows=324
isha,2018-09-26,18:43,1,69.348333,20.365,0.0,Zamorano J. et al. (2019). TESS-W sky brightness network. Zenodo monthly archives. https://zenodo.org/records/3378728. CC0 1.0.,TESS station stars34; photometric inflection method; night median MSAS=18.40; MSAS at inflection=16.54; depression=7.71°; smoothing=5-pt median; dark rows=292
isha,2018-09-28,20:01,1,69.348333,20.365,0.0,Zamorano J. et al. (2019). TESS-W sky brightness network. Zenodo monthly archives. https://zenodo.org/records/3378728. CC0 1.0.,TESS station stars34; photometric inflection method; night median MSAS=18.07; MSAS at inflection=20.15; depression=14.68°; smoothing=5-pt median; dark rows=293
fajr,2018-09-29,03:57,1,69.348333,20.365,0.0,Zamorano J. et al. (2019). TESS-W sky brightness network. Zenodo monthly archives. https://zenodo.org/records/3378728. CC0 1.0.,TESS station stars34; photometric inflection method; night median MSAS=18.07; MSAS at inflection=16.96; depression=10.13°; smoothing=5-pt median; dark rows=293
isha,2018-09-29,21:54,1,69.348333,20.365,0.0,Zamorano J. et al. (2019). TESS-W sky brightness network. Zenodo monthly archives. https://zenodo.org/records/3378728. CC0 1.0.,TESS station stars34; photometric inflection method; night median MSAS=19.12; MSAS at inflection=19.18; depression=21.47°; smoothing=5-pt median; dark rows=284
fajr,2018-09-30,04:16,1,69.348333,20.365,0.0,Zamorano J. et al. (2019). TESS-W sky brightness network. Zenodo monthly archives. https://zenodo.org/records/3378728. CC0 1.0.,TESS station stars34; photometric inflection method; night median MSAS=19.12; MSAS at inflection=16.89; depression=8.83°; smoothing=5-pt median; dark rows=284
isha,2018-09-30,18:56,1,69.348333,20.365,0.0,Zamorano J. et al. (2019). TESS-W sky brightness network. Zenodo monthly archives. https://zenodo.org/records/3378728. CC0 1.0.,TESS station stars34; photometric inflection method; night median MSAS=19.26; MSAS at inflection=18.32; depression=10.40°; smoothing=5-pt median; dark rows=207
fajr,2018-09-30,21:45,1,69.348333,20.365,0.0,Zamorano J. et al. (2019). TESS-W sky brightness network. Zenodo monthly archives. https://zenodo.org/records/3378728. CC0 1.0.,TESS station stars34; photometric inflection method; night median MSAS=19.26; MSAS at inflection=19.32; depression=21.53°; smoothing=5-pt median; dark rows=207
isha,2018-09-15,19:28,1,45.93,13.91,0.0,Zamorano J. et al. (2019). TESS-W sky brightness network. Zenodo monthly archives. https://zenodo.org/records/3378728. CC0 1.0.,TESS station stars35; photometric inflection method; night median MSAS=21.26; MSAS at inflection=20.13; depression=13.14°; smoothing=5-pt median; dark rows=499
fajr,2018-09-17,04:41,1,45.93,13.91,0.0,Zamorano J. et al. (2019). TESS-W sky brightness network. Zenodo monthly archives. https://zenodo.org/records/3378728. CC0 1.0.,TESS station stars35; photometric inflection method; night median MSAS=21.18; MSAS at inflection=19.47; depression=11.59°; smoothing=5-pt median; dark rows=562
isha,2018-09-17,19:30,1,45.93,13.91,0.0,Zamorano J. et al. (2019). TESS-W sky brightness network. Zenodo monthly archives. https://zenodo.org/records/3378728. CC0 1.0.,TESS station stars35; photometric inflection method; night median MSAS=21.31; MSAS at inflection=20.08; depression=14.22°; smoothing=5-pt median; dark rows=542
fajr,2018-09-19,04:32,1,45.93,13.91,0.0,Zamorano J. et al. (2019). TESS-W sky brightness network. Zenodo monthly archives. https://zenodo.org/records/3378728. CC0 1.0.,TESS station stars35; photometric inflection method; night median MSAS=20.77; MSAS at inflection=20.74; depression=13.62°; smoothing=5-pt median; dark rows=500
fajr,2018-09-21,04:54,1,45.93,13.91,0.0,Zamorano J. et al. (2019). TESS-W sky brightness network. Zenodo monthly archives. https://zenodo.org/records/3378728. CC0 1.0.,TESS station stars35; photometric inflection method; night median MSAS=19.89; MSAS at inflection=18.27; depression=10.30°; smoothing=5-pt median; dark rows=556
fajr,2018-09-22,05:01,1,45.93,13.91,0.0,Zamorano J. et al. (2019). TESS-W sky brightness network. Zenodo monthly archives. https://zenodo.org/records/3378728. CC0 1.0.,TESS station stars35; photometric inflection method; night median MSAS=19.24; MSAS at inflection=17.61; depression=9.31°; smoothing=5-pt median; dark rows=460
isha,2018-09-22,18:58,1,45.93,13.91,0.0,Zamorano J. et al. (2019). TESS-W sky brightness network. Zenodo monthly archives. https://zenodo.org/records/3378728. CC0 1.0.,TESS station stars35; photometric inflection method; night median MSAS=19.52; MSAS at inflection=18.48; depression=10.57°; smoothing=5-pt median; dark rows=528
isha,2018-09-23,19:35,1,45.93,13.91,0.0,Zamorano J. et al. (2019). TESS-W sky brightness network. Zenodo monthly archives. https://zenodo.org/records/3378728. CC0 1.0.,TESS station stars35; photometric inflection method; night median MSAS=20.23; MSAS at inflection=19.58; depression=17.12°; smoothing=5-pt median; dark rows=592
isha,2018-09-02,19:07,-1,28.6865,-17.7665,0.0,Zamorano J. et al. (2019). TESS-W sky brightness network. Zenodo monthly archives. https://zenodo.org/records/3378728. CC0 1.0.,TESS station stars4; photometric inflection method; night median MSAS=18.34; MSAS at inflection=15.99; depression=8.57°; smoothing=5-pt median; dark rows=1171
fajr,2018-09-03,04:26,-1,28.6865,-17.7665,0.0,Zamorano J. et al. (2019). TESS-W sky brightness network. Zenodo monthly archives. https://zenodo.org/records/3378728. CC0 1.0.,TESS station stars4; photometric inflection method; night median MSAS=18.34; MSAS at inflection=17.73; depression=18.64°; smoothing=5-pt median; dark rows=1171
isha,2018-09-04,20:03,-1,28.6865,-17.7665,0.0,Zamorano J. et al. (2019). TESS-W sky brightness network. Zenodo monthly archives. https://zenodo.org/records/3378728. CC0 1.0.,TESS station stars4; photometric inflection method; night median MSAS=18.24; MSAS at inflection=18.00; depression=20.85°; smoothing=5-pt median; dark rows=999
isha,2018-09-05,19:17,-1,28.6865,-17.7665,0.0,Zamorano J. et al. (2019). TESS-W sky brightness network. Zenodo monthly archives. https://zenodo.org/records/3378728. CC0 1.0.,TESS station stars4; photometric inflection method; night median MSAS=18.28; MSAS at inflection=17.57; depression=11.38°; smoothing=5-pt median; dark rows=1164
fajr,2018-09-06,04:43,-1,28.6865,-17.7665,0.0,Zamorano J. et al. (2019). TESS-W sky brightness network. Zenodo monthly archives. https://zenodo.org/records/3378728. CC0 1.0.,TESS station stars4; photometric inflection method; night median MSAS=18.28; MSAS at inflection=18.19; depression=15.41°; smoothing=5-pt median; dark rows=1164
isha,2018-09-06,19:34,-1,28.6865,-17.7665,0.0,Zamorano J. et al. (2019). TESS-W sky brightness network. Zenodo monthly archives. https://zenodo.org/records/3378728. CC0 1.0.,TESS station stars4; photometric inflection method; night median MSAS=18.05; MSAS at inflection=17.09; depression=15.34°; smoothing=5-pt median; dark rows=1187
fajr,2018-09-11,04:32,-1,28.6865,-17.7665,0.0,Zamorano J. et al. (2019). TESS-W sky brightness network. Zenodo monthly archives. https://zenodo.org/records/3378728. CC0 1.0.,TESS station stars4; photometric inflection method; night median MSAS=18.00; MSAS at inflection=17.24; depression=18.46°; smoothing=5-pt median; dark rows=1155
isha,2018-09-11,19:15,-1,28.6865,-17.7665,0.0,Zamorano J. et al. (2019). TESS-W sky brightness network. Zenodo monthly archives. https://zenodo.org/records/3378728. CC0 1.0.,TESS station stars4; photometric inflection method; night median MSAS=17.79; MSAS at inflection=17.87; depression=12.76°; smoothing=5-pt median; dark rows=1200
isha,2018-09-15,18:51,-1,28.6865,-17.7665,0.0,Zamorano J. et al. (2019). TESS-W sky brightness network. Zenodo monthly archives. https://zenodo.org/records/3378728. CC0 1.0.,TESS station stars4; photometric inflection method; night median MSAS=18.30; MSAS at inflection=15.98; depression=8.65°; smoothing=5-pt median; dark rows=1224
fajr,2018-09-29,05:27,-1,28.6865,-17.7665,0.0,Zamorano J. et al. (2019). TESS-W sky brightness network. Zenodo monthly archives. https://zenodo.org/records/3378728. CC0 1.0.,TESS station stars4; photometric inflection method; night median MSAS=17.59; MSAS at inflection=16.10; depression=8.65°; smoothing=5-pt median; dark rows=1272
isha,2018-09-09,18:49,-1,41.177424,-8.605964,0.0,Zamorano J. et al. (2019). TESS-W sky brightness network. Zenodo monthly archives. https://zenodo.org/records/3378728. CC0 1.0.,TESS station stars40; photometric inflection method; night median MSAS=17.60; MSAS at inflection=17.07; depression=10.99°; smoothing=5-pt median; dark rows=459
fajr,2018-09-10,04:31,-1,41.177424,-8.605964,0.0,Zamorano J. et al. (2019). TESS-W sky brightness network. Zenodo monthly archives. https://zenodo.org/records/3378728. CC0 1.0.,TESS station stars40; photometric inflection method; night median MSAS=17.60; MSAS at inflection=15.27; depression=7.84°; smoothing=5-pt median; dark rows=459
isha,2018-09-10,18:38,-1,41.177424,-8.605964,0.0,Zamorano J. et al. (2019). TESS-W sky brightness network. Zenodo monthly archives. https://zenodo.org/records/3378728. CC0 1.0.,TESS station stars40; photometric inflection method; night median MSAS=17.74; MSAS at inflection=16.29; depression=9.41°; smoothing=5-pt median; dark rows=462
fajr,2018-09-11,04:28,-1,41.177424,-8.605964,0.0,Zamorano J. et al. (2019). TESS-W sky brightness network. Zenodo monthly archives. https://zenodo.org/records/3378728. CC0 1.0.,TESS station stars40; photometric inflection method; night median MSAS=17.74; MSAS at inflection=15.92; depression=8.59°; smoothing=5-pt median; dark rows=462
isha,2018-09-16,18:23,-1,41.177424,-8.605964,0.0,Zamorano J. et al. (2019). TESS-W sky brightness network. Zenodo monthly archives. https://zenodo.org/records/3378728. CC0 1.0.,TESS station stars40; photometric inflection method; night median MSAS=17.73; MSAS at inflection=15.83; depression=8.56°; smoothing=5-pt median; dark rows=520
isha,2018-09-18,19:01,-1,41.177424,-8.605964,0.0,Zamorano J. et al. (2019). TESS-W sky brightness network. Zenodo monthly archives. https://zenodo.org/records/3378728. CC0 1.0.,TESS station stars40; photometric inflection method; night median MSAS=17.71; MSAS at inflection=17.12; depression=16.16°; smoothing=5-pt median; dark rows=56
isha,2018-09-09,18:57,-1,41.177424,-8.605964,0.0,Zamorano J. et al. (2019). TESS-W sky brightness network. Zenodo monthly archives. https://zenodo.org/records/3378728. CC0 1.0.,TESS station stars41; photometric inflection method; night median MSAS=17.76; MSAS at inflection=17.55; depression=12.39°; smoothing=5-pt median; dark rows=106
fajr,2018-09-11,04:34,-1,41.177424,-8.605964,0.0,Zamorano J. et al. (2019). TESS-W sky brightness network. Zenodo monthly archives. https://zenodo.org/records/3378728. CC0 1.0.,TESS station stars41; photometric inflection method; night median MSAS=17.93; MSAS at inflection=15.84; depression=7.60°; smoothing=5-pt median; dark rows=104
isha,2018-09-11,18:36,-1,41.177424,-8.605964,0.0,Zamorano J. et al. (2019). TESS-W sky brightness network. Zenodo monthly archives. https://zenodo.org/records/3378728. CC0 1.0.,TESS station stars41; photometric inflection method; night median MSAS=17.81; MSAS at inflection=16.20; depression=9.35°; smoothing=5-pt median; dark rows=82
isha,2018-09-18,18:29,-1,41.177424,-8.605964,0.0,Zamorano J. et al. (2019). TESS-W sky brightness network. Zenodo monthly archives. https://zenodo.org/records/3378728. CC0 1.0.,TESS station stars41; photometric inflection method; night median MSAS=17.92; MSAS at inflection=16.86; depression=10.25°; smoothing=5-pt median; dark rows=488
fajr,2018-09-22,03:52,-1,41.177424,-8.605964,0.0,Zamorano J. et al. (2019). TESS-W sky brightness network. Zenodo monthly archives. https://zenodo.org/records/3378728. CC0 1.0.,TESS station stars41; photometric inflection method; night median MSAS=17.75; MSAS at inflection=18.04; depression=17.37°; smoothing=5-pt median; dark rows=110
isha,2018-09-22,18:15,-1,41.177424,-8.605964,0.0,Zamorano J. et al. (2019). TESS-W sky brightness network. Zenodo monthly archives. https://zenodo.org/records/3378728. CC0 1.0.,TESS station stars41; photometric inflection method; night median MSAS=17.59; MSAS at inflection=15.95; depression=9.00°; smoothing=5-pt median; dark rows=111
fajr,2018-09-23,04:47,-1,41.177424,-8.605964,0.0,Zamorano J. et al. (2019). TESS-W sky brightness network. Zenodo monthly archives. https://zenodo.org/records/3378728. CC0 1.0.,TESS station stars41; photometric inflection method; night median MSAS=17.59; MSAS at inflection=15.61; depression=7.40°; smoothing=5-pt median; dark rows=111
isha,2018-09-04,19:42,1,45.202704,11.884872,0.0,Zamorano J. et al. (2019). TESS-W sky brightness network. Zenodo monthly archives. https://zenodo.org/records/3378728. CC0 1.0.,TESS station stars47; photometric inflection method; night median MSAS=18.25; MSAS at inflection=17.62; depression=10.59°; smoothing=5-pt median; dark rows=499
isha,2018-09-05,19:25,1,45.202704,11.884872,0.0,Zamorano J. et al. (2019). TESS-W sky brightness network. Zenodo monthly archives. https://zenodo.org/records/3378728. CC0 1.0.,TESS station stars47; photometric inflection method; night median MSAS=18.20; MSAS at inflection=15.98; depression=8.17°; smoothing=5-pt median; dark rows=491
isha,2018-09-07,20:11,1,45.202704,11.884872,0.0,Zamorano J. et al. (2019). TESS-W sky brightness network. Zenodo monthly archives. https://zenodo.org/records/3378728. CC0 1.0.,TESS station stars47; photometric inflection method; night median MSAS=18.27; MSAS at inflection=17.13; depression=16.37°; smoothing=5-pt median; dark rows=513
fajr,2018-09-08,04:52,1,45.202704,11.884872,0.0,Zamorano J. et al. (2019). TESS-W sky brightness network. Zenodo monthly archives. https://zenodo.org/records/3378728. CC0 1.0.,TESS station stars47; photometric inflection method; night median MSAS=18.27; MSAS at inflection=17.14; depression=9.37°; smoothing=5-pt median; dark rows=513
fajr,2018-09-10,04:57,1,45.202704,11.884872,0.0,Zamorano J. et al. (2019). TESS-W sky brightness network. Zenodo monthly archives. https://zenodo.org/records/3378728. CC0 1.0.,TESS station stars47; photometric inflection method; night median MSAS=18.14; MSAS at inflection=16.32; depression=8.92°; smoothing=5-pt median; dark rows=491
isha,2018-09-10,19:17,1,45.202704,11.884872,0.0,Zamorano J. et al. (2019). TESS-W sky brightness network. Zenodo monthly archives. https://zenodo.org/records/3378728. CC0 1.0.,TESS station stars47; photometric inflection method; night median MSAS=18.15; MSAS at inflection=16.43; depression=8.41°; smoothing=5-pt median; dark rows=498
fajr,2018-09-11,04:56,1,45.202704,11.884872,0.0,Zamorano J. et al. (2019). TESS-W sky brightness network. Zenodo monthly archives. https://zenodo.org/records/3378728. CC0 1.0.,TESS station stars47; photometric inflection method; night median MSAS=18.15; MSAS at inflection=16.85; depression=9.29°; smoothing=5-pt median; dark rows=498
fajr,2018-09-12,05:02,1,45.202704,11.884872,0.0,Zamorano J. et al. (2019). TESS-W sky brightness network. Zenodo monthly archives. https://zenodo.org/records/3378728. CC0 1.0.,TESS station stars47; photometric inflection method; night median MSAS=17.98; MSAS at inflection=16.27; depression=8.55°; smoothing=5-pt median; dark rows=509
fajr,2018-09-14,05:07,1,45.202704,11.884872,0.0,Zamorano J. et al. (2019). TESS-W sky brightness network. Zenodo monthly archives. https://zenodo.org/records/3378728. CC0 1.0.,TESS station stars47; photometric inflection method; night median MSAS=17.73; MSAS at inflection=15.81; depression=8.17°; smoothing=5-pt median; dark rows=534
isha,2018-09-16,19:05,1,45.202704,11.884872,0.0,Zamorano J. et al. (2019). TESS-W sky brightness network. Zenodo monthly archives. https://zenodo.org/records/3378728. CC0 1.0.,TESS station stars47; photometric inflection method; night median MSAS=18.16; MSAS at inflection=16.01; depression=8.41°; smoothing=5-pt median; dark rows=285
fajr,2018-09-17,05:12,1,45.202704,11.884872,0.0,Zamorano J. et al. (2019). TESS-W sky brightness network. Zenodo monthly archives. https://zenodo.org/records/3378728. CC0 1.0.,TESS station stars47; photometric inflection method; night median MSAS=18.16; MSAS at inflection=15.77; depression=7.84°; smoothing=5-pt median; dark rows=285
isha,2018-09-17,20:01,1,45.202704,11.884872,0.0,Zamorano J. et al. (2019). TESS-W sky brightness network. Zenodo monthly archives. https://zenodo.org/records/3378728. CC0 1.0.,TESS station stars47; photometric inflection method; night median MSAS=17.77; MSAS at inflection=16.83; depression=18.22°; smoothing=5-pt median; dark rows=544
fajr,2018-09-18,05:10,1,45.202704,11.884872,0.0,Zamorano J. et al. (2019). TESS-W sky brightness network. Zenodo monthly archives. https://zenodo.org/records/3378728. CC0 1.0.,TESS station stars47; photometric inflection method; night median MSAS=17.77; MSAS at inflection=16.26; depression=8.55°; smoothing=5-pt median; dark rows=544
fajr,2018-09-22,04:51,1,45.202704,11.884872,0.0,Zamorano J. et al. (2019). TESS-W sky brightness network. Zenodo monthly archives. https://zenodo.org/records/3378728. CC0 1.0.,TESS station stars47; photometric inflection method; night median MSAS=17.52; MSAS at inflection=15.98; depression=12.62°; smoothing=5-pt median; dark rows=524
isha,2018-09-24,19:13,1,45.202704,11.884872,0.0,Zamorano J. et al. (2019). TESS-W sky brightness network. Zenodo monthly archives. https://zenodo.org/records/3378728. CC0 1.0.,TESS station stars47; photometric inflection method; night median MSAS=17.56; MSAS at inflection=15.38; depression=12.48°; smoothing=5-pt median; dark rows=576
fajr,2018-09-25,05:10,1,45.202704,11.884872,0.0,Zamorano J. et al. (2019). TESS-W sky brightness network. Zenodo monthly archives. https://zenodo.org/records/3378728. CC0 1.0.,TESS station stars47; photometric inflection method; night median MSAS=17.56; MSAS at inflection=17.48; depression=10.05°; smoothing=5-pt median; dark rows=576
isha,2018-09-25,19:00,1,45.202704,11.884872,0.0,Zamorano J. et al. (2019). TESS-W sky brightness network. Zenodo monthly archives. https://zenodo.org/records/3378728. CC0 1.0.,TESS station stars47; photometric inflection method; night median MSAS=17.67; MSAS at inflection=17.67; depression=10.70°; smoothing=5-pt median; dark rows=559
fajr,2018-09-26,04:07,1,45.202704,11.884872,0.0,Zamorano J. et al. (2019). TESS-W sky brightness network. Zenodo monthly archives. https://zenodo.org/records/3378728. CC0 1.0.,TESS station stars47; photometric inflection method; night median MSAS=17.67; MSAS at inflection=18.02; depression=21.00°; smoothing=5-pt median; dark rows=559
isha,2018-09-26,18:55,1,45.202704,11.884872,0.0,Zamorano J. et al. (2019). TESS-W sky brightness network. Zenodo monthly archives. https://zenodo.org/records/3378728. CC0 1.0.,TESS station stars47; photometric inflection method; night median MSAS=17.71; MSAS at inflection=17.24; depression=10.14°; smoothing=5-pt median; dark rows=561
fajr,2018-09-27,05:13,1,45.202704,11.884872,0.0,Zamorano J. et al. (2019). TESS-W sky brightness network. Zenodo monthly archives. https://zenodo.org/records/3378728. CC0 1.0.,TESS station stars47; photometric inflection method; night median MSAS=17.71; MSAS at inflection=17.21; depression=9.90°; smoothing=5-pt median; dark rows=561
isha,2018-09-28,19:09,1,45.202704,11.884872,0.0,Zamorano J. et al. (2019). TESS-W sky brightness network. Zenodo monthly archives. https://zenodo.org/records/3378728. CC0 1.0.,TESS station stars47; photometric inflection method; night median MSAS=18.26; MSAS at inflection=18.36; depression=13.21°; smoothing=5-pt median; dark rows=559
isha,2018-09-03,19:40,0,40.45098,-3.726072,0.0,Zamorano J. et al. (2019). TESS-W sky brightness network. Zenodo monthly archives. https://zenodo.org/records/3378728. CC0 1.0.,TESS station stars5; photometric inflection method; night median MSAS=17.66; MSAS at inflection=17.19; depression=11.28°; smoothing=5-pt median; dark rows=576
fajr,2018-09-05,05:06,0,40.45098,-3.726072,0.0,Zamorano J. et al. (2019). TESS-W sky brightness network. Zenodo monthly archives. https://zenodo.org/records/3378728. CC0 1.0.,TESS station stars5; photometric inflection method; night median MSAS=17.91; MSAS at inflection=15.59; depression=8.05°; smoothing=5-pt median; dark rows=1125
isha,2018-09-05,19:35,0,40.45098,-3.726072,0.0,Zamorano J. et al. (2019). TESS-W sky brightness network. Zenodo monthly archives. https://zenodo.org/records/3378728. CC0 1.0.,TESS station stars5; photometric inflection method; night median MSAS=17.66; MSAS at inflection=17.30; depression=10.96°; smoothing=5-pt median; dark rows=1128
isha,2018-09-06,20:23,0,40.45098,-3.726072,0.0,Zamorano J. et al. (2019). TESS-W sky brightness network. Zenodo monthly archives. https://zenodo.org/records/3378728. CC0 1.0.,TESS station stars5; photometric inflection method; night median MSAS=18.05; MSAS at inflection=17.15; depression=19.64°; smoothing=5-pt median; dark rows=1101
fajr,2018-09-07,03:55,0,40.45098,-3.726072,0.0,Zamorano J. et al. (2019). TESS-W sky brightness network. Zenodo monthly archives. https://zenodo.org/records/3378728. CC0 1.0.,TESS station stars5; photometric inflection method; night median MSAS=18.05; MSAS at inflection=18.10; depression=21.07°; smoothing=5-pt median; dark rows=1101
fajr,2018-09-09,03:52,0,40.45098,-3.726072,0.0,Zamorano J. et al. (2019). TESS-W sky brightness network. Zenodo monthly archives. https://zenodo.org/records/3378728. CC0 1.0.,TESS station stars5; photometric inflection method; night median MSAS=18.11; MSAS at inflection=18.37; depression=21.90°; smoothing=5-pt median; dark rows=1149
isha,2018-09-12,19:27,0,40.45098,-3.726072,0.0,Zamorano J. et al. (2019). TESS-W sky brightness network. Zenodo monthly archives. https://zenodo.org/records/3378728. CC0 1.0.,TESS station stars5; photometric inflection method; night median MSAS=18.09; MSAS at inflection=17.30; depression=11.83°; smoothing=5-pt median; dark rows=1166
isha,2018-09-13,19:20,0,40.45098,-3.726072,0.0,Zamorano J. et al. (2019). TESS-W sky brightness network. Zenodo monthly archives. https://zenodo.org/records/3378728. CC0 1.0.,TESS station stars5; photometric inflection method; night median MSAS=18.07; MSAS at inflection=16.75; depression=10.72°; smoothing=5-pt median; dark rows=1177
fajr,2018-09-14,05:06,0,40.45098,-3.726072,0.0,Zamorano J. et al. (2019). TESS-W sky brightness network. Zenodo monthly archives. https://zenodo.org/records/3378728. CC0 1.0.,TESS station stars5; photometric inflection method; night median MSAS=18.07; MSAS at inflection=16.97; depression=9.88°; smoothing=5-pt median; dark rows=1177
fajr,2018-09-20,04:44,0,40.45098,-3.726072,0.0,Zamorano J. et al. (2019). TESS-W sky brightness network. Zenodo monthly archives. https://zenodo.org/records/3378728. CC0 1.0.,TESS station stars5; photometric inflection method; night median MSAS=17.94; MSAS at inflection=18.04; depression=15.12°; smoothing=5-pt median; dark rows=1210
fajr,2018-09-21,05:17,0,40.45098,-3.726072,0.0,Zamorano J. et al. (2019). TESS-W sky brightness network. Zenodo monthly archives. https://zenodo.org/records/3378728. CC0 1.0.,TESS station stars5; photometric inflection method; night median MSAS=17.70; MSAS at inflection=16.53; depression=9.12°; smoothing=5-pt median; dark rows=1216
fajr,2018-09-30,05:32,0,40.45098,-3.726072,0.0,Zamorano J. et al. (2019). TESS-W sky brightness network. Zenodo monthly archives. https://zenodo.org/records/3378728. CC0 1.0.,TESS station stars5; photometric inflection method; night median MSAS=17.69; MSAS at inflection=15.24; depression=7.89°; smoothing=5-pt median; dark rows=1263
fajr,2018-09-02,03:49,0,40.418017,-3.553016,0.0,Zamorano J. et al. (2019). TESS-W sky brightness network. Zenodo monthly archives. https://zenodo.org/records/3378728. CC0 1.0.,TESS station stars51; photometric inflection method; night median MSAS=17.63; MSAS at inflection=16.48; depression=20.80°; smoothing=5-pt median; dark rows=555
isha,2018-09-03,20:41,0,40.418017,-3.553016,0.0,Zamorano J. et al. (2019). TESS-W sky brightness network. Zenodo monthly archives. https://zenodo.org/records/3378728. CC0 1.0.,TESS station stars51; photometric inflection method; night median MSAS=17.64; MSAS at inflection=17.52; depression=21.78°; smoothing=5-pt median; dark rows=289
fajr,2018-09-05,05:02,0,40.418017,-3.553016,0.0,Zamorano J. et al. (2019). TESS-W sky brightness network. Zenodo monthly archives. https://zenodo.org/records/3378728. CC0 1.0.,TESS station stars51; photometric inflection method; night median MSAS=17.81; MSAS at inflection=16.36; depression=8.81°; smoothing=5-pt median; dark rows=558
fajr,2018-09-06,04:32,0,40.418017,-3.553016,0.0,Zamorano J. et al. (2019). TESS-W sky brightness network. Zenodo monthly archives. https://zenodo.org/records/3378728. CC0 1.0.,TESS station stars51; photometric inflection method; night median MSAS=17.83; MSAS at inflection=15.49; depression=14.30°; smoothing=5-pt median; dark rows=563
isha,2018-09-06,19:59,0,40.418017,-3.553016,0.0,Zamorano J. et al. (2019). TESS-W sky brightness network. Zenodo monthly archives. https://zenodo.org/records/3378728. CC0 1.0.,TESS station stars51; photometric inflection method; night median MSAS=18.05; MSAS at inflection=16.39; depression=15.77°; smoothing=5-pt median; dark rows=504
fajr,2018-09-09,03:54,0,40.418017,-3.553016,0.0,Zamorano J. et al. (2019). TESS-W sky brightness network. Zenodo monthly archives. https://zenodo.org/records/3378728. CC0 1.0.,TESS station stars51; photometric inflection method; night median MSAS=18.09; MSAS at inflection=18.27; depression=21.58°; smoothing=5-pt median; dark rows=565
isha,2018-09-10,19:12,0,40.418017,-3.553016,0.0,Zamorano J. et al. (2019). TESS-W sky brightness network. Zenodo monthly archives. https://zenodo.org/records/3378728. CC0 1.0.,TESS station stars51; photometric inflection method; night median MSAS=18.17; MSAS at inflection=16.00; depression=8.51°; smoothing=5-pt median; dark rows=567
isha,2018-09-12,19:13,0,40.418017,-3.553016,0.0,Zamorano J. et al. (2019). TESS-W sky brightness network. Zenodo monthly archives. https://zenodo.org/records/3378728. CC0 1.0.,TESS station stars51; photometric inflection method; night median MSAS=18.06; MSAS at inflection=16.46; depression=9.37°; smoothing=5-pt median; dark rows=562
fajr,2018-09-13,04:16,0,40.418017,-3.553016,0.0,Zamorano J. et al. (2019). TESS-W sky brightness network. Zenodo monthly archives. https://zenodo.org/records/3378728. CC0 1.0.,TESS station stars51; photometric inflection method; night median MSAS=18.06; MSAS at inflection=18.13; depression=18.61°; smoothing=5-pt median; dark rows=562
isha,2018-09-13,19:19,0,40.418017,-3.553016,0.0,Zamorano J. et al. (2019). TESS-W sky brightness network. Zenodo monthly archives. https://zenodo.org/records/3378728. CC0 1.0.,TESS station stars51; photometric inflection method; night median MSAS=18.03; MSAS at inflection=16.63; depression=10.65°; smoothing=5-pt median; dark rows=547
fajr,2018-09-16,05:06,0,40.418017,-3.553016,0.0,Zamorano J. et al. (2019). TESS-W sky brightness network. Zenodo monthly archives. https://zenodo.org/records/3378728. CC0 1.0.,TESS station stars51; photometric inflection method; night median MSAS=18.14; MSAS at inflection=17.46; depression=10.07°; smoothing=5-pt median; dark rows=559
isha,2018-09-16,19:40,0,40.418017,-3.553016,0.0,Zamorano J. et al. (2019). TESS-W sky brightness network. Zenodo monthly archives. https://zenodo.org/records/3378728. CC0 1.0.,TESS station stars51; photometric inflection method; night median MSAS=17.55; MSAS at inflection=16.49; depression=15.53°; smoothing=5-pt median; dark rows=597
isha,2018-09-18,19:03,0,40.418017,-3.553016,0.0,Zamorano J. et al. (2019). TESS-W sky brightness network. Zenodo monthly archives. https://zenodo.org/records/3378728. CC0 1.0.,TESS station stars51; photometric inflection method; night median MSAS=17.99; MSAS at inflection=16.63; depression=9.46°; smoothing=5-pt median; dark rows=603
isha,2018-09-19,19:11,0,40.418017,-3.553016,0.0,Zamorano J. et al. (2019). TESS-W sky brightness network. Zenodo monthly archives. https://zenodo.org/records/3378728. CC0 1.0.,TESS station stars51; photometric inflection method; night median MSAS=17.91; MSAS at inflection=17.24; depression=11.11°; smoothing=5-pt median; dark rows=604
isha,2018-09-21,19:00,0,40.418017,-3.553016,0.0,Zamorano J. et al. (2019). TESS-W sky brightness network. Zenodo monthly archives. https://zenodo.org/records/3378728. CC0 1.0.,TESS station stars51; photometric inflection method; night median MSAS=17.58; MSAS at inflection=16.69; depression=9.71°; smoothing=5-pt median; dark rows=611
isha,2018-09-02,19:30,0,36.879285,-2.438345,0.0,Zamorano J. et al. (2019). TESS-W sky brightness network. Zenodo monthly archives. https://zenodo.org/records/3378728. CC0 1.0.,TESS station stars52; photometric inflection method; night median MSAS=17.97; MSAS at inflection=17.82; depression=11.28°; smoothing=5-pt median; dark rows=1107
fajr,2018-09-03,03:50,0,36.879285,-2.438345,0.0,Zamorano J. et al. (2019). TESS-W sky brightness network. Zenodo monthly archives. https://zenodo.org/records/3378728. CC0 1.0.,TESS station stars52; photometric inflection method; night median MSAS=17.97; MSAS at inflection=17.30; depression=21.86°; smoothing=5-pt median; dark rows=1107
isha,2018-09-05,19:15,0,36.879285,-2.438345,0.0,Zamorano J. et al. (2019). TESS-W sky brightness network. Zenodo monthly archives. https://zenodo.org/records/3378728. CC0 1.0.,TESS station stars52; photometric inflection method; night median MSAS=18.57; MSAS at inflection=16.53; depression=9.24°; smoothing=5-pt median; dark rows=1116
fajr,2018-09-06,05:00,0,36.879285,-2.438345,0.0,Zamorano J. et al. (2019). TESS-W sky brightness network. Zenodo monthly archives. https://zenodo.org/records/3378728. CC0 1.0.,TESS station stars52; photometric inflection method; night median MSAS=18.57; MSAS at inflection=16.99; depression=9.40°; smoothing=5-pt median; dark rows=1116
fajr,2018-09-07,05:10,0,36.879285,-2.438345,0.0,Zamorano J. et al. (2019). TESS-W sky brightness network. Zenodo monthly archives. https://zenodo.org/records/3378728. CC0 1.0.,TESS station stars52; photometric inflection method; night median MSAS=17.69; MSAS at inflection=15.89; depression=7.70°; smoothing=5-pt median; dark rows=1132
isha,2018-09-07,19:08,0,36.879285,-2.438345,0.0,Zamorano J. et al. (2019). TESS-W sky brightness network. Zenodo monthly archives. https://zenodo.org/records/3378728. CC0 1.0.,TESS station stars52; photometric inflection method; night median MSAS=18.17; MSAS at inflection=16.14; depression=8.47°; smoothing=5-pt median; dark rows=1121
fajr,2018-09-08,04:52,0,36.879285,-2.438345,0.0,Zamorano J. et al. (2019). TESS-W sky brightness network. Zenodo monthly archives. https://zenodo.org/records/3378728. CC0 1.0.,TESS station stars52; photometric inflection method; night median MSAS=18.17; MSAS at inflection=15.99; depression=11.28°; smoothing=5-pt median; dark rows=1121
isha,2018-09-11,19:04,0,36.879285,-2.438345,0.0,Zamorano J. et al. (2019). TESS-W sky brightness network. Zenodo monthly archives. https://zenodo.org/records/3378728. CC0 1.0.,TESS station stars52; photometric inflection method; night median MSAS=17.68; MSAS at inflection=15.60; depression=8.93°; smoothing=5-pt median; dark rows=1131
fajr,2018-09-12,05:04,0,36.879285,-2.438345,0.0,Zamorano J. et al. (2019). TESS-W sky brightness network. Zenodo monthly archives. https://zenodo.org/records/3378728. CC0 1.0.,TESS station stars52; photometric inflection method; night median MSAS=17.68; MSAS at inflection=17.36; depression=9.63°; smoothing=5-pt median; dark rows=1131
isha,2018-09-12,19:04,0,36.879285,-2.438345,0.0,Zamorano J. et al. (2019). TESS-W sky brightness network. Zenodo monthly archives. https://zenodo.org/records/3378728. CC0 1.0.,TESS station stars52; photometric inflection method; night median MSAS=18.28; MSAS at inflection=16.28; depression=9.20°; smoothing=5-pt median; dark rows=1148
fajr,2018-09-13,05:02,0,36.879285,-2.438345,0.0,Zamorano J. et al. (2019). TESS-W sky brightness network. Zenodo monthly archives. https://zenodo.org/records/3378728. CC0 1.0.,TESS station stars52; photometric inflection method; night median MSAS=18.28; MSAS at inflection=17.56; depression=10.17°; smoothing=5-pt median; dark rows=1148
isha,2018-09-15,19:02,0,36.879285,-2.438345,0.0,Zamorano J. et al. (2019). TESS-W sky brightness network. Zenodo monthly archives. https://zenodo.org/records/3378728. CC0 1.0.,TESS station stars52; photometric inflection method; night median MSAS=18.74; MSAS at inflection=17.39; depression=9.76°; smoothing=5-pt median; dark rows=1192
isha,2018-09-16,19:32,0,36.879285,-2.438345,0.0,Zamorano J. et al. (2019). TESS-W sky brightness network. Zenodo monthly archives. https://zenodo.org/records/3378728. CC0 1.0.,TESS station stars52; photometric inflection method; night median MSAS=18.40; MSAS at inflection=18.27; depression=15.82°; smoothing=5-pt median; dark rows=1189
fajr,2018-09-17,05:13,0,36.879285,-2.438345,0.0,Zamorano J. et al. (2019). TESS-W sky brightness network. Zenodo monthly archives. https://zenodo.org/records/3378728. CC0 1.0.,TESS station stars52; photometric inflection method; night median MSAS=18.40; MSAS at inflection=16.15; depression=8.80°; smoothing=5-pt median; dark rows=1189
isha,2018-09-17,19:35,0,36.879285,-2.438345,0.0,Zamorano J. et al. (2019). TESS-W sky brightness network. Zenodo monthly archives. https://zenodo.org/records/3378728. CC0 1.0.,TESS station stars52; photometric inflection method; night median MSAS=18.24; MSAS at inflection=17.67; depression=16.88°; smoothing=5-pt median; dark rows=1195
fajr,2018-09-18,05:02,0,36.879285,-2.438345,0.0,Zamorano J. et al. (2019). TESS-W sky brightness network. Zenodo monthly archives. https://zenodo.org/records/3378728. CC0 1.0.,TESS station stars52; photometric inflection method; night median MSAS=18.24; MSAS at inflection=17.99; depression=11.17°; smoothing=5-pt median; dark rows=1195
isha,2018-09-18,19:49,0,36.879285,-2.438345,0.0,Zamorano J. et al. (2019). TESS-W sky brightness network. Zenodo monthly archives. https://zenodo.org/records/3378728. CC0 1.0.,TESS station stars52; photometric inflection method; night median MSAS=18.04; MSAS at inflection=17.38; depression=19.81°; smoothing=5-pt median; dark rows=1186
isha,2018-09-19,19:53,0,36.879285,-2.438345,0.0,Zamorano J. et al. (2019). TESS-W sky brightness network. Zenodo monthly archives. https://zenodo.org/records/3378728. CC0 1.0.,TESS station stars52; photometric inflection method; night median MSAS=17.70; MSAS at inflection=16.60; depression=20.91°; smoothing=5-pt median; dark rows=1202
fajr,2018-09-20,04:47,0,36.879285,-2.438345,0.0,Zamorano J. et al. (2019). TESS-W sky brightness network. Zenodo monthly archives. https://zenodo.org/records/3378728. CC0 1.0.,TESS station stars52; photometric inflection method; night median MSAS=17.70; MSAS at inflection=18.40; depression=14.31°; smoothing=5-pt median; dark rows=1202
fajr,2018-09-22,05:22,0,36.879285,-2.438345,0.0,Zamorano J. et al. (2019). TESS-W sky brightness network. Zenodo monthly archives. https://zenodo.org/records/3378728. CC0 1.0.,TESS station stars52; photometric inflection method; night median MSAS=17.85; MSAS at inflection=15.54; depression=7.85°; smoothing=5-pt median; dark rows=1213
fajr,2018-09-23,05:19,0,36.879285,-2.438345,0.0,Zamorano J. et al. (2019). TESS-W sky brightness network. Zenodo monthly archives. https://zenodo.org/records/3378728. CC0 1.0.,TESS station stars52; photometric inflection method; night median MSAS=18.02; MSAS at inflection=16.10; depression=8.53°; smoothing=5-pt median; dark rows=1220
fajr,2018-09-24,04:29,0,36.879285,-2.438345,0.0,Zamorano J. et al. (2019). TESS-W sky brightness network. Zenodo monthly archives. https://zenodo.org/records/3378728. CC0 1.0.,TESS station stars52; photometric inflection method; night median MSAS=17.74; MSAS at inflection=18.54; depression=18.53°; smoothing=5-pt median; dark rows=1080
isha,2018-09-28,19:41,0,36.879285,-2.438345,0.0,Zamorano J. et al. (2019). TESS-W sky brightness network. Zenodo monthly archives. https://zenodo.org/records/3378728. CC0 1.0.,TESS station stars52; photometric inflection method; night median MSAS=17.81; MSAS at inflection=16.27; depression=21.43°; smoothing=5-pt median; dark rows=1201
isha,2018-09-29,18:51,0,36.879285,-2.438345,0.0,Zamorano J. et al. (2019). TESS-W sky brightness network. Zenodo monthly archives. https://zenodo.org/records/3378728. CC0 1.0.,TESS station stars52; photometric inflection method; night median MSAS=18.10; MSAS at inflection=17.85; depression=11.78°; smoothing=5-pt median; dark rows=1143
isha,2018-09-02,18:56,-2,37.81391,-25.56859,0.0,Zamorano J. et al. (2019). TESS-W sky brightness network. Zenodo monthly archives. https://zenodo.org/records/3378728. CC0 1.0.,TESS station stars56; photometric inflection method; night median MSAS=19.02; MSAS at inflection=17.48; depression=9.69°; smoothing=5-pt median; dark rows=550
isha,2018-09-03,19:47,-2,37.81391,-25.56859,0.0,Zamorano J. et al. (2019). TESS-W sky brightness network. Zenodo monthly archives. https://zenodo.org/records/3378728. CC0 1.0.,TESS station stars56; photometric inflection method; night median MSAS=17.54; MSAS at inflection=17.27; depression=19.31°; smoothing=5-pt median; dark rows=195
fajr,2018-09-05,03:31,-2,37.81391,-25.56859,0.0,Zamorano J. et al. (2019). TESS-W sky brightness network. Zenodo monthly archives. https://zenodo.org/records/3378728. CC0 1.0.,TESS station stars56; photometric inflection method; night median MSAS=20.15; MSAS at inflection=18.64; depression=20.41°; smoothing=5-pt median; dark rows=377
isha,2018-09-07,19:36,-2,37.81391,-25.56859,0.0,Zamorano J. et al. (2019). TESS-W sky brightness network. Zenodo monthly archives. https://zenodo.org/records/3378728. CC0 1.0.,TESS station stars56; photometric inflection method; night median MSAS=17.99; MSAS at inflection=17.46; depression=18.60°; smoothing=5-pt median; dark rows=573
fajr,2018-09-08,03:27,-2,37.81391,-25.56859,0.0,Zamorano J. et al. (2019). TESS-W sky brightness network. Zenodo monthly archives. https://zenodo.org/records/3378728. CC0 1.0.,TESS station stars56; photometric inflection method; night median MSAS=17.99; MSAS at inflection=18.78; depression=21.61°; smoothing=5-pt median; dark rows=573
fajr,2018-09-13,04:29,-2,37.81391,-25.56859,0.0,Zamorano J. et al. (2019). TESS-W sky brightness network. Zenodo monthly archives. https://zenodo.org/records/3378728. CC0 1.0.,TESS station stars56; photometric inflection method; night median MSAS=20.21; MSAS at inflection=18.80; depression=11.04°; smoothing=5-pt median; dark rows=541
fajr,2018-09-17,03:53,-2,37.81391,-25.56859,0.0,Zamorano J. et al. (2019). TESS-W sky brightness network. Zenodo monthly archives. https://zenodo.org/records/3378728. CC0 1.0.,TESS station stars56; photometric inflection method; night median MSAS=20.43; MSAS at inflection=20.56; depression=18.57°; smoothing=5-pt median; dark rows=547
isha,2018-09-21,18:30,-2,37.81391,-25.56859,0.0,Zamorano J. et al. (2019). TESS-W sky brightness network. Zenodo monthly archives. https://zenodo.org/records/3378728. CC0 1.0.,TESS station stars56; photometric inflection method; night median MSAS=18.23; MSAS at inflection=17.30; depression=10.51°; smoothing=5-pt median; dark rows=594
isha,2018-09-23,18:31,-2,37.81391,-25.56859,0.0,Zamorano J. et al. (2019). TESS-W sky brightness network. Zenodo monthly archives. https://zenodo.org/records/3378728. CC0 1.0.,TESS station stars56; photometric inflection method; night median MSAS=17.93; MSAS at inflection=18.55; depression=11.44°; smoothing=5-pt median; dark rows=595
fajr,2018-09-24,04:14,-2,37.81391,-25.56859,0.0,Zamorano J. et al. (2019). TESS-W sky brightness network. Zenodo monthly archives. https://zenodo.org/records/3378728. CC0 1.0.,TESS station stars56; photometric inflection method; night median MSAS=17.93; MSAS at inflection=18.90; depression=16.01°; smoothing=5-pt median; dark rows=595
isha,2018-09-29,18:49,-2,37.81391,-25.56859,0.0,Zamorano J. et al. (2019). TESS-W sky brightness network. Zenodo monthly archives. https://zenodo.org/records/3378728. CC0 1.0.,TESS station stars56; photometric inflection method; night median MSAS=17.80; MSAS at inflection=17.68; depression=16.75°; smoothing=5-pt median; dark rows=605
fajr,2018-09-30,05:02,-2,37.81391,-25.56859,0.0,Zamorano J. et al. (2019). TESS-W sky brightness network. Zenodo monthly archives. https://zenodo.org/records/3378728. CC0 1.0.,TESS station stars56; photometric inflection method; night median MSAS=17.80; MSAS at inflection=15.34; depression=7.68°; smoothing=5-pt median; dark rows=605
fajr,2018-09-03,03:36,-5,45.734626,-71.676243,0.0,Zamorano J. et al. (2019). TESS-W sky brightness network. Zenodo monthly archives. https://zenodo.org/records/3378728. CC0 1.0.,TESS station stars60; photometric inflection method; night median MSAS=20.72; MSAS at inflection=18.73; depression=16.03°; smoothing=5-pt median; dark rows=528
isha,2018-09-04,20:14,-5,45.734626,-71.676243,0.0,Zamorano J. et al. (2019). TESS-W sky brightness network. Zenodo monthly archives. https://zenodo.org/records/3378728. CC0 1.0.,TESS station stars60; photometric inflection method; night median MSAS=21.35; MSAS at inflection=21.44; depression=19.43°; smoothing=5-pt median; dark rows=362
fajr,2018-09-05,03:02,-5,45.734626,-71.676243,0.0,Zamorano J. et al. (2019). TESS-W sky brightness network. Zenodo monthly archives. https://zenodo.org/records/3378728. CC0 1.0.,TESS station stars60; photometric inflection method; night median MSAS=21.35; MSAS at inflection=20.78; depression=21.59°; smoothing=5-pt median; dark rows=362
isha,2018-09-05,19:51,-5,45.734626,-71.676243,0.0,Zamorano J. et al. (2019). TESS-W sky brightness network. Zenodo monthly archives. https://zenodo.org/records/3378728. CC0 1.0.,TESS station stars60; photometric inflection method; night median MSAS=21.37; MSAS at inflection=21.31; depression=16.41°; smoothing=5-pt median; dark rows=421
fajr,2018-09-07,03:08,-5,45.734626,-71.676243,0.0,Zamorano J. et al. (2019). TESS-W sky brightness network. Zenodo monthly archives. https://zenodo.org/records/3378728. CC0 1.0.,TESS station stars60; photometric inflection method; night median MSAS=21.38; MSAS at inflection=21.46; depression=21.17°; smoothing=5-pt median; dark rows=520
isha,2018-09-10,19:43,-5,45.734626,-71.676243,0.0,Zamorano J. et al. (2019). TESS-W sky brightness network. Zenodo monthly archives. https://zenodo.org/records/3378728. CC0 1.0.,TESS station stars60; photometric inflection method; night median MSAS=21.80; MSAS at inflection=21.58; depression=16.79°; smoothing=5-pt median; dark rows=553
fajr,2018-09-12,04:16,-5,45.734626,-71.676243,0.0,Zamorano J. et al. (2019). TESS-W sky brightness network. Zenodo monthly archives. https://zenodo.org/records/3378728. CC0 1.0.,TESS station stars60; photometric inflection method; night median MSAS=21.98; MSAS at inflection=20.18; depression=11.92°; smoothing=5-pt median; dark rows=558
fajr,2018-09-15,03:34,-5,45.734626,-71.676243,0.0,Zamorano J. et al. (2019). TESS-W sky brightness network. Zenodo monthly archives. https://zenodo.org/records/3378728. CC0 1.0.,TESS station stars60; photometric inflection method; night median MSAS=21.49; MSAS at inflection=21.58; depression=19.28°; smoothing=5-pt median; dark rows=487
isha,2018-09-17,19:34,-5,45.734626,-71.676243,0.0,Zamorano J. et al. (2019). TESS-W sky brightness network. Zenodo monthly archives. https://zenodo.org/records/3378728. CC0 1.0.,TESS station stars60; photometric inflection method; night median MSAS=21.06; MSAS at inflection=20.53; depression=17.80°; smoothing=5-pt median; dark rows=558
isha,2018-09-19,19:50,-5,45.734626,-71.676243,0.0,Zamorano J. et al. (2019). TESS-W sky brightness network. Zenodo monthly archives. https://zenodo.org/records/3378728. CC0 1.0.,TESS station stars60; photometric inflection method; night median MSAS=19.76; MSAS at inflection=18.80; depression=21.10°; smoothing=5-pt median; dark rows=574
fajr,2018-09-24,03:46,-5,45.734626,-71.676243,0.0,Zamorano J. et al. (2019). TESS-W sky brightness network. Zenodo monthly archives. https://zenodo.org/records/3378728. CC0 1.0.,TESS station stars60; photometric inflection method; night median MSAS=18.57; MSAS at inflection=19.69; depression=19.52°; smoothing=5-pt median; dark rows=154
fajr,2018-09-27,04:45,-5,45.734626,-71.676243,0.0,Zamorano J. et al. (2019). TESS-W sky brightness network. Zenodo monthly archives. https://zenodo.org/records/3378728. CC0 1.0.,TESS station stars60; photometric inflection method; night median MSAS=17.88; MSAS at inflection=17.73; depression=10.24°; smoothing=5-pt median; dark rows=171
isha,2018-09-28,18:36,-5,45.734626,-71.676243,0.0,Zamorano J. et al. (2019). TESS-W sky brightness network. Zenodo monthly archives. https://zenodo.org/records/3378728. CC0 1.0.,TESS station stars60; photometric inflection method; night median MSAS=19.72; MSAS at inflection=19.84; depression=12.02°; smoothing=5-pt median; dark rows=325
isha,2018-09-02,19:33,0,42.024592,0.734797,0.0,Zamorano J. et al. (2019). TESS-W sky brightness network. Zenodo monthly archives. https://zenodo.org/records/3378728. CC0 1.0.,TESS station stars62; photometric inflection method; night median MSAS=20.72; MSAS at inflection=19.89; depression=12.20°; smoothing=5-pt median; dark rows=531
fajr,2018-09-03,04:26,0,42.024592,0.734797,0.0,Zamorano J. et al. (2019). TESS-W sky brightness network. Zenodo monthly archives. https://zenodo.org/records/3378728. CC0 1.0.,TESS station stars62; photometric inflection method; night median MSAS=20.72; MSAS at inflection=18.25; depression=11.10°; smoothing=5-pt median; dark rows=531
isha,2018-09-10,19:10,0,42.024592,0.734797,0.0,Zamorano J. et al. (2019). TESS-W sky brightness network. Zenodo monthly archives. https://zenodo.org/records/3378728. CC0 1.0.,TESS station stars62; photometric inflection method; night median MSAS=21.40; MSAS at inflection=18.94; depression=10.85°; smoothing=5-pt median; dark rows=559
fajr,2018-09-11,04:27,0,42.024592,0.734797,0.0,Zamorano J. et al. (2019). TESS-W sky brightness network. Zenodo monthly archives. https://zenodo.org/records/3378728. CC0 1.0.,TESS station stars62; photometric inflection method; night median MSAS=21.40; MSAS at inflection=19.92; depression=12.55°; smoothing=5-pt median; dark rows=559
isha,2018-09-12,19:10,0,42.024592,0.734797,0.0,Zamorano J. et al. (2019). TESS-W sky brightness network. Zenodo monthly archives. https://zenodo.org/records/3378728. CC0 1.0.,TESS station stars62; photometric inflection method; night median MSAS=21.42; MSAS at inflection=19.01; depression=11.49°; smoothing=5-pt median; dark rows=568
fajr,2018-09-13,04:26,0,42.024592,0.734797,0.0,Zamorano J. et al. (2019). TESS-W sky brightness network. Zenodo monthly archives. https://zenodo.org/records/3378728. CC0 1.0.,TESS station stars62; photometric inflection method; night median MSAS=21.42; MSAS at inflection=20.71; depression=13.16°; smoothing=5-pt median; dark rows=568
fajr,2018-09-14,04:34,0,42.024592,0.734797,0.0,Zamorano J. et al. (2019). TESS-W sky brightness network. Zenodo monthly archives. https://zenodo.org/records/3378728. CC0 1.0.,TESS station stars62; photometric inflection method; night median MSAS=21.41; MSAS at inflection=19.85; depression=12.09°; smoothing=5-pt median; dark rows=568
isha,2018-09-18,19:47,0,42.024592,0.734797,0.0,Zamorano J. et al. (2019). TESS-W sky brightness network. Zenodo monthly archives. https://zenodo.org/records/3378728. CC0 1.0.,TESS station stars62; photometric inflection method; night median MSAS=20.56; MSAS at inflection=19.16; depression=20.02°; smoothing=5-pt median; dark rows=576
fajr,2018-09-19,04:47,0,42.024592,0.734797,0.0,Zamorano J. et al. (2019). TESS-W sky brightness network. Zenodo monthly archives. https://zenodo.org/records/3378728. CC0 1.0.,TESS station stars62; photometric inflection method; night median MSAS=20.56; MSAS at inflection=18.81; depression=10.62°; smoothing=5-pt median; dark rows=576
fajr,2018-09-21,04:50,0,42.024592,0.734797,0.0,Zamorano J. et al. (2019). TESS-W sky brightness network. Zenodo monthly archives. https://zenodo.org/records/3378728. CC0 1.0.,TESS station stars62; photometric inflection method; night median MSAS=19.73; MSAS at inflection=18.53; depression=10.59°; smoothing=5-pt median; dark rows=578
isha,2018-09-21,19:16,0,42.024592,0.734797,0.0,Zamorano J. et al. (2019). TESS-W sky brightness network. Zenodo monthly archives. https://zenodo.org/records/3378728. CC0 1.0.,TESS station stars62; photometric inflection method; night median MSAS=19.05; MSAS at inflection=19.11; depression=15.53°; smoothing=5-pt median; dark rows=582
fajr,2018-09-22,05:04,0,42.024592,0.734797,0.0,Zamorano J. et al. (2019). TESS-W sky brightness network. Zenodo monthly archives. https://zenodo.org/records/3378728. CC0 1.0.,TESS station stars62; photometric inflection method; night median MSAS=19.05; MSAS at inflection=16.55; depression=8.16°; smoothing=5-pt median; dark rows=582
isha,2018-09-22,18:46,0,42.024592,0.734797,0.0,Zamorano J. et al. (2019). TESS-W sky brightness network. Zenodo monthly archives. https://zenodo.org/records/3378728. CC0 1.0.,TESS station stars62; photometric inflection method; night median MSAS=19.12; MSAS at inflection=17.98; depression=10.43°; smoothing=5-pt median; dark rows=580
isha,2018-09-23,18:54,0,42.024592,0.734797,0.0,Zamorano J. et al. (2019). TESS-W sky brightness network. Zenodo monthly archives. https://zenodo.org/records/3378728. CC0 1.0.,TESS station stars62; photometric inflection method; night median MSAS=18.86; MSAS at inflection=18.89; depression=12.19°; smoothing=5-pt median; dark rows=590
fajr,2018-09-24,04:53,0,42.024592,0.734797,0.0,Zamorano J. et al. (2019). TESS-W sky brightness network. Zenodo monthly archives. https://zenodo.org/records/3378728. CC0 1.0.,TESS station stars62; photometric inflection method; night median MSAS=18.86; MSAS at inflection=18.49; depression=10.67°; smoothing=5-pt median; dark rows=590
isha,2018-09-24,18:32,0,42.024592,0.734797,0.0,Zamorano J. et al. (2019). TESS-W sky brightness network. Zenodo monthly archives. https://zenodo.org/records/3378728. CC0 1.0.,TESS station stars62; photometric inflection method; night median MSAS=18.34; MSAS at inflection=16.08; depression=8.42°; smoothing=5-pt median; dark rows=582
fajr,2018-09-25,05:04,0,42.024592,0.734797,0.0,Zamorano J. et al. (2019). TESS-W sky brightness network. Zenodo monthly archives. https://zenodo.org/records/3378728. CC0 1.0.,TESS station stars62; photometric inflection method; night median MSAS=18.34; MSAS at inflection=16.67; depression=8.83°; smoothing=5-pt median; dark rows=582
isha,2018-09-25,18:30,0,42.024592,0.734797,0.0,Zamorano J. et al. (2019). TESS-W sky brightness network. Zenodo monthly archives. https://zenodo.org/records/3378728. CC0 1.0.,TESS station stars62; photometric inflection method; night median MSAS=17.87; MSAS at inflection=16.10; depression=8.41°; smoothing=5-pt median; dark rows=572
fajr,2018-09-27,05:10,0,42.024592,0.734797,0.0,Zamorano J. et al. (2019). TESS-W sky brightness network. Zenodo monthly archives. https://zenodo.org/records/3378728. CC0 1.0.,TESS station stars62; photometric inflection method; night median MSAS=18.18; MSAS at inflection=16.09; depression=8.11°; smoothing=5-pt median; dark rows=577
isha,2018-09-28,18:37,0,42.024592,0.734797,0.0,Zamorano J. et al. (2019). TESS-W sky brightness network. Zenodo monthly archives. https://zenodo.org/records/3378728. CC0 1.0.,TESS station stars62; photometric inflection method; night median MSAS=19.27; MSAS at inflection=18.64; depression=10.76°; smoothing=5-pt median; dark rows=606
fajr,2018-09-29,05:04,0,42.024592,0.734797,0.0,Zamorano J. et al. (2019). TESS-W sky brightness network. Zenodo monthly archives. https://zenodo.org/records/3378728. CC0 1.0.,TESS station stars62; photometric inflection method; night median MSAS=19.27; MSAS at inflection=17.12; depression=9.53°; smoothing=5-pt median; dark rows=606
isha,2018-09-29,18:37,0,42.024592,0.734797,0.0,Zamorano J. et al. (2019). TESS-W sky brightness network. Zenodo monthly archives. https://zenodo.org/records/3378728. CC0 1.0.,TESS station stars62; photometric inflection method; night median MSAS=19.42; MSAS at inflection=18.71; depression=11.02°; smoothing=5-pt median; dark rows=594
isha,2018-09-30,18:35,0,42.024592,0.734797,0.0,Zamorano J. et al. (2019). TESS-W sky brightness network. Zenodo monthly archives. https://zenodo.org/records/3378728. CC0 1.0.,TESS station stars62; photometric inflection method; night median MSAS=20.95; MSAS at inflection=18.85; depression=11.06°; smoothing=5-pt median; dark rows=320
isha,2018-09-01,20:58,1,45.051036,10.919761,0.0,Zamorano J. et al. (2019). TESS-W sky brightness network. Zenodo monthly archives. https://zenodo.org/records/3378728. CC0 1.0.,TESS station stars64; photometric inflection method; night median MSAS=18.03; MSAS at inflection=18.29; depression=20.81°; smoothing=5-pt median; dark rows=510
isha,2018-09-02,20:28,1,45.051036,10.919761,0.0,Zamorano J. et al. (2019). TESS-W sky brightness network. Zenodo monthly archives. https://zenodo.org/records/3378728. CC0 1.0.,TESS station stars64; photometric inflection method; night median MSAS=18.27; MSAS at inflection=18.24; depression=16.67°; smoothing=5-pt median; dark rows=524
isha,2018-09-03,20:01,1,45.051036,10.919761,0.0,Zamorano J. et al. (2019). TESS-W sky brightness network. Zenodo monthly archives. https://zenodo.org/records/3378728. CC0 1.0.,TESS station stars64; photometric inflection method; night median MSAS=20.11; MSAS at inflection=19.50; depression=12.75°; smoothing=5-pt median; dark rows=301
fajr,2018-09-06,04:46,1,45.051036,10.919761,0.0,Zamorano J. et al. (2019). TESS-W sky brightness network. Zenodo monthly archives. https://zenodo.org/records/3378728. CC0 1.0.,TESS station stars64; photometric inflection method; night median MSAS=20.11; MSAS at inflection=18.40; depression=10.62°; smoothing=5-pt median; dark rows=410
isha,2018-09-06,20:43,1,45.051036,10.919761,0.0,Zamorano J. et al. (2019). TESS-W sky brightness network. Zenodo monthly archives. https://zenodo.org/records/3378728. CC0 1.0.,TESS station stars64; photometric inflection method; night median MSAS=18.38; MSAS at inflection=17.78; depression=20.31°; smoothing=5-pt median; dark rows=447
fajr,2018-09-07,04:15,1,45.051036,10.919761,0.0,Zamorano J. et al. (2019). TESS-W sky brightness network. Zenodo monthly archives. https://zenodo.org/records/3378728. CC0 1.0.,TESS station stars64; photometric inflection method; night median MSAS=18.38; MSAS at inflection=18.22; depression=15.91°; smoothing=5-pt median; dark rows=447
fajr,2018-09-08,04:52,1,45.051036,10.919761,0.0,Zamorano J. et al. (2019). TESS-W sky brightness network. Zenodo monthly archives. https://zenodo.org/records/3378728. CC0 1.0.,TESS station stars64; photometric inflection method; night median MSAS=20.34; MSAS at inflection=17.95; depression=9.99°; smoothing=5-pt median; dark rows=536
isha,2018-09-08,19:33,1,45.051036,10.919761,0.0,Zamorano J. et al. (2019). TESS-W sky brightness network. Zenodo monthly archives. https://zenodo.org/records/3378728. CC0 1.0.,TESS station stars64; photometric inflection method; night median MSAS=20.19; MSAS at inflection=17.69; depression=9.83°; smoothing=5-pt median; dark rows=535
fajr,2018-09-09,04:28,1,45.051036,10.919761,0.0,Zamorano J. et al. (2019). TESS-W sky brightness network. Zenodo monthly archives. https://zenodo.org/records/3378728. CC0 1.0.,TESS station stars64; photometric inflection method; night median MSAS=20.19; MSAS at inflection=20.24; depression=14.16°; smoothing=5-pt median; dark rows=535
isha,2018-09-09,19:52,1,45.051036,10.919761,0.0,Zamorano J. et al. (2019). TESS-W sky brightness network. Zenodo monthly archives. https://zenodo.org/records/3378728. CC0 1.0.,TESS station stars64; photometric inflection method; night median MSAS=19.57; MSAS at inflection=19.57; depression=13.29°; smoothing=5-pt median; dark rows=556
isha,2018-09-10,20:25,1,45.051036,10.919761,0.0,Zamorano J. et al. (2019). TESS-W sky brightness network. Zenodo monthly archives. https://zenodo.org/records/3378728. CC0 1.0.,TESS station stars64; photometric inflection method; night median MSAS=20.03; MSAS at inflection=19.33; depression=19.07°; smoothing=5-pt median; dark rows=544
isha,2018-09-12,20:10,1,45.051036,10.919761,0.0,Zamorano J. et al. (2019). TESS-W sky brightness network. Zenodo monthly archives. https://zenodo.org/records/3378728. CC0 1.0.,TESS station stars64; photometric inflection method; night median MSAS=19.59; MSAS at inflection=18.52; depression=17.37°; smoothing=5-pt median; dark rows=558
isha,2018-09-13,20:36,1,45.051036,10.919761,0.0,Zamorano J. et al. (2019). TESS-W sky brightness network. Zenodo monthly archives. https://zenodo.org/records/3378728. CC0 1.0.,TESS station stars64; photometric inflection method; night median MSAS=19.27; MSAS at inflection=19.33; depression=21.85°; smoothing=5-pt median; dark rows=553
isha,2018-09-14,20:34,1,45.051036,10.919761,0.0,Zamorano J. et al. (2019). TESS-W sky brightness network. Zenodo monthly archives. https://zenodo.org/records/3378728. CC0 1.0.,TESS station stars64; photometric inflection method; night median MSAS=19.54; MSAS at inflection=19.64; depression=21.87°; smoothing=5-pt median; dark rows=520
isha,2018-09-15,19:54,1,45.051036,10.919761,0.0,Zamorano J. et al. (2019). TESS-W sky brightness network. Zenodo monthly archives. https://zenodo.org/records/3378728. CC0 1.0.,TESS station stars64; photometric inflection method; night median MSAS=20.07; MSAS at inflection=19.78; depression=15.77°; smoothing=5-pt median; dark rows=493
isha,2018-09-16,19:36,1,45.051036,10.919761,0.0,Zamorano J. et al. (2019). TESS-W sky brightness network. Zenodo monthly archives. https://zenodo.org/records/3378728. CC0 1.0.,TESS station stars64; photometric inflection method; night median MSAS=19.62; MSAS at inflection=19.43; depression=13.05°; smoothing=5-pt median; dark rows=548
isha,2018-09-17,19:26,1,45.051036,10.919761,0.0,Zamorano J. et al. (2019). TESS-W sky brightness network. Zenodo monthly archives. https://zenodo.org/records/3378728. CC0 1.0.,TESS station stars64; photometric inflection method; night median MSAS=18.76; MSAS at inflection=18.21; depression=11.82°; smoothing=5-pt median; dark rows=470
fajr,2018-09-18,04:41,1,45.051036,10.919761,0.0,Zamorano J. et al. (2019). TESS-W sky brightness network. Zenodo monthly archives. https://zenodo.org/records/3378728. CC0 1.0.,TESS station stars64; photometric inflection method; night median MSAS=18.76; MSAS at inflection=18.50; depression=14.05°; smoothing=5-pt median; dark rows=470
isha,2018-09-21,19:15,1,45.051036,10.919761,0.0,Zamorano J. et al. (2019). TESS-W sky brightness network. Zenodo monthly archives. https://zenodo.org/records/3378728. CC0 1.0.,TESS station stars64; photometric inflection method; night median MSAS=18.53; MSAS at inflection=18.43; depression=11.23°; smoothing=5-pt median; dark rows=591
isha,2018-09-22,20:12,1,45.051036,10.919761,0.0,Zamorano J. et al. (2019). TESS-W sky brightness network. Zenodo monthly archives. https://zenodo.org/records/3378728. CC0 1.0.,TESS station stars64; photometric inflection method; night median MSAS=18.18; MSAS at inflection=17.94; depression=21.15°; smoothing=5-pt median; dark rows=577
fajr,2018-09-23,05:09,1,45.051036,10.919761,0.0,Zamorano J. et al. (2019). TESS-W sky brightness network. Zenodo monthly archives. https://zenodo.org/records/3378728. CC0 1.0.,TESS station stars64; photometric inflection method; night median MSAS=18.18; MSAS at inflection=17.99; depression=10.37°; smoothing=5-pt median; dark rows=577
isha,2018-09-23,20:12,1,45.051036,10.919761,0.0,Zamorano J. et al. (2019). TESS-W sky brightness network. Zenodo monthly archives. https://zenodo.org/records/3378728. CC0 1.0.,TESS station stars64; photometric inflection method; night median MSAS=18.17; MSAS at inflection=18.44; depression=21.47°; smoothing=5-pt median; dark rows=584
fajr,2018-09-24,04:46,1,45.051036,10.919761,0.0,Zamorano J. et al. (2019). TESS-W sky brightness network. Zenodo monthly archives. https://zenodo.org/records/3378728. CC0 1.0.,TESS station stars64; photometric inflection method; night median MSAS=18.17; MSAS at inflection=19.22; depression=14.57°; smoothing=5-pt median; dark rows=584
isha,2018-09-24,19:28,1,45.051036,10.919761,0.0,Zamorano J. et al. (2019). TESS-W sky brightness network. Zenodo monthly archives. https://zenodo.org/records/3378728. CC0 1.0.,TESS station stars64; photometric inflection method; night median MSAS=18.05; MSAS at inflection=18.76; depression=14.59°; smoothing=5-pt median; dark rows=590
fajr,2018-09-25,05:07,1,45.051036,10.919761,0.0,Zamorano J. et al. (2019). TESS-W sky brightness network. Zenodo monthly archives. https://zenodo.org/records/3378728. CC0 1.0.,TESS station stars64; photometric inflection method; night median MSAS=18.05; MSAS at inflection=18.29; depression=11.19°; smoothing=5-pt median; dark rows=590
isha,2018-09-25,18:58,1,45.051036,10.919761,0.0,Zamorano J. et al. (2019). TESS-W sky brightness network. Zenodo monthly archives. https://zenodo.org/records/3378728. CC0 1.0.,TESS station stars64; photometric inflection method; night median MSAS=17.81; MSAS at inflection=17.40; depression=9.68°; smoothing=5-pt median; dark rows=597
fajr,2018-09-29,05:14,1,45.051036,10.919761,0.0,Zamorano J. et al. (2019). TESS-W sky brightness network. Zenodo monthly archives. https://zenodo.org/records/3378728. CC0 1.0.,TESS station stars64; photometric inflection method; night median MSAS=18.53; MSAS at inflection=17.70; depression=10.86°; smoothing=5-pt median; dark rows=607
isha,2018-09-29,18:46,1,45.051036,10.919761,0.0,Zamorano J. et al. (2019). TESS-W sky brightness network. Zenodo monthly archives. https://zenodo.org/records/3378728. CC0 1.0.,TESS station stars64; photometric inflection method; night median MSAS=18.80; MSAS at inflection=16.73; depression=8.92°; smoothing=5-pt median; dark rows=613
isha,2018-09-30,19:42,1,45.051036,10.919761,0.0,Zamorano J. et al. (2019). TESS-W sky brightness network. Zenodo monthly archives. https://zenodo.org/records/3378728. CC0 1.0.,TESS station stars64; photometric inflection method; night median MSAS=19.52; MSAS at inflection=20.01; depression=18.98°; smoothing=5-pt median; dark rows=336
isha,2018-09-05,19:44,1,48.231395,16.334225,0.0,Zamorano J. et al. (2019). TESS-W sky brightness network. Zenodo monthly archives. https://zenodo.org/records/3378728. CC0 1.0.,TESS station stars65; photometric inflection method; night median MSAS=18.90; MSAS at inflection=18.19; depression=12.91°; smoothing=5-pt median; dark rows=493
fajr,2018-09-06,03:54,1,48.231395,16.334225,0.0,Zamorano J. et al. (2019). TESS-W sky brightness network. Zenodo monthly archives. https://zenodo.org/records/3378728. CC0 1.0.,TESS station stars65; photometric inflection method; night median MSAS=18.90; MSAS at inflection=18.88; depression=14.11°; smoothing=5-pt median; dark rows=493
isha,2018-09-06,19:23,1,48.231395,16.334225,0.0,Zamorano J. et al. (2019). TESS-W sky brightness network. Zenodo monthly archives. https://zenodo.org/records/3378728. CC0 1.0.,TESS station stars65; photometric inflection method; night median MSAS=18.88; MSAS at inflection=17.50; depression=10.04°; smoothing=5-pt median; dark rows=89
fajr,2018-09-07,03:15,1,48.231395,16.334225,0.0,Zamorano J. et al. (2019). TESS-W sky brightness network. Zenodo monthly archives. https://zenodo.org/records/3378728. CC0 1.0.,TESS station stars65; photometric inflection method; night median MSAS=18.88; MSAS at inflection=18.94; depression=19.95°; smoothing=5-pt median; dark rows=89
fajr,2018-09-09,04:13,1,48.231395,16.334225,0.0,Zamorano J. et al. (2019). TESS-W sky brightness network. Zenodo monthly archives. https://zenodo.org/records/3378728. CC0 1.0.,TESS station stars65; photometric inflection method; night median MSAS=19.09; MSAS at inflection=18.62; depression=11.94°; smoothing=5-pt median; dark rows=527
isha,2018-09-10,18:59,1,48.231395,16.334225,0.0,Zamorano J. et al. (2019). TESS-W sky brightness network. Zenodo monthly archives. https://zenodo.org/records/3378728. CC0 1.0.,TESS station stars65; photometric inflection method; night median MSAS=17.87; MSAS at inflection=15.63; depression=7.55°; smoothing=5-pt median; dark rows=547
fajr,2018-09-11,03:41,1,48.231395,16.334225,0.0,Zamorano J. et al. (2019). TESS-W sky brightness network. Zenodo monthly archives. https://zenodo.org/records/3378728. CC0 1.0.,TESS station stars65; photometric inflection method; night median MSAS=17.87; MSAS at inflection=17.16; depression=17.32°; smoothing=5-pt median; dark rows=547
isha,2018-09-11,19:17,1,48.231395,16.334225,0.0,Zamorano J. et al. (2019). TESS-W sky brightness network. Zenodo monthly archives. https://zenodo.org/records/3378728. CC0 1.0.,TESS station stars65; photometric inflection method; night median MSAS=18.99; MSAS at inflection=17.39; depression=10.81°; smoothing=5-pt median; dark rows=551
isha,2018-09-12,20:17,1,48.231395,16.334225,0.0,Zamorano J. et al. (2019). TESS-W sky brightness network. Zenodo monthly archives. https://zenodo.org/records/3378728. CC0 1.0.,TESS station stars65; photometric inflection method; night median MSAS=18.94; MSAS at inflection=18.65; depression=20.20°; smoothing=5-pt median; dark rows=526
fajr,2018-09-13,04:29,1,48.231395,16.334225,0.0,Zamorano J. et al. (2019). TESS-W sky brightness network. Zenodo monthly archives. https://zenodo.org/records/3378728. CC0 1.0.,TESS station stars65; photometric inflection method; night median MSAS=18.94; MSAS at inflection=17.45; depression=10.47°; smoothing=5-pt median; dark rows=526
isha,2018-09-13,18:59,1,48.231395,16.334225,0.0,Zamorano J. et al. (2019). TESS-W sky brightness network. Zenodo monthly archives. https://zenodo.org/records/3378728. CC0 1.0.,TESS station stars65; photometric inflection method; night median MSAS=17.83; MSAS at inflection=16.63; depression=8.71°; smoothing=5-pt median; dark rows=502
isha,2018-09-16,18:56,1,48.231395,16.334225,0.0,Zamorano J. et al. (2019). TESS-W sky brightness network. Zenodo monthly archives. https://zenodo.org/records/3378728. CC0 1.0.,TESS station stars65; photometric inflection method; night median MSAS=18.71; MSAS at inflection=17.22; depression=9.16°; smoothing=5-pt median; dark rows=567
fajr,2018-09-17,04:44,1,48.231395,16.334225,0.0,Zamorano J. et al. (2019). TESS-W sky brightness network. Zenodo monthly archives. https://zenodo.org/records/3378728. CC0 1.0.,TESS station stars65; photometric inflection method; night median MSAS=18.71; MSAS at inflection=16.67; depression=8.91°; smoothing=5-pt median; dark rows=567
fajr,2018-09-19,04:47,1,48.231395,16.334225,0.0,Zamorano J. et al. (2019). TESS-W sky brightness network. Zenodo monthly archives. https://zenodo.org/records/3378728. CC0 1.0.,TESS station stars65; photometric inflection method; night median MSAS=18.75; MSAS at inflection=16.60; depression=8.99°; smoothing=5-pt median; dark rows=338
fajr,2018-09-20,03:26,1,48.231395,16.334225,0.0,Zamorano J. et al. (2019). TESS-W sky brightness network. Zenodo monthly archives. https://zenodo.org/records/3378728. CC0 1.0.,TESS station stars65; photometric inflection method; night median MSAS=18.86; MSAS at inflection=19.08; depression=21.78°; smoothing=5-pt median; dark rows=577
isha,2018-09-24,19:18,1,48.231395,16.334225,0.0,Zamorano J. et al. (2019). TESS-W sky brightness network. Zenodo monthly archives. https://zenodo.org/records/3378728. CC0 1.0.,TESS station stars65; photometric inflection method; night median MSAS=18.04; MSAS at inflection=18.24; depression=15.65°; smoothing=5-pt median; dark rows=569
fajr,2018-09-25,04:47,1,48.231395,16.334225,0.0,Zamorano J. et al. (2019). TESS-W sky brightness network. Zenodo monthly archives. https://zenodo.org/records/3378728. CC0 1.0.,TESS station stars65; photometric inflection method; night median MSAS=18.04; MSAS at inflection=17.72; depression=10.31°; smoothing=5-pt median; dark rows=569
fajr,2018-09-26,04:48,1,48.231395,16.334225,0.0,Zamorano J. et al. (2019). TESS-W sky brightness network. Zenodo monthly archives. https://zenodo.org/records/3378728. CC0 1.0.,TESS station stars65; photometric inflection method; night median MSAS=17.97; MSAS at inflection=17.68; depression=10.37°; smoothing=5-pt median; dark rows=600
isha,2018-09-26,18:30,1,48.231395,16.334225,0.0,Zamorano J. et al. (2019). TESS-W sky brightness network. Zenodo monthly archives. https://zenodo.org/records/3378728. CC0 1.0.,TESS station stars65; photometric inflection method; night median MSAS=17.85; MSAS at inflection=16.29; depression=8.41°; smoothing=5-pt median; dark rows=566
isha,2018-09-01,20:42,0,39.78058,-6.0163,0.0,Zamorano J. et al. (2019). TESS-W sky brightness network. Zenodo monthly archives. https://zenodo.org/records/3378728. CC0 1.0.,TESS station stars66; photometric inflection method; night median MSAS=19.99; MSAS at inflection=21.12; depression=20.01°; smoothing=5-pt median; dark rows=527
isha,2018-09-02,20:30,0,39.78058,-6.0163,0.0,Zamorano J. et al. (2019). TESS-W sky brightness network. Zenodo monthly archives. https://zenodo.org/records/3378728. CC0 1.0.,TESS station stars66; photometric inflection method; night median MSAS=20.20; MSAS at inflection=20.86; depression=18.39°; smoothing=5-pt median; dark rows=533
fajr,2018-09-03,04:27,0,39.78058,-6.0163,0.0,Zamorano J. et al. (2019). TESS-W sky brightness network. Zenodo monthly archives. https://zenodo.org/records/3378728. CC0 1.0.,TESS station stars66; photometric inflection method; night median MSAS=20.20; MSAS at inflection=18.93; depression=16.61°; smoothing=5-pt median; dark rows=533
isha,2018-09-04,20:13,0,39.78058,-6.0163,0.0,Zamorano J. et al. (2019). TESS-W sky brightness network. Zenodo monthly archives. https://zenodo.org/records/3378728. CC0 1.0.,TESS station stars66; photometric inflection method; night median MSAS=20.94; MSAS at inflection=21.07; depression=16.10°; smoothing=5-pt median; dark rows=548
fajr,2018-09-05,04:53,0,39.78058,-6.0163,0.0,Zamorano J. et al. (2019). TESS-W sky brightness network. Zenodo monthly archives. https://zenodo.org/records/3378728. CC0 1.0.,TESS station stars66; photometric inflection method; night median MSAS=20.94; MSAS at inflection=19.13; depression=12.34°; smoothing=5-pt median; dark rows=548
isha,2018-09-07,20:34,0,39.78058,-6.0163,0.0,Zamorano J. et al. (2019). TESS-W sky brightness network. Zenodo monthly archives. https://zenodo.org/records/3378728. CC0 1.0.,TESS station stars66; photometric inflection method; night median MSAS=21.11; MSAS at inflection=21.11; depression=20.71°; smoothing=5-pt median; dark rows=533
isha,2018-09-08,19:35,0,39.78058,-6.0163,0.0,Zamorano J. et al. (2019). TESS-W sky brightness network. Zenodo monthly archives. https://zenodo.org/records/3378728. CC0 1.0.,TESS station stars66; photometric inflection method; night median MSAS=21.22; MSAS at inflection=19.19; depression=10.53°; smoothing=5-pt median; dark rows=562
isha,2018-09-10,19:58,0,39.78058,-6.0163,0.0,Zamorano J. et al. (2019). TESS-W sky brightness network. Zenodo monthly archives. https://zenodo.org/records/3378728. CC0 1.0.,TESS station stars66; photometric inflection method; night median MSAS=21.18; MSAS at inflection=20.75; depression=15.23°; smoothing=5-pt median; dark rows=548
isha,2018-09-11,20:12,0,39.78058,-6.0163,0.0,Zamorano J. et al. (2019). TESS-W sky brightness network. Zenodo monthly archives. https://zenodo.org/records/3378728. CC0 1.0.,TESS station stars66; photometric inflection method; night median MSAS=21.19; MSAS at inflection=21.12; depression=18.10°; smoothing=5-pt median; dark rows=563
fajr,2018-09-12,05:05,0,39.78058,-6.0163,0.0,Zamorano J. et al. (2019). TESS-W sky brightness network. Zenodo monthly archives. https://zenodo.org/records/3378728. CC0 1.0.,TESS station stars66; photometric inflection method; night median MSAS=21.19; MSAS at inflection=19.37; depression=11.41°; smoothing=5-pt median; dark rows=563
isha,2018-09-12,19:52,0,39.78058,-6.0163,0.0,Zamorano J. et al. (2019). TESS-W sky brightness network. Zenodo monthly archives. https://zenodo.org/records/3378728. CC0 1.0.,TESS station stars66; photometric inflection method; night median MSAS=21.14; MSAS at inflection=20.93; depression=14.79°; smoothing=5-pt median; dark rows=570
fajr,2018-09-13,04:51,0,39.78058,-6.0163,0.0,Zamorano J. et al. (2019). TESS-W sky brightness network. Zenodo monthly archives. https://zenodo.org/records/3378728. CC0 1.0.,TESS station stars66; photometric inflection method; night median MSAS=21.14; MSAS at inflection=20.90; depression=14.21°; smoothing=5-pt median; dark rows=570
fajr,2018-09-14,04:35,0,39.78058,-6.0163,0.0,Zamorano J. et al. (2019). TESS-W sky brightness network. Zenodo monthly archives. https://zenodo.org/records/3378728. CC0 1.0.,TESS station stars66; photometric inflection method; night median MSAS=21.14; MSAS at inflection=21.17; depression=17.37°; smoothing=5-pt median; dark rows=578
isha,2018-09-14,20:21,0,39.78058,-6.0163,0.0,Zamorano J. et al. (2019). TESS-W sky brightness network. Zenodo monthly archives. https://zenodo.org/records/3378728. CC0 1.0.,TESS station stars66; photometric inflection method; night median MSAS=21.11; MSAS at inflection=20.35; depression=20.65°; smoothing=5-pt median; dark rows=588
isha,2018-09-15,19:57,0,39.78058,-6.0163,0.0,Zamorano J. et al. (2019). TESS-W sky brightness network. Zenodo monthly archives. https://zenodo.org/records/3378728. CC0 1.0.,TESS station stars66; photometric inflection method; night median MSAS=21.24; MSAS at inflection=20.15; depression=16.67°; smoothing=5-pt median; dark rows=588
isha,2018-09-16,19:34,0,39.78058,-6.0163,0.0,Zamorano J. et al. (2019). TESS-W sky brightness network. Zenodo monthly archives. https://zenodo.org/records/3378728. CC0 1.0.,TESS station stars66; photometric inflection method; night median MSAS=21.20; MSAS at inflection=19.33; depression=12.91°; smoothing=5-pt median; dark rows=574
fajr,2018-09-18,04:54,0,39.78058,-6.0163,0.0,Zamorano J. et al. (2019). TESS-W sky brightness network. Zenodo monthly archives. https://zenodo.org/records/3378728. CC0 1.0.,TESS station stars66; photometric inflection method; night median MSAS=20.77; MSAS at inflection=20.96; depression=14.68°; smoothing=5-pt median; dark rows=543
isha,2018-09-18,20:17,0,39.78058,-6.0163,0.0,Zamorano J. et al. (2019). TESS-W sky brightness network. Zenodo monthly archives. https://zenodo.org/records/3378728. CC0 1.0.,TESS station stars66; photometric inflection method; night median MSAS=20.40; MSAS at inflection=19.13; depression=21.29°; smoothing=5-pt median; dark rows=563
fajr,2018-09-19,05:20,0,39.78058,-6.0163,0.0,Zamorano J. et al. (2019). TESS-W sky brightness network. Zenodo monthly archives. https://zenodo.org/records/3378728. CC0 1.0.,TESS station stars66; photometric inflection method; night median MSAS=20.40; MSAS at inflection=17.92; depression=9.93°; smoothing=5-pt median; dark rows=563
isha,2018-09-22,19:25,0,39.78058,-6.0163,0.0,Zamorano J. et al. (2019). TESS-W sky brightness network. Zenodo monthly archives. https://zenodo.org/records/3378728. CC0 1.0.,TESS station stars66; photometric inflection method; night median MSAS=18.63; MSAS at inflection=18.34; depression=13.15°; smoothing=5-pt median; dark rows=591
fajr,2018-09-23,05:07,0,39.78058,-6.0163,0.0,Zamorano J. et al. (2019). TESS-W sky brightness network. Zenodo monthly archives. https://zenodo.org/records/3378728. CC0 1.0.,TESS station stars66; photometric inflection method; night median MSAS=18.63; MSAS at inflection=20.32; depression=13.15°; smoothing=5-pt median; dark rows=591
isha,2018-09-23,19:08,0,39.78058,-6.0163,0.0,Zamorano J. et al. (2019). TESS-W sky brightness network. Zenodo monthly archives. https://zenodo.org/records/3378728. CC0 1.0.,TESS station stars66; photometric inflection method; night median MSAS=18.51; MSAS at inflection=17.48; depression=10.09°; smoothing=5-pt median; dark rows=598
fajr,2018-09-24,05:29,0,39.78058,-6.0163,0.0,Zamorano J. et al. (2019). TESS-W sky brightness network. Zenodo monthly archives. https://zenodo.org/records/3378728. CC0 1.0.,TESS station stars66; photometric inflection method; night median MSAS=18.51; MSAS at inflection=17.01; depression=9.31°; smoothing=5-pt median; dark rows=598
isha,2018-09-24,19:01,0,39.78058,-6.0163,0.0,Zamorano J. et al. (2019). TESS-W sky brightness network. Zenodo monthly archives. https://zenodo.org/records/3378728. CC0 1.0.,TESS station stars66; photometric inflection method; night median MSAS=18.10; MSAS at inflection=16.74; depression=9.24°; smoothing=5-pt median; dark rows=605
fajr,2018-09-25,04:41,0,39.78058,-6.0163,0.0,Zamorano J. et al. (2019). TESS-W sky brightness network. Zenodo monthly archives. https://zenodo.org/records/3378728. CC0 1.0.,TESS station stars66; photometric inflection method; night median MSAS=18.10; MSAS at inflection=18.59; depression=18.45°; smoothing=5-pt median; dark rows=605
isha,2018-09-25,19:06,0,39.78058,-6.0163,0.0,Zamorano J. et al. (2019). TESS-W sky brightness network. Zenodo monthly archives. https://zenodo.org/records/3378728. CC0 1.0.,TESS station stars66; photometric inflection method; night median MSAS=17.60; MSAS at inflection=17.88; depression=10.42°; smoothing=5-pt median; dark rows=611
fajr,2018-09-27,05:07,0,39.78058,-6.0163,0.0,Zamorano J. et al. (2019). TESS-W sky brightness network. Zenodo monthly archives. https://zenodo.org/records/3378728. CC0 1.0.,TESS station stars66; photometric inflection method; night median MSAS=17.68; MSAS at inflection=17.85; depression=14.00°; smoothing=5-pt median; dark rows=580
isha,2018-09-28,19:16,0,39.78058,-6.0163,0.0,Zamorano J. et al. (2019). TESS-W sky brightness network. Zenodo monthly archives. https://zenodo.org/records/3378728. CC0 1.0.,TESS station stars66; photometric inflection method; night median MSAS=18.80; MSAS at inflection=20.25; depression=13.20°; smoothing=5-pt median; dark rows=614
isha,2018-09-29,18:53,0,39.78058,-6.0163,0.0,Zamorano J. et al. (2019). TESS-W sky brightness network. Zenodo monthly archives. https://zenodo.org/records/3378728. CC0 1.0.,TESS station stars66; photometric inflection method; night median MSAS=18.89; MSAS at inflection=16.92; depression=9.26°; smoothing=5-pt median; dark rows=436
isha,2018-09-01,20:22,0,42.81732,-1.64543,0.0,Zamorano J. et al. (2019). TESS-W sky brightness network. Zenodo monthly archives. https://zenodo.org/records/3378728. CC0 1.0.,TESS station stars7; photometric inflection method; night median MSAS=18.65; MSAS at inflection=18.13; depression=18.08°; smoothing=5-pt median; dark rows=489
fajr,2018-09-02,04:39,0,42.81732,-1.64543,0.0,Zamorano J. et al. (2019). TESS-W sky brightness network. Zenodo monthly archives. https://zenodo.org/records/3378728. CC0 1.0.,TESS station stars7; photometric inflection method; night median MSAS=18.65; MSAS at inflection=17.42; depression=10.09°; smoothing=5-pt median; dark rows=489
isha,2018-09-02,19:35,0,42.81732,-1.64543,0.0,Zamorano J. et al. (2019). TESS-W sky brightness network. Zenodo monthly archives. https://zenodo.org/records/3378728. CC0 1.0.,TESS station stars7; photometric inflection method; night median MSAS=18.64; MSAS at inflection=17.73; depression=10.64°; smoothing=5-pt median; dark rows=488
fajr,2018-09-03,04:14,0,42.81732,-1.64543,0.0,Zamorano J. et al. (2019). TESS-W sky brightness network. Zenodo monthly archives. https://zenodo.org/records/3378728. CC0 1.0.,TESS station stars7; photometric inflection method; night median MSAS=18.64; MSAS at inflection=17.19; depression=14.53°; smoothing=5-pt median; dark rows=488
isha,2018-09-06,19:43,0,42.81732,-1.64543,0.0,Zamorano J. et al. (2019). TESS-W sky brightness network. Zenodo monthly archives. https://zenodo.org/records/3378728. CC0 1.0.,TESS station stars7; photometric inflection method; night median MSAS=17.97; MSAS at inflection=16.37; depression=13.29°; smoothing=5-pt median; dark rows=518
fajr,2018-09-07,04:54,0,42.81732,-1.64543,0.0,Zamorano J. et al. (2019). TESS-W sky brightness network. Zenodo monthly archives. https://zenodo.org/records/3378728. CC0 1.0.,TESS station stars7; photometric inflection method; night median MSAS=17.97; MSAS at inflection=16.45; depression=8.46°; smoothing=5-pt median; dark rows=518
isha,2018-09-07,19:14,0,42.81732,-1.64543,0.0,Zamorano J. et al. (2019). TESS-W sky brightness network. Zenodo monthly archives. https://zenodo.org/records/3378728. CC0 1.0.,TESS station stars7; photometric inflection method; night median MSAS=18.11; MSAS at inflection=16.41; depression=8.66°; smoothing=5-pt median; dark rows=513
isha,2018-09-09,19:19,0,42.81732,-1.64543,0.0,Zamorano J. et al. (2019). TESS-W sky brightness network. Zenodo monthly archives. https://zenodo.org/records/3378728. CC0 1.0.,TESS station stars7; photometric inflection method; night median MSAS=18.27; MSAS at inflection=16.19; depression=10.13°; smoothing=5-pt median; dark rows=526
fajr,2018-09-10,03:59,0,42.81732,-1.64543,0.0,Zamorano J. et al. (2019). TESS-W sky brightness network. Zenodo monthly archives. https://zenodo.org/records/3378728. CC0 1.0.,TESS station stars7; photometric inflection method; night median MSAS=18.27; MSAS at inflection=17.18; depression=18.48°; smoothing=5-pt median; dark rows=526
isha,2018-09-10,19:16,0,42.81732,-1.64543,0.0,Zamorano J. et al. (2019). TESS-W sky brightness network. Zenodo monthly archives. https://zenodo.org/records/3378728. CC0 1.0.,TESS station stars7; photometric inflection method; night median MSAS=18.63; MSAS at inflection=17.26; depression=10.04°; smoothing=5-pt median; dark rows=523
fajr,2018-09-11,04:46,0,42.81732,-1.64543,0.0,Zamorano J. et al. (2019). TESS-W sky brightness network. Zenodo monthly archives. https://zenodo.org/records/3378728. CC0 1.0.,TESS station stars7; photometric inflection method; night median MSAS=18.63; MSAS at inflection=17.95; depression=10.79°; smoothing=5-pt median; dark rows=523
isha,2018-09-13,19:09,0,42.81732,-1.64543,0.0,Zamorano J. et al. (2019). TESS-W sky brightness network. Zenodo monthly archives. https://zenodo.org/records/3378728. CC0 1.0.,TESS station stars7; photometric inflection method; night median MSAS=18.58; MSAS at inflection=17.21; depression=9.76°; smoothing=5-pt median; dark rows=536
fajr,2018-09-14,04:55,0,42.81732,-1.64543,0.0,Zamorano J. et al. (2019). TESS-W sky brightness network. Zenodo monthly archives. https://zenodo.org/records/3378728. CC0 1.0.,TESS station stars7; photometric inflection method; night median MSAS=18.58; MSAS at inflection=17.34; depression=9.71°; smoothing=5-pt median; dark rows=536
isha,2018-09-14,19:12,0,42.81732,-1.64543,0.0,Zamorano J. et al. (2019). TESS-W sky brightness network. Zenodo monthly archives. https://zenodo.org/records/3378728. CC0 1.0.,TESS station stars7; photometric inflection method; night median MSAS=18.86; MSAS at inflection=17.36; depression=10.56°; smoothing=5-pt median; dark rows=545
isha,2018-09-15,19:11,0,42.81732,-1.64543,0.0,Zamorano J. et al. (2019). TESS-W sky brightness network. Zenodo monthly archives. https://zenodo.org/records/3378728. CC0 1.0.,TESS station stars7; photometric inflection method; night median MSAS=18.64; MSAS at inflection=17.63; depression=10.73°; smoothing=5-pt median; dark rows=526
fajr,2018-09-16,05:06,0,42.81732,-1.64543,0.0,Zamorano J. et al. (2019). TESS-W sky brightness network. Zenodo monthly archives. https://zenodo.org/records/3378728. CC0 1.0.,TESS station stars7; photometric inflection method; night median MSAS=18.64; MSAS at inflection=16.42; depression=8.28°; smoothing=5-pt median; dark rows=526
fajr,2018-09-17,05:11,0,42.81732,-1.64543,0.0,Zamorano J. et al. (2019). TESS-W sky brightness network. Zenodo monthly archives. https://zenodo.org/records/3378728. CC0 1.0.,TESS station stars7; photometric inflection method; night median MSAS=17.85; MSAS at inflection=15.57; depression=7.41°; smoothing=5-pt median; dark rows=530
isha,2018-09-18,18:52,0,42.81732,-1.64543,0.0,Zamorano J. et al. (2019). TESS-W sky brightness network. Zenodo monthly archives. https://zenodo.org/records/3378728. CC0 1.0.,TESS station stars7; photometric inflection method; night median MSAS=18.20; MSAS at inflection=16.15; depression=8.30°; smoothing=5-pt median; dark rows=537
fajr,2018-09-19,04:22,0,42.81732,-1.64543,0.0,Zamorano J. et al. (2019). TESS-W sky brightness network. Zenodo monthly archives. https://zenodo.org/records/3378728. CC0 1.0.,TESS station stars7; photometric inflection method; night median MSAS=18.20; MSAS at inflection=16.11; depression=16.67°; smoothing=5-pt median; dark rows=537
isha,2018-09-19,18:51,0,42.81732,-1.64543,0.0,Zamorano J. et al. (2019). TESS-W sky brightness network. Zenodo monthly archives. https://zenodo.org/records/3378728. CC0 1.0.,TESS station stars7; photometric inflection method; night median MSAS=18.26; MSAS at inflection=16.19; depression=8.54°; smoothing=5-pt median; dark rows=548
fajr,2018-09-20,05:11,0,42.81732,-1.64543,0.0,Zamorano J. et al. (2019). TESS-W sky brightness network. Zenodo monthly archives. https://zenodo.org/records/3378728. CC0 1.0.,TESS station stars7; photometric inflection method; night median MSAS=18.26; MSAS at inflection=16.08; depression=8.21°; smoothing=5-pt median; dark rows=548
isha,2018-09-20,19:13,0,42.81732,-1.64543,0.0,Zamorano J. et al. (2019). TESS-W sky brightness network. Zenodo monthly archives. https://zenodo.org/records/3378728. CC0 1.0.,TESS station stars7; photometric inflection method; night median MSAS=18.09; MSAS at inflection=17.39; depression=12.77°; smoothing=5-pt median; dark rows=544
fajr,2018-09-21,05:03,0,42.81732,-1.64543,0.0,Zamorano J. et al. (2019). TESS-W sky brightness network. Zenodo monthly archives. https://zenodo.org/records/3378728. CC0 1.0.,TESS station stars7; photometric inflection method; night median MSAS=18.09; MSAS at inflection=16.63; depression=9.86°; smoothing=5-pt median; dark rows=544
isha,2018-09-21,19:54,0,42.81732,-1.64543,0.0,Zamorano J. et al. (2019). TESS-W sky brightness network. Zenodo monthly archives. https://zenodo.org/records/3378728. CC0 1.0.,TESS station stars7; photometric inflection method; night median MSAS=18.54; MSAS at inflection=16.36; depression=20.32°; smoothing=5-pt median; dark rows=559
fajr,2018-09-22,05:06,0,42.81732,-1.64543,0.0,Zamorano J. et al. (2019). TESS-W sky brightness network. Zenodo monthly archives. https://zenodo.org/records/3378728. CC0 1.0.,TESS station stars7; photometric inflection method; night median MSAS=18.54; MSAS at inflection=17.52; depression=9.48°; smoothing=5-pt median; dark rows=559
isha,2018-09-22,18:58,0,42.81732,-1.64543,0.0,Zamorano J. et al. (2019). TESS-W sky brightness network. Zenodo monthly archives. https://zenodo.org/records/3378728. CC0 1.0.,TESS station stars7; photometric inflection method; night median MSAS=18.53; MSAS at inflection=17.64; depression=10.77°; smoothing=5-pt median; dark rows=560
fajr,2018-09-23,05:00,0,42.81732,-1.64543,0.0,Zamorano J. et al. (2019). TESS-W sky brightness network. Zenodo monthly archives. https://zenodo.org/records/3378728. CC0 1.0.,TESS station stars7; photometric inflection method; night median MSAS=18.53; MSAS at inflection=18.15; depression=10.81°; smoothing=5-pt median; dark rows=560
fajr,2018-09-25,04:53,0,42.81732,-1.64543,0.0,Zamorano J. et al. (2019). TESS-W sky brightness network. Zenodo monthly archives. https://zenodo.org/records/3378728. CC0 1.0.,TESS station stars7; photometric inflection method; night median MSAS=17.88; MSAS at inflection=18.21; depression=12.48°; smoothing=5-pt median; dark rows=611
isha,2018-09-26,19:26,0,42.81732,-1.64543,0.0,Zamorano J. et al. (2019). TESS-W sky brightness network. Zenodo monthly archives. https://zenodo.org/records/3378728. CC0 1.0.,TESS station stars7; photometric inflection method; night median MSAS=17.63; MSAS at inflection=16.59; depression=17.08°; smoothing=5-pt median; dark rows=558
fajr,2018-09-27,05:05,0,42.81732,-1.64543,0.0,Zamorano J. et al. (2019). TESS-W sky brightness network. Zenodo monthly archives. https://zenodo.org/records/3378728. CC0 1.0.,TESS station stars7; photometric inflection method; night median MSAS=17.63; MSAS at inflection=17.53; depression=10.68°; smoothing=5-pt median; dark rows=558
isha,2018-09-28,18:37,0,42.81732,-1.64543,0.0,Zamorano J. et al. (2019). TESS-W sky brightness network. Zenodo monthly archives. https://zenodo.org/records/3378728. CC0 1.0.,TESS station stars7; photometric inflection method; night median MSAS=18.00; MSAS at inflection=16.69; depression=8.99°; smoothing=5-pt median; dark rows=564
fajr,2018-09-29,05:16,0,42.81732,-1.64543,0.0,Zamorano J. et al. (2019). TESS-W sky brightness network. Zenodo monthly archives. https://zenodo.org/records/3378728. CC0 1.0.,TESS station stars7; photometric inflection method; night median MSAS=18.00; MSAS at inflection=16.41; depression=8.99°; smoothing=5-pt median; dark rows=564
isha,2018-09-29,18:45,0,42.81732,-1.64543,0.0,Zamorano J. et al. (2019). TESS-W sky brightness network. Zenodo monthly archives. https://zenodo.org/records/3378728. CC0 1.0.,TESS station stars7; photometric inflection method; night median MSAS=18.21; MSAS at inflection=17.58; depression=10.62°; smoothing=5-pt median; dark rows=569
fajr,2018-09-30,04:16,0,42.81732,-1.64543,0.0,Zamorano J. et al. (2019). TESS-W sky brightness network. Zenodo monthly archives. https://zenodo.org/records/3378728. CC0 1.0.,TESS station stars7; photometric inflection method; night median MSAS=18.21; MSAS at inflection=16.87; depression=20.08°; smoothing=5-pt median; dark rows=569
isha,2018-09-30,19:42,0,42.81732,-1.64543,0.0,Zamorano J. et al. (2019). TESS-W sky brightness network. Zenodo monthly archives. https://zenodo.org/records/3378728. CC0 1.0.,TESS station stars7; photometric inflection method; night median MSAS=17.94; MSAS at inflection=17.03; depression=21.33°; smoothing=5-pt median; dark rows=293
isha,2018-09-02,19:34,-1,28.525838,-14.005069,0.0,Zamorano J. et al. (2019). TESS-W sky brightness network. Zenodo monthly archives. https://zenodo.org/records/3378728. CC0 1.0.,TESS station stars70; photometric inflection method; night median MSAS=20.50; MSAS at inflection=21.08; depression=17.40°; smoothing=5-pt median; dark rows=581
fajr,2018-09-03,04:19,-1,28.525838,-14.005069,0.0,Zamorano J. et al. (2019). TESS-W sky brightness network. Zenodo monthly archives. https://zenodo.org/records/3378728. CC0 1.0.,TESS station stars70; photometric inflection method; night median MSAS=20.50; MSAS at inflection=18.04; depression=16.85°; smoothing=5-pt median; dark rows=581
isha,2018-09-03,19:05,-1,28.525838,-14.005069,0.0,Zamorano J. et al. (2019). TESS-W sky brightness network. Zenodo monthly archives. https://zenodo.org/records/3378728. CC0 1.0.,TESS station stars70; photometric inflection method; night median MSAS=21.08; MSAS at inflection=18.91; depression=11.75°; smoothing=5-pt median; dark rows=257
isha,2018-09-07,19:37,-1,28.525838,-14.005069,0.0,Zamorano J. et al. (2019). TESS-W sky brightness network. Zenodo monthly archives. https://zenodo.org/records/3378728. CC0 1.0.,TESS station stars70; photometric inflection method; night median MSAS=21.43; MSAS at inflection=21.10; depression=19.45°; smoothing=5-pt median; dark rows=579
isha,2018-09-10,19:00,-1,28.525838,-14.005069,0.0,Zamorano J. et al. (2019). TESS-W sky brightness network. Zenodo monthly archives. https://zenodo.org/records/3378728. CC0 1.0.,TESS station stars70; photometric inflection method; night median MSAS=21.22; MSAS at inflection=19.55; depression=12.48°; smoothing=5-pt median; dark rows=561
fajr,2018-09-12,04:52,-1,28.525838,-14.005069,0.0,Zamorano J. et al. (2019). TESS-W sky brightness network. Zenodo monthly archives. https://zenodo.org/records/3378728. CC0 1.0.,TESS station stars70; photometric inflection method; night median MSAS=21.39; MSAS at inflection=19.02; depression=11.00°; smoothing=5-pt median; dark rows=603
isha,2018-09-12,19:29,-1,28.525838,-14.005069,0.0,Zamorano J. et al. (2019). TESS-W sky brightness network. Zenodo monthly archives. https://zenodo.org/records/3378728. CC0 1.0.,TESS station stars70; photometric inflection method; night median MSAS=21.28; MSAS at inflection=20.83; depression=19.23°; smoothing=5-pt median; dark rows=548
fajr,2018-09-13,04:22,-1,28.525838,-14.005069,0.0,Zamorano J. et al. (2019). TESS-W sky brightness network. Zenodo monthly archives. https://zenodo.org/records/3378728. CC0 1.0.,TESS station stars70; photometric inflection method; night median MSAS=21.28; MSAS at inflection=21.23; depression=17.53°; smoothing=5-pt median; dark rows=548
fajr,2018-09-15,04:37,-1,28.525838,-14.005069,0.0,Zamorano J. et al. (2019). TESS-W sky brightness network. Zenodo monthly archives. https://zenodo.org/records/3378728. CC0 1.0.,TESS station stars70; photometric inflection method; night median MSAS=21.19; MSAS at inflection=21.00; depression=14.62°; smoothing=5-pt median; dark rows=598
isha,2018-09-15,19:12,-1,28.525838,-14.005069,0.0,Zamorano J. et al. (2019). TESS-W sky brightness network. Zenodo monthly archives. https://zenodo.org/records/3378728. CC0 1.0.,TESS station stars70; photometric inflection method; night median MSAS=21.36; MSAS at inflection=20.12; depression=16.36°; smoothing=5-pt median; dark rows=598
isha,2018-09-17,19:30,-1,28.525838,-14.005069,0.0,Zamorano J. et al. (2019). TESS-W sky brightness network. Zenodo monthly archives. https://zenodo.org/records/3378728. CC0 1.0.,TESS station stars70; photometric inflection method; night median MSAS=20.67; MSAS at inflection=18.61; depression=20.74°; smoothing=5-pt median; dark rows=602
fajr,2018-09-18,04:37,-1,28.525838,-14.005069,0.0,Zamorano J. et al. (2019). TESS-W sky brightness network. Zenodo monthly archives. https://zenodo.org/records/3378728. CC0 1.0.,TESS station stars70; photometric inflection method; night median MSAS=20.67; MSAS at inflection=20.83; depression=15.06°; smoothing=5-pt median; dark rows=602
fajr,2018-09-19,04:35,-1,28.525838,-14.005069,0.0,Zamorano J. et al. (2019). TESS-W sky brightness network. Zenodo monthly archives. https://zenodo.org/records/3378728. CC0 1.0.,TESS station stars70; photometric inflection method; night median MSAS=20.27; MSAS at inflection=21.17; depression=15.46°; smoothing=5-pt median; dark rows=606
isha,2018-09-20,18:35,-1,28.525838,-14.005069,0.0,Zamorano J. et al. (2019). TESS-W sky brightness network. Zenodo monthly archives. https://zenodo.org/records/3378728. CC0 1.0.,TESS station stars70; photometric inflection method; night median MSAS=18.71; MSAS at inflection=16.92; depression=9.73°; smoothing=5-pt median; dark rows=579
fajr,2018-09-21,05:01,-1,28.525838,-14.005069,0.0,Zamorano J. et al. (2019). TESS-W sky brightness network. Zenodo monthly archives. https://zenodo.org/records/3378728. CC0 1.0.,TESS station stars70; photometric inflection method; night median MSAS=18.71; MSAS at inflection=17.66; depression=10.15°; smoothing=5-pt median; dark rows=579
fajr,2018-09-22,05:04,-1,28.525838,-14.005069,0.0,Zamorano J. et al. (2019). TESS-W sky brightness network. Zenodo monthly archives. https://zenodo.org/records/3378728. CC0 1.0.,TESS station stars70; photometric inflection method; night median MSAS=18.53; MSAS at inflection=17.24; depression=9.62°; smoothing=5-pt median; dark rows=616
isha,2018-09-23,18:24,-1,28.525838,-14.005069,0.0,Zamorano J. et al. (2019). TESS-W sky brightness network. Zenodo monthly archives. https://zenodo.org/records/3378728. CC0 1.0.,TESS station stars70; photometric inflection method; night median MSAS=17.72; MSAS at inflection=15.47; depression=7.97°; smoothing=5-pt median; dark rows=614
isha,2018-09-25,18:47,-1,28.525838,-14.005069,0.0,Zamorano J. et al. (2019). TESS-W sky brightness network. Zenodo monthly archives. https://zenodo.org/records/3378728. CC0 1.0.,TESS station stars70; photometric inflection method; night median MSAS=17.52; MSAS at inflection=19.51; depression=13.65°; smoothing=5-pt median; dark rows=620
isha,2018-09-28,18:20,-1,28.525838,-14.005069,0.0,Zamorano J. et al. (2019). TESS-W sky brightness network. Zenodo monthly archives. https://zenodo.org/records/3378728. CC0 1.0.,TESS station stars70; photometric inflection method; night median MSAS=18.06; MSAS at inflection=16.15; depression=8.55°; smoothing=5-pt median; dark rows=611
isha,2018-09-29,18:46,-1,28.525838,-14.005069,0.0,Zamorano J. et al. (2019). TESS-W sky brightness network. Zenodo monthly archives. https://zenodo.org/records/3378728. CC0 1.0.,TESS station stars70; photometric inflection method; night median MSAS=19.09; MSAS at inflection=20.78; depression=14.43°; smoothing=5-pt median; dark rows=634
isha,2018-09-02,19:18,0,43.568147,1.327194,0.0,Zamorano J. et al. (2019). TESS-W sky brightness network. Zenodo monthly archives. https://zenodo.org/records/3378728. CC0 1.0.,TESS station stars71; photometric inflection method; night median MSAS=19.12; MSAS at inflection=17.20; depression=9.44°; smoothing=5-pt median; dark rows=449
isha,2018-09-03,19:51,0,43.568147,1.327194,0.0,Zamorano J. et al. (2019). TESS-W sky brightness network. Zenodo monthly archives. https://zenodo.org/records/3378728. CC0 1.0.,TESS station stars71; photometric inflection method; night median MSAS=18.43; MSAS at inflection=18.82; depression=15.30°; smoothing=5-pt median; dark rows=263
fajr,2018-09-03,20:25,0,43.568147,1.327194,0.0,Zamorano J. et al. (2019). TESS-W sky brightness network. Zenodo monthly archives. https://zenodo.org/records/3378728. CC0 1.0.,TESS station stars71; photometric inflection method; night median MSAS=18.43; MSAS at inflection=18.19; depression=20.63°; smoothing=5-pt median; dark rows=263
fajr,2018-09-08,04:23,0,43.568147,1.327194,0.0,Zamorano J. et al. (2019). TESS-W sky brightness network. Zenodo monthly archives. https://zenodo.org/records/3378728. CC0 1.0.,TESS station stars71; photometric inflection method; night median MSAS=19.40; MSAS at inflection=18.80; depression=11.86°; smoothing=5-pt median; dark rows=466
isha,2018-09-10,19:02,0,43.568147,1.327194,0.0,Zamorano J. et al. (2019). TESS-W sky brightness network. Zenodo monthly archives. https://zenodo.org/records/3378728. CC0 1.0.,TESS station stars71; photometric inflection method; night median MSAS=19.06; MSAS at inflection=17.07; depression=9.46°; smoothing=5-pt median; dark rows=454
fajr,2018-09-12,04:47,0,43.568147,1.327194,0.0,Zamorano J. et al. (2019). TESS-W sky brightness network. Zenodo monthly archives. https://zenodo.org/records/3378728. CC0 1.0.,TESS station stars71; photometric inflection method; night median MSAS=19.06; MSAS at inflection=16.71; depression=8.48°; smoothing=5-pt median; dark rows=394
isha,2018-09-12,18:56,0,43.568147,1.327194,0.0,Zamorano J. et al. (2019). TESS-W sky brightness network. Zenodo monthly archives. https://zenodo.org/records/3378728. CC0 1.0.,TESS station stars71; photometric inflection method; night median MSAS=18.16; MSAS at inflection=16.69; depression=9.03°; smoothing=5-pt median; dark rows=384
fajr,2018-09-13,03:45,0,43.568147,1.327194,0.0,Zamorano J. et al. (2019). TESS-W sky brightness network. Zenodo monthly archives. https://zenodo.org/records/3378728. CC0 1.0.,TESS station stars71; photometric inflection method; night median MSAS=18.16; MSAS at inflection=18.63; depression=19.18°; smoothing=5-pt median; dark rows=384
fajr,2018-09-16,04:45,0,43.568147,1.327194,0.0,Zamorano J. et al. (2019). TESS-W sky brightness network. Zenodo monthly archives. https://zenodo.org/records/3378728. CC0 1.0.,TESS station stars71; photometric inflection method; night median MSAS=17.97; MSAS at inflection=17.77; depression=9.75°; smoothing=5-pt median; dark rows=467
isha,2018-09-17,18:44,0,43.568147,1.327194,0.0,Zamorano J. et al. (2019). TESS-W sky brightness network. Zenodo monthly archives. https://zenodo.org/records/3378728. CC0 1.0.,TESS station stars71; photometric inflection method; night median MSAS=18.68; MSAS at inflection=16.41; depression=8.50°; smoothing=5-pt median; dark rows=528
isha,2018-09-18,19:45,0,43.568147,1.327194,0.0,Zamorano J. et al. (2019). TESS-W sky brightness network. Zenodo monthly archives. https://zenodo.org/records/3378728. CC0 1.0.,TESS station stars71; photometric inflection method; night median MSAS=18.88; MSAS at inflection=18.50; depression=19.40°; smoothing=5-pt median; dark rows=529
fajr,2018-09-19,04:46,0,43.568147,1.327194,0.0,Zamorano J. et al. (2019). TESS-W sky brightness network. Zenodo monthly archives. https://zenodo.org/records/3378728. CC0 1.0.,TESS station stars71; photometric inflection method; night median MSAS=18.88; MSAS at inflection=17.29; depression=10.14°; smoothing=5-pt median; dark rows=529
isha,2018-09-20,18:36,0,43.568147,1.327194,0.0,Zamorano J. et al. (2019). TESS-W sky brightness network. Zenodo monthly archives. https://zenodo.org/records/3378728. CC0 1.0.,TESS station stars71; photometric inflection method; night median MSAS=18.75; MSAS at inflection=16.30; depression=8.21°; smoothing=5-pt median; dark rows=495
fajr,2018-09-21,04:48,0,43.568147,1.327194,0.0,Zamorano J. et al. (2019). TESS-W sky brightness network. Zenodo monthly archives. https://zenodo.org/records/3378728. CC0 1.0.,TESS station stars71; photometric inflection method; night median MSAS=18.75; MSAS at inflection=17.47; depression=10.15°; smoothing=5-pt median; dark rows=495
fajr,2018-09-25,05:00,0,43.568147,1.327194,0.0,Zamorano J. et al. (2019). TESS-W sky brightness network. Zenodo monthly archives. https://zenodo.org/records/3378728. CC0 1.0.,TESS station stars71; photometric inflection method; night median MSAS=18.09; MSAS at inflection=16.78; depression=8.94°; smoothing=5-pt median; dark rows=546
fajr,2018-09-26,05:07,0,43.568147,1.327194,0.0,Zamorano J. et al. (2019). TESS-W sky brightness network. Zenodo monthly archives. https://zenodo.org/records/3378728. CC0 1.0.,TESS station stars71; photometric inflection method; night median MSAS=17.79; MSAS at inflection=15.69; depression=7.88°; smoothing=5-pt median; dark rows=468
fajr,2018-09-30,04:03,0,43.568147,1.327194,0.0,Zamorano J. et al. (2019). TESS-W sky brightness network. Zenodo monthly archives. https://zenodo.org/records/3378728. CC0 1.0.,TESS station stars71; photometric inflection method; night median MSAS=18.67; MSAS at inflection=16.58; depression=20.03°; smoothing=5-pt median; dark rows=465
isha,2018-09-30,18:29,0,43.568147,1.327194,0.0,Zamorano J. et al. (2019). TESS-W sky brightness network. Zenodo monthly archives. https://zenodo.org/records/3378728. CC0 1.0.,TESS station stars71; photometric inflection method; night median MSAS=18.60; MSAS at inflection=17.78; depression=10.13°; smoothing=5-pt median; dark rows=280
isha,2018-09-01,19:36,0,47.891148,1.918363,0.0,Zamorano J. et al. (2019). TESS-W sky brightness network. Zenodo monthly archives. https://zenodo.org/records/3378728. CC0 1.0.,TESS station stars72; photometric inflection method; night median MSAS=18.64; MSAS at inflection=17.91; depression=10.80°; smoothing=5-pt median; dark rows=468
fajr,2018-09-02,04:11,0,47.891148,1.918363,0.0,Zamorano J. et al. (2019). TESS-W sky brightness network. Zenodo monthly archives. https://zenodo.org/records/3378728. CC0 1.0.,TESS station stars72; photometric inflection method; night median MSAS=18.64; MSAS at inflection=17.55; depression=10.30°; smoothing=5-pt median; dark rows=468
isha,2018-09-05,19:20,0,47.891148,1.918363,0.0,Zamorano J. et al. (2019). TESS-W sky brightness network. Zenodo monthly archives. https://zenodo.org/records/3378728. CC0 1.0.,TESS station stars72; photometric inflection method; night median MSAS=18.10; MSAS at inflection=17.20; depression=9.64°; smoothing=5-pt median; dark rows=472
isha,2018-09-06,19:24,0,47.891148,1.918363,0.0,Zamorano J. et al. (2019). TESS-W sky brightness network. Zenodo monthly archives. https://zenodo.org/records/3378728. CC0 1.0.,TESS station stars72; photometric inflection method; night median MSAS=19.14; MSAS at inflection=17.93; depression=10.59°; smoothing=5-pt median; dark rows=493
fajr,2018-09-08,04:25,0,47.891148,1.918363,0.0,Zamorano J. et al. (2019). TESS-W sky brightness network. Zenodo monthly archives. https://zenodo.org/records/3378728. CC0 1.0.,TESS station stars72; photometric inflection method; night median MSAS=19.12; MSAS at inflection=17.33; depression=9.57°; smoothing=5-pt median; dark rows=502
fajr,2018-09-10,04:24,0,47.891148,1.918363,0.0,Zamorano J. et al. (2019). TESS-W sky brightness network. Zenodo monthly archives. https://zenodo.org/records/3378728. CC0 1.0.,TESS station stars72; photometric inflection method; night median MSAS=19.02; MSAS at inflection=17.86; depression=10.28°; smoothing=5-pt median; dark rows=509
fajr,2018-09-11,04:18,0,47.891148,1.918363,0.0,Zamorano J. et al. (2019). TESS-W sky brightness network. Zenodo monthly archives. https://zenodo.org/records/3378728. CC0 1.0.,TESS station stars72; photometric inflection method; night median MSAS=19.11; MSAS at inflection=18.52; depression=11.39°; smoothing=5-pt median; dark rows=506
fajr,2018-09-12,04:21,0,47.891148,1.918363,0.0,Zamorano J. et al. (2019). TESS-W sky brightness network. Zenodo monthly archives. https://zenodo.org/records/3378728. CC0 1.0.,TESS station stars72; photometric inflection method; night median MSAS=19.12; MSAS at inflection=18.33; depression=11.15°; smoothing=5-pt median; dark rows=467
fajr,2018-09-13,03:34,0,47.891148,1.918363,0.0,Zamorano J. et al. (2019). TESS-W sky brightness network. Zenodo monthly archives. https://zenodo.org/records/3378728. CC0 1.0.,TESS station stars72; photometric inflection method; night median MSAS=17.79; MSAS at inflection=16.99; depression=18.59°; smoothing=5-pt median; dark rows=534
fajr,2018-09-17,04:15,0,47.891148,1.918363,0.0,Zamorano J. et al. (2019). TESS-W sky brightness network. Zenodo monthly archives. https://zenodo.org/records/3378728. CC0 1.0.,TESS station stars72; photometric inflection method; night median MSAS=19.01; MSAS at inflection=19.00; depression=13.33°; smoothing=5-pt median; dark rows=559
fajr,2018-09-18,04:40,0,47.891148,1.918363,0.0,Zamorano J. et al. (2019). TESS-W sky brightness network. Zenodo monthly archives. https://zenodo.org/records/3378728. CC0 1.0.,TESS station stars72; photometric inflection method; night median MSAS=18.78; MSAS at inflection=17.13; depression=9.53°; smoothing=5-pt median; dark rows=546
fajr,2018-09-20,04:48,0,47.891148,1.918363,0.0,Zamorano J. et al. (2019). TESS-W sky brightness network. Zenodo monthly archives. https://zenodo.org/records/3378728. CC0 1.0.,TESS station stars72; photometric inflection method; night median MSAS=18.81; MSAS at inflection=16.51; depression=8.65°; smoothing=5-pt median; dark rows=571
isha,2018-09-20,19:48,0,47.891148,1.918363,0.0,Zamorano J. et al. (2019). TESS-W sky brightness network. Zenodo monthly archives. https://zenodo.org/records/3378728. CC0 1.0.,TESS station stars72; photometric inflection method; night median MSAS=17.96; MSAS at inflection=18.11; depression=19.37°; smoothing=5-pt median; dark rows=563
isha,2018-09-23,19:46,0,47.891148,1.918363,0.0,Zamorano J. et al. (2019). TESS-W sky brightness network. Zenodo monthly archives. https://zenodo.org/records/3378728. CC0 1.0.,TESS station stars72; photometric inflection method; night median MSAS=18.28; MSAS at inflection=15.92; depression=20.13°; smoothing=5-pt median; dark rows=567
isha,2018-09-24,18:36,0,47.891148,1.918363,0.0,Zamorano J. et al. (2019). TESS-W sky brightness network. Zenodo monthly archives. https://zenodo.org/records/3378728. CC0 1.0.,TESS station stars72; photometric inflection method; night median MSAS=17.91; MSAS at inflection=16.80; depression=9.26°; smoothing=5-pt median; dark rows=530
fajr,2018-09-29,04:56,0,47.891148,1.918363,0.0,Zamorano J. et al. (2019). TESS-W sky brightness network. Zenodo monthly archives. https://zenodo.org/records/3378728. CC0 1.0.,TESS station stars72; photometric inflection method; night median MSAS=18.16; MSAS at inflection=16.77; depression=9.48°; smoothing=5-pt median; dark rows=573
isha,2018-09-29,18:26,0,47.891148,1.918363,0.0,Zamorano J. et al. (2019). TESS-W sky brightness network. Zenodo monthly archives. https://zenodo.org/records/3378728. CC0 1.0.,TESS station stars72; photometric inflection method; night median MSAS=18.56; MSAS at inflection=17.09; depression=9.29°; smoothing=5-pt median; dark rows=581
fajr,2018-09-15,04:45,-2,16.864083,-24.867833,0.0,Zamorano J. et al. (2019). TESS-W sky brightness network. Zenodo monthly archives. https://zenodo.org/records/3378728. CC0 1.0.,TESS station stars79; photometric inflection method; night median MSAS=20.94; MSAS at inflection=18.51; depression=10.96°; smoothing=5-pt median; dark rows=330
isha,2018-09-15,18:44,-2,16.864083,-24.867833,0.0,Zamorano J. et al. (2019). TESS-W sky brightness network. Zenodo monthly archives. https://zenodo.org/records/3378728. CC0 1.0.,TESS station stars79; photometric inflection method; night median MSAS=20.85; MSAS at inflection=19.48; depression=15.88°; smoothing=5-pt median; dark rows=566
isha,2018-09-16,18:37,-2,16.864083,-24.867833,0.0,Zamorano J. et al. (2019). TESS-W sky brightness network. Zenodo monthly archives. https://zenodo.org/records/3378728. CC0 1.0.,TESS station stars79; photometric inflection method; night median MSAS=20.74; MSAS at inflection=18.85; depression=14.27°; smoothing=5-pt median; dark rows=609
fajr,2018-09-17,04:36,-2,16.864083,-24.867833,0.0,Zamorano J. et al. (2019). TESS-W sky brightness network. Zenodo monthly archives. https://zenodo.org/records/3378728. CC0 1.0.,TESS station stars79; photometric inflection method; night median MSAS=20.74; MSAS at inflection=20.06; depression=13.03°; smoothing=5-pt median; dark rows=609
isha,2018-09-17,18:26,-2,16.864083,-24.867833,0.0,Zamorano J. et al. (2019). TESS-W sky brightness network. Zenodo monthly archives. https://zenodo.org/records/3378728. CC0 1.0.,TESS station stars79; photometric inflection method; night median MSAS=20.67; MSAS at inflection=18.37; depression=11.94°; smoothing=5-pt median; dark rows=548
fajr,2018-09-19,04:09,-2,16.864083,-24.867833,0.0,Zamorano J. et al. (2019). TESS-W sky brightness network. Zenodo monthly archives. https://zenodo.org/records/3378728. CC0 1.0.,TESS station stars79; photometric inflection method; night median MSAS=20.59; MSAS at inflection=21.06; depression=19.54°; smoothing=5-pt median; dark rows=424
isha,2018-09-19,19:04,-2,16.864083,-24.867833,0.0,Zamorano J. et al. (2019). TESS-W sky brightness network. Zenodo monthly archives. https://zenodo.org/records/3378728. CC0 1.0.,TESS station stars79; photometric inflection method; night median MSAS=19.29; MSAS at inflection=18.13; depression=21.50°; smoothing=5-pt median; dark rows=522
isha,2018-09-01,19:35,0,42.71167,-1.86509,0.0,Zamorano J. et al. (2019). TESS-W sky brightness network. Zenodo monthly archives. https://zenodo.org/records/3378728. CC0 1.0.,TESS station stars8; photometric inflection method; night median MSAS=20.06; MSAS at inflection=18.02; depression=10.25°; smoothing=5-pt median; dark rows=489
fajr,2018-09-02,04:32,0,42.71167,-1.86509,0.0,Zamorano J. et al. (2019). TESS-W sky brightness network. Zenodo monthly archives. https://zenodo.org/records/3378728. CC0 1.0.,TESS station stars8; photometric inflection method; night median MSAS=20.06; MSAS at inflection=18.20; depression=11.50°; smoothing=5-pt median; dark rows=489
isha,2018-09-02,19:48,0,42.71167,-1.86509,0.0,Zamorano J. et al. (2019). TESS-W sky brightness network. Zenodo monthly archives. https://zenodo.org/records/3378728. CC0 1.0.,TESS station stars8; photometric inflection method; night median MSAS=20.35; MSAS at inflection=20.08; depression=12.79°; smoothing=5-pt median; dark rows=502
isha,2018-09-03,20:34,0,42.71167,-1.86509,0.0,Zamorano J. et al. (2019). TESS-W sky brightness network. Zenodo monthly archives. https://zenodo.org/records/3378728. CC0 1.0.,TESS station stars8; photometric inflection method; night median MSAS=19.63; MSAS at inflection=20.05; depression=20.54°; smoothing=5-pt median; dark rows=288
isha,2018-09-10,19:23,0,42.71167,-1.86509,0.0,Zamorano J. et al. (2019). TESS-W sky brightness network. Zenodo monthly archives. https://zenodo.org/records/3378728. CC0 1.0.,TESS station stars8; photometric inflection method; night median MSAS=21.06; MSAS at inflection=18.73; depression=11.03°; smoothing=5-pt median; dark rows=543
fajr,2018-09-11,04:39,0,42.71167,-1.86509,0.0,Zamorano J. et al. (2019). TESS-W sky brightness network. Zenodo monthly archives. https://zenodo.org/records/3378728. CC0 1.0.,TESS station stars8; photometric inflection method; night median MSAS=21.06; MSAS at inflection=19.77; depression=12.13°; smoothing=5-pt median; dark rows=543
isha,2018-09-12,19:21,0,42.71167,-1.86509,0.0,Zamorano J. et al. (2019). TESS-W sky brightness network. Zenodo monthly archives. https://zenodo.org/records/3378728. CC0 1.0.,TESS station stars8; photometric inflection method; night median MSAS=21.07; MSAS at inflection=18.95; depression=11.39°; smoothing=5-pt median; dark rows=557
isha,2018-09-14,19:16,0,42.71167,-1.86509,0.0,Zamorano J. et al. (2019). TESS-W sky brightness network. Zenodo monthly archives. https://zenodo.org/records/3378728. CC0 1.0.,TESS station stars8; photometric inflection method; night median MSAS=21.02; MSAS at inflection=18.72; depression=11.15°; smoothing=5-pt median; dark rows=544
isha,2018-09-15,19:24,0,42.71167,-1.86509,0.0,Zamorano J. et al. (2019). TESS-W sky brightness network. Zenodo monthly archives. https://zenodo.org/records/3378728. CC0 1.0.,TESS station stars8; photometric inflection method; night median MSAS=20.95; MSAS at inflection=19.06; depression=12.88°; smoothing=5-pt median; dark rows=532
fajr,2018-09-17,04:56,0,42.71167,-1.86509,0.0,Zamorano J. et al. (2019). TESS-W sky brightness network. Zenodo monthly archives. https://zenodo.org/records/3378728. CC0 1.0.,TESS station stars8; photometric inflection method; night median MSAS=20.23; MSAS at inflection=18.52; depression=10.30°; smoothing=5-pt median; dark rows=554
isha,2018-09-17,19:11,0,42.71167,-1.86509,0.0,Zamorano J. et al. (2019). TESS-W sky brightness network. Zenodo monthly archives. https://zenodo.org/records/3378728. CC0 1.0.,TESS station stars8; photometric inflection method; night median MSAS=19.05; MSAS at inflection=17.91; depression=11.20°; smoothing=5-pt median; dark rows=230
isha,2018-09-18,19:54,0,42.71167,-1.86509,0.0,Zamorano J. et al. (2019). TESS-W sky brightness network. Zenodo monthly archives. https://zenodo.org/records/3378728. CC0 1.0.,TESS station stars8; photometric inflection method; night median MSAS=20.23; MSAS at inflection=19.66; depression=19.12°; smoothing=5-pt median; dark rows=586
fajr,2018-09-19,04:24,0,42.71167,-1.86509,0.0,Zamorano J. et al. (2019). TESS-W sky brightness network. Zenodo monthly archives. https://zenodo.org/records/3378728. CC0 1.0.,TESS station stars8; photometric inflection method; night median MSAS=20.23; MSAS at inflection=20.94; depression=16.53°; smoothing=5-pt median; dark rows=586
isha,2018-09-21,19:50,0,42.71167,-1.86509,0.0,Zamorano J. et al. (2019). TESS-W sky brightness network. Zenodo monthly archives. https://zenodo.org/records/3378728. CC0 1.0.,TESS station stars8; photometric inflection method; night median MSAS=19.34; MSAS at inflection=18.40; depression=19.56°; smoothing=5-pt median; dark rows=555
fajr,2018-09-22,05:04,0,42.71167,-1.86509,0.0,Zamorano J. et al. (2019). TESS-W sky brightness network. Zenodo monthly archives. https://zenodo.org/records/3378728. CC0 1.0.,TESS station stars8; photometric inflection method; night median MSAS=19.34; MSAS at inflection=18.16; depression=9.94°; smoothing=5-pt median; dark rows=555
isha,2018-09-22,18:58,0,42.71167,-1.86509,0.0,Zamorano J. et al. (2019). TESS-W sky brightness network. Zenodo monthly archives. https://zenodo.org/records/3378728. CC0 1.0.,TESS station stars8; photometric inflection method; night median MSAS=19.21; MSAS at inflection=18.02; depression=10.54°; smoothing=5-pt median; dark rows=547
fajr,2018-09-23,05:05,0,42.71167,-1.86509,0.0,Zamorano J. et al. (2019). TESS-W sky brightness network. Zenodo monthly archives. https://zenodo.org/records/3378728. CC0 1.0.,TESS station stars8; photometric inflection method; night median MSAS=19.21; MSAS at inflection=17.82; depression=9.94°; smoothing=5-pt median; dark rows=547
isha,2018-09-23,19:05,0,42.71167,-1.86509,0.0,Zamorano J. et al. (2019). TESS-W sky brightness network. Zenodo monthly archives. https://zenodo.org/records/3378728. CC0 1.0.,TESS station stars8; photometric inflection method; night median MSAS=17.56; MSAS at inflection=18.56; depression=12.14°; smoothing=5-pt median; dark rows=540
fajr,2018-09-24,04:32,0,42.71167,-1.86509,0.0,Zamorano J. et al. (2019). TESS-W sky brightness network. Zenodo monthly archives. https://zenodo.org/records/3378728. CC0 1.0.,TESS station stars8; photometric inflection method; night median MSAS=17.56; MSAS at inflection=19.32; depression=16.10°; smoothing=5-pt median; dark rows=540
isha,2018-09-24,18:55,0,42.71167,-1.86509,0.0,Zamorano J. et al. (2019). TESS-W sky brightness network. Zenodo monthly archives. https://zenodo.org/records/3378728. CC0 1.0.,TESS station stars8; photometric inflection method; night median MSAS=18.31; MSAS at inflection=18.02; depression=10.66°; smoothing=5-pt median; dark rows=543
fajr,2018-09-25,05:09,0,42.71167,-1.86509,0.0,Zamorano J. et al. (2019). TESS-W sky brightness network. Zenodo monthly archives. https://zenodo.org/records/3378728. CC0 1.0.,TESS station stars8; photometric inflection method; night median MSAS=18.31; MSAS at inflection=17.30; depression=9.65°; smoothing=5-pt median; dark rows=543
isha,2018-09-25,18:57,0,42.71167,-1.86509,0.0,Zamorano J. et al. (2019). TESS-W sky brightness network. Zenodo monthly archives. https://zenodo.org/records/3378728. CC0 1.0.,TESS station stars8; photometric inflection method; night median MSAS=17.64; MSAS at inflection=18.70; depression=11.45°; smoothing=5-pt median; dark rows=537
fajr,2018-09-26,04:41,0,42.71167,-1.86509,0.0,Zamorano J. et al. (2019). TESS-W sky brightness network. Zenodo monthly archives. https://zenodo.org/records/3378728. CC0 1.0.,TESS station stars8; photometric inflection method; night median MSAS=17.64; MSAS at inflection=17.44; depression=14.95°; smoothing=5-pt median; dark rows=537
isha,2018-09-26,18:47,0,42.71167,-1.86509,0.0,Zamorano J. et al. (2019). TESS-W sky brightness network. Zenodo monthly archives. https://zenodo.org/records/3378728. CC0 1.0.,TESS station stars8; photometric inflection method; night median MSAS=18.01; MSAS at inflection=17.67; depression=9.98°; smoothing=5-pt median; dark rows=545
fajr,2018-09-27,05:16,0,42.71167,-1.86509,0.0,Zamorano J. et al. (2019). TESS-W sky brightness network. Zenodo monthly archives. https://zenodo.org/records/3378728. CC0 1.0.,TESS station stars8; photometric inflection method; night median MSAS=18.01; MSAS at inflection=16.11; depression=8.79°; smoothing=5-pt median; dark rows=545
isha,2018-09-28,18:49,0,42.71167,-1.86509,0.0,Zamorano J. et al. (2019). TESS-W sky brightness network. Zenodo monthly archives. https://zenodo.org/records/3378728. CC0 1.0.,TESS station stars8; photometric inflection method; night median MSAS=18.61; MSAS at inflection=18.80; depression=10.96°; smoothing=5-pt median; dark rows=570
fajr,2018-09-29,05:18,0,42.71167,-1.86509,0.0,Zamorano J. et al. (2019). TESS-W sky brightness network. Zenodo monthly archives. https://zenodo.org/records/3378728. CC0 1.0.,TESS station stars8; photometric inflection method; night median MSAS=18.61; MSAS at inflection=16.43; depression=8.85°; smoothing=5-pt median; dark rows=570
isha,2018-09-29,18:41,0,42.71167,-1.86509,0.0,Zamorano J. et al. (2019). TESS-W sky brightness network. Zenodo monthly archives. https://zenodo.org/records/3378728. CC0 1.0.,TESS station stars8; photometric inflection method; night median MSAS=19.18; MSAS at inflection=17.61; depression=9.79°; smoothing=5-pt median; dark rows=576
fajr,2018-09-30,05:13,0,42.71167,-1.86509,0.0,Zamorano J. et al. (2019). TESS-W sky brightness network. Zenodo monthly archives. https://zenodo.org/records/3378728. CC0 1.0.,TESS station stars8; photometric inflection method; night median MSAS=19.18; MSAS at inflection=16.68; depression=9.96°; smoothing=5-pt median; dark rows=576
isha,2018-09-01,19:33,0,43.34756,-4.059549,0.0,Zamorano J. et al. (2019). TESS-W sky brightness network. Zenodo monthly archives. https://zenodo.org/records/3378728. CC0 1.0.,TESS station stars81; photometric inflection method; night median MSAS=18.24; MSAS at inflection=15.78; depression=8.11°; smoothing=5-pt median; dark rows=471
fajr,2018-09-02,03:48,0,43.34756,-4.059549,0.0,Zamorano J. et al. (2019). TESS-W sky brightness network. Zenodo monthly archives. https://zenodo.org/records/3378728. CC0 1.0.,TESS station stars81; photometric inflection method; night median MSAS=18.24; MSAS at inflection=18.08; depression=19.71°; smoothing=5-pt median; dark rows=471
fajr,2018-09-03,04:57,0,43.34756,-4.059549,0.0,Zamorano J. et al. (2019). TESS-W sky brightness network. Zenodo monthly archives. https://zenodo.org/records/3378728. CC0 1.0.,TESS station stars81; photometric inflection method; night median MSAS=18.19; MSAS at inflection=16.08; depression=8.74°; smoothing=5-pt median; dark rows=525
isha,2018-09-03,19:35,0,43.34756,-4.059549,0.0,Zamorano J. et al. (2019). TESS-W sky brightness network. Zenodo monthly archives. https://zenodo.org/records/3378728. CC0 1.0.,TESS station stars81; photometric inflection method; night median MSAS=18.02; MSAS at inflection=16.47; depression=9.23°; smoothing=5-pt median; dark rows=236
isha,2018-09-07,19:23,0,43.34756,-4.059549,0.0,Zamorano J. et al. (2019). TESS-W sky brightness network. Zenodo monthly archives. https://zenodo.org/records/3378728. CC0 1.0.,TESS station stars81; photometric inflection method; night median MSAS=18.20; MSAS at inflection=16.14; depression=8.32°; smoothing=5-pt median; dark rows=522
fajr,2018-09-08,04:33,0,43.34756,-4.059549,0.0,Zamorano J. et al. (2019). TESS-W sky brightness network. Zenodo monthly archives. https://zenodo.org/records/3378728. CC0 1.0.,TESS station stars81; photometric inflection method; night median MSAS=18.20; MSAS at inflection=18.53; depression=13.84°; smoothing=5-pt median; dark rows=522
isha,2018-09-15,19:16,0,43.34756,-4.059549,0.0,Zamorano J. et al. (2019). TESS-W sky brightness network. Zenodo monthly archives. https://zenodo.org/records/3378728. CC0 1.0.,TESS station stars81; photometric inflection method; night median MSAS=18.16; MSAS at inflection=17.35; depression=9.80°; smoothing=5-pt median; dark rows=557
isha,2018-09-17,19:14,0,43.34756,-4.059549,0.0,Zamorano J. et al. (2019). TESS-W sky brightness network. Zenodo monthly archives. https://zenodo.org/records/3378728. CC0 1.0.,TESS station stars81; photometric inflection method; night median MSAS=18.07; MSAS at inflection=17.39; depression=10.06°; smoothing=5-pt median; dark rows=590
fajr,2018-09-18,05:04,0,43.34756,-4.059549,0.0,Zamorano J. et al. (2019). TESS-W sky brightness network. Zenodo monthly archives. https://zenodo.org/records/3378728. CC0 1.0.,TESS station stars81; photometric inflection method; night median MSAS=18.07; MSAS at inflection=17.74; depression=10.61°; smoothing=5-pt median; dark rows=590
isha,2018-09-18,19:01,0,43.34756,-4.059549,0.0,Zamorano J. et al. (2019). TESS-W sky brightness network. Zenodo monthly archives. https://zenodo.org/records/3378728. CC0 1.0.,TESS station stars81; photometric inflection method; night median MSAS=17.74; MSAS at inflection=15.43; depression=8.03°; smoothing=5-pt median; dark rows=550
isha,2018-09-20,20:13,0,43.34756,-4.059549,0.0,Zamorano J. et al. (2019). TESS-W sky brightness network. Zenodo monthly archives. https://zenodo.org/records/3378728. CC0 1.0.,TESS station stars81; photometric inflection method; night median MSAS=17.94; MSAS at inflection=17.84; depression=21.34°; smoothing=5-pt median; dark rows=525
fajr,2018-09-25,04:54,0,43.34756,-4.059549,0.0,Zamorano J. et al. (2019). TESS-W sky brightness network. Zenodo monthly archives. https://zenodo.org/records/3378728. CC0 1.0.,TESS station stars81; photometric inflection method; night median MSAS=17.53; MSAS at inflection=18.15; depression=13.79°; smoothing=5-pt median; dark rows=602
isha,2018-09-25,19:14,0,43.34756,-4.059549,0.0,Zamorano J. et al. (2019). TESS-W sky brightness network. Zenodo monthly archives. https://zenodo.org/records/3378728. CC0 1.0.,TESS station stars81; photometric inflection method; night median MSAS=17.55; MSAS at inflection=18.13; depression=12.86°; smoothing=5-pt median; dark rows=610
isha,2018-09-01,19:59,1,59.267231,18.137398,0.0,Zamorano J. et al. (2019). TESS-W sky brightness network. Zenodo monthly archives. https://zenodo.org/records/3378728. CC0 1.0.,TESS station stars83; photometric inflection method; night median MSAS=18.31; MSAS at inflection=16.79; depression=8.86°; smoothing=5-pt median; dark rows=433
isha,2018-09-04,19:48,1,59.267231,18.137398,0.0,Zamorano J. et al. (2019). TESS-W sky brightness network. Zenodo monthly archives. https://zenodo.org/records/3378728. CC0 1.0.,TESS station stars83; photometric inflection method; night median MSAS=17.94; MSAS at inflection=16.57; depression=8.76°; smoothing=5-pt median; dark rows=402
fajr,2018-09-05,02:52,1,59.267231,18.137398,0.0,Zamorano J. et al. (2019). TESS-W sky brightness network. Zenodo monthly archives. https://zenodo.org/records/3378728. CC0 1.0.,TESS station stars83; photometric inflection method; night median MSAS=17.94; MSAS at inflection=18.11; depression=14.28°; smoothing=5-pt median; dark rows=402
fajr,2018-09-07,01:29,1,59.267231,18.137398,0.0,Zamorano J. et al. (2019). TESS-W sky brightness network. Zenodo monthly archives. https://zenodo.org/records/3378728. CC0 1.0.,TESS station stars83; photometric inflection method; night median MSAS=18.00; MSAS at inflection=16.59; depression=21.40°; smoothing=5-pt median; dark rows=454
isha,2018-09-08,19:49,1,59.267231,18.137398,0.0,Zamorano J. et al. (2019). TESS-W sky brightness network. Zenodo monthly archives. https://zenodo.org/records/3378728. CC0 1.0.,TESS station stars83; photometric inflection method; night median MSAS=18.31; MSAS at inflection=17.47; depression=10.39°; smoothing=5-pt median; dark rows=460
isha,2018-09-09,21:18,1,59.267231,18.137398,0.0,Zamorano J. et al. (2019). TESS-W sky brightness network. Zenodo monthly archives. https://zenodo.org/records/3378728. CC0 1.0.,TESS station stars83; photometric inflection method; night median MSAS=18.81; MSAS at inflection=18.00; depression=19.43°; smoothing=5-pt median; dark rows=423
isha,2018-09-12,21:04,1,59.267231,18.137398,0.0,Zamorano J. et al. (2019). TESS-W sky brightness network. Zenodo monthly archives. https://zenodo.org/records/3378728. CC0 1.0.,TESS station stars83; photometric inflection method; night median MSAS=18.41; MSAS at inflection=17.99; depression=19.42°; smoothing=5-pt median; dark rows=489
isha,2018-09-13,19:26,1,59.267231,18.137398,0.0,Zamorano J. et al. (2019). TESS-W sky brightness network. Zenodo monthly archives. https://zenodo.org/records/3378728. CC0 1.0.,TESS station stars83; photometric inflection method; night median MSAS=18.35; MSAS at inflection=16.33; depression=9.63°; smoothing=5-pt median; dark rows=473
isha,2018-09-19,21:01,1,59.267231,18.137398,0.0,Zamorano J. et al. (2019). TESS-W sky brightness network. Zenodo monthly archives. https://zenodo.org/records/3378728. CC0 1.0.,TESS station stars83; photometric inflection method; night median MSAS=17.98; MSAS at inflection=17.77; depression=21.93°; smoothing=5-pt median; dark rows=484
fajr,2018-09-24,04:05,1,59.267231,18.137398,0.0,Zamorano J. et al. (2019). TESS-W sky brightness network. Zenodo monthly archives. https://zenodo.org/records/3378728. CC0 1.0.,TESS station stars83; photometric inflection method; night median MSAS=18.12; MSAS at inflection=18.67; depression=12.14°; smoothing=5-pt median; dark rows=535
isha,2018-09-24,18:36,1,59.267231,18.137398,0.0,Zamorano J. et al. (2019). TESS-W sky brightness network. Zenodo monthly archives. https://zenodo.org/records/3378728. CC0 1.0.,TESS station stars83; photometric inflection method; night median MSAS=17.71; MSAS at inflection=15.42; depression=7.76°; smoothing=5-pt median; dark rows=463
isha,2018-09-28,18:51,1,59.267231,18.137398,0.0,Zamorano J. et al. (2019). TESS-W sky brightness network. Zenodo monthly archives. https://zenodo.org/records/3378728. CC0 1.0.,TESS station stars83; photometric inflection method; night median MSAS=18.14; MSAS at inflection=17.85; depression=11.21°; smoothing=5-pt median; dark rows=528
fajr,2018-09-29,04:49,1,59.267231,18.137398,0.0,Zamorano J. et al. (2019). TESS-W sky brightness network. Zenodo monthly archives. https://zenodo.org/records/3378728. CC0 1.0.,TESS station stars83; photometric inflection method; night median MSAS=18.14; MSAS at inflection=15.89; depression=8.21°; smoothing=5-pt median; dark rows=528
isha,2018-09-02,19:41,0,40.45098,-3.726072,0.0,Zamorano J. et al. (2019). TESS-W sky brightness network. Zenodo monthly archives. https://zenodo.org/records/3378728. CC0 1.0.,TESS station stars85; photometric inflection method; night median MSAS=17.55; MSAS at inflection=16.95; depression=11.12°; smoothing=5-pt median; dark rows=1097
fajr,2018-09-03,04:06,0,40.45098,-3.726072,0.0,Zamorano J. et al. (2019). TESS-W sky brightness network. Zenodo monthly archives. https://zenodo.org/records/3378728. CC0 1.0.,TESS station stars85; photometric inflection method; night median MSAS=17.55; MSAS at inflection=17.74; depression=18.37°; smoothing=5-pt median; dark rows=1097
isha,2018-09-04,20:18,0,40.45098,-3.726072,0.0,Zamorano J. et al. (2019). TESS-W sky brightness network. Zenodo monthly archives. https://zenodo.org/records/3378728. CC0 1.0.,TESS station stars85; photometric inflection method; night median MSAS=18.13; MSAS at inflection=17.71; depression=18.23°; smoothing=5-pt median; dark rows=1112
isha,2018-09-05,19:22,0,40.45098,-3.726072,0.0,Zamorano J. et al. (2019). TESS-W sky brightness network. Zenodo monthly archives. https://zenodo.org/records/3378728. CC0 1.0.,TESS station stars85; photometric inflection method; night median MSAS=17.93; MSAS at inflection=16.85; depression=8.64°; smoothing=5-pt median; dark rows=1087
fajr,2018-09-07,05:04,0,40.45098,-3.726072,0.0,Zamorano J. et al. (2019). TESS-W sky brightness network. Zenodo monthly archives. https://zenodo.org/records/3378728. CC0 1.0.,TESS station stars85; photometric inflection method; night median MSAS=18.30; MSAS at inflection=17.12; depression=8.95°; smoothing=5-pt median; dark rows=1127
isha,2018-09-08,19:18,0,40.45098,-3.726072,0.0,Zamorano J. et al. (2019). TESS-W sky brightness network. Zenodo monthly archives. https://zenodo.org/records/3378728. CC0 1.0.,TESS station stars85; photometric inflection method; night median MSAS=18.38; MSAS at inflection=16.19; depression=8.82°; smoothing=5-pt median; dark rows=1136
isha,2018-09-11,19:09,0,40.45098,-3.726072,0.0,Zamorano J. et al. (2019). TESS-W sky brightness network. Zenodo monthly archives. https://zenodo.org/records/3378728. CC0 1.0.,TESS station stars85; photometric inflection method; night median MSAS=17.52; MSAS at inflection=15.75; depression=8.02°; smoothing=5-pt median; dark rows=1145
fajr,2018-09-12,04:54,0,40.45098,-3.726072,0.0,Zamorano J. et al. (2019). TESS-W sky brightness network. Zenodo monthly archives. https://zenodo.org/records/3378728. CC0 1.0.,TESS station stars85; photometric inflection method; night median MSAS=17.52; MSAS at inflection=18.10; depression=11.66°; smoothing=5-pt median; dark rows=1145
isha,2018-09-13,19:49,0,40.45098,-3.726072,0.0,Zamorano J. et al. (2019). TESS-W sky brightness network. Zenodo monthly archives. https://zenodo.org/records/3378728. CC0 1.0.,TESS station stars85; photometric inflection method; night median MSAS=18.32; MSAS at inflection=17.15; depression=16.09°; smoothing=5-pt median; dark rows=1160
isha,2018-09-14,19:28,0,40.45098,-3.726072,0.0,Zamorano J. et al. (2019). TESS-W sky brightness network. Zenodo monthly archives. https://zenodo.org/records/3378728. CC0 1.0.,TESS station stars85; photometric inflection method; night median MSAS=17.70; MSAS at inflection=16.88; depression=12.55°; smoothing=5-pt median; dark rows=1173
fajr,2018-09-15,05:16,0,40.45098,-3.726072,0.0,Zamorano J. et al. (2019). TESS-W sky brightness network. Zenodo monthly archives. https://zenodo.org/records/3378728. CC0 1.0.,TESS station stars85; photometric inflection method; night median MSAS=17.70; MSAS at inflection=16.64; depression=8.19°; smoothing=5-pt median; dark rows=1173
fajr,2018-09-16,04:27,0,40.45098,-3.726072,0.0,Zamorano J. et al. (2019). TESS-W sky brightness network. Zenodo monthly archives. https://zenodo.org/records/3378728. CC0 1.0.,TESS station stars85; photometric inflection method; night median MSAS=18.21; MSAS at inflection=18.46; depression=17.27°; smoothing=5-pt median; dark rows=1167
isha,2018-09-18,20:02,0,40.45098,-3.726072,0.0,Zamorano J. et al. (2019). TESS-W sky brightness network. Zenodo monthly archives. https://zenodo.org/records/3378728. CC0 1.0.,TESS station stars85; photometric inflection method; night median MSAS=18.24; MSAS at inflection=17.62; depression=20.00°; smoothing=5-pt median; dark rows=1196
fajr,2018-09-19,05:21,0,40.45098,-3.726072,0.0,Zamorano J. et al. (2019). TESS-W sky brightness network. Zenodo monthly archives. https://zenodo.org/records/3378728. CC0 1.0.,TESS station stars85; photometric inflection method; night median MSAS=18.24; MSAS at inflection=16.42; depression=8.04°; smoothing=5-pt median; dark rows=1196
isha,2018-09-19,19:06,0,40.45098,-3.726072,0.0,Zamorano J. et al. (2019). TESS-W sky brightness network. Zenodo monthly archives. https://zenodo.org/records/3378728. CC0 1.0.,TESS station stars85; photometric inflection method; night median MSAS=18.21; MSAS at inflection=17.34; depression=10.17°; smoothing=5-pt median; dark rows=1203
fajr,2018-09-20,04:50,0,40.45098,-3.726072,0.0,Zamorano J. et al. (2019). TESS-W sky brightness network. Zenodo monthly archives. https://zenodo.org/records/3378728. CC0 1.0.,TESS station stars85; photometric inflection method; night median MSAS=18.21; MSAS at inflection=18.24; depression=13.92°; smoothing=5-pt median; dark rows=1203
isha,2018-09-20,18:51,0,40.45098,-3.726072,0.0,Zamorano J. et al. (2019). TESS-W sky brightness network. Zenodo monthly archives. https://zenodo.org/records/3378728. CC0 1.0.,TESS station stars85; photometric inflection method; night median MSAS=18.00; MSAS at inflection=15.95; depression=7.53°; smoothing=5-pt median; dark rows=1212
isha,2018-09-21,18:49,0,40.45098,-3.726072,0.0,Zamorano J. et al. (2019). TESS-W sky brightness network. Zenodo monthly archives. https://zenodo.org/records/3378728. CC0 1.0.,TESS station stars85; photometric inflection method; night median MSAS=17.90; MSAS at inflection=15.84; depression=7.58°; smoothing=5-pt median; dark rows=1212
isha,2018-09-22,18:52,0,40.45098,-3.726072,0.0,Zamorano J. et al. (2019). TESS-W sky brightness network. Zenodo monthly archives. https://zenodo.org/records/3378728. CC0 1.0.,TESS station stars85; photometric inflection method; night median MSAS=17.86; MSAS at inflection=15.99; depression=8.49°; smoothing=5-pt median; dark rows=1208
fajr,2018-09-23,04:12,0,40.45098,-3.726072,0.0,Zamorano J. et al. (2019). TESS-W sky brightness network. Zenodo monthly archives. https://zenodo.org/records/3378728. CC0 1.0.,TESS station stars85; photometric inflection method; night median MSAS=17.86; MSAS at inflection=18.37; depression=21.43°; smoothing=5-pt median; dark rows=1208
isha,2018-09-23,19:07,0,40.45098,-3.726072,0.0,Zamorano J. et al. (2019). TESS-W sky brightness network. Zenodo monthly archives. https://zenodo.org/records/3378728. CC0 1.0.,TESS station stars85; photometric inflection method; night median MSAS=17.73; MSAS at inflection=17.57; depression=11.53°; smoothing=5-pt median; dark rows=1215
isha,2018-09-24,19:07,0,40.45098,-3.726072,0.0,Zamorano J. et al. (2019). TESS-W sky brightness network. Zenodo monthly archives. https://zenodo.org/records/3378728. CC0 1.0.,TESS station stars85; photometric inflection method; night median MSAS=17.70; MSAS at inflection=17.69; depression=11.93°; smoothing=5-pt median; dark rows=1208
isha,2018-09-29,18:37,0,40.45098,-3.726072,0.0,Zamorano J. et al. (2019). TESS-W sky brightness network. Zenodo monthly archives. https://zenodo.org/records/3378728. CC0 1.0.,TESS station stars85; photometric inflection method; night median MSAS=18.00; MSAS at inflection=15.80; depression=7.82°; smoothing=5-pt median; dark rows=1252
fajr,2018-09-30,04:55,0,40.45098,-3.726072,0.0,Zamorano J. et al. (2019). TESS-W sky brightness network. Zenodo monthly archives. https://zenodo.org/records/3378728. CC0 1.0.,TESS station stars85; photometric inflection method; night median MSAS=18.00; MSAS at inflection=17.45; depression=14.93°; smoothing=5-pt median; dark rows=1252
isha,2018-09-01,21:47,1,64.209031,18.849575,0.0,Zamorano J. et al. (2019). TESS-W sky brightness network. Zenodo monthly archives. https://zenodo.org/records/3378728. CC0 1.0.,TESS station stars86; photometric inflection method; night median MSAS=19.71; MSAS at inflection=20.81; depression=14.45°; smoothing=5-pt median; dark rows=209
fajr,2018-09-01,22:51,1,64.209031,18.849575,0.0,Zamorano J. et al. (2019). TESS-W sky brightness network. Zenodo monthly archives. https://zenodo.org/records/3378728. CC0 1.0.,TESS station stars86; photometric inflection method; night median MSAS=19.71; MSAS at inflection=20.69; depression=17.06°; smoothing=5-pt median; dark rows=209
isha,2018-09-02,21:29,1,64.209031,18.849575,0.0,Zamorano J. et al. (2019). TESS-W sky brightness network. Zenodo monthly archives. https://zenodo.org/records/3378728. CC0 1.0.,TESS station stars86; photometric inflection method; night median MSAS=20.27; MSAS at inflection=20.77; depression=13.81°; smoothing=5-pt median; dark rows=358
fajr,2018-09-03,02:03,1,64.209031,18.849575,0.0,Zamorano J. et al. (2019). TESS-W sky brightness network. Zenodo monthly archives. https://zenodo.org/records/3378728. CC0 1.0.,TESS station stars86; photometric inflection method; night median MSAS=20.27; MSAS at inflection=18.72; depression=13.55°; smoothing=5-pt median; dark rows=358
isha,2018-09-04,21:18,1,64.209031,18.849575,0.0,Zamorano J. et al. (2019). TESS-W sky brightness network. Zenodo monthly archives. https://zenodo.org/records/3378728. CC0 1.0.,TESS station stars86; photometric inflection method; night median MSAS=20.67; MSAS at inflection=20.86; depression=13.83°; smoothing=5-pt median; dark rows=381
fajr,2018-09-04,23:41,1,64.209031,18.849575,0.0,Zamorano J. et al. (2019). TESS-W sky brightness network. Zenodo monthly archives. https://zenodo.org/records/3378728. CC0 1.0.,TESS station stars86; photometric inflection method; night median MSAS=20.67; MSAS at inflection=21.09; depression=18.86°; smoothing=5-pt median; dark rows=381
isha,2018-09-05,22:39,1,64.209031,18.849575,0.0,Zamorano J. et al. (2019). TESS-W sky brightness network. Zenodo monthly archives. https://zenodo.org/records/3378728. CC0 1.0.,TESS station stars86; photometric inflection method; night median MSAS=21.34; MSAS at inflection=21.29; depression=18.22°; smoothing=5-pt median; dark rows=395
isha,2018-09-06,23:47,1,64.209031,18.849575,0.0,Zamorano J. et al. (2019). TESS-W sky brightness network. Zenodo monthly archives. https://zenodo.org/records/3378728. CC0 1.0.,TESS station stars86; photometric inflection method; night median MSAS=21.33; MSAS at inflection=21.31; depression=19.60°; smoothing=5-pt median; dark rows=405
isha,2018-09-08,21:58,1,64.209031,18.849575,0.0,Zamorano J. et al. (2019). TESS-W sky brightness network. Zenodo monthly archives. https://zenodo.org/records/3378728. CC0 1.0.,TESS station stars86; photometric inflection method; night median MSAS=20.83; MSAS at inflection=21.48; depression=17.67°; smoothing=5-pt median; dark rows=423
fajr,2018-09-10,02:36,1,64.209031,18.849575,0.0,Zamorano J. et al. (2019). TESS-W sky brightness network. Zenodo monthly archives. https://zenodo.org/records/3378728. CC0 1.0.,TESS station stars86; photometric inflection method; night median MSAS=21.48; MSAS at inflection=20.74; depression=13.54°; smoothing=5-pt median; dark rows=414
fajr,2018-09-11,01:12,1,64.209031,18.849575,0.0,Zamorano J. et al. (2019). TESS-W sky brightness network. Zenodo monthly archives. https://zenodo.org/records/3378728. CC0 1.0.,TESS station stars86; photometric inflection method; night median MSAS=20.70; MSAS at inflection=20.48; depression=19.07°; smoothing=5-pt median; dark rows=280
isha,2018-09-11,20:15,1,64.209031,18.849575,0.0,Zamorano J. et al. (2019). TESS-W sky brightness network. Zenodo monthly archives. https://zenodo.org/records/3378728. CC0 1.0.,TESS station stars86; photometric inflection method; night median MSAS=21.19; MSAS at inflection=19.56; depression=11.71°; smoothing=5-pt median; dark rows=441
fajr,2018-09-12,23:42,1,64.209031,18.849575,0.0,Zamorano J. et al. (2019). TESS-W sky brightness network. Zenodo monthly archives. https://zenodo.org/records/3378728. CC0 1.0.,TESS station stars86; photometric inflection method; night median MSAS=21.21; MSAS at inflection=21.33; depression=21.88°; smoothing=5-pt median; dark rows=447
isha,2018-09-13,22:04,1,64.209031,18.849575,0.0,Zamorano J. et al. (2019). TESS-W sky brightness network. Zenodo monthly archives. https://zenodo.org/records/3378728. CC0 1.0.,TESS station stars86; photometric inflection method; night median MSAS=20.88; MSAS at inflection=20.99; depression=19.91°; smoothing=5-pt median; dark rows=457
fajr,2018-09-16,02:56,1,64.209031,18.849575,0.0,Zamorano J. et al. (2019). TESS-W sky brightness network. Zenodo monthly archives. https://zenodo.org/records/3378728. CC0 1.0.,TESS station stars86; photometric inflection method; night median MSAS=21.24; MSAS at inflection=20.81; depression=13.97°; smoothing=5-pt median; dark rows=407
isha,2018-09-17,22:01,1,64.209031,18.849575,0.0,Zamorano J. et al. (2019). TESS-W sky brightness network. Zenodo monthly archives. https://zenodo.org/records/3378728. CC0 1.0.,TESS station stars86; photometric inflection method; night median MSAS=21.29; MSAS at inflection=21.26; depression=21.35°; smoothing=5-pt median; dark rows=486
fajr,2018-09-19,03:02,1,64.209031,18.849575,0.0,Zamorano J. et al. (2019). TESS-W sky brightness network. Zenodo monthly archives. https://zenodo.org/records/3378728. CC0 1.0.,TESS station stars86; photometric inflection method; night median MSAS=21.44; MSAS at inflection=20.71; depression=14.49°; smoothing=5-pt median; dark rows=491
isha,2018-09-19,19:42,1,64.209031,18.849575,0.0,Zamorano J. et al. (2019). TESS-W sky brightness network. Zenodo monthly archives. https://zenodo.org/records/3378728. CC0 1.0.,TESS station stars86; photometric inflection method; night median MSAS=21.00; MSAS at inflection=19.58; depression=11.75°; smoothing=5-pt median; dark rows=502
isha,2018-09-21,21:22,1,64.209031,18.849575,0.0,Zamorano J. et al. (2019). TESS-W sky brightness network. Zenodo monthly archives. https://zenodo.org/records/3378728. CC0 1.0.,TESS station stars86; photometric inflection method; night median MSAS=20.10; MSAS at inflection=18.76; depression=20.72°; smoothing=5-pt median; dark rows=518
isha,2018-09-22,21:17,1,64.209031,18.849575,0.0,Zamorano J. et al. (2019). TESS-W sky brightness network. Zenodo monthly archives. https://zenodo.org/records/3378728. CC0 1.0.,TESS station stars86; photometric inflection method; night median MSAS=19.58; MSAS at inflection=18.75; depression=20.82°; smoothing=5-pt median; dark rows=524
fajr,2018-09-23,01:52,1,64.209031,18.849575,0.0,Zamorano J. et al. (2019). TESS-W sky brightness network. Zenodo monthly archives. https://zenodo.org/records/3378728. CC0 1.0.,TESS station stars86; photometric inflection method; night median MSAS=19.58; MSAS at inflection=20.31; depression=21.15°; smoothing=5-pt median; dark rows=524
isha,2018-09-24,18:59,1,64.209031,18.849575,0.0,Zamorano J. et al. (2019). TESS-W sky brightness network. Zenodo monthly archives. https://zenodo.org/records/3378728. CC0 1.0.,TESS station stars86; photometric inflection method; night median MSAS=18.84; MSAS at inflection=17.56; depression=9.45°; smoothing=5-pt median; dark rows=444
isha,2018-09-25,20:03,1,64.209031,18.849575,0.0,Zamorano J. et al. (2019). TESS-W sky brightness network. Zenodo monthly archives. https://zenodo.org/records/3378728. CC0 1.0.,TESS station stars86; photometric inflection method; night median MSAS=17.90; MSAS at inflection=18.53; depression=16.07°; smoothing=5-pt median; dark rows=508
fajr,2018-09-26,02:05,1,64.209031,18.849575,0.0,Zamorano J. et al. (2019). TESS-W sky brightness network. Zenodo monthly archives. https://zenodo.org/records/3378728. CC0 1.0.,TESS station stars86; photometric inflection method; night median MSAS=17.90; MSAS at inflection=17.96; depression=21.35°; smoothing=5-pt median; dark rows=508
isha,2018-09-29,19:06,1,64.209031,18.849575,0.0,Zamorano J. et al. (2019). TESS-W sky brightness network. Zenodo monthly archives. https://zenodo.org/records/3378728. CC0 1.0.,TESS station stars86; photometric inflection method; night median MSAS=19.15; MSAS at inflection=20.24; depression=12.11°; smoothing=5-pt median; dark rows=571
fajr,2018-09-30,02:50,1,64.209031,18.849575,0.0,Zamorano J. et al. (2019). TESS-W sky brightness network. Zenodo monthly archives. https://zenodo.org/records/3378728. CC0 1.0.,TESS station stars86; photometric inflection method; night median MSAS=19.15; MSAS at inflection=18.07; depression=19.13°; smoothing=5-pt median; dark rows=571
isha,2018-09-30,19:28,1,64.209031,18.849575,0.0,Zamorano J. et al. (2019). TESS-W sky brightness network. Zenodo monthly archives. https://zenodo.org/records/3378728. CC0 1.0.,TESS station stars86; photometric inflection method; night median MSAS=19.76; MSAS at inflection=21.11; depression=14.77°; smoothing=5-pt median; dark rows=365
isha,2018-08-31,18:55,-7,30.534095,-98.905275,0.0,Zamorano J. et al. (2019). TESS-W sky brightness network. Zenodo monthly archives. https://zenodo.org/records/3378728. CC0 1.0.,TESS station stars89; photometric inflection method; night median MSAS=20.29; MSAS at inflection=20.13; depression=12.49°; smoothing=5-pt median; dark rows=509
isha,2018-09-02,18:40,-7,30.534095,-98.905275,0.0,Zamorano J. et al. (2019). TESS-W sky brightness network. Zenodo monthly archives. https://zenodo.org/records/3378728. CC0 1.0.,TESS station stars89; photometric inflection method; night median MSAS=20.35; MSAS at inflection=18.58; depression=10.05°; smoothing=5-pt median; dark rows=518
isha,2018-09-06,19:31,-7,30.534095,-98.905275,0.0,Zamorano J. et al. (2019). TESS-W sky brightness network. Zenodo monthly archives. https://zenodo.org/records/3378728. CC0 1.0.,TESS station stars89; photometric inflection method; night median MSAS=21.73; MSAS at inflection=20.53; depression=21.41°; smoothing=5-pt median; dark rows=529
isha,2018-09-08,18:44,-7,30.534095,-98.905275,0.0,Zamorano J. et al. (2019). TESS-W sky brightness network. Zenodo monthly archives. https://zenodo.org/records/3378728. CC0 1.0.,TESS station stars89; photometric inflection method; night median MSAS=21.76; MSAS at inflection=20.10; depression=12.48°; smoothing=5-pt median; dark rows=439
fajr,2018-09-11,04:24,-7,30.534095,-98.905275,0.0,Zamorano J. et al. (2019). TESS-W sky brightness network. Zenodo monthly archives. https://zenodo.org/records/3378728. CC0 1.0.,TESS station stars89; photometric inflection method; night median MSAS=22.03; MSAS at inflection=19.82; depression=12.10°; smoothing=5-pt median; dark rows=575
isha,2018-09-11,18:51,-7,30.534095,-98.905275,0.0,Zamorano J. et al. (2019). TESS-W sky brightness network. Zenodo monthly archives. https://zenodo.org/records/3378728. CC0 1.0.,TESS station stars89; photometric inflection method; night median MSAS=21.88; MSAS at inflection=21.11; depression=14.80°; smoothing=5-pt median; dark rows=494
fajr,2018-09-12,03:40,-7,30.534095,-98.905275,0.0,Zamorano J. et al. (2019). TESS-W sky brightness network. Zenodo monthly archives. https://zenodo.org/records/3378728. CC0 1.0.,TESS station stars89; photometric inflection method; night median MSAS=21.88; MSAS at inflection=22.33; depression=21.37°; smoothing=5-pt median; dark rows=494
isha,2018-09-12,19:20,-7,30.534095,-98.905275,0.0,Zamorano J. et al. (2019). TESS-W sky brightness network. Zenodo monthly archives. https://zenodo.org/records/3378728. CC0 1.0.,TESS station stars89; photometric inflection method; night median MSAS=21.72; MSAS at inflection=21.42; depression=21.06°; smoothing=5-pt median; dark rows=499
fajr,2018-09-14,04:29,-7,30.534095,-98.905275,0.0,Zamorano J. et al. (2019). TESS-W sky brightness network. Zenodo monthly archives. https://zenodo.org/records/3378728. CC0 1.0.,TESS station stars89; photometric inflection method; night median MSAS=21.72; MSAS at inflection=19.85; depression=11.58°; smoothing=5-pt median; dark rows=590
isha,2018-09-15,19:13,-7,30.534095,-98.905275,0.0,Zamorano J. et al. (2019). TESS-W sky brightness network. Zenodo monthly archives. https://zenodo.org/records/3378728. CC0 1.0.,TESS station stars89; photometric inflection method; night median MSAS=21.73; MSAS at inflection=19.59; depression=20.55°; smoothing=5-pt median; dark rows=549
fajr,2018-09-16,04:20,-7,30.534095,-98.905275,0.0,Zamorano J. et al. (2019). TESS-W sky brightness network. Zenodo monthly archives. https://zenodo.org/records/3378728. CC0 1.0.,TESS station stars89; photometric inflection method; night median MSAS=21.73; MSAS at inflection=22.03; depression=13.57°; smoothing=5-pt median; dark rows=549
isha,2018-09-16,18:40,-7,30.534095,-98.905275,0.0,Zamorano J. et al. (2019). TESS-W sky brightness network. Zenodo monthly archives. https://zenodo.org/records/3378728. CC0 1.0.,TESS station stars89; photometric inflection method; night median MSAS=21.70; MSAS at inflection=19.80; depression=13.87°; smoothing=5-pt median; dark rows=537
isha,2018-09-18,18:23,-7,30.534095,-98.905275,0.0,Zamorano J. et al. (2019). TESS-W sky brightness network. Zenodo monthly archives. https://zenodo.org/records/3378728. CC0 1.0.,TESS station stars89; photometric inflection method; night median MSAS=20.55; MSAS at inflection=18.34; depression=10.74°; smoothing=5-pt median; dark rows=530
fajr,2018-09-19,04:19,-7,30.534095,-98.905275,0.0,Zamorano J. et al. (2019). TESS-W sky brightness network. Zenodo monthly archives. https://zenodo.org/records/3378728. CC0 1.0.,TESS station stars89; photometric inflection method; night median MSAS=20.55; MSAS at inflection=21.11; depression=14.27°; smoothing=5-pt median; dark rows=530
isha,2018-09-19,18:16,-7,30.534095,-98.905275,0.0,Zamorano J. et al. (2019). TESS-W sky brightness network. Zenodo monthly archives. https://zenodo.org/records/3378728. CC0 1.0.,TESS station stars89; photometric inflection method; night median MSAS=19.71; MSAS at inflection=17.52; depression=9.61°; smoothing=5-pt median; dark rows=550
fajr,2018-09-20,04:26,-7,30.534095,-98.905275,0.0,Zamorano J. et al. (2019). TESS-W sky brightness network. Zenodo monthly archives. https://zenodo.org/records/3378728. CC0 1.0.,TESS station stars89; photometric inflection method; night median MSAS=19.71; MSAS at inflection=20.43; depression=12.93°; smoothing=5-pt median; dark rows=550
isha,2018-09-20,18:32,-7,30.534095,-98.905275,0.0,Zamorano J. et al. (2019). TESS-W sky brightness network. Zenodo monthly archives. https://zenodo.org/records/3378728. CC0 1.0.,TESS station stars89; photometric inflection method; night median MSAS=18.52; MSAS at inflection=18.19; depression=13.25°; smoothing=5-pt median; dark rows=534
fajr,2018-09-22,04:50,-7,30.534095,-98.905275,0.0,Zamorano J. et al. (2019). TESS-W sky brightness network. Zenodo monthly archives. https://zenodo.org/records/3378728. CC0 1.0.,TESS station stars89; photometric inflection method; night median MSAS=18.46; MSAS at inflection=16.53; depression=8.12°; smoothing=5-pt median; dark rows=533
isha,2018-09-22,18:19,-7,30.534095,-98.905275,0.0,Zamorano J. et al. (2019). TESS-W sky brightness network. Zenodo monthly archives. https://zenodo.org/records/3378728. CC0 1.0.,TESS station stars89; photometric inflection method; night median MSAS=17.57; MSAS at inflection=17.78; depression=10.97°; smoothing=5-pt median; dark rows=529
fajr,2018-09-23,04:52,-7,30.534095,-98.905275,0.0,Zamorano J. et al. (2019). TESS-W sky brightness network. Zenodo monthly archives. https://zenodo.org/records/3378728. CC0 1.0.,TESS station stars89; photometric inflection method; night median MSAS=17.57; MSAS at inflection=16.45; depression=7.69°; smoothing=5-pt median; dark rows=529
isha,2018-09-24,18:16,-7,30.534095,-98.905275,0.0,Zamorano J. et al. (2019). TESS-W sky brightness network. Zenodo monthly archives. https://zenodo.org/records/3378728. CC0 1.0.,TESS station stars89; photometric inflection method; night median MSAS=17.64; MSAS at inflection=18.11; depression=10.85°; smoothing=5-pt median; dark rows=544
fajr,2018-09-25,04:34,-7,30.534095,-98.905275,0.0,Zamorano J. et al. (2019). TESS-W sky brightness network. Zenodo monthly archives. https://zenodo.org/records/3378728. CC0 1.0.,TESS station stars89; photometric inflection method; night median MSAS=17.64; MSAS at inflection=18.50; depression=11.80°; smoothing=5-pt median; dark rows=544
isha,2018-09-26,18:07,-7,30.534095,-98.905275,0.0,Zamorano J. et al. (2019). TESS-W sky brightness network. Zenodo monthly archives. https://zenodo.org/records/3378728. CC0 1.0.,TESS station stars89; photometric inflection method; night median MSAS=17.57; MSAS at inflection=18.26; depression=9.54°; smoothing=5-pt median; dark rows=555
fajr,2018-09-27,04:50,-7,30.534095,-98.905275,0.0,Zamorano J. et al. (2019). TESS-W sky brightness network. Zenodo monthly archives. https://zenodo.org/records/3378728. CC0 1.0.,TESS station stars89; photometric inflection method; night median MSAS=17.57; MSAS at inflection=17.01; depression=8.63°; smoothing=5-pt median; dark rows=555
isha,2018-09-28,18:13,-7,30.534095,-98.905275,0.0,Zamorano J. et al. (2019). TESS-W sky brightness network. Zenodo monthly archives. https://zenodo.org/records/3378728. CC0 1.0.,TESS station stars89; photometric inflection method; night median MSAS=18.25; MSAS at inflection=17.91; depression=11.37°; smoothing=5-pt median; dark rows=550
fajr,2018-09-29,04:32,-7,30.534095,-98.905275,0.0,Zamorano J. et al. (2019). TESS-W sky brightness network. Zenodo monthly archives. https://zenodo.org/records/3378728. CC0 1.0.,TESS station stars89; photometric inflection method; night median MSAS=18.25; MSAS at inflection=17.90; depression=12.73°; smoothing=5-pt median; dark rows=550
isha,2018-09-01,19:44,0,38.409226,-4.894376,0.0,Zamorano J. et al. (2019). TESS-W sky brightness network. Zenodo monthly archives. https://zenodo.org/records/3378728. CC0 1.0.,TESS station stars9; photometric inflection method; night median MSAS=19.13; MSAS at inflection=18.51; depression=11.15°; smoothing=5-pt median; dark rows=557
isha,2018-09-03,20:30,0,38.409226,-4.894376,0.0,Zamorano J. et al. (2019). TESS-W sky brightness network. Zenodo monthly archives. https://zenodo.org/records/3378728. CC0 1.0.,TESS station stars9; photometric inflection method; night median MSAS=19.60; MSAS at inflection=19.40; depression=20.05°; smoothing=5-pt median; dark rows=235
fajr,2018-09-08,04:09,0,38.409226,-4.894376,0.0,Zamorano J. et al. (2019). TESS-W sky brightness network. Zenodo monthly archives. https://zenodo.org/records/3378728. CC0 1.0.,TESS station stars9; photometric inflection method; night median MSAS=19.35; MSAS at inflection=19.19; depression=20.48°; smoothing=5-pt median; dark rows=574
fajr,2018-09-11,04:43,0,38.409226,-4.894376,0.0,Zamorano J. et al. (2019). TESS-W sky brightness network. Zenodo monthly archives. https://zenodo.org/records/3378728. CC0 1.0.,TESS station stars9; photometric inflection method; night median MSAS=20.22; MSAS at inflection=20.13; depression=14.94°; smoothing=5-pt median; dark rows=574
isha,2018-09-11,19:29,0,38.409226,-4.894376,0.0,Zamorano J. et al. (2019). TESS-W sky brightness network. Zenodo monthly archives. https://zenodo.org/records/3378728. CC0 1.0.,TESS station stars9; photometric inflection method; night median MSAS=19.91; MSAS at inflection=18.69; depression=11.52°; smoothing=5-pt median; dark rows=569
isha,2018-09-14,19:09,0,38.409226,-4.894376,0.0,Zamorano J. et al. (2019). TESS-W sky brightness network. Zenodo monthly archives. https://zenodo.org/records/3378728. CC0 1.0.,TESS station stars9; photometric inflection method; night median MSAS=20.01; MSAS at inflection=17.54; depression=8.56°; smoothing=5-pt median; dark rows=589
isha,2018-09-15,19:41,0,38.409226,-4.894376,0.0,Zamorano J. et al. (2019). TESS-W sky brightness network. Zenodo monthly archives. https://zenodo.org/records/3378728. CC0 1.0.,TESS station stars9; photometric inflection method; night median MSAS=20.08; MSAS at inflection=19.64; depression=15.08°; smoothing=5-pt median; dark rows=594
isha,2018-09-16,19:23,0,38.409226,-4.894376,0.0,Zamorano J. et al. (2019). TESS-W sky brightness network. Zenodo monthly archives. https://zenodo.org/records/3378728. CC0 1.0.,TESS station stars9; photometric inflection method; night median MSAS=20.19; MSAS at inflection=19.13; depression=11.87°; smoothing=5-pt median; dark rows=532
isha,2018-09-17,19:59,0,38.409226,-4.894376,0.0,Zamorano J. et al. (2019). TESS-W sky brightness network. Zenodo monthly archives. https://zenodo.org/records/3378728. CC0 1.0.,TESS station stars9; photometric inflection method; night median MSAS=20.05; MSAS at inflection=19.01; depression=19.11°; smoothing=5-pt median; dark rows=597
isha,2018-09-18,19:38,0,38.409226,-4.894376,0.0,Zamorano J. et al. (2019). TESS-W sky brightness network. Zenodo monthly archives. https://zenodo.org/records/3378728. CC0 1.0.,TESS station stars9; photometric inflection method; night median MSAS=19.87; MSAS at inflection=19.17; depression=15.41°; smoothing=5-pt median; dark rows=570
fajr,2018-09-25,05:34,0,38.409226,-4.894376,0.0,Zamorano J. et al. (2019). TESS-W sky brightness network. Zenodo monthly archives. https://zenodo.org/records/3378728. CC0 1.0.,TESS station stars9; photometric inflection method; night median MSAS=17.80; MSAS at inflection=15.33; depression=7.73°; smoothing=5-pt median; dark rows=619
isha,2018-09-25,19:16,0,38.409226,-4.894376,0.0,Zamorano J. et al. (2019). TESS-W sky brightness network. Zenodo monthly archives. https://zenodo.org/records/3378728. CC0 1.0.,TESS station stars9; photometric inflection method; night median MSAS=17.71; MSAS at inflection=18.93; depression=13.37°; smoothing=5-pt median; dark rows=557
isha,2018-09-26,19:52,0,38.409226,-4.894376,0.0,Zamorano J. et al. (2019). TESS-W sky brightness network. Zenodo monthly archives. https://zenodo.org/records/3378728. CC0 1.0.,TESS station stars9; photometric inflection method; night median MSAS=17.81; MSAS at inflection=18.13; depression=20.54°; smoothing=5-pt median; dark rows=610
isha,2018-09-28,05:34,0,38.409226,-4.894376,0.0,Zamorano J. et al. (2019). TESS-W sky brightness network. Zenodo monthly archives. https://zenodo.org/records/3378728. CC0 1.0.,TESS station stars9; photometric inflection method; night median MSAS=18.26; MSAS at inflection=15.98; depression=8.30°; smoothing=5-pt median; dark rows=21
fajr,2018-09-30,05:04,0,38.409226,-4.894376,0.0,Zamorano J. et al. (2019). TESS-W sky brightness network. Zenodo monthly archives. https://zenodo.org/records/3378728. CC0 1.0.,TESS station stars9; photometric inflection method; night median MSAS=18.69; MSAS at inflection=17.96; depression=14.43°; smoothing=5-pt median; dark rows=627
isha,2018-09-30,18:49,0,38.409226,-4.894376,0.0,Zamorano J. et al. (2019). TESS-W sky brightness network. Zenodo monthly archives. https://zenodo.org/records/3378728. CC0 1.0.,TESS station stars9; photometric inflection method; night median MSAS=19.35; MSAS at inflection=17.18; depression=9.72°; smoothing=5-pt median; dark rows=304
isha,2018-09-18,22:59,1,78.148247,16.036735,0.0,Zamorano J. et al. (2019). TESS-W sky brightness network. Zenodo monthly archives. https://zenodo.org/records/3378728. CC0 1.0.,TESS station stars91; photometric inflection method; night median MSAS=18.12; MSAS at inflection=17.87; depression=9.95°; smoothing=5-pt median; dark rows=94
isha,2018-09-19,23:44,1,78.148247,16.036735,0.0,Zamorano J. et al. (2019). TESS-W sky brightness network. Zenodo monthly archives. https://zenodo.org/records/3378728. CC0 1.0.,TESS station stars91; photometric inflection method; night median MSAS=17.93; MSAS at inflection=18.12; depression=10.64°; smoothing=5-pt median; dark rows=146
fajr,2018-09-19,23:45,1,78.148247,16.036735,0.0,Zamorano J. et al. (2019). TESS-W sky brightness network. Zenodo monthly archives. https://zenodo.org/records/3378728. CC0 1.0.,TESS station stars91; photometric inflection method; night median MSAS=17.93; MSAS at inflection=18.12; depression=10.64°; smoothing=5-pt median; dark rows=146
isha,2018-09-20,23:51,1,78.148247,16.036735,0.0,Zamorano J. et al. (2019). TESS-W sky brightness network. Zenodo monthly archives. https://zenodo.org/records/3378728. CC0 1.0.,TESS station stars91; photometric inflection method; night median MSAS=18.23; MSAS at inflection=18.55; depression=11.03°; smoothing=5-pt median; dark rows=190
fajr,2018-09-22,00:05,1,78.148247,16.036735,0.0,Zamorano J. et al. (2019). TESS-W sky brightness network. Zenodo monthly archives. https://zenodo.org/records/3378728. CC0 1.0.,TESS station stars91; photometric inflection method; night median MSAS=18.46; MSAS at inflection=18.90; depression=11.39°; smoothing=5-pt median; dark rows=221
isha,2018-09-22,21:41,1,78.148247,16.036735,0.0,Zamorano J. et al. (2019). TESS-W sky brightness network. Zenodo monthly archives. https://zenodo.org/records/3378728. CC0 1.0.,TESS station stars91; photometric inflection method; night median MSAS=19.05; MSAS at inflection=17.85; depression=9.97°; smoothing=5-pt median; dark rows=236
fajr,2018-09-23,01:33,1,78.148247,16.036735,0.0,Zamorano J. et al. (2019). TESS-W sky brightness network. Zenodo monthly archives. https://zenodo.org/records/3378728. CC0 1.0.,TESS station stars91; photometric inflection method; night median MSAS=19.05; MSAS at inflection=18.60; depression=10.59°; smoothing=5-pt median; dark rows=236
isha,2018-09-23,23:28,1,78.148247,16.036735,0.0,Zamorano J. et al. (2019). TESS-W sky brightness network. Zenodo monthly archives. https://zenodo.org/records/3378728. CC0 1.0.,TESS station stars91; photometric inflection method; night median MSAS=18.86; MSAS at inflection=19.24; depression=12.15°; smoothing=5-pt median; dark rows=276
fajr,2018-09-23,23:51,1,78.148247,16.036735,0.0,Zamorano J. et al. (2019). TESS-W sky brightness network. Zenodo monthly archives. https://zenodo.org/records/3378728. CC0 1.0.,TESS station stars91; photometric inflection method; night median MSAS=18.86; MSAS at inflection=19.61; depression=12.19°; smoothing=5-pt median; dark rows=276
isha,2018-09-25,23:44,1,78.148247,16.036735,0.0,Zamorano J. et al. (2019). TESS-W sky brightness network. Zenodo monthly archives. https://zenodo.org/records/3378728. CC0 1.0.,TESS station stars91; photometric inflection method; night median MSAS=18.08; MSAS at inflection=18.11; depression=12.97°; smoothing=5-pt median; dark rows=322
fajr,2018-09-25,23:45,1,78.148247,16.036735,0.0,Zamorano J. et al. (2019). TESS-W sky brightness network. Zenodo monthly archives. https://zenodo.org/records/3378728. CC0 1.0.,TESS station stars91; photometric inflection method; night median MSAS=18.08; MSAS at inflection=18.11; depression=12.97°; smoothing=5-pt median; dark rows=322
isha,2018-09-26,23:55,1,78.148247,16.036735,0.0,Zamorano J. et al. (2019). TESS-W sky brightness network. Zenodo monthly archives. https://zenodo.org/records/3378728. CC0 1.0.,TESS station stars91; photometric inflection method; night median MSAS=18.41; MSAS at inflection=18.77; depression=13.35°; smoothing=5-pt median; dark rows=340
fajr,2018-09-27,00:14,1,78.148247,16.036735,0.0,Zamorano J. et al. (2019). TESS-W sky brightness network. Zenodo monthly archives. https://zenodo.org/records/3378728. CC0 1.0.,TESS station stars91; photometric inflection method; night median MSAS=18.41; MSAS at inflection=18.01; depression=13.28°; smoothing=5-pt median; dark rows=340
isha,2018-09-29,00:10,1,78.148247,16.036735,0.0,Zamorano J. et al. (2019). TESS-W sky brightness network. Zenodo monthly archives. https://zenodo.org/records/3378728. CC0 1.0.,TESS station stars91; photometric inflection method; night median MSAS=18.08; MSAS at inflection=18.31; depression=14.08°; smoothing=5-pt median; dark rows=379
isha,2018-09-29,23:51,1,78.148247,16.036735,0.0,Zamorano J. et al. (2019). TESS-W sky brightness network. Zenodo monthly archives. https://zenodo.org/records/3378728. CC0 1.0.,TESS station stars91; photometric inflection method; night median MSAS=19.25; MSAS at inflection=19.28; depression=14.52°; smoothing=5-pt median; dark rows=385
isha,2018-09-30,21:34,1,78.148247,16.036735,0.0,Zamorano J. et al. (2019). TESS-W sky brightness network. Zenodo monthly archives. https://zenodo.org/records/3378728. CC0 1.0.,TESS station stars91; photometric inflection method; night median MSAS=18.54; MSAS at inflection=18.86; depression=12.95°; smoothing=5-pt median; dark rows=283
fajr,2018-10-01,00:59,1,78.148247,16.036735,0.0,Zamorano J. et al. (2019). TESS-W sky brightness network. Zenodo monthly archives. https://zenodo.org/records/3378728. CC0 1.0.,TESS station stars91; photometric inflection method; night median MSAS=18.54; MSAS at inflection=18.26; depression=14.31°; smoothing=5-pt median; dark rows=283
fajr,2018-09-02,04:03,2,42.637673,23.295422,0.0,Zamorano J. et al. (2019). TESS-W sky brightness network. Zenodo monthly archives. https://zenodo.org/records/3378728. CC0 1.0.,TESS station stars92; photometric inflection method; night median MSAS=18.84; MSAS at inflection=18.60; depression=19.37°; smoothing=5-pt median; dark rows=467
isha,2018-09-02,20:40,2,42.637673,23.295422,0.0,Zamorano J. et al. (2019). TESS-W sky brightness network. Zenodo monthly archives. https://zenodo.org/records/3378728. CC0 1.0.,TESS station stars92; photometric inflection method; night median MSAS=18.90; MSAS at inflection=18.96; depression=18.12°; smoothing=5-pt median; dark rows=445
fajr,2018-09-03,04:55,2,42.637673,23.295422,0.0,Zamorano J. et al. (2019). TESS-W sky brightness network. Zenodo monthly archives. https://zenodo.org/records/3378728. CC0 1.0.,TESS station stars92; photometric inflection method; night median MSAS=18.90; MSAS at inflection=17.58; depression=11.11°; smoothing=5-pt median; dark rows=445
fajr,2018-09-06,04:18,2,42.637673,23.295422,0.0,Zamorano J. et al. (2019). TESS-W sky brightness network. Zenodo monthly archives. https://zenodo.org/records/3378728. CC0 1.0.,TESS station stars92; photometric inflection method; night median MSAS=18.02; MSAS at inflection=18.74; depression=17.94°; smoothing=5-pt median; dark rows=539
isha,2018-09-06,20:31,2,42.637673,23.295422,0.0,Zamorano J. et al. (2019). TESS-W sky brightness network. Zenodo monthly archives. https://zenodo.org/records/3378728. CC0 1.0.,TESS station stars92; photometric inflection method; night median MSAS=19.02; MSAS at inflection=18.82; depression=18.10°; smoothing=5-pt median; dark rows=471
fajr,2018-09-07,04:16,2,42.637673,23.295422,0.0,Zamorano J. et al. (2019). TESS-W sky brightness network. Zenodo monthly archives. https://zenodo.org/records/3378728. CC0 1.0.,TESS station stars92; photometric inflection method; night median MSAS=19.02; MSAS at inflection=19.11; depression=18.47°; smoothing=5-pt median; dark rows=471
isha,2018-09-07,20:01,2,42.637673,23.295422,0.0,Zamorano J. et al. (2019). TESS-W sky brightness network. Zenodo monthly archives. https://zenodo.org/records/3378728. CC0 1.0.,TESS station stars92; photometric inflection method; night median MSAS=18.93; MSAS at inflection=18.87; depression=13.34°; smoothing=5-pt median; dark rows=546
fajr,2018-09-08,04:29,2,42.637673,23.295422,0.0,Zamorano J. et al. (2019). TESS-W sky brightness network. Zenodo monthly archives. https://zenodo.org/records/3378728. CC0 1.0.,TESS station stars92; photometric inflection method; night median MSAS=18.93; MSAS at inflection=19.04; depression=16.49°; smoothing=5-pt median; dark rows=546
isha,2018-09-08,20:26,2,42.637673,23.295422,0.0,Zamorano J. et al. (2019). TESS-W sky brightness network. Zenodo monthly archives. https://zenodo.org/records/3378728. CC0 1.0.,TESS station stars92; photometric inflection method; night median MSAS=18.46; MSAS at inflection=16.55; depression=17.93°; smoothing=5-pt median; dark rows=475
fajr,2018-09-09,05:03,2,42.637673,23.295422,0.0,Zamorano J. et al. (2019). TESS-W sky brightness network. Zenodo monthly archives. https://zenodo.org/records/3378728. CC0 1.0.,TESS station stars92; photometric inflection method; night median MSAS=18.46; MSAS at inflection=18.50; depression=11.00°; smoothing=5-pt median; dark rows=475
isha,2018-09-09,20:02,2,42.637673,23.295422,0.0,Zamorano J. et al. (2019). TESS-W sky brightness network. Zenodo monthly archives. https://zenodo.org/records/3378728. CC0 1.0.,TESS station stars92; photometric inflection method; night median MSAS=18.92; MSAS at inflection=18.93; depression=14.07°; smoothing=5-pt median; dark rows=537
fajr,2018-09-10,05:19,2,42.637673,23.295422,0.0,Zamorano J. et al. (2019). TESS-W sky brightness network. Zenodo monthly archives. https://zenodo.org/records/3378728. CC0 1.0.,TESS station stars92; photometric inflection method; night median MSAS=18.92; MSAS at inflection=16.43; depression=8.33°; smoothing=5-pt median; dark rows=537
isha,2018-09-10,20:42,2,42.637673,23.295422,0.0,Zamorano J. et al. (2019). TESS-W sky brightness network. Zenodo monthly archives. https://zenodo.org/records/3378728. CC0 1.0.,TESS station stars92; photometric inflection method; night median MSAS=18.87; MSAS at inflection=18.05; depression=21.21°; smoothing=5-pt median; dark rows=435
fajr,2018-09-11,05:16,2,42.637673,23.295422,0.0,Zamorano J. et al. (2019). TESS-W sky brightness network. Zenodo monthly archives. https://zenodo.org/records/3378728. CC0 1.0.,TESS station stars92; photometric inflection method; night median MSAS=18.87; MSAS at inflection=17.13; depression=8.98°; smoothing=5-pt median; dark rows=435
isha,2018-09-11,19:34,2,42.637673,23.295422,0.0,Zamorano J. et al. (2019). TESS-W sky brightness network. Zenodo monthly archives. https://zenodo.org/records/3378728. CC0 1.0.,TESS station stars92; photometric inflection method; night median MSAS=19.06; MSAS at inflection=17.99; depression=9.93°; smoothing=5-pt median; dark rows=547
fajr,2018-09-15,05:06,2,42.637673,23.295422,0.0,Zamorano J. et al. (2019). TESS-W sky brightness network. Zenodo monthly archives. https://zenodo.org/records/3378728. CC0 1.0.,TESS station stars92; photometric inflection method; night median MSAS=19.25; MSAS at inflection=18.86; depression=11.68°; smoothing=5-pt median; dark rows=528
isha,2018-09-15,19:52,2,42.637673,23.295422,0.0,Zamorano J. et al. (2019). TESS-W sky brightness network. Zenodo monthly archives. https://zenodo.org/records/3378728. CC0 1.0.,TESS station stars92; photometric inflection method; night median MSAS=18.96; MSAS at inflection=18.71; depression=14.51°; smoothing=5-pt median; dark rows=477
fajr,2018-09-17,04:12,2,42.637673,23.295422,0.0,Zamorano J. et al. (2019). TESS-W sky brightness network. Zenodo monthly archives. https://zenodo.org/records/3378728. CC0 1.0.,TESS station stars92; photometric inflection method; night median MSAS=18.91; MSAS at inflection=18.51; depression=21.47°; smoothing=5-pt median; dark rows=550
isha,2018-09-17,20:00,2,42.637673,23.295422,0.0,Zamorano J. et al. (2019). TESS-W sky brightness network. Zenodo monthly archives. https://zenodo.org/records/3378728. CC0 1.0.,TESS station stars92; photometric inflection method; night median MSAS=18.85; MSAS at inflection=18.65; depression=16.54°; smoothing=5-pt median; dark rows=528
isha,2018-09-18,20:21,2,42.637673,23.295422,0.0,Zamorano J. et al. (2019). TESS-W sky brightness network. Zenodo monthly archives. https://zenodo.org/records/3378728. CC0 1.0.,TESS station stars92; photometric inflection method; night median MSAS=19.02; MSAS at inflection=18.65; depression=20.53°; smoothing=5-pt median; dark rows=539
isha,2018-09-20,20:26,2,42.637673,23.295422,0.0,Zamorano J. et al. (2019). TESS-W sky brightness network. Zenodo monthly archives. https://zenodo.org/records/3378728. CC0 1.0.,TESS station stars92; photometric inflection method; night median MSAS=18.57; MSAS at inflection=18.37; depression=21.99°; smoothing=5-pt median; dark rows=565
fajr,2018-09-21,04:14,2,42.637673,23.295422,0.0,Zamorano J. et al. (2019). TESS-W sky brightness network. Zenodo monthly archives. https://zenodo.org/records/3378728. CC0 1.0.,TESS station stars92; photometric inflection method; night median MSAS=18.57; MSAS at inflection=18.61; depression=21.89°; smoothing=5-pt median; dark rows=565
isha,2018-09-21,20:06,2,42.637673,23.295422,0.0,Zamorano J. et al. (2019). TESS-W sky brightness network. Zenodo monthly archives. https://zenodo.org/records/3378728. CC0 1.0.,TESS station stars92; photometric inflection method; night median MSAS=18.44; MSAS at inflection=17.20; depression=18.89°; smoothing=5-pt median; dark rows=484
isha,2018-09-22,19:02,2,42.637673,23.295422,0.0,Zamorano J. et al. (2019). TESS-W sky brightness network. Zenodo monthly archives. https://zenodo.org/records/3378728. CC0 1.0.,TESS station stars92; photometric inflection method; night median MSAS=18.18; MSAS at inflection=16.02; depression=7.83°; smoothing=5-pt median; dark rows=594
fajr,2018-09-23,04:28,2,42.637673,23.295422,0.0,Zamorano J. et al. (2019). TESS-W sky brightness network. Zenodo monthly archives. https://zenodo.org/records/3378728. CC0 1.0.,TESS station stars92; photometric inflection method; night median MSAS=18.18; MSAS at inflection=18.84; depression=20.03°; smoothing=5-pt median; dark rows=594
isha,2018-09-23,19:05,2,42.637673,23.295422,0.0,Zamorano J. et al. (2019). TESS-W sky brightness network. Zenodo monthly archives. https://zenodo.org/records/3378728. CC0 1.0.,TESS station stars92; photometric inflection method; night median MSAS=18.19; MSAS at inflection=16.33; depression=8.66°; smoothing=5-pt median; dark rows=580
fajr,2018-09-24,05:37,2,42.637673,23.295422,0.0,Zamorano J. et al. (2019). TESS-W sky brightness network. Zenodo monthly archives. https://zenodo.org/records/3378728. CC0 1.0.,TESS station stars92; photometric inflection method; night median MSAS=18.19; MSAS at inflection=15.81; depression=7.83°; smoothing=5-pt median; dark rows=580
isha,2018-09-25,19:29,2,42.637673,23.295422,0.0,Zamorano J. et al. (2019). TESS-W sky brightness network. Zenodo monthly archives. https://zenodo.org/records/3378728. CC0 1.0.,TESS station stars92; photometric inflection method; night median MSAS=17.57; MSAS at inflection=16.82; depression=13.62°; smoothing=5-pt median; dark rows=581
fajr,2018-09-26,05:07,2,42.637673,23.295422,0.0,Zamorano J. et al. (2019). TESS-W sky brightness network. Zenodo monthly archives. https://zenodo.org/records/3378728. CC0 1.0.,TESS station stars92; photometric inflection method; night median MSAS=17.57; MSAS at inflection=18.28; depression=13.82°; smoothing=5-pt median; dark rows=581
fajr,2018-09-30,05:14,2,42.637673,23.295422,0.0,Zamorano J. et al. (2019). TESS-W sky brightness network. Zenodo monthly archives. https://zenodo.org/records/3378728. CC0 1.0.,TESS station stars92; photometric inflection method; night median MSAS=17.77; MSAS at inflection=17.48; depression=13.37°; smoothing=5-pt median; dark rows=571
