prayer,date_local,time_local,utc_offset,lat,lng,elevation_m,source,notes
fajr,2019-11-05,05:43,0,40.424604,-3.560279,0.0,Zamorano J. et al. (2019). TESS-W sky brightness network. Zenodo monthly archives. https://zenodo.org/records/3378728. CC0 1.0.,TESS station stars1; photometric inflection method; night median MSAS=18.52; MSAS at inflection=16.07; depression=12.68°; smoothing=5-pt median; dark rows=895
isha,2019-11-05,18:20,0,40.424604,-3.560279,0.0,Zamorano J. et al. (2019). TESS-W sky brightness network. Zenodo monthly archives. https://zenodo.org/records/3378728. CC0 1.0.,TESS station stars1; photometric inflection method; night median MSAS=18.03; MSAS at inflection=16.61; depression=14.39°; smoothing=5-pt median; dark rows=345
isha,2019-11-08,17:41,0,40.424604,-3.560279,0.0,Zamorano J. et al. (2019). TESS-W sky brightness network. Zenodo monthly archives. https://zenodo.org/records/3378728. CC0 1.0.,TESS station stars1; photometric inflection method; night median MSAS=17.74; MSAS at inflection=15.34; depression=7.71°; smoothing=5-pt median; dark rows=286
isha,2019-11-16,17:59,0,40.424604,-3.560279,0.0,Zamorano J. et al. (2019). TESS-W sky brightness network. Zenodo monthly archives. https://zenodo.org/records/3378728. CC0 1.0.,TESS station stars1; photometric inflection method; night median MSAS=17.93; MSAS at inflection=17.88; depression=12.24°; smoothing=5-pt median; dark rows=1454
fajr,2019-11-17,06:05,0,40.424604,-3.560279,0.0,Zamorano J. et al. (2019). TESS-W sky brightness network. Zenodo monthly archives. https://zenodo.org/records/3378728. CC0 1.0.,TESS station stars1; photometric inflection method; night median MSAS=17.93; MSAS at inflection=16.44; depression=10.99°; smoothing=5-pt median; dark rows=1454
isha,2019-11-17,18:08,0,40.424604,-3.560279,0.0,Zamorano J. et al. (2019). TESS-W sky brightness network. Zenodo monthly archives. https://zenodo.org/records/3378728. CC0 1.0.,TESS station stars1; photometric inflection method; night median MSAS=17.89; MSAS at inflection=15.50; depression=13.94°; smoothing=5-pt median; dark rows=294
fajr,2019-11-19,05:55,0,40.424604,-3.560279,0.0,Zamorano J. et al. (2019). TESS-W sky brightness network. Zenodo monthly archives. https://zenodo.org/records/3378728. CC0 1.0.,TESS station stars1; photometric inflection method; night median MSAS=18.15; MSAS at inflection=17.46; depression=13.19°; smoothing=5-pt median; dark rows=291
isha,2019-11-23,17:40,0,40.424604,-3.560279,0.0,Zamorano J. et al. (2019). TESS-W sky brightness network. Zenodo monthly archives. https://zenodo.org/records/3378728. CC0 1.0.,TESS station stars1; photometric inflection method; night median MSAS=18.44; MSAS at inflection=17.02; depression=9.40°; smoothing=5-pt median; dark rows=1479
fajr,2019-11-24,06:12,0,40.424604,-3.560279,0.0,Zamorano J. et al. (2019). TESS-W sky brightness network. Zenodo monthly archives. https://zenodo.org/records/3378728. CC0 1.0.,TESS station stars1; photometric inflection method; night median MSAS=18.44; MSAS at inflection=17.98; depression=10.99°; smoothing=5-pt median; dark rows=1479
fajr,2019-11-28,05:58,0,40.424604,-3.560279,0.0,Zamorano J. et al. (2019). TESS-W sky brightness network. Zenodo monthly archives. https://zenodo.org/records/3378728. CC0 1.0.,TESS station stars1; photometric inflection method; night median MSAS=18.11; MSAS at inflection=18.31; depression=14.17°; smoothing=5-pt median; dark rows=1488
fajr,2019-11-03,05:18,0,38.3149,-5.28355,0.0,Zamorano J. et al. (2019). TESS-W sky brightness network. Zenodo monthly archives. https://zenodo.org/records/3378728. CC0 1.0.,TESS station stars15; photometric inflection method; night median MSAS=18.23; MSAS at inflection=18.34; depression=18.23°; smoothing=5-pt median; dark rows=213
isha,2019-11-03,18:16,0,38.3149,-5.28355,0.0,Zamorano J. et al. (2019). TESS-W sky brightness network. Zenodo monthly archives. https://zenodo.org/records/3378728. CC0 1.0.,TESS station stars15; photometric inflection method; night median MSAS=18.17; MSAS at inflection=18.53; depression=11.51°; smoothing=5-pt median; dark rows=74
fajr,2019-11-05,05:10,0,38.3149,-5.28355,0.0,Zamorano J. et al. (2019). TESS-W sky brightness network. Zenodo monthly archives. https://zenodo.org/records/3378728. CC0 1.0.,TESS station stars15; photometric inflection method; night median MSAS=18.57; MSAS at inflection=18.96; depression=20.10°; smoothing=5-pt median; dark rows=495
isha,2019-11-05,18:14,0,38.3149,-5.28355,0.0,Zamorano J. et al. (2019). TESS-W sky brightness network. Zenodo monthly archives. https://zenodo.org/records/3378728. CC0 1.0.,TESS station stars15; photometric inflection method; night median MSAS=19.53; MSAS at inflection=18.46; depression=11.56°; smoothing=5-pt median; dark rows=589
fajr,2019-11-06,06:07,0,38.3149,-5.28355,0.0,Zamorano J. et al. (2019). TESS-W sky brightness network. Zenodo monthly archives. https://zenodo.org/records/3378728. CC0 1.0.,TESS station stars15; photometric inflection method; night median MSAS=19.53; MSAS at inflection=17.50; depression=9.31°; smoothing=5-pt median; dark rows=589
isha,2019-11-06,18:18,0,38.3149,-5.28355,0.0,Zamorano J. et al. (2019). TESS-W sky brightness network. Zenodo monthly archives. https://zenodo.org/records/3378728. CC0 1.0.,TESS station stars15; photometric inflection method; night median MSAS=17.85; MSAS at inflection=17.67; depression=12.58°; smoothing=5-pt median; dark rows=651
fajr,2019-11-07,06:00,0,38.3149,-5.28355,0.0,Zamorano J. et al. (2019). TESS-W sky brightness network. Zenodo monthly archives. https://zenodo.org/records/3378728. CC0 1.0.,TESS station stars15; photometric inflection method; night median MSAS=17.85; MSAS at inflection=17.07; depression=10.84°; smoothing=5-pt median; dark rows=651
fajr,2019-11-08,05:57,0,38.3149,-5.28355,0.0,Zamorano J. et al. (2019). TESS-W sky brightness network. Zenodo monthly archives. https://zenodo.org/records/3378728. CC0 1.0.,TESS station stars15; photometric inflection method; night median MSAS=18.35; MSAS at inflection=19.24; depression=11.58°; smoothing=5-pt median; dark rows=432
fajr,2019-11-16,06:19,0,38.3149,-5.28355,0.0,Zamorano J. et al. (2019). TESS-W sky brightness network. Zenodo monthly archives. https://zenodo.org/records/3378728. CC0 1.0.,TESS station stars15; photometric inflection method; night median MSAS=17.65; MSAS at inflection=16.90; depression=8.86°; smoothing=5-pt median; dark rows=699
fajr,2019-11-17,05:43,0,38.3149,-5.28355,0.0,Zamorano J. et al. (2019). TESS-W sky brightness network. Zenodo monthly archives. https://zenodo.org/records/3378728. CC0 1.0.,TESS station stars15; photometric inflection method; night median MSAS=18.48; MSAS at inflection=16.68; depression=15.96°; smoothing=5-pt median; dark rows=732
fajr,2019-11-20,06:01,0,38.3149,-5.28355,0.0,Zamorano J. et al. (2019). TESS-W sky brightness network. Zenodo monthly archives. https://zenodo.org/records/3378728. CC0 1.0.,TESS station stars15; photometric inflection method; night median MSAS=19.30; MSAS at inflection=18.00; depression=12.91°; smoothing=5-pt median; dark rows=413
isha,2019-11-21,17:47,0,38.3149,-5.28355,0.0,Zamorano J. et al. (2019). TESS-W sky brightness network. Zenodo monthly archives. https://zenodo.org/records/3378728. CC0 1.0.,TESS station stars15; photometric inflection method; night median MSAS=19.11; MSAS at inflection=16.75; depression=8.61°; smoothing=5-pt median; dark rows=345
fajr,2019-11-22,05:28,0,38.3149,-5.28355,0.0,Zamorano J. et al. (2019). TESS-W sky brightness network. Zenodo monthly archives. https://zenodo.org/records/3378728. CC0 1.0.,TESS station stars15; photometric inflection method; night median MSAS=19.11; MSAS at inflection=18.44; depression=19.62°; smoothing=5-pt median; dark rows=345
fajr,2019-11-24,05:23,0,38.3149,-5.28355,0.0,Zamorano J. et al. (2019). TESS-W sky brightness network. Zenodo monthly archives. https://zenodo.org/records/3378728. CC0 1.0.,TESS station stars15; photometric inflection method; night median MSAS=20.46; MSAS at inflection=20.42; depression=20.95°; smoothing=5-pt median; dark rows=707
isha,2019-11-24,18:10,0,38.3149,-5.28355,0.0,Zamorano J. et al. (2019). TESS-W sky brightness network. Zenodo monthly archives. https://zenodo.org/records/3378728. CC0 1.0.,TESS station stars15; photometric inflection method; night median MSAS=18.08; MSAS at inflection=18.86; depression=13.03°; smoothing=5-pt median; dark rows=665
isha,2019-11-25,18:28,0,38.3149,-5.28355,0.0,Zamorano J. et al. (2019). TESS-W sky brightness network. Zenodo monthly archives. https://zenodo.org/records/3378728. CC0 1.0.,TESS station stars15; photometric inflection method; night median MSAS=18.49; MSAS at inflection=19.96; depression=16.61°; smoothing=5-pt median; dark rows=744
isha,2019-11-26,17:49,0,38.3149,-5.28355,0.0,Zamorano J. et al. (2019). TESS-W sky brightness network. Zenodo monthly archives. https://zenodo.org/records/3378728. CC0 1.0.,TESS station stars15; photometric inflection method; night median MSAS=17.68; MSAS at inflection=17.17; depression=9.25°; smoothing=5-pt median; dark rows=746
isha,2019-11-27,18:31,0,38.3149,-5.28355,0.0,Zamorano J. et al. (2019). TESS-W sky brightness network. Zenodo monthly archives. https://zenodo.org/records/3378728. CC0 1.0.,TESS station stars15; photometric inflection method; night median MSAS=19.55; MSAS at inflection=19.03; depression=17.33°; smoothing=5-pt median; dark rows=743
isha,2019-11-28,18:21,0,38.3149,-5.28355,0.0,Zamorano J. et al. (2019). TESS-W sky brightness network. Zenodo monthly archives. https://zenodo.org/records/3378728. CC0 1.0.,TESS station stars15; photometric inflection method; night median MSAS=18.39; MSAS at inflection=18.24; depression=15.44°; smoothing=5-pt median; dark rows=663
fajr,2019-11-29,06:29,0,38.3149,-5.28355,0.0,Zamorano J. et al. (2019). TESS-W sky brightness network. Zenodo monthly archives. https://zenodo.org/records/3378728. CC0 1.0.,TESS station stars15; photometric inflection method; night median MSAS=18.39; MSAS at inflection=16.35; depression=9.35°; smoothing=5-pt median; dark rows=663
isha,2019-11-29,18:46,0,38.3149,-5.28355,0.0,Zamorano J. et al. (2019). TESS-W sky brightness network. Zenodo monthly archives. https://zenodo.org/records/3378728. CC0 1.0.,TESS station stars15; photometric inflection method; night median MSAS=19.91; MSAS at inflection=19.98; depression=20.18°; smoothing=5-pt median; dark rows=743
fajr,2019-11-30,05:38,0,38.3149,-5.28355,0.0,Zamorano J. et al. (2019). TESS-W sky brightness network. Zenodo monthly archives. https://zenodo.org/records/3378728. CC0 1.0.,TESS station stars15; photometric inflection method; night median MSAS=19.91; MSAS at inflection=18.56; depression=19.07°; smoothing=5-pt median; dark rows=743
isha,2019-11-29,18:46,0,38.3149,-5.28355,0.0,Zamorano J. et al. (2019). TESS-W sky brightness network. Zenodo monthly archives. https://zenodo.org/records/3378728. CC0 1.0.,TESS station stars15; photometric inflection method; night median MSAS=19.91; MSAS at inflection=19.98; depression=20.18°; smoothing=5-pt median; dark rows=743
fajr,2019-11-30,05:38,0,38.3149,-5.28355,0.0,Zamorano J. et al. (2019). TESS-W sky brightness network. Zenodo monthly archives. https://zenodo.org/records/3378728. CC0 1.0.,TESS station stars15; photometric inflection method; night median MSAS=19.91; MSAS at inflection=18.56; depression=19.07°; smoothing=5-pt median; dark rows=743
fajr,2019-11-01,05:49,-7,32.223877,-110.767532,0.0,Zamorano J. et al. (2019). TESS-W sky brightness network. Zenodo monthly archives. https://zenodo.org/records/3378728. CC0 1.0.,TESS station stars19; photometric inflection method; night median MSAS=20.17; MSAS at inflection=19.05; depression=11.26°; smoothing=5-pt median; dark rows=486
isha,2019-11-01,18:28,-7,32.223877,-110.767532,0.0,Zamorano J. et al. (2019). TESS-W sky brightness network. Zenodo monthly archives. https://zenodo.org/records/3378728. CC0 1.0.,TESS station stars19; photometric inflection method; night median MSAS=19.82; MSAS at inflection=19.37; depression=12.24°; smoothing=5-pt median; dark rows=499
fajr,2019-11-02,05:35,-7,32.223877,-110.767532,0.0,Zamorano J. et al. (2019). TESS-W sky brightness network. Zenodo monthly archives. https://zenodo.org/records/3378728. CC0 1.0.,TESS station stars19; photometric inflection method; night median MSAS=19.82; MSAS at inflection=20.08; depression=14.30°; smoothing=5-pt median; dark rows=499
isha,2019-11-02,18:38,-7,32.223877,-110.767532,0.0,Zamorano J. et al. (2019). TESS-W sky brightness network. Zenodo monthly archives. https://zenodo.org/records/3378728. CC0 1.0.,TESS station stars19; photometric inflection method; night median MSAS=19.71; MSAS at inflection=19.24; depression=14.44°; smoothing=5-pt median; dark rows=516
fajr,2019-11-04,05:54,-7,32.223877,-110.767532,0.0,Zamorano J. et al. (2019). TESS-W sky brightness network. Zenodo monthly archives. https://zenodo.org/records/3378728. CC0 1.0.,TESS station stars19; photometric inflection method; night median MSAS=20.21; MSAS at inflection=18.96; depression=10.69°; smoothing=5-pt median; dark rows=463
isha,2019-11-04,19:09,-7,32.223877,-110.767532,0.0,Zamorano J. et al. (2019). TESS-W sky brightness network. Zenodo monthly archives. https://zenodo.org/records/3378728. CC0 1.0.,TESS station stars19; photometric inflection method; night median MSAS=19.78; MSAS at inflection=19.20; depression=21.32°; smoothing=5-pt median; dark rows=471
fajr,2019-11-05,05:12,-7,32.223877,-110.767532,0.0,Zamorano J. et al. (2019). TESS-W sky brightness network. Zenodo monthly archives. https://zenodo.org/records/3378728. CC0 1.0.,TESS station stars19; photometric inflection method; night median MSAS=19.78; MSAS at inflection=19.70; depression=19.51°; smoothing=5-pt median; dark rows=471
isha,2019-11-05,18:48,-7,32.223877,-110.767532,0.0,Zamorano J. et al. (2019). TESS-W sky brightness network. Zenodo monthly archives. https://zenodo.org/records/3378728. CC0 1.0.,TESS station stars19; photometric inflection method; night median MSAS=18.38; MSAS at inflection=18.80; depression=16.99°; smoothing=5-pt median; dark rows=504
fajr,2019-11-06,05:32,-7,32.223877,-110.767532,0.0,Zamorano J. et al. (2019). TESS-W sky brightness network. Zenodo monthly archives. https://zenodo.org/records/3378728. CC0 1.0.,TESS station stars19; photometric inflection method; night median MSAS=18.38; MSAS at inflection=17.15; depression=15.43°; smoothing=5-pt median; dark rows=504
isha,2019-11-06,18:20,-7,32.223877,-110.767532,0.0,Zamorano J. et al. (2019). TESS-W sky brightness network. Zenodo monthly archives. https://zenodo.org/records/3378728. CC0 1.0.,TESS station stars19; photometric inflection method; night median MSAS=19.25; MSAS at inflection=18.27; depression=11.41°; smoothing=5-pt median; dark rows=549
fajr,2019-11-07,05:53,-7,32.223877,-110.767532,0.0,Zamorano J. et al. (2019). TESS-W sky brightness network. Zenodo monthly archives. https://zenodo.org/records/3378728. CC0 1.0.,TESS station stars19; photometric inflection method; night median MSAS=19.25; MSAS at inflection=19.31; depression=11.29°; smoothing=5-pt median; dark rows=549
fajr,2019-11-09,05:20,-7,32.223877,-110.767532,0.0,Zamorano J. et al. (2019). TESS-W sky brightness network. Zenodo monthly archives. https://zenodo.org/records/3378728. CC0 1.0.,TESS station stars19; photometric inflection method; night median MSAS=18.98; MSAS at inflection=20.26; depression=18.47°; smoothing=5-pt median; dark rows=539
isha,2019-11-09,18:09,-7,32.223877,-110.767532,0.0,Zamorano J. et al. (2019). TESS-W sky brightness network. Zenodo monthly archives. https://zenodo.org/records/3378728. CC0 1.0.,TESS station stars19; photometric inflection method; night median MSAS=17.61; MSAS at inflection=17.15; depression=9.45°; smoothing=5-pt median; dark rows=570
fajr,2019-11-10,06:06,-7,32.223877,-110.767532,0.0,Zamorano J. et al. (2019). TESS-W sky brightness network. Zenodo monthly archives. https://zenodo.org/records/3378728. CC0 1.0.,TESS station stars19; photometric inflection method; night median MSAS=17.61; MSAS at inflection=17.21; depression=9.12°; smoothing=5-pt median; dark rows=570
fajr,2019-11-11,05:27,-7,32.223877,-110.767532,0.0,Zamorano J. et al. (2019). TESS-W sky brightness network. Zenodo monthly archives. https://zenodo.org/records/3378728. CC0 1.0.,TESS station stars19; photometric inflection method; night median MSAS=17.51; MSAS at inflection=19.34; depression=17.32°; smoothing=5-pt median; dark rows=555
isha,2019-11-12,18:19,-7,32.223877,-110.767532,0.0,Zamorano J. et al. (2019). TESS-W sky brightness network. Zenodo monthly archives. https://zenodo.org/records/3378728. CC0 1.0.,TESS station stars19; photometric inflection method; night median MSAS=18.20; MSAS at inflection=18.92; depression=11.94°; smoothing=5-pt median; dark rows=535
fajr,2019-11-13,05:53,-7,32.223877,-110.767532,0.0,Zamorano J. et al. (2019). TESS-W sky brightness network. Zenodo monthly archives. https://zenodo.org/records/3378728. CC0 1.0.,TESS station stars19; photometric inflection method; night median MSAS=18.20; MSAS at inflection=18.90; depression=12.20°; smoothing=5-pt median; dark rows=535
isha,2019-11-13,18:51,-7,32.223877,-110.767532,0.0,Zamorano J. et al. (2019). TESS-W sky brightness network. Zenodo monthly archives. https://zenodo.org/records/3378728. CC0 1.0.,TESS station stars19; photometric inflection method; night median MSAS=18.44; MSAS at inflection=19.65; depression=18.59°; smoothing=5-pt median; dark rows=444
fajr,2019-11-14,06:01,-7,32.223877,-110.767532,0.0,Zamorano J. et al. (2019). TESS-W sky brightness network. Zenodo monthly archives. https://zenodo.org/records/3378728. CC0 1.0.,TESS station stars19; photometric inflection method; night median MSAS=18.44; MSAS at inflection=18.43; depression=10.84°; smoothing=5-pt median; dark rows=444
isha,2019-11-15,18:04,-7,32.223877,-110.767532,0.0,Zamorano J. et al. (2019). TESS-W sky brightness network. Zenodo monthly archives. https://zenodo.org/records/3378728. CC0 1.0.,TESS station stars19; photometric inflection method; night median MSAS=17.76; MSAS at inflection=17.10; depression=9.21°; smoothing=5-pt median; dark rows=647
isha,2019-11-16,18:00,-7,32.223877,-110.767532,0.0,Zamorano J. et al. (2019). TESS-W sky brightness network. Zenodo monthly archives. https://zenodo.org/records/3378728. CC0 1.0.,TESS station stars19; photometric inflection method; night median MSAS=18.72; MSAS at inflection=16.52; depression=8.43°; smoothing=5-pt median; dark rows=547
fajr,2019-11-17,06:05,-7,32.223877,-110.767532,0.0,Zamorano J. et al. (2019). TESS-W sky brightness network. Zenodo monthly archives. https://zenodo.org/records/3378728. CC0 1.0.,TESS station stars19; photometric inflection method; night median MSAS=18.72; MSAS at inflection=17.54; depression=10.42°; smoothing=5-pt median; dark rows=547
isha,2019-11-17,18:12,-7,32.223877,-110.767532,0.0,Zamorano J. et al. (2019). TESS-W sky brightness network. Zenodo monthly archives. https://zenodo.org/records/3378728. CC0 1.0.,TESS station stars19; photometric inflection method; night median MSAS=19.71; MSAS at inflection=18.54; depression=10.86°; smoothing=5-pt median; dark rows=571
isha,2019-11-18,18:35,-7,32.223877,-110.767532,0.0,Zamorano J. et al. (2019). TESS-W sky brightness network. Zenodo monthly archives. https://zenodo.org/records/3378728. CC0 1.0.,TESS station stars19; photometric inflection method; night median MSAS=19.38; MSAS at inflection=18.45; depression=15.69°; smoothing=5-pt median; dark rows=493
fajr,2019-11-19,06:04,-7,32.223877,-110.767532,0.0,Zamorano J. et al. (2019). TESS-W sky brightness network. Zenodo monthly archives. https://zenodo.org/records/3378728. CC0 1.0.,TESS station stars19; photometric inflection method; night median MSAS=19.38; MSAS at inflection=17.06; depression=11.07°; smoothing=5-pt median; dark rows=493
isha,2019-11-19,18:47,-7,32.223877,-110.767532,0.0,Zamorano J. et al. (2019). TESS-W sky brightness network. Zenodo monthly archives. https://zenodo.org/records/3378728. CC0 1.0.,TESS station stars19; photometric inflection method; night median MSAS=17.59; MSAS at inflection=17.16; depression=18.27°; smoothing=5-pt median; dark rows=512
fajr,2019-11-20,06:21,-7,32.223877,-110.767532,0.0,Zamorano J. et al. (2019). TESS-W sky brightness network. Zenodo monthly archives. https://zenodo.org/records/3378728. CC0 1.0.,TESS station stars19; photometric inflection method; night median MSAS=17.59; MSAS at inflection=15.85; depression=7.74°; smoothing=5-pt median; dark rows=512
isha,2019-11-21,18:25,-7,32.223877,-110.767532,0.0,Zamorano J. et al. (2019). TESS-W sky brightness network. Zenodo monthly archives. https://zenodo.org/records/3378728. CC0 1.0.,TESS station stars19; photometric inflection method; night median MSAS=19.73; MSAS at inflection=19.76; depression=13.81°; smoothing=5-pt median; dark rows=549
fajr,2019-11-23,06:13,-7,32.223877,-110.767532,0.0,Zamorano J. et al. (2019). TESS-W sky brightness network. Zenodo monthly archives. https://zenodo.org/records/3378728. CC0 1.0.,TESS station stars19; photometric inflection method; night median MSAS=20.30; MSAS at inflection=17.86; depression=9.87°; smoothing=5-pt median; dark rows=503
isha,2019-11-23,18:45,-7,32.223877,-110.767532,0.0,Zamorano J. et al. (2019). TESS-W sky brightness network. Zenodo monthly archives. https://zenodo.org/records/3378728. CC0 1.0.,TESS station stars19; photometric inflection method; night median MSAS=19.82; MSAS at inflection=19.85; depression=18.09°; smoothing=5-pt median; dark rows=603
isha,2019-11-24,18:54,-7,32.223877,-110.767532,0.0,Zamorano J. et al. (2019). TESS-W sky brightness network. Zenodo monthly archives. https://zenodo.org/records/3378728. CC0 1.0.,TESS station stars19; photometric inflection method; night median MSAS=19.24; MSAS at inflection=19.12; depression=19.99°; smoothing=5-pt median; dark rows=577
fajr,2019-11-25,06:21,-7,32.223877,-110.767532,0.0,Zamorano J. et al. (2019). TESS-W sky brightness network. Zenodo monthly archives. https://zenodo.org/records/3378728. CC0 1.0.,TESS station stars19; photometric inflection method; night median MSAS=19.24; MSAS at inflection=17.00; depression=8.51°; smoothing=5-pt median; dark rows=577
isha,2019-11-25,18:22,-7,32.223877,-110.767532,0.0,Zamorano J. et al. (2019). TESS-W sky brightness network. Zenodo monthly archives. https://zenodo.org/records/3378728. CC0 1.0.,TESS station stars19; photometric inflection method; night median MSAS=18.70; MSAS at inflection=18.31; depression=13.36°; smoothing=5-pt median; dark rows=549
fajr,2019-11-26,05:55,-7,32.223877,-110.767532,0.0,Zamorano J. et al. (2019). TESS-W sky brightness network. Zenodo monthly archives. https://zenodo.org/records/3378728. CC0 1.0.,TESS station stars19; photometric inflection method; night median MSAS=18.70; MSAS at inflection=17.49; depression=14.01°; smoothing=5-pt median; dark rows=549
isha,2019-11-26,18:04,-7,32.223877,-110.767532,0.0,Zamorano J. et al. (2019). TESS-W sky brightness network. Zenodo monthly archives. https://zenodo.org/records/3378728. CC0 1.0.,TESS station stars19; photometric inflection method; night median MSAS=19.80; MSAS at inflection=17.83; depression=9.75°; smoothing=5-pt median; dark rows=534
fajr,2019-11-27,05:53,-7,32.223877,-110.767532,0.0,Zamorano J. et al. (2019). TESS-W sky brightness network. Zenodo monthly archives. https://zenodo.org/records/3378728. CC0 1.0.,TESS station stars19; photometric inflection method; night median MSAS=19.80; MSAS at inflection=19.45; depression=14.54°; smoothing=5-pt median; dark rows=534
isha,2019-11-27,18:01,-7,32.223877,-110.767532,0.0,Zamorano J. et al. (2019). TESS-W sky brightness network. Zenodo monthly archives. https://zenodo.org/records/3378728. CC0 1.0.,TESS station stars19; photometric inflection method; night median MSAS=17.52; MSAS at inflection=16.67; depression=9.28°; smoothing=5-pt median; dark rows=533
fajr,2019-11-28,05:40,-7,32.223877,-110.767532,0.0,Zamorano J. et al. (2019). TESS-W sky brightness network. Zenodo monthly archives. https://zenodo.org/records/3378728. CC0 1.0.,TESS station stars19; photometric inflection method; night median MSAS=17.52; MSAS at inflection=17.52; depression=17.29°; smoothing=5-pt median; dark rows=533
isha,2019-11-28,17:57,-7,32.223877,-110.767532,0.0,Zamorano J. et al. (2019). TESS-W sky brightness network. Zenodo monthly archives. https://zenodo.org/records/3378728. CC0 1.0.,TESS station stars19; photometric inflection method; night median MSAS=17.52; MSAS at inflection=16.50; depression=8.46°; smoothing=5-pt median; dark rows=551
fajr,2019-11-29,05:44,-7,32.223877,-110.767532,0.0,Zamorano J. et al. (2019). TESS-W sky brightness network. Zenodo monthly archives. https://zenodo.org/records/3378728. CC0 1.0.,TESS station stars19; photometric inflection method; night median MSAS=17.52; MSAS at inflection=17.36; depression=16.62°; smoothing=5-pt median; dark rows=551
fajr,2019-11-30,05:55,-7,32.223877,-110.767532,0.0,Zamorano J. et al. (2019). TESS-W sky brightness network. Zenodo monthly archives. https://zenodo.org/records/3378728. CC0 1.0.,TESS station stars19; photometric inflection method; night median MSAS=18.81; MSAS at inflection=19.30; depression=14.63°; smoothing=5-pt median; dark rows=538
isha,2019-11-01,18:30,0,41.001299,-2.492408,0.0,Zamorano J. et al. (2019). TESS-W sky brightness network. Zenodo monthly archives. https://zenodo.org/records/3378728. CC0 1.0.,TESS station stars2; photometric inflection method; night median MSAS=19.22; MSAS at inflection=18.57; depression=16.31°; smoothing=5-pt median; dark rows=684
fajr,2019-11-02,05:48,0,41.001299,-2.492408,0.0,Zamorano J. et al. (2019). TESS-W sky brightness network. Zenodo monthly archives. https://zenodo.org/records/3378728. CC0 1.0.,TESS station stars2; photometric inflection method; night median MSAS=19.22; MSAS at inflection=18.57; depression=10.50°; smoothing=5-pt median; dark rows=684
fajr,2019-11-03,05:27,0,41.001299,-2.492408,0.0,Zamorano J. et al. (2019). TESS-W sky brightness network. Zenodo monthly archives. https://zenodo.org/records/3378728. CC0 1.0.,TESS station stars2; photometric inflection method; night median MSAS=19.86; MSAS at inflection=19.22; depression=14.63°; smoothing=5-pt median; dark rows=615
isha,2019-11-04,18:18,0,41.001299,-2.492408,0.0,Zamorano J. et al. (2019). TESS-W sky brightness network. Zenodo monthly archives. https://zenodo.org/records/3378728. CC0 1.0.,TESS station stars2; photometric inflection method; night median MSAS=20.62; MSAS at inflection=19.49; depression=14.67°; smoothing=5-pt median; dark rows=638
isha,2019-11-05,18:44,0,41.001299,-2.492408,0.0,Zamorano J. et al. (2019). TESS-W sky brightness network. Zenodo monthly archives. https://zenodo.org/records/3378728. CC0 1.0.,TESS station stars2; photometric inflection method; night median MSAS=20.37; MSAS at inflection=19.51; depression=19.77°; smoothing=5-pt median; dark rows=694
fajr,2019-11-06,04:55,0,41.001299,-2.492408,0.0,Zamorano J. et al. (2019). TESS-W sky brightness network. Zenodo monthly archives. https://zenodo.org/records/3378728. CC0 1.0.,TESS station stars2; photometric inflection method; night median MSAS=20.37; MSAS at inflection=20.95; depression=21.22°; smoothing=5-pt median; dark rows=694
fajr,2019-11-08,05:40,0,41.001299,-2.492408,0.0,Zamorano J. et al. (2019). TESS-W sky brightness network. Zenodo monthly archives. https://zenodo.org/records/3378728. CC0 1.0.,TESS station stars2; photometric inflection method; night median MSAS=18.93; MSAS at inflection=20.22; depression=13.10°; smoothing=5-pt median; dark rows=717
fajr,2019-11-09,05:56,0,41.001299,-2.492408,0.0,Zamorano J. et al. (2019). TESS-W sky brightness network. Zenodo monthly archives. https://zenodo.org/records/3378728. CC0 1.0.,TESS station stars2; photometric inflection method; night median MSAS=18.93; MSAS at inflection=18.70; depression=10.36°; smoothing=5-pt median; dark rows=719
isha,2019-11-09,17:44,0,41.001299,-2.492408,0.0,Zamorano J. et al. (2019). TESS-W sky brightness network. Zenodo monthly archives. https://zenodo.org/records/3378728. CC0 1.0.,TESS station stars2; photometric inflection method; night median MSAS=17.74; MSAS at inflection=17.37; depression=9.38°; smoothing=5-pt median; dark rows=725
fajr,2019-11-11,05:40,0,41.001299,-2.492408,0.0,Zamorano J. et al. (2019). TESS-W sky brightness network. Zenodo monthly archives. https://zenodo.org/records/3378728. CC0 1.0.,TESS station stars2; photometric inflection method; night median MSAS=17.81; MSAS at inflection=19.72; depression=13.81°; smoothing=5-pt median; dark rows=720
isha,2019-11-11,17:41,0,41.001299,-2.492408,0.0,Zamorano J. et al. (2019). TESS-W sky brightness network. Zenodo monthly archives. https://zenodo.org/records/3378728. CC0 1.0.,TESS station stars2; photometric inflection method; night median MSAS=17.77; MSAS at inflection=16.65; depression=9.01°; smoothing=5-pt median; dark rows=728
isha,2019-11-15,17:51,0,41.001299,-2.492408,0.0,Zamorano J. et al. (2019). TESS-W sky brightness network. Zenodo monthly archives. https://zenodo.org/records/3378728. CC0 1.0.,TESS station stars2; photometric inflection method; night median MSAS=17.55; MSAS at inflection=19.12; depression=11.53°; smoothing=5-pt median; dark rows=734
fajr,2019-11-16,05:16,0,41.001299,-2.492408,0.0,Zamorano J. et al. (2019). TESS-W sky brightness network. Zenodo monthly archives. https://zenodo.org/records/3378728. CC0 1.0.,TESS station stars2; photometric inflection method; night median MSAS=17.55; MSAS at inflection=16.44; depression=19.09°; smoothing=5-pt median; dark rows=734
fajr,2019-11-17,05:57,0,41.001299,-2.492408,0.0,Zamorano J. et al. (2019). TESS-W sky brightness network. Zenodo monthly archives. https://zenodo.org/records/3378728. CC0 1.0.,TESS station stars2; photometric inflection method; night median MSAS=19.02; MSAS at inflection=16.96; depression=11.80°; smoothing=5-pt median; dark rows=727
fajr,2019-11-19,05:11,0,41.001299,-2.492408,0.0,Zamorano J. et al. (2019). TESS-W sky brightness network. Zenodo monthly archives. https://zenodo.org/records/3378728. CC0 1.0.,TESS station stars2; photometric inflection method; night median MSAS=20.47; MSAS at inflection=18.71; depression=20.66°; smoothing=5-pt median; dark rows=718
isha,2019-11-19,17:40,0,41.001299,-2.492408,0.0,Zamorano J. et al. (2019). TESS-W sky brightness network. Zenodo monthly archives. https://zenodo.org/records/3378728. CC0 1.0.,TESS station stars2; photometric inflection method; night median MSAS=20.34; MSAS at inflection=18.36; depression=10.02°; smoothing=5-pt median; dark rows=728
fajr,2019-11-20,06:05,0,41.001299,-2.492408,0.0,Zamorano J. et al. (2019). TESS-W sky brightness network. Zenodo monthly archives. https://zenodo.org/records/3378728. CC0 1.0.,TESS station stars2; photometric inflection method; night median MSAS=20.34; MSAS at inflection=17.85; depression=10.98°; smoothing=5-pt median; dark rows=728
isha,2019-11-20,17:31,0,41.001299,-2.492408,0.0,Zamorano J. et al. (2019). TESS-W sky brightness network. Zenodo monthly archives. https://zenodo.org/records/3378728. CC0 1.0.,TESS station stars2; photometric inflection method; night median MSAS=18.36; MSAS at inflection=17.02; depression=8.39°; smoothing=5-pt median; dark rows=749
fajr,2019-11-21,05:46,0,41.001299,-2.492408,0.0,Zamorano J. et al. (2019). TESS-W sky brightness network. Zenodo monthly archives. https://zenodo.org/records/3378728. CC0 1.0.,TESS station stars2; photometric inflection method; night median MSAS=18.36; MSAS at inflection=18.84; depression=14.48°; smoothing=5-pt median; dark rows=749
isha,2019-11-21,18:25,0,41.001299,-2.492408,0.0,Zamorano J. et al. (2019). TESS-W sky brightness network. Zenodo monthly archives. https://zenodo.org/records/3378728. CC0 1.0.,TESS station stars2; photometric inflection method; night median MSAS=18.89; MSAS at inflection=19.46; depression=18.44°; smoothing=5-pt median; dark rows=694
fajr,2019-11-22,06:20,0,41.001299,-2.492408,0.0,Zamorano J. et al. (2019). TESS-W sky brightness network. Zenodo monthly archives. https://zenodo.org/records/3378728. CC0 1.0.,TESS station stars2; photometric inflection method; night median MSAS=18.89; MSAS at inflection=17.23; depression=8.53°; smoothing=5-pt median; dark rows=694
fajr,2019-11-24,06:06,0,41.001299,-2.492408,0.0,Zamorano J. et al. (2019). TESS-W sky brightness network. Zenodo monthly archives. https://zenodo.org/records/3378728. CC0 1.0.,TESS station stars2; photometric inflection method; night median MSAS=20.99; MSAS at inflection=19.19; depression=11.48°; smoothing=5-pt median; dark rows=745
isha,2019-11-27,17:28,0,41.001299,-2.492408,0.0,Zamorano J. et al. (2019). TESS-W sky brightness network. Zenodo monthly archives. https://zenodo.org/records/3378728. CC0 1.0.,TESS station stars2; photometric inflection method; night median MSAS=18.64; MSAS at inflection=16.41; depression=8.48°; smoothing=5-pt median; dark rows=755
isha,2019-11-29,17:32,0,41.001299,-2.492408,0.0,Zamorano J. et al. (2019). TESS-W sky brightness network. Zenodo monthly archives. https://zenodo.org/records/3378728. CC0 1.0.,TESS station stars2; photometric inflection method; night median MSAS=18.10; MSAS at inflection=17.36; depression=9.40°; smoothing=5-pt median; dark rows=739
fajr,2019-11-30,05:46,0,41.001299,-2.492408,0.0,Zamorano J. et al. (2019). TESS-W sky brightness network. Zenodo monthly archives. https://zenodo.org/records/3378728. CC0 1.0.,TESS station stars2; photometric inflection method; night median MSAS=18.10; MSAS at inflection=18.57; depression=16.08°; smoothing=5-pt median; dark rows=739
isha,2019-11-02,19:11,0,38.755452,-6.984508,0.0,Zamorano J. et al. (2019). TESS-W sky brightness network. Zenodo monthly archives. https://zenodo.org/records/3378728. CC0 1.0.,TESS station stars201; photometric inflection method; night median MSAS=20.05; MSAS at inflection=19.17; depression=20.77°; smoothing=5-pt median; dark rows=707
fajr,2019-11-03,05:58,0,38.755452,-6.984508,0.0,Zamorano J. et al. (2019). TESS-W sky brightness network. Zenodo monthly archives. https://zenodo.org/records/3378728. CC0 1.0.,TESS station stars201; photometric inflection method; night median MSAS=20.05; MSAS at inflection=19.51; depression=11.78°; smoothing=5-pt median; dark rows=707
fajr,2019-11-08,06:22,0,38.755452,-6.984508,0.0,Zamorano J. et al. (2019). TESS-W sky brightness network. Zenodo monthly archives. https://zenodo.org/records/3378728. CC0 1.0.,TESS station stars201; photometric inflection method; night median MSAS=18.82; MSAS at inflection=16.40; depression=8.12°; smoothing=5-pt median; dark rows=721
isha,2019-11-08,18:28,0,38.755452,-6.984508,0.0,Zamorano J. et al. (2019). TESS-W sky brightness network. Zenodo monthly archives. https://zenodo.org/records/3378728. CC0 1.0.,TESS station stars201; photometric inflection method; night median MSAS=18.88; MSAS at inflection=18.93; depression=13.53°; smoothing=5-pt median; dark rows=722
fajr,2019-11-16,05:44,0,38.755452,-6.984508,0.0,Zamorano J. et al. (2019). TESS-W sky brightness network. Zenodo monthly archives. https://zenodo.org/records/3378728. CC0 1.0.,TESS station stars201; photometric inflection method; night median MSAS=18.05; MSAS at inflection=15.59; depression=16.82°; smoothing=5-pt median; dark rows=734
isha,2019-11-21,18:00,0,38.755452,-6.984508,0.0,Zamorano J. et al. (2019). TESS-W sky brightness network. Zenodo monthly archives. https://zenodo.org/records/3378728. CC0 1.0.,TESS station stars201; photometric inflection method; night median MSAS=19.83; MSAS at inflection=17.78; depression=9.89°; smoothing=5-pt median; dark rows=740
fajr,2019-11-22,06:26,0,38.755452,-6.984508,0.0,Zamorano J. et al. (2019). TESS-W sky brightness network. Zenodo monthly archives. https://zenodo.org/records/3378728. CC0 1.0.,TESS station stars201; photometric inflection method; night median MSAS=19.83; MSAS at inflection=17.86; depression=10.10°; smoothing=5-pt median; dark rows=740
isha,2019-11-22,18:14,0,38.755452,-6.984508,0.0,Zamorano J. et al. (2019). TESS-W sky brightness network. Zenodo monthly archives. https://zenodo.org/records/3378728. CC0 1.0.,TESS station stars201; photometric inflection method; night median MSAS=20.69; MSAS at inflection=19.56; depression=12.49°; smoothing=5-pt median; dark rows=467
isha,2019-11-26,18:06,0,38.755452,-6.984508,0.0,Zamorano J. et al. (2019). TESS-W sky brightness network. Zenodo monthly archives. https://zenodo.org/records/3378728. CC0 1.0.,TESS station stars201; photometric inflection method; night median MSAS=20.87; MSAS at inflection=19.61; depression=11.39°; smoothing=5-pt median; dark rows=746
isha,2019-11-28,18:12,0,38.755452,-6.984508,0.0,Zamorano J. et al. (2019). TESS-W sky brightness network. Zenodo monthly archives. https://zenodo.org/records/3378728. CC0 1.0.,TESS station stars201; photometric inflection method; night median MSAS=20.29; MSAS at inflection=19.38; depression=12.61°; smoothing=5-pt median; dark rows=748
fajr,2019-11-29,06:08,0,38.755452,-6.984508,0.0,Zamorano J. et al. (2019). TESS-W sky brightness network. Zenodo monthly archives. https://zenodo.org/records/3378728. CC0 1.0.,TESS station stars201; photometric inflection method; night median MSAS=20.29; MSAS at inflection=20.09; depression=14.58°; smoothing=5-pt median; dark rows=748
fajr,2019-11-01,19:06,0,39.322867,-4.950505,0.0,Zamorano J. et al. (2019). TESS-W sky brightness network. Zenodo monthly archives. https://zenodo.org/records/3378728. CC0 1.0.,TESS station stars202; photometric inflection method; night median MSAS=21.00; MSAS at inflection=21.01; depression=21.21°; smoothing=5-pt median; dark rows=134
fajr,2019-11-05,05:29,0,39.322867,-4.950505,0.0,Zamorano J. et al. (2019). TESS-W sky brightness network. Zenodo monthly archives. https://zenodo.org/records/3378728. CC0 1.0.,TESS station stars202; photometric inflection method; night median MSAS=20.80; MSAS at inflection=20.80; depression=16.28°; smoothing=5-pt median; dark rows=697
isha,2019-11-05,18:44,0,39.322867,-4.950505,0.0,Zamorano J. et al. (2019). TESS-W sky brightness network. Zenodo monthly archives. https://zenodo.org/records/3378728. CC0 1.0.,TESS station stars202; photometric inflection method; night median MSAS=19.37; MSAS at inflection=19.38; depression=17.72°; smoothing=5-pt median; dark rows=147
isha,2019-11-08,18:33,0,39.322867,-4.950505,0.0,Zamorano J. et al. (2019). TESS-W sky brightness network. Zenodo monthly archives. https://zenodo.org/records/3378728. CC0 1.0.,TESS station stars202; photometric inflection method; night median MSAS=18.88; MSAS at inflection=19.04; depression=16.19°; smoothing=5-pt median; dark rows=713
isha,2019-11-01,17:33,1,48.259558,11.669902,0.0,Zamorano J. et al. (2019). TESS-W sky brightness network. Zenodo monthly archives. https://zenodo.org/records/3378728. CC0 1.0.,TESS station stars208; photometric inflection method; night median MSAS=17.50; MSAS at inflection=15.25; depression=6.93°; smoothing=5-pt median; dark rows=728
isha,2019-11-02,17:56,1,48.259558,11.669902,0.0,Zamorano J. et al. (2019). TESS-W sky brightness network. Zenodo monthly archives. https://zenodo.org/records/3378728. CC0 1.0.,TESS station stars208; photometric inflection method; night median MSAS=18.47; MSAS at inflection=17.82; depression=10.96°; smoothing=5-pt median; dark rows=726
fajr,2019-11-03,06:17,1,48.259558,11.669902,0.0,Zamorano J. et al. (2019). TESS-W sky brightness network. Zenodo monthly archives. https://zenodo.org/records/3378728. CC0 1.0.,TESS station stars208; photometric inflection method; night median MSAS=18.47; MSAS at inflection=16.53; depression=7.76°; smoothing=5-pt median; dark rows=726
isha,2019-11-03,17:33,1,48.259558,11.669902,0.0,Zamorano J. et al. (2019). TESS-W sky brightness network. Zenodo monthly archives. https://zenodo.org/records/3378728. CC0 1.0.,TESS station stars208; photometric inflection method; night median MSAS=17.99; MSAS at inflection=15.84; depression=7.42°; smoothing=5-pt median; dark rows=728
fajr,2019-11-04,05:04,1,48.259558,11.669902,0.0,Zamorano J. et al. (2019). TESS-W sky brightness network. Zenodo monthly archives. https://zenodo.org/records/3378728. CC0 1.0.,TESS station stars208; photometric inflection method; night median MSAS=17.99; MSAS at inflection=18.73; depression=19.92°; smoothing=5-pt median; dark rows=728
fajr,2019-11-05,05:01,-8,31.0435,-115.4641,0.0,Zamorano J. et al. (2019). TESS-W sky brightness network. Zenodo monthly archives. https://zenodo.org/records/3378728. CC0 1.0.,TESS station stars213; photometric inflection method; night median MSAS=20.83; MSAS at inflection=20.39; depression=12.99°; smoothing=5-pt median; dark rows=697
fajr,2019-11-09,05:18,-8,31.0435,-115.4641,0.0,Zamorano J. et al. (2019). TESS-W sky brightness network. Zenodo monthly archives. https://zenodo.org/records/3378728. CC0 1.0.,TESS station stars213; photometric inflection method; night median MSAS=18.87; MSAS at inflection=18.53; depression=10.04°; smoothing=5-pt median; dark rows=704
isha,2019-11-09,18:10,-8,31.0435,-115.4641,0.0,Zamorano J. et al. (2019). TESS-W sky brightness network. Zenodo monthly archives. https://zenodo.org/records/3378728. CC0 1.0.,TESS station stars213; photometric inflection method; night median MSAS=17.85; MSAS at inflection=17.44; depression=18.07°; smoothing=5-pt median; dark rows=704
fajr,2019-11-10,05:17,-8,31.0435,-115.4641,0.0,Zamorano J. et al. (2019). TESS-W sky brightness network. Zenodo monthly archives. https://zenodo.org/records/3378728. CC0 1.0.,TESS station stars213; photometric inflection method; night median MSAS=17.85; MSAS at inflection=18.96; depression=10.55°; smoothing=5-pt median; dark rows=704
isha,2019-11-12,17:58,-8,31.0435,-115.4641,0.0,Zamorano J. et al. (2019). TESS-W sky brightness network. Zenodo monthly archives. https://zenodo.org/records/3378728. CC0 1.0.,TESS station stars213; photometric inflection method; night median MSAS=17.56; MSAS at inflection=19.69; depression=15.82°; smoothing=5-pt median; dark rows=708
isha,2019-11-14,17:33,-8,31.0435,-115.4641,0.0,Zamorano J. et al. (2019). TESS-W sky brightness network. Zenodo monthly archives. https://zenodo.org/records/3378728. CC0 1.0.,TESS station stars213; photometric inflection method; night median MSAS=17.78; MSAS at inflection=18.28; depression=10.82°; smoothing=5-pt median; dark rows=709
isha,2019-11-18,18:09,-8,31.0435,-115.4641,0.0,Zamorano J. et al. (2019). TESS-W sky brightness network. Zenodo monthly archives. https://zenodo.org/records/3378728. CC0 1.0.,TESS station stars213; photometric inflection method; night median MSAS=20.68; MSAS at inflection=21.47; depression=18.75°; smoothing=5-pt median; dark rows=713
isha,2019-11-19,18:23,-8,31.0435,-115.4641,0.0,Zamorano J. et al. (2019). TESS-W sky brightness network. Zenodo monthly archives. https://zenodo.org/records/3378728. CC0 1.0.,TESS station stars213; photometric inflection method; night median MSAS=21.48; MSAS at inflection=21.39; depression=21.70°; smoothing=5-pt median; dark rows=716
isha,2019-11-21,17:55,-8,31.0435,-115.4641,0.0,Zamorano J. et al. (2019). TESS-W sky brightness network. Zenodo monthly archives. https://zenodo.org/records/3378728. CC0 1.0.,TESS station stars213; photometric inflection method; night median MSAS=21.33; MSAS at inflection=21.25; depression=15.83°; smoothing=5-pt median; dark rows=719
isha,2019-11-22,17:43,-8,31.0435,-115.4641,0.0,Zamorano J. et al. (2019). TESS-W sky brightness network. Zenodo monthly archives. https://zenodo.org/records/3378728. CC0 1.0.,TESS station stars213; photometric inflection method; night median MSAS=21.41; MSAS at inflection=20.82; depression=13.55°; smoothing=5-pt median; dark rows=713
isha,2019-11-24,17:32,-8,31.0435,-115.4641,0.0,Zamorano J. et al. (2019). TESS-W sky brightness network. Zenodo monthly archives. https://zenodo.org/records/3378728. CC0 1.0.,TESS station stars213; photometric inflection method; night median MSAS=21.54; MSAS at inflection=19.37; depression=11.35°; smoothing=5-pt median; dark rows=722
fajr,2019-11-25,05:14,-8,31.0435,-115.4641,0.0,Zamorano J. et al. (2019). TESS-W sky brightness network. Zenodo monthly archives. https://zenodo.org/records/3378728. CC0 1.0.,TESS station stars213; photometric inflection method; night median MSAS=21.54; MSAS at inflection=21.06; depression=13.53°; smoothing=5-pt median; dark rows=722
isha,2019-11-26,18:00,-8,31.0435,-115.4641,0.0,Zamorano J. et al. (2019). TESS-W sky brightness network. Zenodo monthly archives. https://zenodo.org/records/3378728. CC0 1.0.,TESS station stars213; photometric inflection method; night median MSAS=21.48; MSAS at inflection=21.45; depression=17.16°; smoothing=5-pt median; dark rows=722
fajr,2019-11-29,04:45,-8,31.0435,-115.4641,0.0,Zamorano J. et al. (2019). TESS-W sky brightness network. Zenodo monthly archives. https://zenodo.org/records/3378728. CC0 1.0.,TESS station stars213; photometric inflection method; night median MSAS=22.17; MSAS at inflection=22.05; depression=20.02°; smoothing=5-pt median; dark rows=621
isha,2019-11-17,20:45,12,-41.305029,174.783092,0.0,Zamorano J. et al. (2019). TESS-W sky brightness network. Zenodo monthly archives. https://zenodo.org/records/3378728. CC0 1.0.,TESS station stars214; photometric inflection method; night median MSAS=17.55; MSAS at inflection=17.85; depression=14.01°; smoothing=5-pt median; dark rows=451
fajr,2019-11-18,02:30,12,-41.305029,174.783092,0.0,Zamorano J. et al. (2019). TESS-W sky brightness network. Zenodo monthly archives. https://zenodo.org/records/3378728. CC0 1.0.,TESS station stars214; photometric inflection method; night median MSAS=17.55; MSAS at inflection=18.23; depression=21.02°; smoothing=5-pt median; dark rows=451
fajr,2019-11-19,03:34,12,-41.305029,174.783092,0.0,Zamorano J. et al. (2019). TESS-W sky brightness network. Zenodo monthly archives. https://zenodo.org/records/3378728. CC0 1.0.,TESS station stars214; photometric inflection method; night median MSAS=19.47; MSAS at inflection=19.17; depression=12.58°; smoothing=5-pt median; dark rows=448
fajr,2019-11-21,03:17,12,-41.305029,174.783092,0.0,Zamorano J. et al. (2019). TESS-W sky brightness network. Zenodo monthly archives. https://zenodo.org/records/3378728. CC0 1.0.,TESS station stars214; photometric inflection method; night median MSAS=19.58; MSAS at inflection=19.48; depression=14.64°; smoothing=5-pt median; dark rows=421
fajr,2019-11-22,02:50,12,-41.305029,174.783092,0.0,Zamorano J. et al. (2019). TESS-W sky brightness network. Zenodo monthly archives. https://zenodo.org/records/3378728. CC0 1.0.,TESS station stars214; photometric inflection method; night median MSAS=19.46; MSAS at inflection=19.30; depression=17.92°; smoothing=5-pt median; dark rows=443
isha,2019-11-23,20:15,12,-41.305029,174.783092,0.0,Zamorano J. et al. (2019). TESS-W sky brightness network. Zenodo monthly archives. https://zenodo.org/records/3378728. CC0 1.0.,TESS station stars214; photometric inflection method; night median MSAS=18.91; MSAS at inflection=16.49; depression=8.38°; smoothing=5-pt median; dark rows=438
fajr,2019-11-25,03:21,12,-41.305029,174.783092,0.0,Zamorano J. et al. (2019). TESS-W sky brightness network. Zenodo monthly archives. https://zenodo.org/records/3378728. CC0 1.0.,TESS station stars214; photometric inflection method; night median MSAS=19.42; MSAS at inflection=19.35; depression=13.59°; smoothing=5-pt median; dark rows=436
isha,2019-11-25,20:55,12,-41.305029,174.783092,0.0,Zamorano J. et al. (2019). TESS-W sky brightness network. Zenodo monthly archives. https://zenodo.org/records/3378728. CC0 1.0.,TESS station stars214; photometric inflection method; night median MSAS=19.57; MSAS at inflection=19.18; depression=13.69°; smoothing=5-pt median; dark rows=434
fajr,2019-11-28,03:52,12,-41.305029,174.783092,0.0,Zamorano J. et al. (2019). TESS-W sky brightness network. Zenodo monthly archives. https://zenodo.org/records/3378728. CC0 1.0.,TESS station stars214; photometric inflection method; night median MSAS=18.05; MSAS at inflection=15.81; depression=8.81°; smoothing=5-pt median; dark rows=430
isha,2019-11-29,21:38,12,-41.305029,174.783092,0.0,Zamorano J. et al. (2019). TESS-W sky brightness network. Zenodo monthly archives. https://zenodo.org/records/3378728. CC0 1.0.,TESS station stars214; photometric inflection method; night median MSAS=18.70; MSAS at inflection=18.80; depression=18.22°; smoothing=5-pt median; dark rows=424
fajr,2019-11-30,02:11,12,-41.305029,174.783092,0.0,Zamorano J. et al. (2019). TESS-W sky brightness network. Zenodo monthly archives. https://zenodo.org/records/3378728. CC0 1.0.,TESS station stars214; photometric inflection method; night median MSAS=18.70; MSAS at inflection=18.81; depression=21.08°; smoothing=5-pt median; dark rows=424
fajr,2019-11-03,03:40,10,-38.272981,145.041536,0.0,Zamorano J. et al. (2019). TESS-W sky brightness network. Zenodo monthly archives. https://zenodo.org/records/3378728. CC0 1.0.,TESS station stars215; photometric inflection method; night median MSAS=19.64; MSAS at inflection=20.67; depression=16.60°; smoothing=5-pt median; dark rows=501
isha,2019-11-03,20:45,10,-38.272981,145.041536,0.0,Zamorano J. et al. (2019). TESS-W sky brightness network. Zenodo monthly archives. https://zenodo.org/records/3378728. CC0 1.0.,TESS station stars215; photometric inflection method; night median MSAS=20.34; MSAS at inflection=18.08; depression=19.46°; smoothing=5-pt median; dark rows=501
fajr,2019-11-04,04:07,10,-38.272981,145.041536,0.0,Zamorano J. et al. (2019). TESS-W sky brightness network. Zenodo monthly archives. https://zenodo.org/records/3378728. CC0 1.0.,TESS station stars215; photometric inflection method; night median MSAS=20.34; MSAS at inflection=19.48; depression=11.81°; smoothing=5-pt median; dark rows=501
fajr,2019-11-05,04:06,10,-38.272981,145.041536,0.0,Zamorano J. et al. (2019). TESS-W sky brightness network. Zenodo monthly archives. https://zenodo.org/records/3378728. CC0 1.0.,TESS station stars215; photometric inflection method; night median MSAS=19.32; MSAS at inflection=18.82; depression=11.73°; smoothing=5-pt median; dark rows=496
isha,2019-11-05,20:44,10,-38.272981,145.041536,0.0,Zamorano J. et al. (2019). TESS-W sky brightness network. Zenodo monthly archives. https://zenodo.org/records/3378728. CC0 1.0.,TESS station stars215; photometric inflection method; night median MSAS=18.43; MSAS at inflection=17.66; depression=18.83°; smoothing=5-pt median; dark rows=494
isha,2019-11-06,19:39,10,-38.272981,145.041536,0.0,Zamorano J. et al. (2019). TESS-W sky brightness network. Zenodo monthly archives. https://zenodo.org/records/3378728. CC0 1.0.,TESS station stars215; photometric inflection method; night median MSAS=18.05; MSAS at inflection=15.56; depression=7.92°; smoothing=5-pt median; dark rows=491
fajr,2019-11-07,03:08,10,-38.272981,145.041536,0.0,Zamorano J. et al. (2019). TESS-W sky brightness network. Zenodo monthly archives. https://zenodo.org/records/3378728. CC0 1.0.,TESS station stars215; photometric inflection method; night median MSAS=18.05; MSAS at inflection=19.23; depression=20.55°; smoothing=5-pt median; dark rows=491
isha,2019-11-07,20:51,10,-38.272981,145.041536,0.0,Zamorano J. et al. (2019). TESS-W sky brightness network. Zenodo monthly archives. https://zenodo.org/records/3378728. CC0 1.0.,TESS station stars215; photometric inflection method; night median MSAS=17.96; MSAS at inflection=17.31; depression=19.32°; smoothing=5-pt median; dark rows=466
fajr,2019-11-08,03:03,10,-38.272981,145.041536,0.0,Zamorano J. et al. (2019). TESS-W sky brightness network. Zenodo monthly archives. https://zenodo.org/records/3378728. CC0 1.0.,TESS station stars215; photometric inflection method; night median MSAS=17.96; MSAS at inflection=19.05; depression=21.07°; smoothing=5-pt median; dark rows=466
isha,2019-11-08,20:27,10,-38.272981,145.041536,0.0,Zamorano J. et al. (2019). TESS-W sky brightness network. Zenodo monthly archives. https://zenodo.org/records/3378728. CC0 1.0.,TESS station stars215; photometric inflection method; night median MSAS=18.27; MSAS at inflection=17.51; depression=15.46°; smoothing=5-pt median; dark rows=475
fajr,2019-11-09,03:21,10,-38.272981,145.041536,0.0,Zamorano J. et al. (2019). TESS-W sky brightness network. Zenodo monthly archives. https://zenodo.org/records/3378728. CC0 1.0.,TESS station stars215; photometric inflection method; night median MSAS=18.27; MSAS at inflection=18.74; depression=18.11°; smoothing=5-pt median; dark rows=475
isha,2019-11-09,21:12,10,-38.272981,145.041536,0.0,Zamorano J. et al. (2019). TESS-W sky brightness network. Zenodo monthly archives. https://zenodo.org/records/3378728. CC0 1.0.,TESS station stars215; photometric inflection method; night median MSAS=17.82; MSAS at inflection=17.61; depression=21.89°; smoothing=5-pt median; dark rows=486
fajr,2019-11-10,03:49,10,-38.272981,145.041536,0.0,Zamorano J. et al. (2019). TESS-W sky brightness network. Zenodo monthly archives. https://zenodo.org/records/3378728. CC0 1.0.,TESS station stars215; photometric inflection method; night median MSAS=17.82; MSAS at inflection=18.98; depression=13.57°; smoothing=5-pt median; dark rows=486
isha,2019-11-10,19:45,10,-38.272981,145.041536,0.0,Zamorano J. et al. (2019). TESS-W sky brightness network. Zenodo monthly archives. https://zenodo.org/records/3378728. CC0 1.0.,TESS station stars215; photometric inflection method; night median MSAS=17.59; MSAS at inflection=15.81; depression=7.99°; smoothing=5-pt median; dark rows=484
fajr,2019-11-11,03:56,10,-38.272981,145.041536,0.0,Zamorano J. et al. (2019). TESS-W sky brightness network. Zenodo monthly archives. https://zenodo.org/records/3378728. CC0 1.0.,TESS station stars215; photometric inflection method; night median MSAS=17.59; MSAS at inflection=19.17; depression=12.26°; smoothing=5-pt median; dark rows=484
isha,2019-11-11,19:52,10,-38.272981,145.041536,0.0,Zamorano J. et al. (2019). TESS-W sky brightness network. Zenodo monthly archives. https://zenodo.org/records/3378728. CC0 1.0.,TESS station stars215; photometric inflection method; night median MSAS=17.71; MSAS at inflection=16.21; depression=9.04°; smoothing=5-pt median; dark rows=482
fajr,2019-11-12,03:46,10,-38.272981,145.041536,0.0,Zamorano J. et al. (2019). TESS-W sky brightness network. Zenodo monthly archives. https://zenodo.org/records/3378728. CC0 1.0.,TESS station stars215; photometric inflection method; night median MSAS=17.71; MSAS at inflection=17.96; depression=13.70°; smoothing=5-pt median; dark rows=482
fajr,2019-11-16,03:21,10,-38.272981,145.041536,0.0,Zamorano J. et al. (2019). TESS-W sky brightness network. Zenodo monthly archives. https://zenodo.org/records/3378728. CC0 1.0.,TESS station stars215; photometric inflection method; night median MSAS=18.66; MSAS at inflection=18.82; depression=16.85°; smoothing=5-pt median; dark rows=470
isha,2019-11-17,20:39,10,-38.272981,145.041536,0.0,Zamorano J. et al. (2019). TESS-W sky brightness network. Zenodo monthly archives. https://zenodo.org/records/3378728. CC0 1.0.,TESS station stars215; photometric inflection method; night median MSAS=19.42; MSAS at inflection=19.39; depression=15.24°; smoothing=5-pt median; dark rows=463
fajr,2019-11-20,02:38,10,-38.272981,145.041536,0.0,Zamorano J. et al. (2019). TESS-W sky brightness network. Zenodo monthly archives. https://zenodo.org/records/3378728. CC0 1.0.,TESS station stars215; photometric inflection method; night median MSAS=20.57; MSAS at inflection=19.92; depression=21.95°; smoothing=5-pt median; dark rows=460
isha,2019-11-21,21:17,10,-38.272981,145.041536,0.0,Zamorano J. et al. (2019). TESS-W sky brightness network. Zenodo monthly archives. https://zenodo.org/records/3378728. CC0 1.0.,TESS station stars215; photometric inflection method; night median MSAS=20.31; MSAS at inflection=20.04; depression=19.75°; smoothing=5-pt median; dark rows=456
fajr,2019-11-22,03:43,10,-38.272981,145.041536,0.0,Zamorano J. et al. (2019). TESS-W sky brightness network. Zenodo monthly archives. https://zenodo.org/records/3378728. CC0 1.0.,TESS station stars215; photometric inflection method; night median MSAS=20.31; MSAS at inflection=19.12; depression=12.49°; smoothing=5-pt median; dark rows=456
isha,2019-11-23,21:25,10,-38.272981,145.041536,0.0,Zamorano J. et al. (2019). TESS-W sky brightness network. Zenodo monthly archives. https://zenodo.org/records/3378728. CC0 1.0.,TESS station stars215; photometric inflection method; night median MSAS=20.61; MSAS at inflection=20.23; depression=20.40°; smoothing=5-pt median; dark rows=453
fajr,2019-11-24,03:48,10,-38.272981,145.041536,0.0,Zamorano J. et al. (2019). TESS-W sky brightness network. Zenodo monthly archives. https://zenodo.org/records/3378728. CC0 1.0.,TESS station stars215; photometric inflection method; night median MSAS=20.61; MSAS at inflection=19.09; depression=11.51°; smoothing=5-pt median; dark rows=453
fajr,2019-11-25,03:00,10,-38.272981,145.041536,0.0,Zamorano J. et al. (2019). TESS-W sky brightness network. Zenodo monthly archives. https://zenodo.org/records/3378728. CC0 1.0.,TESS station stars215; photometric inflection method; night median MSAS=20.63; MSAS at inflection=20.54; depression=18.40°; smoothing=5-pt median; dark rows=453
fajr,2019-11-26,03:50,10,-38.272981,145.041536,0.0,Zamorano J. et al. (2019). TESS-W sky brightness network. Zenodo monthly archives. https://zenodo.org/records/3378728. CC0 1.0.,TESS station stars215; photometric inflection method; night median MSAS=18.85; MSAS at inflection=18.39; depression=11.07°; smoothing=5-pt median; dark rows=449
isha,2019-11-26,20:32,10,-38.272981,145.041536,0.0,Zamorano J. et al. (2019). TESS-W sky brightness network. Zenodo monthly archives. https://zenodo.org/records/3378728. CC0 1.0.,TESS station stars215; photometric inflection method; night median MSAS=19.96; MSAS at inflection=19.64; depression=12.30°; smoothing=5-pt median; dark rows=415
fajr,2019-11-27,03:57,10,-38.272981,145.041536,0.0,Zamorano J. et al. (2019). TESS-W sky brightness network. Zenodo monthly archives. https://zenodo.org/records/3378728. CC0 1.0.,TESS station stars215; photometric inflection method; night median MSAS=19.96; MSAS at inflection=17.55; depression=9.80°; smoothing=5-pt median; dark rows=415
isha,2019-11-27,20:51,10,-38.272981,145.041536,0.0,Zamorano J. et al. (2019). TESS-W sky brightness network. Zenodo monthly archives. https://zenodo.org/records/3378728. CC0 1.0.,TESS station stars215; photometric inflection method; night median MSAS=20.50; MSAS at inflection=20.40; depression=14.88°; smoothing=5-pt median; dark rows=444
fajr,2019-11-30,03:34,10,-38.272981,145.041536,0.0,Zamorano J. et al. (2019). TESS-W sky brightness network. Zenodo monthly archives. https://zenodo.org/records/3378728. CC0 1.0.,TESS station stars215; photometric inflection method; night median MSAS=18.62; MSAS at inflection=19.94; depression=13.03°; smoothing=5-pt median; dark rows=443
isha,2019-11-30,21:19,10,-38.272981,145.041536,0.0,Zamorano J. et al. (2019). TESS-W sky brightness network. Zenodo monthly archives. https://zenodo.org/records/3378728. CC0 1.0.,TESS station stars215; photometric inflection method; night median MSAS=18.96; MSAS at inflection=19.61; depression=18.24°; smoothing=5-pt median; dark rows=439
fajr,2019-12-01,02:26,10,-38.272981,145.041536,0.0,Zamorano J. et al. (2019). TESS-W sky brightness network. Zenodo monthly archives. https://zenodo.org/records/3378728. CC0 1.0.,TESS station stars215; photometric inflection method; night median MSAS=18.96; MSAS at inflection=19.38; depression=21.90°; smoothing=5-pt median; dark rows=439
fajr,2019-11-01,04:48,-1,27.964093,-15.563285,0.0,Zamorano J. et al. (2019). TESS-W sky brightness network. Zenodo monthly archives. https://zenodo.org/records/3378728. CC0 1.0.,TESS station stars216; photometric inflection method; night median MSAS=20.68; MSAS at inflection=21.05; depression=19.25°; smoothing=5-pt median; dark rows=389
fajr,2019-11-03,04:57,-1,27.964093,-15.563285,0.0,Zamorano J. et al. (2019). TESS-W sky brightness network. Zenodo monthly archives. https://zenodo.org/records/3378728. CC0 1.0.,TESS station stars216; photometric inflection method; night median MSAS=20.55; MSAS at inflection=20.62; depression=17.49°; smoothing=5-pt median; dark rows=684
fajr,2019-11-04,04:59,-1,27.964093,-15.563285,0.0,Zamorano J. et al. (2019). TESS-W sky brightness network. Zenodo monthly archives. https://zenodo.org/records/3378728. CC0 1.0.,TESS station stars216; photometric inflection method; night median MSAS=20.52; MSAS at inflection=20.51; depression=17.05°; smoothing=5-pt median; dark rows=680
fajr,2019-11-21,04:52,-1,27.964093,-15.563285,0.0,Zamorano J. et al. (2019). TESS-W sky brightness network. Zenodo monthly archives. https://zenodo.org/records/3378728. CC0 1.0.,TESS station stars216; photometric inflection method; night median MSAS=20.39; MSAS at inflection=18.51; depression=20.98°; smoothing=5-pt median; dark rows=699
isha,2019-11-21,18:10,-1,27.964093,-15.563285,0.0,Zamorano J. et al. (2019). TESS-W sky brightness network. Zenodo monthly archives. https://zenodo.org/records/3378728. CC0 1.0.,TESS station stars216; photometric inflection method; night median MSAS=20.28; MSAS at inflection=19.74; depression=13.94°; smoothing=5-pt median; dark rows=690
fajr,2019-11-25,04:57,-1,27.964093,-15.563285,0.0,Zamorano J. et al. (2019). TESS-W sky brightness network. Zenodo monthly archives. https://zenodo.org/records/3378728. CC0 1.0.,TESS station stars216; photometric inflection method; night median MSAS=20.49; MSAS at inflection=20.68; depression=20.44°; smoothing=5-pt median; dark rows=701
isha,2019-11-09,18:02,0,39.10946,-6.6892,0.0,Zamorano J. et al. (2019). TESS-W sky brightness network. Zenodo monthly archives. https://zenodo.org/records/3378728. CC0 1.0.,TESS station stars218; photometric inflection method; night median MSAS=17.51; MSAS at inflection=16.10; depression=8.99°; smoothing=5-pt median; dark rows=725
fajr,2019-11-10,06:29,0,39.10946,-6.6892,0.0,Zamorano J. et al. (2019). TESS-W sky brightness network. Zenodo monthly archives. https://zenodo.org/records/3378728. CC0 1.0.,TESS station stars218; photometric inflection method; night median MSAS=17.51; MSAS at inflection=15.06; depression=7.12°; smoothing=5-pt median; dark rows=725
isha,2019-11-29,19:50,1,-23.236357,16.36177,0.0,Zamorano J. et al. (2019). TESS-W sky brightness network. Zenodo monthly archives. https://zenodo.org/records/3378728. CC0 1.0.,TESS station stars219; photometric inflection method; night median MSAS=21.66; MSAS at inflection=21.40; depression=17.84°; smoothing=5-pt median; dark rows=515
isha,2019-10-31,19:15,-5,-31.798607,-69.297744,0.0,Zamorano J. et al. (2019). TESS-W sky brightness network. Zenodo monthly archives. https://zenodo.org/records/3378728. CC0 1.0.,TESS station stars221; photometric inflection method; night median MSAS=21.36; MSAS at inflection=20.66; depression=15.36°; smoothing=5-pt median; dark rows=528
fajr,2019-11-02,03:47,-5,-31.798607,-69.297744,0.0,Zamorano J. et al. (2019). TESS-W sky brightness network. Zenodo monthly archives. https://zenodo.org/records/3378728. CC0 1.0.,TESS station stars221; photometric inflection method; night median MSAS=21.32; MSAS at inflection=18.87; depression=10.96°; smoothing=5-pt median; dark rows=539
isha,2019-11-02,19:33,-5,-31.798607,-69.297744,0.0,Zamorano J. et al. (2019). TESS-W sky brightness network. Zenodo monthly archives. https://zenodo.org/records/3378728. CC0 1.0.,TESS station stars221; photometric inflection method; night median MSAS=21.07; MSAS at inflection=19.67; depression=18.28°; smoothing=5-pt median; dark rows=536
fajr,2019-11-05,03:38,-5,-31.798607,-69.297744,0.0,Zamorano J. et al. (2019). TESS-W sky brightness network. Zenodo monthly archives. https://zenodo.org/records/3378728. CC0 1.0.,TESS station stars221; photometric inflection method; night median MSAS=20.19; MSAS at inflection=19.54; depression=12.27°; smoothing=5-pt median; dark rows=534
isha,2019-11-05,19:42,-5,-31.798607,-69.297744,0.0,Zamorano J. et al. (2019). TESS-W sky brightness network. Zenodo monthly archives. https://zenodo.org/records/3378728. CC0 1.0.,TESS station stars221; photometric inflection method; night median MSAS=19.96; MSAS at inflection=17.48; depression=19.29°; smoothing=5-pt median; dark rows=532
fajr,2019-11-06,02:48,-5,-31.798607,-69.297744,0.0,Zamorano J. et al. (2019). TESS-W sky brightness network. Zenodo monthly archives. https://zenodo.org/records/3378728. CC0 1.0.,TESS station stars221; photometric inflection method; night median MSAS=19.96; MSAS at inflection=21.30; depression=21.16°; smoothing=5-pt median; dark rows=532
fajr,2019-11-07,03:19,-5,-31.798607,-69.297744,0.0,Zamorano J. et al. (2019). TESS-W sky brightness network. Zenodo monthly archives. https://zenodo.org/records/3378728. CC0 1.0.,TESS station stars221; photometric inflection method; night median MSAS=19.51; MSAS at inflection=20.97; depression=15.34°; smoothing=5-pt median; dark rows=530
isha,2019-11-07,18:55,-5,-31.798607,-69.297744,0.0,Zamorano J. et al. (2019). TESS-W sky brightness network. Zenodo monthly archives. https://zenodo.org/records/3378728. CC0 1.0.,TESS station stars221; photometric inflection method; night median MSAS=18.96; MSAS at inflection=17.33; depression=10.19°; smoothing=5-pt median; dark rows=529
fajr,2019-11-09,03:51,-5,-31.798607,-69.297744,0.0,Zamorano J. et al. (2019). TESS-W sky brightness network. Zenodo monthly archives. https://zenodo.org/records/3378728. CC0 1.0.,TESS station stars221; photometric inflection method; night median MSAS=18.01; MSAS at inflection=17.13; depression=9.08°; smoothing=5-pt median; dark rows=527
fajr,2019-11-10,03:29,-5,-31.798607,-69.297744,0.0,Zamorano J. et al. (2019). TESS-W sky brightness network. Zenodo monthly archives. https://zenodo.org/records/3378728. CC0 1.0.,TESS station stars221; photometric inflection method; night median MSAS=17.95; MSAS at inflection=19.88; depression=12.99°; smoothing=5-pt median; dark rows=524
fajr,2019-11-11,03:14,-5,-31.798607,-69.297744,0.0,Zamorano J. et al. (2019). TESS-W sky brightness network. Zenodo monthly archives. https://zenodo.org/records/3378728. CC0 1.0.,TESS station stars221; photometric inflection method; night median MSAS=18.45; MSAS at inflection=19.43; depression=15.65°; smoothing=5-pt median; dark rows=477
isha,2019-11-12,19:20,-5,-31.798607,-69.297744,0.0,Zamorano J. et al. (2019). TESS-W sky brightness network. Zenodo monthly archives. https://zenodo.org/records/3378728. CC0 1.0.,TESS station stars221; photometric inflection method; night median MSAS=18.80; MSAS at inflection=19.56; depression=14.00°; smoothing=5-pt median; dark rows=516
fajr,2019-11-13,03:28,-5,-31.798607,-69.297744,0.0,Zamorano J. et al. (2019). TESS-W sky brightness network. Zenodo monthly archives. https://zenodo.org/records/3378728. CC0 1.0.,TESS station stars221; photometric inflection method; night median MSAS=18.80; MSAS at inflection=18.95; depression=12.78°; smoothing=5-pt median; dark rows=516
isha,2019-11-13,19:09,-5,-31.798607,-69.297744,0.0,Zamorano J. et al. (2019). TESS-W sky brightness network. Zenodo monthly archives. https://zenodo.org/records/3378728. CC0 1.0.,TESS station stars221; photometric inflection method; night median MSAS=18.83; MSAS at inflection=19.63; depression=11.72°; smoothing=5-pt median; dark rows=516
isha,2019-11-14,19:17,-5,-31.798607,-69.297744,0.0,Zamorano J. et al. (2019). TESS-W sky brightness network. Zenodo monthly archives. https://zenodo.org/records/3378728. CC0 1.0.,TESS station stars221; photometric inflection method; night median MSAS=19.45; MSAS at inflection=20.02; depression=13.04°; smoothing=5-pt median; dark rows=515
fajr,2019-11-15,02:52,-5,-31.798607,-69.297744,0.0,Zamorano J. et al. (2019). TESS-W sky brightness network. Zenodo monthly archives. https://zenodo.org/records/3378728. CC0 1.0.,TESS station stars221; photometric inflection method; night median MSAS=19.45; MSAS at inflection=19.16; depression=18.74°; smoothing=5-pt median; dark rows=515
isha,2019-11-16,19:28,-5,-31.798607,-69.297744,0.0,Zamorano J. et al. (2019). TESS-W sky brightness network. Zenodo monthly archives. https://zenodo.org/records/3378728. CC0 1.0.,TESS station stars221; photometric inflection method; night median MSAS=20.36; MSAS at inflection=21.22; depression=14.64°; smoothing=5-pt median; dark rows=509
fajr,2019-11-17,03:23,-5,-31.798607,-69.297744,0.0,Zamorano J. et al. (2019). TESS-W sky brightness network. Zenodo monthly archives. https://zenodo.org/records/3378728. CC0 1.0.,TESS station stars221; photometric inflection method; night median MSAS=20.36; MSAS at inflection=19.41; depression=13.18°; smoothing=5-pt median; dark rows=509
fajr,2019-11-18,03:29,-5,-31.798607,-69.297744,0.0,Zamorano J. et al. (2019). TESS-W sky brightness network. Zenodo monthly archives. https://zenodo.org/records/3378728. CC0 1.0.,TESS station stars221; photometric inflection method; night median MSAS=20.50; MSAS at inflection=18.75; depression=11.89°; smoothing=5-pt median; dark rows=511
isha,2019-11-19,19:30,-5,-31.798607,-69.297744,0.0,Zamorano J. et al. (2019). TESS-W sky brightness network. Zenodo monthly archives. https://zenodo.org/records/3378728. CC0 1.0.,TESS station stars221; photometric inflection method; night median MSAS=21.47; MSAS at inflection=20.84; depression=14.32°; smoothing=5-pt median; dark rows=507
isha,2019-11-21,19:16,-5,-31.798607,-69.297744,0.0,Zamorano J. et al. (2019). TESS-W sky brightness network. Zenodo monthly archives. https://zenodo.org/records/3378728. CC0 1.0.,TESS station stars221; photometric inflection method; night median MSAS=21.65; MSAS at inflection=19.73; depression=11.53°; smoothing=5-pt median; dark rows=504
fajr,2019-11-24,03:28,-5,-31.798607,-69.297744,0.0,Zamorano J. et al. (2019). TESS-W sky brightness network. Zenodo monthly archives. https://zenodo.org/records/3378728. CC0 1.0.,TESS station stars221; photometric inflection method; night median MSAS=21.50; MSAS at inflection=19.15; depression=11.52°; smoothing=5-pt median; dark rows=501
isha,2019-11-24,19:31,-5,-31.798607,-69.297744,0.0,Zamorano J. et al. (2019). TESS-W sky brightness network. Zenodo monthly archives. https://zenodo.org/records/3378728. CC0 1.0.,TESS station stars221; photometric inflection method; night median MSAS=21.50; MSAS at inflection=20.76; depression=13.56°; smoothing=5-pt median; dark rows=500
fajr,2019-11-27,03:17,-5,-31.798607,-69.297744,0.0,Zamorano J. et al. (2019). TESS-W sky brightness network. Zenodo monthly archives. https://zenodo.org/records/3378728. CC0 1.0.,TESS station stars221; photometric inflection method; night median MSAS=21.45; MSAS at inflection=20.41; depression=13.17°; smoothing=5-pt median; dark rows=497
fajr,2019-11-28,03:22,-5,-31.798607,-69.297744,0.0,Zamorano J. et al. (2019). TESS-W sky brightness network. Zenodo monthly archives. https://zenodo.org/records/3378728. CC0 1.0.,TESS station stars221; photometric inflection method; night median MSAS=21.51; MSAS at inflection=19.82; depression=12.17°; smoothing=5-pt median; dark rows=495
isha,2019-11-28,19:24,-5,-31.798607,-69.297744,0.0,Zamorano J. et al. (2019). TESS-W sky brightness network. Zenodo monthly archives. https://zenodo.org/records/3378728. CC0 1.0.,TESS station stars221; photometric inflection method; night median MSAS=21.39; MSAS at inflection=19.21; depression=11.65°; smoothing=5-pt median; dark rows=494
fajr,2019-11-30,02:37,-5,-31.798607,-69.297744,0.0,Zamorano J. et al. (2019). TESS-W sky brightness network. Zenodo monthly archives. https://zenodo.org/records/3378728. CC0 1.0.,TESS station stars221; photometric inflection method; night median MSAS=21.38; MSAS at inflection=21.00; depression=19.51°; smoothing=5-pt median; dark rows=494
fajr,2019-11-03,05:44,0,41.474,-1.4821,0.0,Zamorano J. et al. (2019). TESS-W sky brightness network. Zenodo monthly archives. https://zenodo.org/records/3378728. CC0 1.0.,TESS station stars225; photometric inflection method; night median MSAS=18.90; MSAS at inflection=18.31; depression=10.75°; smoothing=5-pt median; dark rows=711
isha,2019-11-05,18:18,0,41.474,-1.4821,0.0,Zamorano J. et al. (2019). TESS-W sky brightness network. Zenodo monthly archives. https://zenodo.org/records/3378728. CC0 1.0.,TESS station stars225; photometric inflection method; night median MSAS=19.24; MSAS at inflection=19.49; depression=15.64°; smoothing=5-pt median; dark rows=723
isha,2019-11-20,18:39,0,41.474,-1.4821,0.0,Zamorano J. et al. (2019). TESS-W sky brightness network. Zenodo monthly archives. https://zenodo.org/records/3378728. CC0 1.0.,TESS station stars225; photometric inflection method; night median MSAS=19.02; MSAS at inflection=18.50; depression=21.80°; smoothing=5-pt median; dark rows=751
fajr,2019-11-21,05:36,0,41.474,-1.4821,0.0,Zamorano J. et al. (2019). TESS-W sky brightness network. Zenodo monthly archives. https://zenodo.org/records/3378728. CC0 1.0.,TESS station stars225; photometric inflection method; night median MSAS=19.02; MSAS at inflection=19.71; depression=15.79°; smoothing=5-pt median; dark rows=751
fajr,2019-11-24,05:43,0,41.474,-1.4821,0.0,Zamorano J. et al. (2019). TESS-W sky brightness network. Zenodo monthly archives. https://zenodo.org/records/3378728. CC0 1.0.,TESS station stars225; photometric inflection method; night median MSAS=19.99; MSAS at inflection=20.31; depression=15.07°; smoothing=5-pt median; dark rows=755
fajr,2019-11-30,05:47,0,41.474,-1.4821,0.0,Zamorano J. et al. (2019). TESS-W sky brightness network. Zenodo monthly archives. https://zenodo.org/records/3378728. CC0 1.0.,TESS station stars225; photometric inflection method; night median MSAS=19.74; MSAS at inflection=19.76; depression=15.32°; smoothing=5-pt median; dark rows=763
isha,2019-11-30,17:35,0,41.474,-1.4821,0.0,Zamorano J. et al. (2019). TESS-W sky brightness network. Zenodo monthly archives. https://zenodo.org/records/3378728. CC0 1.0.,TESS station stars225; photometric inflection method; night median MSAS=18.41; MSAS at inflection=17.10; depression=10.84°; smoothing=5-pt median; dark rows=388
isha,2019-11-06,18:07,0,41.6226,-0.9315,0.0,Zamorano J. et al. (2019). TESS-W sky brightness network. Zenodo monthly archives. https://zenodo.org/records/3378728. CC0 1.0.,TESS station stars226; photometric inflection method; night median MSAS=17.57; MSAS at inflection=17.76; depression=14.36°; smoothing=5-pt median; dark rows=723
fajr,2019-11-07,05:04,0,41.6226,-0.9315,0.0,Zamorano J. et al. (2019). TESS-W sky brightness network. Zenodo monthly archives. https://zenodo.org/records/3378728. CC0 1.0.,TESS station stars226; photometric inflection method; night median MSAS=17.57; MSAS at inflection=15.55; depression=18.61°; smoothing=5-pt median; dark rows=723
isha,2019-11-23,17:37,0,41.6226,-0.9315,0.0,Zamorano J. et al. (2019). TESS-W sky brightness network. Zenodo monthly archives. https://zenodo.org/records/3378728. CC0 1.0.,TESS station stars226; photometric inflection method; night median MSAS=18.06; MSAS at inflection=17.68; depression=11.11°; smoothing=5-pt median; dark rows=758
fajr,2019-11-07,04:02,12,-41.235916,175.438977,0.0,Zamorano J. et al. (2019). TESS-W sky brightness network. Zenodo monthly archives. https://zenodo.org/records/3378728. CC0 1.0.,TESS station stars230; photometric inflection method; night median MSAS=18.89; MSAS at inflection=18.04; depression=10.20°; smoothing=5-pt median; dark rows=481
isha,2019-11-18,21:10,12,-41.235916,175.438977,0.0,Zamorano J. et al. (2019). TESS-W sky brightness network. Zenodo monthly archives. https://zenodo.org/records/3378728. CC0 1.0.,TESS station stars230; photometric inflection method; night median MSAS=21.45; MSAS at inflection=21.63; depression=17.58°; smoothing=5-pt median; dark rows=430
fajr,2019-11-19,03:20,12,-41.235916,175.438977,0.0,Zamorano J. et al. (2019). TESS-W sky brightness network. Zenodo monthly archives. https://zenodo.org/records/3378728. CC0 1.0.,TESS station stars230; photometric inflection method; night median MSAS=21.45; MSAS at inflection=19.00; depression=14.25°; smoothing=5-pt median; dark rows=430
isha,2019-11-19,21:16,12,-41.235916,175.438977,0.0,Zamorano J. et al. (2019). TESS-W sky brightness network. Zenodo monthly archives. https://zenodo.org/records/3378728. CC0 1.0.,TESS station stars230; photometric inflection method; night median MSAS=20.91; MSAS at inflection=21.77; depression=18.11°; smoothing=5-pt median; dark rows=445
isha,2019-11-21,20:34,12,-41.235916,175.438977,0.0,Zamorano J. et al. (2019). TESS-W sky brightness network. Zenodo monthly archives. https://zenodo.org/records/3378728. CC0 1.0.,TESS station stars230; photometric inflection method; night median MSAS=21.60; MSAS at inflection=20.05; depression=12.00°; smoothing=5-pt median; dark rows=442
isha,2019-11-28,20:54,12,-41.235916,175.438977,0.0,Zamorano J. et al. (2019). TESS-W sky brightness network. Zenodo monthly archives. https://zenodo.org/records/3378728. CC0 1.0.,TESS station stars230; photometric inflection method; night median MSAS=21.61; MSAS at inflection=20.63; depression=13.36°; smoothing=5-pt median; dark rows=428
fajr,2019-11-29,02:24,12,-41.235916,175.438977,0.0,Zamorano J. et al. (2019). TESS-W sky brightness network. Zenodo monthly archives. https://zenodo.org/records/3378728. CC0 1.0.,TESS station stars230; photometric inflection method; night median MSAS=21.61; MSAS at inflection=21.44; depression=19.65°; smoothing=5-pt median; dark rows=428
fajr,2019-11-02,05:42,1,47.287592,8.61902,0.0,Zamorano J. et al. (2019). TESS-W sky brightness network. Zenodo monthly archives. https://zenodo.org/records/3378728. CC0 1.0.,TESS station stars231; photometric inflection method; night median MSAS=17.94; MSAS at inflection=18.47; depression=15.26°; smoothing=5-pt median; dark rows=727
isha,2019-11-02,19:01,1,47.287592,8.61902,0.0,Zamorano J. et al. (2019). TESS-W sky brightness network. Zenodo monthly archives. https://zenodo.org/records/3378728. CC0 1.0.,TESS station stars231; photometric inflection method; night median MSAS=18.07; MSAS at inflection=18.63; depression=19.65°; smoothing=5-pt median; dark rows=723
isha,2019-11-13,18:48,1,47.287592,8.61902,0.0,Zamorano J. et al. (2019). TESS-W sky brightness network. Zenodo monthly archives. https://zenodo.org/records/3378728. CC0 1.0.,TESS station stars231; photometric inflection method; night median MSAS=17.89; MSAS at inflection=17.15; depression=19.65°; smoothing=5-pt median; dark rows=757
isha,2019-11-18,18:32,1,47.287592,8.61902,0.0,Zamorano J. et al. (2019). TESS-W sky brightness network. Zenodo monthly archives. https://zenodo.org/records/3378728. CC0 1.0.,TESS station stars231; photometric inflection method; night median MSAS=17.98; MSAS at inflection=17.99; depression=17.68°; smoothing=5-pt median; dark rows=768
isha,2019-11-22,18:33,1,47.287592,8.61902,0.0,Zamorano J. et al. (2019). TESS-W sky brightness network. Zenodo monthly archives. https://zenodo.org/records/3378728. CC0 1.0.,TESS station stars231; photometric inflection method; night median MSAS=18.64; MSAS at inflection=19.40; depression=18.23°; smoothing=5-pt median; dark rows=778
fajr,2019-11-24,06:49,1,47.287592,8.61902,0.0,Zamorano J. et al. (2019). TESS-W sky brightness network. Zenodo monthly archives. https://zenodo.org/records/3378728. CC0 1.0.,TESS station stars231; photometric inflection method; night median MSAS=18.60; MSAS at inflection=16.90; depression=8.80°; smoothing=5-pt median; dark rows=776
isha,2019-11-26,18:08,1,47.287592,8.61902,0.0,Zamorano J. et al. (2019). TESS-W sky brightness network. Zenodo monthly archives. https://zenodo.org/records/3378728. CC0 1.0.,TESS station stars231; photometric inflection method; night median MSAS=18.49; MSAS at inflection=18.95; depression=14.56°; smoothing=5-pt median; dark rows=785
fajr,2019-11-03,05:29,1,39.3145,16.7513,0.0,Zamorano J. et al. (2019). TESS-W sky brightness network. Zenodo monthly archives. https://zenodo.org/records/3378728. CC0 1.0.,TESS station stars232; photometric inflection method; night median MSAS=20.91; MSAS at inflection=18.81; depression=10.71°; smoothing=5-pt median; dark rows=707
fajr,2019-11-04,05:35,1,39.3145,16.7513,0.0,Zamorano J. et al. (2019). TESS-W sky brightness network. Zenodo monthly archives. https://zenodo.org/records/3378728. CC0 1.0.,TESS station stars232; photometric inflection method; night median MSAS=20.11; MSAS at inflection=18.32; depression=9.87°; smoothing=5-pt median; dark rows=715
isha,2019-11-04,17:44,1,39.3145,16.7513,0.0,Zamorano J. et al. (2019). TESS-W sky brightness network. Zenodo monthly archives. https://zenodo.org/records/3378728. CC0 1.0.,TESS station stars232; photometric inflection method; night median MSAS=20.66; MSAS at inflection=18.57; depression=11.24°; smoothing=5-pt median; dark rows=716
fajr,2019-11-05,04:58,1,39.3145,16.7513,0.0,Zamorano J. et al. (2019). TESS-W sky brightness network. Zenodo monthly archives. https://zenodo.org/records/3378728. CC0 1.0.,TESS station stars232; photometric inflection method; night median MSAS=20.66; MSAS at inflection=20.06; depression=17.06°; smoothing=5-pt median; dark rows=716
fajr,2019-11-06,05:33,1,39.3145,16.7513,0.0,Zamorano J. et al. (2019). TESS-W sky brightness network. Zenodo monthly archives. https://zenodo.org/records/3378728. CC0 1.0.,TESS station stars232; photometric inflection method; night median MSAS=20.27; MSAS at inflection=18.50; depression=10.53°; smoothing=5-pt median; dark rows=718
isha,2019-11-06,17:37,1,39.3145,16.7513,0.0,Zamorano J. et al. (2019). TESS-W sky brightness network. Zenodo monthly archives. https://zenodo.org/records/3378728. CC0 1.0.,TESS station stars232; photometric inflection method; night median MSAS=19.87; MSAS at inflection=18.71; depression=10.27°; smoothing=5-pt median; dark rows=721
isha,2019-11-08,18:14,1,39.3145,16.7513,0.0,Zamorano J. et al. (2019). TESS-W sky brightness network. Zenodo monthly archives. https://zenodo.org/records/3378728. CC0 1.0.,TESS station stars232; photometric inflection method; night median MSAS=18.99; MSAS at inflection=19.23; depression=17.58°; smoothing=5-pt median; dark rows=724
fajr,2019-11-09,04:40,1,39.3145,16.7513,0.0,Zamorano J. et al. (2019). TESS-W sky brightness network. Zenodo monthly archives. https://zenodo.org/records/3378728. CC0 1.0.,TESS station stars232; photometric inflection method; night median MSAS=18.99; MSAS at inflection=21.01; depression=21.19°; smoothing=5-pt median; dark rows=724
fajr,2019-11-10,05:26,1,39.3145,16.7513,0.0,Zamorano J. et al. (2019). TESS-W sky brightness network. Zenodo monthly archives. https://zenodo.org/records/3378728. CC0 1.0.,TESS station stars232; photometric inflection method; night median MSAS=18.41; MSAS at inflection=20.08; depression=12.65°; smoothing=5-pt median; dark rows=727
fajr,2019-11-11,05:23,1,39.3145,16.7513,0.0,Zamorano J. et al. (2019). TESS-W sky brightness network. Zenodo monthly archives. https://zenodo.org/records/3378728. CC0 1.0.,TESS station stars232; photometric inflection method; night median MSAS=17.57; MSAS at inflection=20.05; depression=13.44°; smoothing=5-pt median; dark rows=728
isha,2019-11-11,17:54,1,39.3145,16.7513,0.0,Zamorano J. et al. (2019). TESS-W sky brightness network. Zenodo monthly archives. https://zenodo.org/records/3378728. CC0 1.0.,TESS station stars232; photometric inflection method; night median MSAS=19.06; MSAS at inflection=18.95; depression=14.22°; smoothing=5-pt median; dark rows=729
fajr,2019-11-12,05:47,1,39.3145,16.7513,0.0,Zamorano J. et al. (2019). TESS-W sky brightness network. Zenodo monthly archives. https://zenodo.org/records/3378728. CC0 1.0.,TESS station stars232; photometric inflection method; night median MSAS=19.06; MSAS at inflection=19.27; depression=9.17°; smoothing=5-pt median; dark rows=729
isha,2019-11-14,17:18,1,39.3145,16.7513,0.0,Zamorano J. et al. (2019). TESS-W sky brightness network. Zenodo monthly archives. https://zenodo.org/records/3378728. CC0 1.0.,TESS station stars232; photometric inflection method; night median MSAS=18.00; MSAS at inflection=16.01; depression=7.93°; smoothing=5-pt median; dark rows=735
isha,2019-11-16,17:49,1,39.3145,16.7513,0.0,Zamorano J. et al. (2019). TESS-W sky brightness network. Zenodo monthly archives. https://zenodo.org/records/3378728. CC0 1.0.,TESS station stars232; photometric inflection method; night median MSAS=18.73; MSAS at inflection=20.38; depression=13.98°; smoothing=5-pt median; dark rows=739
fajr,2019-11-17,04:45,1,39.3145,16.7513,0.0,Zamorano J. et al. (2019). TESS-W sky brightness network. Zenodo monthly archives. https://zenodo.org/records/3378728. CC0 1.0.,TESS station stars232; photometric inflection method; night median MSAS=18.73; MSAS at inflection=17.37; depression=21.82°; smoothing=5-pt median; dark rows=739
isha,2019-11-19,17:27,1,39.3145,16.7513,0.0,Zamorano J. et al. (2019). TESS-W sky brightness network. Zenodo monthly archives. https://zenodo.org/records/3378728. CC0 1.0.,TESS station stars232; photometric inflection method; night median MSAS=20.01; MSAS at inflection=18.40; depression=10.28°; smoothing=5-pt median; dark rows=677
isha,2019-11-20,17:45,1,39.3145,16.7513,0.0,Zamorano J. et al. (2019). TESS-W sky brightness network. Zenodo monthly archives. https://zenodo.org/records/3378728. CC0 1.0.,TESS station stars232; photometric inflection method; night median MSAS=21.01; MSAS at inflection=20.53; depression=13.57°; smoothing=5-pt median; dark rows=741
isha,2019-11-23,17:31,1,39.3145,16.7513,0.0,Zamorano J. et al. (2019). TESS-W sky brightness network. Zenodo monthly archives. https://zenodo.org/records/3378728. CC0 1.0.,TESS station stars232; photometric inflection method; night median MSAS=20.71; MSAS at inflection=19.13; depression=11.33°; smoothing=5-pt median; dark rows=750
fajr,2019-11-24,05:40,1,39.3145,16.7513,0.0,Zamorano J. et al. (2019). TESS-W sky brightness network. Zenodo monthly archives. https://zenodo.org/records/3378728. CC0 1.0.,TESS station stars232; photometric inflection method; night median MSAS=20.71; MSAS at inflection=20.13; depression=12.62°; smoothing=5-pt median; dark rows=750
fajr,2019-11-26,05:47,1,39.3145,16.7513,0.0,Zamorano J. et al. (2019). TESS-W sky brightness network. Zenodo monthly archives. https://zenodo.org/records/3378728. CC0 1.0.,TESS station stars232; photometric inflection method; night median MSAS=20.50; MSAS at inflection=19.73; depression=11.61°; smoothing=5-pt median; dark rows=648
isha,2019-11-26,18:02,1,39.3145,16.7513,0.0,Zamorano J. et al. (2019). TESS-W sky brightness network. Zenodo monthly archives. https://zenodo.org/records/3378728. CC0 1.0.,TESS station stars232; photometric inflection method; night median MSAS=21.11; MSAS at inflection=20.44; depression=17.32°; smoothing=5-pt median; dark rows=754
isha,2019-11-27,18:15,1,39.3145,16.7513,0.0,Zamorano J. et al. (2019). TESS-W sky brightness network. Zenodo monthly archives. https://zenodo.org/records/3378728. CC0 1.0.,TESS station stars232; photometric inflection method; night median MSAS=20.51; MSAS at inflection=19.96; depression=19.81°; smoothing=5-pt median; dark rows=752
isha,2019-11-28,18:03,1,39.3145,16.7513,0.0,Zamorano J. et al. (2019). TESS-W sky brightness network. Zenodo monthly archives. https://zenodo.org/records/3378728. CC0 1.0.,TESS station stars232; photometric inflection method; night median MSAS=20.34; MSAS at inflection=21.09; depression=17.63°; smoothing=5-pt median; dark rows=756
fajr,2019-11-29,05:22,1,39.3145,16.7513,0.0,Zamorano J. et al. (2019). TESS-W sky brightness network. Zenodo monthly archives. https://zenodo.org/records/3378728. CC0 1.0.,TESS station stars232; photometric inflection method; night median MSAS=20.34; MSAS at inflection=21.08; depression=16.78°; smoothing=5-pt median; dark rows=756
isha,2019-11-29,17:30,1,39.3145,16.7513,0.0,Zamorano J. et al. (2019). TESS-W sky brightness network. Zenodo monthly archives. https://zenodo.org/records/3378728. CC0 1.0.,TESS station stars232; photometric inflection method; night median MSAS=20.39; MSAS at inflection=18.67; depression=11.47°; smoothing=5-pt median; dark rows=755
isha,2019-11-30,17:29,1,39.3145,16.7513,0.0,Zamorano J. et al. (2019). TESS-W sky brightness network. Zenodo monthly archives. https://zenodo.org/records/3378728. CC0 1.0.,TESS station stars232; photometric inflection method; night median MSAS=21.09; MSAS at inflection=18.70; depression=11.33°; smoothing=5-pt median; dark rows=457
fajr,2019-11-27,05:46,0,38.907083,-6.338666,0.0,Zamorano J. et al. (2019). TESS-W sky brightness network. Zenodo monthly archives. https://zenodo.org/records/3378728. CC0 1.0.,TESS station stars233; photometric inflection method; night median MSAS=18.41; MSAS at inflection=17.65; depression=17.96°; smoothing=5-pt median; dark rows=749
isha,2019-11-20,16:57,0,43.978085,6.01788,0.0,Zamorano J. et al. (2019). TESS-W sky brightness network. Zenodo monthly archives. https://zenodo.org/records/3378728. CC0 1.0.,TESS station stars239; photometric inflection method; night median MSAS=20.32; MSAS at inflection=18.14; depression=9.45°; smoothing=5-pt median; dark rows=238
isha,2019-11-01,18:26,-1,27.900833,-15.514722,0.0,Zamorano J. et al. (2019). TESS-W sky brightness network. Zenodo monthly archives. https://zenodo.org/records/3378728. CC0 1.0.,TESS station stars24; photometric inflection method; night median MSAS=20.46; MSAS at inflection=20.10; depression=15.55°; smoothing=5-pt median; dark rows=609
isha,2019-11-04,18:01,-1,27.900833,-15.514722,0.0,Zamorano J. et al. (2019). TESS-W sky brightness network. Zenodo monthly archives. https://zenodo.org/records/3378728. CC0 1.0.,TESS station stars24; photometric inflection method; night median MSAS=20.49; MSAS at inflection=18.02; depression=10.49°; smoothing=5-pt median; dark rows=656
isha,2019-11-06,18:00,-1,27.900833,-15.514722,0.0,Zamorano J. et al. (2019). TESS-W sky brightness network. Zenodo monthly archives. https://zenodo.org/records/3378728. CC0 1.0.,TESS station stars24; photometric inflection method; night median MSAS=18.61; MSAS at inflection=17.39; depression=10.71°; smoothing=5-pt median; dark rows=645
isha,2019-11-08,17:54,-1,27.900833,-15.514722,0.0,Zamorano J. et al. (2019). TESS-W sky brightness network. Zenodo monthly archives. https://zenodo.org/records/3378728. CC0 1.0.,TESS station stars24; photometric inflection method; night median MSAS=18.33; MSAS at inflection=16.83; depression=9.52°; smoothing=5-pt median; dark rows=686
isha,2019-11-10,18:27,-1,27.900833,-15.514722,0.0,Zamorano J. et al. (2019). TESS-W sky brightness network. Zenodo monthly archives. https://zenodo.org/records/3378728. CC0 1.0.,TESS station stars24; photometric inflection method; night median MSAS=17.59; MSAS at inflection=18.38; depression=16.86°; smoothing=5-pt median; dark rows=691
isha,2019-11-18,17:53,-1,27.900833,-15.514722,0.0,Zamorano J. et al. (2019). TESS-W sky brightness network. Zenodo monthly archives. https://zenodo.org/records/3378728. CC0 1.0.,TESS station stars24; photometric inflection method; night median MSAS=19.76; MSAS at inflection=17.80; depression=10.20°; smoothing=5-pt median; dark rows=693
fajr,2019-11-20,04:52,-1,27.900833,-15.514722,0.0,Zamorano J. et al. (2019). TESS-W sky brightness network. Zenodo monthly archives. https://zenodo.org/records/3378728. CC0 1.0.,TESS station stars24; photometric inflection method; night median MSAS=20.11; MSAS at inflection=18.90; depression=20.85°; smoothing=5-pt median; dark rows=624
isha,2019-11-20,18:33,-1,27.900833,-15.514722,0.0,Zamorano J. et al. (2019). TESS-W sky brightness network. Zenodo monthly archives. https://zenodo.org/records/3378728. CC0 1.0.,TESS station stars24; photometric inflection method; night median MSAS=20.22; MSAS at inflection=19.74; depression=18.84°; smoothing=5-pt median; dark rows=705
isha,2019-11-21,18:35,-1,27.900833,-15.514722,0.0,Zamorano J. et al. (2019). TESS-W sky brightness network. Zenodo monthly archives. https://zenodo.org/records/3378728. CC0 1.0.,TESS station stars24; photometric inflection method; night median MSAS=20.44; MSAS at inflection=20.45; depression=19.31°; smoothing=5-pt median; dark rows=636
fajr,2019-11-23,05:02,-1,27.900833,-15.514722,0.0,Zamorano J. et al. (2019). TESS-W sky brightness network. Zenodo monthly archives. https://zenodo.org/records/3378728. CC0 1.0.,TESS station stars24; photometric inflection method; night median MSAS=20.57; MSAS at inflection=20.73; depression=19.03°; smoothing=5-pt median; dark rows=629
fajr,2019-11-25,05:40,-1,27.900833,-15.514722,0.0,Zamorano J. et al. (2019). TESS-W sky brightness network. Zenodo monthly archives. https://zenodo.org/records/3378728. CC0 1.0.,TESS station stars24; photometric inflection method; night median MSAS=20.53; MSAS at inflection=18.55; depression=11.31°; smoothing=5-pt median; dark rows=698
isha,2019-11-25,18:39,-1,27.900833,-15.514722,0.0,Zamorano J. et al. (2019). TESS-W sky brightness network. Zenodo monthly archives. https://zenodo.org/records/3378728. CC0 1.0.,TESS station stars24; photometric inflection method; night median MSAS=20.65; MSAS at inflection=18.67; depression=20.37°; smoothing=5-pt median; dark rows=679
isha,2019-11-28,18:28,-1,27.900833,-15.514722,0.0,Zamorano J. et al. (2019). TESS-W sky brightness network. Zenodo monthly archives. https://zenodo.org/records/3378728. CC0 1.0.,TESS station stars24; photometric inflection method; night median MSAS=20.48; MSAS at inflection=18.45; depression=17.93°; smoothing=5-pt median; dark rows=680
fajr,2019-11-02,05:08,0,52.81282,6.395955,0.0,Zamorano J. et al. (2019). TESS-W sky brightness network. Zenodo monthly archives. https://zenodo.org/records/3378728. CC0 1.0.,TESS station stars242; photometric inflection method; night median MSAS=20.62; MSAS at inflection=20.46; depression=13.11°; smoothing=5-pt median; dark rows=489
isha,2019-11-02,17:22,0,52.81282,6.395955,0.0,Zamorano J. et al. (2019). TESS-W sky brightness network. Zenodo monthly archives. https://zenodo.org/records/3378728. CC0 1.0.,TESS station stars242; photometric inflection method; night median MSAS=20.12; MSAS at inflection=19.60; depression=12.36°; smoothing=5-pt median; dark rows=735
fajr,2019-11-03,05:40,0,52.81282,6.395955,0.0,Zamorano J. et al. (2019). TESS-W sky brightness network. Zenodo monthly archives. https://zenodo.org/records/3378728. CC0 1.0.,TESS station stars242; photometric inflection method; night median MSAS=20.12; MSAS at inflection=17.86; depression=8.47°; smoothing=5-pt median; dark rows=735
isha,2019-11-03,17:51,0,52.81282,6.395955,0.0,Zamorano J. et al. (2019). TESS-W sky brightness network. Zenodo monthly archives. https://zenodo.org/records/3378728. CC0 1.0.,TESS station stars242; photometric inflection method; night median MSAS=20.23; MSAS at inflection=20.16; depression=17.03°; smoothing=5-pt median; dark rows=236
fajr,2019-11-04,04:56,0,52.81282,6.395955,0.0,Zamorano J. et al. (2019). TESS-W sky brightness network. Zenodo monthly archives. https://zenodo.org/records/3378728. CC0 1.0.,TESS station stars242; photometric inflection method; night median MSAS=20.23; MSAS at inflection=20.69; depression=15.32°; smoothing=5-pt median; dark rows=236
isha,2019-11-04,17:53,0,52.81282,6.395955,0.0,Zamorano J. et al. (2019). TESS-W sky brightness network. Zenodo monthly archives. https://zenodo.org/records/3378728. CC0 1.0.,TESS station stars242; photometric inflection method; night median MSAS=20.24; MSAS at inflection=19.36; depression=17.51°; smoothing=5-pt median; dark rows=649
fajr,2019-11-05,05:08,0,52.81282,6.395955,0.0,Zamorano J. et al. (2019). TESS-W sky brightness network. Zenodo monthly archives. https://zenodo.org/records/3378728. CC0 1.0.,TESS station stars242; photometric inflection method; night median MSAS=20.24; MSAS at inflection=20.17; depression=13.79°; smoothing=5-pt median; dark rows=649
isha,2019-11-05,16:54,0,52.81282,6.395955,0.0,Zamorano J. et al. (2019). TESS-W sky brightness network. Zenodo monthly archives. https://zenodo.org/records/3378728. CC0 1.0.,TESS station stars242; photometric inflection method; night median MSAS=19.11; MSAS at inflection=16.78; depression=8.98°; smoothing=5-pt median; dark rows=179
fajr,2019-11-06,05:42,0,52.81282,6.395955,0.0,Zamorano J. et al. (2019). TESS-W sky brightness network. Zenodo monthly archives. https://zenodo.org/records/3378728. CC0 1.0.,TESS station stars242; photometric inflection method; night median MSAS=19.11; MSAS at inflection=17.36; depression=9.04°; smoothing=5-pt median; dark rows=179
isha,2019-11-07,17:01,0,52.81282,6.395955,0.0,Zamorano J. et al. (2019). TESS-W sky brightness network. Zenodo monthly archives. https://zenodo.org/records/3378728. CC0 1.0.,TESS station stars242; photometric inflection method; night median MSAS=19.02; MSAS at inflection=17.82; depression=10.46°; smoothing=5-pt median; dark rows=201
fajr,2019-11-08,05:03,0,52.81282,6.395955,0.0,Zamorano J. et al. (2019). TESS-W sky brightness network. Zenodo monthly archives. https://zenodo.org/records/3378728. CC0 1.0.,TESS station stars242; photometric inflection method; night median MSAS=19.02; MSAS at inflection=20.75; depression=15.28°; smoothing=5-pt median; dark rows=201
isha,2019-11-08,17:04,0,52.81282,6.395955,0.0,Zamorano J. et al. (2019). TESS-W sky brightness network. Zenodo monthly archives. https://zenodo.org/records/3378728. CC0 1.0.,TESS station stars242; photometric inflection method; night median MSAS=19.22; MSAS at inflection=18.99; depression=11.16°; smoothing=5-pt median; dark rows=756
fajr,2019-11-09,05:50,0,52.81282,6.395955,0.0,Zamorano J. et al. (2019). TESS-W sky brightness network. Zenodo monthly archives. https://zenodo.org/records/3378728. CC0 1.0.,TESS station stars242; photometric inflection method; night median MSAS=19.22; MSAS at inflection=16.77; depression=8.48°; smoothing=5-pt median; dark rows=756
isha,2019-11-09,17:15,0,52.81282,6.395955,0.0,Zamorano J. et al. (2019). TESS-W sky brightness network. Zenodo monthly archives. https://zenodo.org/records/3378728. CC0 1.0.,TESS station stars242; photometric inflection method; night median MSAS=17.69; MSAS at inflection=18.71; depression=13.02°; smoothing=5-pt median; dark rows=218
fajr,2019-11-10,04:37,0,52.81282,6.395955,0.0,Zamorano J. et al. (2019). TESS-W sky brightness network. Zenodo monthly archives. https://zenodo.org/records/3378728. CC0 1.0.,TESS station stars242; photometric inflection method; night median MSAS=17.69; MSAS at inflection=19.91; depression=19.61°; smoothing=5-pt median; dark rows=218
isha,2019-11-10,17:42,0,52.81282,6.395955,0.0,Zamorano J. et al. (2019). TESS-W sky brightness network. Zenodo monthly archives. https://zenodo.org/records/3378728. CC0 1.0.,TESS station stars242; photometric inflection method; night median MSAS=18.14; MSAS at inflection=19.12; depression=17.31°; smoothing=5-pt median; dark rows=765
isha,2019-11-15,17:27,0,52.81282,6.395955,0.0,Zamorano J. et al. (2019). TESS-W sky brightness network. Zenodo monthly archives. https://zenodo.org/records/3378728. CC0 1.0.,TESS station stars242; photometric inflection method; night median MSAS=17.77; MSAS at inflection=19.51; depression=16.00°; smoothing=5-pt median; dark rows=782
fajr,2019-11-16,05:19,0,52.81282,6.395955,0.0,Zamorano J. et al. (2019). TESS-W sky brightness network. Zenodo monthly archives. https://zenodo.org/records/3378728. CC0 1.0.,TESS station stars242; photometric inflection method; night median MSAS=17.77; MSAS at inflection=18.10; depression=14.75°; smoothing=5-pt median; dark rows=782
isha,2019-11-16,17:01,0,52.81282,6.395955,0.0,Zamorano J. et al. (2019). TESS-W sky brightness network. Zenodo monthly archives. https://zenodo.org/records/3378728. CC0 1.0.,TESS station stars242; photometric inflection method; night median MSAS=18.11; MSAS at inflection=19.31; depression=12.34°; smoothing=5-pt median; dark rows=784
fajr,2019-11-17,06:02,0,52.81282,6.395955,0.0,Zamorano J. et al. (2019). TESS-W sky brightness network. Zenodo monthly archives. https://zenodo.org/records/3378728. CC0 1.0.,TESS station stars242; photometric inflection method; night median MSAS=18.11; MSAS at inflection=17.17; depression=8.68°; smoothing=5-pt median; dark rows=784
isha,2019-11-17,16:40,0,52.81282,6.395955,0.0,Zamorano J. et al. (2019). TESS-W sky brightness network. Zenodo monthly archives. https://zenodo.org/records/3378728. CC0 1.0.,TESS station stars242; photometric inflection method; night median MSAS=19.50; MSAS at inflection=17.78; depression=9.37°; smoothing=5-pt median; dark rows=306
fajr,2019-11-20,05:29,0,52.81282,6.395955,0.0,Zamorano J. et al. (2019). TESS-W sky brightness network. Zenodo monthly archives. https://zenodo.org/records/3378728. CC0 1.0.,TESS station stars242; photometric inflection method; night median MSAS=20.45; MSAS at inflection=18.62; depression=14.05°; smoothing=5-pt median; dark rows=790
fajr,2019-11-21,04:58,0,52.81282,6.395955,0.0,Zamorano J. et al. (2019). TESS-W sky brightness network. Zenodo monthly archives. https://zenodo.org/records/3378728. CC0 1.0.,TESS station stars242; photometric inflection method; night median MSAS=19.31; MSAS at inflection=19.08; depression=18.94°; smoothing=5-pt median; dark rows=797
isha,2019-11-21,16:39,0,52.81282,6.395955,0.0,Zamorano J. et al. (2019). TESS-W sky brightness network. Zenodo monthly archives. https://zenodo.org/records/3378728. CC0 1.0.,TESS station stars242; photometric inflection method; night median MSAS=20.04; MSAS at inflection=18.17; depression=9.87°; smoothing=5-pt median; dark rows=798
fajr,2019-11-22,04:49,0,52.81282,6.395955,0.0,Zamorano J. et al. (2019). TESS-W sky brightness network. Zenodo monthly archives. https://zenodo.org/records/3378728. CC0 1.0.,TESS station stars242; photometric inflection method; night median MSAS=20.04; MSAS at inflection=19.89; depression=20.52°; smoothing=5-pt median; dark rows=798
fajr,2019-11-23,05:58,0,52.81282,6.395955,0.0,Zamorano J. et al. (2019). TESS-W sky brightness network. Zenodo monthly archives. https://zenodo.org/records/3378728. CC0 1.0.,TESS station stars242; photometric inflection method; night median MSAS=20.48; MSAS at inflection=18.62; depression=10.60°; smoothing=5-pt median; dark rows=802
isha,2019-11-24,17:50,0,52.81282,6.395955,0.0,Zamorano J. et al. (2019). TESS-W sky brightness network. Zenodo monthly archives. https://zenodo.org/records/3378728. CC0 1.0.,TESS station stars242; photometric inflection method; night median MSAS=20.58; MSAS at inflection=20.57; depression=20.57°; smoothing=5-pt median; dark rows=806
fajr,2019-11-25,05:36,0,52.81282,6.395955,0.0,Zamorano J. et al. (2019). TESS-W sky brightness network. Zenodo monthly archives. https://zenodo.org/records/3378728. CC0 1.0.,TESS station stars242; photometric inflection method; night median MSAS=20.58; MSAS at inflection=20.04; depression=14.07°; smoothing=5-pt median; dark rows=806
fajr,2019-11-26,05:06,0,52.81282,6.395955,0.0,Zamorano J. et al. (2019). TESS-W sky brightness network. Zenodo monthly archives. https://zenodo.org/records/3378728. CC0 1.0.,TESS station stars242; photometric inflection method; night median MSAS=20.34; MSAS at inflection=20.41; depression=18.76°; smoothing=5-pt median; dark rows=714
fajr,2019-11-27,06:13,0,52.81282,6.395955,0.0,Zamorano J. et al. (2019). TESS-W sky brightness network. Zenodo monthly archives. https://zenodo.org/records/3378728. CC0 1.0.,TESS station stars242; photometric inflection method; night median MSAS=20.07; MSAS at inflection=18.43; depression=9.18°; smoothing=5-pt median; dark rows=735
isha,2019-11-27,17:23,0,52.81282,6.395955,0.0,Zamorano J. et al. (2019). TESS-W sky brightness network. Zenodo monthly archives. https://zenodo.org/records/3378728. CC0 1.0.,TESS station stars242; photometric inflection method; night median MSAS=20.45; MSAS at inflection=19.89; depression=16.94°; smoothing=5-pt median; dark rows=131
fajr,2019-11-30,05:34,0,52.81282,6.395955,0.0,Zamorano J. et al. (2019). TESS-W sky brightness network. Zenodo monthly archives. https://zenodo.org/records/3378728. CC0 1.0.,TESS station stars242; photometric inflection method; night median MSAS=20.99; MSAS at inflection=20.90; depression=15.35°; smoothing=5-pt median; dark rows=412
isha,2019-11-03,17:03,0,50.858144,5.836412,0.0,Zamorano J. et al. (2019). TESS-W sky brightness network. Zenodo monthly archives. https://zenodo.org/records/3378728. CC0 1.0.,TESS station stars243; photometric inflection method; night median MSAS=17.79; MSAS at inflection=15.76; depression=9.03°; smoothing=5-pt median; dark rows=740
fajr,2019-11-04,04:26,0,50.858144,5.836412,0.0,Zamorano J. et al. (2019). TESS-W sky brightness network. Zenodo monthly archives. https://zenodo.org/records/3378728. CC0 1.0.,TESS station stars243; photometric inflection method; night median MSAS=17.79; MSAS at inflection=18.71; depression=20.20°; smoothing=5-pt median; dark rows=740
isha,2019-11-04,16:56,0,50.858144,5.836412,0.0,Zamorano J. et al. (2019). TESS-W sky brightness network. Zenodo monthly archives. https://zenodo.org/records/3378728. CC0 1.0.,TESS station stars243; photometric inflection method; night median MSAS=17.85; MSAS at inflection=16.05; depression=8.24°; smoothing=5-pt median; dark rows=745
isha,2019-11-06,16:57,0,50.858144,5.836412,0.0,Zamorano J. et al. (2019). TESS-W sky brightness network. Zenodo monthly archives. https://zenodo.org/records/3378728. CC0 1.0.,TESS station stars243; photometric inflection method; night median MSAS=17.53; MSAS at inflection=16.46; depression=8.85°; smoothing=5-pt median; dark rows=751
fajr,2019-11-09,05:24,0,50.858144,5.836412,0.0,Zamorano J. et al. (2019). TESS-W sky brightness network. Zenodo monthly archives. https://zenodo.org/records/3378728. CC0 1.0.,TESS station stars243; photometric inflection method; night median MSAS=18.32; MSAS at inflection=16.90; depression=12.23°; smoothing=5-pt median; dark rows=757
isha,2019-11-10,16:52,0,50.858144,5.836412,0.0,Zamorano J. et al. (2019). TESS-W sky brightness network. Zenodo monthly archives. https://zenodo.org/records/3378728. CC0 1.0.,TESS station stars243; photometric inflection method; night median MSAS=17.85; MSAS at inflection=17.18; depression=8.97°; smoothing=5-pt median; dark rows=762
isha,2019-11-16,16:53,0,50.858144,5.836412,0.0,Zamorano J. et al. (2019). TESS-W sky brightness network. Zenodo monthly archives. https://zenodo.org/records/3378728. CC0 1.0.,TESS station stars243; photometric inflection method; night median MSAS=18.04; MSAS at inflection=18.32; depression=10.16°; smoothing=5-pt median; dark rows=777
fajr,2019-11-17,05:05,0,50.858144,5.836412,0.0,Zamorano J. et al. (2019). TESS-W sky brightness network. Zenodo monthly archives. https://zenodo.org/records/3378728. CC0 1.0.,TESS station stars243; photometric inflection method; night median MSAS=18.04; MSAS at inflection=17.81; depression=17.05°; smoothing=5-pt median; dark rows=777
isha,2019-11-30,16:27,0,50.858144,5.836412,0.0,Zamorano J. et al. (2019). TESS-W sky brightness network. Zenodo monthly archives. https://zenodo.org/records/3378728. CC0 1.0.,TESS station stars243; photometric inflection method; night median MSAS=18.15; MSAS at inflection=16.41; depression=8.06°; smoothing=5-pt median; dark rows=438
fajr,2019-11-06,05:24,-5,7.802413,-80.758412,0.0,Zamorano J. et al. (2019). TESS-W sky brightness network. Zenodo monthly archives. https://zenodo.org/records/3378728. CC0 1.0.,TESS station stars247; photometric inflection method; night median MSAS=18.59; MSAS at inflection=18.94; depression=12.17°; smoothing=5-pt median; dark rows=647
fajr,2019-11-20,05:10,-5,7.802413,-80.758412,0.0,Zamorano J. et al. (2019). TESS-W sky brightness network. Zenodo monthly archives. https://zenodo.org/records/3378728. CC0 1.0.,TESS station stars247; photometric inflection method; night median MSAS=18.40; MSAS at inflection=16.99; depression=16.33°; smoothing=5-pt median; dark rows=656
isha,2019-11-24,19:27,-5,7.802413,-80.758412,0.0,Zamorano J. et al. (2019). TESS-W sky brightness network. Zenodo monthly archives. https://zenodo.org/records/3378728. CC0 1.0.,TESS station stars247; photometric inflection method; night median MSAS=19.46; MSAS at inflection=17.14; depression=20.80°; smoothing=5-pt median; dark rows=657
isha,2019-11-25,18:51,-5,7.802413,-80.758412,0.0,Zamorano J. et al. (2019). TESS-W sky brightness network. Zenodo monthly archives. https://zenodo.org/records/3378728. CC0 1.0.,TESS station stars247; photometric inflection method; night median MSAS=19.35; MSAS at inflection=17.31; depression=12.37°; smoothing=5-pt median; dark rows=657
fajr,2019-11-26,05:06,-5,7.802413,-80.758412,0.0,Zamorano J. et al. (2019). TESS-W sky brightness network. Zenodo monthly archives. https://zenodo.org/records/3378728. CC0 1.0.,TESS station stars247; photometric inflection method; night median MSAS=19.35; MSAS at inflection=17.31; depression=17.64°; smoothing=5-pt median; dark rows=657
fajr,2019-11-27,04:54,-5,7.802413,-80.758412,0.0,Zamorano J. et al. (2019). TESS-W sky brightness network. Zenodo monthly archives. https://zenodo.org/records/3378728. CC0 1.0.,TESS station stars247; photometric inflection method; night median MSAS=19.08; MSAS at inflection=19.39; depression=20.46°; smoothing=5-pt median; dark rows=635
isha,2019-11-01,18:17,0,41.663445,-4.705993,0.0,Zamorano J. et al. (2019). TESS-W sky brightness network. Zenodo monthly archives. https://zenodo.org/records/3378728. CC0 1.0.,TESS station stars250; photometric inflection method; night median MSAS=18.14; MSAS at inflection=18.00; depression=12.37°; smoothing=5-pt median; dark rows=709
fajr,2019-11-05,06:16,0,41.663445,-4.705993,0.0,Zamorano J. et al. (2019). TESS-W sky brightness network. Zenodo monthly archives. https://zenodo.org/records/3378728. CC0 1.0.,TESS station stars250; photometric inflection method; night median MSAS=18.09; MSAS at inflection=15.68; depression=7.67°; smoothing=5-pt median; dark rows=710
isha,2019-11-05,17:58,0,41.663445,-4.705993,0.0,Zamorano J. et al. (2019). TESS-W sky brightness network. Zenodo monthly archives. https://zenodo.org/records/3378728. CC0 1.0.,TESS station stars250; photometric inflection method; night median MSAS=18.50; MSAS at inflection=16.88; depression=9.71°; smoothing=5-pt median; dark rows=716
fajr,2019-11-08,05:52,0,41.663445,-4.705993,0.0,Zamorano J. et al. (2019). TESS-W sky brightness network. Zenodo monthly archives. https://zenodo.org/records/3378728. CC0 1.0.,TESS station stars250; photometric inflection method; night median MSAS=18.13; MSAS at inflection=18.83; depression=12.74°; smoothing=5-pt median; dark rows=725
isha,2019-11-08,18:04,0,41.663445,-4.705993,0.0,Zamorano J. et al. (2019). TESS-W sky brightness network. Zenodo monthly archives. https://zenodo.org/records/3378728. CC0 1.0.,TESS station stars250; photometric inflection method; night median MSAS=17.68; MSAS at inflection=17.89; depression=11.35°; smoothing=5-pt median; dark rows=728
isha,2019-11-17,17:41,0,41.663445,-4.705993,0.0,Zamorano J. et al. (2019). TESS-W sky brightness network. Zenodo monthly archives. https://zenodo.org/records/3378728. CC0 1.0.,TESS station stars250; photometric inflection method; night median MSAS=18.30; MSAS at inflection=16.30; depression=8.62°; smoothing=5-pt median; dark rows=746
isha,2019-11-18,18:50,0,41.663445,-4.705993,0.0,Zamorano J. et al. (2019). TESS-W sky brightness network. Zenodo monthly archives. https://zenodo.org/records/3378728. CC0 1.0.,TESS station stars250; photometric inflection method; night median MSAS=18.46; MSAS at inflection=16.48; depression=21.21°; smoothing=5-pt median; dark rows=744
isha,2019-11-23,18:50,0,41.663445,-4.705993,0.0,Zamorano J. et al. (2019). TESS-W sky brightness network. Zenodo monthly archives. https://zenodo.org/records/3378728. CC0 1.0.,TESS station stars250; photometric inflection method; night median MSAS=18.83; MSAS at inflection=17.22; depression=21.71°; smoothing=5-pt median; dark rows=751
fajr,2019-11-24,05:51,0,41.663445,-4.705993,0.0,Zamorano J. et al. (2019). TESS-W sky brightness network. Zenodo monthly archives. https://zenodo.org/records/3378728. CC0 1.0.,TESS station stars250; photometric inflection method; night median MSAS=18.83; MSAS at inflection=18.35; depression=15.94°; smoothing=5-pt median; dark rows=751
isha,2019-11-30,17:55,0,41.663445,-4.705993,0.0,Zamorano J. et al. (2019). TESS-W sky brightness network. Zenodo monthly archives. https://zenodo.org/records/3378728. CC0 1.0.,TESS station stars250; photometric inflection method; night median MSAS=18.50; MSAS at inflection=17.32; depression=12.17°; smoothing=5-pt median; dark rows=346
isha,2019-11-01,16:52,2,55.699281,36.758709,0.0,Zamorano J. et al. (2019). TESS-W sky brightness network. Zenodo monthly archives. https://zenodo.org/records/3378728. CC0 1.0.,TESS station stars252; photometric inflection method; night median MSAS=18.38; MSAS at inflection=16.31; depression=8.59°; smoothing=5-pt median; dark rows=747
isha,2019-11-02,16:43,2,55.699281,36.758709,0.0,Zamorano J. et al. (2019). TESS-W sky brightness network. Zenodo monthly archives. https://zenodo.org/records/3378728. CC0 1.0.,TESS station stars252; photometric inflection method; night median MSAS=18.72; MSAS at inflection=16.28; depression=7.60°; smoothing=5-pt median; dark rows=746
isha,2019-11-03,17:13,2,55.699281,36.758709,0.0,Zamorano J. et al. (2019). TESS-W sky brightness network. Zenodo monthly archives. https://zenodo.org/records/3378728. CC0 1.0.,TESS station stars252; photometric inflection method; night median MSAS=18.81; MSAS at inflection=18.56; depression=12.04°; smoothing=5-pt median; dark rows=754
isha,2019-11-04,16:52,2,55.699281,36.758709,0.0,Zamorano J. et al. (2019). TESS-W sky brightness network. Zenodo monthly archives. https://zenodo.org/records/3378728. CC0 1.0.,TESS station stars252; photometric inflection method; night median MSAS=18.80; MSAS at inflection=18.10; depression=9.42°; smoothing=5-pt median; dark rows=757
isha,2019-11-06,16:38,2,55.699281,36.758709,0.0,Zamorano J. et al. (2019). TESS-W sky brightness network. Zenodo monthly archives. https://zenodo.org/records/3378728. CC0 1.0.,TESS station stars252; photometric inflection method; night median MSAS=18.41; MSAS at inflection=17.12; depression=7.96°; smoothing=5-pt median; dark rows=766
isha,2019-11-07,16:46,2,55.699281,36.758709,0.0,Zamorano J. et al. (2019). TESS-W sky brightness network. Zenodo monthly archives. https://zenodo.org/records/3378728. CC0 1.0.,TESS station stars252; photometric inflection method; night median MSAS=18.52; MSAS at inflection=17.07; depression=9.28°; smoothing=5-pt median; dark rows=766
isha,2019-11-08,16:50,2,55.699281,36.758709,0.0,Zamorano J. et al. (2019). TESS-W sky brightness network. Zenodo monthly archives. https://zenodo.org/records/3378728. CC0 1.0.,TESS station stars252; photometric inflection method; night median MSAS=18.44; MSAS at inflection=17.39; depression=10.05°; smoothing=5-pt median; dark rows=772
fajr,2019-11-09,05:35,2,55.699281,36.758709,0.0,Zamorano J. et al. (2019). TESS-W sky brightness network. Zenodo monthly archives. https://zenodo.org/records/3378728. CC0 1.0.,TESS station stars252; photometric inflection method; night median MSAS=18.44; MSAS at inflection=18.29; depression=11.16°; smoothing=5-pt median; dark rows=772
isha,2019-11-09,16:43,2,55.699281,36.758709,0.0,Zamorano J. et al. (2019). TESS-W sky brightness network. Zenodo monthly archives. https://zenodo.org/records/3378728. CC0 1.0.,TESS station stars252; photometric inflection method; night median MSAS=18.06; MSAS at inflection=17.60; depression=9.32°; smoothing=5-pt median; dark rows=771
isha,2019-11-10,16:31,2,55.699281,36.758709,0.0,Zamorano J. et al. (2019). TESS-W sky brightness network. Zenodo monthly archives. https://zenodo.org/records/3378728. CC0 1.0.,TESS station stars252; photometric inflection method; night median MSAS=17.71; MSAS at inflection=16.49; depression=7.97°; smoothing=5-pt median; dark rows=592
fajr,2019-11-03,05:00,-1,31.206059,-7.86872,0.0,Zamorano J. et al. (2019). TESS-W sky brightness network. Zenodo monthly archives. https://zenodo.org/records/3378728. CC0 1.0.,TESS station stars27; photometric inflection method; night median MSAS=21.25; MSAS at inflection=18.77; depression=10.80°; smoothing=5-pt median; dark rows=609
isha,2019-11-03,18:02,-1,31.206059,-7.86872,0.0,Zamorano J. et al. (2019). TESS-W sky brightness network. Zenodo monthly archives. https://zenodo.org/records/3378728. CC0 1.0.,TESS station stars27; photometric inflection method; night median MSAS=21.16; MSAS at inflection=20.28; depression=17.86°; smoothing=5-pt median; dark rows=640
isha,2019-11-04,18:01,-1,31.206059,-7.86872,0.0,Zamorano J. et al. (2019). TESS-W sky brightness network. Zenodo monthly archives. https://zenodo.org/records/3378728. CC0 1.0.,TESS station stars27; photometric inflection method; night median MSAS=21.09; MSAS at inflection=19.93; depression=17.60°; smoothing=5-pt median; dark rows=694
isha,2019-11-05,17:54,-1,31.206059,-7.86872,0.0,Zamorano J. et al. (2019). TESS-W sky brightness network. Zenodo monthly archives. https://zenodo.org/records/3378728. CC0 1.0.,TESS station stars27; photometric inflection method; night median MSAS=20.61; MSAS at inflection=19.41; depression=16.45°; smoothing=5-pt median; dark rows=694
fajr,2019-11-06,04:36,-1,31.206059,-7.86872,0.0,Zamorano J. et al. (2019). TESS-W sky brightness network. Zenodo monthly archives. https://zenodo.org/records/3378728. CC0 1.0.,TESS station stars27; photometric inflection method; night median MSAS=20.61; MSAS at inflection=21.08; depression=16.17°; smoothing=5-pt median; dark rows=694
isha,2019-11-08,17:36,-1,31.206059,-7.86872,0.0,Zamorano J. et al. (2019). TESS-W sky brightness network. Zenodo monthly archives. https://zenodo.org/records/3378728. CC0 1.0.,TESS station stars27; photometric inflection method; night median MSAS=18.97; MSAS at inflection=18.76; depression=12.92°; smoothing=5-pt median; dark rows=684
isha,2019-11-10,18:00,-1,31.206059,-7.86872,0.0,Zamorano J. et al. (2019). TESS-W sky brightness network. Zenodo monthly archives. https://zenodo.org/records/3378728. CC0 1.0.,TESS station stars27; photometric inflection method; night median MSAS=17.98; MSAS at inflection=18.47; depression=18.34°; smoothing=5-pt median; dark rows=706
isha,2019-11-12,17:50,-1,31.206059,-7.86872,0.0,Zamorano J. et al. (2019). TESS-W sky brightness network. Zenodo monthly archives. https://zenodo.org/records/3378728. CC0 1.0.,TESS station stars27; photometric inflection method; night median MSAS=17.51; MSAS at inflection=19.18; depression=16.44°; smoothing=5-pt median; dark rows=701
fajr,2019-11-13,04:50,-1,31.206059,-7.86872,0.0,Zamorano J. et al. (2019). TESS-W sky brightness network. Zenodo monthly archives. https://zenodo.org/records/3378728. CC0 1.0.,TESS station stars27; photometric inflection method; night median MSAS=17.51; MSAS at inflection=19.02; depression=14.31°; smoothing=5-pt median; dark rows=701
fajr,2019-11-14,04:32,-1,31.206059,-7.86872,0.0,Zamorano J. et al. (2019). TESS-W sky brightness network. Zenodo monthly archives. https://zenodo.org/records/3378728. CC0 1.0.,TESS station stars27; photometric inflection method; night median MSAS=17.54; MSAS at inflection=17.91; depression=18.34°; smoothing=5-pt median; dark rows=560
fajr,2019-11-16,05:07,-1,31.206059,-7.86872,0.0,Zamorano J. et al. (2019). TESS-W sky brightness network. Zenodo monthly archives. https://zenodo.org/records/3378728. CC0 1.0.,TESS station stars27; photometric inflection method; night median MSAS=18.12; MSAS at inflection=18.19; depression=11.37°; smoothing=5-pt median; dark rows=598
isha,2019-11-16,17:44,-1,31.206059,-7.86872,0.0,Zamorano J. et al. (2019). TESS-W sky brightness network. Zenodo monthly archives. https://zenodo.org/records/3378728. CC0 1.0.,TESS station stars27; photometric inflection method; night median MSAS=18.99; MSAS at inflection=21.28; depression=15.54°; smoothing=5-pt median; dark rows=700
isha,2019-11-19,17:42,-1,31.206059,-7.86872,0.0,Zamorano J. et al. (2019). TESS-W sky brightness network. Zenodo monthly archives. https://zenodo.org/records/3378728. CC0 1.0.,TESS station stars27; photometric inflection method; night median MSAS=21.02; MSAS at inflection=20.94; depression=15.27°; smoothing=5-pt median; dark rows=716
isha,2019-11-20,17:27,-1,31.206059,-7.86872,0.0,Zamorano J. et al. (2019). TESS-W sky brightness network. Zenodo monthly archives. https://zenodo.org/records/3378728. CC0 1.0.,TESS station stars27; photometric inflection method; night median MSAS=21.35; MSAS at inflection=19.95; depression=12.31°; smoothing=5-pt median; dark rows=711
isha,2019-11-24,17:24,-1,31.206059,-7.86872,0.0,Zamorano J. et al. (2019). TESS-W sky brightness network. Zenodo monthly archives. https://zenodo.org/records/3378728. CC0 1.0.,TESS station stars27; photometric inflection method; night median MSAS=21.32; MSAS at inflection=19.70; depression=11.89°; smoothing=5-pt median; dark rows=720
fajr,2019-11-25,04:58,-1,31.206059,-7.86872,0.0,Zamorano J. et al. (2019). TESS-W sky brightness network. Zenodo monthly archives. https://zenodo.org/records/3378728. CC0 1.0.,TESS station stars27; photometric inflection method; night median MSAS=21.32; MSAS at inflection=21.05; depression=14.54°; smoothing=5-pt median; dark rows=720
fajr,2019-11-26,05:01,-1,31.206059,-7.86872,0.0,Zamorano J. et al. (2019). TESS-W sky brightness network. Zenodo monthly archives. https://zenodo.org/records/3378728. CC0 1.0.,TESS station stars27; photometric inflection method; night median MSAS=21.34; MSAS at inflection=20.60; depression=14.08°; smoothing=5-pt median; dark rows=664
isha,2019-11-28,17:26,-1,31.206059,-7.86872,0.0,Zamorano J. et al. (2019). TESS-W sky brightness network. Zenodo monthly archives. https://zenodo.org/records/3378728. CC0 1.0.,TESS station stars27; photometric inflection method; night median MSAS=21.49; MSAS at inflection=19.94; depression=12.25°; smoothing=5-pt median; dark rows=627
fajr,2019-11-30,05:13,-1,31.206059,-7.86872,0.0,Zamorano J. et al. (2019). TESS-W sky brightness network. Zenodo monthly archives. https://zenodo.org/records/3378728. CC0 1.0.,TESS station stars27; photometric inflection method; night median MSAS=21.38; MSAS at inflection=19.66; depression=12.22°; smoothing=5-pt median; dark rows=661
isha,2019-11-05,18:23,0,39.072806,-3.609205,0.0,Zamorano J. et al. (2019). TESS-W sky brightness network. Zenodo monthly archives. https://zenodo.org/records/3378728. CC0 1.0.,TESS station stars272; photometric inflection method; night median MSAS=19.65; MSAS at inflection=18.70; depression=14.68°; smoothing=5-pt median; dark rows=708
isha,2019-11-10,17:51,0,39.072806,-3.609205,0.0,Zamorano J. et al. (2019). TESS-W sky brightness network. Zenodo monthly archives. https://zenodo.org/records/3378728. CC0 1.0.,TESS station stars272; photometric inflection method; night median MSAS=17.59; MSAS at inflection=16.36; depression=9.50°; smoothing=5-pt median; dark rows=720
isha,2019-11-05,17:49,1,35.876798,14.395815,0.0,Zamorano J. et al. (2019). TESS-W sky brightness network. Zenodo monthly archives. https://zenodo.org/records/3378728. CC0 1.0.,TESS station stars273; photometric inflection method; night median MSAS=19.19; MSAS at inflection=17.03; depression=9.82°; smoothing=5-pt median; dark rows=196
isha,2019-11-07,17:53,1,35.876798,14.395815,0.0,Zamorano J. et al. (2019). TESS-W sky brightness network. Zenodo monthly archives. https://zenodo.org/records/3378728. CC0 1.0.,TESS station stars273; photometric inflection method; night median MSAS=18.25; MSAS at inflection=17.05; depression=10.86°; smoothing=5-pt median; dark rows=703
isha,2019-11-08,17:54,1,35.876798,14.395815,0.0,Zamorano J. et al. (2019). TESS-W sky brightness network. Zenodo monthly archives. https://zenodo.org/records/3378728. CC0 1.0.,TESS station stars273; photometric inflection method; night median MSAS=18.02; MSAS at inflection=17.46; depression=11.39°; smoothing=5-pt median; dark rows=571
isha,2019-11-09,17:43,1,35.876798,14.395815,0.0,Zamorano J. et al. (2019). TESS-W sky brightness network. Zenodo monthly archives. https://zenodo.org/records/3378728. CC0 1.0.,TESS station stars273; photometric inflection method; night median MSAS=17.65; MSAS at inflection=16.34; depression=9.24°; smoothing=5-pt median; dark rows=716
fajr,2019-11-10,05:53,1,35.876798,14.395815,0.0,Zamorano J. et al. (2019). TESS-W sky brightness network. Zenodo monthly archives. https://zenodo.org/records/3378728. CC0 1.0.,TESS station stars273; photometric inflection method; night median MSAS=17.65; MSAS at inflection=16.25; depression=8.56°; smoothing=5-pt median; dark rows=716
isha,2019-11-16,18:00,1,35.876798,14.395815,0.0,Zamorano J. et al. (2019). TESS-W sky brightness network. Zenodo monthly archives. https://zenodo.org/records/3378728. CC0 1.0.,TESS station stars273; photometric inflection method; night median MSAS=18.19; MSAS at inflection=19.01; depression=13.55°; smoothing=5-pt median; dark rows=723
fajr,2019-11-17,05:57,1,35.876798,14.395815,0.0,Zamorano J. et al. (2019). TESS-W sky brightness network. Zenodo monthly archives. https://zenodo.org/records/3378728. CC0 1.0.,TESS station stars273; photometric inflection method; night median MSAS=18.19; MSAS at inflection=16.53; depression=9.01°; smoothing=5-pt median; dark rows=723
isha,2019-11-17,17:38,1,35.876798,14.395815,0.0,Zamorano J. et al. (2019). TESS-W sky brightness network. Zenodo monthly archives. https://zenodo.org/records/3378728. CC0 1.0.,TESS station stars273; photometric inflection method; night median MSAS=18.42; MSAS at inflection=16.52; depression=9.30°; smoothing=5-pt median; dark rows=725
isha,2019-11-19,18:10,1,35.876798,14.395815,0.0,Zamorano J. et al. (2019). TESS-W sky brightness network. Zenodo monthly archives. https://zenodo.org/records/3378728. CC0 1.0.,TESS station stars273; photometric inflection method; night median MSAS=18.87; MSAS at inflection=18.72; depression=15.74°; smoothing=5-pt median; dark rows=683
isha,2019-11-20,18:26,1,35.876798,14.395815,0.0,Zamorano J. et al. (2019). TESS-W sky brightness network. Zenodo monthly archives. https://zenodo.org/records/3378728. CC0 1.0.,TESS station stars273; photometric inflection method; night median MSAS=19.22; MSAS at inflection=17.98; depression=19.04°; smoothing=5-pt median; dark rows=651
fajr,2019-11-21,05:32,1,35.876798,14.395815,0.0,Zamorano J. et al. (2019). TESS-W sky brightness network. Zenodo monthly archives. https://zenodo.org/records/3378728. CC0 1.0.,TESS station stars273; photometric inflection method; night median MSAS=19.22; MSAS at inflection=18.33; depression=14.56°; smoothing=5-pt median; dark rows=651
isha,2019-11-21,17:38,1,35.876798,14.395815,0.0,Zamorano J. et al. (2019). TESS-W sky brightness network. Zenodo monthly archives. https://zenodo.org/records/3378728. CC0 1.0.,TESS station stars273; photometric inflection method; night median MSAS=19.28; MSAS at inflection=17.62; depression=9.72°; smoothing=5-pt median; dark rows=641
isha,2019-11-22,17:50,1,35.876798,14.395815,0.0,Zamorano J. et al. (2019). TESS-W sky brightness network. Zenodo monthly archives. https://zenodo.org/records/3378728. CC0 1.0.,TESS station stars273; photometric inflection method; night median MSAS=19.40; MSAS at inflection=17.89; depression=12.06°; smoothing=5-pt median; dark rows=691
fajr,2019-11-23,05:55,1,35.876798,14.395815,0.0,Zamorano J. et al. (2019). TESS-W sky brightness network. Zenodo monthly archives. https://zenodo.org/records/3378728. CC0 1.0.,TESS station stars273; photometric inflection method; night median MSAS=19.40; MSAS at inflection=17.69; depression=10.48°; smoothing=5-pt median; dark rows=691
isha,2019-11-24,17:35,1,35.876798,14.395815,0.0,Zamorano J. et al. (2019). TESS-W sky brightness network. Zenodo monthly archives. https://zenodo.org/records/3378728. CC0 1.0.,TESS station stars273; photometric inflection method; night median MSAS=18.27; MSAS at inflection=16.27; depression=9.24°; smoothing=5-pt median; dark rows=605
fajr,2019-11-25,05:31,1,35.876798,14.395815,0.0,Zamorano J. et al. (2019). TESS-W sky brightness network. Zenodo monthly archives. https://zenodo.org/records/3378728. CC0 1.0.,TESS station stars273; photometric inflection method; night median MSAS=18.27; MSAS at inflection=18.94; depression=15.34°; smoothing=5-pt median; dark rows=605
isha,2019-11-26,18:28,1,35.876798,14.395815,0.0,Zamorano J. et al. (2019). TESS-W sky brightness network. Zenodo monthly archives. https://zenodo.org/records/3378728. CC0 1.0.,TESS station stars273; photometric inflection method; night median MSAS=19.65; MSAS at inflection=19.66; depression=19.78°; smoothing=5-pt median; dark rows=693
fajr,2019-11-27,05:51,1,35.876798,14.395815,0.0,Zamorano J. et al. (2019). TESS-W sky brightness network. Zenodo monthly archives. https://zenodo.org/records/3378728. CC0 1.0.,TESS station stars273; photometric inflection method; night median MSAS=19.65; MSAS at inflection=18.73; depression=11.88°; smoothing=5-pt median; dark rows=693
fajr,2019-11-28,05:04,1,35.876798,14.395815,0.0,Zamorano J. et al. (2019). TESS-W sky brightness network. Zenodo monthly archives. https://zenodo.org/records/3378728. CC0 1.0.,TESS station stars273; photometric inflection method; night median MSAS=19.47; MSAS at inflection=19.09; depression=21.26°; smoothing=5-pt median; dark rows=739
isha,2019-11-28,18:38,1,35.876798,14.395815,0.0,Zamorano J. et al. (2019). TESS-W sky brightness network. Zenodo monthly archives. https://zenodo.org/records/3378728. CC0 1.0.,TESS station stars273; photometric inflection method; night median MSAS=19.47; MSAS at inflection=17.98; depression=21.74°; smoothing=5-pt median; dark rows=304
fajr,2019-11-30,06:00,1,35.876798,14.395815,0.0,Zamorano J. et al. (2019). TESS-W sky brightness network. Zenodo monthly archives. https://zenodo.org/records/3378728. CC0 1.0.,TESS station stars273; photometric inflection method; night median MSAS=18.93; MSAS at inflection=17.75; depression=10.67°; smoothing=5-pt median; dark rows=674
isha,2019-11-30,18:00,1,35.876798,14.395815,0.0,Zamorano J. et al. (2019). TESS-W sky brightness network. Zenodo monthly archives. https://zenodo.org/records/3378728. CC0 1.0.,TESS station stars273; photometric inflection method; night median MSAS=19.61; MSAS at inflection=19.42; depression=14.43°; smoothing=5-pt median; dark rows=305
fajr,2019-11-02,03:22,9,-30.812842,138.412425,0.0,Zamorano J. et al. (2019). TESS-W sky brightness network. Zenodo monthly archives. https://zenodo.org/records/3378728. CC0 1.0.,TESS station stars274; photometric inflection method; night median MSAS=21.66; MSAS at inflection=22.28; depression=18.11°; smoothing=5-pt median; dark rows=529
isha,2019-11-02,19:04,9,-30.812842,138.412425,0.0,Zamorano J. et al. (2019). TESS-W sky brightness network. Zenodo monthly archives. https://zenodo.org/records/3378728. CC0 1.0.,TESS station stars274; photometric inflection method; night median MSAS=21.15; MSAS at inflection=19.19; depression=11.78°; smoothing=5-pt median; dark rows=409
fajr,2019-11-03,03:59,9,-30.812842,138.412425,0.0,Zamorano J. et al. (2019). TESS-W sky brightness network. Zenodo monthly archives. https://zenodo.org/records/3378728. CC0 1.0.,TESS station stars274; photometric inflection method; night median MSAS=21.15; MSAS at inflection=19.70; depression=10.93°; smoothing=5-pt median; dark rows=409
isha,2019-11-04,19:41,9,-30.812842,138.412425,0.0,Zamorano J. et al. (2019). TESS-W sky brightness network. Zenodo monthly archives. https://zenodo.org/records/3378728. CC0 1.0.,TESS station stars274; photometric inflection method; night median MSAS=20.22; MSAS at inflection=18.35; depression=18.38°; smoothing=5-pt median; dark rows=515
fajr,2019-11-06,03:30,9,-30.812842,138.412425,0.0,Zamorano J. et al. (2019). TESS-W sky brightness network. Zenodo monthly archives. https://zenodo.org/records/3378728. CC0 1.0.,TESS station stars274; photometric inflection method; night median MSAS=19.80; MSAS at inflection=21.21; depression=15.90°; smoothing=5-pt median; dark rows=532
fajr,2019-11-10,02:59,9,-30.812842,138.412425,0.0,Zamorano J. et al. (2019). TESS-W sky brightness network. Zenodo monthly archives. https://zenodo.org/records/3378728. CC0 1.0.,TESS station stars274; photometric inflection method; night median MSAS=17.81; MSAS at inflection=20.16; depression=20.74°; smoothing=5-pt median; dark rows=527
isha,2019-11-10,19:18,9,-30.812842,138.412425,0.0,Zamorano J. et al. (2019). TESS-W sky brightness network. Zenodo monthly archives. https://zenodo.org/records/3378728. CC0 1.0.,TESS station stars274; photometric inflection method; night median MSAS=17.67; MSAS at inflection=17.68; depression=12.80°; smoothing=5-pt median; dark rows=517
fajr,2019-11-15,03:33,9,-30.812842,138.412425,0.0,Zamorano J. et al. (2019). TESS-W sky brightness network. Zenodo monthly archives. https://zenodo.org/records/3378728. CC0 1.0.,TESS station stars274; photometric inflection method; night median MSAS=18.17; MSAS at inflection=18.38; depression=13.72°; smoothing=5-pt median; dark rows=519
isha,2019-11-15,19:21,9,-30.812842,138.412425,0.0,Zamorano J. et al. (2019). TESS-W sky brightness network. Zenodo monthly archives. https://zenodo.org/records/3378728. CC0 1.0.,TESS station stars274; photometric inflection method; night median MSAS=18.65; MSAS at inflection=20.11; depression=12.52°; smoothing=5-pt median; dark rows=513
fajr,2019-11-16,03:27,9,-30.812842,138.412425,0.0,Zamorano J. et al. (2019). TESS-W sky brightness network. Zenodo monthly archives. https://zenodo.org/records/3378728. CC0 1.0.,TESS station stars274; photometric inflection method; night median MSAS=18.65; MSAS at inflection=18.36; depression=14.69°; smoothing=5-pt median; dark rows=513
isha,2019-11-16,19:13,9,-30.812842,138.412425,0.0,Zamorano J. et al. (2019). TESS-W sky brightness network. Zenodo monthly archives. https://zenodo.org/records/3378728. CC0 1.0.,TESS station stars274; photometric inflection method; night median MSAS=19.32; MSAS at inflection=18.64; depression=10.73°; smoothing=5-pt median; dark rows=514
fajr,2019-11-19,03:16,9,-30.812842,138.412425,0.0,Zamorano J. et al. (2019). TESS-W sky brightness network. Zenodo monthly archives. https://zenodo.org/records/3378728. CC0 1.0.,TESS station stars274; photometric inflection method; night median MSAS=21.32; MSAS at inflection=19.18; depression=16.34°; smoothing=5-pt median; dark rows=512
isha,2019-11-21,19:30,9,-30.812842,138.412425,0.0,Zamorano J. et al. (2019). TESS-W sky brightness network. Zenodo monthly archives. https://zenodo.org/records/3378728. CC0 1.0.,TESS station stars274; photometric inflection method; night median MSAS=21.71; MSAS at inflection=20.06; depression=12.99°; smoothing=5-pt median; dark rows=507
fajr,2019-11-22,02:51,9,-30.812842,138.412425,0.0,Zamorano J. et al. (2019). TESS-W sky brightness network. Zenodo monthly archives. https://zenodo.org/records/3378728. CC0 1.0.,TESS station stars274; photometric inflection method; night median MSAS=21.71; MSAS at inflection=20.96; depression=20.20°; smoothing=5-pt median; dark rows=507
fajr,2019-11-24,03:41,9,-30.812842,138.412425,0.0,Zamorano J. et al. (2019). TESS-W sky brightness network. Zenodo monthly archives. https://zenodo.org/records/3378728. CC0 1.0.,TESS station stars274; photometric inflection method; night median MSAS=21.70; MSAS at inflection=19.31; depression=11.41°; smoothing=5-pt median; dark rows=506
isha,2019-11-24,19:30,9,-30.812842,138.412425,0.0,Zamorano J. et al. (2019). TESS-W sky brightness network. Zenodo monthly archives. https://zenodo.org/records/3378728. CC0 1.0.,TESS station stars274; photometric inflection method; night median MSAS=21.75; MSAS at inflection=20.09; depression=12.38°; smoothing=5-pt median; dark rows=503
fajr,2019-11-25,03:38,9,-30.812842,138.412425,0.0,Zamorano J. et al. (2019). TESS-W sky brightness network. Zenodo monthly archives. https://zenodo.org/records/3378728. CC0 1.0.,TESS station stars274; photometric inflection method; night median MSAS=21.75; MSAS at inflection=19.60; depression=11.78°; smoothing=5-pt median; dark rows=503
isha,2019-11-29,19:54,9,-30.812842,138.412425,0.0,Zamorano J. et al. (2019). TESS-W sky brightness network. Zenodo monthly archives. https://zenodo.org/records/3378728. CC0 1.0.,TESS station stars274; photometric inflection method; night median MSAS=21.78; MSAS at inflection=21.63; depression=15.74°; smoothing=5-pt median; dark rows=497
fajr,2019-12-01,03:36,9,-30.812842,138.412425,0.0,Zamorano J. et al. (2019). TESS-W sky brightness network. Zenodo monthly archives. https://zenodo.org/records/3378728. CC0 1.0.,TESS station stars274; photometric inflection method; night median MSAS=21.58; MSAS at inflection=19.65; depression=11.89°; smoothing=5-pt median; dark rows=497
isha,2019-11-25,18:32,0,38.219692,-6.631756,0.0,Zamorano J. et al. (2019). TESS-W sky brightness network. Zenodo monthly archives. https://zenodo.org/records/3378728. CC0 1.0.,TESS station stars288; photometric inflection method; night median MSAS=21.28; MSAS at inflection=20.77; depression=16.30°; smoothing=5-pt median; dark rows=746
fajr,2019-11-27,06:03,0,38.219692,-6.631756,0.0,Zamorano J. et al. (2019). TESS-W sky brightness network. Zenodo monthly archives. https://zenodo.org/records/3378728. CC0 1.0.,TESS station stars288; photometric inflection method; night median MSAS=21.39; MSAS at inflection=21.30; depression=14.79°; smoothing=5-pt median; dark rows=749
isha,2019-11-01,18:34,1,69.348333,20.365,0.0,Zamorano J. et al. (2019). TESS-W sky brightness network. Zenodo monthly archives. https://zenodo.org/records/3378728. CC0 1.0.,TESS station stars34; photometric inflection method; night median MSAS=20.81; MSAS at inflection=20.41; depression=19.86°; smoothing=5-pt median; dark rows=782
isha,2019-11-02,16:28,1,69.348333,20.365,0.0,Zamorano J. et al. (2019). TESS-W sky brightness network. Zenodo monthly archives. https://zenodo.org/records/3378728. CC0 1.0.,TESS station stars34; photometric inflection method; night median MSAS=19.91; MSAS at inflection=17.46; depression=9.20°; smoothing=5-pt median; dark rows=703
fajr,2019-11-07,06:03,1,69.348333,20.365,0.0,Zamorano J. et al. (2019). TESS-W sky brightness network. Zenodo monthly archives. https://zenodo.org/records/3378728. CC0 1.0.,TESS station stars34; photometric inflection method; night median MSAS=20.37; MSAS at inflection=19.85; depression=11.57°; smoothing=5-pt median; dark rows=830
fajr,2019-11-14,05:47,1,69.348333,20.365,0.0,Zamorano J. et al. (2019). TESS-W sky brightness network. Zenodo monthly archives. https://zenodo.org/records/3378728. CC0 1.0.,TESS station stars34; photometric inflection method; night median MSAS=18.25; MSAS at inflection=17.97; depression=14.80°; smoothing=5-pt median; dark rows=857
isha,2019-11-15,16:59,1,69.348333,20.365,0.0,Zamorano J. et al. (2019). TESS-W sky brightness network. Zenodo monthly archives. https://zenodo.org/records/3378728. CC0 1.0.,TESS station stars34; photometric inflection method; night median MSAS=18.80; MSAS at inflection=20.09; depression=15.26°; smoothing=5-pt median; dark rows=870
fajr,2019-11-17,05:12,1,69.348333,20.365,0.0,Zamorano J. et al. (2019). TESS-W sky brightness network. Zenodo monthly archives. https://zenodo.org/records/3378728. CC0 1.0.,TESS station stars34; photometric inflection method; night median MSAS=18.87; MSAS at inflection=17.44; depression=18.62°; smoothing=5-pt median; dark rows=873
isha,2019-11-17,18:11,1,69.348333,20.365,0.0,Zamorano J. et al. (2019). TESS-W sky brightness network. Zenodo monthly archives. https://zenodo.org/records/3378728. CC0 1.0.,TESS station stars34; photometric inflection method; night median MSAS=19.32; MSAS at inflection=19.77; depression=21.95°; smoothing=5-pt median; dark rows=883
isha,2019-11-19,15:42,1,69.348333,20.365,0.0,Zamorano J. et al. (2019). TESS-W sky brightness network. Zenodo monthly archives. https://zenodo.org/records/3378728. CC0 1.0.,TESS station stars34; photometric inflection method; night median MSAS=20.01; MSAS at inflection=18.09; depression=9.73°; smoothing=5-pt median; dark rows=860
isha,2019-11-21,15:34,1,69.348333,20.365,0.0,Zamorano J. et al. (2019). TESS-W sky brightness network. Zenodo monthly archives. https://zenodo.org/records/3378728. CC0 1.0.,TESS station stars34; photometric inflection method; night median MSAS=19.79; MSAS at inflection=17.75; depression=9.59°; smoothing=5-pt median; dark rows=913
fajr,2019-11-23,07:12,1,69.348333,20.365,0.0,Zamorano J. et al. (2019). TESS-W sky brightness network. Zenodo monthly archives. https://zenodo.org/records/3378728. CC0 1.0.,TESS station stars34; photometric inflection method; night median MSAS=20.07; MSAS at inflection=18.53; depression=10.07°; smoothing=5-pt median; dark rows=922
fajr,2019-11-27,07:10,1,69.348333,20.365,0.0,Zamorano J. et al. (2019). TESS-W sky brightness network. Zenodo monthly archives. https://zenodo.org/records/3378728. CC0 1.0.,TESS station stars34; photometric inflection method; night median MSAS=20.85; MSAS at inflection=18.79; depression=11.05°; smoothing=5-pt median; dark rows=928
isha,2019-11-28,17:33,1,69.348333,20.365,0.0,Zamorano J. et al. (2019). TESS-W sky brightness network. Zenodo monthly archives. https://zenodo.org/records/3378728. CC0 1.0.,TESS station stars34; photometric inflection method; night median MSAS=20.99; MSAS at inflection=21.00; depression=20.54°; smoothing=5-pt median; dark rows=908
isha,2019-11-29,15:10,1,69.348333,20.365,0.0,Zamorano J. et al. (2019). TESS-W sky brightness network. Zenodo monthly archives. https://zenodo.org/records/3378728. CC0 1.0.,TESS station stars34; photometric inflection method; night median MSAS=19.83; MSAS at inflection=17.44; depression=9.12°; smoothing=5-pt median; dark rows=935
fajr,2019-11-30,07:29,1,69.348333,20.365,0.0,Zamorano J. et al. (2019). TESS-W sky brightness network. Zenodo monthly archives. https://zenodo.org/records/3378728. CC0 1.0.,TESS station stars34; photometric inflection method; night median MSAS=19.83; MSAS at inflection=19.11; depression=10.24°; smoothing=5-pt median; dark rows=935
isha,2019-11-30,16:29,1,69.348333,20.365,0.0,Zamorano J. et al. (2019). TESS-W sky brightness network. Zenodo monthly archives. https://zenodo.org/records/3378728. CC0 1.0.,TESS station stars34; photometric inflection method; night median MSAS=20.54; MSAS at inflection=20.75; depression=15.32°; smoothing=5-pt median; dark rows=472
fajr,2019-11-30,17:29,1,69.348333,20.365,0.0,Zamorano J. et al. (2019). TESS-W sky brightness network. Zenodo monthly archives. https://zenodo.org/records/3378728. CC0 1.0.,TESS station stars34; photometric inflection method; night median MSAS=20.54; MSAS at inflection=20.33; depression=20.45°; smoothing=5-pt median; dark rows=472
isha,2019-11-02,17:52,1,45.93,13.91,0.0,Zamorano J. et al. (2019). TESS-W sky brightness network. Zenodo monthly archives. https://zenodo.org/records/3378728. CC0 1.0.,TESS station stars35; photometric inflection method; night median MSAS=22.59; MSAS at inflection=21.47; depression=11.33°; smoothing=5-pt median; dark rows=525
fajr,2019-11-03,05:55,1,45.93,13.91,0.0,Zamorano J. et al. (2019). TESS-W sky brightness network. Zenodo monthly archives. https://zenodo.org/records/3378728. CC0 1.0.,TESS station stars35; photometric inflection method; night median MSAS=22.59; MSAS at inflection=20.71; depression=9.48°; smoothing=5-pt median; dark rows=525
isha,2019-11-03,18:30,1,45.93,13.91,0.0,Zamorano J. et al. (2019). TESS-W sky brightness network. Zenodo monthly archives. https://zenodo.org/records/3378728. CC0 1.0.,TESS station stars35; photometric inflection method; night median MSAS=21.96; MSAS at inflection=21.14; depression=18.19°; smoothing=5-pt median; dark rows=508
fajr,2019-11-04,05:48,1,45.93,13.91,0.0,Zamorano J. et al. (2019). TESS-W sky brightness network. Zenodo monthly archives. https://zenodo.org/records/3378728. CC0 1.0.,TESS station stars35; photometric inflection method; night median MSAS=21.96; MSAS at inflection=19.64; depression=10.79°; smoothing=5-pt median; dark rows=508
isha,2019-11-05,17:32,1,45.93,13.91,0.0,Zamorano J. et al. (2019). TESS-W sky brightness network. Zenodo monthly archives. https://zenodo.org/records/3378728. CC0 1.0.,TESS station stars35; photometric inflection method; night median MSAS=21.12; MSAS at inflection=19.72; depression=8.59°; smoothing=5-pt median; dark rows=580
isha,2019-11-07,18:45,1,45.93,13.91,0.0,Zamorano J. et al. (2019). TESS-W sky brightness network. Zenodo monthly archives. https://zenodo.org/records/3378728. CC0 1.0.,TESS station stars35; photometric inflection method; night median MSAS=19.63; MSAS at inflection=18.38; depression=21.66°; smoothing=5-pt median; dark rows=664
isha,2019-11-08,17:50,1,45.93,13.91,0.0,Zamorano J. et al. (2019). TESS-W sky brightness network. Zenodo monthly archives. https://zenodo.org/records/3378728. CC0 1.0.,TESS station stars35; photometric inflection method; night median MSAS=19.74; MSAS at inflection=20.38; depression=12.35°; smoothing=5-pt median; dark rows=715
fajr,2019-11-09,05:09,1,45.93,13.91,0.0,Zamorano J. et al. (2019). TESS-W sky brightness network. Zenodo monthly archives. https://zenodo.org/records/3378728. CC0 1.0.,TESS station stars35; photometric inflection method; night median MSAS=19.74; MSAS at inflection=20.19; depression=18.55°; smoothing=5-pt median; dark rows=715
isha,2019-11-10,17:30,1,45.93,13.91,0.0,Zamorano J. et al. (2019). TESS-W sky brightness network. Zenodo monthly archives. https://zenodo.org/records/3378728. CC0 1.0.,TESS station stars35; photometric inflection method; night median MSAS=18.47; MSAS at inflection=17.72; depression=9.25°; smoothing=5-pt median; dark rows=704
isha,2019-11-11,18:32,1,45.93,13.91,0.0,Zamorano J. et al. (2019). TESS-W sky brightness network. Zenodo monthly archives. https://zenodo.org/records/3378728. CC0 1.0.,TESS station stars35; photometric inflection method; night median MSAS=17.58; MSAS at inflection=18.70; depression=20.09°; smoothing=5-pt median; dark rows=693
isha,2019-11-12,18:04,1,45.93,13.91,0.0,Zamorano J. et al. (2019). TESS-W sky brightness network. Zenodo monthly archives. https://zenodo.org/records/3378728. CC0 1.0.,TESS station stars35; photometric inflection method; night median MSAS=18.05; MSAS at inflection=19.69; depression=15.40°; smoothing=5-pt median; dark rows=669
fajr,2019-11-13,04:59,1,45.93,13.91,0.0,Zamorano J. et al. (2019). TESS-W sky brightness network. Zenodo monthly archives. https://zenodo.org/records/3378728. CC0 1.0.,TESS station stars35; photometric inflection method; night median MSAS=18.05; MSAS at inflection=19.39; depression=21.18°; smoothing=5-pt median; dark rows=669
isha,2019-11-14,17:39,1,45.93,13.91,0.0,Zamorano J. et al. (2019). TESS-W sky brightness network. Zenodo monthly archives. https://zenodo.org/records/3378728. CC0 1.0.,TESS station stars35; photometric inflection method; night median MSAS=17.60; MSAS at inflection=19.33; depression=11.53°; smoothing=5-pt median; dark rows=642
isha,2019-11-15,17:15,1,45.93,13.91,0.0,Zamorano J. et al. (2019). TESS-W sky brightness network. Zenodo monthly archives. https://zenodo.org/records/3378728. CC0 1.0.,TESS station stars35; photometric inflection method; night median MSAS=19.54; MSAS at inflection=17.91; depression=7.51°; smoothing=5-pt median; dark rows=718
fajr,2019-11-18,05:33,1,45.93,13.91,0.0,Zamorano J. et al. (2019). TESS-W sky brightness network. Zenodo monthly archives. https://zenodo.org/records/3378728. CC0 1.0.,TESS station stars35; photometric inflection method; night median MSAS=19.88; MSAS at inflection=17.90; depression=16.34°; smoothing=5-pt median; dark rows=657
isha,2019-11-19,18:08,1,45.93,13.91,0.0,Zamorano J. et al. (2019). TESS-W sky brightness network. Zenodo monthly archives. https://zenodo.org/records/3378728. CC0 1.0.,TESS station stars35; photometric inflection method; night median MSAS=20.02; MSAS at inflection=20.16; depression=17.02°; smoothing=5-pt median; dark rows=723
fajr,2019-11-22,05:18,1,45.93,13.91,0.0,Zamorano J. et al. (2019). TESS-W sky brightness network. Zenodo monthly archives. https://zenodo.org/records/3378728. CC0 1.0.,TESS station stars35; photometric inflection method; night median MSAS=21.25; MSAS at inflection=20.31; depression=19.65°; smoothing=5-pt median; dark rows=570
isha,2019-11-22,17:23,1,45.93,13.91,0.0,Zamorano J. et al. (2019). TESS-W sky brightness network. Zenodo monthly archives. https://zenodo.org/records/3378728. CC0 1.0.,TESS station stars35; photometric inflection method; night median MSAS=21.20; MSAS at inflection=19.04; depression=9.89°; smoothing=5-pt median; dark rows=749
fajr,2019-11-24,05:23,1,45.93,13.91,0.0,Zamorano J. et al. (2019). TESS-W sky brightness network. Zenodo monthly archives. https://zenodo.org/records/3378728. CC0 1.0.,TESS station stars35; photometric inflection method; night median MSAS=20.77; MSAS at inflection=20.24; depression=19.21°; smoothing=5-pt median; dark rows=743
isha,2019-11-24,17:22,1,45.93,13.91,0.0,Zamorano J. et al. (2019). TESS-W sky brightness network. Zenodo monthly archives. https://zenodo.org/records/3378728. CC0 1.0.,TESS station stars35; photometric inflection method; night median MSAS=21.16; MSAS at inflection=19.17; depression=9.94°; smoothing=5-pt median; dark rows=739
isha,2019-11-25,17:32,1,45.93,13.91,0.0,Zamorano J. et al. (2019). TESS-W sky brightness network. Zenodo monthly archives. https://zenodo.org/records/3378728. CC0 1.0.,TESS station stars35; photometric inflection method; night median MSAS=21.22; MSAS at inflection=19.79; depression=11.63°; smoothing=5-pt median; dark rows=732
fajr,2019-11-28,05:20,1,45.93,13.91,0.0,Zamorano J. et al. (2019). TESS-W sky brightness network. Zenodo monthly archives. https://zenodo.org/records/3378728. CC0 1.0.,TESS station stars35; photometric inflection method; night median MSAS=22.63; MSAS at inflection=22.43; depression=20.41°; smoothing=5-pt median; dark rows=382
isha,2019-11-28,17:29,1,45.93,13.91,0.0,Zamorano J. et al. (2019). TESS-W sky brightness network. Zenodo monthly archives. https://zenodo.org/records/3378728. CC0 1.0.,TESS station stars35; photometric inflection method; night median MSAS=22.38; MSAS at inflection=21.62; depression=11.44°; smoothing=5-pt median; dark rows=359
fajr,2019-11-02,05:14,-1,28.6865,-17.7665,0.0,Zamorano J. et al. (2019). TESS-W sky brightness network. Zenodo monthly archives. https://zenodo.org/records/3378728. CC0 1.0.,TESS station stars4; photometric inflection method; night median MSAS=18.58; MSAS at inflection=19.26; depression=15.64°; smoothing=5-pt median; dark rows=1325
fajr,2019-11-04,04:59,-1,28.6865,-17.7665,0.0,Zamorano J. et al. (2019). TESS-W sky brightness network. Zenodo monthly archives. https://zenodo.org/records/3378728. CC0 1.0.,TESS station stars4; photometric inflection method; night median MSAS=18.98; MSAS at inflection=19.36; depression=19.26°; smoothing=5-pt median; dark rows=1382
fajr,2019-11-07,05:45,-1,28.6865,-17.7665,0.0,Zamorano J. et al. (2019). TESS-W sky brightness network. Zenodo monthly archives. https://zenodo.org/records/3378728. CC0 1.0.,TESS station stars4; photometric inflection method; night median MSAS=17.51; MSAS at inflection=16.31; depression=9.70°; smoothing=5-pt median; dark rows=1391
fajr,2019-11-23,05:01,-1,28.6865,-17.7665,0.0,Zamorano J. et al. (2019). TESS-W sky brightness network. Zenodo monthly archives. https://zenodo.org/records/3378728. CC0 1.0.,TESS station stars4; photometric inflection method; night median MSAS=19.04; MSAS at inflection=19.31; depression=21.46°; smoothing=5-pt median; dark rows=1409
fajr,2019-11-16,05:37,-1,41.177424,-8.605964,0.0,Zamorano J. et al. (2019). TESS-W sky brightness network. Zenodo monthly archives. https://zenodo.org/records/3378728. CC0 1.0.,TESS station stars41; photometric inflection method; night median MSAS=17.54; MSAS at inflection=16.25; depression=8.78°; smoothing=5-pt median; dark rows=651
isha,2019-11-05,17:50,1,45.402694,11.884872,0.0,Zamorano J. et al. (2019). TESS-W sky brightness network. Zenodo monthly archives. https://zenodo.org/records/3378728. CC0 1.0.,TESS station stars47; photometric inflection method; night median MSAS=18.50; MSAS at inflection=17.68; depression=10.26°; smoothing=5-pt median; dark rows=104
isha,2019-11-09,18:39,1,45.402694,11.884872,0.0,Zamorano J. et al. (2019). TESS-W sky brightness network. Zenodo monthly archives. https://zenodo.org/records/3378728. CC0 1.0.,TESS station stars47; photometric inflection method; night median MSAS=17.80; MSAS at inflection=17.52; depression=19.40°; smoothing=5-pt median; dark rows=108
fajr,2019-11-10,05:30,1,45.402694,11.884872,0.0,Zamorano J. et al. (2019). TESS-W sky brightness network. Zenodo monthly archives. https://zenodo.org/records/3378728. CC0 1.0.,TESS station stars47; photometric inflection method; night median MSAS=17.80; MSAS at inflection=18.80; depression=16.50°; smoothing=5-pt median; dark rows=108
isha,2019-11-17,17:40,1,45.402694,11.884872,0.0,Zamorano J. et al. (2019). TESS-W sky brightness network. Zenodo monthly archives. https://zenodo.org/records/3378728. CC0 1.0.,TESS station stars47; photometric inflection method; night median MSAS=17.73; MSAS at inflection=15.67; depression=10.51°; smoothing=5-pt median; dark rows=104
isha,2019-11-25,17:53,1,45.402694,11.884872,0.0,Zamorano J. et al. (2019). TESS-W sky brightness network. Zenodo monthly archives. https://zenodo.org/records/3378728. CC0 1.0.,TESS station stars47; photometric inflection method; night median MSAS=18.45; MSAS at inflection=18.11; depression=13.56°; smoothing=5-pt median; dark rows=114
fajr,2019-11-26,06:20,1,45.402694,11.884872,0.0,Zamorano J. et al. (2019). TESS-W sky brightness network. Zenodo monthly archives. https://zenodo.org/records/3378728. CC0 1.0.,TESS station stars47; photometric inflection method; night median MSAS=18.45; MSAS at inflection=18.30; depression=11.19°; smoothing=5-pt median; dark rows=114
isha,2019-11-26,17:26,1,45.402694,11.884872,0.0,Zamorano J. et al. (2019). TESS-W sky brightness network. Zenodo monthly archives. https://zenodo.org/records/3378728. CC0 1.0.,TESS station stars47; photometric inflection method; night median MSAS=17.66; MSAS at inflection=16.66; depression=9.29°; smoothing=5-pt median; dark rows=109
fajr,2019-11-27,06:09,1,45.402694,11.884872,0.0,Zamorano J. et al. (2019). TESS-W sky brightness network. Zenodo monthly archives. https://zenodo.org/records/3378728. CC0 1.0.,TESS station stars47; photometric inflection method; night median MSAS=17.66; MSAS at inflection=15.85; depression=13.22°; smoothing=5-pt median; dark rows=109
fajr,2019-11-18,06:26,0,40.406135,-3.838541,0.0,Zamorano J. et al. (2019). TESS-W sky brightness network. Zenodo monthly archives. https://zenodo.org/records/3378728. CC0 1.0.,TESS station stars48; photometric inflection method; night median MSAS=17.76; MSAS at inflection=15.74; depression=7.43°; smoothing=5-pt median; dark rows=742
isha,2019-11-18,18:07,0,40.406135,-3.838541,0.0,Zamorano J. et al. (2019). TESS-W sky brightness network. Zenodo monthly archives. https://zenodo.org/records/3378728. CC0 1.0.,TESS station stars48; photometric inflection method; night median MSAS=18.41; MSAS at inflection=18.23; depression=13.74°; smoothing=5-pt median; dark rows=746
fajr,2019-11-19,06:18,0,40.406135,-3.838541,0.0,Zamorano J. et al. (2019). TESS-W sky brightness network. Zenodo monthly archives. https://zenodo.org/records/3378728. CC0 1.0.,TESS station stars48; photometric inflection method; night median MSAS=18.41; MSAS at inflection=16.43; depression=9.11°; smoothing=5-pt median; dark rows=746
fajr,2019-11-28,06:04,0,40.406135,-3.838541,0.0,Zamorano J. et al. (2019). TESS-W sky brightness network. Zenodo monthly archives. https://zenodo.org/records/3378728. CC0 1.0.,TESS station stars48; photometric inflection method; night median MSAS=18.34; MSAS at inflection=18.51; depression=13.34°; smoothing=5-pt median; dark rows=758
isha,2019-11-05,18:04,0,40.45098,-3.726072,0.0,Zamorano J. et al. (2019). TESS-W sky brightness network. Zenodo monthly archives. https://zenodo.org/records/3378728. CC0 1.0.,TESS station stars5; photometric inflection method; night median MSAS=17.79; MSAS at inflection=17.16; depression=11.19°; smoothing=5-pt median; dark rows=1441
fajr,2019-11-24,06:00,0,40.45098,-3.726072,0.0,Zamorano J. et al. (2019). TESS-W sky brightness network. Zenodo monthly archives. https://zenodo.org/records/3378728. CC0 1.0.,TESS station stars5; photometric inflection method; night median MSAS=18.24; MSAS at inflection=18.17; depression=13.28°; smoothing=5-pt median; dark rows=54
fajr,2019-11-28,05:46,0,40.45098,-3.726072,0.0,Zamorano J. et al. (2019). TESS-W sky brightness network. Zenodo monthly archives. https://zenodo.org/records/3378728. CC0 1.0.,TESS station stars5; photometric inflection method; night median MSAS=18.08; MSAS at inflection=18.05; depression=16.58°; smoothing=5-pt median; dark rows=93
isha,2019-11-07,18:09,0,40.418017,-3.553016,0.0,Zamorano J. et al. (2019). TESS-W sky brightness network. Zenodo monthly archives. https://zenodo.org/records/3378728. CC0 1.0.,TESS station stars51; photometric inflection method; night median MSAS=17.82; MSAS at inflection=16.00; depression=12.70°; smoothing=5-pt median; dark rows=687
isha,2019-11-08,17:59,0,40.418017,-3.553016,0.0,Zamorano J. et al. (2019). TESS-W sky brightness network. Zenodo monthly archives. https://zenodo.org/records/3378728. CC0 1.0.,TESS station stars51; photometric inflection method; night median MSAS=17.52; MSAS at inflection=17.31; depression=10.90°; smoothing=5-pt median; dark rows=726
fajr,2019-11-09,06:18,0,40.418017,-3.553016,0.0,Zamorano J. et al. (2019). TESS-W sky brightness network. Zenodo monthly archives. https://zenodo.org/records/3378728. CC0 1.0.,TESS station stars51; photometric inflection method; night median MSAS=17.52; MSAS at inflection=15.07; depression=6.89°; smoothing=5-pt median; dark rows=726
fajr,2019-11-18,06:27,0,40.418017,-3.553016,0.0,Zamorano J. et al. (2019). TESS-W sky brightness network. Zenodo monthly archives. https://zenodo.org/records/3378728. CC0 1.0.,TESS station stars51; photometric inflection method; night median MSAS=17.54; MSAS at inflection=15.29; depression=7.11°; smoothing=5-pt median; dark rows=742
fajr,2019-11-24,05:27,0,40.418017,-3.553016,0.0,Zamorano J. et al. (2019). TESS-W sky brightness network. Zenodo monthly archives. https://zenodo.org/records/3378728. CC0 1.0.,TESS station stars51; photometric inflection method; night median MSAS=18.26; MSAS at inflection=18.25; depression=19.27°; smoothing=5-pt median; dark rows=753
isha,2019-11-02,18:35,0,36.879285,-2.438345,0.0,Zamorano J. et al. (2019). TESS-W sky brightness network. Zenodo monthly archives. https://zenodo.org/records/3378728. CC0 1.0.,TESS station stars52; photometric inflection method; night median MSAS=18.13; MSAS at inflection=18.22; depression=17.18°; smoothing=5-pt median; dark rows=1377
isha,2019-11-03,18:49,0,36.879285,-2.438345,0.0,Zamorano J. et al. (2019). TESS-W sky brightness network. Zenodo monthly archives. https://zenodo.org/records/3378728. CC0 1.0.,TESS station stars52; photometric inflection method; night median MSAS=18.78; MSAS at inflection=18.27; depression=20.05°; smoothing=5-pt median; dark rows=1400
fajr,2019-11-04,05:32,0,36.879285,-2.438345,0.0,Zamorano J. et al. (2019). TESS-W sky brightness network. Zenodo monthly archives. https://zenodo.org/records/3378728. CC0 1.0.,TESS station stars52; photometric inflection method; night median MSAS=18.78; MSAS at inflection=18.67; depression=13.11°; smoothing=5-pt median; dark rows=1400
isha,2019-11-05,18:13,0,36.879285,-2.438345,0.0,Zamorano J. et al. (2019). TESS-W sky brightness network. Zenodo monthly archives. https://zenodo.org/records/3378728. CC0 1.0.,TESS station stars52; photometric inflection method; night median MSAS=18.82; MSAS at inflection=18.19; depression=13.30°; smoothing=5-pt median; dark rows=1399
fajr,2019-11-06,05:51,0,36.879285,-2.438345,0.0,Zamorano J. et al. (2019). TESS-W sky brightness network. Zenodo monthly archives. https://zenodo.org/records/3378728. CC0 1.0.,TESS station stars52; photometric inflection method; night median MSAS=18.82; MSAS at inflection=17.77; depression=9.79°; smoothing=5-pt median; dark rows=1399
fajr,2019-11-07,05:55,0,36.879285,-2.438345,0.0,Zamorano J. et al. (2019). TESS-W sky brightness network. Zenodo monthly archives. https://zenodo.org/records/3378728. CC0 1.0.,TESS station stars52; photometric inflection method; night median MSAS=18.71; MSAS at inflection=16.78; depression=9.16°; smoothing=5-pt median; dark rows=1400
fajr,2019-11-08,05:25,0,36.879285,-2.438345,0.0,Zamorano J. et al. (2019). TESS-W sky brightness network. Zenodo monthly archives. https://zenodo.org/records/3378728. CC0 1.0.,TESS station stars52; photometric inflection method; night median MSAS=18.48; MSAS at inflection=18.93; depression=15.26°; smoothing=5-pt median; dark rows=1411
isha,2019-11-08,18:54,0,36.879285,-2.438345,0.0,Zamorano J. et al. (2019). TESS-W sky brightness network. Zenodo monthly archives. https://zenodo.org/records/3378728. CC0 1.0.,TESS station stars52; photometric inflection method; night median MSAS=18.32; MSAS at inflection=17.89; depression=21.86°; smoothing=5-pt median; dark rows=1376
fajr,2019-11-18,05:57,0,36.879285,-2.438345,0.0,Zamorano J. et al. (2019). TESS-W sky brightness network. Zenodo monthly archives. https://zenodo.org/records/3378728. CC0 1.0.,TESS station stars52; photometric inflection method; night median MSAS=17.61; MSAS at inflection=16.14; depression=10.78°; smoothing=5-pt median; dark rows=1446
isha,2019-11-18,17:56,0,36.879285,-2.438345,0.0,Zamorano J. et al. (2019). TESS-W sky brightness network. Zenodo monthly archives. https://zenodo.org/records/3378728. CC0 1.0.,TESS station stars52; photometric inflection method; night median MSAS=18.63; MSAS at inflection=18.22; depression=11.65°; smoothing=5-pt median; dark rows=1459
fajr,2019-11-19,06:00,0,36.879285,-2.438345,0.0,Zamorano J. et al. (2019). TESS-W sky brightness network. Zenodo monthly archives. https://zenodo.org/records/3378728. CC0 1.0.,TESS station stars52; photometric inflection method; night median MSAS=18.63; MSAS at inflection=16.80; depression=10.50°; smoothing=5-pt median; dark rows=1459
isha,2019-11-19,18:36,0,36.879285,-2.438345,0.0,Zamorano J. et al. (2019). TESS-W sky brightness network. Zenodo monthly archives. https://zenodo.org/records/3378728. CC0 1.0.,TESS station stars52; photometric inflection method; night median MSAS=17.56; MSAS at inflection=17.65; depression=19.61°; smoothing=5-pt median; dark rows=1412
fajr,2019-11-20,06:02,0,36.879285,-2.438345,0.0,Zamorano J. et al. (2019). TESS-W sky brightness network. Zenodo monthly archives. https://zenodo.org/records/3378728. CC0 1.0.,TESS station stars52; photometric inflection method; night median MSAS=17.56; MSAS at inflection=17.53; depression=10.27°; smoothing=5-pt median; dark rows=1412
isha,2019-11-20,17:42,0,36.879285,-2.438345,0.0,Zamorano J. et al. (2019). TESS-W sky brightness network. Zenodo monthly archives. https://zenodo.org/records/3378728. CC0 1.0.,TESS station stars52; photometric inflection method; night median MSAS=18.46; MSAS at inflection=16.93; depression=9.19°; smoothing=5-pt median; dark rows=1422
fajr,2019-11-21,05:30,0,36.879285,-2.438345,0.0,Zamorano J. et al. (2019). TESS-W sky brightness network. Zenodo monthly archives. https://zenodo.org/records/3378728. CC0 1.0.,TESS station stars52; photometric inflection method; night median MSAS=18.46; MSAS at inflection=17.76; depression=16.53°; smoothing=5-pt median; dark rows=1422
isha,2019-11-23,18:15,0,36.879285,-2.438345,0.0,Zamorano J. et al. (2019). TESS-W sky brightness network. Zenodo monthly archives. https://zenodo.org/records/3378728. CC0 1.0.,TESS station stars52; photometric inflection method; night median MSAS=19.01; MSAS at inflection=18.75; depression=15.90°; smoothing=5-pt median; dark rows=1407
fajr,2019-11-24,06:11,0,36.879285,-2.438345,0.0,Zamorano J. et al. (2019). TESS-W sky brightness network. Zenodo monthly archives. https://zenodo.org/records/3378728. CC0 1.0.,TESS station stars52; photometric inflection method; night median MSAS=19.01; MSAS at inflection=16.74; depression=9.18°; smoothing=5-pt median; dark rows=1407
fajr,2019-11-25,06:09,0,36.879285,-2.438345,0.0,Zamorano J. et al. (2019). TESS-W sky brightness network. Zenodo monthly archives. https://zenodo.org/records/3378728. CC0 1.0.,TESS station stars52; photometric inflection method; night median MSAS=19.02; MSAS at inflection=16.80; depression=9.73°; smoothing=5-pt median; dark rows=1453
fajr,2019-11-26,06:08,0,36.879285,-2.438345,0.0,Zamorano J. et al. (2019). TESS-W sky brightness network. Zenodo monthly archives. https://zenodo.org/records/3378728. CC0 1.0.,TESS station stars52; photometric inflection method; night median MSAS=18.99; MSAS at inflection=17.31; depression=10.07°; smoothing=5-pt median; dark rows=1420
isha,2019-11-26,18:27,0,36.879285,-2.438345,0.0,Zamorano J. et al. (2019). TESS-W sky brightness network. Zenodo monthly archives. https://zenodo.org/records/3378728. CC0 1.0.,TESS station stars52; photometric inflection method; night median MSAS=18.76; MSAS at inflection=18.28; depression=18.24°; smoothing=5-pt median; dark rows=1453
isha,2019-11-28,17:57,0,36.879285,-2.438345,0.0,Zamorano J. et al. (2019). TESS-W sky brightness network. Zenodo monthly archives. https://zenodo.org/records/3378728. CC0 1.0.,TESS station stars52; photometric inflection method; night median MSAS=18.87; MSAS at inflection=18.10; depression=12.56°; smoothing=5-pt median; dark rows=1445
fajr,2019-11-29,06:01,0,36.879285,-2.438345,0.0,Zamorano J. et al. (2019). TESS-W sky brightness network. Zenodo monthly archives. https://zenodo.org/records/3378728. CC0 1.0.,TESS station stars52; photometric inflection method; night median MSAS=18.87; MSAS at inflection=18.52; depression=11.94°; smoothing=5-pt median; dark rows=1445
fajr,2019-11-09,05:47,-5,45.734626,-71.676243,0.0,Zamorano J. et al. (2019). TESS-W sky brightness network. Zenodo monthly archives. https://zenodo.org/records/3378728. CC0 1.0.,TESS station stars60; photometric inflection method; night median MSAS=18.97; MSAS at inflection=17.34; depression=9.00°; smoothing=5-pt median; dark rows=708
isha,2019-11-11,18:19,-5,45.734626,-71.676243,0.0,Zamorano J. et al. (2019). TESS-W sky brightness network. Zenodo monthly archives. https://zenodo.org/records/3378728. CC0 1.0.,TESS station stars60; photometric inflection method; night median MSAS=18.56; MSAS at inflection=18.60; depression=20.91°; smoothing=5-pt median; dark rows=735
fajr,2019-11-12,05:08,-5,45.734626,-71.676243,0.0,Zamorano J. et al. (2019). TESS-W sky brightness network. Zenodo monthly archives. https://zenodo.org/records/3378728. CC0 1.0.,TESS station stars60; photometric inflection method; night median MSAS=18.56; MSAS at inflection=20.60; depression=16.40°; smoothing=5-pt median; dark rows=735
isha,2019-11-13,18:00,-5,45.734626,-71.676243,0.0,Zamorano J. et al. (2019). TESS-W sky brightness network. Zenodo monthly archives. https://zenodo.org/records/3378728. CC0 1.0.,TESS station stars60; photometric inflection method; night median MSAS=17.68; MSAS at inflection=19.75; depression=17.91°; smoothing=5-pt median; dark rows=724
fajr,2019-11-15,04:55,-5,45.734626,-71.676243,0.0,Zamorano J. et al. (2019). TESS-W sky brightness network. Zenodo monthly archives. https://zenodo.org/records/3378728. CC0 1.0.,TESS station stars60; photometric inflection method; night median MSAS=19.09; MSAS at inflection=19.26; depression=19.28°; smoothing=5-pt median; dark rows=736
isha,2019-11-17,16:56,-5,45.734626,-71.676243,0.0,Zamorano J. et al. (2019). TESS-W sky brightness network. Zenodo monthly archives. https://zenodo.org/records/3378728. CC0 1.0.,TESS station stars60; photometric inflection method; night median MSAS=18.59; MSAS at inflection=16.47; depression=7.70°; smoothing=5-pt median; dark rows=751
isha,2019-11-19,17:10,-5,45.734626,-71.676243,0.0,Zamorano J. et al. (2019). TESS-W sky brightness network. Zenodo monthly archives. https://zenodo.org/records/3378728. CC0 1.0.,TESS station stars60; photometric inflection method; night median MSAS=21.04; MSAS at inflection=19.42; depression=10.21°; smoothing=5-pt median; dark rows=720
isha,2019-11-20,17:12,-5,45.734626,-71.676243,0.0,Zamorano J. et al. (2019). TESS-W sky brightness network. Zenodo monthly archives. https://zenodo.org/records/3378728. CC0 1.0.,TESS station stars60; photometric inflection method; night median MSAS=20.99; MSAS at inflection=18.73; depression=10.64°; smoothing=5-pt median; dark rows=736
isha,2019-11-21,17:11,-5,45.734626,-71.676243,0.0,Zamorano J. et al. (2019). TESS-W sky brightness network. Zenodo monthly archives. https://zenodo.org/records/3378728. CC0 1.0.,TESS station stars60; photometric inflection method; night median MSAS=20.54; MSAS at inflection=18.73; depression=10.61°; smoothing=5-pt median; dark rows=657
fajr,2019-11-22,05:18,-5,45.734626,-71.676243,0.0,Zamorano J. et al. (2019). TESS-W sky brightness network. Zenodo monthly archives. https://zenodo.org/records/3378728. CC0 1.0.,TESS station stars60; photometric inflection method; night median MSAS=20.54; MSAS at inflection=20.83; depression=16.75°; smoothing=5-pt median; dark rows=657
isha,2019-11-22,17:14,-5,45.734626,-71.676243,0.0,Zamorano J. et al. (2019). TESS-W sky brightness network. Zenodo monthly archives. https://zenodo.org/records/3378728. CC0 1.0.,TESS station stars60; photometric inflection method; night median MSAS=21.00; MSAS at inflection=19.48; depression=11.20°; smoothing=5-pt median; dark rows=729
fajr,2019-11-23,05:40,-5,45.734626,-71.676243,0.0,Zamorano J. et al. (2019). TESS-W sky brightness network. Zenodo monthly archives. https://zenodo.org/records/3378728. CC0 1.0.,TESS station stars60; photometric inflection method; night median MSAS=21.00; MSAS at inflection=20.72; depression=13.19°; smoothing=5-pt median; dark rows=729
fajr,2019-11-25,05:21,-5,45.734626,-71.676243,0.0,Zamorano J. et al. (2019). TESS-W sky brightness network. Zenodo monthly archives. https://zenodo.org/records/3378728. CC0 1.0.,TESS station stars60; photometric inflection method; night median MSAS=20.87; MSAS at inflection=20.94; depression=16.68°; smoothing=5-pt median; dark rows=739
isha,2019-11-28,17:10,-5,45.734626,-71.676243,0.0,Zamorano J. et al. (2019). TESS-W sky brightness network. Zenodo monthly archives. https://zenodo.org/records/3378728. CC0 1.0.,TESS station stars60; photometric inflection method; night median MSAS=21.45; MSAS at inflection=18.99; depression=11.08°; smoothing=5-pt median; dark rows=675
fajr,2019-11-29,05:15,-5,45.734626,-71.676243,0.0,Zamorano J. et al. (2019). TESS-W sky brightness network. Zenodo monthly archives. https://zenodo.org/records/3378728. CC0 1.0.,TESS station stars60; photometric inflection method; night median MSAS=21.45; MSAS at inflection=21.72; depression=18.53°; smoothing=5-pt median; dark rows=675
fajr,2019-11-02,05:20,0,42.024592,0.734797,0.0,Zamorano J. et al. (2019). TESS-W sky brightness network. Zenodo monthly archives. https://zenodo.org/records/3378728. CC0 1.0.,TESS station stars62; photometric inflection method; night median MSAS=21.26; MSAS at inflection=20.63; depression=13.50°; smoothing=5-pt median; dark rows=679
isha,2019-11-04,18:27,0,42.024592,0.734797,0.0,Zamorano J. et al. (2019). TESS-W sky brightness network. Zenodo monthly archives. https://zenodo.org/records/3378728. CC0 1.0.,TESS station stars62; photometric inflection method; night median MSAS=21.01; MSAS at inflection=19.94; depression=18.98°; smoothing=5-pt median; dark rows=692
fajr,2019-11-05,05:35,0,42.024592,0.734797,0.0,Zamorano J. et al. (2019). TESS-W sky brightness network. Zenodo monthly archives. https://zenodo.org/records/3378728. CC0 1.0.,TESS station stars62; photometric inflection method; night median MSAS=21.01; MSAS at inflection=19.42; depression=11.37°; smoothing=5-pt median; dark rows=692
isha,2019-11-05,18:34,0,42.024592,0.734797,0.0,Zamorano J. et al. (2019). TESS-W sky brightness network. Zenodo monthly archives. https://zenodo.org/records/3378728. CC0 1.0.,TESS station stars62; photometric inflection method; night median MSAS=20.62; MSAS at inflection=19.47; depression=20.40°; smoothing=5-pt median; dark rows=667
isha,2019-11-06,17:41,0,42.024592,0.734797,0.0,Zamorano J. et al. (2019). TESS-W sky brightness network. Zenodo monthly archives. https://zenodo.org/records/3378728. CC0 1.0.,TESS station stars62; photometric inflection method; night median MSAS=20.31; MSAS at inflection=18.46; depression=10.83°; smoothing=5-pt median; dark rows=682
fajr,2019-11-08,05:50,0,42.024592,0.734797,0.0,Zamorano J. et al. (2019). TESS-W sky brightness network. Zenodo monthly archives. https://zenodo.org/records/3378728. CC0 1.0.,TESS station stars62; photometric inflection method; night median MSAS=19.75; MSAS at inflection=17.76; depression=9.11°; smoothing=5-pt median; dark rows=647
isha,2019-11-08,18:17,0,42.024592,0.734797,0.0,Zamorano J. et al. (2019). TESS-W sky brightness network. Zenodo monthly archives. https://zenodo.org/records/3378728. CC0 1.0.,TESS station stars62; photometric inflection method; night median MSAS=19.29; MSAS at inflection=19.01; depression=17.79°; smoothing=5-pt median; dark rows=699
isha,2019-11-09,17:29,0,42.024592,0.734797,0.0,Zamorano J. et al. (2019). TESS-W sky brightness network. Zenodo monthly archives. https://zenodo.org/records/3378728. CC0 1.0.,TESS station stars62; photometric inflection method; night median MSAS=17.88; MSAS at inflection=17.07; depression=9.14°; smoothing=5-pt median; dark rows=581
fajr,2019-11-10,05:54,0,42.024592,0.734797,0.0,Zamorano J. et al. (2019). TESS-W sky brightness network. Zenodo monthly archives. https://zenodo.org/records/3378728. CC0 1.0.,TESS station stars62; photometric inflection method; night median MSAS=17.88; MSAS at inflection=17.54; depression=8.91°; smoothing=5-pt median; dark rows=581
isha,2019-11-10,17:21,0,42.024592,0.734797,0.0,Zamorano J. et al. (2019). TESS-W sky brightness network. Zenodo monthly archives. https://zenodo.org/records/3378728. CC0 1.0.,TESS station stars62; photometric inflection method; night median MSAS=18.21; MSAS at inflection=16.00; depression=7.87°; smoothing=5-pt median; dark rows=656
isha,2019-11-11,17:23,0,42.024592,0.734797,0.0,Zamorano J. et al. (2019). TESS-W sky brightness network. Zenodo monthly archives. https://zenodo.org/records/3378728. CC0 1.0.,TESS station stars62; photometric inflection method; night median MSAS=17.55; MSAS at inflection=16.22; depression=8.37°; smoothing=5-pt median; dark rows=590
fajr,2019-11-12,06:03,0,42.024592,0.734797,0.0,Zamorano J. et al. (2019). TESS-W sky brightness network. Zenodo monthly archives. https://zenodo.org/records/3378728. CC0 1.0.,TESS station stars62; photometric inflection method; night median MSAS=17.55; MSAS at inflection=16.05; depression=7.73°; smoothing=5-pt median; dark rows=590
isha,2019-11-13,17:32,0,42.024592,0.734797,0.0,Zamorano J. et al. (2019). TESS-W sky brightness network. Zenodo monthly archives. https://zenodo.org/records/3378728. CC0 1.0.,TESS station stars62; photometric inflection method; night median MSAS=17.93; MSAS at inflection=18.71; depression=10.42°; smoothing=5-pt median; dark rows=661
fajr,2019-11-14,05:44,0,42.024592,0.734797,0.0,Zamorano J. et al. (2019). TESS-W sky brightness network. Zenodo monthly archives. https://zenodo.org/records/3378728. CC0 1.0.,TESS station stars62; photometric inflection method; night median MSAS=17.93; MSAS at inflection=18.38; depression=11.43°; smoothing=5-pt median; dark rows=661
isha,2019-11-14,17:29,0,42.024592,0.734797,0.0,Zamorano J. et al. (2019). TESS-W sky brightness network. Zenodo monthly archives. https://zenodo.org/records/3378728. CC0 1.0.,TESS station stars62; photometric inflection method; night median MSAS=18.29; MSAS at inflection=18.54; depression=9.95°; smoothing=5-pt median; dark rows=691
fajr,2019-11-15,06:07,0,42.024592,0.734797,0.0,Zamorano J. et al. (2019). TESS-W sky brightness network. Zenodo monthly archives. https://zenodo.org/records/3378728. CC0 1.0.,TESS station stars62; photometric inflection method; night median MSAS=18.29; MSAS at inflection=16.16; depression=7.50°; smoothing=5-pt median; dark rows=691
isha,2019-11-15,17:40,0,42.024592,0.734797,0.0,Zamorano J. et al. (2019). TESS-W sky brightness network. Zenodo monthly archives. https://zenodo.org/records/3378728. CC0 1.0.,TESS station stars62; photometric inflection method; night median MSAS=18.77; MSAS at inflection=19.54; depression=12.02°; smoothing=5-pt median; dark rows=698
fajr,2019-11-16,05:14,0,42.024592,0.734797,0.0,Zamorano J. et al. (2019). TESS-W sky brightness network. Zenodo monthly archives. https://zenodo.org/records/3378728. CC0 1.0.,TESS station stars62; photometric inflection method; night median MSAS=18.77; MSAS at inflection=17.69; depression=17.29°; smoothing=5-pt median; dark rows=698
isha,2019-11-16,17:44,0,42.024592,0.734797,0.0,Zamorano J. et al. (2019). TESS-W sky brightness network. Zenodo monthly archives. https://zenodo.org/records/3378728. CC0 1.0.,TESS station stars62; photometric inflection method; night median MSAS=19.52; MSAS at inflection=20.34; depression=12.88°; smoothing=5-pt median; dark rows=700
fajr,2019-11-17,05:26,0,42.024592,0.734797,0.0,Zamorano J. et al. (2019). TESS-W sky brightness network. Zenodo monthly archives. https://zenodo.org/records/3378728. CC0 1.0.,TESS station stars62; photometric inflection method; night median MSAS=19.52; MSAS at inflection=17.25; depression=15.31°; smoothing=5-pt median; dark rows=700
isha,2019-11-17,17:34,0,42.024592,0.734797,0.0,Zamorano J. et al. (2019). TESS-W sky brightness network. Zenodo monthly archives. https://zenodo.org/records/3378728. CC0 1.0.,TESS station stars62; photometric inflection method; night median MSAS=19.70; MSAS at inflection=20.30; depression=11.21°; smoothing=5-pt median; dark rows=712
fajr,2019-11-20,05:49,0,42.024592,0.734797,0.0,Zamorano J. et al. (2019). TESS-W sky brightness network. Zenodo monthly archives. https://zenodo.org/records/3378728. CC0 1.0.,TESS station stars62; photometric inflection method; night median MSAS=20.77; MSAS at inflection=18.44; depression=11.71°; smoothing=5-pt median; dark rows=709
isha,2019-11-22,17:24,0,42.024592,0.734797,0.0,Zamorano J. et al. (2019). TESS-W sky brightness network. Zenodo monthly archives. https://zenodo.org/records/3378728. CC0 1.0.,TESS station stars62; photometric inflection method; night median MSAS=21.64; MSAS at inflection=20.17; depression=10.11°; smoothing=5-pt median; dark rows=732
isha,2019-11-24,17:33,0,42.024592,0.734797,0.0,Zamorano J. et al. (2019). TESS-W sky brightness network. Zenodo monthly archives. https://zenodo.org/records/3378728. CC0 1.0.,TESS station stars62; photometric inflection method; night median MSAS=21.19; MSAS at inflection=19.29; depression=11.76°; smoothing=5-pt median; dark rows=723
isha,2019-11-26,17:25,0,42.024592,0.734797,0.0,Zamorano J. et al. (2019). TESS-W sky brightness network. Zenodo monthly archives. https://zenodo.org/records/3378728. CC0 1.0.,TESS station stars62; photometric inflection method; night median MSAS=21.22; MSAS at inflection=18.89; depression=10.53°; smoothing=5-pt median; dark rows=739
isha,2019-11-28,17:30,0,42.024592,0.734797,0.0,Zamorano J. et al. (2019). TESS-W sky brightness network. Zenodo monthly archives. https://zenodo.org/records/3378728. CC0 1.0.,TESS station stars62; photometric inflection method; night median MSAS=21.22; MSAS at inflection=19.52; depression=11.53°; smoothing=5-pt median; dark rows=737
fajr,2019-11-29,05:49,0,42.024592,0.734797,0.0,Zamorano J. et al. (2019). TESS-W sky brightness network. Zenodo monthly archives. https://zenodo.org/records/3378728. CC0 1.0.,TESS station stars62; photometric inflection method; night median MSAS=21.22; MSAS at inflection=20.63; depression=13.40°; smoothing=5-pt median; dark rows=737
isha,2019-11-29,17:36,0,42.024592,0.734797,0.0,Zamorano J. et al. (2019). TESS-W sky brightness network. Zenodo monthly archives. https://zenodo.org/records/3378728. CC0 1.0.,TESS station stars62; photometric inflection method; night median MSAS=21.31; MSAS at inflection=20.36; depression=12.57°; smoothing=5-pt median; dark rows=731
fajr,2019-11-30,05:55,0,42.024592,0.734797,0.0,Zamorano J. et al. (2019). TESS-W sky brightness network. Zenodo monthly archives. https://zenodo.org/records/3378728. CC0 1.0.,TESS station stars62; photometric inflection method; night median MSAS=21.31; MSAS at inflection=19.75; depression=12.49°; smoothing=5-pt median; dark rows=731
fajr,2019-11-22,06:25,1,45.051036,10.919761,0.0,Zamorano J. et al. (2019). TESS-W sky brightness network. Zenodo monthly archives. https://zenodo.org/records/3378728. CC0 1.0.,TESS station stars64; photometric inflection method; night median MSAS=19.19; MSAS at inflection=17.75; depression=10.17°; smoothing=5-pt median; dark rows=693
isha,2019-11-22,18:36,1,45.051036,10.919761,0.0,Zamorano J. et al. (2019). TESS-W sky brightness network. Zenodo monthly archives. https://zenodo.org/records/3378728. CC0 1.0.,TESS station stars64; photometric inflection method; night median MSAS=18.31; MSAS at inflection=18.85; depression=19.94°; smoothing=5-pt median; dark rows=706
isha,2019-11-23,17:34,1,45.051036,10.919761,0.0,Zamorano J. et al. (2019). TESS-W sky brightness network. Zenodo monthly archives. https://zenodo.org/records/3378728. CC0 1.0.,TESS station stars64; photometric inflection method; night median MSAS=18.14; MSAS at inflection=17.74; depression=9.59°; smoothing=5-pt median; dark rows=737
isha,2019-11-24,17:27,1,45.051036,10.919761,0.0,Zamorano J. et al. (2019). TESS-W sky brightness network. Zenodo monthly archives. https://zenodo.org/records/3378728. CC0 1.0.,TESS station stars64; photometric inflection method; night median MSAS=18.36; MSAS at inflection=16.67; depression=8.39°; smoothing=5-pt median; dark rows=695
isha,2019-11-25,18:36,1,45.051036,10.919761,0.0,Zamorano J. et al. (2019). TESS-W sky brightness network. Zenodo monthly archives. https://zenodo.org/records/3378728. CC0 1.0.,TESS station stars64; photometric inflection method; night median MSAS=20.14; MSAS at inflection=19.74; depression=20.27°; smoothing=5-pt median; dark rows=744
isha,2019-11-27,17:32,1,45.051036,10.919761,0.0,Zamorano J. et al. (2019). TESS-W sky brightness network. Zenodo monthly archives. https://zenodo.org/records/3378728. CC0 1.0.,TESS station stars64; photometric inflection method; night median MSAS=18.68; MSAS at inflection=17.63; depression=9.52°; smoothing=5-pt median; dark rows=724
fajr,2019-11-28,06:39,1,45.051036,10.919761,0.0,Zamorano J. et al. (2019). TESS-W sky brightness network. Zenodo monthly archives. https://zenodo.org/records/3378728. CC0 1.0.,TESS station stars64; photometric inflection method; night median MSAS=18.68; MSAS at inflection=17.53; depression=8.85°; smoothing=5-pt median; dark rows=724
isha,2019-11-30,17:25,1,45.051036,10.919761,0.0,Zamorano J. et al. (2019). TESS-W sky brightness network. Zenodo monthly archives. https://zenodo.org/records/3378728. CC0 1.0.,TESS station stars64; photometric inflection method; night median MSAS=18.10; MSAS at inflection=16.92; depression=8.64°; smoothing=5-pt median; dark rows=404
isha,2019-11-09,17:34,1,48.231395,16.334225,0.0,Zamorano J. et al. (2019). TESS-W sky brightness network. Zenodo monthly archives. https://zenodo.org/records/3378728. CC0 1.0.,TESS station stars65; photometric inflection method; night median MSAS=17.76; MSAS at inflection=15.77; depression=11.95°; smoothing=5-pt median; dark rows=738
isha,2019-11-10,17:24,1,48.231395,16.334225,0.0,Zamorano J. et al. (2019). TESS-W sky brightness network. Zenodo monthly archives. https://zenodo.org/records/3378728. CC0 1.0.,TESS station stars65; photometric inflection method; night median MSAS=18.22; MSAS at inflection=15.97; depression=10.37°; smoothing=5-pt median; dark rows=694
isha,2019-11-01,19:01,0,39.78058,-6.0163,0.0,Zamorano J. et al. (2019). TESS-W sky brightness network. Zenodo monthly archives. https://zenodo.org/records/3378728. CC0 1.0.,TESS station stars66; photometric inflection method; night median MSAS=19.92; MSAS at inflection=19.85; depression=19.45°; smoothing=5-pt median; dark rows=699
fajr,2019-11-03,06:05,0,39.78058,-6.0163,0.0,Zamorano J. et al. (2019). TESS-W sky brightness network. Zenodo monthly archives. https://zenodo.org/records/3378728. CC0 1.0.,TESS station stars66; photometric inflection method; night median MSAS=20.12; MSAS at inflection=18.04; depression=9.84°; smoothing=5-pt median; dark rows=693
isha,2019-11-03,18:21,0,39.78058,-6.0163,0.0,Zamorano J. et al. (2019). TESS-W sky brightness network. Zenodo monthly archives. https://zenodo.org/records/3378728. CC0 1.0.,TESS station stars66; photometric inflection method; night median MSAS=19.99; MSAS at inflection=18.53; depression=12.24°; smoothing=5-pt median; dark rows=701
fajr,2019-11-04,06:04,0,39.78058,-6.0163,0.0,Zamorano J. et al. (2019). TESS-W sky brightness network. Zenodo monthly archives. https://zenodo.org/records/3378728. CC0 1.0.,TESS station stars66; photometric inflection method; night median MSAS=19.99; MSAS at inflection=17.89; depression=10.27°; smoothing=5-pt median; dark rows=701
fajr,2019-11-06,06:08,0,39.78058,-6.0163,0.0,Zamorano J. et al. (2019). TESS-W sky brightness network. Zenodo monthly archives. https://zenodo.org/records/3378728. CC0 1.0.,TESS station stars66; photometric inflection method; night median MSAS=20.24; MSAS at inflection=17.87; depression=9.94°; smoothing=5-pt median; dark rows=622
isha,2019-11-06,19:01,0,39.78058,-6.0163,0.0,Zamorano J. et al. (2019). TESS-W sky brightness network. Zenodo monthly archives. https://zenodo.org/records/3378728. CC0 1.0.,TESS station stars66; photometric inflection method; night median MSAS=18.97; MSAS at inflection=19.07; depression=20.51°; smoothing=5-pt median; dark rows=716
isha,2019-11-07,18:27,0,39.78058,-6.0163,0.0,Zamorano J. et al. (2019). TESS-W sky brightness network. Zenodo monthly archives. https://zenodo.org/records/3378728. CC0 1.0.,TESS station stars66; photometric inflection method; night median MSAS=19.30; MSAS at inflection=18.42; depression=14.06°; smoothing=5-pt median; dark rows=716
fajr,2019-11-08,05:41,0,39.78058,-6.0163,0.0,Zamorano J. et al. (2019). TESS-W sky brightness network. Zenodo monthly archives. https://zenodo.org/records/3378728. CC0 1.0.,TESS station stars66; photometric inflection method; night median MSAS=19.30; MSAS at inflection=20.88; depression=15.49°; smoothing=5-pt median; dark rows=716
isha,2019-11-08,18:18,0,39.78058,-6.0163,0.0,Zamorano J. et al. (2019). TESS-W sky brightness network. Zenodo monthly archives. https://zenodo.org/records/3378728. CC0 1.0.,TESS station stars66; photometric inflection method; night median MSAS=19.27; MSAS at inflection=19.22; depression=12.59°; smoothing=5-pt median; dark rows=710
fajr,2019-11-09,05:21,0,39.78058,-6.0163,0.0,Zamorano J. et al. (2019). TESS-W sky brightness network. Zenodo monthly archives. https://zenodo.org/records/3378728. CC0 1.0.,TESS station stars66; photometric inflection method; night median MSAS=19.27; MSAS at inflection=20.96; depression=19.50°; smoothing=5-pt median; dark rows=710
isha,2019-11-09,18:56,0,39.78058,-6.0163,0.0,Zamorano J. et al. (2019). TESS-W sky brightness network. Zenodo monthly archives. https://zenodo.org/records/3378728. CC0 1.0.,TESS station stars66; photometric inflection method; night median MSAS=17.53; MSAS at inflection=18.21; depression=19.87°; smoothing=5-pt median; dark rows=722
fajr,2019-11-12,06:25,0,39.78058,-6.0163,0.0,Zamorano J. et al. (2019). TESS-W sky brightness network. Zenodo monthly archives. https://zenodo.org/records/3378728. CC0 1.0.,TESS station stars66; photometric inflection method; night median MSAS=17.69; MSAS at inflection=15.64; depression=7.87°; smoothing=5-pt median; dark rows=725
fajr,2019-11-15,05:22,0,39.78058,-6.0163,0.0,Zamorano J. et al. (2019). TESS-W sky brightness network. Zenodo monthly archives. https://zenodo.org/records/3378728. CC0 1.0.,TESS station stars66; photometric inflection method; night median MSAS=17.96; MSAS at inflection=18.03; depression=20.25°; smoothing=5-pt median; dark rows=726
isha,2019-11-15,18:04,0,39.78058,-6.0163,0.0,Zamorano J. et al. (2019). TESS-W sky brightness network. Zenodo monthly archives. https://zenodo.org/records/3378728. CC0 1.0.,TESS station stars66; photometric inflection method; night median MSAS=18.50; MSAS at inflection=18.66; depression=10.89°; smoothing=5-pt median; dark rows=734
fajr,2019-11-16,06:10,0,39.78058,-6.0163,0.0,Zamorano J. et al. (2019). TESS-W sky brightness network. Zenodo monthly archives. https://zenodo.org/records/3378728. CC0 1.0.,TESS station stars66; photometric inflection method; night median MSAS=18.50; MSAS at inflection=18.24; depression=11.43°; smoothing=5-pt median; dark rows=734
isha,2019-11-20,18:46,0,39.78058,-6.0163,0.0,Zamorano J. et al. (2019). TESS-W sky brightness network. Zenodo monthly archives. https://zenodo.org/records/3378728. CC0 1.0.,TESS station stars66; photometric inflection method; night median MSAS=19.46; MSAS at inflection=19.37; depression=19.31°; smoothing=5-pt median; dark rows=735
isha,2019-11-21,18:11,0,39.78058,-6.0163,0.0,Zamorano J. et al. (2019). TESS-W sky brightness network. Zenodo monthly archives. https://zenodo.org/records/3378728. CC0 1.0.,TESS station stars66; photometric inflection method; night median MSAS=20.46; MSAS at inflection=20.22; depression=12.87°; smoothing=5-pt median; dark rows=740
fajr,2019-11-23,05:57,0,39.78058,-6.0163,0.0,Zamorano J. et al. (2019). TESS-W sky brightness network. Zenodo monthly archives. https://zenodo.org/records/3378728. CC0 1.0.,TESS station stars66; photometric inflection method; night median MSAS=21.05; MSAS at inflection=21.05; depression=15.14°; smoothing=5-pt median; dark rows=743
fajr,2019-11-26,06:29,0,39.78058,-6.0163,0.0,Zamorano J. et al. (2019). TESS-W sky brightness network. Zenodo monthly archives. https://zenodo.org/records/3378728. CC0 1.0.,TESS station stars66; photometric inflection method; night median MSAS=20.39; MSAS at inflection=18.13; depression=9.78°; smoothing=5-pt median; dark rows=723
fajr,2019-11-27,06:20,0,39.78058,-6.0163,0.0,Zamorano J. et al. (2019). TESS-W sky brightness network. Zenodo monthly archives. https://zenodo.org/records/3378728. CC0 1.0.,TESS station stars66; photometric inflection method; night median MSAS=20.93; MSAS at inflection=19.61; depression=11.56°; smoothing=5-pt median; dark rows=748
fajr,2019-11-27,06:20,0,39.78058,-6.0163,0.0,Zamorano J. et al. (2019). TESS-W sky brightness network. Zenodo monthly archives. https://zenodo.org/records/3378728. CC0 1.0.,TESS station stars66; photometric inflection method; night median MSAS=20.93; MSAS at inflection=19.61; depression=11.56°; smoothing=5-pt median; dark rows=748
isha,2019-11-29,17:54,0,39.78058,-6.0163,0.0,Zamorano J. et al. (2019). TESS-W sky brightness network. Zenodo monthly archives. https://zenodo.org/records/3378728. CC0 1.0.,TESS station stars66; photometric inflection method; night median MSAS=20.31; MSAS at inflection=18.14; depression=10.31°; smoothing=5-pt median; dark rows=728
fajr,2019-11-30,05:58,0,39.78058,-6.0163,0.0,Zamorano J. et al. (2019). TESS-W sky brightness network. Zenodo monthly archives. https://zenodo.org/records/3378728. CC0 1.0.,TESS station stars66; photometric inflection method; night median MSAS=20.31; MSAS at inflection=20.26; depression=16.23°; smoothing=5-pt median; dark rows=728
isha,2019-11-10,18:17,0,43.568147,1.327194,0.0,Zamorano J. et al. (2019). TESS-W sky brightness network. Zenodo monthly archives. https://zenodo.org/records/3378728. CC0 1.0.,TESS station stars71; photometric inflection method; night median MSAS=17.75; MSAS at inflection=17.55; depression=18.70°; smoothing=5-pt median; dark rows=444
fajr,2019-11-11,06:01,0,43.568147,1.327194,0.0,Zamorano J. et al. (2019). TESS-W sky brightness network. Zenodo monthly archives. https://zenodo.org/records/3378728. CC0 1.0.,TESS station stars71; photometric inflection method; night median MSAS=17.75; MSAS at inflection=16.02; depression=7.89°; smoothing=5-pt median; dark rows=444
isha,2019-11-19,17:33,0,43.568147,1.327194,0.0,Zamorano J. et al. (2019). TESS-W sky brightness network. Zenodo monthly archives. https://zenodo.org/records/3378728. CC0 1.0.,TESS station stars71; photometric inflection method; night median MSAS=19.01; MSAS at inflection=18.61; depression=12.15°; smoothing=5-pt median; dark rows=528
fajr,2019-11-20,05:58,0,43.568147,1.327194,0.0,Zamorano J. et al. (2019). TESS-W sky brightness network. Zenodo monthly archives. https://zenodo.org/records/3378728. CC0 1.0.,TESS station stars71; photometric inflection method; night median MSAS=19.01; MSAS at inflection=17.64; depression=10.16°; smoothing=5-pt median; dark rows=528
isha,2019-11-20,17:13,0,43.568147,1.327194,0.0,Zamorano J. et al. (2019). TESS-W sky brightness network. Zenodo monthly archives. https://zenodo.org/records/3378728. CC0 1.0.,TESS station stars71; photometric inflection method; night median MSAS=18.52; MSAS at inflection=17.38; depression=8.86°; smoothing=5-pt median; dark rows=634
isha,2019-11-21,17:34,0,43.568147,1.327194,0.0,Zamorano J. et al. (2019). TESS-W sky brightness network. Zenodo monthly archives. https://zenodo.org/records/3378728. CC0 1.0.,TESS station stars71; photometric inflection method; night median MSAS=18.89; MSAS at inflection=18.62; depression=12.61°; smoothing=5-pt median; dark rows=696
fajr,2019-11-22,06:08,0,43.568147,1.327194,0.0,Zamorano J. et al. (2019). TESS-W sky brightness network. Zenodo monthly archives. https://zenodo.org/records/3378728. CC0 1.0.,TESS station stars71; photometric inflection method; night median MSAS=18.89; MSAS at inflection=16.47; depression=8.94°; smoothing=5-pt median; dark rows=696
fajr,2019-11-25,06:18,0,43.568147,1.327194,0.0,Zamorano J. et al. (2019). TESS-W sky brightness network. Zenodo monthly archives. https://zenodo.org/records/3378728. CC0 1.0.,TESS station stars71; photometric inflection method; night median MSAS=18.34; MSAS at inflection=16.36; depression=7.80°; smoothing=5-pt median; dark rows=636
isha,2019-11-07,18:25,0,47.891148,1.918363,0.0,Zamorano J. et al. (2019). TESS-W sky brightness network. Zenodo monthly archives. https://zenodo.org/records/3378728. CC0 1.0.,TESS station stars72; photometric inflection method; night median MSAS=18.39; MSAS at inflection=18.39; depression=20.26°; smoothing=5-pt median; dark rows=702
fajr,2019-11-08,05:42,0,47.891148,1.918363,0.0,Zamorano J. et al. (2019). TESS-W sky brightness network. Zenodo monthly archives. https://zenodo.org/records/3378728. CC0 1.0.,TESS station stars72; photometric inflection method; night median MSAS=18.39; MSAS at inflection=16.34; depression=11.04°; smoothing=5-pt median; dark rows=702
isha,2019-11-08,18:05,0,47.891148,1.918363,0.0,Zamorano J. et al. (2019). TESS-W sky brightness network. Zenodo monthly archives. https://zenodo.org/records/3378728. CC0 1.0.,TESS station stars72; photometric inflection method; night median MSAS=18.15; MSAS at inflection=15.99; depression=17.17°; smoothing=5-pt median; dark rows=666
fajr,2019-11-09,05:12,0,47.891148,1.918363,0.0,Zamorano J. et al. (2019). TESS-W sky brightness network. Zenodo monthly archives. https://zenodo.org/records/3378728. CC0 1.0.,TESS station stars72; photometric inflection method; night median MSAS=18.15; MSAS at inflection=16.57; depression=16.21°; smoothing=5-pt median; dark rows=666
isha,2019-11-19,17:39,0,47.891148,1.918363,0.0,Zamorano J. et al. (2019). TESS-W sky brightness network. Zenodo monthly archives. https://zenodo.org/records/3378728. CC0 1.0.,TESS station stars72; photometric inflection method; night median MSAS=18.76; MSAS at inflection=17.66; depression=14.65°; smoothing=5-pt median; dark rows=692
isha,2019-11-03,18:16,0,39.478898,-0.376524,0.0,Zamorano J. et al. (2019). TESS-W sky brightness network. Zenodo monthly archives. https://zenodo.org/records/3378728. CC0 1.0.,TESS station stars75; photometric inflection method; night median MSAS=17.56; MSAS at inflection=17.55; depression=15.52°; smoothing=5-pt median; dark rows=93
fajr,2019-11-03,18:22,0,39.478898,-0.376524,0.0,Zamorano J. et al. (2019). TESS-W sky brightness network. Zenodo monthly archives. https://zenodo.org/records/3378728. CC0 1.0.,TESS station stars75; photometric inflection method; night median MSAS=17.56; MSAS at inflection=17.55; depression=16.67°; smoothing=5-pt median; dark rows=93
isha,2019-11-05,17:33,0,39.478898,-0.376524,0.0,Zamorano J. et al. (2019). TESS-W sky brightness network. Zenodo monthly archives. https://zenodo.org/records/3378728. CC0 1.0.,TESS station stars75; photometric inflection method; night median MSAS=17.95; MSAS at inflection=15.67; depression=7.75°; smoothing=5-pt median; dark rows=693
fajr,2019-11-06,06:00,0,39.478898,-0.376524,0.0,Zamorano J. et al. (2019). TESS-W sky brightness network. Zenodo monthly archives. https://zenodo.org/records/3378728. CC0 1.0.,TESS station stars75; photometric inflection method; night median MSAS=17.95; MSAS at inflection=15.78; depression=7.18°; smoothing=5-pt median; dark rows=693
isha,2019-11-06,18:20,0,39.478898,-0.376524,0.0,Zamorano J. et al. (2019). TESS-W sky brightness network. Zenodo monthly archives. https://zenodo.org/records/3378728. CC0 1.0.,TESS station stars75; photometric inflection method; night median MSAS=17.80; MSAS at inflection=17.37; depression=16.75°; smoothing=5-pt median; dark rows=693
fajr,2019-11-07,05:22,0,39.478898,-0.376524,0.0,Zamorano J. et al. (2019). TESS-W sky brightness network. Zenodo monthly archives. https://zenodo.org/records/3378728. CC0 1.0.,TESS station stars75; photometric inflection method; night median MSAS=17.80; MSAS at inflection=18.18; depression=14.47°; smoothing=5-pt median; dark rows=693
fajr,2019-11-08,05:56,0,39.478898,-0.376524,0.0,Zamorano J. et al. (2019). TESS-W sky brightness network. Zenodo monthly archives. https://zenodo.org/records/3378728. CC0 1.0.,TESS station stars75; photometric inflection method; night median MSAS=17.67; MSAS at inflection=16.79; depression=8.25°; smoothing=5-pt median; dark rows=695
isha,2019-11-16,18:28,0,39.478898,-0.376524,0.0,Zamorano J. et al. (2019). TESS-W sky brightness network. Zenodo monthly archives. https://zenodo.org/records/3378728. CC0 1.0.,TESS station stars75; photometric inflection method; night median MSAS=17.55; MSAS at inflection=17.66; depression=19.88°; smoothing=5-pt median; dark rows=654
fajr,2019-11-19,05:54,0,39.478898,-0.376524,0.0,Zamorano J. et al. (2019). TESS-W sky brightness network. Zenodo monthly archives. https://zenodo.org/records/3378728. CC0 1.0.,TESS station stars75; photometric inflection method; night median MSAS=17.74; MSAS at inflection=17.08; depression=10.75°; smoothing=5-pt median; dark rows=680
fajr,2019-11-23,06:07,0,39.478898,-0.376524,0.0,Zamorano J. et al. (2019). TESS-W sky brightness network. Zenodo monthly archives. https://zenodo.org/records/3378728. CC0 1.0.,TESS station stars75; photometric inflection method; night median MSAS=17.93; MSAS at inflection=17.57; depression=9.04°; smoothing=5-pt median; dark rows=682
isha,2019-11-24,17:46,0,39.478898,-0.376524,0.0,Zamorano J. et al. (2019). TESS-W sky brightness network. Zenodo monthly archives. https://zenodo.org/records/3378728. CC0 1.0.,TESS station stars75; photometric inflection method; night median MSAS=17.71; MSAS at inflection=17.59; depression=12.58°; smoothing=5-pt median; dark rows=494
isha,2019-11-29,18:03,0,39.478898,-0.376524,0.0,Zamorano J. et al. (2019). TESS-W sky brightness network. Zenodo monthly archives. https://zenodo.org/records/3378728. CC0 1.0.,TESS station stars75; photometric inflection method; night median MSAS=18.26; MSAS at inflection=16.91; depression=15.96°; smoothing=5-pt median; dark rows=343
fajr,2019-11-30,05:49,0,39.478898,-0.376524,0.0,Zamorano J. et al. (2019). TESS-W sky brightness network. Zenodo monthly archives. https://zenodo.org/records/3378728. CC0 1.0.,TESS station stars75; photometric inflection method; night median MSAS=18.26; MSAS at inflection=18.24; depression=13.63°; smoothing=5-pt median; dark rows=343
fajr,2019-11-04,05:45,0,39.478898,-0.376524,0.0,Zamorano J. et al. (2019). TESS-W sky brightness network. Zenodo monthly archives. https://zenodo.org/records/3378728. CC0 1.0.,TESS station stars76; photometric inflection method; night median MSAS=17.67; MSAS at inflection=15.87; depression=9.52°; smoothing=5-pt median; dark rows=687
fajr,2019-11-05,05:39,0,39.478898,-0.376524,0.0,Zamorano J. et al. (2019). TESS-W sky brightness network. Zenodo monthly archives. https://zenodo.org/records/3378728. CC0 1.0.,TESS station stars76; photometric inflection method; night median MSAS=17.68; MSAS at inflection=17.71; depression=10.89°; smoothing=5-pt median; dark rows=696
isha,2019-11-05,18:03,0,39.478898,-0.376524,0.0,Zamorano J. et al. (2019). TESS-W sky brightness network. Zenodo monthly archives. https://zenodo.org/records/3378728. CC0 1.0.,TESS station stars76; photometric inflection method; night median MSAS=17.82; MSAS at inflection=17.04; depression=13.39°; smoothing=5-pt median; dark rows=695
isha,2019-11-06,18:44,0,39.478898,-0.376524,0.0,Zamorano J. et al. (2019). TESS-W sky brightness network. Zenodo monthly archives. https://zenodo.org/records/3378728. CC0 1.0.,TESS station stars76; photometric inflection method; night median MSAS=17.72; MSAS at inflection=17.22; depression=21.47°; smoothing=5-pt median; dark rows=661
fajr,2019-11-07,05:08,0,39.478898,-0.376524,0.0,Zamorano J. et al. (2019). TESS-W sky brightness network. Zenodo monthly archives. https://zenodo.org/records/3378728. CC0 1.0.,TESS station stars76; photometric inflection method; night median MSAS=17.72; MSAS at inflection=18.09; depression=17.24°; smoothing=5-pt median; dark rows=661
isha,2019-11-07,17:52,0,39.478898,-0.376524,0.0,Zamorano J. et al. (2019). TESS-W sky brightness network. Zenodo monthly archives. https://zenodo.org/records/3378728. CC0 1.0.,TESS station stars76; photometric inflection method; night median MSAS=17.62; MSAS at inflection=16.18; depression=11.60°; smoothing=5-pt median; dark rows=706
fajr,2019-11-23,05:55,0,39.478898,-0.376524,0.0,Zamorano J. et al. (2019). TESS-W sky brightness network. Zenodo monthly archives. https://zenodo.org/records/3378728. CC0 1.0.,TESS station stars76; photometric inflection method; night median MSAS=17.77; MSAS at inflection=17.85; depression=11.22°; smoothing=5-pt median; dark rows=712
fajr,2019-11-24,06:03,0,39.478898,-0.376524,0.0,Zamorano J. et al. (2019). TESS-W sky brightness network. Zenodo monthly archives. https://zenodo.org/records/3378728. CC0 1.0.,TESS station stars76; photometric inflection method; night median MSAS=18.07; MSAS at inflection=17.54; depression=9.98°; smoothing=5-pt median; dark rows=724
fajr,2019-11-25,05:52,0,39.478898,-0.376524,0.0,Zamorano J. et al. (2019). TESS-W sky brightness network. Zenodo monthly archives. https://zenodo.org/records/3378728. CC0 1.0.,TESS station stars76; photometric inflection method; night median MSAS=17.56; MSAS at inflection=17.76; depression=12.24°; smoothing=5-pt median; dark rows=734
isha,2019-11-29,17:57,0,39.478898,-0.376524,0.0,Zamorano J. et al. (2019). TESS-W sky brightness network. Zenodo monthly archives. https://zenodo.org/records/3378728. CC0 1.0.,TESS station stars76; photometric inflection method; night median MSAS=17.68; MSAS at inflection=15.77; depression=14.98°; smoothing=5-pt median; dark rows=744
isha,2019-11-03,18:32,0,42.71167,-1.86509,0.0,Zamorano J. et al. (2019). TESS-W sky brightness network. Zenodo monthly archives. https://zenodo.org/records/3378728. CC0 1.0.,TESS station stars8; photometric inflection method; night median MSAS=20.20; MSAS at inflection=19.34; depression=17.66°; smoothing=5-pt median; dark rows=703
fajr,2019-11-04,05:16,0,42.71167,-1.86509,0.0,Zamorano J. et al. (2019). TESS-W sky brightness network. Zenodo monthly archives. https://zenodo.org/records/3378728. CC0 1.0.,TESS station stars8; photometric inflection method; night median MSAS=20.20; MSAS at inflection=20.68; depression=16.50°; smoothing=5-pt median; dark rows=703
isha,2019-11-05,18:34,0,42.71167,-1.86509,0.0,Zamorano J. et al. (2019). TESS-W sky brightness network. Zenodo monthly archives. https://zenodo.org/records/3378728. CC0 1.0.,TESS station stars8; photometric inflection method; night median MSAS=20.35; MSAS at inflection=19.78; depression=18.47°; smoothing=5-pt median; dark rows=715
fajr,2019-11-06,05:48,0,42.71167,-1.86509,0.0,Zamorano J. et al. (2019). TESS-W sky brightness network. Zenodo monthly archives. https://zenodo.org/records/3378728. CC0 1.0.,TESS station stars8; photometric inflection method; night median MSAS=20.35; MSAS at inflection=19.13; depression=11.21°; smoothing=5-pt median; dark rows=715
isha,2019-11-07,18:48,0,42.71167,-1.86509,0.0,Zamorano J. et al. (2019). TESS-W sky brightness network. Zenodo monthly archives. https://zenodo.org/records/3378728. CC0 1.0.,TESS station stars8; photometric inflection method; night median MSAS=19.11; MSAS at inflection=18.72; depression=21.41°; smoothing=5-pt median; dark rows=716
isha,2019-11-10,17:27,0,42.71167,-1.86509,0.0,Zamorano J. et al. (2019). TESS-W sky brightness network. Zenodo monthly archives. https://zenodo.org/records/3378728. CC0 1.0.,TESS station stars8; photometric inflection method; night median MSAS=17.68; MSAS at inflection=16.39; depression=7.25°; smoothing=5-pt median; dark rows=730
isha,2019-11-13,18:43,0,42.71167,-1.86509,0.0,Zamorano J. et al. (2019). TESS-W sky brightness network. Zenodo monthly archives. https://zenodo.org/records/3378728. CC0 1.0.,TESS station stars8; photometric inflection method; night median MSAS=17.54; MSAS at inflection=18.33; depression=21.45°; smoothing=5-pt median; dark rows=722
fajr,2019-11-17,05:13,0,42.71167,-1.86509,0.0,Zamorano J. et al. (2019). TESS-W sky brightness network. Zenodo monthly archives. https://zenodo.org/records/3378728. CC0 1.0.,TESS station stars8; photometric inflection method; night median MSAS=18.06; MSAS at inflection=17.56; depression=19.72°; smoothing=5-pt median; dark rows=739
fajr,2019-11-21,05:21,0,42.71167,-1.86509,0.0,Zamorano J. et al. (2019). TESS-W sky brightness network. Zenodo monthly archives. https://zenodo.org/records/3378728. CC0 1.0.,TESS station stars8; photometric inflection method; night median MSAS=20.30; MSAS at inflection=18.82; depression=19.05°; smoothing=5-pt median; dark rows=690
fajr,2019-11-22,06:07,0,42.71167,-1.86509,0.0,Zamorano J. et al. (2019). TESS-W sky brightness network. Zenodo monthly archives. https://zenodo.org/records/3378728. CC0 1.0.,TESS station stars8; photometric inflection method; night median MSAS=19.61; MSAS at inflection=19.31; depression=10.91°; smoothing=5-pt median; dark rows=301
isha,2019-11-22,17:36,0,42.71167,-1.86509,0.0,Zamorano J. et al. (2019). TESS-W sky brightness network. Zenodo monthly archives. https://zenodo.org/records/3378728. CC0 1.0.,TESS station stars8; photometric inflection method; night median MSAS=20.34; MSAS at inflection=20.05; depression=10.60°; smoothing=5-pt median; dark rows=726
isha,2019-11-24,17:59,0,42.71167,-1.86509,0.0,Zamorano J. et al. (2019). TESS-W sky brightness network. Zenodo monthly archives. https://zenodo.org/records/3378728. CC0 1.0.,TESS station stars8; photometric inflection method; night median MSAS=20.45; MSAS at inflection=20.63; depression=14.71°; smoothing=5-pt median; dark rows=751
isha,2019-11-27,18:04,0,42.71167,-1.86509,0.0,Zamorano J. et al. (2019). TESS-W sky brightness network. Zenodo monthly archives. https://zenodo.org/records/3378728. CC0 1.0.,TESS station stars8; photometric inflection method; night median MSAS=20.41; MSAS at inflection=19.82; depression=15.77°; smoothing=5-pt median; dark rows=757
isha,2019-11-30,17:18,0,42.71167,-1.86509,0.0,Zamorano J. et al. (2019). TESS-W sky brightness network. Zenodo monthly archives. https://zenodo.org/records/3378728. CC0 1.0.,TESS station stars8; photometric inflection method; night median MSAS=19.50; MSAS at inflection=17.57; depression=7.95°; smoothing=5-pt median; dark rows=374
fajr,2019-11-05,05:06,0,43.34756,-4.059549,0.0,Zamorano J. et al. (2019). TESS-W sky brightness network. Zenodo monthly archives. https://zenodo.org/records/3378728. CC0 1.0.,TESS station stars81; photometric inflection method; night median MSAS=17.84; MSAS at inflection=18.11; depression=20.18°; smoothing=5-pt median; dark rows=665
isha,2019-11-19,18:38,0,43.34756,-4.059549,0.0,Zamorano J. et al. (2019). TESS-W sky brightness network. Zenodo monthly archives. https://zenodo.org/records/3378728. CC0 1.0.,TESS station stars81; photometric inflection method; night median MSAS=18.07; MSAS at inflection=17.68; depression=19.80°; smoothing=5-pt median; dark rows=704
fajr,2019-11-20,06:35,0,43.34756,-4.059549,0.0,Zamorano J. et al. (2019). TESS-W sky brightness network. Zenodo monthly archives. https://zenodo.org/records/3378728. CC0 1.0.,TESS station stars81; photometric inflection method; night median MSAS=18.07; MSAS at inflection=15.75; depression=7.41°; smoothing=5-pt median; dark rows=704
isha,2019-11-20,18:47,0,43.34756,-4.059549,0.0,Zamorano J. et al. (2019). TESS-W sky brightness network. Zenodo monthly archives. https://zenodo.org/records/3378728. CC0 1.0.,TESS station stars81; photometric inflection method; night median MSAS=17.93; MSAS at inflection=17.09; depression=21.56°; smoothing=5-pt median; dark rows=301
isha,2019-11-21,18:19,0,43.34756,-4.059549,0.0,Zamorano J. et al. (2019). TESS-W sky brightness network. Zenodo monthly archives. https://zenodo.org/records/3378728. CC0 1.0.,TESS station stars81; photometric inflection method; night median MSAS=17.89; MSAS at inflection=18.42; depression=16.57°; smoothing=5-pt median; dark rows=655
fajr,2019-11-22,06:20,0,43.34756,-4.059549,0.0,Zamorano J. et al. (2019). TESS-W sky brightness network. Zenodo monthly archives. https://zenodo.org/records/3378728. CC0 1.0.,TESS station stars81; photometric inflection method; night median MSAS=17.89; MSAS at inflection=16.13; depression=10.36°; smoothing=5-pt median; dark rows=655
fajr,2019-11-26,05:31,0,43.34756,-4.059549,0.0,Zamorano J. et al. (2019). TESS-W sky brightness network. Zenodo monthly archives. https://zenodo.org/records/3378728. CC0 1.0.,TESS station stars81; photometric inflection method; night median MSAS=18.12; MSAS at inflection=16.82; depression=19.78°; smoothing=5-pt median; dark rows=742
isha,2019-11-26,18:46,0,43.34756,-4.059549,0.0,Zamorano J. et al. (2019). TESS-W sky brightness network. Zenodo monthly archives. https://zenodo.org/records/3378728. CC0 1.0.,TESS station stars81; photometric inflection method; night median MSAS=18.23; MSAS at inflection=17.08; depression=21.78°; smoothing=5-pt median; dark rows=595
fajr,2019-11-27,06:34,0,43.34756,-4.059549,0.0,Zamorano J. et al. (2019). TESS-W sky brightness network. Zenodo monthly archives. https://zenodo.org/records/3378728. CC0 1.0.,TESS station stars81; photometric inflection method; night median MSAS=18.23; MSAS at inflection=16.62; depression=8.93°; smoothing=5-pt median; dark rows=595
fajr,2019-11-30,05:36,0,43.34756,-4.059549,0.0,Zamorano J. et al. (2019). TESS-W sky brightness network. Zenodo monthly archives. https://zenodo.org/records/3378728. CC0 1.0.,TESS station stars81; photometric inflection method; night median MSAS=18.19; MSAS at inflection=18.07; depression=19.52°; smoothing=5-pt median; dark rows=728
fajr,2019-11-05,06:17,1,59.267231,18.137398,0.0,Zamorano J. et al. (2019). TESS-W sky brightness network. Zenodo monthly archives. https://zenodo.org/records/3378728. CC0 1.0.,TESS station stars83; photometric inflection method; night median MSAS=17.77; MSAS at inflection=16.10; depression=7.52°; smoothing=5-pt median; dark rows=728
isha,2019-11-05,16:56,1,59.267231,18.137398,0.0,Zamorano J. et al. (2019). TESS-W sky brightness network. Zenodo monthly archives. https://zenodo.org/records/3378728. CC0 1.0.,TESS station stars83; photometric inflection method; night median MSAS=18.06; MSAS at inflection=17.17; depression=9.21°; smoothing=5-pt median; dark rows=708
fajr,2019-11-06,06:17,1,59.267231,18.137398,0.0,Zamorano J. et al. (2019). TESS-W sky brightness network. Zenodo monthly archives. https://zenodo.org/records/3378728. CC0 1.0.,TESS station stars83; photometric inflection method; night median MSAS=18.06; MSAS at inflection=16.55; depression=7.89°; smoothing=5-pt median; dark rows=708
fajr,2019-11-08,06:05,0,40.45098,-3.726072,0.0,Zamorano J. et al. (2019). TESS-W sky brightness network. Zenodo monthly archives. https://zenodo.org/records/3378728. CC0 1.0.,TESS station stars85; photometric inflection method; night median MSAS=18.12; MSAS at inflection=17.67; depression=9.37°; smoothing=5-pt median; dark rows=128
isha,2019-11-08,17:43,0,40.45098,-3.726072,0.0,Zamorano J. et al. (2019). TESS-W sky brightness network. Zenodo monthly archives. https://zenodo.org/records/3378728. CC0 1.0.,TESS station stars85; photometric inflection method; night median MSAS=17.72; MSAS at inflection=15.92; depression=7.85°; smoothing=5-pt median; dark rows=131
fajr,2019-11-09,06:17,0,40.45098,-3.726072,0.0,Zamorano J. et al. (2019). TESS-W sky brightness network. Zenodo monthly archives. https://zenodo.org/records/3378728. CC0 1.0.,TESS station stars85; photometric inflection method; night median MSAS=17.72; MSAS at inflection=16.13; depression=7.34°; smoothing=5-pt median; dark rows=131
fajr,2019-11-10,06:08,0,40.45098,-3.726072,0.0,Zamorano J. et al. (2019). TESS-W sky brightness network. Zenodo monthly archives. https://zenodo.org/records/3378728. CC0 1.0.,TESS station stars85; photometric inflection method; night median MSAS=17.65; MSAS at inflection=17.84; depression=9.15°; smoothing=5-pt median; dark rows=150
isha,2019-11-16,17:39,0,40.45098,-3.726072,0.0,Zamorano J. et al. (2019). TESS-W sky brightness network. Zenodo monthly archives. https://zenodo.org/records/3378728. CC0 1.0.,TESS station stars85; photometric inflection method; night median MSAS=17.72; MSAS at inflection=16.19; depression=8.42°; smoothing=5-pt median; dark rows=137
fajr,2019-11-17,05:40,0,40.45098,-3.726072,0.0,Zamorano J. et al. (2019). TESS-W sky brightness network. Zenodo monthly archives. https://zenodo.org/records/3378728. CC0 1.0.,TESS station stars85; photometric inflection method; night median MSAS=17.72; MSAS at inflection=15.75; depression=15.69°; smoothing=5-pt median; dark rows=137
fajr,2019-11-18,05:31,0,40.45098,-3.726072,0.0,Zamorano J. et al. (2019). TESS-W sky brightness network. Zenodo monthly archives. https://zenodo.org/records/3378728. CC0 1.0.,TESS station stars85; photometric inflection method; night median MSAS=17.76; MSAS at inflection=17.39; depression=17.50°; smoothing=5-pt median; dark rows=106
isha,2019-11-18,17:36,0,40.45098,-3.726072,0.0,Zamorano J. et al. (2019). TESS-W sky brightness network. Zenodo monthly archives. https://zenodo.org/records/3378728. CC0 1.0.,TESS station stars85; photometric inflection method; night median MSAS=18.22; MSAS at inflection=16.60; depression=8.13°; smoothing=5-pt median; dark rows=135
fajr,2019-11-19,06:02,0,40.45098,-3.726072,0.0,Zamorano J. et al. (2019). TESS-W sky brightness network. Zenodo monthly archives. https://zenodo.org/records/3378728. CC0 1.0.,TESS station stars85; photometric inflection method; night median MSAS=18.22; MSAS at inflection=17.24; depression=11.95°; smoothing=5-pt median; dark rows=135
fajr,2019-11-24,06:19,0,40.45098,-3.726072,0.0,Zamorano J. et al. (2019). TESS-W sky brightness network. Zenodo monthly archives. https://zenodo.org/records/3378728. CC0 1.0.,TESS station stars85; photometric inflection method; night median MSAS=18.46; MSAS at inflection=17.67; depression=9.84°; smoothing=5-pt median; dark rows=168
isha,2019-11-01,18:26,1,64.209031,18.849575,0.0,Zamorano J. et al. (2019). TESS-W sky brightness network. Zenodo monthly archives. https://zenodo.org/records/3378728. CC0 1.0.,TESS station stars86; photometric inflection method; night median MSAS=19.86; MSAS at inflection=21.17; depression=19.32°; smoothing=5-pt median; dark rows=707
fajr,2019-11-02,04:42,1,64.209031,18.849575,0.0,Zamorano J. et al. (2019). TESS-W sky brightness network. Zenodo monthly archives. https://zenodo.org/records/3378728. CC0 1.0.,TESS station stars86; photometric inflection method; night median MSAS=19.86; MSAS at inflection=18.78; depression=18.08°; smoothing=5-pt median; dark rows=707
isha,2019-11-07,17:15,1,64.209031,18.849575,0.0,Zamorano J. et al. (2019). TESS-W sky brightness network. Zenodo monthly archives. https://zenodo.org/records/3378728. CC0 1.0.,TESS station stars86; photometric inflection method; night median MSAS=19.57; MSAS at inflection=19.15; depression=13.30°; smoothing=5-pt median; dark rows=783
isha,2019-11-09,17:00,1,64.209031,18.849575,0.0,Zamorano J. et al. (2019). TESS-W sky brightness network. Zenodo monthly archives. https://zenodo.org/records/3378728. CC0 1.0.,TESS station stars86; photometric inflection method; night median MSAS=17.91; MSAS at inflection=18.55; depression=12.20°; smoothing=5-pt median; dark rows=626
isha,2019-11-15,16:05,1,64.209031,18.849575,0.0,Zamorano J. et al. (2019). TESS-W sky brightness network. Zenodo monthly archives. https://zenodo.org/records/3378728. CC0 1.0.,TESS station stars86; photometric inflection method; night median MSAS=17.98; MSAS at inflection=16.38; depression=7.98°; smoothing=5-pt median; dark rows=740
isha,2019-11-17,16:50,1,64.209031,18.849575,0.0,Zamorano J. et al. (2019). TESS-W sky brightness network. Zenodo monthly archives. https://zenodo.org/records/3378728. CC0 1.0.,TESS station stars86; photometric inflection method; night median MSAS=18.62; MSAS at inflection=20.84; depression=12.97°; smoothing=5-pt median; dark rows=842
isha,2019-11-18,16:32,1,64.209031,18.849575,0.0,Zamorano J. et al. (2019). TESS-W sky brightness network. Zenodo monthly archives. https://zenodo.org/records/3378728. CC0 1.0.,TESS station stars86; photometric inflection method; night median MSAS=18.30; MSAS at inflection=18.46; depression=11.26°; smoothing=5-pt median; dark rows=846
isha,2019-11-26,16:26,1,64.209031,18.849575,0.0,Zamorano J. et al. (2019). TESS-W sky brightness network. Zenodo monthly archives. https://zenodo.org/records/3378728. CC0 1.0.,TESS station stars86; photometric inflection method; night median MSAS=21.50; MSAS at inflection=20.47; depression=12.04°; smoothing=5-pt median; dark rows=875
fajr,2019-11-27,05:31,1,64.209031,18.849575,0.0,Zamorano J. et al. (2019). TESS-W sky brightness network. Zenodo monthly archives. https://zenodo.org/records/3378728. CC0 1.0.,TESS station stars86; photometric inflection method; night median MSAS=21.50; MSAS at inflection=21.53; depression=18.91°; smoothing=5-pt median; dark rows=875
isha,2019-11-28,17:36,1,64.209031,18.849575,0.0,Zamorano J. et al. (2019). TESS-W sky brightness network. Zenodo monthly archives. https://zenodo.org/records/3378728. CC0 1.0.,TESS station stars86; photometric inflection method; night median MSAS=22.04; MSAS at inflection=21.04; depression=19.52°; smoothing=5-pt median; dark rows=893
isha,2019-10-31,17:46,-7,30.534095,-98.905275,0.0,Zamorano J. et al. (2019). TESS-W sky brightness network. Zenodo monthly archives. https://zenodo.org/records/3378728. CC0 1.0.,TESS station stars89; photometric inflection method; night median MSAS=21.25; MSAS at inflection=20.04; depression=13.03°; smoothing=5-pt median; dark rows=637
fajr,2019-11-05,04:53,-7,30.534095,-98.905275,0.0,Zamorano J. et al. (2019). TESS-W sky brightness network. Zenodo monthly archives. https://zenodo.org/records/3378728. CC0 1.0.,TESS station stars89; photometric inflection method; night median MSAS=20.92; MSAS at inflection=20.95; depression=13.27°; smoothing=5-pt median; dark rows=625
isha,2019-11-05,17:36,-7,30.534095,-98.905275,0.0,Zamorano J. et al. (2019). TESS-W sky brightness network. Zenodo monthly archives. https://zenodo.org/records/3378728. CC0 1.0.,TESS station stars89; photometric inflection method; night median MSAS=19.93; MSAS at inflection=18.58; depression=11.50°; smoothing=5-pt median; dark rows=635
fajr,2019-11-06,05:02,-7,30.534095,-98.905275,0.0,Zamorano J. et al. (2019). TESS-W sky brightness network. Zenodo monthly archives. https://zenodo.org/records/3378728. CC0 1.0.,TESS station stars89; photometric inflection method; night median MSAS=19.93; MSAS at inflection=19.38; depression=11.60°; smoothing=5-pt median; dark rows=635
fajr,2019-11-09,05:03,-7,30.534095,-98.905275,0.0,Zamorano J. et al. (2019). TESS-W sky brightness network. Zenodo monthly archives. https://zenodo.org/records/3378728. CC0 1.0.,TESS station stars89; photometric inflection method; night median MSAS=18.15; MSAS at inflection=19.62; depression=11.89°; smoothing=5-pt median; dark rows=628
isha,2019-11-09,17:24,-7,30.534095,-98.905275,0.0,Zamorano J. et al. (2019). TESS-W sky brightness network. Zenodo monthly archives. https://zenodo.org/records/3378728. CC0 1.0.,TESS station stars89; photometric inflection method; night median MSAS=18.49; MSAS at inflection=17.58; depression=9.51°; smoothing=5-pt median; dark rows=627
fajr,2019-11-10,05:02,-7,30.534095,-98.905275,0.0,Zamorano J. et al. (2019). TESS-W sky brightness network. Zenodo monthly archives. https://zenodo.org/records/3378728. CC0 1.0.,TESS station stars89; photometric inflection method; night median MSAS=18.49; MSAS at inflection=19.76; depression=12.12°; smoothing=5-pt median; dark rows=627
fajr,2019-11-15,05:12,-7,30.534095,-98.905275,0.0,Zamorano J. et al. (2019). TESS-W sky brightness network. Zenodo monthly archives. https://zenodo.org/records/3378728. CC0 1.0.,TESS station stars89; photometric inflection method; night median MSAS=18.00; MSAS at inflection=17.74; depression=10.91°; smoothing=5-pt median; dark rows=648
isha,2019-11-15,17:27,-7,30.534095,-98.905275,0.0,Zamorano J. et al. (2019). TESS-W sky brightness network. Zenodo monthly archives. https://zenodo.org/records/3378728. CC0 1.0.,TESS station stars89; photometric inflection method; night median MSAS=18.99; MSAS at inflection=18.50; depression=10.94°; smoothing=5-pt median; dark rows=648
isha,2019-11-16,17:18,-7,30.534095,-98.905275,0.0,Zamorano J. et al. (2019). TESS-W sky brightness network. Zenodo monthly archives. https://zenodo.org/records/3378728. CC0 1.0.,TESS station stars89; photometric inflection method; night median MSAS=18.71; MSAS at inflection=17.09; depression=9.00°; smoothing=5-pt median; dark rows=638
isha,2019-11-17,17:22,-7,30.534095,-98.905275,0.0,Zamorano J. et al. (2019). TESS-W sky brightness network. Zenodo monthly archives. https://zenodo.org/records/3378728. CC0 1.0.,TESS station stars89; photometric inflection method; night median MSAS=20.21; MSAS at inflection=18.24; depression=9.98°; smoothing=5-pt median; dark rows=655
isha,2019-11-20,17:29,-7,30.534095,-98.905275,0.0,Zamorano J. et al. (2019). TESS-W sky brightness network. Zenodo monthly archives. https://zenodo.org/records/3378728. CC0 1.0.,TESS station stars89; photometric inflection method; night median MSAS=21.52; MSAS at inflection=19.70; depression=11.69°; smoothing=5-pt median; dark rows=656
fajr,2019-11-24,04:51,-7,30.534095,-98.905275,0.0,Zamorano J. et al. (2019). TESS-W sky brightness network. Zenodo monthly archives. https://zenodo.org/records/3378728. CC0 1.0.,TESS station stars89; photometric inflection method; night median MSAS=21.58; MSAS at inflection=21.68; depression=16.62°; smoothing=5-pt median; dark rows=670
isha,2019-11-24,17:38,-7,30.534095,-98.905275,0.0,Zamorano J. et al. (2019). TESS-W sky brightness network. Zenodo monthly archives. https://zenodo.org/records/3378728. CC0 1.0.,TESS station stars89; photometric inflection method; night median MSAS=21.49; MSAS at inflection=20.97; depression=13.69°; smoothing=5-pt median; dark rows=628
fajr,2019-11-25,05:18,-7,30.534095,-98.905275,0.0,Zamorano J. et al. (2019). TESS-W sky brightness network. Zenodo monthly archives. https://zenodo.org/records/3378728. CC0 1.0.,TESS station stars89; photometric inflection method; night median MSAS=21.49; MSAS at inflection=19.04; depression=11.10°; smoothing=5-pt median; dark rows=628
isha,2019-11-28,18:06,-7,30.534095,-98.905275,0.0,Zamorano J. et al. (2019). TESS-W sky brightness network. Zenodo monthly archives. https://zenodo.org/records/3378728. CC0 1.0.,TESS station stars89; photometric inflection method; night median MSAS=22.64; MSAS at inflection=22.17; depression=19.56°; smoothing=5-pt median; dark rows=665
isha,2019-11-02,18:48,0,38.409226,-4.894376,0.0,Zamorano J. et al. (2019). TESS-W sky brightness network. Zenodo monthly archives. https://zenodo.org/records/3378728. CC0 1.0.,TESS station stars9; photometric inflection method; night median MSAS=19.75; MSAS at inflection=19.77; depression=17.93°; smoothing=5-pt median; dark rows=703
isha,2019-11-03,18:17,0,38.409226,-4.894376,0.0,Zamorano J. et al. (2019). TESS-W sky brightness network. Zenodo monthly archives. https://zenodo.org/records/3378728. CC0 1.0.,TESS station stars9; photometric inflection method; night median MSAS=17.52; MSAS at inflection=18.83; depression=12.01°; smoothing=5-pt median; dark rows=710
isha,2019-11-16,18:04,0,38.409226,-4.894376,0.0,Zamorano J. et al. (2019). TESS-W sky brightness network. Zenodo monthly archives. https://zenodo.org/records/3378728. CC0 1.0.,TESS station stars9; photometric inflection method; night median MSAS=18.47; MSAS at inflection=18.84; depression=11.64°; smoothing=5-pt median; dark rows=734
isha,2019-11-19,18:52,0,38.409226,-4.894376,0.0,Zamorano J. et al. (2019). TESS-W sky brightness network. Zenodo monthly archives. https://zenodo.org/records/3378728. CC0 1.0.,TESS station stars9; photometric inflection method; night median MSAS=19.59; MSAS at inflection=19.46; depression=21.09°; smoothing=5-pt median; dark rows=738
fajr,2019-11-27,06:25,0,38.409226,-4.894376,0.0,Zamorano J. et al. (2019). TESS-W sky brightness network. Zenodo monthly archives. https://zenodo.org/records/3378728. CC0 1.0.,TESS station stars9; photometric inflection method; night median MSAS=17.77; MSAS at inflection=17.66; depression=9.49°; smoothing=5-pt median; dark rows=748
isha,2019-11-28,18:53,0,38.409226,-4.894376,0.0,Zamorano J. et al. (2019). TESS-W sky brightness network. Zenodo monthly archives. https://zenodo.org/records/3378728. CC0 1.0.,TESS station stars9; photometric inflection method; night median MSAS=18.47; MSAS at inflection=18.40; depression=21.86°; smoothing=5-pt median; dark rows=750
fajr,2019-11-29,06:29,0,38.409226,-4.894376,0.0,Zamorano J. et al. (2019). TESS-W sky brightness network. Zenodo monthly archives. https://zenodo.org/records/3378728. CC0 1.0.,TESS station stars9; photometric inflection method; night median MSAS=18.47; MSAS at inflection=16.01; depression=9.08°; smoothing=5-pt median; dark rows=750
isha,2019-11-01,18:43,1,78.148247,16.036735,0.0,Zamorano J. et al. (2019). TESS-W sky brightness network. Zenodo monthly archives. https://zenodo.org/records/3378728. CC0 1.0.,TESS station stars91; photometric inflection method; night median MSAS=19.98; MSAS at inflection=19.91; depression=17.47°; smoothing=5-pt median; dark rows=881
fajr,2019-11-02,05:23,1,78.148247,16.036735,0.0,Zamorano J. et al. (2019). TESS-W sky brightness network. Zenodo monthly archives. https://zenodo.org/records/3378728. CC0 1.0.,TESS station stars91; photometric inflection method; night median MSAS=19.98; MSAS at inflection=20.37; depression=15.13°; smoothing=5-pt median; dark rows=881
isha,2019-11-02,19:27,1,78.148247,16.036735,0.0,Zamorano J. et al. (2019). TESS-W sky brightness network. Zenodo monthly archives. https://zenodo.org/records/3378728. CC0 1.0.,TESS station stars91; photometric inflection method; night median MSAS=21.00; MSAS at inflection=21.00; depression=19.92°; smoothing=5-pt median; dark rows=881
isha,2019-11-04,18:39,1,78.148247,16.036735,0.0,Zamorano J. et al. (2019). TESS-W sky brightness network. Zenodo monthly archives. https://zenodo.org/records/3378728. CC0 1.0.,TESS station stars91; photometric inflection method; night median MSAS=21.02; MSAS at inflection=21.05; depression=18.19°; smoothing=5-pt median; dark rows=910
fajr,2019-11-05,04:20,1,78.148247,16.036735,0.0,Zamorano J. et al. (2019). TESS-W sky brightness network. Zenodo monthly archives. https://zenodo.org/records/3378728. CC0 1.0.,TESS station stars91; photometric inflection method; night median MSAS=21.02; MSAS at inflection=20.92; depression=19.22°; smoothing=5-pt median; dark rows=910
fajr,2019-11-06,07:18,1,78.148247,16.036735,0.0,Zamorano J. et al. (2019). TESS-W sky brightness network. Zenodo monthly archives. https://zenodo.org/records/3378728. CC0 1.0.,TESS station stars91; photometric inflection method; night median MSAS=21.17; MSAS at inflection=19.08; depression=10.68°; smoothing=5-pt median; dark rows=906
isha,2019-11-06,18:57,1,78.148247,16.036735,0.0,Zamorano J. et al. (2019). TESS-W sky brightness network. Zenodo monthly archives. https://zenodo.org/records/3378728. CC0 1.0.,TESS station stars91; photometric inflection method; night median MSAS=20.91; MSAS at inflection=21.19; depression=19.66°; smoothing=5-pt median; dark rows=939
isha,2019-11-07,16:16,1,78.148247,16.036735,0.0,Zamorano J. et al. (2019). TESS-W sky brightness network. Zenodo monthly archives. https://zenodo.org/records/3378728. CC0 1.0.,TESS station stars91; photometric inflection method; night median MSAS=20.53; MSAS at inflection=19.45; depression=11.85°; smoothing=5-pt median; dark rows=953
fajr,2019-11-08,07:22,1,78.148247,16.036735,0.0,Zamorano J. et al. (2019). TESS-W sky brightness network. Zenodo monthly archives. https://zenodo.org/records/3378728. CC0 1.0.,TESS station stars91; photometric inflection method; night median MSAS=20.53; MSAS at inflection=19.23; depression=11.08°; smoothing=5-pt median; dark rows=953
fajr,2019-11-09,07:33,1,78.148247,16.036735,0.0,Zamorano J. et al. (2019). TESS-W sky brightness network. Zenodo monthly archives. https://zenodo.org/records/3378728. CC0 1.0.,TESS station stars91; photometric inflection method; night median MSAS=19.68; MSAS at inflection=19.28; depression=10.89°; smoothing=5-pt median; dark rows=966
isha,2019-11-09,16:55,1,78.148247,16.036735,0.0,Zamorano J. et al. (2019). TESS-W sky brightness network. Zenodo monthly archives. https://zenodo.org/records/3378728. CC0 1.0.,TESS station stars91; photometric inflection method; night median MSAS=19.04; MSAS at inflection=19.54; depression=14.27°; smoothing=5-pt median; dark rows=765
isha,2019-11-14,14:46,1,78.148247,16.036735,0.0,Zamorano J. et al. (2019). TESS-W sky brightness network. Zenodo monthly archives. https://zenodo.org/records/3378728. CC0 1.0.,TESS station stars91; photometric inflection method; night median MSAS=17.76; MSAS at inflection=18.08; depression=9.91°; smoothing=5-pt median; dark rows=990
fajr,2019-11-15,08:37,1,78.148247,16.036735,0.0,Zamorano J. et al. (2019). TESS-W sky brightness network. Zenodo monthly archives. https://zenodo.org/records/3378728. CC0 1.0.,TESS station stars91; photometric inflection method; night median MSAS=17.76; MSAS at inflection=17.04; depression=9.98°; smoothing=5-pt median; dark rows=990
fajr,2019-11-16,07:28,1,78.148247,16.036735,0.0,Zamorano J. et al. (2019). TESS-W sky brightness network. Zenodo monthly archives. https://zenodo.org/records/3378728. CC0 1.0.,TESS station stars91; photometric inflection method; night median MSAS=17.65; MSAS at inflection=17.76; depression=13.02°; smoothing=5-pt median; dark rows=978
isha,2019-11-16,18:35,1,78.148247,16.036735,0.0,Zamorano J. et al. (2019). TESS-W sky brightness network. Zenodo monthly archives. https://zenodo.org/records/3378728. CC0 1.0.,TESS station stars91; photometric inflection method; night median MSAS=18.27; MSAS at inflection=18.64; depression=21.19°; smoothing=5-pt median; dark rows=1086
isha,2019-11-18,18:31,1,78.148247,16.036735,0.0,Zamorano J. et al. (2019). TESS-W sky brightness network. Zenodo monthly archives. https://zenodo.org/records/3378728. CC0 1.0.,TESS station stars91; photometric inflection method; night median MSAS=18.96; MSAS at inflection=20.25; depression=21.44°; smoothing=5-pt median; dark rows=882
isha,2019-11-21,15:27,1,78.148247,16.036735,0.0,Zamorano J. et al. (2019). TESS-W sky brightness network. Zenodo monthly archives. https://zenodo.org/records/3378728. CC0 1.0.,TESS station stars91; photometric inflection method; night median MSAS=20.54; MSAS at inflection=20.90; depression=13.11°; smoothing=5-pt median; dark rows=1148
fajr,2019-11-26,09:13,1,78.148247,16.036735,0.0,Zamorano J. et al. (2019). TESS-W sky brightness network. Zenodo monthly archives. https://zenodo.org/records/3378728. CC0 1.0.,TESS station stars91; photometric inflection method; night median MSAS=20.49; MSAS at inflection=19.58; depression=11.36°; smoothing=5-pt median; dark rows=1221
isha,2019-11-26,14:43,1,78.148247,16.036735,0.0,Zamorano J. et al. (2019). TESS-W sky brightness network. Zenodo monthly archives. https://zenodo.org/records/3378728. CC0 1.0.,TESS station stars91; photometric inflection method; night median MSAS=20.62; MSAS at inflection=19.75; depression=12.40°; smoothing=5-pt median; dark rows=1206
fajr,2019-11-28,05:35,1,78.148247,16.036735,0.0,Zamorano J. et al. (2019). TESS-W sky brightness network. Zenodo monthly archives. https://zenodo.org/records/3378728. CC0 1.0.,TESS station stars91; photometric inflection method; night median MSAS=20.74; MSAS at inflection=20.47; depression=21.17°; smoothing=5-pt median; dark rows=1258
isha,2019-11-28,12:55,1,78.148247,16.036735,0.0,Zamorano J. et al. (2019). TESS-W sky brightness network. Zenodo monthly archives. https://zenodo.org/records/3378728. CC0 1.0.,TESS station stars91; photometric inflection method; night median MSAS=20.95; MSAS at inflection=18.58; depression=9.98°; smoothing=5-pt median; dark rows=1285
isha,2019-11-29,15:25,1,78.148247,16.036735,0.0,Zamorano J. et al. (2019). TESS-W sky brightness network. Zenodo monthly archives. https://zenodo.org/records/3378728. CC0 1.0.,TESS station stars91; photometric inflection method; night median MSAS=19.87; MSAS at inflection=20.47; depression=14.45°; smoothing=5-pt median; dark rows=1279
fajr,2019-11-30,06:52,1,78.148247,16.036735,0.0,Zamorano J. et al. (2019). TESS-W sky brightness network. Zenodo monthly archives. https://zenodo.org/records/3378728. CC0 1.0.,TESS station stars91; photometric inflection method; night median MSAS=19.87; MSAS at inflection=20.39; depression=17.69°; smoothing=5-pt median; dark rows=1279
isha,2019-11-30,17:10,1,78.148247,16.036735,0.0,Zamorano J. et al. (2019). TESS-W sky brightness network. Zenodo monthly archives. https://zenodo.org/records/3378728. CC0 1.0.,TESS station stars91; photometric inflection method; night median MSAS=20.58; MSAS at inflection=20.55; depression=19.46°; smoothing=5-pt median; dark rows=743
isha,2019-11-02,18:50,2,42.637673,23.295422,0.0,Zamorano J. et al. (2019). TESS-W sky brightness network. Zenodo monthly archives. https://zenodo.org/records/3378728. CC0 1.0.,TESS station stars92; photometric inflection method; night median MSAS=17.82; MSAS at inflection=18.81; depression=17.26°; smoothing=5-pt median; dark rows=603
isha,2019-11-03,17:57,2,42.637673,23.295422,0.0,Zamorano J. et al. (2019). TESS-W sky brightness network. Zenodo monthly archives. https://zenodo.org/records/3378728. CC0 1.0.,TESS station stars92; photometric inflection method; night median MSAS=17.86; MSAS at inflection=15.90; depression=7.90°; smoothing=5-pt median; dark rows=687
fajr,2019-11-04,06:04,2,42.637673,23.295422,0.0,Zamorano J. et al. (2019). TESS-W sky brightness network. Zenodo monthly archives. https://zenodo.org/records/3378728. CC0 1.0.,TESS station stars92; photometric inflection method; night median MSAS=17.86; MSAS at inflection=16.94; depression=11.27°; smoothing=5-pt median; dark rows=687
isha,2019-11-05,18:54,2,42.637673,23.295422,0.0,Zamorano J. et al. (2019). TESS-W sky brightness network. Zenodo monthly archives. https://zenodo.org/records/3378728. CC0 1.0.,TESS station stars92; photometric inflection method; night median MSAS=18.42; MSAS at inflection=18.66; depression=18.59°; smoothing=5-pt median; dark rows=649
isha,2019-11-06,18:26,2,42.637673,23.295422,0.0,Zamorano J. et al. (2019). TESS-W sky brightness network. Zenodo monthly archives. https://zenodo.org/records/3378728. CC0 1.0.,TESS station stars92; photometric inflection method; night median MSAS=17.94; MSAS at inflection=15.84; depression=13.72°; smoothing=5-pt median; dark rows=618
isha,2019-11-08,18:38,2,42.637673,23.295422,0.0,Zamorano J. et al. (2019). TESS-W sky brightness network. Zenodo monthly archives. https://zenodo.org/records/3378728. CC0 1.0.,TESS station stars92; photometric inflection method; night median MSAS=18.09; MSAS at inflection=16.27; depression=16.27°; smoothing=5-pt median; dark rows=653
fajr,2019-11-09,06:14,2,42.637673,23.295422,0.0,Zamorano J. et al. (2019). TESS-W sky brightness network. Zenodo monthly archives. https://zenodo.org/records/3378728. CC0 1.0.,TESS station stars92; photometric inflection method; night median MSAS=18.09; MSAS at inflection=17.83; depression=10.48°; smoothing=5-pt median; dark rows=653
isha,2019-11-10,19:00,2,42.637673,23.295422,0.0,Zamorano J. et al. (2019). TESS-W sky brightness network. Zenodo monthly archives. https://zenodo.org/records/3378728. CC0 1.0.,TESS station stars92; photometric inflection method; night median MSAS=18.21; MSAS at inflection=18.19; depression=20.51°; smoothing=5-pt median; dark rows=607
fajr,2019-11-11,17:50,2,42.637673,23.295422,0.0,Zamorano J. et al. (2019). TESS-W sky brightness network. Zenodo monthly archives. https://zenodo.org/records/3378728. CC0 1.0.,TESS station stars92; photometric inflection method; night median MSAS=17.52; MSAS at inflection=16.61; depression=8.13°; smoothing=5-pt median; dark rows=218
isha,2019-11-15,18:02,2,42.637673,23.295422,0.0,Zamorano J. et al. (2019). TESS-W sky brightness network. Zenodo monthly archives. https://zenodo.org/records/3378728. CC0 1.0.,TESS station stars92; photometric inflection method; night median MSAS=17.73; MSAS at inflection=17.70; depression=10.90°; smoothing=5-pt median; dark rows=661
fajr,2019-11-17,05:48,2,42.637673,23.295422,0.0,Zamorano J. et al. (2019). TESS-W sky brightness network. Zenodo monthly archives. https://zenodo.org/records/3378728. CC0 1.0.,TESS station stars92; photometric inflection method; night median MSAS=17.69; MSAS at inflection=17.18; depression=16.90°; smoothing=5-pt median; dark rows=684
isha,2019-11-17,18:09,2,42.637673,23.295422,0.0,Zamorano J. et al. (2019). TESS-W sky brightness network. Zenodo monthly archives. https://zenodo.org/records/3378728. CC0 1.0.,TESS station stars92; photometric inflection method; night median MSAS=17.90; MSAS at inflection=18.41; depression=12.31°; smoothing=5-pt median; dark rows=707
isha,2019-11-19,17:43,2,42.637673,23.295422,0.0,Zamorano J. et al. (2019). TESS-W sky brightness network. Zenodo monthly archives. https://zenodo.org/records/3378728. CC0 1.0.,TESS station stars92; photometric inflection method; night median MSAS=18.09; MSAS at inflection=16.43; depression=8.03°; smoothing=5-pt median; dark rows=644
fajr,2019-11-20,06:41,2,42.637673,23.295422,0.0,Zamorano J. et al. (2019). TESS-W sky brightness network. Zenodo monthly archives. https://zenodo.org/records/3378728. CC0 1.0.,TESS station stars92; photometric inflection method; night median MSAS=18.09; MSAS at inflection=15.64; depression=7.95°; smoothing=5-pt median; dark rows=644
isha,2019-11-20,18:51,2,42.637673,23.295422,0.0,Zamorano J. et al. (2019). TESS-W sky brightness network. Zenodo monthly archives. https://zenodo.org/records/3378728. CC0 1.0.,TESS station stars92; photometric inflection method; night median MSAS=18.67; MSAS at inflection=16.25; depression=20.17°; smoothing=5-pt median; dark rows=655
fajr,2019-11-21,06:36,2,42.637673,23.295422,0.0,Zamorano J. et al. (2019). TESS-W sky brightness network. Zenodo monthly archives. https://zenodo.org/records/3378728. CC0 1.0.,TESS station stars92; photometric inflection method; night median MSAS=18.67; MSAS at inflection=17.41; depression=9.11°; smoothing=5-pt median; dark rows=655
isha,2019-11-29,18:07,2,42.637673,23.295422,0.0,Zamorano J. et al. (2019). TESS-W sky brightness network. Zenodo monthly archives. https://zenodo.org/records/3378728. CC0 1.0.,TESS station stars92; photometric inflection method; night median MSAS=18.78; MSAS at inflection=18.70; depression=13.06°; smoothing=5-pt median; dark rows=651
isha,2019-11-30,18:02,2,42.637673,23.295422,0.0,Zamorano J. et al. (2019). TESS-W sky brightness network. Zenodo monthly archives. https://zenodo.org/records/3378728. CC0 1.0.,TESS station stars92; photometric inflection method; night median MSAS=18.79; MSAS at inflection=18.59; depression=12.25°; smoothing=5-pt median; dark rows=408
