prayer,date_local,time_local,utc_offset,lat,lng,elevation_m,source,notes
isha,2018-10-01,19:08,0,40.424604,-3.560279,0.0,Zamorano J. et al. (2019). TESS-W sky brightness network. Zenodo monthly archives. https://zenodo.org/records/3378728. CC0 1.0.,TESS station stars1; photometric inflection method; night median MSAS=18.37; MSAS at inflection=18.10; depression=14.43°; smoothing=5-pt median; dark rows=1250
fajr,2018-10-02,04:44,0,40.424604,-3.560279,0.0,Zamorano J. et al. (2019). TESS-W sky brightness network. Zenodo monthly archives. https://zenodo.org/records/3378728. CC0 1.0.,TESS station stars1; photometric inflection method; night median MSAS=18.37; MSAS at inflection=18.02; depression=17.26°; smoothing=5-pt median; dark rows=1250
fajr,2018-10-03,05:20,0,40.424604,-3.560279,0.0,Zamorano J. et al. (2019). TESS-W sky brightness network. Zenodo monthly archives. https://zenodo.org/records/3378728. CC0 1.0.,TESS station stars1; photometric inflection method; night median MSAS=18.53; MSAS at inflection=17.73; depression=10.65°; smoothing=5-pt median; dark rows=1221
isha,2018-10-03,18:44,0,40.424604,-3.560279,0.0,Zamorano J. et al. (2019). TESS-W sky brightness network. Zenodo monthly archives. https://zenodo.org/records/3378728. CC0 1.0.,TESS station stars1; photometric inflection method; night median MSAS=18.51; MSAS at inflection=17.58; depression=10.63°; smoothing=5-pt median; dark rows=1256
fajr,2018-10-05,05:19,0,40.424604,-3.560279,0.0,Zamorano J. et al. (2019). TESS-W sky brightness network. Zenodo monthly archives. https://zenodo.org/records/3378728. CC0 1.0.,TESS station stars1; photometric inflection method; night median MSAS=18.41; MSAS at inflection=17.87; depression=11.21°; smoothing=5-pt median; dark rows=1268
isha,2018-10-05,18:38,0,40.424604,-3.560279,0.0,Zamorano J. et al. (2019). TESS-W sky brightness network. Zenodo monthly archives. https://zenodo.org/records/3378728. CC0 1.0.,TESS station stars1; photometric inflection method; night median MSAS=18.36; MSAS at inflection=17.36; depression=10.09°; smoothing=5-pt median; dark rows=1267
fajr,2018-10-06,05:36,0,40.424604,-3.560279,0.0,Zamorano J. et al. (2019). TESS-W sky brightness network. Zenodo monthly archives. https://zenodo.org/records/3378728. CC0 1.0.,TESS station stars1; photometric inflection method; night median MSAS=18.36; MSAS at inflection=16.15; depression=8.31°; smoothing=5-pt median; dark rows=1267
isha,2018-10-06,18:58,0,40.424604,-3.560279,0.0,Zamorano J. et al. (2019). TESS-W sky brightness network. Zenodo monthly archives. https://zenodo.org/records/3378728. CC0 1.0.,TESS station stars1; photometric inflection method; night median MSAS=18.42; MSAS at inflection=17.99; depression=14.17°; smoothing=5-pt median; dark rows=1280
fajr,2018-10-07,05:02,0,40.424604,-3.560279,0.0,Zamorano J. et al. (2019). TESS-W sky brightness network. Zenodo monthly archives. https://zenodo.org/records/3378728. CC0 1.0.,TESS station stars1; photometric inflection method; night median MSAS=18.42; MSAS at inflection=18.48; depression=14.90°; smoothing=5-pt median; dark rows=1280
isha,2018-10-07,18:34,0,40.424604,-3.560279,0.0,Zamorano J. et al. (2019). TESS-W sky brightness network. Zenodo monthly archives. https://zenodo.org/records/3378728. CC0 1.0.,TESS station stars1; photometric inflection method; night median MSAS=18.59; MSAS at inflection=17.37; depression=9.82°; smoothing=5-pt median; dark rows=1281
fajr,2018-10-08,05:35,0,40.424604,-3.560279,0.0,Zamorano J. et al. (2019). TESS-W sky brightness network. Zenodo monthly archives. https://zenodo.org/records/3378728. CC0 1.0.,TESS station stars1; photometric inflection method; night median MSAS=18.59; MSAS at inflection=16.72; depression=8.74°; smoothing=5-pt median; dark rows=1281
isha,2018-10-08,18:36,0,40.424604,-3.560279,0.0,Zamorano J. et al. (2019). TESS-W sky brightness network. Zenodo monthly archives. https://zenodo.org/records/3378728. CC0 1.0.,TESS station stars1; photometric inflection method; night median MSAS=18.10; MSAS at inflection=17.10; depression=10.49°; smoothing=5-pt median; dark rows=1279
fajr,2018-10-09,04:29,0,40.424604,-3.560279,0.0,Zamorano J. et al. (2019). TESS-W sky brightness network. Zenodo monthly archives. https://zenodo.org/records/3378728. CC0 1.0.,TESS station stars1; photometric inflection method; night median MSAS=18.10; MSAS at inflection=18.36; depression=21.46°; smoothing=5-pt median; dark rows=1279
isha,2018-10-10,19:15,0,40.424604,-3.560279,0.0,Zamorano J. et al. (2019). TESS-W sky brightness network. Zenodo monthly archives. https://zenodo.org/records/3378728. CC0 1.0.,TESS station stars1; photometric inflection method; night median MSAS=17.83; MSAS at inflection=16.49; depression=18.62°; smoothing=5-pt median; dark rows=1291
fajr,2018-10-11,04:40,0,40.424604,-3.560279,0.0,Zamorano J. et al. (2019). TESS-W sky brightness network. Zenodo monthly archives. https://zenodo.org/records/3378728. CC0 1.0.,TESS station stars1; photometric inflection method; night median MSAS=17.83; MSAS at inflection=16.22; depression=19.77°; smoothing=5-pt median; dark rows=1291
fajr,2018-10-13,04:58,0,40.424604,-3.560279,0.0,Zamorano J. et al. (2019). TESS-W sky brightness network. Zenodo monthly archives. https://zenodo.org/records/3378728. CC0 1.0.,TESS station stars1; photometric inflection method; night median MSAS=17.80; MSAS at inflection=17.76; depression=16.76°; smoothing=5-pt median; dark rows=1299
isha,2018-10-13,18:12,0,40.424604,-3.560279,0.0,Zamorano J. et al. (2019). TESS-W sky brightness network. Zenodo monthly archives. https://zenodo.org/records/3378728. CC0 1.0.,TESS station stars1; photometric inflection method; night median MSAS=18.15; MSAS at inflection=15.71; depression=7.50°; smoothing=5-pt median; dark rows=1303
fajr,2018-10-15,04:34,0,40.424604,-3.560279,0.0,Zamorano J. et al. (2019). TESS-W sky brightness network. Zenodo monthly archives. https://zenodo.org/records/3378728. CC0 1.0.,TESS station stars1; photometric inflection method; night median MSAS=18.41; MSAS at inflection=18.57; depression=21.83°; smoothing=5-pt median; dark rows=1318
isha,2018-10-15,19:24,0,40.424604,-3.560279,0.0,Zamorano J. et al. (2019). TESS-W sky brightness network. Zenodo monthly archives. https://zenodo.org/records/3378728. CC0 1.0.,TESS station stars1; photometric inflection method; night median MSAS=17.62; MSAS at inflection=16.14; depression=21.67°; smoothing=5-pt median; dark rows=1308
isha,2018-10-16,18:13,0,40.424604,-3.560279,0.0,Zamorano J. et al. (2019). TESS-W sky brightness network. Zenodo monthly archives. https://zenodo.org/records/3378728. CC0 1.0.,TESS station stars1; photometric inflection method; night median MSAS=18.52; MSAS at inflection=16.26; depression=8.42°; smoothing=5-pt median; dark rows=1308
fajr,2018-10-17,05:45,0,40.424604,-3.560279,0.0,Zamorano J. et al. (2019). TESS-W sky brightness network. Zenodo monthly archives. https://zenodo.org/records/3378728. CC0 1.0.,TESS station stars1; photometric inflection method; night median MSAS=18.52; MSAS at inflection=16.52; depression=8.60°; smoothing=5-pt median; dark rows=1308
isha,2018-10-21,19:02,0,40.424604,-3.560279,0.0,Zamorano J. et al. (2019). TESS-W sky brightness network. Zenodo monthly archives. https://zenodo.org/records/3378728. CC0 1.0.,TESS station stars1; photometric inflection method; night median MSAS=17.79; MSAS at inflection=17.76; depression=19.18°; smoothing=5-pt median; dark rows=1344
fajr,2018-10-22,05:48,0,40.424604,-3.560279,0.0,Zamorano J. et al. (2019). TESS-W sky brightness network. Zenodo monthly archives. https://zenodo.org/records/3378728. CC0 1.0.,TESS station stars1; photometric inflection method; night median MSAS=17.79; MSAS at inflection=16.87; depression=9.12°; smoothing=5-pt median; dark rows=1344
isha,2018-10-01,19:02,0,38.3149,-5.28355,0.0,Zamorano J. et al. (2019). TESS-W sky brightness network. Zenodo monthly archives. https://zenodo.org/records/3378728. CC0 1.0.,TESS station stars15; photometric inflection method; night median MSAS=19.98; MSAS at inflection=19.27; depression=12.24°; smoothing=5-pt median; dark rows=634
isha,2018-10-02,19:16,0,38.3149,-5.28355,0.0,Zamorano J. et al. (2019). TESS-W sky brightness network. Zenodo monthly archives. https://zenodo.org/records/3378728. CC0 1.0.,TESS station stars15; photometric inflection method; night median MSAS=20.24; MSAS at inflection=20.20; depression=15.24°; smoothing=5-pt median; dark rows=640
isha,2018-10-03,18:58,0,38.3149,-5.28355,0.0,Zamorano J. et al. (2019). TESS-W sky brightness network. Zenodo monthly archives. https://zenodo.org/records/3378728. CC0 1.0.,TESS station stars15; photometric inflection method; night median MSAS=20.33; MSAS at inflection=19.40; depression=12.11°; smoothing=5-pt median; dark rows=641
isha,2018-10-05,19:35,0,38.3149,-5.28355,0.0,Zamorano J. et al. (2019). TESS-W sky brightness network. Zenodo monthly archives. https://zenodo.org/records/3378728. CC0 1.0.,TESS station stars15; photometric inflection method; night median MSAS=20.52; MSAS at inflection=20.14; depression=19.91°; smoothing=5-pt median; dark rows=618
fajr,2018-10-11,05:27,0,38.3149,-5.28355,0.0,Zamorano J. et al. (2019). TESS-W sky brightness network. Zenodo monthly archives. https://zenodo.org/records/3378728. CC0 1.0.,TESS station stars15; photometric inflection method; night median MSAS=18.05; MSAS at inflection=16.87; depression=12.33°; smoothing=5-pt median; dark rows=644
isha,2018-10-20,18:53,0,38.3149,-5.28355,0.0,Zamorano J. et al. (2019). TESS-W sky brightness network. Zenodo monthly archives. https://zenodo.org/records/3378728. CC0 1.0.,TESS station stars15; photometric inflection method; night median MSAS=17.79; MSAS at inflection=17.87; depression=15.81°; smoothing=5-pt median; dark rows=160
isha,2018-10-21,18:57,0,38.3149,-5.28355,0.0,Zamorano J. et al. (2019). TESS-W sky brightness network. Zenodo monthly archives. https://zenodo.org/records/3378728. CC0 1.0.,TESS station stars15; photometric inflection method; night median MSAS=17.77; MSAS at inflection=17.82; depression=16.89°; smoothing=5-pt median; dark rows=669
fajr,2018-10-22,05:38,0,38.3149,-5.28355,0.0,Zamorano J. et al. (2019). TESS-W sky brightness network. Zenodo monthly archives. https://zenodo.org/records/3378728. CC0 1.0.,TESS station stars15; photometric inflection method; night median MSAS=17.77; MSAS at inflection=19.42; depression=12.11°; smoothing=5-pt median; dark rows=669
fajr,2018-10-03,04:41,0,40.0418,-1.0163,0.0,Zamorano J. et al. (2019). TESS-W sky brightness network. Zenodo monthly archives. https://zenodo.org/records/3378728. CC0 1.0.,TESS station stars18; photometric inflection method; night median MSAS=20.94; MSAS at inflection=19.38; depression=16.12°; smoothing=5-pt median; dark rows=630
fajr,2018-10-07,05:13,0,40.0418,-1.0163,0.0,Zamorano J. et al. (2019). TESS-W sky brightness network. Zenodo monthly archives. https://zenodo.org/records/3378728. CC0 1.0.,TESS station stars18; photometric inflection method; night median MSAS=21.18; MSAS at inflection=18.73; depression=10.90°; smoothing=5-pt median; dark rows=649
fajr,2018-10-08,04:50,0,40.0418,-1.0163,0.0,Zamorano J. et al. (2019). TESS-W sky brightness network. Zenodo monthly archives. https://zenodo.org/records/3378728. CC0 1.0.,TESS station stars18; photometric inflection method; night median MSAS=21.26; MSAS at inflection=21.06; depression=15.37°; smoothing=5-pt median; dark rows=647
fajr,2018-10-12,05:07,0,40.0418,-1.0163,0.0,Zamorano J. et al. (2019). TESS-W sky brightness network. Zenodo monthly archives. https://zenodo.org/records/3378728. CC0 1.0.,TESS station stars18; photometric inflection method; night median MSAS=21.66; MSAS at inflection=20.23; depression=13.03°; smoothing=5-pt median; dark rows=652
isha,2018-10-12,18:51,0,40.0418,-1.0163,0.0,Zamorano J. et al. (2019). TESS-W sky brightness network. Zenodo monthly archives. https://zenodo.org/records/3378728. CC0 1.0.,TESS station stars18; photometric inflection method; night median MSAS=21.20; MSAS at inflection=20.76; depression=16.48°; smoothing=5-pt median; dark rows=660
fajr,2018-10-16,05:02,0,40.0418,-1.0163,0.0,Zamorano J. et al. (2019). TESS-W sky brightness network. Zenodo monthly archives. https://zenodo.org/records/3378728. CC0 1.0.,TESS station stars18; photometric inflection method; night median MSAS=21.10; MSAS at inflection=20.87; depression=14.61°; smoothing=5-pt median; dark rows=669
isha,2018-10-17,18:48,0,40.0418,-1.0163,0.0,Zamorano J. et al. (2019). TESS-W sky brightness network. Zenodo monthly archives. https://zenodo.org/records/3378728. CC0 1.0.,TESS station stars18; photometric inflection method; night median MSAS=21.16; MSAS at inflection=19.68; depression=17.32°; smoothing=5-pt median; dark rows=646
isha,2018-10-21,18:55,0,40.0418,-1.0163,0.0,Zamorano J. et al. (2019). TESS-W sky brightness network. Zenodo monthly archives. https://zenodo.org/records/3378728. CC0 1.0.,TESS station stars18; photometric inflection method; night median MSAS=18.99; MSAS at inflection=18.95; depression=19.78°; smoothing=5-pt median; dark rows=677
isha,2018-10-28,18:07,0,40.0418,-1.0163,0.0,Zamorano J. et al. (2019). TESS-W sky brightness network. Zenodo monthly archives. https://zenodo.org/records/3378728. CC0 1.0.,TESS station stars18; photometric inflection method; night median MSAS=17.72; MSAS at inflection=19.37; depression=12.27°; smoothing=5-pt median; dark rows=685
isha,2018-10-29,17:52,0,40.0418,-1.0163,0.0,Zamorano J. et al. (2019). TESS-W sky brightness network. Zenodo monthly archives. https://zenodo.org/records/3378728. CC0 1.0.,TESS station stars18; photometric inflection method; night median MSAS=19.73; MSAS at inflection=17.24; depression=9.58°; smoothing=5-pt median; dark rows=702
isha,2018-10-30,18:40,0,40.0418,-1.0163,0.0,Zamorano J. et al. (2019). TESS-W sky brightness network. Zenodo monthly archives. https://zenodo.org/records/3378728. CC0 1.0.,TESS station stars18; photometric inflection method; night median MSAS=20.18; MSAS at inflection=22.23; depression=18.91°; smoothing=5-pt median; dark rows=701
isha,2018-09-30,18:50,-7,32.223877,-110.767532,0.0,Zamorano J. et al. (2019). TESS-W sky brightness network. Zenodo monthly archives. https://zenodo.org/records/3378728. CC0 1.0.,TESS station stars19; photometric inflection method; night median MSAS=17.69; MSAS at inflection=17.17; depression=9.53°; smoothing=5-pt median; dark rows=534
fajr,2018-10-01,05:10,-7,32.223877,-110.767532,0.0,Zamorano J. et al. (2019). TESS-W sky brightness network. Zenodo monthly archives. https://zenodo.org/records/3378728. CC0 1.0.,TESS station stars19; photometric inflection method; night median MSAS=17.69; MSAS at inflection=16.97; depression=14.98°; smoothing=5-pt median; dark rows=534
isha,2018-10-01,19:11,-7,32.223877,-110.767532,0.0,Zamorano J. et al. (2019). TESS-W sky brightness network. Zenodo monthly archives. https://zenodo.org/records/3378728. CC0 1.0.,TESS station stars19; photometric inflection method; night median MSAS=18.14; MSAS at inflection=19.06; depression=14.32°; smoothing=5-pt median; dark rows=600
isha,2018-10-02,19:26,-7,32.223877,-110.767532,0.0,Zamorano J. et al. (2019). TESS-W sky brightness network. Zenodo monthly archives. https://zenodo.org/records/3378728. CC0 1.0.,TESS station stars19; photometric inflection method; night median MSAS=17.92; MSAS at inflection=16.99; depression=17.66°; smoothing=5-pt median; dark rows=545
fajr,2018-10-05,05:22,-7,32.223877,-110.767532,0.0,Zamorano J. et al. (2019). TESS-W sky brightness network. Zenodo monthly archives. https://zenodo.org/records/3378728. CC0 1.0.,TESS station stars19; photometric inflection method; night median MSAS=20.48; MSAS at inflection=20.04; depression=13.02°; smoothing=5-pt median; dark rows=589
isha,2018-10-06,18:47,-7,32.223877,-110.767532,0.0,Zamorano J. et al. (2019). TESS-W sky brightness network. Zenodo monthly archives. https://zenodo.org/records/3378728. CC0 1.0.,TESS station stars19; photometric inflection method; night median MSAS=19.81; MSAS at inflection=18.80; depression=10.67°; smoothing=5-pt median; dark rows=595
isha,2018-10-07,19:08,-7,32.223877,-110.767532,0.0,Zamorano J. et al. (2019). TESS-W sky brightness network. Zenodo monthly archives. https://zenodo.org/records/3378728. CC0 1.0.,TESS station stars19; photometric inflection method; night median MSAS=19.61; MSAS at inflection=18.13; depression=15.30°; smoothing=5-pt median; dark rows=477
fajr,2018-10-08,05:17,-7,32.223877,-110.767532,0.0,Zamorano J. et al. (2019). TESS-W sky brightness network. Zenodo monthly archives. https://zenodo.org/records/3378728. CC0 1.0.,TESS station stars19; photometric inflection method; night median MSAS=19.61; MSAS at inflection=20.35; depression=14.41°; smoothing=5-pt median; dark rows=477
isha,2018-10-10,19:05,-7,32.223877,-110.767532,0.0,Zamorano J. et al. (2019). TESS-W sky brightness network. Zenodo monthly archives. https://zenodo.org/records/3378728. CC0 1.0.,TESS station stars19; photometric inflection method; night median MSAS=20.16; MSAS at inflection=18.74; depression=15.37°; smoothing=5-pt median; dark rows=483
fajr,2018-10-11,05:21,-7,32.223877,-110.767532,0.0,Zamorano J. et al. (2019). TESS-W sky brightness network. Zenodo monthly archives. https://zenodo.org/records/3378728. CC0 1.0.,TESS station stars19; photometric inflection method; night median MSAS=20.16; MSAS at inflection=19.35; depression=14.05°; smoothing=5-pt median; dark rows=483
isha,2018-10-11,18:51,-7,32.223877,-110.767532,0.0,Zamorano J. et al. (2019). TESS-W sky brightness network. Zenodo monthly archives. https://zenodo.org/records/3378728. CC0 1.0.,TESS station stars19; photometric inflection method; night median MSAS=17.98; MSAS at inflection=18.18; depression=12.69°; smoothing=5-pt median; dark rows=648
fajr,2018-10-13,04:57,-7,32.223877,-110.767532,0.0,Zamorano J. et al. (2019). TESS-W sky brightness network. Zenodo monthly archives. https://zenodo.org/records/3378728. CC0 1.0.,TESS station stars19; photometric inflection method; night median MSAS=19.78; MSAS at inflection=20.55; depression=19.31°; smoothing=5-pt median; dark rows=590
fajr,2018-10-15,05:35,-7,32.223877,-110.767532,0.0,Zamorano J. et al. (2019). TESS-W sky brightness network. Zenodo monthly archives. https://zenodo.org/records/3378728. CC0 1.0.,TESS station stars19; photometric inflection method; night median MSAS=19.95; MSAS at inflection=19.12; depression=11.66°; smoothing=5-pt median; dark rows=504
isha,2018-10-15,18:49,-7,32.223877,-110.767532,0.0,Zamorano J. et al. (2019). TESS-W sky brightness network. Zenodo monthly archives. https://zenodo.org/records/3378728. CC0 1.0.,TESS station stars19; photometric inflection method; night median MSAS=17.65; MSAS at inflection=17.23; depression=13.30°; smoothing=5-pt median; dark rows=641
isha,2018-10-17,18:33,-7,32.223877,-110.767532,0.0,Zamorano J. et al. (2019). TESS-W sky brightness network. Zenodo monthly archives. https://zenodo.org/records/3378728. CC0 1.0.,TESS station stars19; photometric inflection method; night median MSAS=20.28; MSAS at inflection=18.08; depression=10.38°; smoothing=5-pt median; dark rows=577
fajr,2018-10-18,05:11,-7,32.223877,-110.767532,0.0,Zamorano J. et al. (2019). TESS-W sky brightness network. Zenodo monthly archives. https://zenodo.org/records/3378728. CC0 1.0.,TESS station stars19; photometric inflection method; night median MSAS=20.28; MSAS at inflection=20.43; depression=17.14°; smoothing=5-pt median; dark rows=577
fajr,2018-10-20,05:46,-7,32.223877,-110.767532,0.0,Zamorano J. et al. (2019). TESS-W sky brightness network. Zenodo monthly archives. https://zenodo.org/records/3378728. CC0 1.0.,TESS station stars19; photometric inflection method; night median MSAS=19.78; MSAS at inflection=18.17; depression=9.93°; smoothing=5-pt median; dark rows=595
isha,2018-10-20,19:05,-7,32.223877,-110.767532,0.0,Zamorano J. et al. (2019). TESS-W sky brightness network. Zenodo monthly archives. https://zenodo.org/records/3378728. CC0 1.0.,TESS station stars19; photometric inflection method; night median MSAS=19.12; MSAS at inflection=18.64; depression=17.74°; smoothing=5-pt median; dark rows=536
isha,2018-10-21,19:18,-7,32.223877,-110.767532,0.0,Zamorano J. et al. (2019). TESS-W sky brightness network. Zenodo monthly archives. https://zenodo.org/records/3378728. CC0 1.0.,TESS station stars19; photometric inflection method; night median MSAS=18.48; MSAS at inflection=18.83; depression=20.72°; smoothing=5-pt median; dark rows=650
fajr,2018-10-22,05:09,-7,32.223877,-110.767532,0.0,Zamorano J. et al. (2019). TESS-W sky brightness network. Zenodo monthly archives. https://zenodo.org/records/3378728. CC0 1.0.,TESS station stars19; photometric inflection method; night median MSAS=18.48; MSAS at inflection=20.24; depression=18.11°; smoothing=5-pt median; dark rows=650
isha,2018-10-24,18:18,-7,32.223877,-110.767532,0.0,Zamorano J. et al. (2019). TESS-W sky brightness network. Zenodo monthly archives. https://zenodo.org/records/3378728. CC0 1.0.,TESS station stars19; photometric inflection method; night median MSAS=18.38; MSAS at inflection=16.85; depression=8.78°; smoothing=5-pt median; dark rows=488
fajr,2018-10-25,05:42,-7,32.223877,-110.767532,0.0,Zamorano J. et al. (2019). TESS-W sky brightness network. Zenodo monthly archives. https://zenodo.org/records/3378728. CC0 1.0.,TESS station stars19; photometric inflection method; night median MSAS=18.38; MSAS at inflection=18.80; depression=11.71°; smoothing=5-pt median; dark rows=488
isha,2018-10-25,18:13,-7,32.223877,-110.767532,0.0,Zamorano J. et al. (2019). TESS-W sky brightness network. Zenodo monthly archives. https://zenodo.org/records/3378728. CC0 1.0.,TESS station stars19; photometric inflection method; night median MSAS=18.08; MSAS at inflection=16.04; depression=7.96°; smoothing=5-pt median; dark rows=489
fajr,2018-10-26,06:01,-7,32.223877,-110.767532,0.0,Zamorano J. et al. (2019). TESS-W sky brightness network. Zenodo monthly archives. https://zenodo.org/records/3378728. CC0 1.0.,TESS station stars19; photometric inflection method; night median MSAS=18.08; MSAS at inflection=15.76; depression=7.71°; smoothing=5-pt median; dark rows=489
isha,2018-10-26,18:20,-7,32.223877,-110.767532,0.0,Zamorano J. et al. (2019). TESS-W sky brightness network. Zenodo monthly archives. https://zenodo.org/records/3378728. CC0 1.0.,TESS station stars19; photometric inflection method; night median MSAS=18.16; MSAS at inflection=17.39; depression=9.47°; smoothing=5-pt median; dark rows=429
fajr,2018-10-27,05:08,-7,32.223877,-110.767532,0.0,Zamorano J. et al. (2019). TESS-W sky brightness network. Zenodo monthly archives. https://zenodo.org/records/3378728. CC0 1.0.,TESS station stars19; photometric inflection method; night median MSAS=18.16; MSAS at inflection=19.32; depression=19.09°; smoothing=5-pt median; dark rows=429
isha,2018-10-27,18:52,-7,32.223877,-110.767532,0.0,Zamorano J. et al. (2019). TESS-W sky brightness network. Zenodo monthly archives. https://zenodo.org/records/3378728. CC0 1.0.,TESS station stars19; photometric inflection method; night median MSAS=18.50; MSAS at inflection=20.10; depression=16.50°; smoothing=5-pt median; dark rows=441
fajr,2018-10-28,06:02,-7,32.223877,-110.767532,0.0,Zamorano J. et al. (2019). TESS-W sky brightness network. Zenodo monthly archives. https://zenodo.org/records/3378728. CC0 1.0.,TESS station stars19; photometric inflection method; night median MSAS=18.50; MSAS at inflection=16.04; depression=7.95°; smoothing=5-pt median; dark rows=441
isha,2018-10-28,18:25,-7,32.223877,-110.767532,0.0,Zamorano J. et al. (2019). TESS-W sky brightness network. Zenodo monthly archives. https://zenodo.org/records/3378728. CC0 1.0.,TESS station stars19; photometric inflection method; night median MSAS=19.62; MSAS at inflection=18.91; depression=10.95°; smoothing=5-pt median; dark rows=427
isha,2018-10-29,18:25,-7,32.223877,-110.767532,0.0,Zamorano J. et al. (2019). TESS-W sky brightness network. Zenodo monthly archives. https://zenodo.org/records/3378728. CC0 1.0.,TESS station stars19; photometric inflection method; night median MSAS=18.53; MSAS at inflection=18.88; depression=11.14°; smoothing=5-pt median; dark rows=545
fajr,2018-10-30,05:53,-7,32.223877,-110.767532,0.0,Zamorano J. et al. (2019). TESS-W sky brightness network. Zenodo monthly archives. https://zenodo.org/records/3378728. CC0 1.0.,TESS station stars19; photometric inflection method; night median MSAS=18.53; MSAS at inflection=16.38; depression=9.99°; smoothing=5-pt median; dark rows=545
isha,2018-10-30,18:18,-7,32.223877,-110.767532,0.0,Zamorano J. et al. (2019). TESS-W sky brightness network. Zenodo monthly archives. https://zenodo.org/records/3378728. CC0 1.0.,TESS station stars19; photometric inflection method; night median MSAS=19.30; MSAS at inflection=17.93; depression=9.98°; smoothing=5-pt median; dark rows=582
isha,2018-10-01,19:01,0,41.001299,-2.492408,0.0,Zamorano J. et al. (2019). TESS-W sky brightness network. Zenodo monthly archives. https://zenodo.org/records/3378728. CC0 1.0.,TESS station stars2; photometric inflection method; night median MSAS=20.68; MSAS at inflection=20.68; depression=13.83°; smoothing=5-pt median; dark rows=603
fajr,2018-10-04,05:13,0,41.001299,-2.492408,0.0,Zamorano J. et al. (2019). TESS-W sky brightness network. Zenodo monthly archives. https://zenodo.org/records/3378728. CC0 1.0.,TESS station stars2; photometric inflection method; night median MSAS=21.08; MSAS at inflection=19.11; depression=11.41°; smoothing=5-pt median; dark rows=636
fajr,2018-10-08,04:21,0,41.001299,-2.492408,0.0,Zamorano J. et al. (2019). TESS-W sky brightness network. Zenodo monthly archives. https://zenodo.org/records/3378728. CC0 1.0.,TESS station stars2; photometric inflection method; night median MSAS=21.06; MSAS at inflection=21.08; depression=21.91°; smoothing=5-pt median; dark rows=648
fajr,2018-10-10,04:52,0,41.001299,-2.492408,0.0,Zamorano J. et al. (2019). TESS-W sky brightness network. Zenodo monthly archives. https://zenodo.org/records/3378728. CC0 1.0.,TESS station stars2; photometric inflection method; night median MSAS=20.78; MSAS at inflection=20.78; depression=16.42°; smoothing=5-pt median; dark rows=602
fajr,2018-10-12,04:27,0,41.001299,-2.492408,0.0,Zamorano J. et al. (2019). TESS-W sky brightness network. Zenodo monthly archives. https://zenodo.org/records/3378728. CC0 1.0.,TESS station stars2; photometric inflection method; night median MSAS=19.65; MSAS at inflection=18.45; depression=21.54°; smoothing=5-pt median; dark rows=656
isha,2018-10-12,18:27,0,41.001299,-2.492408,0.0,Zamorano J. et al. (2019). TESS-W sky brightness network. Zenodo monthly archives. https://zenodo.org/records/3378728. CC0 1.0.,TESS station stars2; photometric inflection method; night median MSAS=20.99; MSAS at inflection=18.98; depression=10.90°; smoothing=5-pt median; dark rows=658
isha,2018-10-14,19:18,0,41.001299,-2.492408,0.0,Zamorano J. et al. (2019). TESS-W sky brightness network. Zenodo monthly archives. https://zenodo.org/records/3378728. CC0 1.0.,TESS station stars2; photometric inflection method; night median MSAS=20.93; MSAS at inflection=19.95; depression=21.07°; smoothing=5-pt median; dark rows=654
fajr,2018-10-15,05:25,0,41.001299,-2.492408,0.0,Zamorano J. et al. (2019). TESS-W sky brightness network. Zenodo monthly archives. https://zenodo.org/records/3378728. CC0 1.0.,TESS station stars2; photometric inflection method; night median MSAS=20.93; MSAS at inflection=19.28; depression=11.24°; smoothing=5-pt median; dark rows=654
isha,2018-10-15,18:47,0,41.001299,-2.492408,0.0,Zamorano J. et al. (2019). TESS-W sky brightness network. Zenodo monthly archives. https://zenodo.org/records/3378728. CC0 1.0.,TESS station stars2; photometric inflection method; night median MSAS=18.84; MSAS at inflection=18.49; depression=15.45°; smoothing=5-pt median; dark rows=660
isha,2018-10-16,18:35,0,41.001299,-2.492408,0.0,Zamorano J. et al. (2019). TESS-W sky brightness network. Zenodo monthly archives. https://zenodo.org/records/3378728. CC0 1.0.,TESS station stars2; photometric inflection method; night median MSAS=21.12; MSAS at inflection=19.82; depression=13.40°; smoothing=5-pt median; dark rows=649
isha,2018-10-17,19:18,0,41.001299,-2.492408,0.0,Zamorano J. et al. (2019). TESS-W sky brightness network. Zenodo monthly archives. https://zenodo.org/records/3378728. CC0 1.0.,TESS station stars2; photometric inflection method; night median MSAS=20.41; MSAS at inflection=18.98; depression=21.79°; smoothing=5-pt median; dark rows=657
isha,2018-10-18,18:29,0,41.001299,-2.492408,0.0,Zamorano J. et al. (2019). TESS-W sky brightness network. Zenodo monthly archives. https://zenodo.org/records/3378728. CC0 1.0.,TESS station stars2; photometric inflection method; night median MSAS=19.46; MSAS at inflection=19.09; depression=12.83°; smoothing=5-pt median; dark rows=656
fajr,2018-10-19,05:32,0,41.001299,-2.492408,0.0,Zamorano J. et al. (2019). TESS-W sky brightness network. Zenodo monthly archives. https://zenodo.org/records/3378728. CC0 1.0.,TESS station stars2; photometric inflection method; night median MSAS=19.46; MSAS at inflection=19.83; depression=10.83°; smoothing=5-pt median; dark rows=656
fajr,2018-10-20,04:46,0,41.001299,-2.492408,0.0,Zamorano J. et al. (2019). TESS-W sky brightness network. Zenodo monthly archives. https://zenodo.org/records/3378728. CC0 1.0.,TESS station stars2; photometric inflection method; night median MSAS=19.23; MSAS at inflection=21.10; depression=19.58°; smoothing=5-pt median; dark rows=661
fajr,2018-10-22,05:16,0,41.001299,-2.492408,0.0,Zamorano J. et al. (2019). TESS-W sky brightness network. Zenodo monthly archives. https://zenodo.org/records/3378728. CC0 1.0.,TESS station stars2; photometric inflection method; night median MSAS=18.81; MSAS at inflection=20.74; depression=14.38°; smoothing=5-pt median; dark rows=674
fajr,2018-10-23,05:36,0,41.001299,-2.492408,0.0,Zamorano J. et al. (2019). TESS-W sky brightness network. Zenodo monthly archives. https://zenodo.org/records/3378728. CC0 1.0.,TESS station stars2; photometric inflection method; night median MSAS=18.24; MSAS at inflection=18.62; depression=10.85°; smoothing=5-pt median; dark rows=615
fajr,2018-10-24,05:32,0,41.001299,-2.492408,0.0,Zamorano J. et al. (2019). TESS-W sky brightness network. Zenodo monthly archives. https://zenodo.org/records/3378728. CC0 1.0.,TESS station stars2; photometric inflection method; night median MSAS=18.01; MSAS at inflection=18.97; depression=11.78°; smoothing=5-pt median; dark rows=630
fajr,2018-10-25,05:54,0,41.001299,-2.492408,0.0,Zamorano J. et al. (2019). TESS-W sky brightness network. Zenodo monthly archives. https://zenodo.org/records/3378728. CC0 1.0.,TESS station stars2; photometric inflection method; night median MSAS=17.87; MSAS at inflection=15.62; depression=7.85°; smoothing=5-pt median; dark rows=681
fajr,2018-10-27,05:31,0,41.001299,-2.492408,0.0,Zamorano J. et al. (2019). TESS-W sky brightness network. Zenodo monthly archives. https://zenodo.org/records/3378728. CC0 1.0.,TESS station stars2; photometric inflection method; night median MSAS=17.60; MSAS at inflection=17.33; depression=12.47°; smoothing=5-pt median; dark rows=531
isha,2018-10-27,17:51,0,41.001299,-2.492408,0.0,Zamorano J. et al. (2019). TESS-W sky brightness network. Zenodo monthly archives. https://zenodo.org/records/3378728. CC0 1.0.,TESS station stars2; photometric inflection method; night median MSAS=18.84; MSAS at inflection=17.08; depression=8.03°; smoothing=5-pt median; dark rows=696
fajr,2018-10-29,04:57,0,41.001299,-2.492408,0.0,Zamorano J. et al. (2019). TESS-W sky brightness network. Zenodo monthly archives. https://zenodo.org/records/3378728. CC0 1.0.,TESS station stars2; photometric inflection method; night median MSAS=19.09; MSAS at inflection=17.82; depression=19.40°; smoothing=5-pt median; dark rows=692
isha,2018-10-29,18:54,0,41.001299,-2.492408,0.0,Zamorano J. et al. (2019). TESS-W sky brightness network. Zenodo monthly archives. https://zenodo.org/records/3378728. CC0 1.0.,TESS station stars2; photometric inflection method; night median MSAS=18.84; MSAS at inflection=20.67; depression=20.32°; smoothing=5-pt median; dark rows=686
isha,2018-10-30,18:33,0,41.001299,-2.492408,0.0,Zamorano J. et al. (2019). TESS-W sky brightness network. Zenodo monthly archives. https://zenodo.org/records/3378728. CC0 1.0.,TESS station stars2; photometric inflection method; night median MSAS=19.22; MSAS at inflection=19.59; depression=16.57°; smoothing=5-pt median; dark rows=691
isha,2018-10-01,19:51,0,38.755452,-6.984508,0.0,Zamorano J. et al. (2019). TESS-W sky brightness network. Zenodo monthly archives. https://zenodo.org/records/3378728. CC0 1.0.,TESS station stars201; photometric inflection method; night median MSAS=20.33; MSAS at inflection=20.63; depression=20.27°; smoothing=5-pt median; dark rows=639
fajr,2018-10-04,05:08,0,38.755452,-6.984508,0.0,Zamorano J. et al. (2019). TESS-W sky brightness network. Zenodo monthly archives. https://zenodo.org/records/3378728. CC0 1.0.,TESS station stars201; photometric inflection method; night median MSAS=20.82; MSAS at inflection=20.17; depression=16.05°; smoothing=5-pt median; dark rows=644
isha,2018-10-04,19:10,0,38.755452,-6.984508,0.0,Zamorano J. et al. (2019). TESS-W sky brightness network. Zenodo monthly archives. https://zenodo.org/records/3378728. CC0 1.0.,TESS station stars201; photometric inflection method; night median MSAS=20.85; MSAS at inflection=20.12; depression=13.30°; smoothing=5-pt median; dark rows=644
fajr,2018-10-06,05:19,0,38.755452,-6.984508,0.0,Zamorano J. et al. (2019). TESS-W sky brightness network. Zenodo monthly archives. https://zenodo.org/records/3378728. CC0 1.0.,TESS station stars201; photometric inflection method; night median MSAS=20.93; MSAS at inflection=20.39; depression=14.16°; smoothing=5-pt median; dark rows=649
isha,2018-10-06,19:51,0,38.755452,-6.984508,0.0,Zamorano J. et al. (2019). TESS-W sky brightness network. Zenodo monthly archives. https://zenodo.org/records/3378728. CC0 1.0.,TESS station stars201; photometric inflection method; night median MSAS=20.94; MSAS at inflection=20.66; depression=21.79°; smoothing=5-pt median; dark rows=650
fajr,2018-10-11,05:42,0,38.755452,-6.984508,0.0,Zamorano J. et al. (2019). TESS-W sky brightness network. Zenodo monthly archives. https://zenodo.org/records/3378728. CC0 1.0.,TESS station stars201; photometric inflection method; night median MSAS=20.83; MSAS at inflection=19.66; depression=10.72°; smoothing=5-pt median; dark rows=659
fajr,2018-10-12,05:38,0,38.755452,-6.984508,0.0,Zamorano J. et al. (2019). TESS-W sky brightness network. Zenodo monthly archives. https://zenodo.org/records/3378728. CC0 1.0.,TESS station stars201; photometric inflection method; night median MSAS=20.76; MSAS at inflection=19.23; depression=11.54°; smoothing=5-pt median; dark rows=663
isha,2018-10-12,18:53,0,38.755452,-6.984508,0.0,Zamorano J. et al. (2019). TESS-W sky brightness network. Zenodo monthly archives. https://zenodo.org/records/3378728. CC0 1.0.,TESS station stars201; photometric inflection method; night median MSAS=20.98; MSAS at inflection=19.54; depression=12.42°; smoothing=5-pt median; dark rows=666
isha,2018-10-13,18:44,0,38.755452,-6.984508,0.0,Zamorano J. et al. (2019). TESS-W sky brightness network. Zenodo monthly archives. https://zenodo.org/records/3378728. CC0 1.0.,TESS station stars201; photometric inflection method; night median MSAS=20.35; MSAS at inflection=18.55; depression=10.81°; smoothing=5-pt median; dark rows=668
fajr,2018-10-14,05:36,0,38.755452,-6.984508,0.0,Zamorano J. et al. (2019). TESS-W sky brightness network. Zenodo monthly archives. https://zenodo.org/records/3378728. CC0 1.0.,TESS station stars201; photometric inflection method; night median MSAS=20.35; MSAS at inflection=19.98; depression=12.46°; smoothing=5-pt median; dark rows=668
fajr,2018-10-15,05:34,0,38.755452,-6.984508,0.0,Zamorano J. et al. (2019). TESS-W sky brightness network. Zenodo monthly archives. https://zenodo.org/records/3378728. CC0 1.0.,TESS station stars201; photometric inflection method; night median MSAS=20.72; MSAS at inflection=19.89; depression=12.89°; smoothing=5-pt median; dark rows=667
isha,2018-10-18,19:10,0,38.755452,-6.984508,0.0,Zamorano J. et al. (2019). TESS-W sky brightness network. Zenodo monthly archives. https://zenodo.org/records/3378728. CC0 1.0.,TESS station stars201; photometric inflection method; night median MSAS=19.48; MSAS at inflection=18.08; depression=17.37°; smoothing=5-pt median; dark rows=677
fajr,2018-10-19,05:47,0,38.755452,-6.984508,0.0,Zamorano J. et al. (2019). TESS-W sky brightness network. Zenodo monthly archives. https://zenodo.org/records/3378728. CC0 1.0.,TESS station stars201; photometric inflection method; night median MSAS=19.48; MSAS at inflection=17.99; depression=11.22°; smoothing=5-pt median; dark rows=677
isha,2018-10-20,19:23,0,38.755452,-6.984508,0.0,Zamorano J. et al. (2019). TESS-W sky brightness network. Zenodo monthly archives. https://zenodo.org/records/3378728. CC0 1.0.,TESS station stars201; photometric inflection method; night median MSAS=18.38; MSAS at inflection=17.69; depression=20.43°; smoothing=5-pt median; dark rows=684
fajr,2018-10-21,05:46,0,38.755452,-6.984508,0.0,Zamorano J. et al. (2019). TESS-W sky brightness network. Zenodo monthly archives. https://zenodo.org/records/3378728. CC0 1.0.,TESS station stars201; photometric inflection method; night median MSAS=18.38; MSAS at inflection=18.99; depression=11.78°; smoothing=5-pt median; dark rows=684
isha,2018-10-21,19:07,0,38.755452,-6.984508,0.0,Zamorano J. et al. (2019). TESS-W sky brightness network. Zenodo monthly archives. https://zenodo.org/records/3378728. CC0 1.0.,TESS station stars201; photometric inflection method; night median MSAS=17.93; MSAS at inflection=17.79; depression=17.37°; smoothing=5-pt median; dark rows=685
isha,2018-10-22,18:24,0,38.755452,-6.984508,0.0,Zamorano J. et al. (2019). TESS-W sky brightness network. Zenodo monthly archives. https://zenodo.org/records/3378728. CC0 1.0.,TESS station stars201; photometric inflection method; night median MSAS=17.75; MSAS at inflection=17.12; depression=9.37°; smoothing=5-pt median; dark rows=688
fajr,2018-10-23,06:02,0,38.755452,-6.984508,0.0,Zamorano J. et al. (2019). TESS-W sky brightness network. Zenodo monthly archives. https://zenodo.org/records/3378728. CC0 1.0.,TESS station stars201; photometric inflection method; night median MSAS=17.75; MSAS at inflection=16.92; depression=8.98°; smoothing=5-pt median; dark rows=688
fajr,2018-10-03,04:40,0,39.322867,-4.950505,0.0,Zamorano J. et al. (2019). TESS-W sky brightness network. Zenodo monthly archives. https://zenodo.org/records/3378728. CC0 1.0.,TESS station stars202; photometric inflection method; night median MSAS=21.04; MSAS at inflection=19.57; depression=19.59°; smoothing=5-pt median; dark rows=638
isha,2018-10-03,18:56,0,39.322867,-4.950505,0.0,Zamorano J. et al. (2019). TESS-W sky brightness network. Zenodo monthly archives. https://zenodo.org/records/3378728. CC0 1.0.,TESS station stars202; photometric inflection method; night median MSAS=21.19; MSAS at inflection=19.52; depression=11.79°; smoothing=5-pt median; dark rows=220
fajr,2018-10-07,04:32,0,39.322867,-4.950505,0.0,Zamorano J. et al. (2019). TESS-W sky brightness network. Zenodo monthly archives. https://zenodo.org/records/3378728. CC0 1.0.,TESS station stars202; photometric inflection method; night median MSAS=21.37; MSAS at inflection=21.13; depression=21.73°; smoothing=5-pt median; dark rows=651
isha,2018-10-09,18:47,0,39.322867,-4.950505,0.0,Zamorano J. et al. (2019). TESS-W sky brightness network. Zenodo monthly archives. https://zenodo.org/records/3378728. CC0 1.0.,TESS station stars202; photometric inflection method; night median MSAS=21.47; MSAS at inflection=19.17; depression=12.00°; smoothing=5-pt median; dark rows=657
fajr,2018-10-10,04:58,0,39.322867,-4.950505,0.0,Zamorano J. et al. (2019). TESS-W sky brightness network. Zenodo monthly archives. https://zenodo.org/records/3378728. CC0 1.0.,TESS station stars202; photometric inflection method; night median MSAS=21.47; MSAS at inflection=21.33; depression=17.31°; smoothing=5-pt median; dark rows=657
isha,2018-10-10,18:40,0,39.322867,-4.950505,0.0,Zamorano J. et al. (2019). TESS-W sky brightness network. Zenodo monthly archives. https://zenodo.org/records/3378728. CC0 1.0.,TESS station stars202; photometric inflection method; night median MSAS=21.04; MSAS at inflection=19.11; depression=10.92°; smoothing=5-pt median; dark rows=53
fajr,2018-10-10,19:28,0,39.322867,-4.950505,0.0,Zamorano J. et al. (2019). TESS-W sky brightness network. Zenodo monthly archives. https://zenodo.org/records/3378728. CC0 1.0.,TESS station stars202; photometric inflection method; night median MSAS=21.04; MSAS at inflection=21.10; depression=20.19°; smoothing=5-pt median; dark rows=53
isha,2018-10-18,19:21,0,39.322867,-4.950505,0.0,Zamorano J. et al. (2019). TESS-W sky brightness network. Zenodo monthly archives. https://zenodo.org/records/3378728. CC0 1.0.,TESS station stars202; photometric inflection method; night median MSAS=18.71; MSAS at inflection=18.51; depression=21.07°; smoothing=5-pt median; dark rows=170
fajr,2018-10-23,06:02,0,39.322867,-4.950505,0.0,Zamorano J. et al. (2019). TESS-W sky brightness network. Zenodo monthly archives. https://zenodo.org/records/3378728. CC0 1.0.,TESS station stars202; photometric inflection method; night median MSAS=18.05; MSAS at inflection=15.59; depression=7.58°; smoothing=5-pt median; dark rows=689
isha,2018-10-23,18:24,0,39.322867,-4.950505,0.0,Zamorano J. et al. (2019). TESS-W sky brightness network. Zenodo monthly archives. https://zenodo.org/records/3378728. CC0 1.0.,TESS station stars202; photometric inflection method; night median MSAS=17.67; MSAS at inflection=18.56; depression=11.27°; smoothing=5-pt median; dark rows=691
isha,2018-10-28,18:18,0,39.322867,-4.950505,0.0,Zamorano J. et al. (2019). TESS-W sky brightness network. Zenodo monthly archives. https://zenodo.org/records/3378728. CC0 1.0.,TESS station stars202; photometric inflection method; night median MSAS=18.71; MSAS at inflection=18.09; depression=11.22°; smoothing=5-pt median; dark rows=703
fajr,2018-10-29,05:45,0,39.322867,-4.950505,0.0,Zamorano J. et al. (2019). TESS-W sky brightness network. Zenodo monthly archives. https://zenodo.org/records/3378728. CC0 1.0.,TESS station stars202; photometric inflection method; night median MSAS=18.71; MSAS at inflection=17.80; depression=11.93°; smoothing=5-pt median; dark rows=703
isha,2018-10-29,19:00,0,39.322867,-4.950505,0.0,Zamorano J. et al. (2019). TESS-W sky brightness network. Zenodo monthly archives. https://zenodo.org/records/3378728. CC0 1.0.,TESS station stars202; photometric inflection method; night median MSAS=18.99; MSAS at inflection=21.08; depression=19.52°; smoothing=5-pt median; dark rows=705
isha,2018-10-02,19:30,1,-33.92109,18.42043,0.0,Zamorano J. et al. (2019). TESS-W sky brightness network. Zenodo monthly archives. https://zenodo.org/records/3378728. CC0 1.0.,TESS station stars203; photometric inflection method; night median MSAS=17.97; MSAS at inflection=17.65; depression=21.19°; smoothing=5-pt median; dark rows=601
fajr,2018-10-03,04:34,1,-33.92109,18.42043,0.0,Zamorano J. et al. (2019). TESS-W sky brightness network. Zenodo monthly archives. https://zenodo.org/records/3378728. CC0 1.0.,TESS station stars203; photometric inflection method; night median MSAS=17.97; MSAS at inflection=17.49; depression=10.39°; smoothing=5-pt median; dark rows=601
isha,2018-10-03,18:47,1,-33.92109,18.42043,0.0,Zamorano J. et al. (2019). TESS-W sky brightness network. Zenodo monthly archives. https://zenodo.org/records/3378728. CC0 1.0.,TESS station stars203; photometric inflection method; night median MSAS=18.26; MSAS at inflection=17.75; depression=12.49°; smoothing=5-pt median; dark rows=599
fajr,2018-10-04,04:02,1,-33.92109,18.42043,0.0,Zamorano J. et al. (2019). TESS-W sky brightness network. Zenodo monthly archives. https://zenodo.org/records/3378728. CC0 1.0.,TESS station stars203; photometric inflection method; night median MSAS=18.26; MSAS at inflection=18.28; depression=16.54°; smoothing=5-pt median; dark rows=599
isha,2018-10-04,18:27,1,-33.92109,18.42043,0.0,Zamorano J. et al. (2019). TESS-W sky brightness network. Zenodo monthly archives. https://zenodo.org/records/3378728. CC0 1.0.,TESS station stars203; photometric inflection method; night median MSAS=17.78; MSAS at inflection=16.36; depression=8.21°; smoothing=5-pt median; dark rows=597
isha,2018-10-05,18:39,1,-33.92109,18.42043,0.0,Zamorano J. et al. (2019). TESS-W sky brightness network. Zenodo monthly archives. https://zenodo.org/records/3378728. CC0 1.0.,TESS station stars203; photometric inflection method; night median MSAS=18.12; MSAS at inflection=17.44; depression=10.58°; smoothing=5-pt median; dark rows=594
isha,2018-10-06,18:43,1,-33.92109,18.42043,0.0,Zamorano J. et al. (2019). TESS-W sky brightness network. Zenodo monthly archives. https://zenodo.org/records/3378728. CC0 1.0.,TESS station stars203; photometric inflection method; night median MSAS=18.06; MSAS at inflection=17.63; depression=11.14°; smoothing=5-pt median; dark rows=592
fajr,2018-10-08,03:45,1,-33.92109,18.42043,0.0,Zamorano J. et al. (2019). TESS-W sky brightness network. Zenodo monthly archives. https://zenodo.org/records/3378728. CC0 1.0.,TESS station stars203; photometric inflection method; night median MSAS=17.98; MSAS at inflection=17.95; depression=18.63°; smoothing=5-pt median; dark rows=590
isha,2018-10-11,19:42,1,-33.92109,18.42043,0.0,Zamorano J. et al. (2019). TESS-W sky brightness network. Zenodo monthly archives. https://zenodo.org/records/3378728. CC0 1.0.,TESS station stars203; photometric inflection method; night median MSAS=17.88; MSAS at inflection=16.75; depression=21.73°; smoothing=5-pt median; dark rows=562
fajr,2018-10-12,04:14,1,-33.92109,18.42043,0.0,Zamorano J. et al. (2019). TESS-W sky brightness network. Zenodo monthly archives. https://zenodo.org/records/3378728. CC0 1.0.,TESS station stars203; photometric inflection method; night median MSAS=17.88; MSAS at inflection=17.85; depression=11.72°; smoothing=5-pt median; dark rows=562
isha,2018-10-13,19:02,1,-33.92109,18.42043,0.0,Zamorano J. et al. (2019). TESS-W sky brightness network. Zenodo monthly archives. https://zenodo.org/records/3378728. CC0 1.0.,TESS station stars203; photometric inflection method; night median MSAS=17.86; MSAS at inflection=17.77; depression=13.72°; smoothing=5-pt median; dark rows=576
isha,2018-10-15,18:46,1,-33.92109,18.42043,0.0,Zamorano J. et al. (2019). TESS-W sky brightness network. Zenodo monthly archives. https://zenodo.org/records/3378728. CC0 1.0.,TESS station stars203; photometric inflection method; night median MSAS=18.06; MSAS at inflection=16.73; depression=10.22°; smoothing=5-pt median; dark rows=573
fajr,2018-10-16,04:12,1,-33.92109,18.42043,0.0,Zamorano J. et al. (2019). TESS-W sky brightness network. Zenodo monthly archives. https://zenodo.org/records/3378728. CC0 1.0.,TESS station stars203; photometric inflection method; night median MSAS=18.06; MSAS at inflection=17.58; depression=11.22°; smoothing=5-pt median; dark rows=573
isha,2018-10-21,19:14,1,-33.92109,18.42043,0.0,Zamorano J. et al. (2019). TESS-W sky brightness network. Zenodo monthly archives. https://zenodo.org/records/3378728. CC0 1.0.,TESS station stars203; photometric inflection method; night median MSAS=17.60; MSAS at inflection=17.34; depression=14.58°; smoothing=5-pt median; dark rows=558
isha,2018-10-25,19:20,1,-33.92109,18.42043,0.0,Zamorano J. et al. (2019). TESS-W sky brightness network. Zenodo monthly archives. https://zenodo.org/records/3378728. CC0 1.0.,TESS station stars203; photometric inflection method; night median MSAS=17.56; MSAS at inflection=17.72; depression=14.83°; smoothing=5-pt median; dark rows=548
isha,2018-10-27,19:30,1,-33.92109,18.42043,0.0,Zamorano J. et al. (2019). TESS-W sky brightness network. Zenodo monthly archives. https://zenodo.org/records/3378728. CC0 1.0.,TESS station stars203; photometric inflection method; night median MSAS=17.67; MSAS at inflection=17.61; depression=16.35°; smoothing=5-pt median; dark rows=545
isha,2018-10-30,19:40,1,-33.92109,18.42043,0.0,Zamorano J. et al. (2019). TESS-W sky brightness network. Zenodo monthly archives. https://zenodo.org/records/3378728. CC0 1.0.,TESS station stars203; photometric inflection method; night median MSAS=17.67; MSAS at inflection=17.78; depression=17.44°; smoothing=5-pt median; dark rows=536
isha,2018-10-31,19:45,1,-33.92109,18.42043,0.0,Zamorano J. et al. (2019). TESS-W sky brightness network. Zenodo monthly archives. https://zenodo.org/records/3378728. CC0 1.0.,TESS station stars203; photometric inflection method; night median MSAS=18.20; MSAS at inflection=18.10; depression=18.08°; smoothing=5-pt median; dark rows=359
isha,2018-10-01,19:03,2,-17.928194,25.818417,0.0,Zamorano J. et al. (2019). TESS-W sky brightness network. Zenodo monthly archives. https://zenodo.org/records/3378728. CC0 1.0.,TESS station stars204; photometric inflection method; night median MSAS=20.55; MSAS at inflection=19.71; depression=12.41°; smoothing=5-pt median; dark rows=47
fajr,2018-10-01,19:08,2,-17.928194,25.818417,0.0,Zamorano J. et al. (2019). TESS-W sky brightness network. Zenodo monthly archives. https://zenodo.org/records/3378728. CC0 1.0.,TESS station stars204; photometric inflection method; night median MSAS=20.55; MSAS at inflection=20.24; depression=13.79°; smoothing=5-pt median; dark rows=47
isha,2018-10-04,18:55,2,-17.928194,25.818417,0.0,Zamorano J. et al. (2019). TESS-W sky brightness network. Zenodo monthly archives. https://zenodo.org/records/3378728. CC0 1.0.,TESS station stars204; photometric inflection method; night median MSAS=20.69; MSAS at inflection=18.26; depression=10.39°; smoothing=5-pt median; dark rows=577
fajr,2018-10-06,05:00,2,-17.928194,25.818417,0.0,Zamorano J. et al. (2019). TESS-W sky brightness network. Zenodo monthly archives. https://zenodo.org/records/3378728. CC0 1.0.,TESS station stars204; photometric inflection method; night median MSAS=20.62; MSAS at inflection=20.30; depression=13.67°; smoothing=5-pt median; dark rows=578
fajr,2018-10-07,05:03,2,-17.928194,25.818417,0.0,Zamorano J. et al. (2019). TESS-W sky brightness network. Zenodo monthly archives. https://zenodo.org/records/3378728. CC0 1.0.,TESS station stars204; photometric inflection method; night median MSAS=20.75; MSAS at inflection=20.04; depression=12.74°; smoothing=5-pt median; dark rows=589
fajr,2018-10-08,04:55,2,-17.928194,25.818417,0.0,Zamorano J. et al. (2019). TESS-W sky brightness network. Zenodo monthly archives. https://zenodo.org/records/3378728. CC0 1.0.,TESS station stars204; photometric inflection method; night median MSAS=20.96; MSAS at inflection=20.65; depression=14.34°; smoothing=5-pt median; dark rows=592
isha,2018-10-09,19:03,2,-17.928194,25.818417,0.0,Zamorano J. et al. (2019). TESS-W sky brightness network. Zenodo monthly archives. https://zenodo.org/records/3378728. CC0 1.0.,TESS station stars204; photometric inflection method; night median MSAS=20.82; MSAS at inflection=19.41; depression=11.94°; smoothing=5-pt median; dark rows=570
fajr,2018-10-12,05:06,2,-17.928194,25.818417,0.0,Zamorano J. et al. (2019). TESS-W sky brightness network. Zenodo monthly archives. https://zenodo.org/records/3378728. CC0 1.0.,TESS station stars204; photometric inflection method; night median MSAS=20.84; MSAS at inflection=18.90; depression=11.14°; smoothing=5-pt median; dark rows=579
fajr,2018-10-13,04:37,2,-17.928194,25.818417,0.0,Zamorano J. et al. (2019). TESS-W sky brightness network. Zenodo monthly archives. https://zenodo.org/records/3378728. CC0 1.0.,TESS station stars204; photometric inflection method; night median MSAS=20.71; MSAS at inflection=20.79; depression=17.52°; smoothing=5-pt median; dark rows=567
fajr,2018-10-15,05:07,2,-17.928194,25.818417,0.0,Zamorano J. et al. (2019). TESS-W sky brightness network. Zenodo monthly archives. https://zenodo.org/records/3378728. CC0 1.0.,TESS station stars204; photometric inflection method; night median MSAS=19.97; MSAS at inflection=18.34; depression=10.20°; smoothing=5-pt median; dark rows=595
isha,2018-10-15,19:07,2,-17.928194,25.818417,0.0,Zamorano J. et al. (2019). TESS-W sky brightness network. Zenodo monthly archives. https://zenodo.org/records/3378728. CC0 1.0.,TESS station stars204; photometric inflection method; night median MSAS=19.64; MSAS at inflection=18.51; depression=12.52°; smoothing=5-pt median; dark rows=579
fajr,2018-10-16,04:25,2,-17.928194,25.818417,0.0,Zamorano J. et al. (2019). TESS-W sky brightness network. Zenodo monthly archives. https://zenodo.org/records/3378728. CC0 1.0.,TESS station stars204; photometric inflection method; night median MSAS=19.64; MSAS at inflection=20.78; depression=19.69°; smoothing=5-pt median; dark rows=579
fajr,2018-10-18,04:29,2,-17.928194,25.818417,0.0,Zamorano J. et al. (2019). TESS-W sky brightness network. Zenodo monthly archives. https://zenodo.org/records/3378728. CC0 1.0.,TESS station stars204; photometric inflection method; night median MSAS=19.60; MSAS at inflection=19.90; depression=18.44°; smoothing=5-pt median; dark rows=573
isha,2018-10-19,19:44,2,-17.928194,25.818417,0.0,Zamorano J. et al. (2019). TESS-W sky brightness network. Zenodo monthly archives. https://zenodo.org/records/3378728. CC0 1.0.,TESS station stars204; photometric inflection method; night median MSAS=18.88; MSAS at inflection=16.65; depression=20.51°; smoothing=5-pt median; dark rows=544
fajr,2018-10-20,04:58,2,-17.928194,25.818417,0.0,Zamorano J. et al. (2019). TESS-W sky brightness network. Zenodo monthly archives. https://zenodo.org/records/3378728. CC0 1.0.,TESS station stars204; photometric inflection method; night median MSAS=18.88; MSAS at inflection=18.92; depression=11.44°; smoothing=5-pt median; dark rows=544
isha,2018-10-20,18:48,2,-17.928194,25.818417,0.0,Zamorano J. et al. (2019). TESS-W sky brightness network. Zenodo monthly archives. https://zenodo.org/records/3378728. CC0 1.0.,TESS station stars204; photometric inflection method; night median MSAS=18.05; MSAS at inflection=15.66; depression=7.60°; smoothing=5-pt median; dark rows=541
isha,2018-10-23,18:52,2,-17.928194,25.818417,0.0,Zamorano J. et al. (2019). TESS-W sky brightness network. Zenodo monthly archives. https://zenodo.org/records/3378728. CC0 1.0.,TESS station stars204; photometric inflection method; night median MSAS=17.86; MSAS at inflection=16.34; depression=8.46°; smoothing=5-pt median; dark rows=86
fajr,2018-10-23,19:37,2,-17.928194,25.818417,0.0,Zamorano J. et al. (2019). TESS-W sky brightness network. Zenodo monthly archives. https://zenodo.org/records/3378728. CC0 1.0.,TESS station stars204; photometric inflection method; night median MSAS=17.86; MSAS at inflection=18.07; depression=18.63°; smoothing=5-pt median; dark rows=86
fajr,2018-10-27,04:20,2,-17.928194,25.818417,0.0,Zamorano J. et al. (2019). TESS-W sky brightness network. Zenodo monthly archives. https://zenodo.org/records/3378728. CC0 1.0.,TESS station stars204; photometric inflection method; night median MSAS=18.08; MSAS at inflection=18.31; depression=19.00°; smoothing=5-pt median; dark rows=405
isha,2018-10-27,19:31,2,-17.928194,25.818417,0.0,Zamorano J. et al. (2019). TESS-W sky brightness network. Zenodo monthly archives. https://zenodo.org/records/3378728. CC0 1.0.,TESS station stars204; photometric inflection method; night median MSAS=20.71; MSAS at inflection=20.68; depression=16.92°; smoothing=5-pt median; dark rows=90
fajr,2018-10-27,19:43,2,-17.928194,25.818417,0.0,Zamorano J. et al. (2019). TESS-W sky brightness network. Zenodo monthly archives. https://zenodo.org/records/3378728. CC0 1.0.,TESS station stars204; photometric inflection method; night median MSAS=20.71; MSAS at inflection=20.70; depression=19.48°; smoothing=5-pt median; dark rows=90
fajr,2018-10-03,04:47,2,-17.783139,25.159207,0.0,Zamorano J. et al. (2019). TESS-W sky brightness network. Zenodo monthly archives. https://zenodo.org/records/3378728. CC0 1.0.,TESS station stars205; photometric inflection method; night median MSAS=20.12; MSAS at inflection=19.80; depression=17.95°; smoothing=5-pt median; dark rows=607
isha,2018-10-05,18:54,2,-17.783139,25.159207,0.0,Zamorano J. et al. (2019). TESS-W sky brightness network. Zenodo monthly archives. https://zenodo.org/records/3378728. CC0 1.0.,TESS station stars205; photometric inflection method; night median MSAS=19.77; MSAS at inflection=17.27; depression=9.49°; smoothing=5-pt median; dark rows=619
isha,2018-10-15,19:01,2,-17.783139,25.159207,0.0,Zamorano J. et al. (2019). TESS-W sky brightness network. Zenodo monthly archives. https://zenodo.org/records/3378728. CC0 1.0.,TESS station stars205; photometric inflection method; night median MSAS=19.34; MSAS at inflection=17.46; depression=10.63°; smoothing=5-pt median; dark rows=589
isha,2018-10-20,18:56,2,-17.783139,25.159207,0.0,Zamorano J. et al. (2019). TESS-W sky brightness network. Zenodo monthly archives. https://zenodo.org/records/3378728. CC0 1.0.,TESS station stars205; photometric inflection method; night median MSAS=17.86; MSAS at inflection=16.29; depression=8.91°; smoothing=5-pt median; dark rows=598
isha,2018-10-29,19:06,2,-17.783139,25.159207,0.0,Zamorano J. et al. (2019). TESS-W sky brightness network. Zenodo monthly archives. https://zenodo.org/records/3378728. CC0 1.0.,TESS station stars205; photometric inflection method; night median MSAS=19.62; MSAS at inflection=17.93; depression=10.49°; smoothing=5-pt median; dark rows=587
isha,2018-10-14,19:03,1,-19.2582,15.2624,0.0,Zamorano J. et al. (2019). TESS-W sky brightness network. Zenodo monthly archives. https://zenodo.org/records/3378728. CC0 1.0.,TESS station stars206; photometric inflection method; night median MSAS=21.61; MSAS at inflection=19.66; depression=15.38°; smoothing=5-pt median; dark rows=410
fajr,2018-10-16,04:43,1,-19.2582,15.2624,0.0,Zamorano J. et al. (2019). TESS-W sky brightness network. Zenodo monthly archives. https://zenodo.org/records/3378728. CC0 1.0.,TESS station stars206; photometric inflection method; night median MSAS=21.47; MSAS at inflection=19.03; depression=11.29°; smoothing=5-pt median; dark rows=451
fajr,2018-10-20,04:29,1,-19.2582,15.2624,0.0,Zamorano J. et al. (2019). TESS-W sky brightness network. Zenodo monthly archives. https://zenodo.org/records/3378728. CC0 1.0.,TESS station stars206; photometric inflection method; night median MSAS=18.89; MSAS at inflection=20.70; depression=13.61°; smoothing=5-pt median; dark rows=463
isha,2018-10-21,18:36,1,-19.2582,15.2624,0.0,Zamorano J. et al. (2019). TESS-W sky brightness network. Zenodo monthly archives. https://zenodo.org/records/3378728. CC0 1.0.,TESS station stars206; photometric inflection method; night median MSAS=17.55; MSAS at inflection=16.02; depression=8.63°; smoothing=5-pt median; dark rows=582
fajr,2018-10-22,04:54,1,-19.2582,15.2624,0.0,Zamorano J. et al. (2019). TESS-W sky brightness network. Zenodo monthly archives. https://zenodo.org/records/3378728. CC0 1.0.,TESS station stars206; photometric inflection method; night median MSAS=17.55; MSAS at inflection=15.93; depression=7.60°; smoothing=5-pt median; dark rows=582
isha,2018-10-27,18:49,1,-19.2582,15.2624,0.0,Zamorano J. et al. (2019). TESS-W sky brightness network. Zenodo monthly archives. https://zenodo.org/records/3378728. CC0 1.0.,TESS station stars206; photometric inflection method; night median MSAS=18.30; MSAS at inflection=18.47; depression=10.89°; smoothing=5-pt median; dark rows=574
fajr,2018-10-28,04:06,1,-19.2582,15.2624,0.0,Zamorano J. et al. (2019). TESS-W sky brightness network. Zenodo monthly archives. https://zenodo.org/records/3378728. CC0 1.0.,TESS station stars206; photometric inflection method; night median MSAS=18.30; MSAS at inflection=18.19; depression=17.49°; smoothing=5-pt median; dark rows=574
isha,2018-10-28,18:46,1,-19.2582,15.2624,0.0,Zamorano J. et al. (2019). TESS-W sky brightness network. Zenodo monthly archives. https://zenodo.org/records/3378728. CC0 1.0.,TESS station stars206; photometric inflection method; night median MSAS=19.88; MSAS at inflection=17.60; depression=10.19°; smoothing=5-pt median; dark rows=528
isha,2018-10-30,19:00,1,-19.2582,15.2624,0.0,Zamorano J. et al. (2019). TESS-W sky brightness network. Zenodo monthly archives. https://zenodo.org/records/3378728. CC0 1.0.,TESS station stars206; photometric inflection method; night median MSAS=20.88; MSAS at inflection=20.25; depression=13.15°; smoothing=5-pt median; dark rows=471
isha,2018-10-31,18:58,1,-19.2582,15.2624,0.0,Zamorano J. et al. (2019). TESS-W sky brightness network. Zenodo monthly archives. https://zenodo.org/records/3378728. CC0 1.0.,TESS station stars206; photometric inflection method; night median MSAS=21.64; MSAS at inflection=19.84; depression=12.53°; smoothing=5-pt median; dark rows=266
fajr,2018-10-06,04:22,-8,31.0435,-115.4641,0.0,Zamorano J. et al. (2019). TESS-W sky brightness network. Zenodo monthly archives. https://zenodo.org/records/3378728. CC0 1.0.,TESS station stars213; photometric inflection method; night median MSAS=21.35; MSAS at inflection=21.10; depression=17.20°; smoothing=5-pt median; dark rows=648
isha,2018-10-06,18:29,-8,31.0435,-115.4641,0.0,Zamorano J. et al. (2019). TESS-W sky brightness network. Zenodo monthly archives. https://zenodo.org/records/3378728. CC0 1.0.,TESS station stars213; photometric inflection method; night median MSAS=21.42; MSAS at inflection=20.88; depression=15.68°; smoothing=5-pt median; dark rows=650
isha,2018-10-07,18:29,-8,31.0435,-115.4641,0.0,Zamorano J. et al. (2019). TESS-W sky brightness network. Zenodo monthly archives. https://zenodo.org/records/3378728. CC0 1.0.,TESS station stars213; photometric inflection method; night median MSAS=21.35; MSAS at inflection=20.67; depression=15.93°; smoothing=5-pt median; dark rows=653
fajr,2018-10-08,04:43,-8,31.0435,-115.4641,0.0,Zamorano J. et al. (2019). TESS-W sky brightness network. Zenodo monthly archives. https://zenodo.org/records/3378728. CC0 1.0.,TESS station stars213; photometric inflection method; night median MSAS=21.35; MSAS at inflection=20.25; depression=12.89°; smoothing=5-pt median; dark rows=653
isha,2018-10-09,18:10,-8,31.0435,-115.4641,0.0,Zamorano J. et al. (2019). TESS-W sky brightness network. Zenodo monthly archives. https://zenodo.org/records/3378728. CC0 1.0.,TESS station stars213; photometric inflection method; night median MSAS=21.06; MSAS at inflection=19.35; depression=12.37°; smoothing=5-pt median; dark rows=654
isha,2018-10-10,18:33,-8,31.0435,-115.4641,0.0,Zamorano J. et al. (2019). TESS-W sky brightness network. Zenodo monthly archives. https://zenodo.org/records/3378728. CC0 1.0.,TESS station stars213; photometric inflection method; night median MSAS=21.11; MSAS at inflection=20.91; depression=17.53°; smoothing=5-pt median; dark rows=656
fajr,2018-10-11,04:45,-8,31.0435,-115.4641,0.0,Zamorano J. et al. (2019). TESS-W sky brightness network. Zenodo monthly archives. https://zenodo.org/records/3378728. CC0 1.0.,TESS station stars213; photometric inflection method; night median MSAS=21.11; MSAS at inflection=20.22; depression=12.98°; smoothing=5-pt median; dark rows=656
fajr,2018-10-12,04:39,-8,31.0435,-115.4641,0.0,Zamorano J. et al. (2019). TESS-W sky brightness network. Zenodo monthly archives. https://zenodo.org/records/3378728. CC0 1.0.,TESS station stars213; photometric inflection method; night median MSAS=21.13; MSAS at inflection=20.70; depression=14.31°; smoothing=5-pt median; dark rows=658
isha,2018-10-12,18:05,-8,31.0435,-115.4641,0.0,Zamorano J. et al. (2019). TESS-W sky brightness network. Zenodo monthly archives. https://zenodo.org/records/3378728. CC0 1.0.,TESS station stars213; photometric inflection method; night median MSAS=21.28; MSAS at inflection=19.04; depression=11.84°; smoothing=5-pt median; dark rows=662
isha,2018-10-13,18:17,-8,31.0435,-115.4641,0.0,Zamorano J. et al. (2019). TESS-W sky brightness network. Zenodo monthly archives. https://zenodo.org/records/3378728. CC0 1.0.,TESS station stars213; photometric inflection method; night median MSAS=21.24; MSAS at inflection=19.86; depression=14.76°; smoothing=5-pt median; dark rows=658
fajr,2018-10-18,04:14,-8,31.0435,-115.4641,0.0,Zamorano J. et al. (2019). TESS-W sky brightness network. Zenodo monthly archives. https://zenodo.org/records/3378728. CC0 1.0.,TESS station stars213; photometric inflection method; night median MSAS=20.74; MSAS at inflection=21.06; depression=20.46°; smoothing=5-pt median; dark rows=671
fajr,2018-10-26,04:59,-8,31.0435,-115.4641,0.0,Zamorano J. et al. (2019). TESS-W sky brightness network. Zenodo monthly archives. https://zenodo.org/records/3378728. CC0 1.0.,TESS station stars213; photometric inflection method; night median MSAS=17.86; MSAS at inflection=18.39; depression=11.93°; smoothing=5-pt median; dark rows=680
fajr,2018-10-27,04:47,-8,31.0435,-115.4641,0.0,Zamorano J. et al. (2019). TESS-W sky brightness network. Zenodo monthly archives. https://zenodo.org/records/3378728. CC0 1.0.,TESS station stars213; photometric inflection method; night median MSAS=18.04; MSAS at inflection=18.42; depression=14.71°; smoothing=5-pt median; dark rows=684
isha,2018-10-28,17:50,-8,31.0435,-115.4641,0.0,Zamorano J. et al. (2019). TESS-W sky brightness network. Zenodo monthly archives. https://zenodo.org/records/3378728. CC0 1.0.,TESS station stars213; photometric inflection method; night median MSAS=19.19; MSAS at inflection=19.68; depression=12.08°; smoothing=5-pt median; dark rows=558
isha,2018-10-04,19:38,12,-41.305029,174.783092,0.0,Zamorano J. et al. (2019). TESS-W sky brightness network. Zenodo monthly archives. https://zenodo.org/records/3378728. CC0 1.0.,TESS station stars214; photometric inflection method; night median MSAS=18.88; MSAS at inflection=17.33; depression=13.52°; smoothing=5-pt median; dark rows=577
isha,2018-10-07,20:17,12,-41.305029,174.783092,0.0,Zamorano J. et al. (2019). TESS-W sky brightness network. Zenodo monthly archives. https://zenodo.org/records/3378728. CC0 1.0.,TESS station stars214; photometric inflection method; night median MSAS=19.31; MSAS at inflection=19.30; depression=19.64°; smoothing=5-pt median; dark rows=568
isha,2018-10-13,20:38,12,-41.305029,174.783092,0.0,Zamorano J. et al. (2019). TESS-W sky brightness network. Zenodo monthly archives. https://zenodo.org/records/3378728. CC0 1.0.,TESS station stars214; photometric inflection method; night median MSAS=19.46; MSAS at inflection=18.34; depression=21.47°; smoothing=5-pt median; dark rows=549
fajr,2018-10-14,04:29,12,-41.305029,174.783092,0.0,Zamorano J. et al. (2019). TESS-W sky brightness network. Zenodo monthly archives. https://zenodo.org/records/3378728. CC0 1.0.,TESS station stars214; photometric inflection method; night median MSAS=19.46; MSAS at inflection=19.22; depression=12.53°; smoothing=5-pt median; dark rows=549
fajr,2018-10-18,03:33,12,-41.305029,174.783092,0.0,Zamorano J. et al. (2019). TESS-W sky brightness network. Zenodo monthly archives. https://zenodo.org/records/3378728. CC0 1.0.,TESS station stars214; photometric inflection method; night median MSAS=19.01; MSAS at inflection=19.11; depression=20.48°; smoothing=5-pt median; dark rows=536
isha,2018-10-18,19:47,12,-41.305029,174.783092,0.0,Zamorano J. et al. (2019). TESS-W sky brightness network. Zenodo monthly archives. https://zenodo.org/records/3378728. CC0 1.0.,TESS station stars214; photometric inflection method; night median MSAS=18.93; MSAS at inflection=17.66; depression=11.98°; smoothing=5-pt median; dark rows=535
isha,2018-10-20,19:06,0,39.10946,-6.6892,0.0,Zamorano J. et al. (2019). TESS-W sky brightness network. Zenodo monthly archives. https://zenodo.org/records/3378728. CC0 1.0.,TESS station stars218; photometric inflection method; night median MSAS=18.72; MSAS at inflection=18.97; depression=17.28°; smoothing=5-pt median; dark rows=685
isha,2018-10-21,18:28,0,39.10946,-6.6892,0.0,Zamorano J. et al. (2019). TESS-W sky brightness network. Zenodo monthly archives. https://zenodo.org/records/3378728. CC0 1.0.,TESS station stars218; photometric inflection method; night median MSAS=18.25; MSAS at inflection=17.72; depression=10.18°; smoothing=5-pt median; dark rows=686
fajr,2018-10-24,06:05,0,39.10946,-6.6892,0.0,Zamorano J. et al. (2019). TESS-W sky brightness network. Zenodo monthly archives. https://zenodo.org/records/3378728. CC0 1.0.,TESS station stars218; photometric inflection method; night median MSAS=17.50; MSAS at inflection=15.72; depression=8.36°; smoothing=5-pt median; dark rows=690
fajr,2018-10-25,06:03,0,39.10946,-6.6892,0.0,Zamorano J. et al. (2019). TESS-W sky brightness network. Zenodo monthly archives. https://zenodo.org/records/3378728. CC0 1.0.,TESS station stars218; photometric inflection method; night median MSAS=17.60; MSAS at inflection=16.44; depression=9.09°; smoothing=5-pt median; dark rows=693
fajr,2018-10-28,05:39,0,39.10946,-6.6892,0.0,Zamorano J. et al. (2019). TESS-W sky brightness network. Zenodo monthly archives. https://zenodo.org/records/3378728. CC0 1.0.,TESS station stars218; photometric inflection method; night median MSAS=17.73; MSAS at inflection=17.89; depression=14.26°; smoothing=5-pt median; dark rows=699
isha,2018-10-28,18:25,0,39.10946,-6.6892,0.0,Zamorano J. et al. (2019). TESS-W sky brightness network. Zenodo monthly archives. https://zenodo.org/records/3378728. CC0 1.0.,TESS station stars218; photometric inflection method; night median MSAS=19.27; MSAS at inflection=18.57; depression=11.19°; smoothing=5-pt median; dark rows=702
isha,2018-10-29,18:30,0,39.10946,-6.6892,0.0,Zamorano J. et al. (2019). TESS-W sky brightness network. Zenodo monthly archives. https://zenodo.org/records/3378728. CC0 1.0.,TESS station stars218; photometric inflection method; night median MSAS=18.69; MSAS at inflection=19.59; depression=12.34°; smoothing=5-pt median; dark rows=704
fajr,2018-10-30,06:13,0,39.10946,-6.6892,0.0,Zamorano J. et al. (2019). TESS-W sky brightness network. Zenodo monthly archives. https://zenodo.org/records/3378728. CC0 1.0.,TESS station stars218; photometric inflection method; night median MSAS=18.69; MSAS at inflection=16.60; depression=8.08°; smoothing=5-pt median; dark rows=704
isha,2018-10-08,19:01,0,41.474,-1.4821,0.0,Zamorano J. et al. (2019). TESS-W sky brightness network. Zenodo monthly archives. https://zenodo.org/records/3378728. CC0 1.0.,TESS station stars225; photometric inflection method; night median MSAS=20.14; MSAS at inflection=19.54; depression=16.67°; smoothing=5-pt median; dark rows=656
fajr,2018-10-09,04:18,0,41.474,-1.4821,0.0,Zamorano J. et al. (2019). TESS-W sky brightness network. Zenodo monthly archives. https://zenodo.org/records/3378728. CC0 1.0.,TESS station stars225; photometric inflection method; night median MSAS=20.14; MSAS at inflection=20.22; depression=21.73°; smoothing=5-pt median; dark rows=656
isha,2018-10-11,19:01,0,41.474,-1.4821,0.0,Zamorano J. et al. (2019). TESS-W sky brightness network. Zenodo monthly archives. https://zenodo.org/records/3378728. CC0 1.0.,TESS station stars225; photometric inflection method; night median MSAS=20.10; MSAS at inflection=20.05; depression=17.61°; smoothing=5-pt median; dark rows=662
isha,2018-10-12,18:36,0,41.474,-1.4821,0.0,Zamorano J. et al. (2019). TESS-W sky brightness network. Zenodo monthly archives. https://zenodo.org/records/3378728. CC0 1.0.,TESS station stars225; photometric inflection method; night median MSAS=20.25; MSAS at inflection=19.86; depression=13.34°; smoothing=5-pt median; dark rows=665
fajr,2018-10-14,04:40,0,41.474,-1.4821,0.0,Zamorano J. et al. (2019). TESS-W sky brightness network. Zenodo monthly archives. https://zenodo.org/records/3378728. CC0 1.0.,TESS station stars225; photometric inflection method; night median MSAS=20.10; MSAS at inflection=20.10; depression=18.72°; smoothing=5-pt median; dark rows=667
isha,2018-10-14,18:37,0,41.474,-1.4821,0.0,Zamorano J. et al. (2019). TESS-W sky brightness network. Zenodo monthly archives. https://zenodo.org/records/3378728. CC0 1.0.,TESS station stars225; photometric inflection method; night median MSAS=18.73; MSAS at inflection=17.25; depression=14.02°; smoothing=5-pt median; dark rows=672
fajr,2018-10-16,04:30,0,41.474,-1.4821,0.0,Zamorano J. et al. (2019). TESS-W sky brightness network. Zenodo monthly archives. https://zenodo.org/records/3378728. CC0 1.0.,TESS station stars225; photometric inflection method; night median MSAS=20.28; MSAS at inflection=20.27; depression=20.91°; smoothing=5-pt median; dark rows=674
fajr,2018-10-18,05:22,0,41.474,-1.4821,0.0,Zamorano J. et al. (2019). TESS-W sky brightness network. Zenodo monthly archives. https://zenodo.org/records/3378728. CC0 1.0.,TESS station stars225; photometric inflection method; night median MSAS=19.59; MSAS at inflection=18.81; depression=11.73°; smoothing=5-pt median; dark rows=679
isha,2018-10-18,18:08,0,41.474,-1.4821,0.0,Zamorano J. et al. (2019). TESS-W sky brightness network. Zenodo monthly archives. https://zenodo.org/records/3378728. CC0 1.0.,TESS station stars225; photometric inflection method; night median MSAS=17.85; MSAS at inflection=17.24; depression=9.76°; smoothing=5-pt median; dark rows=681
fajr,2018-10-19,05:09,0,41.474,-1.4821,0.0,Zamorano J. et al. (2019). TESS-W sky brightness network. Zenodo monthly archives. https://zenodo.org/records/3378728. CC0 1.0.,TESS station stars225; photometric inflection method; night median MSAS=17.85; MSAS at inflection=17.80; depression=14.27°; smoothing=5-pt median; dark rows=681
isha,2018-10-19,19:06,0,41.474,-1.4821,0.0,Zamorano J. et al. (2019). TESS-W sky brightness network. Zenodo monthly archives. https://zenodo.org/records/3378728. CC0 1.0.,TESS station stars225; photometric inflection method; night median MSAS=18.02; MSAS at inflection=17.94; depression=20.82°; smoothing=5-pt median; dark rows=684
fajr,2018-10-20,05:34,0,41.474,-1.4821,0.0,Zamorano J. et al. (2019). TESS-W sky brightness network. Zenodo monthly archives. https://zenodo.org/records/3378728. CC0 1.0.,TESS station stars225; photometric inflection method; night median MSAS=18.02; MSAS at inflection=16.87; depression=9.80°; smoothing=5-pt median; dark rows=684
isha,2018-10-20,18:57,0,41.474,-1.4821,0.0,Zamorano J. et al. (2019). TESS-W sky brightness network. Zenodo monthly archives. https://zenodo.org/records/3378728. CC0 1.0.,TESS station stars225; photometric inflection method; night median MSAS=18.56; MSAS at inflection=17.25; depression=19.37°; smoothing=5-pt median; dark rows=686
isha,2018-10-23,18:13,0,41.474,-1.4821,0.0,Zamorano J. et al. (2019). TESS-W sky brightness network. Zenodo monthly archives. https://zenodo.org/records/3378728. CC0 1.0.,TESS station stars225; photometric inflection method; night median MSAS=18.22; MSAS at inflection=18.60; depression=12.00°; smoothing=5-pt median; dark rows=691
isha,2018-10-24,17:52,0,41.474,-1.4821,0.0,Zamorano J. et al. (2019). TESS-W sky brightness network. Zenodo monthly archives. https://zenodo.org/records/3378728. CC0 1.0.,TESS station stars225; photometric inflection method; night median MSAS=17.95; MSAS at inflection=16.02; depression=8.37°; smoothing=5-pt median; dark rows=697
fajr,2018-10-25,05:50,0,41.474,-1.4821,0.0,Zamorano J. et al. (2019). TESS-W sky brightness network. Zenodo monthly archives. https://zenodo.org/records/3378728. CC0 1.0.,TESS station stars225; photometric inflection method; night median MSAS=17.95; MSAS at inflection=15.49; depression=7.96°; smoothing=5-pt median; dark rows=697
isha,2018-10-31,17:50,0,41.474,-1.4821,0.0,Zamorano J. et al. (2019). TESS-W sky brightness network. Zenodo monthly archives. https://zenodo.org/records/3378728. CC0 1.0.,TESS station stars225; photometric inflection method; night median MSAS=18.62; MSAS at inflection=17.60; depression=9.47°; smoothing=5-pt median; dark rows=367
isha,2018-10-08,18:35,0,41.6226,-0.9315,0.0,Zamorano J. et al. (2019). TESS-W sky brightness network. Zenodo monthly archives. https://zenodo.org/records/3378728. CC0 1.0.,TESS station stars226; photometric inflection method; night median MSAS=17.62; MSAS at inflection=17.26; depression=12.25°; smoothing=5-pt median; dark rows=653
fajr,2018-10-11,04:40,0,41.6226,-0.9315,0.0,Zamorano J. et al. (2019). TESS-W sky brightness network. Zenodo monthly archives. https://zenodo.org/records/3378728. CC0 1.0.,TESS station stars226; photometric inflection method; night median MSAS=17.72; MSAS at inflection=18.07; depression=17.72°; smoothing=5-pt median; dark rows=661
isha,2018-10-11,18:28,0,41.6226,-0.9315,0.0,Zamorano J. et al. (2019). TESS-W sky brightness network. Zenodo monthly archives. https://zenodo.org/records/3378728. CC0 1.0.,TESS station stars226; photometric inflection method; night median MSAS=17.63; MSAS at inflection=16.55; depression=11.98°; smoothing=5-pt median; dark rows=663
fajr,2018-10-12,05:01,0,41.6226,-0.9315,0.0,Zamorano J. et al. (2019). TESS-W sky brightness network. Zenodo monthly archives. https://zenodo.org/records/3378728. CC0 1.0.,TESS station stars226; photometric inflection method; night median MSAS=17.63; MSAS at inflection=18.00; depression=14.09°; smoothing=5-pt median; dark rows=663
isha,2018-10-12,18:52,0,41.6226,-0.9315,0.0,Zamorano J. et al. (2019). TESS-W sky brightness network. Zenodo monthly archives. https://zenodo.org/records/3378728. CC0 1.0.,TESS station stars226; photometric inflection method; night median MSAS=17.76; MSAS at inflection=17.34; depression=16.61°; smoothing=5-pt median; dark rows=666
fajr,2018-10-16,05:27,0,41.6226,-0.9315,0.0,Zamorano J. et al. (2019). TESS-W sky brightness network. Zenodo monthly archives. https://zenodo.org/records/3378728. CC0 1.0.,TESS station stars226; photometric inflection method; night median MSAS=18.32; MSAS at inflection=17.48; depression=10.03°; smoothing=5-pt median; dark rows=651
isha,2018-10-17,18:18,0,41.6226,-0.9315,0.0,Zamorano J. et al. (2019). TESS-W sky brightness network. Zenodo monthly archives. https://zenodo.org/records/3378728. CC0 1.0.,TESS station stars226; photometric inflection method; night median MSAS=18.00; MSAS at inflection=17.46; depression=11.80°; smoothing=5-pt median; dark rows=572
isha,2018-10-22,18:05,0,41.6226,-0.9315,0.0,Zamorano J. et al. (2019). TESS-W sky brightness network. Zenodo monthly archives. https://zenodo.org/records/3378728. CC0 1.0.,TESS station stars226; photometric inflection method; night median MSAS=17.62; MSAS at inflection=17.31; depression=10.64°; smoothing=5-pt median; dark rows=691
fajr,2018-10-23,05:27,0,41.6226,-0.9315,0.0,Zamorano J. et al. (2019). TESS-W sky brightness network. Zenodo monthly archives. https://zenodo.org/records/3378728. CC0 1.0.,TESS station stars226; photometric inflection method; night median MSAS=17.62; MSAS at inflection=17.67; depression=11.28°; smoothing=5-pt median; dark rows=691
isha,2018-10-28,17:54,0,41.6226,-0.9315,0.0,Zamorano J. et al. (2019). TESS-W sky brightness network. Zenodo monthly archives. https://zenodo.org/records/3378728. CC0 1.0.,TESS station stars226; photometric inflection method; night median MSAS=17.96; MSAS at inflection=17.37; depression=10.02°; smoothing=5-pt median; dark rows=706
fajr,2018-10-29,05:07,0,41.6226,-0.9315,0.0,Zamorano J. et al. (2019). TESS-W sky brightness network. Zenodo monthly archives. https://zenodo.org/records/3378728. CC0 1.0.,TESS station stars226; photometric inflection method; night median MSAS=17.96; MSAS at inflection=16.45; depression=16.28°; smoothing=5-pt median; dark rows=706
isha,2018-10-14,18:13,1,39.3145,16.7513,0.0,Zamorano J. et al. (2019). TESS-W sky brightness network. Zenodo monthly archives. https://zenodo.org/records/3378728. CC0 1.0.,TESS station stars232; photometric inflection method; night median MSAS=21.50; MSAS at inflection=19.52; depression=11.90°; smoothing=5-pt median; dark rows=669
fajr,2018-10-15,05:18,1,39.3145,16.7513,0.0,Zamorano J. et al. (2019). TESS-W sky brightness network. Zenodo monthly archives. https://zenodo.org/records/3378728. CC0 1.0.,TESS station stars232; photometric inflection method; night median MSAS=21.50; MSAS at inflection=19.37; depression=9.35°; smoothing=5-pt median; dark rows=669
isha,2018-10-15,18:14,1,39.3145,16.7513,0.0,Zamorano J. et al. (2019). TESS-W sky brightness network. Zenodo monthly archives. https://zenodo.org/records/3378728. CC0 1.0.,TESS station stars232; photometric inflection method; night median MSAS=20.98; MSAS at inflection=19.49; depression=12.37°; smoothing=5-pt median; dark rows=672
fajr,2018-10-16,04:22,1,39.3145,16.7513,0.0,Zamorano J. et al. (2019). TESS-W sky brightness network. Zenodo monthly archives. https://zenodo.org/records/3378728. CC0 1.0.,TESS station stars232; photometric inflection method; night median MSAS=20.98; MSAS at inflection=20.96; depression=20.32°; smoothing=5-pt median; dark rows=672
fajr,2018-10-18,04:59,1,39.3145,16.7513,0.0,Zamorano J. et al. (2019). TESS-W sky brightness network. Zenodo monthly archives. https://zenodo.org/records/3378728. CC0 1.0.,TESS station stars232; photometric inflection method; night median MSAS=20.78; MSAS at inflection=20.80; depression=13.57°; smoothing=5-pt median; dark rows=678
isha,2018-10-18,18:42,1,39.3145,16.7513,0.0,Zamorano J. et al. (2019). TESS-W sky brightness network. Zenodo monthly archives. https://zenodo.org/records/3378728. CC0 1.0.,TESS station stars232; photometric inflection method; night median MSAS=19.86; MSAS at inflection=18.87; depression=18.67°; smoothing=5-pt median; dark rows=673
fajr,2018-10-19,04:48,1,39.3145,16.7513,0.0,Zamorano J. et al. (2019). TESS-W sky brightness network. Zenodo monthly archives. https://zenodo.org/records/3378728. CC0 1.0.,TESS station stars232; photometric inflection method; night median MSAS=19.86; MSAS at inflection=20.61; depression=15.74°; smoothing=5-pt median; dark rows=673
isha,2018-10-19,18:25,1,39.3145,16.7513,0.0,Zamorano J. et al. (2019). TESS-W sky brightness network. Zenodo monthly archives. https://zenodo.org/records/3378728. CC0 1.0.,TESS station stars232; photometric inflection method; night median MSAS=19.71; MSAS at inflection=19.18; depression=15.66°; smoothing=5-pt median; dark rows=681
fajr,2018-10-21,04:29,1,39.3145,16.7513,0.0,Zamorano J. et al. (2019). TESS-W sky brightness network. Zenodo monthly archives. https://zenodo.org/records/3378728. CC0 1.0.,TESS station stars232; photometric inflection method; night median MSAS=18.60; MSAS at inflection=20.91; depression=19.80°; smoothing=5-pt median; dark rows=683
isha,2018-10-22,18:12,1,39.3145,16.7513,0.0,Zamorano J. et al. (2019). TESS-W sky brightness network. Zenodo monthly archives. https://zenodo.org/records/3378728. CC0 1.0.,TESS station stars232; photometric inflection method; night median MSAS=17.91; MSAS at inflection=18.69; depression=13.72°; smoothing=5-pt median; dark rows=689
fajr,2018-10-23,05:25,1,39.3145,16.7513,0.0,Zamorano J. et al. (2019). TESS-W sky brightness network. Zenodo monthly archives. https://zenodo.org/records/3378728. CC0 1.0.,TESS station stars232; photometric inflection method; night median MSAS=17.91; MSAS at inflection=19.53; depression=9.37°; smoothing=5-pt median; dark rows=689
isha,2018-10-23,18:23,1,39.3145,16.7513,0.0,Zamorano J. et al. (2019). TESS-W sky brightness network. Zenodo monthly archives. https://zenodo.org/records/3378728. CC0 1.0.,TESS station stars232; photometric inflection method; night median MSAS=17.70; MSAS at inflection=18.05; depression=16.24°; smoothing=5-pt median; dark rows=660
fajr,2018-10-24,05:36,1,39.3145,16.7513,0.0,Zamorano J. et al. (2019). TESS-W sky brightness network. Zenodo monthly archives. https://zenodo.org/records/3378728. CC0 1.0.,TESS station stars232; photometric inflection method; night median MSAS=17.70; MSAS at inflection=15.32; depression=7.52°; smoothing=5-pt median; dark rows=660
isha,2018-10-24,18:26,1,39.3145,16.7513,0.0,Zamorano J. et al. (2019). TESS-W sky brightness network. Zenodo monthly archives. https://zenodo.org/records/3378728. CC0 1.0.,TESS station stars232; photometric inflection method; night median MSAS=17.78; MSAS at inflection=19.26; depression=17.05°; smoothing=5-pt median; dark rows=694
isha,2018-10-25,17:38,1,39.3145,16.7513,0.0,Zamorano J. et al. (2019). TESS-W sky brightness network. Zenodo monthly archives. https://zenodo.org/records/3378728. CC0 1.0.,TESS station stars232; photometric inflection method; night median MSAS=17.91; MSAS at inflection=15.62; depression=7.98°; smoothing=5-pt median; dark rows=685
isha,2018-10-26,17:42,1,39.3145,16.7513,0.0,Zamorano J. et al. (2019). TESS-W sky brightness network. Zenodo monthly archives. https://zenodo.org/records/3378728. CC0 1.0.,TESS station stars232; photometric inflection method; night median MSAS=17.89; MSAS at inflection=16.86; depression=9.05°; smoothing=5-pt median; dark rows=499
fajr,2018-10-27,05:11,1,39.3145,16.7513,0.0,Zamorano J. et al. (2019). TESS-W sky brightness network. Zenodo monthly archives. https://zenodo.org/records/3378728. CC0 1.0.,TESS station stars232; photometric inflection method; night median MSAS=17.89; MSAS at inflection=18.51; depression=12.84°; smoothing=5-pt median; dark rows=499
isha,2018-10-29,17:49,1,39.3145,16.7513,0.0,Zamorano J. et al. (2019). TESS-W sky brightness network. Zenodo monthly archives. https://zenodo.org/records/3378728. CC0 1.0.,TESS station stars232; photometric inflection method; night median MSAS=19.07; MSAS at inflection=19.89; depression=11.02°; smoothing=5-pt median; dark rows=705
isha,2018-10-30,18:30,1,39.3145,16.7513,0.0,Zamorano J. et al. (2019). TESS-W sky brightness network. Zenodo monthly archives. https://zenodo.org/records/3378728. CC0 1.0.,TESS station stars232; photometric inflection method; night median MSAS=20.28; MSAS at inflection=20.90; depression=19.12°; smoothing=5-pt median; dark rows=702
isha,2018-10-01,18:56,-1,27.900833,-15.514722,0.0,Zamorano J. et al. (2019). TESS-W sky brightness network. Zenodo monthly archives. https://zenodo.org/records/3378728. CC0 1.0.,TESS station stars24; photometric inflection method; night median MSAS=17.72; MSAS at inflection=20.15; depression=15.99°; smoothing=5-pt median; dark rows=1207
fajr,2018-10-02,05:02,-1,27.900833,-15.514722,0.0,Zamorano J. et al. (2019). TESS-W sky brightness network. Zenodo monthly archives. https://zenodo.org/records/3378728. CC0 1.0.,TESS station stars24; photometric inflection method; night median MSAS=17.72; MSAS at inflection=15.80; depression=12.40°; smoothing=5-pt median; dark rows=1207
isha,2018-10-06,19:18,-1,27.900833,-15.514722,0.0,Zamorano J. et al. (2019). TESS-W sky brightness network. Zenodo monthly archives. https://zenodo.org/records/3378728. CC0 1.0.,TESS station stars24; photometric inflection method; night median MSAS=19.59; MSAS at inflection=17.73; depression=21.98°; smoothing=5-pt median; dark rows=1203
isha,2018-10-07,19:07,-1,27.900833,-15.514722,0.0,Zamorano J. et al. (2019). TESS-W sky brightness network. Zenodo monthly archives. https://zenodo.org/records/3378728. CC0 1.0.,TESS station stars24; photometric inflection method; night median MSAS=18.49; MSAS at inflection=18.13; depression=19.78°; smoothing=5-pt median; dark rows=1239
isha,2018-10-08,19:04,-1,27.900833,-15.514722,0.0,Zamorano J. et al. (2019). TESS-W sky brightness network. Zenodo monthly archives. https://zenodo.org/records/3378728. CC0 1.0.,TESS station stars24; photometric inflection method; night median MSAS=18.88; MSAS at inflection=18.45; depression=19.48°; smoothing=5-pt median; dark rows=1262
isha,2018-10-09,18:27,-1,27.900833,-15.514722,0.0,Zamorano J. et al. (2019). TESS-W sky brightness network. Zenodo monthly archives. https://zenodo.org/records/3378728. CC0 1.0.,TESS station stars24; photometric inflection method; night median MSAS=19.12; MSAS at inflection=18.07; depression=11.39°; smoothing=5-pt median; dark rows=1277
fajr,2018-10-10,04:30,-1,27.900833,-15.514722,0.0,Zamorano J. et al. (2019). TESS-W sky brightness network. Zenodo monthly archives. https://zenodo.org/records/3378728. CC0 1.0.,TESS station stars24; photometric inflection method; night median MSAS=19.12; MSAS at inflection=16.94; depression=20.38°; smoothing=5-pt median; dark rows=1277
isha,2018-10-10,18:57,-1,27.900833,-15.514722,0.0,Zamorano J. et al. (2019). TESS-W sky brightness network. Zenodo monthly archives. https://zenodo.org/records/3378728. CC0 1.0.,TESS station stars24; photometric inflection method; night median MSAS=18.94; MSAS at inflection=19.02; depression=18.34°; smoothing=5-pt median; dark rows=1254
isha,2018-10-11,19:00,-1,27.900833,-15.514722,0.0,Zamorano J. et al. (2019). TESS-W sky brightness network. Zenodo monthly archives. https://zenodo.org/records/3378728. CC0 1.0.,TESS station stars24; photometric inflection method; night median MSAS=19.05; MSAS at inflection=17.83; depression=19.24°; smoothing=5-pt median; dark rows=1307
fajr,2018-10-12,04:36,-1,27.900833,-15.514722,0.0,Zamorano J. et al. (2019). TESS-W sky brightness network. Zenodo monthly archives. https://zenodo.org/records/3378728. CC0 1.0.,TESS station stars24; photometric inflection method; night median MSAS=19.05; MSAS at inflection=18.92; depression=19.42°; smoothing=5-pt median; dark rows=1307
isha,2018-10-12,18:52,-1,27.900833,-15.514722,0.0,Zamorano J. et al. (2019). TESS-W sky brightness network. Zenodo monthly archives. https://zenodo.org/records/3378728. CC0 1.0.,TESS station stars24; photometric inflection method; night median MSAS=19.08; MSAS at inflection=17.74; depression=17.60°; smoothing=5-pt median; dark rows=1311
fajr,2018-10-14,04:48,-1,27.900833,-15.514722,0.0,Zamorano J. et al. (2019). TESS-W sky brightness network. Zenodo monthly archives. https://zenodo.org/records/3378728. CC0 1.0.,TESS station stars24; photometric inflection method; night median MSAS=18.97; MSAS at inflection=20.22; depression=16.86°; smoothing=5-pt median; dark rows=1309
fajr,2018-10-16,05:24,-1,27.900833,-15.514722,0.0,Zamorano J. et al. (2019). TESS-W sky brightness network. Zenodo monthly archives. https://zenodo.org/records/3378728. CC0 1.0.,TESS station stars24; photometric inflection method; night median MSAS=18.96; MSAS at inflection=16.75; depression=9.17°; smoothing=5-pt median; dark rows=1224
isha,2018-10-16,18:40,-1,27.900833,-15.514722,0.0,Zamorano J. et al. (2019). TESS-W sky brightness network. Zenodo monthly archives. https://zenodo.org/records/3378728. CC0 1.0.,TESS station stars24; photometric inflection method; night median MSAS=18.30; MSAS at inflection=16.38; depression=15.94°; smoothing=5-pt median; dark rows=1292
fajr,2018-10-17,04:38,-1,27.900833,-15.514722,0.0,Zamorano J. et al. (2019). TESS-W sky brightness network. Zenodo monthly archives. https://zenodo.org/records/3378728. CC0 1.0.,TESS station stars24; photometric inflection method; night median MSAS=18.30; MSAS at inflection=18.09; depression=19.53°; smoothing=5-pt median; dark rows=1292
isha,2018-10-17,19:00,-1,27.900833,-15.514722,0.0,Zamorano J. et al. (2019). TESS-W sky brightness network. Zenodo monthly archives. https://zenodo.org/records/3378728. CC0 1.0.,TESS station stars24; photometric inflection method; night median MSAS=17.77; MSAS at inflection=18.85; depression=20.47°; smoothing=5-pt median; dark rows=1318
fajr,2018-10-18,04:35,-1,27.900833,-15.514722,0.0,Zamorano J. et al. (2019). TESS-W sky brightness network. Zenodo monthly archives. https://zenodo.org/records/3378728. CC0 1.0.,TESS station stars24; photometric inflection method; night median MSAS=17.77; MSAS at inflection=19.44; depression=20.36°; smoothing=5-pt median; dark rows=1318
fajr,2018-10-21,05:28,-1,27.900833,-15.514722,0.0,Zamorano J. et al. (2019). TESS-W sky brightness network. Zenodo monthly archives. https://zenodo.org/records/3378728. CC0 1.0.,TESS station stars24; photometric inflection method; night median MSAS=18.34; MSAS at inflection=16.92; depression=8.94°; smoothing=5-pt median; dark rows=1325
isha,2018-10-27,18:25,-1,27.900833,-15.514722,0.0,Zamorano J. et al. (2019). TESS-W sky brightness network. Zenodo monthly archives. https://zenodo.org/records/3378728. CC0 1.0.,TESS station stars24; photometric inflection method; night median MSAS=18.14; MSAS at inflection=20.23; depression=14.55°; smoothing=5-pt median; dark rows=671
isha,2018-10-28,18:23,-1,27.900833,-15.514722,0.0,Zamorano J. et al. (2019). TESS-W sky brightness network. Zenodo monthly archives. https://zenodo.org/records/3378728. CC0 1.0.,TESS station stars24; photometric inflection method; night median MSAS=17.80; MSAS at inflection=19.34; depression=14.29°; smoothing=5-pt median; dark rows=667
fajr,2018-10-29,05:17,-1,27.900833,-15.514722,0.0,Zamorano J. et al. (2019). TESS-W sky brightness network. Zenodo monthly archives. https://zenodo.org/records/3378728. CC0 1.0.,TESS station stars24; photometric inflection method; night median MSAS=17.80; MSAS at inflection=16.46; depression=12.46°; smoothing=5-pt median; dark rows=667
isha,2018-10-29,18:02,-1,27.900833,-15.514722,0.0,Zamorano J. et al. (2019). TESS-W sky brightness network. Zenodo monthly archives. https://zenodo.org/records/3378728. CC0 1.0.,TESS station stars24; photometric inflection method; night median MSAS=19.00; MSAS at inflection=17.37; depression=9.99°; smoothing=5-pt median; dark rows=653
isha,2018-10-24,17:37,-1,31.206059,-7.86872,0.0,Zamorano J. et al. (2019). TESS-W sky brightness network. Zenodo monthly archives. https://zenodo.org/records/3378728. CC0 1.0.,TESS station stars27; photometric inflection method; night median MSAS=17.84; MSAS at inflection=18.45; depression=10.69°; smoothing=5-pt median; dark rows=630
fajr,2018-10-25,04:20,-1,31.206059,-7.86872,0.0,Zamorano J. et al. (2019). TESS-W sky brightness network. Zenodo monthly archives. https://zenodo.org/records/3378728. CC0 1.0.,TESS station stars27; photometric inflection method; night median MSAS=17.84; MSAS at inflection=19.18; depression=17.91°; smoothing=5-pt median; dark rows=630
fajr,2018-10-02,04:20,0,40.5987,-3.157974,0.0,Zamorano J. et al. (2019). TESS-W sky brightness network. Zenodo monthly archives. https://zenodo.org/records/3378728. CC0 1.0.,TESS station stars28; photometric inflection method; night median MSAS=19.54; MSAS at inflection=18.51; depression=21.45°; smoothing=5-pt median; dark rows=568
isha,2018-10-02,18:46,0,40.5987,-3.157974,0.0,Zamorano J. et al. (2019). TESS-W sky brightness network. Zenodo monthly archives. https://zenodo.org/records/3378728. CC0 1.0.,TESS station stars28; photometric inflection method; night median MSAS=19.71; MSAS at inflection=18.42; depression=10.98°; smoothing=5-pt median; dark rows=521
isha,2018-10-05,18:39,0,40.5987,-3.157974,0.0,Zamorano J. et al. (2019). TESS-W sky brightness network. Zenodo monthly archives. https://zenodo.org/records/3378728. CC0 1.0.,TESS station stars28; photometric inflection method; night median MSAS=19.70; MSAS at inflection=18.22; depression=10.57°; smoothing=5-pt median; dark rows=645
fajr,2018-10-09,05:33,0,40.5987,-3.157974,0.0,Zamorano J. et al. (2019). TESS-W sky brightness network. Zenodo monthly archives. https://zenodo.org/records/3378728. CC0 1.0.,TESS station stars28; photometric inflection method; night median MSAS=19.79; MSAS at inflection=17.39; depression=9.18°; smoothing=5-pt median; dark rows=625
isha,2018-10-10,18:29,0,40.5987,-3.157974,0.0,Zamorano J. et al. (2019). TESS-W sky brightness network. Zenodo monthly archives. https://zenodo.org/records/3378728. CC0 1.0.,TESS station stars28; photometric inflection method; night median MSAS=19.27; MSAS at inflection=18.18; depression=10.17°; smoothing=5-pt median; dark rows=493
fajr,2018-10-13,05:25,0,40.5987,-3.157974,0.0,Zamorano J. et al. (2019). TESS-W sky brightness network. Zenodo monthly archives. https://zenodo.org/records/3378728. CC0 1.0.,TESS station stars28; photometric inflection method; night median MSAS=19.35; MSAS at inflection=18.60; depression=11.47°; smoothing=5-pt median; dark rows=640
fajr,2018-10-15,05:13,0,40.5987,-3.157974,0.0,Zamorano J. et al. (2019). TESS-W sky brightness network. Zenodo monthly archives. https://zenodo.org/records/3378728. CC0 1.0.,TESS station stars28; photometric inflection method; night median MSAS=18.75; MSAS at inflection=19.90; depression=14.08°; smoothing=5-pt median; dark rows=668
isha,2018-10-15,19:10,0,40.5987,-3.157974,0.0,Zamorano J. et al. (2019). TESS-W sky brightness network. Zenodo monthly archives. https://zenodo.org/records/3378728. CC0 1.0.,TESS station stars28; photometric inflection method; night median MSAS=18.38; MSAS at inflection=19.11; depression=19.24°; smoothing=5-pt median; dark rows=665
fajr,2018-10-16,05:34,0,40.5987,-3.157974,0.0,Zamorano J. et al. (2019). TESS-W sky brightness network. Zenodo monthly archives. https://zenodo.org/records/3378728. CC0 1.0.,TESS station stars28; photometric inflection method; night median MSAS=18.38; MSAS at inflection=18.18; depression=10.22°; smoothing=5-pt median; dark rows=665
isha,2018-10-17,18:19,0,40.5987,-3.157974,0.0,Zamorano J. et al. (2019). TESS-W sky brightness network. Zenodo monthly archives. https://zenodo.org/records/3378728. CC0 1.0.,TESS station stars28; photometric inflection method; night median MSAS=18.08; MSAS at inflection=17.94; depression=10.27°; smoothing=5-pt median; dark rows=327
fajr,2018-10-18,05:32,0,40.5987,-3.157974,0.0,Zamorano J. et al. (2019). TESS-W sky brightness network. Zenodo monthly archives. https://zenodo.org/records/3378728. CC0 1.0.,TESS station stars28; photometric inflection method; night median MSAS=18.08; MSAS at inflection=17.05; depression=10.99°; smoothing=5-pt median; dark rows=327
fajr,2018-10-21,05:23,0,40.5987,-3.157974,0.0,Zamorano J. et al. (2019). TESS-W sky brightness network. Zenodo monthly archives. https://zenodo.org/records/3378728. CC0 1.0.,TESS station stars28; photometric inflection method; night median MSAS=18.08; MSAS at inflection=17.33; depression=13.22°; smoothing=5-pt median; dark rows=622
fajr,2018-10-22,05:18,0,40.5987,-3.157974,0.0,Zamorano J. et al. (2019). TESS-W sky brightness network. Zenodo monthly archives. https://zenodo.org/records/3378728. CC0 1.0.,TESS station stars28; photometric inflection method; night median MSAS=18.48; MSAS at inflection=19.79; depression=14.45°; smoothing=5-pt median; dark rows=686
isha,2018-10-22,18:21,0,40.5987,-3.157974,0.0,Zamorano J. et al. (2019). TESS-W sky brightness network. Zenodo monthly archives. https://zenodo.org/records/3378728. CC0 1.0.,TESS station stars28; photometric inflection method; night median MSAS=18.04; MSAS at inflection=18.46; depression=11.87°; smoothing=5-pt median; dark rows=683
isha,2018-10-23,18:38,0,40.5987,-3.157974,0.0,Zamorano J. et al. (2019). TESS-W sky brightness network. Zenodo monthly archives. https://zenodo.org/records/3378728. CC0 1.0.,TESS station stars28; photometric inflection method; night median MSAS=17.82; MSAS at inflection=18.74; depression=15.43°; smoothing=5-pt median; dark rows=653
fajr,2018-10-24,05:08,0,40.5987,-3.157974,0.0,Zamorano J. et al. (2019). TESS-W sky brightness network. Zenodo monthly archives. https://zenodo.org/records/3378728. CC0 1.0.,TESS station stars28; photometric inflection method; night median MSAS=17.82; MSAS at inflection=19.00; depression=16.74°; smoothing=5-pt median; dark rows=653
fajr,2018-10-28,05:56,0,40.5987,-3.157974,0.0,Zamorano J. et al. (2019). TESS-W sky brightness network. Zenodo monthly archives. https://zenodo.org/records/3378728. CC0 1.0.,TESS station stars28; photometric inflection method; night median MSAS=17.63; MSAS at inflection=16.25; depression=8.56°; smoothing=5-pt median; dark rows=696
isha,2018-10-29,17:54,0,40.5987,-3.157974,0.0,Zamorano J. et al. (2019). TESS-W sky brightness network. Zenodo monthly archives. https://zenodo.org/records/3378728. CC0 1.0.,TESS station stars28; photometric inflection method; night median MSAS=17.59; MSAS at inflection=16.15; depression=8.50°; smoothing=5-pt median; dark rows=701
isha,2018-10-31,18:51,0,40.5987,-3.157974,0.0,Zamorano J. et al. (2019). TESS-W sky brightness network. Zenodo monthly archives. https://zenodo.org/records/3378728. CC0 1.0.,TESS station stars28; photometric inflection method; night median MSAS=18.87; MSAS at inflection=18.77; depression=19.60°; smoothing=5-pt median; dark rows=23
isha,2018-10-01,18:52,0,40.628752,-3.90066,0.0,Zamorano J. et al. (2019). TESS-W sky brightness network. Zenodo monthly archives. https://zenodo.org/records/3378728. CC0 1.0.,TESS station stars32; photometric inflection method; night median MSAS=19.84; MSAS at inflection=18.73; depression=11.25°; smoothing=5-pt median; dark rows=546
isha,2018-10-02,18:54,0,40.628752,-3.90066,0.0,Zamorano J. et al. (2019). TESS-W sky brightness network. Zenodo monthly archives. https://zenodo.org/records/3378728. CC0 1.0.,TESS station stars32; photometric inflection method; night median MSAS=20.01; MSAS at inflection=19.07; depression=11.92°; smoothing=5-pt median; dark rows=632
fajr,2018-10-03,05:24,0,40.628752,-3.90066,0.0,Zamorano J. et al. (2019). TESS-W sky brightness network. Zenodo monthly archives. https://zenodo.org/records/3378728. CC0 1.0.,TESS station stars32; photometric inflection method; night median MSAS=20.01; MSAS at inflection=17.88; depression=10.18°; smoothing=5-pt median; dark rows=632
isha,2018-10-03,19:26,0,40.628752,-3.90066,0.0,Zamorano J. et al. (2019). TESS-W sky brightness network. Zenodo monthly archives. https://zenodo.org/records/3378728. CC0 1.0.,TESS station stars32; photometric inflection method; night median MSAS=20.02; MSAS at inflection=19.70; depression=18.20°; smoothing=5-pt median; dark rows=637
fajr,2018-10-04,05:25,0,40.628752,-3.90066,0.0,Zamorano J. et al. (2019). TESS-W sky brightness network. Zenodo monthly archives. https://zenodo.org/records/3378728. CC0 1.0.,TESS station stars32; photometric inflection method; night median MSAS=20.02; MSAS at inflection=18.06; depression=10.26°; smoothing=5-pt median; dark rows=637
fajr,2018-10-05,05:15,0,40.628752,-3.90066,0.0,Zamorano J. et al. (2019). TESS-W sky brightness network. Zenodo monthly archives. https://zenodo.org/records/3378728. CC0 1.0.,TESS station stars32; photometric inflection method; night median MSAS=20.02; MSAS at inflection=19.36; depression=12.23°; smoothing=5-pt median; dark rows=637
isha,2018-10-10,18:24,0,40.628752,-3.90066,0.0,Zamorano J. et al. (2019). TESS-W sky brightness network. Zenodo monthly archives. https://zenodo.org/records/3378728. CC0 1.0.,TESS station stars32; photometric inflection method; night median MSAS=18.28; MSAS at inflection=16.58; depression=8.65°; smoothing=5-pt median; dark rows=621
fajr,2018-10-11,05:33,0,40.628752,-3.90066,0.0,Zamorano J. et al. (2019). TESS-W sky brightness network. Zenodo monthly archives. https://zenodo.org/records/3378728. CC0 1.0.,TESS station stars32; photometric inflection method; night median MSAS=18.28; MSAS at inflection=17.12; depression=9.97°; smoothing=5-pt median; dark rows=621
isha,2018-10-11,18:18,0,40.628752,-3.90066,0.0,Zamorano J. et al. (2019). TESS-W sky brightness network. Zenodo monthly archives. https://zenodo.org/records/3378728. CC0 1.0.,TESS station stars32; photometric inflection method; night median MSAS=17.66; MSAS at inflection=15.84; depression=7.77°; smoothing=5-pt median; dark rows=647
isha,2018-10-12,19:07,0,40.628752,-3.90066,0.0,Zamorano J. et al. (2019). TESS-W sky brightness network. Zenodo monthly archives. https://zenodo.org/records/3378728. CC0 1.0.,TESS station stars32; photometric inflection method; night median MSAS=19.36; MSAS at inflection=18.26; depression=17.39°; smoothing=5-pt median; dark rows=613
fajr,2018-10-13,04:43,0,40.628752,-3.90066,0.0,Zamorano J. et al. (2019). TESS-W sky brightness network. Zenodo monthly archives. https://zenodo.org/records/3378728. CC0 1.0.,TESS station stars32; photometric inflection method; night median MSAS=19.36; MSAS at inflection=19.67; depression=19.88°; smoothing=5-pt median; dark rows=613
isha,2018-10-13,19:19,0,40.628752,-3.90066,0.0,Zamorano J. et al. (2019). TESS-W sky brightness network. Zenodo monthly archives. https://zenodo.org/records/3378728. CC0 1.0.,TESS station stars32; photometric inflection method; night median MSAS=19.11; MSAS at inflection=19.33; depression=19.92°; smoothing=5-pt median; dark rows=662
isha,2018-10-17,18:19,0,40.628752,-3.90066,0.0,Zamorano J. et al. (2019). TESS-W sky brightness network. Zenodo monthly archives. https://zenodo.org/records/3378728. CC0 1.0.,TESS station stars32; photometric inflection method; night median MSAS=18.20; MSAS at inflection=17.57; depression=9.58°; smoothing=5-pt median; dark rows=652
fajr,2018-10-18,05:07,0,40.628752,-3.90066,0.0,Zamorano J. et al. (2019). TESS-W sky brightness network. Zenodo monthly archives. https://zenodo.org/records/3378728. CC0 1.0.,TESS station stars32; photometric inflection method; night median MSAS=18.20; MSAS at inflection=18.24; depression=16.41°; smoothing=5-pt median; dark rows=652
fajr,2018-10-19,04:57,0,40.628752,-3.90066,0.0,Zamorano J. et al. (2019). TESS-W sky brightness network. Zenodo monthly archives. https://zenodo.org/records/3378728. CC0 1.0.,TESS station stars32; photometric inflection method; night median MSAS=17.80; MSAS at inflection=17.84; depression=18.51°; smoothing=5-pt median; dark rows=655
isha,2018-10-20,18:08,0,40.628752,-3.90066,0.0,Zamorano J. et al. (2019). TESS-W sky brightness network. Zenodo monthly archives. https://zenodo.org/records/3378728. CC0 1.0.,TESS station stars32; photometric inflection method; night median MSAS=17.67; MSAS at inflection=16.26; depression=8.45°; smoothing=5-pt median; dark rows=681
isha,2018-10-21,18:34,0,40.628752,-3.90066,0.0,Zamorano J. et al. (2019). TESS-W sky brightness network. Zenodo monthly archives. https://zenodo.org/records/3378728. CC0 1.0.,TESS station stars32; photometric inflection method; night median MSAS=18.33; MSAS at inflection=18.46; depression=13.57°; smoothing=5-pt median; dark rows=615
fajr,2018-10-23,05:54,0,40.628752,-3.90066,0.0,Zamorano J. et al. (2019). TESS-W sky brightness network. Zenodo monthly archives. https://zenodo.org/records/3378728. CC0 1.0.,TESS station stars32; photometric inflection method; night median MSAS=17.86; MSAS at inflection=16.43; depression=8.38°; smoothing=5-pt median; dark rows=659
fajr,2018-10-28,05:56,0,40.628752,-3.90066,0.0,Zamorano J. et al. (2019). TESS-W sky brightness network. Zenodo monthly archives. https://zenodo.org/records/3378728. CC0 1.0.,TESS station stars32; photometric inflection method; night median MSAS=17.63; MSAS at inflection=16.71; depression=8.95°; smoothing=5-pt median; dark rows=695
fajr,2018-10-30,05:44,0,40.628752,-3.90066,0.0,Zamorano J. et al. (2019). TESS-W sky brightness network. Zenodo monthly archives. https://zenodo.org/records/3378728. CC0 1.0.,TESS station stars32; photometric inflection method; night median MSAS=18.26; MSAS at inflection=17.30; depression=11.64°; smoothing=5-pt median; dark rows=700
isha,2018-10-30,18:40,0,40.628752,-3.90066,0.0,Zamorano J. et al. (2019). TESS-W sky brightness network. Zenodo monthly archives. https://zenodo.org/records/3378728. CC0 1.0.,TESS station stars32; photometric inflection method; night median MSAS=17.56; MSAS at inflection=17.18; depression=16.76°; smoothing=5-pt median; dark rows=687
fajr,2018-10-31,06:04,0,40.628752,-3.90066,0.0,Zamorano J. et al. (2019). TESS-W sky brightness network. Zenodo monthly archives. https://zenodo.org/records/3378728. CC0 1.0.,TESS station stars32; photometric inflection method; night median MSAS=17.56; MSAS at inflection=16.36; depression=8.22°; smoothing=5-pt median; dark rows=687
fajr,2018-10-02,03:35,1,69.348333,20.365,0.0,Zamorano J. et al. (2019). TESS-W sky brightness network. Zenodo monthly archives. https://zenodo.org/records/3378728. CC0 1.0.,TESS station stars34; photometric inflection method; night median MSAS=18.93; MSAS at inflection=18.42; depression=12.91°; smoothing=5-pt median; dark rows=315
isha,2018-10-02,19:08,1,69.348333,20.365,0.0,Zamorano J. et al. (2019). TESS-W sky brightness network. Zenodo monthly archives. https://zenodo.org/records/3378728. CC0 1.0.,TESS station stars34; photometric inflection method; night median MSAS=19.94; MSAS at inflection=19.61; depression=12.16°; smoothing=5-pt median; dark rows=333
fajr,2018-10-03,04:09,1,69.348333,20.365,0.0,Zamorano J. et al. (2019). TESS-W sky brightness network. Zenodo monthly archives. https://zenodo.org/records/3378728. CC0 1.0.,TESS station stars34; photometric inflection method; night median MSAS=19.94; MSAS at inflection=18.04; depression=10.48°; smoothing=5-pt median; dark rows=333
isha,2018-10-03,18:56,1,69.348333,20.365,0.0,Zamorano J. et al. (2019). TESS-W sky brightness network. Zenodo monthly archives. https://zenodo.org/records/3378728. CC0 1.0.,TESS station stars34; photometric inflection method; night median MSAS=19.86; MSAS at inflection=18.93; depression=11.55°; smoothing=5-pt median; dark rows=323
fajr,2018-10-04,03:45,1,69.348333,20.365,0.0,Zamorano J. et al. (2019). TESS-W sky brightness network. Zenodo monthly archives. https://zenodo.org/records/3378728. CC0 1.0.,TESS station stars34; photometric inflection method; night median MSAS=19.86; MSAS at inflection=19.67; depression=12.80°; smoothing=5-pt median; dark rows=323
isha,2018-10-05,18:51,1,69.348333,20.365,0.0,Zamorano J. et al. (2019). TESS-W sky brightness network. Zenodo monthly archives. https://zenodo.org/records/3378728. CC0 1.0.,TESS station stars34; photometric inflection method; night median MSAS=20.25; MSAS at inflection=19.64; depression=11.95°; smoothing=5-pt median; dark rows=348
fajr,2018-10-06,04:23,1,69.348333,20.365,0.0,Zamorano J. et al. (2019). TESS-W sky brightness network. Zenodo monthly archives. https://zenodo.org/records/3378728. CC0 1.0.,TESS station stars34; photometric inflection method; night median MSAS=20.25; MSAS at inflection=17.98; depression=10.25°; smoothing=5-pt median; dark rows=348
isha,2018-10-07,19:32,1,69.348333,20.365,0.0,Zamorano J. et al. (2019). TESS-W sky brightness network. Zenodo monthly archives. https://zenodo.org/records/3378728. CC0 1.0.,TESS station stars34; photometric inflection method; night median MSAS=19.84; MSAS at inflection=18.93; depression=16.05°; smoothing=5-pt median; dark rows=345
fajr,2018-10-08,04:13,1,69.348333,20.365,0.0,Zamorano J. et al. (2019). TESS-W sky brightness network. Zenodo monthly archives. https://zenodo.org/records/3378728. CC0 1.0.,TESS station stars34; photometric inflection method; night median MSAS=19.84; MSAS at inflection=18.87; depression=11.80°; smoothing=5-pt median; dark rows=345
isha,2018-10-08,19:12,1,69.348333,20.365,0.0,Zamorano J. et al. (2019). TESS-W sky brightness network. Zenodo monthly archives. https://zenodo.org/records/3378728. CC0 1.0.,TESS station stars34; photometric inflection method; night median MSAS=20.11; MSAS at inflection=20.08; depression=14.86°; smoothing=5-pt median; dark rows=358
fajr,2018-10-11,03:59,1,69.348333,20.365,0.0,Zamorano J. et al. (2019). TESS-W sky brightness network. Zenodo monthly archives. https://zenodo.org/records/3378728. CC0 1.0.,TESS station stars34; photometric inflection method; night median MSAS=19.72; MSAS at inflection=19.47; depression=13.97°; smoothing=5-pt median; dark rows=349
isha,2018-10-11,18:16,1,69.348333,20.365,0.0,Zamorano J. et al. (2019). TESS-W sky brightness network. Zenodo monthly archives. https://zenodo.org/records/3378728. CC0 1.0.,TESS station stars34; photometric inflection method; night median MSAS=20.20; MSAS at inflection=18.74; depression=11.26°; smoothing=5-pt median; dark rows=370
isha,2018-10-12,18:08,1,69.348333,20.365,0.0,Zamorano J. et al. (2019). TESS-W sky brightness network. Zenodo monthly archives. https://zenodo.org/records/3378728. CC0 1.0.,TESS station stars34; photometric inflection method; night median MSAS=20.77; MSAS at inflection=18.90; depression=10.94°; smoothing=5-pt median; dark rows=400
isha,2018-10-13,18:47,1,69.348333,20.365,0.0,Zamorano J. et al. (2019). TESS-W sky brightness network. Zenodo monthly archives. https://zenodo.org/records/3378728. CC0 1.0.,TESS station stars34; photometric inflection method; night median MSAS=20.04; MSAS at inflection=18.75; depression=14.66°; smoothing=5-pt median; dark rows=381
fajr,2018-10-17,04:53,1,69.348333,20.365,0.0,Zamorano J. et al. (2019). TESS-W sky brightness network. Zenodo monthly archives. https://zenodo.org/records/3378728. CC0 1.0.,TESS station stars34; photometric inflection method; night median MSAS=21.09; MSAS at inflection=19.52; depression=11.29°; smoothing=5-pt median; dark rows=417
isha,2018-10-19,17:33,1,69.348333,20.365,0.0,Zamorano J. et al. (2019). TESS-W sky brightness network. Zenodo monthly archives. https://zenodo.org/records/3378728. CC0 1.0.,TESS station stars34; photometric inflection method; night median MSAS=20.80; MSAS at inflection=18.62; depression=10.36°; smoothing=5-pt median; dark rows=655
fajr,2018-10-20,04:20,1,69.348333,20.365,0.0,Zamorano J. et al. (2019). TESS-W sky brightness network. Zenodo monthly archives. https://zenodo.org/records/3378728. CC0 1.0.,TESS station stars34; photometric inflection method; night median MSAS=20.80; MSAS at inflection=21.11; depression=15.14°; smoothing=5-pt median; dark rows=655
fajr,2018-10-21,03:20,1,69.348333,20.365,0.0,Zamorano J. et al. (2019). TESS-W sky brightness network. Zenodo monthly archives. https://zenodo.org/records/3378728. CC0 1.0.,TESS station stars34; photometric inflection method; night median MSAS=20.06; MSAS at inflection=21.00; depression=20.46°; smoothing=5-pt median; dark rows=691
isha,2018-10-21,18:22,1,69.348333,20.365,0.0,Zamorano J. et al. (2019). TESS-W sky brightness network. Zenodo monthly archives. https://zenodo.org/records/3378728. CC0 1.0.,TESS station stars34; photometric inflection method; night median MSAS=19.41; MSAS at inflection=19.51; depression=15.36°; smoothing=5-pt median; dark rows=680
fajr,2018-10-22,05:19,1,69.348333,20.365,0.0,Zamorano J. et al. (2019). TESS-W sky brightness network. Zenodo monthly archives. https://zenodo.org/records/3378728. CC0 1.0.,TESS station stars34; photometric inflection method; night median MSAS=19.41; MSAS at inflection=18.53; depression=10.65°; smoothing=5-pt median; dark rows=680
fajr,2018-10-23,04:51,1,69.348333,20.365,0.0,Zamorano J. et al. (2019). TESS-W sky brightness network. Zenodo monthly archives. https://zenodo.org/records/3378728. CC0 1.0.,TESS station stars34; photometric inflection method; night median MSAS=18.53; MSAS at inflection=20.39; depression=13.42°; smoothing=5-pt median; dark rows=639
fajr,2018-10-24,03:52,1,69.348333,20.365,0.0,Zamorano J. et al. (2019). TESS-W sky brightness network. Zenodo monthly archives. https://zenodo.org/records/3378728. CC0 1.0.,TESS station stars34; photometric inflection method; night median MSAS=19.00; MSAS at inflection=19.61; depression=18.76°; smoothing=5-pt median; dark rows=540
isha,2018-10-24,18:07,1,69.348333,20.365,0.0,Zamorano J. et al. (2019). TESS-W sky brightness network. Zenodo monthly archives. https://zenodo.org/records/3378728. CC0 1.0.,TESS station stars34; photometric inflection method; night median MSAS=18.21; MSAS at inflection=19.41; depression=15.10°; smoothing=5-pt median; dark rows=714
fajr,2018-10-25,04:38,1,69.348333,20.365,0.0,Zamorano J. et al. (2019). TESS-W sky brightness network. Zenodo monthly archives. https://zenodo.org/records/3378728. CC0 1.0.,TESS station stars34; photometric inflection method; night median MSAS=18.21; MSAS at inflection=18.03; depression=15.13°; smoothing=5-pt median; dark rows=714
isha,2018-10-26,17:16,1,69.348333,20.365,0.0,Zamorano J. et al. (2019). TESS-W sky brightness network. Zenodo monthly archives. https://zenodo.org/records/3378728. CC0 1.0.,TESS station stars34; photometric inflection method; night median MSAS=17.74; MSAS at inflection=18.69; depression=11.23°; smoothing=5-pt median; dark rows=476
fajr,2018-10-27,05:43,1,69.348333,20.365,0.0,Zamorano J. et al. (2019). TESS-W sky brightness network. Zenodo monthly archives. https://zenodo.org/records/3378728. CC0 1.0.,TESS station stars34; photometric inflection method; night median MSAS=17.74; MSAS at inflection=17.79; depression=10.08°; smoothing=5-pt median; dark rows=476
isha,2018-10-31,16:41,1,69.348333,20.365,0.0,Zamorano J. et al. (2019). TESS-W sky brightness network. Zenodo monthly archives. https://zenodo.org/records/3378728. CC0 1.0.,TESS station stars34; photometric inflection method; night median MSAS=19.65; MSAS at inflection=17.76; depression=9.80°; smoothing=5-pt median; dark rows=375
fajr,2018-10-15,04:56,1,45.93,13.91,0.0,Zamorano J. et al. (2019). TESS-W sky brightness network. Zenodo monthly archives. https://zenodo.org/records/3378728. CC0 1.0.,TESS station stars35; photometric inflection method; night median MSAS=20.88; MSAS at inflection=20.72; depression=15.41°; smoothing=5-pt median; dark rows=592
fajr,2018-10-16,04:55,1,45.93,13.91,0.0,Zamorano J. et al. (2019). TESS-W sky brightness network. Zenodo monthly archives. https://zenodo.org/records/3378728. CC0 1.0.,TESS station stars35; photometric inflection method; night median MSAS=21.13; MSAS at inflection=21.09; depression=15.84°; smoothing=5-pt median; dark rows=593
fajr,2018-10-18,05:17,1,45.93,13.91,0.0,Zamorano J. et al. (2019). TESS-W sky brightness network. Zenodo monthly archives. https://zenodo.org/records/3378728. CC0 1.0.,TESS station stars35; photometric inflection method; night median MSAS=20.90; MSAS at inflection=20.23; depression=12.47°; smoothing=5-pt median; dark rows=615
fajr,2018-10-19,05:06,1,45.93,13.91,0.0,Zamorano J. et al. (2019). TESS-W sky brightness network. Zenodo monthly archives. https://zenodo.org/records/3378728. CC0 1.0.,TESS station stars35; photometric inflection method; night median MSAS=20.87; MSAS at inflection=21.06; depression=14.58°; smoothing=5-pt median; dark rows=606
isha,2018-10-20,18:13,1,45.93,13.91,0.0,Zamorano J. et al. (2019). TESS-W sky brightness network. Zenodo monthly archives. https://zenodo.org/records/3378728. CC0 1.0.,TESS station stars35; photometric inflection method; night median MSAS=19.45; MSAS at inflection=18.97; depression=11.80°; smoothing=5-pt median; dark rows=545
fajr,2018-10-21,05:26,1,45.93,13.91,0.0,Zamorano J. et al. (2019). TESS-W sky brightness network. Zenodo monthly archives. https://zenodo.org/records/3378728. CC0 1.0.,TESS station stars35; photometric inflection method; night median MSAS=19.45; MSAS at inflection=19.54; depression=11.62°; smoothing=5-pt median; dark rows=545
fajr,2018-10-22,05:44,1,45.93,13.91,0.0,Zamorano J. et al. (2019). TESS-W sky brightness network. Zenodo monthly archives. https://zenodo.org/records/3378728. CC0 1.0.,TESS station stars35; photometric inflection method; night median MSAS=19.11; MSAS at inflection=16.88; depression=8.72°; smoothing=5-pt median; dark rows=642
fajr,2018-10-23,05:32,1,45.93,13.91,0.0,Zamorano J. et al. (2019). TESS-W sky brightness network. Zenodo monthly archives. https://zenodo.org/records/3378728. CC0 1.0.,TESS station stars35; photometric inflection method; night median MSAS=18.14; MSAS at inflection=18.97; depression=10.87°; smoothing=5-pt median; dark rows=642
fajr,2018-10-25,05:27,1,45.93,13.91,0.0,Zamorano J. et al. (2019). TESS-W sky brightness network. Zenodo monthly archives. https://zenodo.org/records/3378728. CC0 1.0.,TESS station stars35; photometric inflection method; night median MSAS=18.32; MSAS at inflection=18.58; depression=12.32°; smoothing=5-pt median; dark rows=586
isha,2018-10-26,17:42,1,45.93,13.91,0.0,Zamorano J. et al. (2019). TESS-W sky brightness network. Zenodo monthly archives. https://zenodo.org/records/3378728. CC0 1.0.,TESS station stars35; photometric inflection method; night median MSAS=19.97; MSAS at inflection=18.35; depression=8.02°; smoothing=5-pt median; dark rows=477
isha,2018-10-27,17:49,1,45.93,13.91,0.0,Zamorano J. et al. (2019). TESS-W sky brightness network. Zenodo monthly archives. https://zenodo.org/records/3378728. CC0 1.0.,TESS station stars35; photometric inflection method; night median MSAS=19.61; MSAS at inflection=18.75; depression=9.46°; smoothing=5-pt median; dark rows=656
fajr,2018-10-29,05:18,1,45.93,13.91,0.0,Zamorano J. et al. (2019). TESS-W sky brightness network. Zenodo monthly archives. https://zenodo.org/records/3378728. CC0 1.0.,TESS station stars35; photometric inflection method; night median MSAS=20.29; MSAS at inflection=18.14; depression=14.67°; smoothing=5-pt median; dark rows=633
isha,2018-10-29,18:32,1,45.93,13.91,0.0,Zamorano J. et al. (2019). TESS-W sky brightness network. Zenodo monthly archives. https://zenodo.org/records/3378728. CC0 1.0.,TESS station stars35; photometric inflection method; night median MSAS=19.99; MSAS at inflection=21.34; depression=17.48°; smoothing=5-pt median; dark rows=667
fajr,2018-10-30,05:44,1,45.93,13.91,0.0,Zamorano J. et al. (2019). TESS-W sky brightness network. Zenodo monthly archives. https://zenodo.org/records/3378728. CC0 1.0.,TESS station stars35; photometric inflection method; night median MSAS=19.99; MSAS at inflection=18.64; depression=10.42°; smoothing=5-pt median; dark rows=667
isha,2018-10-30,17:53,1,45.93,13.91,0.0,Zamorano J. et al. (2019). TESS-W sky brightness network. Zenodo monthly archives. https://zenodo.org/records/3378728. CC0 1.0.,TESS station stars35; photometric inflection method; night median MSAS=19.94; MSAS at inflection=19.70; depression=10.89°; smoothing=5-pt median; dark rows=614
fajr,2018-10-31,05:43,1,45.93,13.91,0.0,Zamorano J. et al. (2019). TESS-W sky brightness network. Zenodo monthly archives. https://zenodo.org/records/3378728. CC0 1.0.,TESS station stars35; photometric inflection method; night median MSAS=19.94; MSAS at inflection=18.15; depression=10.89°; smoothing=5-pt median; dark rows=614
isha,2018-10-31,17:51,1,45.93,13.91,0.0,Zamorano J. et al. (2019). TESS-W sky brightness network. Zenodo monthly archives. https://zenodo.org/records/3378728. CC0 1.0.,TESS station stars35; photometric inflection method; night median MSAS=20.86; MSAS at inflection=18.56; depression=10.75°; smoothing=5-pt median; dark rows=371
fajr,2018-10-05,04:43,-1,28.6865,-17.7665,0.0,Zamorano J. et al. (2019). TESS-W sky brightness network. Zenodo monthly archives. https://zenodo.org/records/3378728. CC0 1.0.,TESS station stars4; photometric inflection method; night median MSAS=18.06; MSAS at inflection=17.93; depression=19.00°; smoothing=5-pt median; dark rows=1282
isha,2018-10-05,19:28,-1,28.6865,-17.7665,0.0,Zamorano J. et al. (2019). TESS-W sky brightness network. Zenodo monthly archives. https://zenodo.org/records/3378728. CC0 1.0.,TESS station stars4; photometric inflection method; night median MSAS=18.14; MSAS at inflection=17.20; depression=21.95°; smoothing=5-pt median; dark rows=1272
isha,2018-10-06,18:52,-1,28.6865,-17.7665,0.0,Zamorano J. et al. (2019). TESS-W sky brightness network. Zenodo monthly archives. https://zenodo.org/records/3378728. CC0 1.0.,TESS station stars4; photometric inflection method; night median MSAS=17.81; MSAS at inflection=17.94; depression=14.21°; smoothing=5-pt median; dark rows=1291
isha,2018-10-07,18:33,-1,28.6865,-17.7665,0.0,Zamorano J. et al. (2019). TESS-W sky brightness network. Zenodo monthly archives. https://zenodo.org/records/3378728. CC0 1.0.,TESS station stars4; photometric inflection method; night median MSAS=18.17; MSAS at inflection=17.41; depression=10.30°; smoothing=5-pt median; dark rows=1278
isha,2018-10-08,19:08,-1,28.6865,-17.7665,0.0,Zamorano J. et al. (2019). TESS-W sky brightness network. Zenodo monthly archives. https://zenodo.org/records/3378728. CC0 1.0.,TESS station stars4; photometric inflection method; night median MSAS=17.68; MSAS at inflection=17.50; depression=18.15°; smoothing=5-pt median; dark rows=1279
fajr,2018-10-09,05:17,-1,28.6865,-17.7665,0.0,Zamorano J. et al. (2019). TESS-W sky brightness network. Zenodo monthly archives. https://zenodo.org/records/3378728. CC0 1.0.,TESS station stars4; photometric inflection method; night median MSAS=17.68; MSAS at inflection=17.84; depression=11.97°; smoothing=5-pt median; dark rows=1279
isha,2018-10-11,18:48,-1,28.6865,-17.7665,0.0,Zamorano J. et al. (2019). TESS-W sky brightness network. Zenodo monthly archives. https://zenodo.org/records/3378728. CC0 1.0.,TESS station stars4; photometric inflection method; night median MSAS=18.17; MSAS at inflection=18.21; depression=14.48°; smoothing=5-pt median; dark rows=1308
fajr,2018-10-12,04:34,-1,28.6865,-17.7665,0.0,Zamorano J. et al. (2019). TESS-W sky brightness network. Zenodo monthly archives. https://zenodo.org/records/3378728. CC0 1.0.,TESS station stars4; photometric inflection method; night median MSAS=18.17; MSAS at inflection=18.17; depression=21.81°; smoothing=5-pt median; dark rows=1308
isha,2018-10-12,18:42,-1,28.6865,-17.7665,0.0,Zamorano J. et al. (2019). TESS-W sky brightness network. Zenodo monthly archives. https://zenodo.org/records/3378728. CC0 1.0.,TESS station stars4; photometric inflection method; night median MSAS=18.13; MSAS at inflection=16.04; depression=13.40°; smoothing=5-pt median; dark rows=1284
isha,2018-10-15,18:17,-1,28.6865,-17.7665,0.0,Zamorano J. et al. (2019). TESS-W sky brightness network. Zenodo monthly archives. https://zenodo.org/records/3378728. CC0 1.0.,TESS station stars4; photometric inflection method; night median MSAS=17.65; MSAS at inflection=15.93; depression=8.61°; smoothing=5-pt median; dark rows=1214
isha,2018-10-30,19:04,-1,28.6865,-17.7665,0.0,Zamorano J. et al. (2019). TESS-W sky brightness network. Zenodo monthly archives. https://zenodo.org/records/3378728. CC0 1.0.,TESS station stars4; photometric inflection method; night median MSAS=17.84; MSAS at inflection=17.60; depression=21.69°; smoothing=5-pt median; dark rows=1246
isha,2018-10-02,17:55,-1,41.177424,-8.605964,0.0,Zamorano J. et al. (2019). TESS-W sky brightness network. Zenodo monthly archives. https://zenodo.org/records/3378728. CC0 1.0.,TESS station stars40; photometric inflection method; night median MSAS=17.85; MSAS at inflection=15.50; depression=8.48°; smoothing=5-pt median; dark rows=524
fajr,2018-10-03,04:35,-1,41.177424,-8.605964,0.0,Zamorano J. et al. (2019). TESS-W sky brightness network. Zenodo monthly archives. https://zenodo.org/records/3378728. CC0 1.0.,TESS station stars40; photometric inflection method; night median MSAS=17.85; MSAS at inflection=17.39; depression=11.60°; smoothing=5-pt median; dark rows=524
isha,2018-10-03,17:55,-1,41.177424,-8.605964,0.0,Zamorano J. et al. (2019). TESS-W sky brightness network. Zenodo monthly archives. https://zenodo.org/records/3378728. CC0 1.0.,TESS station stars40; photometric inflection method; night median MSAS=17.76; MSAS at inflection=15.76; depression=8.74°; smoothing=5-pt median; dark rows=526
fajr,2018-10-04,04:07,-1,41.177424,-8.605964,0.0,Zamorano J. et al. (2019). TESS-W sky brightness network. Zenodo monthly archives. https://zenodo.org/records/3378728. CC0 1.0.,TESS station stars40; photometric inflection method; night median MSAS=17.76; MSAS at inflection=17.79; depression=17.11°; smoothing=5-pt median; dark rows=526
isha,2018-10-04,17:55,-1,41.177424,-8.605964,0.0,Zamorano J. et al. (2019). TESS-W sky brightness network. Zenodo monthly archives. https://zenodo.org/records/3378728. CC0 1.0.,TESS station stars40; photometric inflection method; night median MSAS=17.78; MSAS at inflection=16.20; depression=9.04°; smoothing=5-pt median; dark rows=536
fajr,2018-10-05,04:49,-1,41.177424,-8.605964,0.0,Zamorano J. et al. (2019). TESS-W sky brightness network. Zenodo monthly archives. https://zenodo.org/records/3378728. CC0 1.0.,TESS station stars40; photometric inflection method; night median MSAS=17.78; MSAS at inflection=16.50; depression=9.38°; smoothing=5-pt median; dark rows=536
isha,2018-10-05,17:56,-1,41.177424,-8.605964,0.0,Zamorano J. et al. (2019). TESS-W sky brightness network. Zenodo monthly archives. https://zenodo.org/records/3378728. CC0 1.0.,TESS station stars40; photometric inflection method; night median MSAS=17.76; MSAS at inflection=15.73; depression=9.62°; smoothing=5-pt median; dark rows=542
fajr,2018-10-06,04:34,-1,41.177424,-8.605964,0.0,Zamorano J. et al. (2019). TESS-W sky brightness network. Zenodo monthly archives. https://zenodo.org/records/3378728. CC0 1.0.,TESS station stars40; photometric inflection method; night median MSAS=17.76; MSAS at inflection=16.93; depression=12.41°; smoothing=5-pt median; dark rows=542
fajr,2018-10-08,04:49,-1,41.177424,-8.605964,0.0,Zamorano J. et al. (2019). TESS-W sky brightness network. Zenodo monthly archives. https://zenodo.org/records/3378728. CC0 1.0.,TESS station stars40; photometric inflection method; night median MSAS=17.92; MSAS at inflection=17.05; depression=9.96°; smoothing=5-pt median; dark rows=542
isha,2018-10-08,17:53,-1,41.177424,-8.605964,0.0,Zamorano J. et al. (2019). TESS-W sky brightness network. Zenodo monthly archives. https://zenodo.org/records/3378728. CC0 1.0.,TESS station stars40; photometric inflection method; night median MSAS=17.96; MSAS at inflection=16.49; depression=9.90°; smoothing=5-pt median; dark rows=551
fajr,2018-10-09,04:59,-1,41.177424,-8.605964,0.0,Zamorano J. et al. (2019). TESS-W sky brightness network. Zenodo monthly archives. https://zenodo.org/records/3378728. CC0 1.0.,TESS station stars40; photometric inflection method; night median MSAS=17.96; MSAS at inflection=15.84; depression=8.36°; smoothing=5-pt median; dark rows=551
isha,2018-10-09,17:45,-1,41.177424,-8.605964,0.0,Zamorano J. et al. (2019). TESS-W sky brightness network. Zenodo monthly archives. https://zenodo.org/records/3378728. CC0 1.0.,TESS station stars40; photometric inflection method; night median MSAS=17.79; MSAS at inflection=15.66; depression=8.70°; smoothing=5-pt median; dark rows=543
fajr,2018-10-19,05:07,-1,41.177424,-8.605964,0.0,Zamorano J. et al. (2019). TESS-W sky brightness network. Zenodo monthly archives. https://zenodo.org/records/3378728. CC0 1.0.,TESS station stars40; photometric inflection method; night median MSAS=17.78; MSAS at inflection=16.35; depression=8.76°; smoothing=5-pt median; dark rows=565
isha,2018-10-28,17:25,-1,41.177424,-8.605964,0.0,Zamorano J. et al. (2019). TESS-W sky brightness network. Zenodo monthly archives. https://zenodo.org/records/3378728. CC0 1.0.,TESS station stars40; photometric inflection method; night median MSAS=17.52; MSAS at inflection=16.71; depression=9.98°; smoothing=5-pt median; dark rows=579
fajr,2018-10-03,04:49,-1,41.177424,-8.605964,0.0,Zamorano J. et al. (2019). TESS-W sky brightness network. Zenodo monthly archives. https://zenodo.org/records/3378728. CC0 1.0.,TESS station stars41; photometric inflection method; night median MSAS=18.05; MSAS at inflection=16.55; depression=8.94°; smoothing=5-pt median; dark rows=541
isha,2018-10-03,17:56,-1,41.177424,-8.605964,0.0,Zamorano J. et al. (2019). TESS-W sky brightness network. Zenodo monthly archives. https://zenodo.org/records/3378728. CC0 1.0.,TESS station stars41; photometric inflection method; night median MSAS=17.94; MSAS at inflection=16.34; depression=9.01°; smoothing=5-pt median; dark rows=538
fajr,2018-10-04,04:27,-1,41.177424,-8.605964,0.0,Zamorano J. et al. (2019). TESS-W sky brightness network. Zenodo monthly archives. https://zenodo.org/records/3378728. CC0 1.0.,TESS station stars41; photometric inflection method; night median MSAS=17.94; MSAS at inflection=17.89; depression=13.33°; smoothing=5-pt median; dark rows=538
isha,2018-10-04,18:09,-1,41.177424,-8.605964,0.0,Zamorano J. et al. (2019). TESS-W sky brightness network. Zenodo monthly archives. https://zenodo.org/records/3378728. CC0 1.0.,TESS station stars41; photometric inflection method; night median MSAS=17.96; MSAS at inflection=17.27; depression=11.72°; smoothing=5-pt median; dark rows=536
fajr,2018-10-05,04:51,-1,41.177424,-8.605964,0.0,Zamorano J. et al. (2019). TESS-W sky brightness network. Zenodo monthly archives. https://zenodo.org/records/3378728. CC0 1.0.,TESS station stars41; photometric inflection method; night median MSAS=17.96; MSAS at inflection=16.72; depression=9.08°; smoothing=5-pt median; dark rows=536
isha,2018-10-05,17:55,-1,41.177424,-8.605964,0.0,Zamorano J. et al. (2019). TESS-W sky brightness network. Zenodo monthly archives. https://zenodo.org/records/3378728. CC0 1.0.,TESS station stars41; photometric inflection method; night median MSAS=17.95; MSAS at inflection=15.91; depression=9.46°; smoothing=5-pt median; dark rows=534
isha,2018-10-07,17:57,-1,41.177424,-8.605964,0.0,Zamorano J. et al. (2019). TESS-W sky brightness network. Zenodo monthly archives. https://zenodo.org/records/3378728. CC0 1.0.,TESS station stars41; photometric inflection method; night median MSAS=18.09; MSAS at inflection=17.24; depression=10.31°; smoothing=5-pt median; dark rows=538
fajr,2018-10-08,04:57,-1,41.177424,-8.605964,0.0,Zamorano J. et al. (2019). TESS-W sky brightness network. Zenodo monthly archives. https://zenodo.org/records/3378728. CC0 1.0.,TESS station stars41; photometric inflection method; night median MSAS=18.09; MSAS at inflection=16.39; depression=8.45°; smoothing=5-pt median; dark rows=538
fajr,2018-10-09,04:50,-1,41.177424,-8.605964,0.0,Zamorano J. et al. (2019). TESS-W sky brightness network. Zenodo monthly archives. https://zenodo.org/records/3378728. CC0 1.0.,TESS station stars41; photometric inflection method; night median MSAS=18.14; MSAS at inflection=17.55; depression=10.07°; smoothing=5-pt median; dark rows=540
isha,2018-10-09,17:42,-1,41.177424,-8.605964,0.0,Zamorano J. et al. (2019). TESS-W sky brightness network. Zenodo monthly archives. https://zenodo.org/records/3378728. CC0 1.0.,TESS station stars41; photometric inflection method; night median MSAS=17.97; MSAS at inflection=15.61; depression=8.23°; smoothing=5-pt median; dark rows=545
fajr,2018-10-10,05:00,-1,41.177424,-8.605964,0.0,Zamorano J. et al. (2019). TESS-W sky brightness network. Zenodo monthly archives. https://zenodo.org/records/3378728. CC0 1.0.,TESS station stars41; photometric inflection method; night median MSAS=17.97; MSAS at inflection=16.37; depression=8.27°; smoothing=5-pt median; dark rows=545
isha,2018-10-18,17:28,-1,41.177424,-8.605964,0.0,Zamorano J. et al. (2019). TESS-W sky brightness network. Zenodo monthly archives. https://zenodo.org/records/3378728. CC0 1.0.,TESS station stars41; photometric inflection method; night median MSAS=17.99; MSAS at inflection=15.81; depression=8.14°; smoothing=5-pt median; dark rows=562
fajr,2018-10-19,05:08,-1,41.177424,-8.605964,0.0,Zamorano J. et al. (2019). TESS-W sky brightness network. Zenodo monthly archives. https://zenodo.org/records/3378728. CC0 1.0.,TESS station stars41; photometric inflection method; night median MSAS=17.99; MSAS at inflection=16.78; depression=8.51°; smoothing=5-pt median; dark rows=562
fajr,2018-10-20,05:03,-1,41.177424,-8.605964,0.0,Zamorano J. et al. (2019). TESS-W sky brightness network. Zenodo monthly archives. https://zenodo.org/records/3378728. CC0 1.0.,TESS station stars41; photometric inflection method; night median MSAS=17.76; MSAS at inflection=17.30; depression=9.69°; smoothing=5-pt median; dark rows=564
fajr,2018-10-29,05:18,-1,41.177424,-8.605964,0.0,Zamorano J. et al. (2019). TESS-W sky brightness network. Zenodo monthly archives. https://zenodo.org/records/3378728. CC0 1.0.,TESS station stars41; photometric inflection method; night median MSAS=17.77; MSAS at inflection=16.48; depression=8.82°; smoothing=5-pt median; dark rows=578
isha,2018-10-02,18:59,1,45.402694,11.884872,0.0,Zamorano J. et al. (2019). TESS-W sky brightness network. Zenodo monthly archives. https://zenodo.org/records/3378728. CC0 1.0.,TESS station stars47; photometric inflection method; night median MSAS=18.47; MSAS at inflection=18.07; depression=12.76°; smoothing=5-pt median; dark rows=551
fajr,2018-10-03,05:29,1,45.402694,11.884872,0.0,Zamorano J. et al. (2019). TESS-W sky brightness network. Zenodo monthly archives. https://zenodo.org/records/3378728. CC0 1.0.,TESS station stars47; photometric inflection method; night median MSAS=18.47; MSAS at inflection=16.36; depression=8.46°; smoothing=5-pt median; dark rows=551
fajr,2018-10-04,05:17,1,45.402694,11.884872,0.0,Zamorano J. et al. (2019). TESS-W sky brightness network. Zenodo monthly archives. https://zenodo.org/records/3378728. CC0 1.0.,TESS station stars47; photometric inflection method; night median MSAS=18.65; MSAS at inflection=18.04; depression=10.74°; smoothing=5-pt median; dark rows=563
fajr,2018-10-05,05:22,1,45.402694,11.884872,0.0,Zamorano J. et al. (2019). TESS-W sky brightness network. Zenodo monthly archives. https://zenodo.org/records/3378728. CC0 1.0.,TESS station stars47; photometric inflection method; night median MSAS=18.63; MSAS at inflection=17.57; depression=10.08°; smoothing=5-pt median; dark rows=580
isha,2018-10-15,18:50,1,45.402694,11.884872,0.0,Zamorano J. et al. (2019). TESS-W sky brightness network. Zenodo monthly archives. https://zenodo.org/records/3378728. CC0 1.0.,TESS station stars47; photometric inflection method; night median MSAS=17.85; MSAS at inflection=17.65; depression=15.26°; smoothing=5-pt median; dark rows=566
isha,2018-10-18,18:10,1,45.402694,11.884872,0.0,Zamorano J. et al. (2019). TESS-W sky brightness network. Zenodo monthly archives. https://zenodo.org/records/3378728. CC0 1.0.,TESS station stars47; photometric inflection method; night median MSAS=18.02; MSAS at inflection=16.83; depression=9.14°; smoothing=5-pt median; dark rows=644
isha,2018-10-19,18:07,1,45.402694,11.884872,0.0,Zamorano J. et al. (2019). TESS-W sky brightness network. Zenodo monthly archives. https://zenodo.org/records/3378728. CC0 1.0.,TESS station stars47; photometric inflection method; night median MSAS=18.13; MSAS at inflection=16.67; depression=8.88°; smoothing=5-pt median; dark rows=644
isha,2018-10-20,18:10,1,45.402694,11.884872,0.0,Zamorano J. et al. (2019). TESS-W sky brightness network. Zenodo monthly archives. https://zenodo.org/records/3378728. CC0 1.0.,TESS station stars47; photometric inflection method; night median MSAS=17.74; MSAS at inflection=16.97; depression=9.75°; smoothing=5-pt median; dark rows=617
fajr,2018-10-22,05:52,1,45.402694,11.884872,0.0,Zamorano J. et al. (2019). TESS-W sky brightness network. Zenodo monthly archives. https://zenodo.org/records/3378728. CC0 1.0.,TESS station stars47; photometric inflection method; night median MSAS=18.29; MSAS at inflection=16.65; depression=8.68°; smoothing=5-pt median; dark rows=618
isha,2018-10-22,18:15,1,45.402694,11.884872,0.0,Zamorano J. et al. (2019). TESS-W sky brightness network. Zenodo monthly archives. https://zenodo.org/records/3378728. CC0 1.0.,TESS station stars47; photometric inflection method; night median MSAS=17.88; MSAS at inflection=17.64; depression=11.19°; smoothing=5-pt median; dark rows=636
fajr,2018-10-23,05:55,1,45.402694,11.884872,0.0,Zamorano J. et al. (2019). TESS-W sky brightness network. Zenodo monthly archives. https://zenodo.org/records/3378728. CC0 1.0.,TESS station stars47; photometric inflection method; night median MSAS=17.88; MSAS at inflection=16.11; depression=8.25°; smoothing=5-pt median; dark rows=636
isha,2018-10-29,18:11,1,45.402694,11.884872,0.0,Zamorano J. et al. (2019). TESS-W sky brightness network. Zenodo monthly archives. https://zenodo.org/records/3378728. CC0 1.0.,TESS station stars47; photometric inflection method; night median MSAS=17.76; MSAS at inflection=15.80; depression=12.32°; smoothing=5-pt median; dark rows=655
fajr,2018-10-30,05:36,1,45.402694,11.884872,0.0,Zamorano J. et al. (2019). TESS-W sky brightness network. Zenodo monthly archives. https://zenodo.org/records/3378728. CC0 1.0.,TESS station stars47; photometric inflection method; night median MSAS=17.76; MSAS at inflection=15.60; depression=13.16°; smoothing=5-pt median; dark rows=655
isha,2018-10-30,18:04,1,45.402694,11.884872,0.0,Zamorano J. et al. (2019). TESS-W sky brightness network. Zenodo monthly archives. https://zenodo.org/records/3378728. CC0 1.0.,TESS station stars47; photometric inflection method; night median MSAS=17.87; MSAS at inflection=18.20; depression=11.35°; smoothing=5-pt median; dark rows=654
fajr,2018-10-31,05:44,1,45.402694,11.884872,0.0,Zamorano J. et al. (2019). TESS-W sky brightness network. Zenodo monthly archives. https://zenodo.org/records/3378728. CC0 1.0.,TESS station stars47; photometric inflection method; night median MSAS=17.87; MSAS at inflection=17.23; depression=12.00°; smoothing=5-pt median; dark rows=654
isha,2018-10-01,18:38,0,40.45098,-3.726072,0.0,Zamorano J. et al. (2019). TESS-W sky brightness network. Zenodo monthly archives. https://zenodo.org/records/3378728. CC0 1.0.,TESS station stars5; photometric inflection method; night median MSAS=18.09; MSAS at inflection=16.18; depression=8.70°; smoothing=5-pt median; dark rows=1258
fajr,2018-10-02,04:38,0,40.45098,-3.726072,0.0,Zamorano J. et al. (2019). TESS-W sky brightness network. Zenodo monthly archives. https://zenodo.org/records/3378728. CC0 1.0.,TESS station stars5; photometric inflection method; night median MSAS=18.09; MSAS at inflection=17.78; depression=18.53°; smoothing=5-pt median; dark rows=1258
fajr,2018-10-03,05:29,0,40.45098,-3.726072,0.0,Zamorano J. et al. (2019). TESS-W sky brightness network. Zenodo monthly archives. https://zenodo.org/records/3378728. CC0 1.0.,TESS station stars5; photometric inflection method; night median MSAS=18.28; MSAS at inflection=16.60; depression=9.15°; smoothing=5-pt median; dark rows=1278
fajr,2018-10-04,05:22,0,40.45098,-3.726072,0.0,Zamorano J. et al. (2019). TESS-W sky brightness network. Zenodo monthly archives. https://zenodo.org/records/3378728. CC0 1.0.,TESS station stars5; photometric inflection method; night median MSAS=18.26; MSAS at inflection=17.44; depression=10.56°; smoothing=5-pt median; dark rows=1283
isha,2018-10-04,19:05,0,40.45098,-3.726072,0.0,Zamorano J. et al. (2019). TESS-W sky brightness network. Zenodo monthly archives. https://zenodo.org/records/3378728. CC0 1.0.,TESS station stars5; photometric inflection method; night median MSAS=18.19; MSAS at inflection=17.63; depression=14.75°; smoothing=5-pt median; dark rows=1288
fajr,2018-10-05,05:24,0,40.45098,-3.726072,0.0,Zamorano J. et al. (2019). TESS-W sky brightness network. Zenodo monthly archives. https://zenodo.org/records/3378728. CC0 1.0.,TESS station stars5; photometric inflection method; night median MSAS=18.19; MSAS at inflection=17.32; depression=10.50°; smoothing=5-pt median; dark rows=1288
isha,2018-10-05,18:41,0,40.45098,-3.726072,0.0,Zamorano J. et al. (2019). TESS-W sky brightness network. Zenodo monthly archives. https://zenodo.org/records/3378728. CC0 1.0.,TESS station stars5; photometric inflection method; night median MSAS=18.13; MSAS at inflection=17.18; depression=10.49°; smoothing=5-pt median; dark rows=1295
isha,2018-10-06,18:46,0,40.45098,-3.726072,0.0,Zamorano J. et al. (2019). TESS-W sky brightness network. Zenodo monthly archives. https://zenodo.org/records/3378728. CC0 1.0.,TESS station stars5; photometric inflection method; night median MSAS=18.19; MSAS at inflection=17.45; depression=11.77°; smoothing=5-pt median; dark rows=1287
fajr,2018-10-07,04:29,0,40.45098,-3.726072,0.0,Zamorano J. et al. (2019). TESS-W sky brightness network. Zenodo monthly archives. https://zenodo.org/records/3378728. CC0 1.0.,TESS station stars5; photometric inflection method; night median MSAS=18.19; MSAS at inflection=18.33; depression=21.19°; smoothing=5-pt median; dark rows=1287
isha,2018-10-12,18:21,0,40.45098,-3.726072,0.0,Zamorano J. et al. (2019). TESS-W sky brightness network. Zenodo monthly archives. https://zenodo.org/records/3378728. CC0 1.0.,TESS station stars5; photometric inflection method; night median MSAS=17.57; MSAS at inflection=16.28; depression=8.78°; smoothing=5-pt median; dark rows=1325
fajr,2018-10-13,05:33,0,40.45098,-3.726072,0.0,Zamorano J. et al. (2019). TESS-W sky brightness network. Zenodo monthly archives. https://zenodo.org/records/3378728. CC0 1.0.,TESS station stars5; photometric inflection method; night median MSAS=17.57; MSAS at inflection=16.93; depression=10.22°; smoothing=5-pt median; dark rows=1325
fajr,2018-10-15,05:15,0,40.45098,-3.726072,0.0,Zamorano J. et al. (2019). TESS-W sky brightness network. Zenodo monthly archives. https://zenodo.org/records/3378728. CC0 1.0.,TESS station stars5; photometric inflection method; night median MSAS=18.03; MSAS at inflection=18.19; depression=14.13°; smoothing=5-pt median; dark rows=1340
fajr,2018-10-17,05:46,0,40.45098,-3.726072,0.0,Zamorano J. et al. (2019). TESS-W sky brightness network. Zenodo monthly archives. https://zenodo.org/records/3378728. CC0 1.0.,TESS station stars5; photometric inflection method; night median MSAS=18.33; MSAS at inflection=16.27; depression=8.54°; smoothing=5-pt median; dark rows=1347
isha,2018-10-31,17:53,0,40.45098,-3.726072,0.0,Zamorano J. et al. (2019). TESS-W sky brightness network. Zenodo monthly archives. https://zenodo.org/records/3378728. CC0 1.0.,TESS station stars5; photometric inflection method; night median MSAS=17.67; MSAS at inflection=15.64; depression=8.18°; smoothing=5-pt median; dark rows=713
isha,2018-10-03,18:37,0,40.418017,-3.553016,0.0,Zamorano J. et al. (2019). TESS-W sky brightness network. Zenodo monthly archives. https://zenodo.org/records/3378728. CC0 1.0.,TESS station stars51; photometric inflection method; night median MSAS=18.27; MSAS at inflection=16.69; depression=9.29°; smoothing=5-pt median; dark rows=633
isha,2018-10-04,18:34,0,40.418017,-3.553016,0.0,Zamorano J. et al. (2019). TESS-W sky brightness network. Zenodo monthly archives. https://zenodo.org/records/3378728. CC0 1.0.,TESS station stars51; photometric inflection method; night median MSAS=18.20; MSAS at inflection=16.52; depression=8.93°; smoothing=5-pt median; dark rows=534
fajr,2018-10-05,05:19,0,40.418017,-3.553016,0.0,Zamorano J. et al. (2019). TESS-W sky brightness network. Zenodo monthly archives. https://zenodo.org/records/3378728. CC0 1.0.,TESS station stars51; photometric inflection method; night median MSAS=18.20; MSAS at inflection=17.66; depression=11.25°; smoothing=5-pt median; dark rows=534
isha,2018-10-05,19:25,0,40.418017,-3.553016,0.0,Zamorano J. et al. (2019). TESS-W sky brightness network. Zenodo monthly archives. https://zenodo.org/records/3378728. CC0 1.0.,TESS station stars51; photometric inflection method; night median MSAS=18.10; MSAS at inflection=17.76; depression=18.85°; smoothing=5-pt median; dark rows=642
isha,2018-10-07,18:48,0,40.418017,-3.553016,0.0,Zamorano J. et al. (2019). TESS-W sky brightness network. Zenodo monthly archives. https://zenodo.org/records/3378728. CC0 1.0.,TESS station stars51; photometric inflection method; night median MSAS=18.38; MSAS at inflection=17.96; depression=12.49°; smoothing=5-pt median; dark rows=601
isha,2018-10-14,19:25,0,40.418017,-3.553016,0.0,Zamorano J. et al. (2019). TESS-W sky brightness network. Zenodo monthly archives. https://zenodo.org/records/3378728. CC0 1.0.,TESS station stars51; photometric inflection method; night median MSAS=18.19; MSAS at inflection=15.77; depression=21.62°; smoothing=5-pt median; dark rows=672
fajr,2018-10-15,05:25,0,40.418017,-3.553016,0.0,Zamorano J. et al. (2019). TESS-W sky brightness network. Zenodo monthly archives. https://zenodo.org/records/3378728. CC0 1.0.,TESS station stars51; photometric inflection method; night median MSAS=18.19; MSAS at inflection=18.09; depression=12.11°; smoothing=5-pt median; dark rows=672
isha,2018-10-01,19:38,0,36.879285,-2.438345,0.0,Zamorano J. et al. (2019). TESS-W sky brightness network. Zenodo monthly archives. https://zenodo.org/records/3378728. CC0 1.0.,TESS station stars52; photometric inflection method; night median MSAS=18.13; MSAS at inflection=17.92; depression=21.77°; smoothing=5-pt median; dark rows=1224
fajr,2018-10-02,05:23,0,36.879285,-2.438345,0.0,Zamorano J. et al. (2019). TESS-W sky brightness network. Zenodo monthly archives. https://zenodo.org/records/3378728. CC0 1.0.,TESS station stars52; photometric inflection method; night median MSAS=18.13; MSAS at inflection=16.17; depression=9.32°; smoothing=5-pt median; dark rows=1224
isha,2018-10-02,18:32,0,36.879285,-2.438345,0.0,Zamorano J. et al. (2019). TESS-W sky brightness network. Zenodo monthly archives. https://zenodo.org/records/3378728. CC0 1.0.,TESS station stars52; photometric inflection method; night median MSAS=18.57; MSAS at inflection=16.40; depression=9.02°; smoothing=5-pt median; dark rows=1232
fajr,2018-10-03,05:07,0,36.879285,-2.438345,0.0,Zamorano J. et al. (2019). TESS-W sky brightness network. Zenodo monthly archives. https://zenodo.org/records/3378728. CC0 1.0.,TESS station stars52; photometric inflection method; night median MSAS=18.57; MSAS at inflection=18.13; depression=12.63°; smoothing=5-pt median; dark rows=1232
isha,2018-10-05,18:50,0,36.879285,-2.438345,0.0,Zamorano J. et al. (2019). TESS-W sky brightness network. Zenodo monthly archives. https://zenodo.org/records/3378728. CC0 1.0.,TESS station stars52; photometric inflection method; night median MSAS=18.84; MSAS at inflection=17.89; depression=13.50°; smoothing=5-pt median; dark rows=1242
fajr,2018-10-08,05:13,0,36.879285,-2.438345,0.0,Zamorano J. et al. (2019). TESS-W sky brightness network. Zenodo monthly archives. https://zenodo.org/records/3378728. CC0 1.0.,TESS station stars52; photometric inflection method; night median MSAS=18.02; MSAS at inflection=16.31; depression=12.19°; smoothing=5-pt median; dark rows=1171
fajr,2018-10-10,05:00,0,36.879285,-2.438345,0.0,Zamorano J. et al. (2019). TESS-W sky brightness network. Zenodo monthly archives. https://zenodo.org/records/3378728. CC0 1.0.,TESS station stars52; photometric inflection method; night median MSAS=18.78; MSAS at inflection=16.77; depression=15.14°; smoothing=5-pt median; dark rows=1271
fajr,2018-10-12,04:54,0,36.879285,-2.438345,0.0,Zamorano J. et al. (2019). TESS-W sky brightness network. Zenodo monthly archives. https://zenodo.org/records/3378728. CC0 1.0.,TESS station stars52; photometric inflection method; night median MSAS=18.82; MSAS at inflection=18.88; depression=16.77°; smoothing=5-pt median; dark rows=1002
fajr,2018-10-13,04:50,0,36.879285,-2.438345,0.0,Zamorano J. et al. (2019). TESS-W sky brightness network. Zenodo monthly archives. https://zenodo.org/records/3378728. CC0 1.0.,TESS station stars52; photometric inflection method; night median MSAS=18.81; MSAS at inflection=18.85; depression=17.80°; smoothing=5-pt median; dark rows=1248
fajr,2018-10-15,05:16,0,36.879285,-2.438345,0.0,Zamorano J. et al. (2019). TESS-W sky brightness network. Zenodo monthly archives. https://zenodo.org/records/3378728. CC0 1.0.,TESS station stars52; photometric inflection method; night median MSAS=19.00; MSAS at inflection=18.50; depression=12.90°; smoothing=5-pt median; dark rows=1237
isha,2018-10-16,18:50,0,36.879285,-2.438345,0.0,Zamorano J. et al. (2019). TESS-W sky brightness network. Zenodo monthly archives. https://zenodo.org/records/3378728. CC0 1.0.,TESS station stars52; photometric inflection method; night median MSAS=18.89; MSAS at inflection=17.56; depression=16.40°; smoothing=5-pt median; dark rows=1297
fajr,2018-10-17,04:59,0,36.879285,-2.438345,0.0,Zamorano J. et al. (2019). TESS-W sky brightness network. Zenodo monthly archives. https://zenodo.org/records/3378728. CC0 1.0.,TESS station stars52; photometric inflection method; night median MSAS=18.89; MSAS at inflection=19.01; depression=16.61°; smoothing=5-pt median; dark rows=1297
fajr,2018-10-18,04:35,0,36.879285,-2.438345,0.0,Zamorano J. et al. (2019). TESS-W sky brightness network. Zenodo monthly archives. https://zenodo.org/records/3378728. CC0 1.0.,TESS station stars52; photometric inflection method; night median MSAS=18.04; MSAS at inflection=17.52; depression=21.65°; smoothing=5-pt median; dark rows=1307
fajr,2018-10-19,05:16,0,36.879285,-2.438345,0.0,Zamorano J. et al. (2019). TESS-W sky brightness network. Zenodo monthly archives. https://zenodo.org/records/3378728. CC0 1.0.,TESS station stars52; photometric inflection method; night median MSAS=18.58; MSAS at inflection=19.06; depression=13.57°; smoothing=5-pt median; dark rows=1252
fajr,2018-10-22,05:24,0,36.879285,-2.438345,0.0,Zamorano J. et al. (2019). TESS-W sky brightness network. Zenodo monthly archives. https://zenodo.org/records/3378728. CC0 1.0.,TESS station stars52; photometric inflection method; night median MSAS=17.82; MSAS at inflection=18.43; depression=12.50°; smoothing=5-pt median; dark rows=1259
isha,2018-10-29,18:08,0,36.879285,-2.438345,0.0,Zamorano J. et al. (2019). TESS-W sky brightness network. Zenodo monthly archives. https://zenodo.org/records/3378728. CC0 1.0.,TESS station stars52; photometric inflection method; night median MSAS=18.45; MSAS at inflection=18.05; depression=11.09°; smoothing=5-pt median; dark rows=1338
fajr,2018-10-30,05:44,0,36.879285,-2.438345,0.0,Zamorano J. et al. (2019). TESS-W sky brightness network. Zenodo monthly archives. https://zenodo.org/records/3378728. CC0 1.0.,TESS station stars52; photometric inflection method; night median MSAS=18.45; MSAS at inflection=15.96; depression=9.88°; smoothing=5-pt median; dark rows=1338
isha,2018-10-30,18:03,0,36.879285,-2.438345,0.0,Zamorano J. et al. (2019). TESS-W sky brightness network. Zenodo monthly archives. https://zenodo.org/records/3378728. CC0 1.0.,TESS station stars52; photometric inflection method; night median MSAS=17.68; MSAS at inflection=16.16; depression=10.21°; smoothing=5-pt median; dark rows=1325
fajr,2018-10-31,05:41,0,36.879285,-2.438345,0.0,Zamorano J. et al. (2019). TESS-W sky brightness network. Zenodo monthly archives. https://zenodo.org/records/3378728. CC0 1.0.,TESS station stars52; photometric inflection method; night median MSAS=17.68; MSAS at inflection=15.65; depression=10.71°; smoothing=5-pt median; dark rows=1325
isha,2018-10-01,18:34,-2,37.81391,-25.56859,0.0,Zamorano J. et al. (2019). TESS-W sky brightness network. Zenodo monthly archives. https://zenodo.org/records/3378728. CC0 1.0.,TESS station stars56; photometric inflection method; night median MSAS=19.43; MSAS at inflection=20.04; depression=14.48°; smoothing=5-pt median; dark rows=627
isha,2018-10-02,18:21,-2,37.81391,-25.56859,0.0,Zamorano J. et al. (2019). TESS-W sky brightness network. Zenodo monthly archives. https://zenodo.org/records/3378728. CC0 1.0.,TESS station stars56; photometric inflection method; night median MSAS=19.20; MSAS at inflection=19.17; depression=12.14°; smoothing=5-pt median; dark rows=620
isha,2018-10-04,18:14,-2,37.81391,-25.56859,0.0,Zamorano J. et al. (2019). TESS-W sky brightness network. Zenodo monthly archives. https://zenodo.org/records/3378728. CC0 1.0.,TESS station stars56; photometric inflection method; night median MSAS=18.08; MSAS at inflection=18.55; depression=11.51°; smoothing=5-pt median; dark rows=623
isha,2018-10-06,18:07,-2,37.81391,-25.56859,0.0,Zamorano J. et al. (2019). TESS-W sky brightness network. Zenodo monthly archives. https://zenodo.org/records/3378728. CC0 1.0.,TESS station stars56; photometric inflection method; night median MSAS=18.99; MSAS at inflection=16.86; depression=10.70°; smoothing=5-pt median; dark rows=637
isha,2018-10-07,18:28,-2,37.81391,-25.56859,0.0,Zamorano J. et al. (2019). TESS-W sky brightness network. Zenodo monthly archives. https://zenodo.org/records/3378728. CC0 1.0.,TESS station stars56; photometric inflection method; night median MSAS=20.05; MSAS at inflection=19.96; depression=15.04°; smoothing=5-pt median; dark rows=619
fajr,2018-10-08,03:59,-2,37.81391,-25.56859,0.0,Zamorano J. et al. (2019). TESS-W sky brightness network. Zenodo monthly archives. https://zenodo.org/records/3378728. CC0 1.0.,TESS station stars56; photometric inflection method; night median MSAS=20.05; MSAS at inflection=19.98; depression=21.49°; smoothing=5-pt median; dark rows=619
isha,2018-10-09,18:19,-2,37.81391,-25.56859,0.0,Zamorano J. et al. (2019). TESS-W sky brightness network. Zenodo monthly archives. https://zenodo.org/records/3378728. CC0 1.0.,TESS station stars56; photometric inflection method; night median MSAS=18.14; MSAS at inflection=17.85; depression=13.85°; smoothing=5-pt median; dark rows=644
fajr,2018-10-11,04:37,-2,37.81391,-25.56859,0.0,Zamorano J. et al. (2019). TESS-W sky brightness network. Zenodo monthly archives. https://zenodo.org/records/3378728. CC0 1.0.,TESS station stars56; photometric inflection method; night median MSAS=19.74; MSAS at inflection=19.26; depression=14.40°; smoothing=5-pt median; dark rows=614
isha,2018-10-11,17:57,-2,37.81391,-25.56859,0.0,Zamorano J. et al. (2019). TESS-W sky brightness network. Zenodo monthly archives. https://zenodo.org/records/3378728. CC0 1.0.,TESS station stars56; photometric inflection method; night median MSAS=18.43; MSAS at inflection=16.78; depression=10.00°; smoothing=5-pt median; dark rows=653
fajr,2018-10-02,04:13,-5,45.734626,-71.676243,0.0,Zamorano J. et al. (2019). TESS-W sky brightness network. Zenodo monthly archives. https://zenodo.org/records/3378728. CC0 1.0.,TESS station stars60; photometric inflection method; night median MSAS=20.43; MSAS at inflection=19.26; depression=16.92°; smoothing=5-pt median; dark rows=264
isha,2018-10-04,18:37,-5,45.734626,-71.676243,0.0,Zamorano J. et al. (2019). TESS-W sky brightness network. Zenodo monthly archives. https://zenodo.org/records/3378728. CC0 1.0.,TESS station stars60; photometric inflection method; night median MSAS=21.21; MSAS at inflection=20.81; depression=14.14°; smoothing=5-pt median; dark rows=584
fajr,2018-10-07,04:22,-5,45.734626,-71.676243,0.0,Zamorano J. et al. (2019). TESS-W sky brightness network. Zenodo monthly archives. https://zenodo.org/records/3378728. CC0 1.0.,TESS station stars60; photometric inflection method; night median MSAS=22.30; MSAS at inflection=22.09; depression=16.54°; smoothing=5-pt median; dark rows=632
fajr,2018-10-09,04:46,-5,45.734626,-71.676243,0.0,Zamorano J. et al. (2019). TESS-W sky brightness network. Zenodo monthly archives. https://zenodo.org/records/3378728. CC0 1.0.,TESS station stars60; photometric inflection method; night median MSAS=22.33; MSAS at inflection=20.92; depression=12.85°; smoothing=5-pt median; dark rows=595
isha,2018-10-12,18:44,-5,45.734626,-71.676243,0.0,Zamorano J. et al. (2019). TESS-W sky brightness network. Zenodo monthly archives. https://zenodo.org/records/3378728. CC0 1.0.,TESS station stars60; photometric inflection method; night median MSAS=21.26; MSAS at inflection=21.51; depression=17.86°; smoothing=5-pt median; dark rows=650
isha,2018-10-13,18:23,-5,45.734626,-71.676243,0.0,Zamorano J. et al. (2019). TESS-W sky brightness network. Zenodo monthly archives. https://zenodo.org/records/3378728. CC0 1.0.,TESS station stars60; photometric inflection method; night median MSAS=21.40; MSAS at inflection=20.75; depression=14.50°; smoothing=5-pt median; dark rows=652
fajr,2018-10-14,04:58,-5,45.734626,-71.676243,0.0,Zamorano J. et al. (2019). TESS-W sky brightness network. Zenodo monthly archives. https://zenodo.org/records/3378728. CC0 1.0.,TESS station stars60; photometric inflection method; night median MSAS=21.40; MSAS at inflection=18.98; depression=11.78°; smoothing=5-pt median; dark rows=652
isha,2018-10-14,18:09,-5,45.734626,-71.676243,0.0,Zamorano J. et al. (2019). TESS-W sky brightness network. Zenodo monthly archives. https://zenodo.org/records/3378728. CC0 1.0.,TESS station stars60; photometric inflection method; night median MSAS=21.14; MSAS at inflection=19.56; depression=12.47°; smoothing=5-pt median; dark rows=594
fajr,2018-10-15,04:17,-5,45.734626,-71.676243,0.0,Zamorano J. et al. (2019). TESS-W sky brightness network. Zenodo monthly archives. https://zenodo.org/records/3378728. CC0 1.0.,TESS station stars60; photometric inflection method; night median MSAS=21.14; MSAS at inflection=20.95; depression=19.19°; smoothing=5-pt median; dark rows=594
isha,2018-10-19,18:01,-5,45.734626,-71.676243,0.0,Zamorano J. et al. (2019). TESS-W sky brightness network. Zenodo monthly archives. https://zenodo.org/records/3378728. CC0 1.0.,TESS station stars60; photometric inflection method; night median MSAS=19.81; MSAS at inflection=18.31; depression=12.57°; smoothing=5-pt median; dark rows=607
isha,2018-10-23,18:30,-5,45.734626,-71.676243,0.0,Zamorano J. et al. (2019). TESS-W sky brightness network. Zenodo monthly archives. https://zenodo.org/records/3378728. CC0 1.0.,TESS station stars60; photometric inflection method; night median MSAS=17.79; MSAS at inflection=19.47; depression=18.65°; smoothing=5-pt median; dark rows=675
isha,2018-10-26,17:56,-5,45.734626,-71.676243,0.0,Zamorano J. et al. (2019). TESS-W sky brightness network. Zenodo monthly archives. https://zenodo.org/records/3378728. CC0 1.0.,TESS station stars60; photometric inflection method; night median MSAS=18.14; MSAS at inflection=20.27; depression=13.53°; smoothing=5-pt median; dark rows=165
isha,2018-10-27,17:56,-5,45.734626,-71.676243,0.0,Zamorano J. et al. (2019). TESS-W sky brightness network. Zenodo monthly archives. https://zenodo.org/records/3378728. CC0 1.0.,TESS station stars60; photometric inflection method; night median MSAS=18.64; MSAS at inflection=20.98; depression=13.79°; smoothing=5-pt median; dark rows=511
isha,2018-10-29,17:27,-5,45.734626,-71.676243,0.0,Zamorano J. et al. (2019). TESS-W sky brightness network. Zenodo monthly archives. https://zenodo.org/records/3378728. CC0 1.0.,TESS station stars60; photometric inflection method; night median MSAS=19.59; MSAS at inflection=17.34; depression=9.25°; smoothing=5-pt median; dark rows=439
isha,2018-10-30,18:31,-5,45.734626,-71.676243,0.0,Zamorano J. et al. (2019). TESS-W sky brightness network. Zenodo monthly archives. https://zenodo.org/records/3378728. CC0 1.0.,TESS station stars60; photometric inflection method; night median MSAS=20.61; MSAS at inflection=21.67; depression=20.64°; smoothing=5-pt median; dark rows=519
isha,2018-10-01,18:31,0,42.024592,0.734797,0.0,Zamorano J. et al. (2019). TESS-W sky brightness network. Zenodo monthly archives. https://zenodo.org/records/3378728. CC0 1.0.,TESS station stars62; photometric inflection method; night median MSAS=20.44; MSAS at inflection=18.71; depression=10.53°; smoothing=5-pt median; dark rows=615
isha,2018-10-02,18:30,0,42.024592,0.734797,0.0,Zamorano J. et al. (2019). TESS-W sky brightness network. Zenodo monthly archives. https://zenodo.org/records/3378728. CC0 1.0.,TESS station stars62; photometric inflection method; night median MSAS=20.49; MSAS at inflection=18.27; depression=10.77°; smoothing=5-pt median; dark rows=627
isha,2018-10-04,18:35,0,42.024592,0.734797,0.0,Zamorano J. et al. (2019). TESS-W sky brightness network. Zenodo monthly archives. https://zenodo.org/records/3378728. CC0 1.0.,TESS station stars62; photometric inflection method; night median MSAS=21.23; MSAS at inflection=19.99; depression=12.35°; smoothing=5-pt median; dark rows=626
isha,2018-10-05,18:32,0,42.024592,0.734797,0.0,Zamorano J. et al. (2019). TESS-W sky brightness network. Zenodo monthly archives. https://zenodo.org/records/3378728. CC0 1.0.,TESS station stars62; photometric inflection method; night median MSAS=21.35; MSAS at inflection=19.77; depression=12.05°; smoothing=5-pt median; dark rows=633
isha,2018-10-09,18:21,0,42.024592,0.734797,0.0,Zamorano J. et al. (2019). TESS-W sky brightness network. Zenodo monthly archives. https://zenodo.org/records/3378728. CC0 1.0.,TESS station stars62; photometric inflection method; night median MSAS=21.72; MSAS at inflection=19.33; depression=11.17°; smoothing=5-pt median; dark rows=645
fajr,2018-10-10,05:05,0,42.024592,0.734797,0.0,Zamorano J. et al. (2019). TESS-W sky brightness network. Zenodo monthly archives. https://zenodo.org/records/3378728. CC0 1.0.,TESS station stars62; photometric inflection method; night median MSAS=21.72; MSAS at inflection=19.82; depression=11.60°; smoothing=5-pt median; dark rows=645
isha,2018-10-11,18:17,0,42.024592,0.734797,0.0,Zamorano J. et al. (2019). TESS-W sky brightness network. Zenodo monthly archives. https://zenodo.org/records/3378728. CC0 1.0.,TESS station stars62; photometric inflection method; night median MSAS=21.27; MSAS at inflection=18.78; depression=11.02°; smoothing=5-pt median; dark rows=650
fajr,2018-10-12,05:06,0,42.024592,0.734797,0.0,Zamorano J. et al. (2019). TESS-W sky brightness network. Zenodo monthly archives. https://zenodo.org/records/3378728. CC0 1.0.,TESS station stars62; photometric inflection method; night median MSAS=21.27; MSAS at inflection=19.47; depression=11.82°; smoothing=5-pt median; dark rows=650
fajr,2018-10-15,05:16,0,42.024592,0.734797,0.0,Zamorano J. et al. (2019). TESS-W sky brightness network. Zenodo monthly archives. https://zenodo.org/records/3378728. CC0 1.0.,TESS station stars62; photometric inflection method; night median MSAS=21.78; MSAS at inflection=19.73; depression=10.60°; smoothing=5-pt median; dark rows=656
isha,2018-10-15,18:57,0,42.024592,0.734797,0.0,Zamorano J. et al. (2019). TESS-W sky brightness network. Zenodo monthly archives. https://zenodo.org/records/3378728. CC0 1.0.,TESS station stars62; photometric inflection method; night median MSAS=21.24; MSAS at inflection=19.97; depression=19.68°; smoothing=5-pt median; dark rows=648
isha,2018-10-16,18:34,0,42.024592,0.734797,0.0,Zamorano J. et al. (2019). TESS-W sky brightness network. Zenodo monthly archives. https://zenodo.org/records/3378728. CC0 1.0.,TESS station stars62; photometric inflection method; night median MSAS=21.25; MSAS at inflection=19.19; depression=15.66°; smoothing=5-pt median; dark rows=655
isha,2018-10-18,18:05,0,42.024592,0.734797,0.0,Zamorano J. et al. (2019). TESS-W sky brightness network. Zenodo monthly archives. https://zenodo.org/records/3378728. CC0 1.0.,TESS station stars62; photometric inflection method; night median MSAS=20.45; MSAS at inflection=18.13; depression=10.80°; smoothing=5-pt median; dark rows=662
fajr,2018-10-19,05:24,0,42.024592,0.734797,0.0,Zamorano J. et al. (2019). TESS-W sky brightness network. Zenodo monthly archives. https://zenodo.org/records/3378728. CC0 1.0.,TESS station stars62; photometric inflection method; night median MSAS=20.45; MSAS at inflection=19.00; depression=9.99°; smoothing=5-pt median; dark rows=662
isha,2018-10-19,18:26,0,42.024592,0.734797,0.0,Zamorano J. et al. (2019). TESS-W sky brightness network. Zenodo monthly archives. https://zenodo.org/records/3378728. CC0 1.0.,TESS station stars62; photometric inflection method; night median MSAS=19.83; MSAS at inflection=18.81; depression=15.11°; smoothing=5-pt median; dark rows=663
fajr,2018-10-20,05:21,0,42.024592,0.734797,0.0,Zamorano J. et al. (2019). TESS-W sky brightness network. Zenodo monthly archives. https://zenodo.org/records/3378728. CC0 1.0.,TESS station stars62; photometric inflection method; night median MSAS=19.83; MSAS at inflection=18.51; depression=10.68°; smoothing=5-pt median; dark rows=663
isha,2018-10-20,18:14,0,42.024592,0.734797,0.0,Zamorano J. et al. (2019). TESS-W sky brightness network. Zenodo monthly archives. https://zenodo.org/records/3378728. CC0 1.0.,TESS station stars62; photometric inflection method; night median MSAS=19.19; MSAS at inflection=18.61; depression=13.12°; smoothing=5-pt median; dark rows=661
fajr,2018-10-21,05:23,0,42.024592,0.734797,0.0,Zamorano J. et al. (2019). TESS-W sky brightness network. Zenodo monthly archives. https://zenodo.org/records/3378728. CC0 1.0.,TESS station stars62; photometric inflection method; night median MSAS=19.19; MSAS at inflection=18.47; depression=10.48°; smoothing=5-pt median; dark rows=661
isha,2018-10-21,18:01,0,42.024592,0.734797,0.0,Zamorano J. et al. (2019). TESS-W sky brightness network. Zenodo monthly archives. https://zenodo.org/records/3378728. CC0 1.0.,TESS station stars62; photometric inflection method; night median MSAS=19.02; MSAS at inflection=18.38; depression=10.87°; smoothing=5-pt median; dark rows=664
fajr,2018-10-22,05:16,0,42.024592,0.734797,0.0,Zamorano J. et al. (2019). TESS-W sky brightness network. Zenodo monthly archives. https://zenodo.org/records/3378728. CC0 1.0.,TESS station stars62; photometric inflection method; night median MSAS=19.02; MSAS at inflection=19.71; depression=11.95°; smoothing=5-pt median; dark rows=664
isha,2018-10-22,17:55,0,42.024592,0.734797,0.0,Zamorano J. et al. (2019). TESS-W sky brightness network. Zenodo monthly archives. https://zenodo.org/records/3378728. CC0 1.0.,TESS station stars62; photometric inflection method; night median MSAS=18.41; MSAS at inflection=17.80; depression=10.11°; smoothing=5-pt median; dark rows=662
fajr,2018-10-23,05:18,0,42.024592,0.734797,0.0,Zamorano J. et al. (2019). TESS-W sky brightness network. Zenodo monthly archives. https://zenodo.org/records/3378728. CC0 1.0.,TESS station stars62; photometric inflection method; night median MSAS=18.41; MSAS at inflection=19.30; depression=11.87°; smoothing=5-pt median; dark rows=662
isha,2018-10-23,17:54,0,42.024592,0.734797,0.0,Zamorano J. et al. (2019). TESS-W sky brightness network. Zenodo monthly archives. https://zenodo.org/records/3378728. CC0 1.0.,TESS station stars62; photometric inflection method; night median MSAS=18.10; MSAS at inflection=17.73; depression=10.17°; smoothing=5-pt median; dark rows=654
isha,2018-10-24,17:57,0,42.024592,0.734797,0.0,Zamorano J. et al. (2019). TESS-W sky brightness network. Zenodo monthly archives. https://zenodo.org/records/3378728. CC0 1.0.,TESS station stars62; photometric inflection method; night median MSAS=17.84; MSAS at inflection=18.41; depression=10.94°; smoothing=5-pt median; dark rows=637
fajr,2018-10-25,05:38,0,42.024592,0.734797,0.0,Zamorano J. et al. (2019). TESS-W sky brightness network. Zenodo monthly archives. https://zenodo.org/records/3378728. CC0 1.0.,TESS station stars62; photometric inflection method; night median MSAS=17.84; MSAS at inflection=16.21; depression=8.52°; smoothing=5-pt median; dark rows=637
isha,2018-10-25,17:52,0,42.024592,0.734797,0.0,Zamorano J. et al. (2019). TESS-W sky brightness network. Zenodo monthly archives. https://zenodo.org/records/3378728. CC0 1.0.,TESS station stars62; photometric inflection method; night median MSAS=17.80; MSAS at inflection=18.34; depression=10.19°; smoothing=5-pt median; dark rows=645
fajr,2018-10-26,05:33,0,42.024592,0.734797,0.0,Zamorano J. et al. (2019). TESS-W sky brightness network. Zenodo monthly archives. https://zenodo.org/records/3378728. CC0 1.0.,TESS station stars62; photometric inflection method; night median MSAS=17.80; MSAS at inflection=16.19; depression=9.65°; smoothing=5-pt median; dark rows=645
fajr,2018-10-27,04:38,0,42.024592,0.734797,0.0,Zamorano J. et al. (2019). TESS-W sky brightness network. Zenodo monthly archives. https://zenodo.org/records/3378728. CC0 1.0.,TESS station stars62; photometric inflection method; night median MSAS=17.82; MSAS at inflection=18.47; depression=20.02°; smoothing=5-pt median; dark rows=524
isha,2018-10-27,17:38,0,42.024592,0.734797,0.0,Zamorano J. et al. (2019). TESS-W sky brightness network. Zenodo monthly archives. https://zenodo.org/records/3378728. CC0 1.0.,TESS station stars62; photometric inflection method; night median MSAS=18.35; MSAS at inflection=16.38; depression=8.17°; smoothing=5-pt median; dark rows=669
fajr,2018-10-28,05:47,0,42.024592,0.734797,0.0,Zamorano J. et al. (2019). TESS-W sky brightness network. Zenodo monthly archives. https://zenodo.org/records/3378728. CC0 1.0.,TESS station stars62; photometric inflection method; night median MSAS=18.35; MSAS at inflection=16.45; depression=7.48°; smoothing=5-pt median; dark rows=669
isha,2018-10-28,17:57,0,42.024592,0.734797,0.0,Zamorano J. et al. (2019). TESS-W sky brightness network. Zenodo monthly archives. https://zenodo.org/records/3378728. CC0 1.0.,TESS station stars62; photometric inflection method; night median MSAS=18.12; MSAS at inflection=19.48; depression=11.92°; smoothing=5-pt median; dark rows=670
isha,2018-10-29,17:48,0,42.024592,0.734797,0.0,Zamorano J. et al. (2019). TESS-W sky brightness network. Zenodo monthly archives. https://zenodo.org/records/3378728. CC0 1.0.,TESS station stars62; photometric inflection method; night median MSAS=19.98; MSAS at inflection=18.47; depression=10.39°; smoothing=5-pt median; dark rows=674
isha,2018-10-01,18:49,1,45.051036,10.919761,0.0,Zamorano J. et al. (2019). TESS-W sky brightness network. Zenodo monthly archives. https://zenodo.org/records/3378728. CC0 1.0.,TESS station stars64; photometric inflection method; night median MSAS=17.98; MSAS at inflection=17.62; depression=10.05°; smoothing=5-pt median; dark rows=612
fajr,2018-10-02,05:18,1,45.051036,10.919761,0.0,Zamorano J. et al. (2019). TESS-W sky brightness network. Zenodo monthly archives. https://zenodo.org/records/3378728. CC0 1.0.,TESS station stars64; photometric inflection method; night median MSAS=17.98; MSAS at inflection=17.84; depression=10.84°; smoothing=5-pt median; dark rows=612
isha,2018-10-02,19:15,1,45.051036,10.919761,0.0,Zamorano J. et al. (2019). TESS-W sky brightness network. Zenodo monthly archives. https://zenodo.org/records/3378728. CC0 1.0.,TESS station stars64; photometric inflection method; night median MSAS=19.94; MSAS at inflection=19.71; depression=14.97°; smoothing=5-pt median; dark rows=603
isha,2018-10-03,18:56,1,45.051036,10.919761,0.0,Zamorano J. et al. (2019). TESS-W sky brightness network. Zenodo monthly archives. https://zenodo.org/records/3378728. CC0 1.0.,TESS station stars64; photometric inflection method; night median MSAS=20.12; MSAS at inflection=18.97; depression=11.97°; smoothing=5-pt median; dark rows=540
fajr,2018-10-04,05:11,1,45.051036,10.919761,0.0,Zamorano J. et al. (2019). TESS-W sky brightness network. Zenodo monthly archives. https://zenodo.org/records/3378728. CC0 1.0.,TESS station stars64; photometric inflection method; night median MSAS=20.12; MSAS at inflection=19.40; depression=12.54°; smoothing=5-pt median; dark rows=540
isha,2018-10-04,19:03,1,45.051036,10.919761,0.0,Zamorano J. et al. (2019). TESS-W sky brightness network. Zenodo monthly archives. https://zenodo.org/records/3378728. CC0 1.0.,TESS station stars64; photometric inflection method; night median MSAS=20.21; MSAS at inflection=19.79; depression=13.54°; smoothing=5-pt median; dark rows=627
isha,2018-10-06,18:23,1,45.051036,10.919761,0.0,Zamorano J. et al. (2019). TESS-W sky brightness network. Zenodo monthly archives. https://zenodo.org/records/3378728. CC0 1.0.,TESS station stars64; photometric inflection method; night median MSAS=18.32; MSAS at inflection=16.31; depression=7.13°; smoothing=5-pt median; dark rows=613
isha,2018-10-07,19:05,1,45.051036,10.919761,0.0,Zamorano J. et al. (2019). TESS-W sky brightness network. Zenodo monthly archives. https://zenodo.org/records/3378728. CC0 1.0.,TESS station stars64; photometric inflection method; night median MSAS=20.19; MSAS at inflection=19.96; depression=14.90°; smoothing=5-pt median; dark rows=612
isha,2018-10-08,18:39,1,45.051036,10.919761,0.0,Zamorano J. et al. (2019). TESS-W sky brightness network. Zenodo monthly archives. https://zenodo.org/records/3378728. CC0 1.0.,TESS station stars64; photometric inflection method; night median MSAS=20.21; MSAS at inflection=18.40; depression=10.63°; smoothing=5-pt median; dark rows=571
isha,2018-10-10,18:44,1,45.051036,10.919761,0.0,Zamorano J. et al. (2019). TESS-W sky brightness network. Zenodo monthly archives. https://zenodo.org/records/3378728. CC0 1.0.,TESS station stars64; photometric inflection method; night median MSAS=19.95; MSAS at inflection=19.36; depression=12.12°; smoothing=5-pt median; dark rows=534
fajr,2018-10-11,04:41,1,45.051036,10.919761,0.0,Zamorano J. et al. (2019). TESS-W sky brightness network. Zenodo monthly archives. https://zenodo.org/records/3378728. CC0 1.0.,TESS station stars64; photometric inflection method; night median MSAS=19.95; MSAS at inflection=20.02; depression=19.22°; smoothing=5-pt median; dark rows=534
isha,2018-10-11,18:48,1,45.051036,10.919761,0.0,Zamorano J. et al. (2019). TESS-W sky brightness network. Zenodo monthly archives. https://zenodo.org/records/3378728. CC0 1.0.,TESS station stars64; photometric inflection method; night median MSAS=18.79; MSAS at inflection=19.32; depression=13.19°; smoothing=5-pt median; dark rows=585
fajr,2018-10-13,05:19,1,45.051036,10.919761,0.0,Zamorano J. et al. (2019). TESS-W sky brightness network. Zenodo monthly archives. https://zenodo.org/records/3378728. CC0 1.0.,TESS station stars64; photometric inflection method; night median MSAS=20.06; MSAS at inflection=19.39; depression=13.04°; smoothing=5-pt median; dark rows=581
fajr,2018-10-14,05:01,1,45.051036,10.919761,0.0,Zamorano J. et al. (2019). TESS-W sky brightness network. Zenodo monthly archives. https://zenodo.org/records/3378728. CC0 1.0.,TESS station stars64; photometric inflection method; night median MSAS=20.17; MSAS at inflection=20.20; depression=16.48°; smoothing=5-pt median; dark rows=658
isha,2018-10-14,19:17,1,45.051036,10.919761,0.0,Zamorano J. et al. (2019). TESS-W sky brightness network. Zenodo monthly archives. https://zenodo.org/records/3378728. CC0 1.0.,TESS station stars64; photometric inflection method; night median MSAS=20.14; MSAS at inflection=19.80; depression=19.14°; smoothing=5-pt median; dark rows=593
isha,2018-10-16,18:11,1,45.051036,10.919761,0.0,Zamorano J. et al. (2019). TESS-W sky brightness network. Zenodo monthly archives. https://zenodo.org/records/3378728. CC0 1.0.,TESS station stars64; photometric inflection method; night median MSAS=18.46; MSAS at inflection=16.10; depression=8.17°; smoothing=5-pt median; dark rows=657
isha,2018-10-17,19:23,1,45.051036,10.919761,0.0,Zamorano J. et al. (2019). TESS-W sky brightness network. Zenodo monthly archives. https://zenodo.org/records/3378728. CC0 1.0.,TESS station stars64; photometric inflection method; night median MSAS=18.44; MSAS at inflection=18.30; depression=21.08°; smoothing=5-pt median; dark rows=651
isha,2018-10-18,18:28,1,45.051036,10.919761,0.0,Zamorano J. et al. (2019). TESS-W sky brightness network. Zenodo monthly archives. https://zenodo.org/records/3378728. CC0 1.0.,TESS station stars64; photometric inflection method; night median MSAS=19.88; MSAS at inflection=18.39; depression=11.58°; smoothing=5-pt median; dark rows=590
isha,2018-10-19,19:00,1,45.051036,10.919761,0.0,Zamorano J. et al. (2019). TESS-W sky brightness network. Zenodo monthly archives. https://zenodo.org/records/3378728. CC0 1.0.,TESS station stars64; photometric inflection method; night median MSAS=19.40; MSAS at inflection=18.66; depression=17.57°; smoothing=5-pt median; dark rows=661
isha,2018-10-21,18:14,1,45.051036,10.919761,0.0,Zamorano J. et al. (2019). TESS-W sky brightness network. Zenodo monthly archives. https://zenodo.org/records/3378728. CC0 1.0.,TESS station stars64; photometric inflection method; night median MSAS=18.65; MSAS at inflection=17.26; depression=10.07°; smoothing=5-pt median; dark rows=650
fajr,2018-10-22,05:22,1,45.051036,10.919761,0.0,Zamorano J. et al. (2019). TESS-W sky brightness network. Zenodo monthly archives. https://zenodo.org/records/3378728. CC0 1.0.,TESS station stars64; photometric inflection method; night median MSAS=18.65; MSAS at inflection=20.19; depression=14.45°; smoothing=5-pt median; dark rows=650
isha,2018-10-27,18:05,1,45.051036,10.919761,0.0,Zamorano J. et al. (2019). TESS-W sky brightness network. Zenodo monthly archives. https://zenodo.org/records/3378728. CC0 1.0.,TESS station stars64; photometric inflection method; night median MSAS=17.63; MSAS at inflection=17.63; depression=10.05°; smoothing=5-pt median; dark rows=687
isha,2018-10-28,18:03,1,45.051036,10.919761,0.0,Zamorano J. et al. (2019). TESS-W sky brightness network. Zenodo monthly archives. https://zenodo.org/records/3378728. CC0 1.0.,TESS station stars64; photometric inflection method; night median MSAS=18.01; MSAS at inflection=17.77; depression=10.00°; smoothing=5-pt median; dark rows=666
fajr,2018-10-29,05:07,1,45.051036,10.919761,0.0,Zamorano J. et al. (2019). TESS-W sky brightness network. Zenodo monthly archives. https://zenodo.org/records/3378728. CC0 1.0.,TESS station stars64; photometric inflection method; night median MSAS=18.01; MSAS at inflection=18.10; depression=18.66°; smoothing=5-pt median; dark rows=666
isha,2018-10-03,19:16,1,48.231395,16.334225,0.0,Zamorano J. et al. (2019). TESS-W sky brightness network. Zenodo monthly archives. https://zenodo.org/records/3378728. CC0 1.0.,TESS station stars65; photometric inflection method; night median MSAS=18.30; MSAS at inflection=18.30; depression=18.47°; smoothing=5-pt median; dark rows=613
isha,2018-10-04,18:17,1,48.231395,16.334225,0.0,Zamorano J. et al. (2019). TESS-W sky brightness network. Zenodo monthly archives. https://zenodo.org/records/3378728. CC0 1.0.,TESS station stars65; photometric inflection method; night median MSAS=18.95; MSAS at inflection=16.65; depression=9.08°; smoothing=5-pt median; dark rows=632
fajr,2018-10-06,04:02,1,48.231395,16.334225,0.0,Zamorano J. et al. (2019). TESS-W sky brightness network. Zenodo monthly archives. https://zenodo.org/records/3378728. CC0 1.0.,TESS station stars65; photometric inflection method; night median MSAS=18.91; MSAS at inflection=18.95; depression=20.32°; smoothing=5-pt median; dark rows=637
isha,2018-10-08,18:17,1,48.231395,16.334225,0.0,Zamorano J. et al. (2019). TESS-W sky brightness network. Zenodo monthly archives. https://zenodo.org/records/3378728. CC0 1.0.,TESS station stars65; photometric inflection method; night median MSAS=18.83; MSAS at inflection=17.47; depression=10.43°; smoothing=5-pt median; dark rows=601
isha,2018-10-09,19:18,1,48.231395,16.334225,0.0,Zamorano J. et al. (2019). TESS-W sky brightness network. Zenodo monthly archives. https://zenodo.org/records/3378728. CC0 1.0.,TESS station stars65; photometric inflection method; night median MSAS=18.79; MSAS at inflection=18.25; depression=20.72°; smoothing=5-pt median; dark rows=612
fajr,2018-10-10,04:48,1,48.231395,16.334225,0.0,Zamorano J. et al. (2019). TESS-W sky brightness network. Zenodo monthly archives. https://zenodo.org/records/3378728. CC0 1.0.,TESS station stars65; photometric inflection method; night median MSAS=18.79; MSAS at inflection=18.47; depression=13.83°; smoothing=5-pt median; dark rows=612
isha,2018-10-10,18:18,1,48.231395,16.334225,0.0,Zamorano J. et al. (2019). TESS-W sky brightness network. Zenodo monthly archives. https://zenodo.org/records/3378728. CC0 1.0.,TESS station stars65; photometric inflection method; night median MSAS=18.64; MSAS at inflection=17.79; depression=11.20°; smoothing=5-pt median; dark rows=653
isha,2018-10-12,18:49,1,48.231395,16.334225,0.0,Zamorano J. et al. (2019). TESS-W sky brightness network. Zenodo monthly archives. https://zenodo.org/records/3378728. CC0 1.0.,TESS station stars65; photometric inflection method; night median MSAS=18.84; MSAS at inflection=18.22; depression=16.93°; smoothing=5-pt median; dark rows=662
fajr,2018-10-14,05:22,1,48.231395,16.334225,0.0,Zamorano J. et al. (2019). TESS-W sky brightness network. Zenodo monthly archives. https://zenodo.org/records/3378728. CC0 1.0.,TESS station stars65; photometric inflection method; night median MSAS=18.75; MSAS at inflection=16.66; depression=9.08°; smoothing=5-pt median; dark rows=645
isha,2018-10-14,17:59,1,48.231395,16.334225,0.0,Zamorano J. et al. (2019). TESS-W sky brightness network. Zenodo monthly archives. https://zenodo.org/records/3378728. CC0 1.0.,TESS station stars65; photometric inflection method; night median MSAS=18.59; MSAS at inflection=17.08; depression=9.33°; smoothing=5-pt median; dark rows=664
fajr,2018-10-15,05:00,1,48.231395,16.334225,0.0,Zamorano J. et al. (2019). TESS-W sky brightness network. Zenodo monthly archives. https://zenodo.org/records/3378728. CC0 1.0.,TESS station stars65; photometric inflection method; night median MSAS=18.59; MSAS at inflection=18.08; depression=12.98°; smoothing=5-pt median; dark rows=664
isha,2018-10-16,18:01,1,48.231395,16.334225,0.0,Zamorano J. et al. (2019). TESS-W sky brightness network. Zenodo monthly archives. https://zenodo.org/records/3378728. CC0 1.0.,TESS station stars65; photometric inflection method; night median MSAS=18.21; MSAS at inflection=17.53; depression=10.30°; smoothing=5-pt median; dark rows=670
isha,2018-10-18,18:18,1,48.231395,16.334225,0.0,Zamorano J. et al. (2019). TESS-W sky brightness network. Zenodo monthly archives. https://zenodo.org/records/3378728. CC0 1.0.,TESS station stars65; photometric inflection method; night median MSAS=18.26; MSAS at inflection=17.93; depression=13.73°; smoothing=5-pt median; dark rows=665
fajr,2018-10-19,05:12,1,48.231395,16.334225,0.0,Zamorano J. et al. (2019). TESS-W sky brightness network. Zenodo monthly archives. https://zenodo.org/records/3378728. CC0 1.0.,TESS station stars65; photometric inflection method; night median MSAS=18.26; MSAS at inflection=18.03; depression=11.99°; smoothing=5-pt median; dark rows=665
isha,2018-10-19,18:12,1,48.231395,16.334225,0.0,Zamorano J. et al. (2019). TESS-W sky brightness network. Zenodo monthly archives. https://zenodo.org/records/3378728. CC0 1.0.,TESS station stars65; photometric inflection method; night median MSAS=17.88; MSAS at inflection=17.45; depression=12.94°; smoothing=5-pt median; dark rows=681
fajr,2018-10-31,05:49,1,48.231395,16.334225,0.0,Zamorano J. et al. (2019). TESS-W sky brightness network. Zenodo monthly archives. https://zenodo.org/records/3378728. CC0 1.0.,TESS station stars65; photometric inflection method; night median MSAS=18.62; MSAS at inflection=16.32; depression=8.67°; smoothing=5-pt median; dark rows=710
isha,2018-10-31,18:19,1,48.231395,16.334225,0.0,Zamorano J. et al. (2019). TESS-W sky brightness network. Zenodo monthly archives. https://zenodo.org/records/3378728. CC0 1.0.,TESS station stars65; photometric inflection method; night median MSAS=18.42; MSAS at inflection=18.46; depression=17.41°; smoothing=5-pt median; dark rows=436
fajr,2018-10-04,05:29,0,39.78058,-6.0163,0.0,Zamorano J. et al. (2019). TESS-W sky brightness network. Zenodo monthly archives. https://zenodo.org/records/3378728. CC0 1.0.,TESS station stars66; photometric inflection method; night median MSAS=20.94; MSAS at inflection=18.73; depression=11.06°; smoothing=5-pt median; dark rows=518
fajr,2018-10-05,05:28,0,39.78058,-6.0163,0.0,Zamorano J. et al. (2019). TESS-W sky brightness network. Zenodo monthly archives. https://zenodo.org/records/3378728. CC0 1.0.,TESS station stars66; photometric inflection method; night median MSAS=20.96; MSAS at inflection=19.21; depression=11.56°; smoothing=5-pt median; dark rows=629
fajr,2018-10-06,05:06,0,39.78058,-6.0163,0.0,Zamorano J. et al. (2019). TESS-W sky brightness network. Zenodo monthly archives. https://zenodo.org/records/3378728. CC0 1.0.,TESS station stars66; photometric inflection method; night median MSAS=20.95; MSAS at inflection=20.62; depression=15.91°; smoothing=5-pt median; dark rows=591
fajr,2018-10-08,05:30,0,39.78058,-6.0163,0.0,Zamorano J. et al. (2019). TESS-W sky brightness network. Zenodo monthly archives. https://zenodo.org/records/3378728. CC0 1.0.,TESS station stars66; photometric inflection method; night median MSAS=21.05; MSAS at inflection=19.44; depression=11.70°; smoothing=5-pt median; dark rows=635
isha,2018-10-08,19:26,0,39.78058,-6.0163,0.0,Zamorano J. et al. (2019). TESS-W sky brightness network. Zenodo monthly archives. https://zenodo.org/records/3378728. CC0 1.0.,TESS station stars66; photometric inflection method; night median MSAS=21.04; MSAS at inflection=20.91; depression=18.21°; smoothing=5-pt median; dark rows=628
fajr,2018-10-10,04:43,0,39.78058,-6.0163,0.0,Zamorano J. et al. (2019). TESS-W sky brightness network. Zenodo monthly archives. https://zenodo.org/records/3378728. CC0 1.0.,TESS station stars66; photometric inflection method; night median MSAS=20.85; MSAS at inflection=20.86; depression=21.04°; smoothing=5-pt median; dark rows=617
fajr,2018-10-11,05:04,0,39.78058,-6.0163,0.0,Zamorano J. et al. (2019). TESS-W sky brightness network. Zenodo monthly archives. https://zenodo.org/records/3378728. CC0 1.0.,TESS station stars66; photometric inflection method; night median MSAS=20.44; MSAS at inflection=20.39; depression=17.25°; smoothing=5-pt median; dark rows=632
isha,2018-10-11,19:18,0,39.78058,-6.0163,0.0,Zamorano J. et al. (2019). TESS-W sky brightness network. Zenodo monthly archives. https://zenodo.org/records/3378728. CC0 1.0.,TESS station stars66; photometric inflection method; night median MSAS=20.49; MSAS at inflection=20.06; depression=17.55°; smoothing=5-pt median; dark rows=641
fajr,2018-10-15,05:28,0,39.78058,-6.0163,0.0,Zamorano J. et al. (2019). TESS-W sky brightness network. Zenodo monthly archives. https://zenodo.org/records/3378728. CC0 1.0.,TESS station stars66; photometric inflection method; night median MSAS=20.91; MSAS at inflection=19.96; depression=13.35°; smoothing=5-pt median; dark rows=642
isha,2018-10-15,18:45,0,39.78058,-6.0163,0.0,Zamorano J. et al. (2019). TESS-W sky brightness network. Zenodo monthly archives. https://zenodo.org/records/3378728. CC0 1.0.,TESS station stars66; photometric inflection method; night median MSAS=19.59; MSAS at inflection=18.85; depression=12.39°; smoothing=5-pt median; dark rows=652
fajr,2018-10-16,05:49,0,39.78058,-6.0163,0.0,Zamorano J. et al. (2019). TESS-W sky brightness network. Zenodo monthly archives. https://zenodo.org/records/3378728. CC0 1.0.,TESS station stars66; photometric inflection method; night median MSAS=19.59; MSAS at inflection=17.61; depression=9.58°; smoothing=5-pt median; dark rows=652
isha,2018-10-17,18:51,0,39.78058,-6.0163,0.0,Zamorano J. et al. (2019). TESS-W sky brightness network. Zenodo monthly archives. https://zenodo.org/records/3378728. CC0 1.0.,TESS station stars66; photometric inflection method; night median MSAS=19.84; MSAS at inflection=19.09; depression=14.15°; smoothing=5-pt median; dark rows=645
fajr,2018-10-18,05:14,0,39.78058,-6.0163,0.0,Zamorano J. et al. (2019). TESS-W sky brightness network. Zenodo monthly archives. https://zenodo.org/records/3378728. CC0 1.0.,TESS station stars66; photometric inflection method; night median MSAS=19.84; MSAS at inflection=20.37; depression=16.62°; smoothing=5-pt median; dark rows=645
isha,2018-10-19,19:26,0,39.78058,-6.0163,0.0,Zamorano J. et al. (2019). TESS-W sky brightness network. Zenodo monthly archives. https://zenodo.org/records/3378728. CC0 1.0.,TESS station stars66; photometric inflection method; night median MSAS=19.01; MSAS at inflection=18.08; depression=21.30°; smoothing=5-pt median; dark rows=666
isha,2018-10-20,19:09,0,39.78058,-6.0163,0.0,Zamorano J. et al. (2019). TESS-W sky brightness network. Zenodo monthly archives. https://zenodo.org/records/3378728. CC0 1.0.,TESS station stars66; photometric inflection method; night median MSAS=19.05; MSAS at inflection=19.07; depression=18.27°; smoothing=5-pt median; dark rows=656
isha,2018-10-21,18:27,0,39.78058,-6.0163,0.0,Zamorano J. et al. (2019). TESS-W sky brightness network. Zenodo monthly archives. https://zenodo.org/records/3378728. CC0 1.0.,TESS station stars66; photometric inflection method; night median MSAS=18.37; MSAS at inflection=17.59; depression=10.55°; smoothing=5-pt median; dark rows=675
isha,2018-10-22,19:00,0,39.78058,-6.0163,0.0,Zamorano J. et al. (2019). TESS-W sky brightness network. Zenodo monthly archives. https://zenodo.org/records/3378728. CC0 1.0.,TESS station stars66; photometric inflection method; night median MSAS=18.54; MSAS at inflection=19.00; depression=17.14°; smoothing=5-pt median; dark rows=680
fajr,2018-10-23,06:03,0,39.78058,-6.0163,0.0,Zamorano J. et al. (2019). TESS-W sky brightness network. Zenodo monthly archives. https://zenodo.org/records/3378728. CC0 1.0.,TESS station stars66; photometric inflection method; night median MSAS=18.54; MSAS at inflection=16.15; depression=8.23°; smoothing=5-pt median; dark rows=680
fajr,2018-10-24,05:58,0,39.78058,-6.0163,0.0,Zamorano J. et al. (2019). TESS-W sky brightness network. Zenodo monthly archives. https://zenodo.org/records/3378728. CC0 1.0.,TESS station stars66; photometric inflection method; night median MSAS=17.99; MSAS at inflection=17.01; depression=9.38°; smoothing=5-pt median; dark rows=664
fajr,2018-10-25,05:51,0,39.78058,-6.0163,0.0,Zamorano J. et al. (2019). TESS-W sky brightness network. Zenodo monthly archives. https://zenodo.org/records/3378728. CC0 1.0.,TESS station stars66; photometric inflection method; night median MSAS=17.80; MSAS at inflection=17.96; depression=10.83°; smoothing=5-pt median; dark rows=671
isha,2018-10-27,18:03,0,39.78058,-6.0163,0.0,Zamorano J. et al. (2019). TESS-W sky brightness network. Zenodo monthly archives. https://zenodo.org/records/3378728. CC0 1.0.,TESS station stars66; photometric inflection method; night median MSAS=17.65; MSAS at inflection=15.15; depression=7.37°; smoothing=5-pt median; dark rows=665
fajr,2018-10-28,05:20,0,39.78058,-6.0163,0.0,Zamorano J. et al. (2019). TESS-W sky brightness network. Zenodo monthly archives. https://zenodo.org/records/3378728. CC0 1.0.,TESS station stars66; photometric inflection method; night median MSAS=17.65; MSAS at inflection=17.55; depression=17.35°; smoothing=5-pt median; dark rows=665
fajr,2018-10-30,06:06,0,39.78058,-6.0163,0.0,Zamorano J. et al. (2019). TESS-W sky brightness network. Zenodo monthly archives. https://zenodo.org/records/3378728. CC0 1.0.,TESS station stars66; photometric inflection method; night median MSAS=18.70; MSAS at inflection=17.28; depression=9.01°; smoothing=5-pt median; dark rows=691
isha,2018-10-30,18:19,0,39.78058,-6.0163,0.0,Zamorano J. et al. (2019). TESS-W sky brightness network. Zenodo monthly archives. https://zenodo.org/records/3378728. CC0 1.0.,TESS station stars66; photometric inflection method; night median MSAS=19.47; MSAS at inflection=19.03; depression=11.18°; smoothing=5-pt median; dark rows=693
isha,2018-10-31,18:44,0,39.78058,-6.0163,0.0,Zamorano J. et al. (2019). TESS-W sky brightness network. Zenodo monthly archives. https://zenodo.org/records/3378728. CC0 1.0.,TESS station stars66; photometric inflection method; night median MSAS=20.94; MSAS at inflection=20.84; depression=15.99°; smoothing=5-pt median; dark rows=346
isha,2018-10-01,19:25,0,42.81732,-1.64543,0.0,Zamorano J. et al. (2019). TESS-W sky brightness network. Zenodo monthly archives. https://zenodo.org/records/3378728. CC0 1.0.,TESS station stars7; photometric inflection method; night median MSAS=18.30; MSAS at inflection=16.14; depression=18.60°; smoothing=5-pt median; dark rows=584
fajr,2018-10-03,05:19,0,42.81732,-1.64543,0.0,Zamorano J. et al. (2019). TESS-W sky brightness network. Zenodo monthly archives. https://zenodo.org/records/3378728. CC0 1.0.,TESS station stars7; photometric inflection method; night median MSAS=18.81; MSAS at inflection=17.22; depression=9.36°; smoothing=5-pt median; dark rows=592
isha,2018-10-03,19:16,0,42.81732,-1.64543,0.0,Zamorano J. et al. (2019). TESS-W sky brightness network. Zenodo monthly archives. https://zenodo.org/records/3378728. CC0 1.0.,TESS station stars7; photometric inflection method; night median MSAS=18.74; MSAS at inflection=17.85; depression=17.68°; smoothing=5-pt median; dark rows=590
fajr,2018-10-04,05:14,0,42.81732,-1.64543,0.0,Zamorano J. et al. (2019). TESS-W sky brightness network. Zenodo monthly archives. https://zenodo.org/records/3378728. CC0 1.0.,TESS station stars7; photometric inflection method; night median MSAS=18.74; MSAS at inflection=17.84; depression=10.46°; smoothing=5-pt median; dark rows=590
fajr,2018-10-06,05:19,0,42.81732,-1.64543,0.0,Zamorano J. et al. (2019). TESS-W sky brightness network. Zenodo monthly archives. https://zenodo.org/records/3378728. CC0 1.0.,TESS station stars7; photometric inflection method; night median MSAS=18.64; MSAS at inflection=17.53; depression=9.87°; smoothing=5-pt median; dark rows=582
isha,2018-10-08,18:31,0,42.81732,-1.64543,0.0,Zamorano J. et al. (2019). TESS-W sky brightness network. Zenodo monthly archives. https://zenodo.org/records/3378728. CC0 1.0.,TESS station stars7; photometric inflection method; night median MSAS=18.77; MSAS at inflection=17.73; depression=11.07°; smoothing=5-pt median; dark rows=610
fajr,2018-10-09,04:57,0,42.81732,-1.64543,0.0,Zamorano J. et al. (2019). TESS-W sky brightness network. Zenodo monthly archives. https://zenodo.org/records/3378728. CC0 1.0.,TESS station stars7; photometric inflection method; night median MSAS=18.77; MSAS at inflection=17.26; depression=14.52°; smoothing=5-pt median; dark rows=610
isha,2018-10-10,18:39,0,42.81732,-1.64543,0.0,Zamorano J. et al. (2019). TESS-W sky brightness network. Zenodo monthly archives. https://zenodo.org/records/3378728. CC0 1.0.,TESS station stars7; photometric inflection method; night median MSAS=18.42; MSAS at inflection=17.69; depression=13.05°; smoothing=5-pt median; dark rows=593
fajr,2018-10-12,05:27,0,42.81732,-1.64543,0.0,Zamorano J. et al. (2019). TESS-W sky brightness network. Zenodo monthly archives. https://zenodo.org/records/3378728. CC0 1.0.,TESS station stars7; photometric inflection method; night median MSAS=18.41; MSAS at inflection=17.32; depression=9.64°; smoothing=5-pt median; dark rows=610
isha,2018-10-12,19:04,0,42.81732,-1.64543,0.0,Zamorano J. et al. (2019). TESS-W sky brightness network. Zenodo monthly archives. https://zenodo.org/records/3378728. CC0 1.0.,TESS station stars7; photometric inflection method; night median MSAS=18.71; MSAS at inflection=17.57; depression=18.24°; smoothing=5-pt median; dark rows=611
fajr,2018-10-13,05:21,0,42.81732,-1.64543,0.0,Zamorano J. et al. (2019). TESS-W sky brightness network. Zenodo monthly archives. https://zenodo.org/records/3378728. CC0 1.0.,TESS station stars7; photometric inflection method; night median MSAS=18.71; MSAS at inflection=17.24; depression=11.09°; smoothing=5-pt median; dark rows=611
fajr,2018-10-14,05:30,0,42.81732,-1.64543,0.0,Zamorano J. et al. (2019). TESS-W sky brightness network. Zenodo monthly archives. https://zenodo.org/records/3378728. CC0 1.0.,TESS station stars7; photometric inflection method; night median MSAS=17.94; MSAS at inflection=15.90; depression=9.66°; smoothing=5-pt median; dark rows=611
isha,2018-10-15,18:15,0,42.81732,-1.64543,0.0,Zamorano J. et al. (2019). TESS-W sky brightness network. Zenodo monthly archives. https://zenodo.org/records/3378728. CC0 1.0.,TESS station stars7; photometric inflection method; night median MSAS=18.71; MSAS at inflection=17.16; depression=10.20°; smoothing=5-pt median; dark rows=615
fajr,2018-10-16,05:28,0,42.81732,-1.64543,0.0,Zamorano J. et al. (2019). TESS-W sky brightness network. Zenodo monthly archives. https://zenodo.org/records/3378728. CC0 1.0.,TESS station stars7; photometric inflection method; night median MSAS=18.71; MSAS at inflection=17.95; depression=10.43°; smoothing=5-pt median; dark rows=615
fajr,2018-10-18,05:11,0,42.81732,-1.64543,0.0,Zamorano J. et al. (2019). TESS-W sky brightness network. Zenodo monthly archives. https://zenodo.org/records/3378728. CC0 1.0.,TESS station stars7; photometric inflection method; night median MSAS=17.95; MSAS at inflection=18.16; depression=13.90°; smoothing=5-pt median; dark rows=635
isha,2018-10-20,18:06,0,42.81732,-1.64543,0.0,Zamorano J. et al. (2019). TESS-W sky brightness network. Zenodo monthly archives. https://zenodo.org/records/3378728. CC0 1.0.,TESS station stars7; photometric inflection method; night median MSAS=17.78; MSAS at inflection=16.92; depression=9.94°; smoothing=5-pt median; dark rows=620
fajr,2018-10-21,05:43,0,42.81732,-1.64543,0.0,Zamorano J. et al. (2019). TESS-W sky brightness network. Zenodo monthly archives. https://zenodo.org/records/3378728. CC0 1.0.,TESS station stars7; photometric inflection method; night median MSAS=17.78; MSAS at inflection=15.66; depression=8.66°; smoothing=5-pt median; dark rows=620
isha,2018-10-21,18:08,0,42.81732,-1.64543,0.0,Zamorano J. et al. (2019). TESS-W sky brightness network. Zenodo monthly archives. https://zenodo.org/records/3378728. CC0 1.0.,TESS station stars7; photometric inflection method; night median MSAS=17.90; MSAS at inflection=17.51; depression=10.51°; smoothing=5-pt median; dark rows=625
fajr,2018-10-22,05:30,0,42.81732,-1.64543,0.0,Zamorano J. et al. (2019). TESS-W sky brightness network. Zenodo monthly archives. https://zenodo.org/records/3378728. CC0 1.0.,TESS station stars7; photometric inflection method; night median MSAS=17.90; MSAS at inflection=17.95; depression=11.26°; smoothing=5-pt median; dark rows=625
isha,2018-10-22,17:52,0,42.81732,-1.64543,0.0,Zamorano J. et al. (2019). TESS-W sky brightness network. Zenodo monthly archives. https://zenodo.org/records/3378728. CC0 1.0.,TESS station stars7; photometric inflection method; night median MSAS=17.89; MSAS at inflection=15.59; depression=7.84°; smoothing=5-pt median; dark rows=601
fajr,2018-10-23,05:40,0,42.81732,-1.64543,0.0,Zamorano J. et al. (2019). TESS-W sky brightness network. Zenodo monthly archives. https://zenodo.org/records/3378728. CC0 1.0.,TESS station stars7; photometric inflection method; night median MSAS=17.89; MSAS at inflection=17.21; depression=9.67°; smoothing=5-pt median; dark rows=601
isha,2018-10-24,17:58,0,42.81732,-1.64543,0.0,Zamorano J. et al. (2019). TESS-W sky brightness network. Zenodo monthly archives. https://zenodo.org/records/3378728. CC0 1.0.,TESS station stars7; photometric inflection method; night median MSAS=17.86; MSAS at inflection=16.87; depression=9.42°; smoothing=5-pt median; dark rows=628
fajr,2018-10-03,04:52,-1,28.525838,-14.005069,0.0,Zamorano J. et al. (2019). TESS-W sky brightness network. Zenodo monthly archives. https://zenodo.org/records/3378728. CC0 1.0.,TESS station stars70; photometric inflection method; night median MSAS=21.02; MSAS at inflection=18.72; depression=13.39°; smoothing=5-pt median; dark rows=638
isha,2018-10-03,18:27,-1,28.525838,-14.005069,0.0,Zamorano J. et al. (2019). TESS-W sky brightness network. Zenodo monthly archives. https://zenodo.org/records/3378728. CC0 1.0.,TESS station stars70; photometric inflection method; night median MSAS=20.91; MSAS at inflection=19.25; depression=11.36°; smoothing=5-pt median; dark rows=621
isha,2018-10-04,18:22,-1,28.525838,-14.005069,0.0,Zamorano J. et al. (2019). TESS-W sky brightness network. Zenodo monthly archives. https://zenodo.org/records/3378728. CC0 1.0.,TESS station stars70; photometric inflection method; night median MSAS=20.91; MSAS at inflection=18.57; depression=10.41°; smoothing=5-pt median; dark rows=638
isha,2018-10-05,18:52,-1,28.525838,-14.005069,0.0,Zamorano J. et al. (2019). TESS-W sky brightness network. Zenodo monthly archives. https://zenodo.org/records/3378728. CC0 1.0.,TESS station stars70; photometric inflection method; night median MSAS=20.34; MSAS at inflection=19.67; depression=17.41°; smoothing=5-pt median; dark rows=637
isha,2018-10-06,18:31,-1,28.525838,-14.005069,0.0,Zamorano J. et al. (2019). TESS-W sky brightness network. Zenodo monthly archives. https://zenodo.org/records/3378728. CC0 1.0.,TESS station stars70; photometric inflection method; night median MSAS=19.29; MSAS at inflection=20.33; depression=13.01°; smoothing=5-pt median; dark rows=645
fajr,2018-10-07,04:48,-1,28.525838,-14.005069,0.0,Zamorano J. et al. (2019). TESS-W sky brightness network. Zenodo monthly archives. https://zenodo.org/records/3378728. CC0 1.0.,TESS station stars70; photometric inflection method; night median MSAS=19.29; MSAS at inflection=20.40; depression=14.78°; smoothing=5-pt median; dark rows=645
isha,2018-10-08,18:40,-1,28.525838,-14.005069,0.0,Zamorano J. et al. (2019). TESS-W sky brightness network. Zenodo monthly archives. https://zenodo.org/records/3378728. CC0 1.0.,TESS station stars70; photometric inflection method; night median MSAS=21.28; MSAS at inflection=20.70; depression=15.37°; smoothing=5-pt median; dark rows=644
fajr,2018-10-09,05:06,-1,28.525838,-14.005069,0.0,Zamorano J. et al. (2019). TESS-W sky brightness network. Zenodo monthly archives. https://zenodo.org/records/3378728. CC0 1.0.,TESS station stars70; photometric inflection method; night median MSAS=21.28; MSAS at inflection=18.94; depression=11.10°; smoothing=5-pt median; dark rows=644
isha,2018-10-09,18:52,-1,28.525838,-14.005069,0.0,Zamorano J. et al. (2019). TESS-W sky brightness network. Zenodo monthly archives. https://zenodo.org/records/3378728. CC0 1.0.,TESS station stars70; photometric inflection method; night median MSAS=21.12; MSAS at inflection=21.00; depression=18.21°; smoothing=5-pt median; dark rows=646
fajr,2018-10-11,05:04,-1,28.525838,-14.005069,0.0,Zamorano J. et al. (2019). TESS-W sky brightness network. Zenodo monthly archives. https://zenodo.org/records/3378728. CC0 1.0.,TESS station stars70; photometric inflection method; night median MSAS=21.31; MSAS at inflection=19.16; depression=11.73°; smoothing=5-pt median; dark rows=529
isha,2018-10-16,18:59,-1,28.525838,-14.005069,0.0,Zamorano J. et al. (2019). TESS-W sky brightness network. Zenodo monthly archives. https://zenodo.org/records/3378728. CC0 1.0.,TESS station stars70; photometric inflection method; night median MSAS=20.80; MSAS at inflection=20.01; depression=21.50°; smoothing=5-pt median; dark rows=624
fajr,2018-10-17,04:39,-1,28.525838,-14.005069,0.0,Zamorano J. et al. (2019). TESS-W sky brightness network. Zenodo monthly archives. https://zenodo.org/records/3378728. CC0 1.0.,TESS station stars70; photometric inflection method; night median MSAS=20.80; MSAS at inflection=20.78; depression=18.06°; smoothing=5-pt median; dark rows=624
isha,2018-10-17,18:23,-1,28.525838,-14.005069,0.0,Zamorano J. et al. (2019). TESS-W sky brightness network. Zenodo monthly archives. https://zenodo.org/records/3378728. CC0 1.0.,TESS station stars70; photometric inflection method; night median MSAS=20.42; MSAS at inflection=18.74; depression=13.66°; smoothing=5-pt median; dark rows=626
isha,2018-10-20,17:59,-1,28.525838,-14.005069,0.0,Zamorano J. et al. (2019). TESS-W sky brightness network. Zenodo monthly archives. https://zenodo.org/records/3378728. CC0 1.0.,TESS station stars70; photometric inflection method; night median MSAS=18.80; MSAS at inflection=16.63; depression=9.12°; smoothing=5-pt median; dark rows=662
fajr,2018-10-22,04:39,-1,28.525838,-14.005069,0.0,Zamorano J. et al. (2019). TESS-W sky brightness network. Zenodo monthly archives. https://zenodo.org/records/3378728. CC0 1.0.,TESS station stars70; photometric inflection method; night median MSAS=17.69; MSAS at inflection=20.01; depression=18.67°; smoothing=5-pt median; dark rows=656
isha,2018-10-27,18:05,-1,28.525838,-14.005069,0.0,Zamorano J. et al. (2019). TESS-W sky brightness network. Zenodo monthly archives. https://zenodo.org/records/3378728. CC0 1.0.,TESS station stars70; photometric inflection method; night median MSAS=18.16; MSAS at inflection=19.11; depression=11.69°; smoothing=5-pt median; dark rows=633
fajr,2018-10-28,05:16,-1,28.525838,-14.005069,0.0,Zamorano J. et al. (2019). TESS-W sky brightness network. Zenodo monthly archives. https://zenodo.org/records/3378728. CC0 1.0.,TESS station stars70; photometric inflection method; night median MSAS=18.16; MSAS at inflection=17.36; depression=11.33°; smoothing=5-pt median; dark rows=633
fajr,2018-10-29,04:32,-1,28.525838,-14.005069,0.0,Zamorano J. et al. (2019). TESS-W sky brightness network. Zenodo monthly archives. https://zenodo.org/records/3378728. CC0 1.0.,TESS station stars70; photometric inflection method; night median MSAS=18.09; MSAS at inflection=15.77; depression=20.99°; smoothing=5-pt median; dark rows=661
fajr,2018-10-31,05:04,-1,28.525838,-14.005069,0.0,Zamorano J. et al. (2019). TESS-W sky brightness network. Zenodo monthly archives. https://zenodo.org/records/3378728. CC0 1.0.,TESS station stars70; photometric inflection method; night median MSAS=18.70; MSAS at inflection=18.08; depression=14.36°; smoothing=5-pt median; dark rows=624
isha,2018-10-01,19:20,0,43.568147,1.327194,0.0,Zamorano J. et al. (2019). TESS-W sky brightness network. Zenodo monthly archives. https://zenodo.org/records/3378728. CC0 1.0.,TESS station stars71; photometric inflection method; night median MSAS=18.90; MSAS at inflection=17.68; depression=19.68°; smoothing=5-pt median; dark rows=534
fajr,2018-10-02,05:10,0,43.568147,1.327194,0.0,Zamorano J. et al. (2019). TESS-W sky brightness network. Zenodo monthly archives. https://zenodo.org/records/3378728. CC0 1.0.,TESS station stars71; photometric inflection method; night median MSAS=18.90; MSAS at inflection=16.43; depression=8.52°; smoothing=5-pt median; dark rows=534
isha,2018-10-03,18:28,0,43.568147,1.327194,0.0,Zamorano J. et al. (2019). TESS-W sky brightness network. Zenodo monthly archives. https://zenodo.org/records/3378728. CC0 1.0.,TESS station stars71; photometric inflection method; night median MSAS=19.20; MSAS at inflection=18.07; depression=11.03°; smoothing=5-pt median; dark rows=586
isha,2018-10-04,18:21,0,43.568147,1.327194,0.0,Zamorano J. et al. (2019). TESS-W sky brightness network. Zenodo monthly archives. https://zenodo.org/records/3378728. CC0 1.0.,TESS station stars71; photometric inflection method; night median MSAS=19.24; MSAS at inflection=17.71; depression=10.10°; smoothing=5-pt median; dark rows=587
isha,2018-10-10,18:42,0,43.568147,1.327194,0.0,Zamorano J. et al. (2019). TESS-W sky brightness network. Zenodo monthly archives. https://zenodo.org/records/3378728. CC0 1.0.,TESS station stars71; photometric inflection method; night median MSAS=19.18; MSAS at inflection=17.48; depression=15.69°; smoothing=5-pt median; dark rows=610
isha,2018-10-11,18:19,0,43.568147,1.327194,0.0,Zamorano J. et al. (2019). TESS-W sky brightness network. Zenodo monthly archives. https://zenodo.org/records/3378728. CC0 1.0.,TESS station stars71; photometric inflection method; night median MSAS=17.72; MSAS at inflection=17.98; depression=11.79°; smoothing=5-pt median; dark rows=520
fajr,2018-10-12,04:38,0,43.568147,1.327194,0.0,Zamorano J. et al. (2019). TESS-W sky brightness network. Zenodo monthly archives. https://zenodo.org/records/3378728. CC0 1.0.,TESS station stars71; photometric inflection method; night median MSAS=17.72; MSAS at inflection=17.16; depression=16.46°; smoothing=5-pt median; dark rows=520
fajr,2018-10-14,05:28,0,43.568147,1.327194,0.0,Zamorano J. et al. (2019). TESS-W sky brightness network. Zenodo monthly archives. https://zenodo.org/records/3378728. CC0 1.0.,TESS station stars71; photometric inflection method; night median MSAS=18.17; MSAS at inflection=15.98; depression=7.74°; smoothing=5-pt median; dark rows=544
isha,2018-10-19,18:43,0,43.568147,1.327194,0.0,Zamorano J. et al. (2019). TESS-W sky brightness network. Zenodo monthly archives. https://zenodo.org/records/3378728. CC0 1.0.,TESS station stars71; photometric inflection method; night median MSAS=18.03; MSAS at inflection=17.13; depression=18.48°; smoothing=5-pt median; dark rows=623
isha,2018-10-20,17:50,0,43.568147,1.327194,0.0,Zamorano J. et al. (2019). TESS-W sky brightness network. Zenodo monthly archives. https://zenodo.org/records/3378728. CC0 1.0.,TESS station stars71; photometric inflection method; night median MSAS=17.90; MSAS at inflection=16.73; depression=9.13°; smoothing=5-pt median; dark rows=609
fajr,2018-10-21,05:21,0,43.568147,1.327194,0.0,Zamorano J. et al. (2019). TESS-W sky brightness network. Zenodo monthly archives. https://zenodo.org/records/3378728. CC0 1.0.,TESS station stars71; photometric inflection method; night median MSAS=17.90; MSAS at inflection=16.25; depression=10.59°; smoothing=5-pt median; dark rows=609
isha,2018-10-21,17:52,0,43.568147,1.327194,0.0,Zamorano J. et al. (2019). TESS-W sky brightness network. Zenodo monthly archives. https://zenodo.org/records/3378728. CC0 1.0.,TESS station stars71; photometric inflection method; night median MSAS=18.26; MSAS at inflection=17.48; depression=9.91°; smoothing=5-pt median; dark rows=586
isha,2018-10-22,17:48,0,43.568147,1.327194,0.0,Zamorano J. et al. (2019). TESS-W sky brightness network. Zenodo monthly archives. https://zenodo.org/records/3378728. CC0 1.0.,TESS station stars71; photometric inflection method; night median MSAS=18.37; MSAS at inflection=17.02; depression=9.31°; smoothing=5-pt median; dark rows=546
isha,2018-10-23,17:41,0,43.568147,1.327194,0.0,Zamorano J. et al. (2019). TESS-W sky brightness network. Zenodo monthly archives. https://zenodo.org/records/3378728. CC0 1.0.,TESS station stars71; photometric inflection method; night median MSAS=17.96; MSAS at inflection=16.05; depression=8.37°; smoothing=5-pt median; dark rows=613
fajr,2018-10-24,05:38,0,43.568147,1.327194,0.0,Zamorano J. et al. (2019). TESS-W sky brightness network. Zenodo monthly archives. https://zenodo.org/records/3378728. CC0 1.0.,TESS station stars71; photometric inflection method; night median MSAS=17.96; MSAS at inflection=16.22; depression=8.18°; smoothing=5-pt median; dark rows=613
isha,2018-10-24,17:51,0,43.568147,1.327194,0.0,Zamorano J. et al. (2019). TESS-W sky brightness network. Zenodo monthly archives. https://zenodo.org/records/3378728. CC0 1.0.,TESS station stars71; photometric inflection method; night median MSAS=17.81; MSAS at inflection=17.58; depression=10.38°; smoothing=5-pt median; dark rows=614
isha,2018-10-03,18:19,0,47.891148,1.918363,0.0,Zamorano J. et al. (2019). TESS-W sky brightness network. Zenodo monthly archives. https://zenodo.org/records/3378728. CC0 1.0.,TESS station stars72; photometric inflection method; night median MSAS=19.05; MSAS at inflection=17.11; depression=9.43°; smoothing=5-pt median; dark rows=591
fajr,2018-10-04,05:07,0,47.891148,1.918363,0.0,Zamorano J. et al. (2019). TESS-W sky brightness network. Zenodo monthly archives. https://zenodo.org/records/3378728. CC0 1.0.,TESS station stars72; photometric inflection method; night median MSAS=19.05; MSAS at inflection=16.63; depression=8.81°; smoothing=5-pt median; dark rows=591
isha,2018-10-05,18:40,0,47.891148,1.918363,0.0,Zamorano J. et al. (2019). TESS-W sky brightness network. Zenodo monthly archives. https://zenodo.org/records/3378728. CC0 1.0.,TESS station stars72; photometric inflection method; night median MSAS=18.96; MSAS at inflection=18.68; depression=13.62°; smoothing=5-pt median; dark rows=578
fajr,2018-10-06,04:47,0,47.891148,1.918363,0.0,Zamorano J. et al. (2019). TESS-W sky brightness network. Zenodo monthly archives. https://zenodo.org/records/3378728. CC0 1.0.,TESS station stars72; photometric inflection method; night median MSAS=18.96; MSAS at inflection=18.78; depression=12.70°; smoothing=5-pt median; dark rows=578
isha,2018-10-08,18:03,0,47.891148,1.918363,0.0,Zamorano J. et al. (2019). TESS-W sky brightness network. Zenodo monthly archives. https://zenodo.org/records/3378728. CC0 1.0.,TESS station stars72; photometric inflection method; night median MSAS=18.72; MSAS at inflection=16.27; depression=8.54°; smoothing=5-pt median; dark rows=595
isha,2018-10-09,18:12,0,47.891148,1.918363,0.0,Zamorano J. et al. (2019). TESS-W sky brightness network. Zenodo monthly archives. https://zenodo.org/records/3378728. CC0 1.0.,TESS station stars72; photometric inflection method; night median MSAS=18.96; MSAS at inflection=17.59; depression=10.37°; smoothing=5-pt median; dark rows=629
isha,2018-10-11,18:26,0,47.891148,1.918363,0.0,Zamorano J. et al. (2019). TESS-W sky brightness network. Zenodo monthly archives. https://zenodo.org/records/3378728. CC0 1.0.,TESS station stars72; photometric inflection method; night median MSAS=17.55; MSAS at inflection=16.20; depression=13.28°; smoothing=5-pt median; dark rows=578
isha,2018-10-14,19:09,0,47.891148,1.918363,0.0,Zamorano J. et al. (2019). TESS-W sky brightness network. Zenodo monthly archives. https://zenodo.org/records/3378728. CC0 1.0.,TESS station stars72; photometric inflection method; night median MSAS=17.89; MSAS at inflection=17.97; depression=21.41°; smoothing=5-pt median; dark rows=580
isha,2018-10-17,17:45,0,47.891148,1.918363,0.0,Zamorano J. et al. (2019). TESS-W sky brightness network. Zenodo monthly archives. https://zenodo.org/records/3378728. CC0 1.0.,TESS station stars72; photometric inflection method; night median MSAS=18.61; MSAS at inflection=16.18; depression=8.36°; smoothing=5-pt median; dark rows=642
isha,2018-10-19,17:45,0,47.891148,1.918363,0.0,Zamorano J. et al. (2019). TESS-W sky brightness network. Zenodo monthly archives. https://zenodo.org/records/3378728. CC0 1.0.,TESS station stars72; photometric inflection method; night median MSAS=18.21; MSAS at inflection=16.41; depression=8.81°; smoothing=5-pt median; dark rows=576
isha,2018-10-20,17:50,0,47.891148,1.918363,0.0,Zamorano J. et al. (2019). TESS-W sky brightness network. Zenodo monthly archives. https://zenodo.org/records/3378728. CC0 1.0.,TESS station stars72; photometric inflection method; night median MSAS=18.32; MSAS at inflection=17.04; depression=10.01°; smoothing=5-pt median; dark rows=627
isha,2018-10-21,17:49,0,47.891148,1.918363,0.0,Zamorano J. et al. (2019). TESS-W sky brightness network. Zenodo monthly archives. https://zenodo.org/records/3378728. CC0 1.0.,TESS station stars72; photometric inflection method; night median MSAS=18.24; MSAS at inflection=17.37; depression=10.07°; smoothing=5-pt median; dark rows=634
isha,2018-10-22,17:36,0,47.891148,1.918363,0.0,Zamorano J. et al. (2019). TESS-W sky brightness network. Zenodo monthly archives. https://zenodo.org/records/3378728. CC0 1.0.,TESS station stars72; photometric inflection method; night median MSAS=18.00; MSAS at inflection=15.98; depression=8.32°; smoothing=5-pt median; dark rows=613
fajr,2018-10-23,05:26,0,47.891148,1.918363,0.0,Zamorano J. et al. (2019). TESS-W sky brightness network. Zenodo monthly archives. https://zenodo.org/records/3378728. CC0 1.0.,TESS station stars72; photometric inflection method; night median MSAS=18.00; MSAS at inflection=17.69; depression=10.08°; smoothing=5-pt median; dark rows=613
isha,2018-10-23,17:35,0,47.891148,1.918363,0.0,Zamorano J. et al. (2019). TESS-W sky brightness network. Zenodo monthly archives. https://zenodo.org/records/3378728. CC0 1.0.,TESS station stars72; photometric inflection method; night median MSAS=17.90; MSAS at inflection=16.30; depression=8.31°; smoothing=5-pt median; dark rows=617
fajr,2018-10-24,05:35,0,47.891148,1.918363,0.0,Zamorano J. et al. (2019). TESS-W sky brightness network. Zenodo monthly archives. https://zenodo.org/records/3378728. CC0 1.0.,TESS station stars72; photometric inflection method; night median MSAS=17.90; MSAS at inflection=16.29; depression=8.87°; smoothing=5-pt median; dark rows=617
fajr,2018-10-27,05:50,0,47.891148,1.918363,0.0,Zamorano J. et al. (2019). TESS-W sky brightness network. Zenodo monthly archives. https://zenodo.org/records/3378728. CC0 1.0.,TESS station stars72; photometric inflection method; night median MSAS=17.59; MSAS at inflection=15.23; depression=7.06°; smoothing=5-pt median; dark rows=512
isha,2018-10-01,18:40,0,42.71167,-1.86509,0.0,Zamorano J. et al. (2019). TESS-W sky brightness network. Zenodo monthly archives. https://zenodo.org/records/3378728. CC0 1.0.,TESS station stars8; photometric inflection method; night median MSAS=20.07; MSAS at inflection=18.01; depression=10.20°; smoothing=5-pt median; dark rows=585
fajr,2018-10-02,05:05,0,42.71167,-1.86509,0.0,Zamorano J. et al. (2019). TESS-W sky brightness network. Zenodo monthly archives. https://zenodo.org/records/3378728. CC0 1.0.,TESS station stars8; photometric inflection method; night median MSAS=20.07; MSAS at inflection=17.92; depression=11.76°; smoothing=5-pt median; dark rows=585
isha,2018-10-02,18:41,0,42.71167,-1.86509,0.0,Zamorano J. et al. (2019). TESS-W sky brightness network. Zenodo monthly archives. https://zenodo.org/records/3378728. CC0 1.0.,TESS station stars8; photometric inflection method; night median MSAS=20.70; MSAS at inflection=18.41; depression=10.75°; smoothing=5-pt median; dark rows=586
fajr,2018-10-04,05:12,0,42.71167,-1.86509,0.0,Zamorano J. et al. (2019). TESS-W sky brightness network. Zenodo monthly archives. https://zenodo.org/records/3378728. CC0 1.0.,TESS station stars8; photometric inflection method; night median MSAS=20.78; MSAS at inflection=18.59; depression=10.98°; smoothing=5-pt median; dark rows=605
fajr,2018-10-05,05:14,0,42.71167,-1.86509,0.0,Zamorano J. et al. (2019). TESS-W sky brightness network. Zenodo monthly archives. https://zenodo.org/records/3378728. CC0 1.0.,TESS station stars8; photometric inflection method; night median MSAS=20.88; MSAS at inflection=18.53; depression=10.76°; smoothing=5-pt median; dark rows=607
isha,2018-10-05,19:14,0,42.71167,-1.86509,0.0,Zamorano J. et al. (2019). TESS-W sky brightness network. Zenodo monthly archives. https://zenodo.org/records/3378728. CC0 1.0.,TESS station stars8; photometric inflection method; night median MSAS=20.88; MSAS at inflection=20.72; depression=17.83°; smoothing=5-pt median; dark rows=606
isha,2018-10-07,18:33,0,42.71167,-1.86509,0.0,Zamorano J. et al. (2019). TESS-W sky brightness network. Zenodo monthly archives. https://zenodo.org/records/3378728. CC0 1.0.,TESS station stars8; photometric inflection method; night median MSAS=20.60; MSAS at inflection=18.54; depression=10.91°; smoothing=5-pt median; dark rows=605
fajr,2018-10-09,05:15,0,42.71167,-1.86509,0.0,Zamorano J. et al. (2019). TESS-W sky brightness network. Zenodo monthly archives. https://zenodo.org/records/3378728. CC0 1.0.,TESS station stars8; photometric inflection method; night median MSAS=20.98; MSAS at inflection=19.37; depression=11.46°; smoothing=5-pt median; dark rows=608
isha,2018-10-11,19:17,0,42.71167,-1.86509,0.0,Zamorano J. et al. (2019). TESS-W sky brightness network. Zenodo monthly archives. https://zenodo.org/records/3378728. CC0 1.0.,TESS station stars8; photometric inflection method; night median MSAS=20.53; MSAS at inflection=19.77; depression=20.15°; smoothing=5-pt median; dark rows=655
fajr,2018-10-12,04:30,0,42.71167,-1.86509,0.0,Zamorano J. et al. (2019). TESS-W sky brightness network. Zenodo monthly archives. https://zenodo.org/records/3378728. CC0 1.0.,TESS station stars8; photometric inflection method; night median MSAS=20.53; MSAS at inflection=20.36; depression=20.37°; smoothing=5-pt median; dark rows=655
isha,2018-10-14,18:27,0,42.71167,-1.86509,0.0,Zamorano J. et al. (2019). TESS-W sky brightness network. Zenodo monthly archives. https://zenodo.org/records/3378728. CC0 1.0.,TESS station stars8; photometric inflection method; night median MSAS=20.14; MSAS at inflection=18.72; depression=11.91°; smoothing=5-pt median; dark rows=659
isha,2018-10-17,18:16,0,42.71167,-1.86509,0.0,Zamorano J. et al. (2019). TESS-W sky brightness network. Zenodo monthly archives. https://zenodo.org/records/3378728. CC0 1.0.,TESS station stars8; photometric inflection method; night median MSAS=19.59; MSAS at inflection=18.39; depression=10.64°; smoothing=5-pt median; dark rows=625
isha,2018-10-18,18:34,0,42.71167,-1.86509,0.0,Zamorano J. et al. (2019). TESS-W sky brightness network. Zenodo monthly archives. https://zenodo.org/records/3378728. CC0 1.0.,TESS station stars8; photometric inflection method; night median MSAS=20.11; MSAS at inflection=18.65; depression=14.27°; smoothing=5-pt median; dark rows=631
fajr,2018-10-19,05:31,0,42.71167,-1.86509,0.0,Zamorano J. et al. (2019). TESS-W sky brightness network. Zenodo monthly archives. https://zenodo.org/records/3378728. CC0 1.0.,TESS station stars8; photometric inflection method; night median MSAS=20.11; MSAS at inflection=18.18; depression=10.49°; smoothing=5-pt median; dark rows=631
isha,2018-10-19,19:08,0,42.71167,-1.86509,0.0,Zamorano J. et al. (2019). TESS-W sky brightness network. Zenodo monthly archives. https://zenodo.org/records/3378728. CC0 1.0.,TESS station stars8; photometric inflection method; night median MSAS=19.07; MSAS at inflection=18.73; depression=20.87°; smoothing=5-pt median; dark rows=626
fajr,2018-10-20,05:23,0,42.71167,-1.86509,0.0,Zamorano J. et al. (2019). TESS-W sky brightness network. Zenodo monthly archives. https://zenodo.org/records/3378728. CC0 1.0.,TESS station stars8; photometric inflection method; night median MSAS=19.07; MSAS at inflection=19.32; depression=12.26°; smoothing=5-pt median; dark rows=626
isha,2018-10-20,18:18,0,42.71167,-1.86509,0.0,Zamorano J. et al. (2019). TESS-W sky brightness network. Zenodo monthly archives. https://zenodo.org/records/3378728. CC0 1.0.,TESS station stars8; photometric inflection method; night median MSAS=19.20; MSAS at inflection=18.52; depression=11.96°; smoothing=5-pt median; dark rows=632
fajr,2018-10-21,05:27,0,42.71167,-1.86509,0.0,Zamorano J. et al. (2019). TESS-W sky brightness network. Zenodo monthly archives. https://zenodo.org/records/3378728. CC0 1.0.,TESS station stars8; photometric inflection method; night median MSAS=19.20; MSAS at inflection=19.28; depression=11.74°; smoothing=5-pt median; dark rows=632
isha,2018-10-22,17:55,0,42.71167,-1.86509,0.0,Zamorano J. et al. (2019). TESS-W sky brightness network. Zenodo monthly archives. https://zenodo.org/records/3378728. CC0 1.0.,TESS station stars8; photometric inflection method; night median MSAS=18.60; MSAS at inflection=16.15; depression=8.18°; smoothing=5-pt median; dark rows=626
fajr,2018-10-23,05:34,0,42.71167,-1.86509,0.0,Zamorano J. et al. (2019). TESS-W sky brightness network. Zenodo monthly archives. https://zenodo.org/records/3378728. CC0 1.0.,TESS station stars8; photometric inflection method; night median MSAS=18.60; MSAS at inflection=18.53; depression=10.81°; smoothing=5-pt median; dark rows=626
isha,2018-10-23,18:07,0,42.71167,-1.86509,0.0,Zamorano J. et al. (2019). TESS-W sky brightness network. Zenodo monthly archives. https://zenodo.org/records/3378728. CC0 1.0.,TESS station stars8; photometric inflection method; night median MSAS=17.94; MSAS at inflection=18.12; depression=10.65°; smoothing=5-pt median; dark rows=605
fajr,2018-10-24,05:46,0,42.71167,-1.86509,0.0,Zamorano J. et al. (2019). TESS-W sky brightness network. Zenodo monthly archives. https://zenodo.org/records/3378728. CC0 1.0.,TESS station stars8; photometric inflection method; night median MSAS=17.94; MSAS at inflection=16.60; depression=8.79°; smoothing=5-pt median; dark rows=605
isha,2018-10-24,18:05,0,42.71167,-1.86509,0.0,Zamorano J. et al. (2019). TESS-W sky brightness network. Zenodo monthly archives. https://zenodo.org/records/3378728. CC0 1.0.,TESS station stars8; photometric inflection method; night median MSAS=17.87; MSAS at inflection=18.09; depression=10.55°; smoothing=5-pt median; dark rows=614
fajr,2018-10-25,05:47,0,42.71167,-1.86509,0.0,Zamorano J. et al. (2019). TESS-W sky brightness network. Zenodo monthly archives. https://zenodo.org/records/3378728. CC0 1.0.,TESS station stars8; photometric inflection method; night median MSAS=17.87; MSAS at inflection=16.52; depression=8.86°; smoothing=5-pt median; dark rows=614
isha,2018-10-27,17:52,0,42.71167,-1.86509,0.0,Zamorano J. et al. (2019). TESS-W sky brightness network. Zenodo monthly archives. https://zenodo.org/records/3378728. CC0 1.0.,TESS station stars8; photometric inflection method; night median MSAS=18.26; MSAS at inflection=16.60; depression=8.98°; smoothing=5-pt median; dark rows=639
fajr,2018-10-28,05:07,0,42.71167,-1.86509,0.0,Zamorano J. et al. (2019). TESS-W sky brightness network. Zenodo monthly archives. https://zenodo.org/records/3378728. CC0 1.0.,TESS station stars8; photometric inflection method; night median MSAS=18.26; MSAS at inflection=17.46; depression=16.92°; smoothing=5-pt median; dark rows=639
isha,2018-10-28,18:03,0,42.71167,-1.86509,0.0,Zamorano J. et al. (2019). TESS-W sky brightness network. Zenodo monthly archives. https://zenodo.org/records/3378728. CC0 1.0.,TESS station stars8; photometric inflection method; night median MSAS=17.88; MSAS at inflection=18.35; depression=11.11°; smoothing=5-pt median; dark rows=642
fajr,2018-10-29,05:12,0,42.71167,-1.86509,0.0,Zamorano J. et al. (2019). TESS-W sky brightness network. Zenodo monthly archives. https://zenodo.org/records/3378728. CC0 1.0.,TESS station stars8; photometric inflection method; night median MSAS=17.88; MSAS at inflection=17.55; depression=16.16°; smoothing=5-pt median; dark rows=642
isha,2018-10-29,18:00,0,42.71167,-1.86509,0.0,Zamorano J. et al. (2019). TESS-W sky brightness network. Zenodo monthly archives. https://zenodo.org/records/3378728. CC0 1.0.,TESS station stars8; photometric inflection method; night median MSAS=19.64; MSAS at inflection=18.73; depression=10.84°; smoothing=5-pt median; dark rows=658
isha,2018-10-30,17:54,0,42.71167,-1.86509,0.0,Zamorano J. et al. (2019). TESS-W sky brightness network. Zenodo monthly archives. https://zenodo.org/records/3378728. CC0 1.0.,TESS station stars8; photometric inflection method; night median MSAS=19.96; MSAS at inflection=18.69; depression=10.04°; smoothing=5-pt median; dark rows=651
isha,2018-10-02,19:05,0,43.34756,-4.059549,0.0,Zamorano J. et al. (2019). TESS-W sky brightness network. Zenodo monthly archives. https://zenodo.org/records/3378728. CC0 1.0.,TESS station stars81; photometric inflection method; night median MSAS=18.61; MSAS at inflection=18.43; depression=13.41°; smoothing=5-pt median; dark rows=470
fajr,2018-10-03,05:28,0,43.34756,-4.059549,0.0,Zamorano J. et al. (2019). TESS-W sky brightness network. Zenodo monthly archives. https://zenodo.org/records/3378728. CC0 1.0.,TESS station stars81; photometric inflection method; night median MSAS=18.61; MSAS at inflection=16.96; depression=9.35°; smoothing=5-pt median; dark rows=470
fajr,2018-10-04,05:15,0,43.34756,-4.059549,0.0,Zamorano J. et al. (2019). TESS-W sky brightness network. Zenodo monthly archives. https://zenodo.org/records/3378728. CC0 1.0.,TESS station stars81; photometric inflection method; night median MSAS=18.56; MSAS at inflection=18.20; depression=11.88°; smoothing=5-pt median; dark rows=628
isha,2018-10-04,18:51,0,43.34756,-4.059549,0.0,Zamorano J. et al. (2019). TESS-W sky brightness network. Zenodo monthly archives. https://zenodo.org/records/3378728. CC0 1.0.,TESS station stars81; photometric inflection method; night median MSAS=18.69; MSAS at inflection=18.06; depression=11.60°; smoothing=5-pt median; dark rows=635
fajr,2018-10-05,04:25,0,43.34756,-4.059549,0.0,Zamorano J. et al. (2019). TESS-W sky brightness network. Zenodo monthly archives. https://zenodo.org/records/3378728. CC0 1.0.,TESS station stars81; photometric inflection method; night median MSAS=18.69; MSAS at inflection=18.75; depression=21.16°; smoothing=5-pt median; dark rows=635
isha,2018-10-05,19:34,0,43.34756,-4.059549,0.0,Zamorano J. et al. (2019). TESS-W sky brightness network. Zenodo monthly archives. https://zenodo.org/records/3378728. CC0 1.0.,TESS station stars81; photometric inflection method; night median MSAS=18.43; MSAS at inflection=18.30; depression=19.69°; smoothing=5-pt median; dark rows=642
isha,2018-10-08,18:46,0,43.34756,-4.059549,0.0,Zamorano J. et al. (2019). TESS-W sky brightness network. Zenodo monthly archives. https://zenodo.org/records/3378728. CC0 1.0.,TESS station stars81; photometric inflection method; night median MSAS=17.76; MSAS at inflection=15.32; depression=11.94°; smoothing=5-pt median; dark rows=621
fajr,2018-10-09,05:15,0,43.34756,-4.059549,0.0,Zamorano J. et al. (2019). TESS-W sky brightness network. Zenodo monthly archives. https://zenodo.org/records/3378728. CC0 1.0.,TESS station stars81; photometric inflection method; night median MSAS=17.76; MSAS at inflection=18.62; depression=12.95°; smoothing=5-pt median; dark rows=621
isha,2018-10-09,18:30,0,43.34756,-4.059549,0.0,Zamorano J. et al. (2019). TESS-W sky brightness network. Zenodo monthly archives. https://zenodo.org/records/3378728. CC0 1.0.,TESS station stars81; photometric inflection method; night median MSAS=18.74; MSAS at inflection=16.92; depression=9.33°; smoothing=5-pt median; dark rows=654
fajr,2018-10-10,05:32,0,43.34756,-4.059549,0.0,Zamorano J. et al. (2019). TESS-W sky brightness network. Zenodo monthly archives. https://zenodo.org/records/3378728. CC0 1.0.,TESS station stars81; photometric inflection method; night median MSAS=18.74; MSAS at inflection=17.94; depression=10.15°; smoothing=5-pt median; dark rows=654
isha,2018-10-10,18:35,0,43.34756,-4.059549,0.0,Zamorano J. et al. (2019). TESS-W sky brightness network. Zenodo monthly archives. https://zenodo.org/records/3378728. CC0 1.0.,TESS station stars81; photometric inflection method; night median MSAS=18.41; MSAS at inflection=17.91; depression=10.53°; smoothing=5-pt median; dark rows=659
fajr,2018-10-11,05:14,0,43.34756,-4.059549,0.0,Zamorano J. et al. (2019). TESS-W sky brightness network. Zenodo monthly archives. https://zenodo.org/records/3378728. CC0 1.0.,TESS station stars81; photometric inflection method; night median MSAS=18.41; MSAS at inflection=16.92; depression=13.68°; smoothing=5-pt median; dark rows=659
fajr,2018-10-12,05:22,0,43.34756,-4.059549,0.0,Zamorano J. et al. (2019). TESS-W sky brightness network. Zenodo monthly archives. https://zenodo.org/records/3378728. CC0 1.0.,TESS station stars81; photometric inflection method; night median MSAS=18.51; MSAS at inflection=18.29; depression=12.32°; smoothing=5-pt median; dark rows=652
isha,2018-10-12,18:46,0,43.34756,-4.059549,0.0,Zamorano J. et al. (2019). TESS-W sky brightness network. Zenodo monthly archives. https://zenodo.org/records/3378728. CC0 1.0.,TESS station stars81; photometric inflection method; night median MSAS=18.88; MSAS at inflection=18.62; depression=13.09°; smoothing=5-pt median; dark rows=639
isha,2018-10-15,18:41,0,43.34756,-4.059549,0.0,Zamorano J. et al. (2019). TESS-W sky brightness network. Zenodo monthly archives. https://zenodo.org/records/3378728. CC0 1.0.,TESS station stars81; photometric inflection method; night median MSAS=18.61; MSAS at inflection=16.39; depression=13.06°; smoothing=5-pt median; dark rows=648
fajr,2018-10-16,05:09,0,43.34756,-4.059549,0.0,Zamorano J. et al. (2019). TESS-W sky brightness network. Zenodo monthly archives. https://zenodo.org/records/3378728. CC0 1.0.,TESS station stars81; photometric inflection method; night median MSAS=18.61; MSAS at inflection=18.75; depression=15.52°; smoothing=5-pt median; dark rows=648
isha,2018-10-07,18:06,1,59.267231,18.137398,0.0,Zamorano J. et al. (2019). TESS-W sky brightness network. Zenodo monthly archives. https://zenodo.org/records/3378728. CC0 1.0.,TESS station stars83; photometric inflection method; night median MSAS=18.07; MSAS at inflection=16.72; depression=8.82°; smoothing=5-pt median; dark rows=592
fajr,2018-10-08,04:23,1,59.267231,18.137398,0.0,Zamorano J. et al. (2019). TESS-W sky brightness network. Zenodo monthly archives. https://zenodo.org/records/3378728. CC0 1.0.,TESS station stars83; photometric inflection method; night median MSAS=18.07; MSAS at inflection=16.38; depression=14.15°; smoothing=5-pt median; dark rows=592
isha,2018-10-11,18:03,1,59.267231,18.137398,0.0,Zamorano J. et al. (2019). TESS-W sky brightness network. Zenodo monthly archives. https://zenodo.org/records/3378728. CC0 1.0.,TESS station stars83; photometric inflection method; night median MSAS=17.54; MSAS at inflection=15.55; depression=9.95°; smoothing=5-pt median; dark rows=581
fajr,2018-10-02,05:01,0,40.45098,-3.726072,0.0,Zamorano J. et al. (2019). TESS-W sky brightness network. Zenodo monthly archives. https://zenodo.org/records/3378728. CC0 1.0.,TESS station stars85; photometric inflection method; night median MSAS=18.33; MSAS at inflection=17.91; depression=14.15°; smoothing=5-pt median; dark rows=1256
fajr,2018-10-03,05:18,0,40.45098,-3.726072,0.0,Zamorano J. et al. (2019). TESS-W sky brightness network. Zenodo monthly archives. https://zenodo.org/records/3378728. CC0 1.0.,TESS station stars85; photometric inflection method; night median MSAS=18.54; MSAS at inflection=17.96; depression=11.18°; smoothing=5-pt median; dark rows=1264
isha,2018-10-04,19:11,0,40.45098,-3.726072,0.0,Zamorano J. et al. (2019). TESS-W sky brightness network. Zenodo monthly archives. https://zenodo.org/records/3378728. CC0 1.0.,TESS station stars85; photometric inflection method; night median MSAS=18.40; MSAS at inflection=17.94; depression=15.91°; smoothing=5-pt median; dark rows=1275
fajr,2018-10-05,05:15,0,40.45098,-3.726072,0.0,Zamorano J. et al. (2019). TESS-W sky brightness network. Zenodo monthly archives. https://zenodo.org/records/3378728. CC0 1.0.,TESS station stars85; photometric inflection method; night median MSAS=18.40; MSAS at inflection=18.09; depression=12.24°; smoothing=5-pt median; dark rows=1275
isha,2018-10-06,18:30,0,40.45098,-3.726072,0.0,Zamorano J. et al. (2019). TESS-W sky brightness network. Zenodo monthly archives. https://zenodo.org/records/3378728. CC0 1.0.,TESS station stars85; photometric inflection method; night median MSAS=18.40; MSAS at inflection=16.72; depression=8.65°; smoothing=5-pt median; dark rows=1277
isha,2018-10-07,18:30,0,40.45098,-3.726072,0.0,Zamorano J. et al. (2019). TESS-W sky brightness network. Zenodo monthly archives. https://zenodo.org/records/3378728. CC0 1.0.,TESS station stars85; photometric inflection method; night median MSAS=18.63; MSAS at inflection=16.91; depression=9.03°; smoothing=5-pt median; dark rows=1287
fajr,2018-10-08,04:52,0,40.45098,-3.726072,0.0,Zamorano J. et al. (2019). TESS-W sky brightness network. Zenodo monthly archives. https://zenodo.org/records/3378728. CC0 1.0.,TESS station stars85; photometric inflection method; night median MSAS=18.63; MSAS at inflection=18.53; depression=17.14°; smoothing=5-pt median; dark rows=1287
fajr,2018-10-09,05:37,0,40.45098,-3.726072,0.0,Zamorano J. et al. (2019). TESS-W sky brightness network. Zenodo monthly archives. https://zenodo.org/records/3378728. CC0 1.0.,TESS station stars85; photometric inflection method; night median MSAS=18.33; MSAS at inflection=17.17; depression=8.72°; smoothing=5-pt median; dark rows=1301
isha,2018-10-12,19:26,0,40.45098,-3.726072,0.0,Zamorano J. et al. (2019). TESS-W sky brightness network. Zenodo monthly archives. https://zenodo.org/records/3378728. CC0 1.0.,TESS station stars85; photometric inflection method; night median MSAS=17.81; MSAS at inflection=17.12; depression=21.16°; smoothing=5-pt median; dark rows=1314
fajr,2018-10-13,04:50,0,40.45098,-3.726072,0.0,Zamorano J. et al. (2019). TESS-W sky brightness network. Zenodo monthly archives. https://zenodo.org/records/3378728. CC0 1.0.,TESS station stars85; photometric inflection method; night median MSAS=17.81; MSAS at inflection=17.52; depression=18.41°; smoothing=5-pt median; dark rows=1314
fajr,2018-10-15,05:16,0,40.45098,-3.726072,0.0,Zamorano J. et al. (2019). TESS-W sky brightness network. Zenodo monthly archives. https://zenodo.org/records/3378728. CC0 1.0.,TESS station stars85; photometric inflection method; night median MSAS=18.32; MSAS at inflection=18.46; depression=13.94°; smoothing=5-pt median; dark rows=1327
isha,2018-10-21,17:59,0,40.45098,-3.726072,0.0,Zamorano J. et al. (2019). TESS-W sky brightness network. Zenodo monthly archives. https://zenodo.org/records/3378728. CC0 1.0.,TESS station stars85; photometric inflection method; night median MSAS=17.71; MSAS at inflection=15.49; depression=7.06°; smoothing=5-pt median; dark rows=1355
isha,2018-10-01,19:42,1,64.209031,18.849575,0.0,Zamorano J. et al. (2019). TESS-W sky brightness network. Zenodo monthly archives. https://zenodo.org/records/3378728. CC0 1.0.,TESS station stars86; photometric inflection method; night median MSAS=19.96; MSAS at inflection=21.37; depression=16.48°; smoothing=5-pt median; dark rows=570
fajr,2018-10-02,03:54,1,64.209031,18.849575,0.0,Zamorano J. et al. (2019). TESS-W sky brightness network. Zenodo monthly archives. https://zenodo.org/records/3378728. CC0 1.0.,TESS station stars86; photometric inflection method; night median MSAS=19.96; MSAS at inflection=19.80; depression=13.73°; smoothing=5-pt median; dark rows=570
isha,2018-10-04,20:00,1,64.209031,18.849575,0.0,Zamorano J. et al. (2019). TESS-W sky brightness network. Zenodo monthly archives. https://zenodo.org/records/3378728. CC0 1.0.,TESS station stars86; photometric inflection method; night median MSAS=21.36; MSAS at inflection=21.34; depression=19.31°; smoothing=5-pt median; dark rows=587
isha,2018-10-05,18:40,1,64.209031,18.849575,0.0,Zamorano J. et al. (2019). TESS-W sky brightness network. Zenodo monthly archives. https://zenodo.org/records/3378728. CC0 1.0.,TESS station stars86; photometric inflection method; night median MSAS=21.25; MSAS at inflection=19.69; depression=11.70°; smoothing=5-pt median; dark rows=602
isha,2018-10-06,18:42,1,64.209031,18.849575,0.0,Zamorano J. et al. (2019). TESS-W sky brightness network. Zenodo monthly archives. https://zenodo.org/records/3378728. CC0 1.0.,TESS station stars86; photometric inflection method; night median MSAS=21.23; MSAS at inflection=20.12; depression=12.25°; smoothing=5-pt median; dark rows=615
isha,2018-10-07,20:07,1,64.209031,18.849575,0.0,Zamorano J. et al. (2019). TESS-W sky brightness network. Zenodo monthly archives. https://zenodo.org/records/3378728. CC0 1.0.,TESS station stars86; photometric inflection method; night median MSAS=20.01; MSAS at inflection=18.95; depression=21.15°; smoothing=5-pt median; dark rows=625
isha,2018-10-08,20:08,1,64.209031,18.849575,0.0,Zamorano J. et al. (2019). TESS-W sky brightness network. Zenodo monthly archives. https://zenodo.org/records/3378728. CC0 1.0.,TESS station stars86; photometric inflection method; night median MSAS=21.21; MSAS at inflection=21.22; depression=21.58°; smoothing=5-pt median; dark rows=591
fajr,2018-10-09,03:11,1,64.209031,18.849575,0.0,Zamorano J. et al. (2019). TESS-W sky brightness network. Zenodo monthly archives. https://zenodo.org/records/3378728. CC0 1.0.,TESS station stars86; photometric inflection method; night median MSAS=21.21; MSAS at inflection=21.35; depression=20.24°; smoothing=5-pt median; dark rows=591
isha,2018-10-09,18:19,1,64.209031,18.849575,0.0,Zamorano J. et al. (2019). TESS-W sky brightness network. Zenodo monthly archives. https://zenodo.org/records/3378728. CC0 1.0.,TESS station stars86; photometric inflection method; night median MSAS=21.13; MSAS at inflection=18.95; depression=10.93°; smoothing=5-pt median; dark rows=635
fajr,2018-10-10,04:34,1,64.209031,18.849575,0.0,Zamorano J. et al. (2019). TESS-W sky brightness network. Zenodo monthly archives. https://zenodo.org/records/3378728. CC0 1.0.,TESS station stars86; photometric inflection method; night median MSAS=21.13; MSAS at inflection=19.88; depression=12.11°; smoothing=5-pt median; dark rows=635
fajr,2018-10-11,03:23,1,64.209031,18.849575,0.0,Zamorano J. et al. (2019). TESS-W sky brightness network. Zenodo monthly archives. https://zenodo.org/records/3378728. CC0 1.0.,TESS station stars86; photometric inflection method; night median MSAS=20.96; MSAS at inflection=21.07; depression=19.77°; smoothing=5-pt median; dark rows=631
fajr,2018-10-12,04:31,1,64.209031,18.849575,0.0,Zamorano J. et al. (2019). TESS-W sky brightness network. Zenodo monthly archives. https://zenodo.org/records/3378728. CC0 1.0.,TESS station stars86; photometric inflection method; night median MSAS=20.51; MSAS at inflection=20.50; depression=13.05°; smoothing=5-pt median; dark rows=623
isha,2018-10-12,19:40,1,64.209031,18.849575,0.0,Zamorano J. et al. (2019). TESS-W sky brightness network. Zenodo monthly archives. https://zenodo.org/records/3378728. CC0 1.0.,TESS station stars86; photometric inflection method; night median MSAS=20.56; MSAS at inflection=20.20; depression=20.50°; smoothing=5-pt median; dark rows=419
fajr,2018-10-13,04:59,1,64.209031,18.849575,0.0,Zamorano J. et al. (2019). TESS-W sky brightness network. Zenodo monthly archives. https://zenodo.org/records/3378728. CC0 1.0.,TESS station stars86; photometric inflection method; night median MSAS=20.56; MSAS at inflection=18.50; depression=10.40°; smoothing=5-pt median; dark rows=419
isha,2018-10-14,18:59,1,64.209031,18.849575,0.0,Zamorano J. et al. (2019). TESS-W sky brightness network. Zenodo monthly archives. https://zenodo.org/records/3378728. CC0 1.0.,TESS station stars86; photometric inflection method; night median MSAS=21.21; MSAS at inflection=21.16; depression=17.07°; smoothing=5-pt median; dark rows=664
isha,2018-10-16,17:58,1,64.209031,18.849575,0.0,Zamorano J. et al. (2019). TESS-W sky brightness network. Zenodo monthly archives. https://zenodo.org/records/3378728. CC0 1.0.,TESS station stars86; photometric inflection method; night median MSAS=21.48; MSAS at inflection=19.36; depression=11.25°; smoothing=5-pt median; dark rows=670
isha,2018-10-17,19:21,1,64.209031,18.849575,0.0,Zamorano J. et al. (2019). TESS-W sky brightness network. Zenodo monthly archives. https://zenodo.org/records/3378728. CC0 1.0.,TESS station stars86; photometric inflection method; night median MSAS=21.30; MSAS at inflection=20.74; depression=20.37°; smoothing=5-pt median; dark rows=685
isha,2018-10-19,18:46,1,64.209031,18.849575,0.0,Zamorano J. et al. (2019). TESS-W sky brightness network. Zenodo monthly archives. https://zenodo.org/records/3378728. CC0 1.0.,TESS station stars86; photometric inflection method; night median MSAS=20.19; MSAS at inflection=19.65; depression=17.49°; smoothing=5-pt median; dark rows=645
fajr,2018-10-20,04:56,1,64.209031,18.849575,0.0,Zamorano J. et al. (2019). TESS-W sky brightness network. Zenodo monthly archives. https://zenodo.org/records/3378728. CC0 1.0.,TESS station stars86; photometric inflection method; night median MSAS=20.19; MSAS at inflection=20.93; depression=12.83°; smoothing=5-pt median; dark rows=645
isha,2018-10-21,18:33,1,64.209031,18.849575,0.0,Zamorano J. et al. (2019). TESS-W sky brightness network. Zenodo monthly archives. https://zenodo.org/records/3378728. CC0 1.0.,TESS station stars86; photometric inflection method; night median MSAS=19.69; MSAS at inflection=19.77; depression=16.78°; smoothing=5-pt median; dark rows=684
isha,2018-10-27,17:40,1,64.209031,18.849575,0.0,Zamorano J. et al. (2019). TESS-W sky brightness network. Zenodo monthly archives. https://zenodo.org/records/3378728. CC0 1.0.,TESS station stars86; photometric inflection method; night median MSAS=18.58; MSAS at inflection=19.68; depression=12.97°; smoothing=5-pt median; dark rows=730
isha,2018-10-28,17:29,1,64.209031,18.849575,0.0,Zamorano J. et al. (2019). TESS-W sky brightness network. Zenodo monthly archives. https://zenodo.org/records/3378728. CC0 1.0.,TESS station stars86; photometric inflection method; night median MSAS=19.70; MSAS at inflection=19.92; depression=12.03°; smoothing=5-pt median; dark rows=718
isha,2018-10-29,17:42,1,64.209031,18.849575,0.0,Zamorano J. et al. (2019). TESS-W sky brightness network. Zenodo monthly archives. https://zenodo.org/records/3378728. CC0 1.0.,TESS station stars86; photometric inflection method; night median MSAS=18.76; MSAS at inflection=20.91; depression=13.73°; smoothing=5-pt median; dark rows=748
isha,2018-10-02,18:19,-7,30.534095,-98.905275,0.0,Zamorano J. et al. (2019). TESS-W sky brightness network. Zenodo monthly archives. https://zenodo.org/records/3378728. CC0 1.0.,TESS station stars89; photometric inflection method; night median MSAS=21.31; MSAS at inflection=20.73; depression=13.82°; smoothing=5-pt median; dark rows=568
fajr,2018-10-07,04:43,-7,30.534095,-98.905275,0.0,Zamorano J. et al. (2019). TESS-W sky brightness network. Zenodo monthly archives. https://zenodo.org/records/3378728. CC0 1.0.,TESS station stars89; photometric inflection method; night median MSAS=21.66; MSAS at inflection=19.36; depression=11.47°; smoothing=5-pt median; dark rows=460
isha,2018-10-07,18:02,-7,30.534095,-98.905275,0.0,Zamorano J. et al. (2019). TESS-W sky brightness network. Zenodo monthly archives. https://zenodo.org/records/3378728. CC0 1.0.,TESS station stars89; photometric inflection method; night median MSAS=22.14; MSAS at inflection=21.04; depression=11.45°; smoothing=5-pt median; dark rows=577
isha,2018-10-12,18:07,-7,30.534095,-98.905275,0.0,Zamorano J. et al. (2019). TESS-W sky brightness network. Zenodo monthly archives. https://zenodo.org/records/3378728. CC0 1.0.,TESS station stars89; photometric inflection method; night median MSAS=21.86; MSAS at inflection=20.66; depression=13.77°; smoothing=5-pt median; dark rows=596
isha,2018-10-13,18:28,-7,30.534095,-98.905275,0.0,Zamorano J. et al. (2019). TESS-W sky brightness network. Zenodo monthly archives. https://zenodo.org/records/3378728. CC0 1.0.,TESS station stars89; photometric inflection method; night median MSAS=21.71; MSAS at inflection=20.69; depression=18.38°; smoothing=5-pt median; dark rows=593
isha,2018-10-18,17:39,-7,30.534095,-98.905275,0.0,Zamorano J. et al. (2019). TESS-W sky brightness network. Zenodo monthly archives. https://zenodo.org/records/3378728. CC0 1.0.,TESS station stars89; photometric inflection method; night median MSAS=20.21; MSAS at inflection=18.32; depression=9.11°; smoothing=5-pt median; dark rows=597
fajr,2018-10-20,05:03,-7,30.534095,-98.905275,0.0,Zamorano J. et al. (2019). TESS-W sky brightness network. Zenodo monthly archives. https://zenodo.org/records/3378728. CC0 1.0.,TESS station stars89; photometric inflection method; night median MSAS=18.73; MSAS at inflection=16.70; depression=8.96°; smoothing=5-pt median; dark rows=582
isha,2018-10-20,17:35,-7,30.534095,-98.905275,0.0,Zamorano J. et al. (2019). TESS-W sky brightness network. Zenodo monthly archives. https://zenodo.org/records/3378728. CC0 1.0.,TESS station stars89; photometric inflection method; night median MSAS=18.50; MSAS at inflection=16.12; depression=8.70°; smoothing=5-pt median; dark rows=584
fajr,2018-10-21,04:54,-7,30.534095,-98.905275,0.0,Zamorano J. et al. (2019). TESS-W sky brightness network. Zenodo monthly archives. https://zenodo.org/records/3378728. CC0 1.0.,TESS station stars89; photometric inflection method; night median MSAS=18.50; MSAS at inflection=18.63; depression=10.97°; smoothing=5-pt median; dark rows=584
isha,2018-10-21,18:34,-7,30.534095,-98.905275,0.0,Zamorano J. et al. (2019). TESS-W sky brightness network. Zenodo monthly archives. https://zenodo.org/records/3378728. CC0 1.0.,TESS station stars89; photometric inflection method; night median MSAS=18.01; MSAS at inflection=18.42; depression=21.43°; smoothing=5-pt median; dark rows=577
fajr,2018-10-22,05:05,-7,30.534095,-98.905275,0.0,Zamorano J. et al. (2019). TESS-W sky brightness network. Zenodo monthly archives. https://zenodo.org/records/3378728. CC0 1.0.,TESS station stars89; photometric inflection method; night median MSAS=18.01; MSAS at inflection=16.71; depression=8.73°; smoothing=5-pt median; dark rows=577
isha,2018-10-26,17:41,-7,30.534095,-98.905275,0.0,Zamorano J. et al. (2019). TESS-W sky brightness network. Zenodo monthly archives. https://zenodo.org/records/3378728. CC0 1.0.,TESS station stars89; photometric inflection method; night median MSAS=18.15; MSAS at inflection=18.53; depression=11.03°; smoothing=5-pt median; dark rows=602
fajr,2018-10-27,04:57,-7,30.534095,-98.905275,0.0,Zamorano J. et al. (2019). TESS-W sky brightness network. Zenodo monthly archives. https://zenodo.org/records/3378728. CC0 1.0.,TESS station stars89; photometric inflection method; night median MSAS=18.15; MSAS at inflection=17.75; depression=11.16°; smoothing=5-pt median; dark rows=602
isha,2018-10-27,17:36,-7,30.534095,-98.905275,0.0,Zamorano J. et al. (2019). TESS-W sky brightness network. Zenodo monthly archives. https://zenodo.org/records/3378728. CC0 1.0.,TESS station stars89; photometric inflection method; night median MSAS=19.04; MSAS at inflection=17.78; depression=10.30°; smoothing=5-pt median; dark rows=601
fajr,2018-10-28,05:07,-7,30.534095,-98.905275,0.0,Zamorano J. et al. (2019). TESS-W sky brightness network. Zenodo monthly archives. https://zenodo.org/records/3378728. CC0 1.0.,TESS station stars89; photometric inflection method; night median MSAS=19.04; MSAS at inflection=16.73; depression=9.25°; smoothing=5-pt median; dark rows=601
isha,2018-10-28,17:37,-7,30.534095,-98.905275,0.0,Zamorano J. et al. (2019). TESS-W sky brightness network. Zenodo monthly archives. https://zenodo.org/records/3378728. CC0 1.0.,TESS station stars89; photometric inflection method; night median MSAS=20.04; MSAS at inflection=18.03; depression=10.56°; smoothing=5-pt median; dark rows=519
isha,2018-10-29,17:37,-7,30.534095,-98.905275,0.0,Zamorano J. et al. (2019). TESS-W sky brightness network. Zenodo monthly archives. https://zenodo.org/records/3378728. CC0 1.0.,TESS station stars89; photometric inflection method; night median MSAS=20.71; MSAS at inflection=18.48; depression=10.67°; smoothing=5-pt median; dark rows=468
fajr,2018-10-31,05:06,-7,30.534095,-98.905275,0.0,Zamorano J. et al. (2019). TESS-W sky brightness network. Zenodo monthly archives. https://zenodo.org/records/3378728. CC0 1.0.,TESS station stars89; photometric inflection method; night median MSAS=20.83; MSAS at inflection=19.00; depression=9.90°; smoothing=5-pt median; dark rows=614
fajr,2018-10-02,05:10,0,38.409226,-4.894376,0.0,Zamorano J. et al. (2019). TESS-W sky brightness network. Zenodo monthly archives. https://zenodo.org/records/3378728. CC0 1.0.,TESS station stars9; photometric inflection method; night median MSAS=19.70; MSAS at inflection=18.21; depression=13.61°; smoothing=5-pt median; dark rows=627
isha,2018-10-03,19:00,0,38.409226,-4.894376,0.0,Zamorano J. et al. (2019). TESS-W sky brightness network. Zenodo monthly archives. https://zenodo.org/records/3378728. CC0 1.0.,TESS station stars9; photometric inflection method; night median MSAS=19.90; MSAS at inflection=19.38; depression=12.69°; smoothing=5-pt median; dark rows=632
isha,2018-10-05,19:24,0,38.409226,-4.894376,0.0,Zamorano J. et al. (2019). TESS-W sky brightness network. Zenodo monthly archives. https://zenodo.org/records/3378728. CC0 1.0.,TESS station stars9; photometric inflection method; night median MSAS=20.10; MSAS at inflection=19.63; depression=18.03°; smoothing=5-pt median; dark rows=634
isha,2018-10-06,18:44,0,38.409226,-4.894376,0.0,Zamorano J. et al. (2019). TESS-W sky brightness network. Zenodo monthly archives. https://zenodo.org/records/3378728. CC0 1.0.,TESS station stars9; photometric inflection method; night median MSAS=20.09; MSAS at inflection=18.33; depression=10.60°; smoothing=5-pt median; dark rows=637
fajr,2018-10-07,05:30,0,38.409226,-4.894376,0.0,Zamorano J. et al. (2019). TESS-W sky brightness network. Zenodo monthly archives. https://zenodo.org/records/3378728. CC0 1.0.,TESS station stars9; photometric inflection method; night median MSAS=20.09; MSAS at inflection=18.29; depression=10.61°; smoothing=5-pt median; dark rows=637
isha,2018-10-07,19:27,0,38.409226,-4.894376,0.0,Zamorano J. et al. (2019). TESS-W sky brightness network. Zenodo monthly archives. https://zenodo.org/records/3378728. CC0 1.0.,TESS station stars9; photometric inflection method; night median MSAS=20.19; MSAS at inflection=19.72; depression=19.12°; smoothing=5-pt median; dark rows=636
fajr,2018-10-08,05:27,0,38.409226,-4.894376,0.0,Zamorano J. et al. (2019). TESS-W sky brightness network. Zenodo monthly archives. https://zenodo.org/records/3378728. CC0 1.0.,TESS station stars9; photometric inflection method; night median MSAS=20.19; MSAS at inflection=18.98; depression=11.34°; smoothing=5-pt median; dark rows=636
isha,2018-10-09,18:37,0,38.409226,-4.894376,0.0,Zamorano J. et al. (2019). TESS-W sky brightness network. Zenodo monthly archives. https://zenodo.org/records/3378728. CC0 1.0.,TESS station stars9; photometric inflection method; night median MSAS=19.50; MSAS at inflection=17.41; depression=9.95°; smoothing=5-pt median; dark rows=647
isha,2018-10-13,18:56,0,38.409226,-4.894376,0.0,Zamorano J. et al. (2019). TESS-W sky brightness network. Zenodo monthly archives. https://zenodo.org/records/3378728. CC0 1.0.,TESS station stars9; photometric inflection method; night median MSAS=19.64; MSAS at inflection=19.66; depression=14.95°; smoothing=5-pt median; dark rows=661
isha,2018-10-14,18:58,0,38.409226,-4.894376,0.0,Zamorano J. et al. (2019). TESS-W sky brightness network. Zenodo monthly archives. https://zenodo.org/records/3378728. CC0 1.0.,TESS station stars9; photometric inflection method; night median MSAS=20.16; MSAS at inflection=19.59; depression=15.57°; smoothing=5-pt median; dark rows=592
fajr,2018-10-17,05:13,0,38.409226,-4.894376,0.0,Zamorano J. et al. (2019). TESS-W sky brightness network. Zenodo monthly archives. https://zenodo.org/records/3378728. CC0 1.0.,TESS station stars9; photometric inflection method; night median MSAS=20.25; MSAS at inflection=20.20; depression=15.87°; smoothing=5-pt median; dark rows=652
isha,2018-10-17,18:42,0,38.409226,-4.894376,0.0,Zamorano J. et al. (2019). TESS-W sky brightness network. Zenodo monthly archives. https://zenodo.org/records/3378728. CC0 1.0.,TESS station stars9; photometric inflection method; night median MSAS=18.58; MSAS at inflection=17.72; depression=13.26°; smoothing=5-pt median; dark rows=656
isha,2018-10-20,18:35,0,38.409226,-4.894376,0.0,Zamorano J. et al. (2019). TESS-W sky brightness network. Zenodo monthly archives. https://zenodo.org/records/3378728. CC0 1.0.,TESS station stars9; photometric inflection method; night median MSAS=17.92; MSAS at inflection=18.35; depression=12.54°; smoothing=5-pt median; dark rows=677
isha,2018-10-22,19:09,0,38.409226,-4.894376,0.0,Zamorano J. et al. (2019). TESS-W sky brightness network. Zenodo monthly archives. https://zenodo.org/records/3378728. CC0 1.0.,TESS station stars9; photometric inflection method; night median MSAS=17.75; MSAS at inflection=18.33; depression=19.65°; smoothing=5-pt median; dark rows=681
fajr,2018-10-23,05:13,0,38.409226,-4.894376,0.0,Zamorano J. et al. (2019). TESS-W sky brightness network. Zenodo monthly archives. https://zenodo.org/records/3378728. CC0 1.0.,TESS station stars9; photometric inflection method; night median MSAS=17.75; MSAS at inflection=19.45; depression=16.87°; smoothing=5-pt median; dark rows=681
isha,2018-10-28,18:20,0,38.409226,-4.894376,0.0,Zamorano J. et al. (2019). TESS-W sky brightness network. Zenodo monthly archives. https://zenodo.org/records/3378728. CC0 1.0.,TESS station stars9; photometric inflection method; night median MSAS=18.55; MSAS at inflection=18.96; depression=11.57°; smoothing=5-pt median; dark rows=691
isha,2018-10-01,23:49,1,78.148247,16.036735,0.0,Zamorano J. et al. (2019). TESS-W sky brightness network. Zenodo monthly archives. https://zenodo.org/records/3378728. CC0 1.0.,TESS station stars91; photometric inflection method; night median MSAS=18.91; MSAS at inflection=19.21; depression=15.30°; smoothing=5-pt median; dark rows=427
isha,2018-10-05,23:46,1,78.148247,16.036735,0.0,Zamorano J. et al. (2019). TESS-W sky brightness network. Zenodo monthly archives. https://zenodo.org/records/3378728. CC0 1.0.,TESS station stars91; photometric inflection method; night median MSAS=20.44; MSAS at inflection=20.52; depression=16.85°; smoothing=5-pt median; dark rows=502
fajr,2018-10-06,01:16,1,78.148247,16.036735,0.0,Zamorano J. et al. (2019). TESS-W sky brightness network. Zenodo monthly archives. https://zenodo.org/records/3378728. CC0 1.0.,TESS station stars91; photometric inflection method; night median MSAS=20.44; MSAS at inflection=20.80; depression=15.89°; smoothing=5-pt median; dark rows=502
fajr,2018-10-07,03:49,1,78.148247,16.036735,0.0,Zamorano J. et al. (2019). TESS-W sky brightness network. Zenodo monthly archives. https://zenodo.org/records/3378728. CC0 1.0.,TESS station stars91; photometric inflection method; night median MSAS=21.13; MSAS at inflection=18.79; depression=11.00°; smoothing=5-pt median; dark rows=432
isha,2018-10-07,19:33,1,78.148247,16.036735,0.0,Zamorano J. et al. (2019). TESS-W sky brightness network. Zenodo monthly archives. https://zenodo.org/records/3378728. CC0 1.0.,TESS station stars91; photometric inflection method; night median MSAS=20.81; MSAS at inflection=18.87; depression=11.02°; smoothing=5-pt median; dark rows=497
fajr,2018-10-07,23:59,1,78.148247,16.036735,0.0,Zamorano J. et al. (2019). TESS-W sky brightness network. Zenodo monthly archives. https://zenodo.org/records/3378728. CC0 1.0.,TESS station stars91; photometric inflection method; night median MSAS=20.81; MSAS at inflection=20.93; depression=17.58°; smoothing=5-pt median; dark rows=497
fajr,2018-10-09,01:22,1,78.148247,16.036735,0.0,Zamorano J. et al. (2019). TESS-W sky brightness network. Zenodo monthly archives. https://zenodo.org/records/3378728. CC0 1.0.,TESS station stars91; photometric inflection method; night median MSAS=20.47; MSAS at inflection=20.65; depression=16.89°; smoothing=5-pt median; dark rows=462
isha,2018-10-09,23:22,1,78.148247,16.036735,0.0,Zamorano J. et al. (2019). TESS-W sky brightness network. Zenodo monthly archives. https://zenodo.org/records/3378728. CC0 1.0.,TESS station stars91; photometric inflection method; night median MSAS=20.11; MSAS at inflection=18.40; depression=18.32°; smoothing=5-pt median; dark rows=551
fajr,2018-10-09,23:46,1,78.148247,16.036735,0.0,Zamorano J. et al. (2019). TESS-W sky brightness network. Zenodo monthly archives. https://zenodo.org/records/3378728. CC0 1.0.,TESS station stars91; photometric inflection method; night median MSAS=20.11; MSAS at inflection=20.07; depression=18.37°; smoothing=5-pt median; dark rows=551
fajr,2018-10-11,03:28,1,78.148247,16.036735,0.0,Zamorano J. et al. (2019). TESS-W sky brightness network. Zenodo monthly archives. https://zenodo.org/records/3378728. CC0 1.0.,TESS station stars91; photometric inflection method; night median MSAS=20.42; MSAS at inflection=19.82; depression=13.37°; smoothing=5-pt median; dark rows=577
isha,2018-10-11,23:27,1,78.148247,16.036735,0.0,Zamorano J. et al. (2019). TESS-W sky brightness network. Zenodo monthly archives. https://zenodo.org/records/3378728. CC0 1.0.,TESS station stars91; photometric inflection method; night median MSAS=20.42; MSAS at inflection=20.97; depression=19.10°; smoothing=5-pt median; dark rows=596
isha,2018-10-12,19:22,1,78.148247,16.036735,0.0,Zamorano J. et al. (2019). TESS-W sky brightness network. Zenodo monthly archives. https://zenodo.org/records/3378728. CC0 1.0.,TESS station stars91; photometric inflection method; night median MSAS=20.21; MSAS at inflection=19.53; depression=12.45°; smoothing=5-pt median; dark rows=607
isha,2018-10-13,21:39,1,78.148247,16.036735,0.0,Zamorano J. et al. (2019). TESS-W sky brightness network. Zenodo monthly archives. https://zenodo.org/records/3378728. CC0 1.0.,TESS station stars91; photometric inflection method; night median MSAS=20.57; MSAS at inflection=20.83; depression=18.14°; smoothing=5-pt median; dark rows=588
fajr,2018-10-14,00:10,1,78.148247,16.036735,0.0,Zamorano J. et al. (2019). TESS-W sky brightness network. Zenodo monthly archives. https://zenodo.org/records/3378728. CC0 1.0.,TESS station stars91; photometric inflection method; night median MSAS=20.57; MSAS at inflection=20.71; depression=19.79°; smoothing=5-pt median; dark rows=588
fajr,2018-10-14,23:51,1,78.148247,16.036735,0.0,Zamorano J. et al. (2019). TESS-W sky brightness network. Zenodo monthly archives. https://zenodo.org/records/3378728. CC0 1.0.,TESS station stars91; photometric inflection method; night median MSAS=21.06; MSAS at inflection=20.90; depression=20.24°; smoothing=5-pt median; dark rows=617
isha,2018-10-15,22:58,1,78.148247,16.036735,0.0,Zamorano J. et al. (2019). TESS-W sky brightness network. Zenodo monthly archives. https://zenodo.org/records/3378728. CC0 1.0.,TESS station stars91; photometric inflection method; night median MSAS=20.76; MSAS at inflection=21.02; depression=20.39°; smoothing=5-pt median; dark rows=614
fajr,2018-10-16,05:01,1,78.148247,16.036735,0.0,Zamorano J. et al. (2019). TESS-W sky brightness network. Zenodo monthly archives. https://zenodo.org/records/3378728. CC0 1.0.,TESS station stars91; photometric inflection method; night median MSAS=20.76; MSAS at inflection=18.65; depression=10.72°; smoothing=5-pt median; dark rows=614
fajr,2018-10-17,04:32,1,78.148247,16.036735,0.0,Zamorano J. et al. (2019). TESS-W sky brightness network. Zenodo monthly archives. https://zenodo.org/records/3378728. CC0 1.0.,TESS station stars91; photometric inflection method; night median MSAS=21.07; MSAS at inflection=19.92; depression=12.49°; smoothing=5-pt median; dark rows=645
isha,2018-10-17,23:22,1,78.148247,16.036735,0.0,Zamorano J. et al. (2019). TESS-W sky brightness network. Zenodo monthly archives. https://zenodo.org/records/3378728. CC0 1.0.,TESS station stars91; photometric inflection method; night median MSAS=21.22; MSAS at inflection=21.19; depression=21.30°; smoothing=5-pt median; dark rows=599
fajr,2018-10-18,02:27,1,78.148247,16.036735,0.0,Zamorano J. et al. (2019). TESS-W sky brightness network. Zenodo monthly archives. https://zenodo.org/records/3378728. CC0 1.0.,TESS station stars91; photometric inflection method; night median MSAS=21.22; MSAS at inflection=21.14; depression=18.30°; smoothing=5-pt median; dark rows=599
isha,2018-10-18,23:40,1,78.148247,16.036735,0.0,Zamorano J. et al. (2019). TESS-W sky brightness network. Zenodo monthly archives. https://zenodo.org/records/3378728. CC0 1.0.,TESS station stars91; photometric inflection method; night median MSAS=21.16; MSAS at inflection=21.25; depression=21.71°; smoothing=5-pt median; dark rows=693
fajr,2018-10-20,05:23,1,78.148247,16.036735,0.0,Zamorano J. et al. (2019). TESS-W sky brightness network. Zenodo monthly archives. https://zenodo.org/records/3378728. CC0 1.0.,TESS station stars91; photometric inflection method; night median MSAS=21.27; MSAS at inflection=18.79; depression=10.99°; smoothing=5-pt median; dark rows=693
fajr,2018-10-21,05:11,1,78.148247,16.036735,0.0,Zamorano J. et al. (2019). TESS-W sky brightness network. Zenodo monthly archives. https://zenodo.org/records/3378728. CC0 1.0.,TESS station stars91; photometric inflection method; night median MSAS=20.61; MSAS at inflection=19.00; depression=11.92°; smoothing=5-pt median; dark rows=715
fajr,2018-10-22,01:26,1,78.148247,16.036735,0.0,Zamorano J. et al. (2019). TESS-W sky brightness network. Zenodo monthly archives. https://zenodo.org/records/3378728. CC0 1.0.,TESS station stars91; photometric inflection method; night median MSAS=19.86; MSAS at inflection=20.16; depression=21.49°; smoothing=5-pt median; dark rows=722
isha,2018-10-22,20:05,1,78.148247,16.036735,0.0,Zamorano J. et al. (2019). TESS-W sky brightness network. Zenodo monthly archives. https://zenodo.org/records/3378728. CC0 1.0.,TESS station stars91; photometric inflection method; night median MSAS=18.74; MSAS at inflection=18.46; depression=18.08°; smoothing=5-pt median; dark rows=743
fajr,2018-10-23,01:49,1,78.148247,16.036735,0.0,Zamorano J. et al. (2019). TESS-W sky brightness network. Zenodo monthly archives. https://zenodo.org/records/3378728. CC0 1.0.,TESS station stars91; photometric inflection method; night median MSAS=18.74; MSAS at inflection=19.13; depression=21.25°; smoothing=5-pt median; dark rows=743
isha,2018-10-23,17:12,1,78.148247,16.036735,0.0,Zamorano J. et al. (2019). TESS-W sky brightness network. Zenodo monthly archives. https://zenodo.org/records/3378728. CC0 1.0.,TESS station stars91; photometric inflection method; night median MSAS=17.91; MSAS at inflection=17.03; depression=9.87°; smoothing=5-pt median; dark rows=697
fajr,2018-10-27,02:28,1,78.148247,16.036735,0.0,Zamorano J. et al. (2019). TESS-W sky brightness network. Zenodo monthly archives. https://zenodo.org/records/3378728. CC0 1.0.,TESS station stars91; photometric inflection method; night median MSAS=17.96; MSAS at inflection=17.48; depression=21.31°; smoothing=5-pt median; dark rows=560
fajr,2018-10-28,03:13,1,78.148247,16.036735,0.0,Zamorano J. et al. (2019). TESS-W sky brightness network. Zenodo monthly archives. https://zenodo.org/records/3378728. CC0 1.0.,TESS station stars91; photometric inflection method; night median MSAS=17.91; MSAS at inflection=17.70; depression=19.89°; smoothing=5-pt median; dark rows=795
fajr,2018-10-29,02:59,1,78.148247,16.036735,0.0,Zamorano J. et al. (2019). TESS-W sky brightness network. Zenodo monthly archives. https://zenodo.org/records/3378728. CC0 1.0.,TESS station stars91; photometric inflection method; night median MSAS=17.89; MSAS at inflection=17.63; depression=20.78°; smoothing=5-pt median; dark rows=818
fajr,2018-10-30,03:20,1,78.148247,16.036735,0.0,Zamorano J. et al. (2019). TESS-W sky brightness network. Zenodo monthly archives. https://zenodo.org/records/3378728. CC0 1.0.,TESS station stars91; photometric inflection method; night median MSAS=18.41; MSAS at inflection=17.84; depression=20.25°; smoothing=5-pt median; dark rows=817
fajr,2018-10-31,04:16,1,78.148247,16.036735,0.0,Zamorano J. et al. (2019). TESS-W sky brightness network. Zenodo monthly archives. https://zenodo.org/records/3378728. CC0 1.0.,TESS station stars91; photometric inflection method; night median MSAS=18.69; MSAS at inflection=18.54; depression=17.98°; smoothing=5-pt median; dark rows=834
isha,2018-10-31,18:40,1,78.148247,16.036735,0.0,Zamorano J. et al. (2019). TESS-W sky brightness network. Zenodo monthly archives. https://zenodo.org/records/3378728. CC0 1.0.,TESS station stars91; photometric inflection method; night median MSAS=20.48; MSAS at inflection=19.65; depression=17.04°; smoothing=5-pt median; dark rows=500
isha,2018-10-02,18:38,2,42.637673,23.295422,0.0,Zamorano J. et al. (2019). TESS-W sky brightness network. Zenodo monthly archives. https://zenodo.org/records/3378728. CC0 1.0.,TESS station stars92; photometric inflection method; night median MSAS=17.61; MSAS at inflection=15.29; depression=6.54°; smoothing=5-pt median; dark rows=584
isha,2018-10-03,19:59,2,42.637673,23.295422,0.0,Zamorano J. et al. (2019). TESS-W sky brightness network. Zenodo monthly archives. https://zenodo.org/records/3378728. CC0 1.0.,TESS station stars92; photometric inflection method; night median MSAS=19.18; MSAS at inflection=17.06; depression=21.75°; smoothing=5-pt median; dark rows=537
isha,2018-10-04,19:58,2,42.637673,23.295422,0.0,Zamorano J. et al. (2019). TESS-W sky brightness network. Zenodo monthly archives. https://zenodo.org/records/3378728. CC0 1.0.,TESS station stars92; photometric inflection method; night median MSAS=19.14; MSAS at inflection=18.95; depression=21.91°; smoothing=5-pt median; dark rows=550
isha,2018-10-05,18:44,2,42.637673,23.295422,0.0,Zamorano J. et al. (2019). TESS-W sky brightness network. Zenodo monthly archives. https://zenodo.org/records/3378728. CC0 1.0.,TESS station stars92; photometric inflection method; night median MSAS=19.06; MSAS at inflection=16.91; depression=8.75°; smoothing=5-pt median; dark rows=554
isha,2018-10-06,19:04,2,42.637673,23.295422,0.0,Zamorano J. et al. (2019). TESS-W sky brightness network. Zenodo monthly archives. https://zenodo.org/records/3378728. CC0 1.0.,TESS station stars92; photometric inflection method; night median MSAS=19.12; MSAS at inflection=18.95; depression=12.74°; smoothing=5-pt median; dark rows=578
fajr,2018-10-07,05:35,2,42.637673,23.295422,0.0,Zamorano J. et al. (2019). TESS-W sky brightness network. Zenodo monthly archives. https://zenodo.org/records/3378728. CC0 1.0.,TESS station stars92; photometric inflection method; night median MSAS=19.12; MSAS at inflection=18.33; depression=10.94°; smoothing=5-pt median; dark rows=578
fajr,2018-10-08,05:38,2,42.637673,23.295422,0.0,Zamorano J. et al. (2019). TESS-W sky brightness network. Zenodo monthly archives. https://zenodo.org/records/3378728. CC0 1.0.,TESS station stars92; photometric inflection method; night median MSAS=19.07; MSAS at inflection=18.16; depression=10.54°; smoothing=5-pt median; dark rows=549
fajr,2018-10-09,05:37,2,42.637673,23.295422,0.0,Zamorano J. et al. (2019). TESS-W sky brightness network. Zenodo monthly archives. https://zenodo.org/records/3378728. CC0 1.0.,TESS station stars92; photometric inflection method; night median MSAS=19.08; MSAS at inflection=18.19; depression=10.89°; smoothing=5-pt median; dark rows=579
isha,2018-10-09,19:06,2,42.637673,23.295422,0.0,Zamorano J. et al. (2019). TESS-W sky brightness network. Zenodo monthly archives. https://zenodo.org/records/3378728. CC0 1.0.,TESS station stars92; photometric inflection method; night median MSAS=19.12; MSAS at inflection=18.92; depression=14.03°; smoothing=5-pt median; dark rows=555
isha,2018-10-10,18:43,2,42.637673,23.295422,0.0,Zamorano J. et al. (2019). TESS-W sky brightness network. Zenodo monthly archives. https://zenodo.org/records/3378728. CC0 1.0.,TESS station stars92; photometric inflection method; night median MSAS=19.02; MSAS at inflection=17.74; depression=10.08°; smoothing=5-pt median; dark rows=606
fajr,2018-10-11,05:50,2,42.637673,23.295422,0.0,Zamorano J. et al. (2019). TESS-W sky brightness network. Zenodo monthly archives. https://zenodo.org/records/3378728. CC0 1.0.,TESS station stars92; photometric inflection method; night median MSAS=19.02; MSAS at inflection=17.08; depression=9.06°; smoothing=5-pt median; dark rows=606
isha,2018-10-11,18:53,2,42.637673,23.295422,0.0,Zamorano J. et al. (2019). TESS-W sky brightness network. Zenodo monthly archives. https://zenodo.org/records/3378728. CC0 1.0.,TESS station stars92; photometric inflection method; night median MSAS=17.77; MSAS at inflection=16.87; depression=12.11°; smoothing=5-pt median; dark rows=549
fajr,2018-10-12,04:40,2,42.637673,23.295422,0.0,Zamorano J. et al. (2019). TESS-W sky brightness network. Zenodo monthly archives. https://zenodo.org/records/3378728. CC0 1.0.,TESS station stars92; photometric inflection method; night median MSAS=17.77; MSAS at inflection=18.78; depression=21.92°; smoothing=5-pt median; dark rows=549
isha,2018-10-12,18:44,2,42.637673,23.295422,0.0,Zamorano J. et al. (2019). TESS-W sky brightness network. Zenodo monthly archives. https://zenodo.org/records/3378728. CC0 1.0.,TESS station stars92; photometric inflection method; night median MSAS=17.62; MSAS at inflection=17.74; depression=10.82°; smoothing=5-pt median; dark rows=569
fajr,2018-10-13,05:40,2,42.637673,23.295422,0.0,Zamorano J. et al. (2019). TESS-W sky brightness network. Zenodo monthly archives. https://zenodo.org/records/3378728. CC0 1.0.,TESS station stars92; photometric inflection method; night median MSAS=17.62; MSAS at inflection=18.16; depression=11.17°; smoothing=5-pt median; dark rows=569
isha,2018-10-14,18:46,2,42.637673,23.295422,0.0,Zamorano J. et al. (2019). TESS-W sky brightness network. Zenodo monthly archives. https://zenodo.org/records/3378728. CC0 1.0.,TESS station stars92; photometric inflection method; night median MSAS=18.49; MSAS at inflection=18.01; depression=11.77°; smoothing=5-pt median; dark rows=354
isha,2018-10-15,18:41,2,42.637673,23.295422,0.0,Zamorano J. et al. (2019). TESS-W sky brightness network. Zenodo monthly archives. https://zenodo.org/records/3378728. CC0 1.0.,TESS station stars92; photometric inflection method; night median MSAS=18.69; MSAS at inflection=18.36; depression=11.24°; smoothing=5-pt median; dark rows=584
fajr,2018-10-16,05:29,2,42.637673,23.295422,0.0,Zamorano J. et al. (2019). TESS-W sky brightness network. Zenodo monthly archives. https://zenodo.org/records/3378728. CC0 1.0.,TESS station stars92; photometric inflection method; night median MSAS=18.69; MSAS at inflection=19.04; depression=13.89°; smoothing=5-pt median; dark rows=584
isha,2018-10-18,19:14,2,42.637673,23.295422,0.0,Zamorano J. et al. (2019). TESS-W sky brightness network. Zenodo monthly archives. https://zenodo.org/records/3378728. CC0 1.0.,TESS station stars92; photometric inflection method; night median MSAS=18.58; MSAS at inflection=16.94; depression=18.04°; smoothing=5-pt median; dark rows=579
isha,2018-10-19,18:34,2,42.637673,23.295422,0.0,Zamorano J. et al. (2019). TESS-W sky brightness network. Zenodo monthly archives. https://zenodo.org/records/3378728. CC0 1.0.,TESS station stars92; photometric inflection method; night median MSAS=17.60; MSAS at inflection=16.79; depression=10.94°; smoothing=5-pt median; dark rows=622
fajr,2018-10-20,04:52,2,42.637673,23.295422,0.0,Zamorano J. et al. (2019). TESS-W sky brightness network. Zenodo monthly archives. https://zenodo.org/records/3378728. CC0 1.0.,TESS station stars92; photometric inflection method; night median MSAS=17.60; MSAS at inflection=17.09; depression=21.48°; smoothing=5-pt median; dark rows=622
isha,2018-10-25,18:51,2,42.637673,23.295422,0.0,Zamorano J. et al. (2019). TESS-W sky brightness network. Zenodo monthly archives. https://zenodo.org/records/3378728. CC0 1.0.,TESS station stars92; photometric inflection method; night median MSAS=18.10; MSAS at inflection=18.84; depression=15.76°; smoothing=5-pt median; dark rows=658
fajr,2018-10-26,06:05,2,42.637673,23.295422,0.0,Zamorano J. et al. (2019). TESS-W sky brightness network. Zenodo monthly archives. https://zenodo.org/records/3378728. CC0 1.0.,TESS station stars92; photometric inflection method; night median MSAS=18.10; MSAS at inflection=17.15; depression=9.34°; smoothing=5-pt median; dark rows=658
isha,2018-10-26,18:14,2,42.637673,23.295422,0.0,Zamorano J. et al. (2019). TESS-W sky brightness network. Zenodo monthly archives. https://zenodo.org/records/3378728. CC0 1.0.,TESS station stars92; photometric inflection method; night median MSAS=17.88; MSAS at inflection=16.99; depression=9.09°; smoothing=5-pt median; dark rows=456
fajr,2018-10-27,06:00,2,42.637673,23.295422,0.0,Zamorano J. et al. (2019). TESS-W sky brightness network. Zenodo monthly archives. https://zenodo.org/records/3378728. CC0 1.0.,TESS station stars92; photometric inflection method; night median MSAS=17.88; MSAS at inflection=17.71; depression=10.54°; smoothing=5-pt median; dark rows=456
isha,2018-10-27,18:42,2,42.637673,23.295422,0.0,Zamorano J. et al. (2019). TESS-W sky brightness network. Zenodo monthly archives. https://zenodo.org/records/3378728. CC0 1.0.,TESS station stars92; photometric inflection method; night median MSAS=18.55; MSAS at inflection=18.95; depression=14.50°; smoothing=5-pt median; dark rows=470
fajr,2018-10-28,06:08,2,42.637673,23.295422,0.0,Zamorano J. et al. (2019). TESS-W sky brightness network. Zenodo monthly archives. https://zenodo.org/records/3378728. CC0 1.0.,TESS station stars92; photometric inflection method; night median MSAS=18.55; MSAS at inflection=17.03; depression=9.23°; smoothing=5-pt median; dark rows=470
isha,2018-10-31,18:30,2,42.637673,23.295422,0.0,Zamorano J. et al. (2019). TESS-W sky brightness network. Zenodo monthly archives. https://zenodo.org/records/3378728. CC0 1.0.,TESS station stars92; photometric inflection method; night median MSAS=18.77; MSAS at inflection=18.71; depression=13.22°; smoothing=5-pt median; dark rows=452
