prayer,date_local,time_local,utc_offset,lat,lng,elevation_m,source,notes
fajr,2018-11-03,05:02,0,40.424604,-3.560279,0.0,Zamorano J. et al. (2019). TESS-W sky brightness network. Zenodo monthly archives. https://zenodo.org/records/3378728. CC0 1.0.,TESS station stars1; photometric inflection method; night median MSAS=18.25; MSAS at inflection=18.42; depression=20.04°; smoothing=5-pt median; dark rows=273
fajr,2018-11-04,05:41,0,40.424604,-3.560279,0.0,Zamorano J. et al. (2019). TESS-W sky brightness network. Zenodo monthly archives. https://zenodo.org/records/3378728. CC0 1.0.,TESS station stars1; photometric inflection method; night median MSAS=18.45; MSAS at inflection=18.39; depression=12.99°; smoothing=5-pt median; dark rows=282
isha,2018-11-07,18:48,0,40.424604,-3.560279,0.0,Zamorano J. et al. (2019). TESS-W sky brightness network. Zenodo monthly archives. https://zenodo.org/records/3378728. CC0 1.0.,TESS station stars1; photometric inflection method; night median MSAS=17.64; MSAS at inflection=16.38; depression=20.09°; smoothing=5-pt median; dark rows=1412
fajr,2018-11-08,05:47,0,40.424604,-3.560279,0.0,Zamorano J. et al. (2019). TESS-W sky brightness network. Zenodo monthly archives. https://zenodo.org/records/3378728. CC0 1.0.,TESS station stars1; photometric inflection method; night median MSAS=17.64; MSAS at inflection=16.62; depression=12.67°; smoothing=5-pt median; dark rows=1412
fajr,2018-11-09,05:43,0,40.424604,-3.560279,0.0,Zamorano J. et al. (2019). TESS-W sky brightness network. Zenodo monthly archives. https://zenodo.org/records/3378728. CC0 1.0.,TESS station stars1; photometric inflection method; night median MSAS=18.11; MSAS at inflection=18.42; depression=13.60°; smoothing=5-pt median; dark rows=1426
isha,2018-11-11,18:30,0,40.424604,-3.560279,0.0,Zamorano J. et al. (2019). TESS-W sky brightness network. Zenodo monthly archives. https://zenodo.org/records/3378728. CC0 1.0.,TESS station stars1; photometric inflection method; night median MSAS=17.80; MSAS at inflection=16.48; depression=17.22°; smoothing=5-pt median; dark rows=1382
fajr,2018-11-12,05:35,0,40.424604,-3.560279,0.0,Zamorano J. et al. (2019). TESS-W sky brightness network. Zenodo monthly archives. https://zenodo.org/records/3378728. CC0 1.0.,TESS station stars1; photometric inflection method; night median MSAS=17.80; MSAS at inflection=17.49; depression=15.58°; smoothing=5-pt median; dark rows=1382
isha,2018-11-13,17:38,0,40.424604,-3.560279,0.0,Zamorano J. et al. (2019). TESS-W sky brightness network. Zenodo monthly archives. https://zenodo.org/records/3378728. CC0 1.0.,TESS station stars1; photometric inflection method; night median MSAS=17.73; MSAS at inflection=15.73; depression=7.89°; smoothing=5-pt median; dark rows=1442
isha,2018-11-23,17:40,0,40.424604,-3.560279,0.0,Zamorano J. et al. (2019). TESS-W sky brightness network. Zenodo monthly archives. https://zenodo.org/records/3378728. CC0 1.0.,TESS station stars1; photometric inflection method; night median MSAS=17.73; MSAS at inflection=16.98; depression=9.34°; smoothing=5-pt median; dark rows=251
fajr,2018-11-23,18:33,0,40.424604,-3.560279,0.0,Zamorano J. et al. (2019). TESS-W sky brightness network. Zenodo monthly archives. https://zenodo.org/records/3378728. CC0 1.0.,TESS station stars1; photometric inflection method; night median MSAS=17.73; MSAS at inflection=17.80; depression=19.11°; smoothing=5-pt median; dark rows=251
isha,2018-11-27,18:04,0,40.424604,-3.560279,0.0,Zamorano J. et al. (2019). TESS-W sky brightness network. Zenodo monthly archives. https://zenodo.org/records/3378728. CC0 1.0.,TESS station stars1; photometric inflection method; night median MSAS=17.91; MSAS at inflection=17.81; depression=14.03°; smoothing=5-pt median; dark rows=1479
fajr,2018-11-28,06:32,0,40.424604,-3.560279,0.0,Zamorano J. et al. (2019). TESS-W sky brightness network. Zenodo monthly archives. https://zenodo.org/records/3378728. CC0 1.0.,TESS station stars1; photometric inflection method; night median MSAS=17.91; MSAS at inflection=15.98; depression=8.16°; smoothing=5-pt median; dark rows=1479
isha,2018-11-28,17:42,0,40.424604,-3.560279,0.0,Zamorano J. et al. (2019). TESS-W sky brightness network. Zenodo monthly archives. https://zenodo.org/records/3378728. CC0 1.0.,TESS station stars1; photometric inflection method; night median MSAS=17.91; MSAS at inflection=17.02; depression=10.14°; smoothing=5-pt median; dark rows=1475
fajr,2018-11-29,06:30,0,40.424604,-3.560279,0.0,Zamorano J. et al. (2019). TESS-W sky brightness network. Zenodo monthly archives. https://zenodo.org/records/3378728. CC0 1.0.,TESS station stars1; photometric inflection method; night median MSAS=17.91; MSAS at inflection=16.50; depression=8.67°; smoothing=5-pt median; dark rows=1475
isha,2018-11-02,19:09,0,38.3149,-5.28355,0.0,Zamorano J. et al. (2019). TESS-W sky brightness network. Zenodo monthly archives. https://zenodo.org/records/3378728. CC0 1.0.,TESS station stars15; photometric inflection method; night median MSAS=19.93; MSAS at inflection=20.25; depression=21.86°; smoothing=5-pt median; dark rows=705
isha,2018-11-07,18:24,0,38.3149,-5.28355,0.0,Zamorano J. et al. (2019). TESS-W sky brightness network. Zenodo monthly archives. https://zenodo.org/records/3378728. CC0 1.0.,TESS station stars15; photometric inflection method; night median MSAS=19.29; MSAS at inflection=19.93; depression=13.96°; smoothing=5-pt median; dark rows=601
fajr,2018-11-08,05:12,0,38.3149,-5.28355,0.0,Zamorano J. et al. (2019). TESS-W sky brightness network. Zenodo monthly archives. https://zenodo.org/records/3378728. CC0 1.0.,TESS station stars15; photometric inflection method; night median MSAS=19.29; MSAS at inflection=17.49; depression=20.32°; smoothing=5-pt median; dark rows=601
isha,2018-11-08,18:10,0,38.3149,-5.28355,0.0,Zamorano J. et al. (2019). TESS-W sky brightness network. Zenodo monthly archives. https://zenodo.org/records/3378728. CC0 1.0.,TESS station stars15; photometric inflection method; night median MSAS=18.35; MSAS at inflection=17.06; depression=11.25°; smoothing=5-pt median; dark rows=244
isha,2018-11-09,18:08,0,38.3149,-5.28355,0.0,Zamorano J. et al. (2019). TESS-W sky brightness network. Zenodo monthly archives. https://zenodo.org/records/3378728. CC0 1.0.,TESS station stars15; photometric inflection method; night median MSAS=17.93; MSAS at inflection=18.88; depression=11.06°; smoothing=5-pt median; dark rows=717
fajr,2018-11-14,06:08,0,38.3149,-5.28355,0.0,Zamorano J. et al. (2019). TESS-W sky brightness network. Zenodo monthly archives. https://zenodo.org/records/3378728. CC0 1.0.,TESS station stars15; photometric inflection method; night median MSAS=20.16; MSAS at inflection=18.36; depression=10.66°; smoothing=5-pt median; dark rows=718
isha,2018-11-23,17:50,0,38.3149,-5.28355,0.0,Zamorano J. et al. (2019). TESS-W sky brightness network. Zenodo monthly archives. https://zenodo.org/records/3378728. CC0 1.0.,TESS station stars15; photometric inflection method; night median MSAS=18.57; MSAS at inflection=17.21; depression=9.34°; smoothing=5-pt median; dark rows=119
fajr,2018-11-23,18:30,0,38.3149,-5.28355,0.0,Zamorano J. et al. (2019). TESS-W sky brightness network. Zenodo monthly archives. https://zenodo.org/records/3378728. CC0 1.0.,TESS station stars15; photometric inflection method; night median MSAS=18.57; MSAS at inflection=18.94; depression=16.89°; smoothing=5-pt median; dark rows=119
isha,2018-11-25,17:49,0,38.3149,-5.28355,0.0,Zamorano J. et al. (2019). TESS-W sky brightness network. Zenodo monthly archives. https://zenodo.org/records/3378728. CC0 1.0.,TESS station stars15; photometric inflection method; night median MSAS=17.70; MSAS at inflection=17.28; depression=9.23°; smoothing=5-pt median; dark rows=25
fajr,2018-11-25,18:06,0,38.3149,-5.28355,0.0,Zamorano J. et al. (2019). TESS-W sky brightness network. Zenodo monthly archives. https://zenodo.org/records/3378728. CC0 1.0.,TESS station stars15; photometric inflection method; night median MSAS=17.70; MSAS at inflection=17.73; depression=12.40°; smoothing=5-pt median; dark rows=25
isha,2018-11-26,17:52,0,38.3149,-5.28355,0.0,Zamorano J. et al. (2019). TESS-W sky brightness network. Zenodo monthly archives. https://zenodo.org/records/3378728. CC0 1.0.,TESS station stars15; photometric inflection method; night median MSAS=18.04; MSAS at inflection=17.61; depression=9.83°; smoothing=5-pt median; dark rows=748
fajr,2018-11-27,06:28,0,38.3149,-5.28355,0.0,Zamorano J. et al. (2019). TESS-W sky brightness network. Zenodo monthly archives. https://zenodo.org/records/3378728. CC0 1.0.,TESS station stars15; photometric inflection method; night median MSAS=18.04; MSAS at inflection=17.04; depression=9.28°; smoothing=5-pt median; dark rows=748
fajr,2018-11-02,05:18,0,40.0418,-1.0163,0.0,Zamorano J. et al. (2019). TESS-W sky brightness network. Zenodo monthly archives. https://zenodo.org/records/3378728. CC0 1.0.,TESS station stars18; photometric inflection method; night median MSAS=20.74; MSAS at inflection=19.40; depression=14.92°; smoothing=5-pt median; dark rows=708
fajr,2018-11-04,05:16,0,40.0418,-1.0163,0.0,Zamorano J. et al. (2019). TESS-W sky brightness network. Zenodo monthly archives. https://zenodo.org/records/3378728. CC0 1.0.,TESS station stars18; photometric inflection method; night median MSAS=21.11; MSAS at inflection=21.05; depression=15.62°; smoothing=5-pt median; dark rows=714
isha,2018-11-05,18:33,0,40.0418,-1.0163,0.0,Zamorano J. et al. (2019). TESS-W sky brightness network. Zenodo monthly archives. https://zenodo.org/records/3378728. CC0 1.0.,TESS station stars18; photometric inflection method; night median MSAS=21.45; MSAS at inflection=21.35; depression=18.83°; smoothing=5-pt median; dark rows=142
isha,2018-11-08,18:18,0,40.0418,-1.0163,0.0,Zamorano J. et al. (2019). TESS-W sky brightness network. Zenodo monthly archives. https://zenodo.org/records/3378728. CC0 1.0.,TESS station stars18; photometric inflection method; night median MSAS=21.39; MSAS at inflection=22.44; depression=16.35°; smoothing=5-pt median; dark rows=616
fajr,2018-11-09,04:49,0,40.0418,-1.0163,0.0,Zamorano J. et al. (2019). TESS-W sky brightness network. Zenodo monthly archives. https://zenodo.org/records/3378728. CC0 1.0.,TESS station stars18; photometric inflection method; night median MSAS=21.39; MSAS at inflection=21.81; depression=21.69°; smoothing=5-pt median; dark rows=616
fajr,2018-11-12,05:08,0,40.0418,-1.0163,0.0,Zamorano J. et al. (2019). TESS-W sky brightness network. Zenodo monthly archives. https://zenodo.org/records/3378728. CC0 1.0.,TESS station stars18; photometric inflection method; night median MSAS=21.16; MSAS at inflection=21.19; depression=18.81°; smoothing=5-pt median; dark rows=730
isha,2018-11-02,18:36,-7,32.223877,-110.767532,0.0,Zamorano J. et al. (2019). TESS-W sky brightness network. Zenodo monthly archives. https://zenodo.org/records/3378728. CC0 1.0.,TESS station stars19; photometric inflection method; night median MSAS=19.69; MSAS at inflection=19.42; depression=14.03°; smoothing=5-pt median; dark rows=535
fajr,2018-11-03,05:47,-7,32.223877,-110.767532,0.0,Zamorano J. et al. (2019). TESS-W sky brightness network. Zenodo monthly archives. https://zenodo.org/records/3378728. CC0 1.0.,TESS station stars19; photometric inflection method; night median MSAS=19.69; MSAS at inflection=18.43; depression=11.99°; smoothing=5-pt median; dark rows=535
fajr,2018-11-04,05:31,-7,32.223877,-110.767532,0.0,Zamorano J. et al. (2019). TESS-W sky brightness network. Zenodo monthly archives. https://zenodo.org/records/3378728. CC0 1.0.,TESS station stars19; photometric inflection method; night median MSAS=20.15; MSAS at inflection=20.34; depression=15.54°; smoothing=5-pt median; dark rows=493
isha,2018-11-04,18:51,-7,32.223877,-110.767532,0.0,Zamorano J. et al. (2019). TESS-W sky brightness network. Zenodo monthly archives. https://zenodo.org/records/3378728. CC0 1.0.,TESS station stars19; photometric inflection method; night median MSAS=19.62; MSAS at inflection=19.84; depression=17.56°; smoothing=5-pt median; dark rows=576
fajr,2018-11-05,05:04,-7,32.223877,-110.767532,0.0,Zamorano J. et al. (2019). TESS-W sky brightness network. Zenodo monthly archives. https://zenodo.org/records/3378728. CC0 1.0.,TESS station stars19; photometric inflection method; night median MSAS=19.62; MSAS at inflection=20.30; depression=21.38°; smoothing=5-pt median; dark rows=576
isha,2018-11-05,18:16,-7,32.223877,-110.767532,0.0,Zamorano J. et al. (2019). TESS-W sky brightness network. Zenodo monthly archives. https://zenodo.org/records/3378728. CC0 1.0.,TESS station stars19; photometric inflection method; night median MSAS=20.36; MSAS at inflection=17.96; depression=10.33°; smoothing=5-pt median; dark rows=507
isha,2018-11-06,18:29,-7,32.223877,-110.767532,0.0,Zamorano J. et al. (2019). TESS-W sky brightness network. Zenodo monthly archives. https://zenodo.org/records/3378728. CC0 1.0.,TESS station stars19; photometric inflection method; night median MSAS=20.28; MSAS at inflection=19.64; depression=13.24°; smoothing=5-pt median; dark rows=522
isha,2018-11-07,18:18,-7,32.223877,-110.767532,0.0,Zamorano J. et al. (2019). TESS-W sky brightness network. Zenodo monthly archives. https://zenodo.org/records/3378728. CC0 1.0.,TESS station stars19; photometric inflection method; night median MSAS=20.32; MSAS at inflection=18.62; depression=11.06°; smoothing=5-pt median; dark rows=507
fajr,2018-11-08,05:03,-7,32.223877,-110.767532,0.0,Zamorano J. et al. (2019). TESS-W sky brightness network. Zenodo monthly archives. https://zenodo.org/records/3378728. CC0 1.0.,TESS station stars19; photometric inflection method; night median MSAS=20.32; MSAS at inflection=20.35; depression=21.95°; smoothing=5-pt median; dark rows=507
fajr,2018-11-09,05:35,-7,32.223877,-110.767532,0.0,Zamorano J. et al. (2019). TESS-W sky brightness network. Zenodo monthly archives. https://zenodo.org/records/3378728. CC0 1.0.,TESS station stars19; photometric inflection method; night median MSAS=20.22; MSAS at inflection=20.24; depression=15.39°; smoothing=5-pt median; dark rows=595
fajr,2018-11-10,05:46,-7,32.223877,-110.767532,0.0,Zamorano J. et al. (2019). TESS-W sky brightness network. Zenodo monthly archives. https://zenodo.org/records/3378728. CC0 1.0.,TESS station stars19; photometric inflection method; night median MSAS=20.23; MSAS at inflection=20.00; depression=13.39°; smoothing=5-pt median; dark rows=515
isha,2018-11-11,18:16,-7,32.223877,-110.767532,0.0,Zamorano J. et al. (2019). TESS-W sky brightness network. Zenodo monthly archives. https://zenodo.org/records/3378728. CC0 1.0.,TESS station stars19; photometric inflection method; night median MSAS=20.13; MSAS at inflection=18.77; depression=11.28°; smoothing=5-pt median; dark rows=382
isha,2018-11-13,18:08,-7,32.223877,-110.767532,0.0,Zamorano J. et al. (2019). TESS-W sky brightness network. Zenodo monthly archives. https://zenodo.org/records/3378728. CC0 1.0.,TESS station stars19; photometric inflection method; night median MSAS=20.33; MSAS at inflection=17.96; depression=9.75°; smoothing=5-pt median; dark rows=516
fajr,2018-11-14,05:15,-7,32.223877,-110.767532,0.0,Zamorano J. et al. (2019). TESS-W sky brightness network. Zenodo monthly archives. https://zenodo.org/records/3378728. CC0 1.0.,TESS station stars19; photometric inflection method; night median MSAS=20.33; MSAS at inflection=20.22; depression=20.28°; smoothing=5-pt median; dark rows=516
fajr,2018-11-15,05:52,-7,32.223877,-110.767532,0.0,Zamorano J. et al. (2019). TESS-W sky brightness network. Zenodo monthly archives. https://zenodo.org/records/3378728. CC0 1.0.,TESS station stars19; photometric inflection method; night median MSAS=20.29; MSAS at inflection=20.03; depression=12.82°; smoothing=5-pt median; dark rows=581
isha,2018-11-15,18:19,-7,32.223877,-110.767532,0.0,Zamorano J. et al. (2019). TESS-W sky brightness network. Zenodo monthly archives. https://zenodo.org/records/3378728. CC0 1.0.,TESS station stars19; photometric inflection method; night median MSAS=20.12; MSAS at inflection=19.06; depression=12.28°; smoothing=5-pt median; dark rows=419
fajr,2018-11-16,06:08,-7,32.223877,-110.767532,0.0,Zamorano J. et al. (2019). TESS-W sky brightness network. Zenodo monthly archives. https://zenodo.org/records/3378728. CC0 1.0.,TESS station stars19; photometric inflection method; night median MSAS=20.12; MSAS at inflection=17.80; depression=9.76°; smoothing=5-pt median; dark rows=419
isha,2018-11-17,18:47,-7,32.223877,-110.767532,0.0,Zamorano J. et al. (2019). TESS-W sky brightness network. Zenodo monthly archives. https://zenodo.org/records/3378728. CC0 1.0.,TESS station stars19; photometric inflection method; night median MSAS=18.93; MSAS at inflection=18.66; depression=18.21°; smoothing=5-pt median; dark rows=513
isha,2018-11-18,18:31,-7,32.223877,-110.767532,0.0,Zamorano J. et al. (2019). TESS-W sky brightness network. Zenodo monthly archives. https://zenodo.org/records/3378728. CC0 1.0.,TESS station stars19; photometric inflection method; night median MSAS=19.42; MSAS at inflection=18.58; depression=15.01°; smoothing=5-pt median; dark rows=589
isha,2018-11-21,05:12,-7,32.223877,-110.767532,0.0,Zamorano J. et al. (2019). TESS-W sky brightness network. Zenodo monthly archives. https://zenodo.org/records/3378728. CC0 1.0.,TESS station stars19; photometric inflection method; night median MSAS=20.02; MSAS at inflection=20.18; depression=21.98°; smoothing=5-pt median; dark rows=80
fajr,2018-11-21,05:42,-7,32.223877,-110.767532,0.0,Zamorano J. et al. (2019). TESS-W sky brightness network. Zenodo monthly archives. https://zenodo.org/records/3378728. CC0 1.0.,TESS station stars19; photometric inflection method; night median MSAS=20.02; MSAS at inflection=20.24; depression=15.96°; smoothing=5-pt median; dark rows=80
isha,2018-11-21,18:11,-7,32.223877,-110.767532,0.0,Zamorano J. et al. (2019). TESS-W sky brightness network. Zenodo monthly archives. https://zenodo.org/records/3378728. CC0 1.0.,TESS station stars19; photometric inflection method; night median MSAS=17.55; MSAS at inflection=18.54; depression=10.98°; smoothing=5-pt median; dark rows=514
fajr,2018-11-22,06:05,-7,32.223877,-110.767532,0.0,Zamorano J. et al. (2019). TESS-W sky brightness network. Zenodo monthly archives. https://zenodo.org/records/3378728. CC0 1.0.,TESS station stars19; photometric inflection method; night median MSAS=17.55; MSAS at inflection=18.25; depression=11.45°; smoothing=5-pt median; dark rows=514
isha,2018-11-24,18:03,-7,32.223877,-110.767532,0.0,Zamorano J. et al. (2019). TESS-W sky brightness network. Zenodo monthly archives. https://zenodo.org/records/3378728. CC0 1.0.,TESS station stars19; photometric inflection method; night median MSAS=18.87; MSAS at inflection=17.39; depression=9.48°; smoothing=5-pt median; dark rows=492
fajr,2018-11-25,06:21,-7,32.223877,-110.767532,0.0,Zamorano J. et al. (2019). TESS-W sky brightness network. Zenodo monthly archives. https://zenodo.org/records/3378728. CC0 1.0.,TESS station stars19; photometric inflection method; night median MSAS=18.87; MSAS at inflection=17.07; depression=8.62°; smoothing=5-pt median; dark rows=492
isha,2018-11-25,18:03,-7,32.223877,-110.767532,0.0,Zamorano J. et al. (2019). TESS-W sky brightness network. Zenodo monthly archives. https://zenodo.org/records/3378728. CC0 1.0.,TESS station stars19; photometric inflection method; night median MSAS=18.06; MSAS at inflection=17.76; depression=9.70°; smoothing=5-pt median; dark rows=501
fajr,2018-11-26,06:16,-7,32.223877,-110.767532,0.0,Zamorano J. et al. (2019). TESS-W sky brightness network. Zenodo monthly archives. https://zenodo.org/records/3378728. CC0 1.0.,TESS station stars19; photometric inflection method; night median MSAS=18.06; MSAS at inflection=17.18; depression=9.70°; smoothing=5-pt median; dark rows=501
isha,2018-11-26,18:26,-7,32.223877,-110.767532,0.0,Zamorano J. et al. (2019). TESS-W sky brightness network. Zenodo monthly archives. https://zenodo.org/records/3378728. CC0 1.0.,TESS station stars19; photometric inflection method; night median MSAS=18.61; MSAS at inflection=19.85; depression=14.38°; smoothing=5-pt median; dark rows=518
fajr,2018-11-27,06:20,-7,32.223877,-110.767532,0.0,Zamorano J. et al. (2019). TESS-W sky brightness network. Zenodo monthly archives. https://zenodo.org/records/3378728. CC0 1.0.,TESS station stars19; photometric inflection method; night median MSAS=18.61; MSAS at inflection=17.37; depression=9.06°; smoothing=5-pt median; dark rows=518
isha,2018-11-27,18:02,-7,32.223877,-110.767532,0.0,Zamorano J. et al. (2019). TESS-W sky brightness network. Zenodo monthly archives. https://zenodo.org/records/3378728. CC0 1.0.,TESS station stars19; photometric inflection method; night median MSAS=19.63; MSAS at inflection=17.54; depression=9.55°; smoothing=5-pt median; dark rows=486
fajr,2018-11-30,05:53,-7,32.223877,-110.767532,0.0,Zamorano J. et al. (2019). TESS-W sky brightness network. Zenodo monthly archives. https://zenodo.org/records/3378728. CC0 1.0.,TESS station stars19; photometric inflection method; night median MSAS=18.05; MSAS at inflection=18.07; depression=14.96°; smoothing=5-pt median; dark rows=668
fajr,2018-11-02,05:08,0,41.001299,-2.492408,0.0,Zamorano J. et al. (2019). TESS-W sky brightness network. Zenodo monthly archives. https://zenodo.org/records/3378728. CC0 1.0.,TESS station stars2; photometric inflection method; night median MSAS=20.51; MSAS at inflection=19.25; depression=18.06°; smoothing=5-pt median; dark rows=655
isha,2018-11-02,18:58,0,41.001299,-2.492408,0.0,Zamorano J. et al. (2019). TESS-W sky brightness network. Zenodo monthly archives. https://zenodo.org/records/3378728. CC0 1.0.,TESS station stars2; photometric inflection method; night median MSAS=20.89; MSAS at inflection=20.73; depression=21.88°; smoothing=5-pt median; dark rows=707
isha,2018-11-05,17:53,0,41.001299,-2.492408,0.0,Zamorano J. et al. (2019). TESS-W sky brightness network. Zenodo monthly archives. https://zenodo.org/records/3378728. CC0 1.0.,TESS station stars2; photometric inflection method; night median MSAS=19.33; MSAS at inflection=18.18; depression=10.34°; smoothing=5-pt median; dark rows=678
fajr,2018-11-06,05:35,0,41.001299,-2.492408,0.0,Zamorano J. et al. (2019). TESS-W sky brightness network. Zenodo monthly archives. https://zenodo.org/records/3378728. CC0 1.0.,TESS station stars2; photometric inflection method; night median MSAS=19.33; MSAS at inflection=19.95; depression=13.69°; smoothing=5-pt median; dark rows=678
isha,2018-11-06,17:59,0,41.001299,-2.492408,0.0,Zamorano J. et al. (2019). TESS-W sky brightness network. Zenodo monthly archives. https://zenodo.org/records/3378728. CC0 1.0.,TESS station stars2; photometric inflection method; night median MSAS=19.01; MSAS at inflection=19.20; depression=11.61°; smoothing=5-pt median; dark rows=712
fajr,2018-11-07,05:36,0,41.001299,-2.492408,0.0,Zamorano J. et al. (2019). TESS-W sky brightness network. Zenodo monthly archives. https://zenodo.org/records/3378728. CC0 1.0.,TESS station stars2; photometric inflection method; night median MSAS=19.01; MSAS at inflection=18.48; depression=13.73°; smoothing=5-pt median; dark rows=712
isha,2018-11-07,17:57,0,41.001299,-2.492408,0.0,Zamorano J. et al. (2019). TESS-W sky brightness network. Zenodo monthly archives. https://zenodo.org/records/3378728. CC0 1.0.,TESS station stars2; photometric inflection method; night median MSAS=20.71; MSAS at inflection=19.04; depression=11.42°; smoothing=5-pt median; dark rows=714
isha,2018-11-08,17:57,0,41.001299,-2.492408,0.0,Zamorano J. et al. (2019). TESS-W sky brightness network. Zenodo monthly archives. https://zenodo.org/records/3378728. CC0 1.0.,TESS station stars2; photometric inflection method; night median MSAS=20.43; MSAS at inflection=19.07; depression=11.52°; smoothing=5-pt median; dark rows=707
fajr,2018-11-09,05:51,0,41.001299,-2.492408,0.0,Zamorano J. et al. (2019). TESS-W sky brightness network. Zenodo monthly archives. https://zenodo.org/records/3378728. CC0 1.0.,TESS station stars2; photometric inflection method; night median MSAS=20.43; MSAS at inflection=19.31; depression=11.43°; smoothing=5-pt median; dark rows=707
fajr,2018-11-10,06:01,0,41.001299,-2.492408,0.0,Zamorano J. et al. (2019). TESS-W sky brightness network. Zenodo monthly archives. https://zenodo.org/records/3378728. CC0 1.0.,TESS station stars2; photometric inflection method; night median MSAS=17.88; MSAS at inflection=17.64; depression=9.78°; smoothing=5-pt median; dark rows=692
isha,2018-11-10,17:54,0,41.001299,-2.492408,0.0,Zamorano J. et al. (2019). TESS-W sky brightness network. Zenodo monthly archives. https://zenodo.org/records/3378728. CC0 1.0.,TESS station stars2; photometric inflection method; night median MSAS=18.28; MSAS at inflection=17.98; depression=11.28°; smoothing=5-pt median; dark rows=704
isha,2018-11-11,17:50,0,41.001299,-2.492408,0.0,Zamorano J. et al. (2019). TESS-W sky brightness network. Zenodo monthly archives. https://zenodo.org/records/3378728. CC0 1.0.,TESS station stars2; photometric inflection method; night median MSAS=20.88; MSAS at inflection=18.73; depression=10.75°; smoothing=5-pt median; dark rows=716
fajr,2018-11-14,06:09,0,41.001299,-2.492408,0.0,Zamorano J. et al. (2019). TESS-W sky brightness network. Zenodo monthly archives. https://zenodo.org/records/3378728. CC0 1.0.,TESS station stars2; photometric inflection method; night median MSAS=19.13; MSAS at inflection=17.61; depression=9.16°; smoothing=5-pt median; dark rows=713
fajr,2018-11-15,06:03,0,41.001299,-2.492408,0.0,Zamorano J. et al. (2019). TESS-W sky brightness network. Zenodo monthly archives. https://zenodo.org/records/3378728. CC0 1.0.,TESS station stars2; photometric inflection method; night median MSAS=20.92; MSAS at inflection=18.64; depression=10.32°; smoothing=5-pt median; dark rows=720
isha,2018-11-18,17:59,0,41.001299,-2.492408,0.0,Zamorano J. et al. (2019). TESS-W sky brightness network. Zenodo monthly archives. https://zenodo.org/records/3378728. CC0 1.0.,TESS station stars2; photometric inflection method; night median MSAS=18.59; MSAS at inflection=18.31; depression=13.35°; smoothing=5-pt median; dark rows=736
isha,2018-11-19,17:42,0,41.001299,-2.492408,0.0,Zamorano J. et al. (2019). TESS-W sky brightness network. Zenodo monthly archives. https://zenodo.org/records/3378728. CC0 1.0.,TESS station stars2; photometric inflection method; night median MSAS=17.91; MSAS at inflection=17.22; depression=10.30°; smoothing=5-pt median; dark rows=722
isha,2018-11-23,18:01,0,41.001299,-2.492408,0.0,Zamorano J. et al. (2019). TESS-W sky brightness network. Zenodo monthly archives. https://zenodo.org/records/3378728. CC0 1.0.,TESS station stars2; photometric inflection method; night median MSAS=18.73; MSAS at inflection=18.67; depression=14.14°; smoothing=5-pt median; dark rows=133
fajr,2018-11-23,18:23,0,41.001299,-2.492408,0.0,Zamorano J. et al. (2019). TESS-W sky brightness network. Zenodo monthly archives. https://zenodo.org/records/3378728. CC0 1.0.,TESS station stars2; photometric inflection method; night median MSAS=18.73; MSAS at inflection=19.29; depression=18.18°; smoothing=5-pt median; dark rows=133
isha,2018-11-27,18:41,0,41.001299,-2.492408,0.0,Zamorano J. et al. (2019). TESS-W sky brightness network. Zenodo monthly archives. https://zenodo.org/records/3378728. CC0 1.0.,TESS station stars2; photometric inflection method; night median MSAS=19.71; MSAS at inflection=20.76; depression=21.85°; smoothing=5-pt median; dark rows=756
isha,2018-11-30,18:28,0,41.001299,-2.492408,0.0,Zamorano J. et al. (2019). TESS-W sky brightness network. Zenodo monthly archives. https://zenodo.org/records/3378728. CC0 1.0.,TESS station stars2; photometric inflection method; night median MSAS=21.21; MSAS at inflection=20.98; depression=19.43°; smoothing=5-pt median; dark rows=381
isha,2018-11-05,18:30,0,38.755452,-6.984508,0.0,Zamorano J. et al. (2019). TESS-W sky brightness network. Zenodo monthly archives. https://zenodo.org/records/3378728. CC0 1.0.,TESS station stars201; photometric inflection method; night median MSAS=20.87; MSAS at inflection=19.42; depression=13.42°; smoothing=5-pt median; dark rows=716
fajr,2018-11-07,06:02,0,38.755452,-6.984508,0.0,Zamorano J. et al. (2019). TESS-W sky brightness network. Zenodo monthly archives. https://zenodo.org/records/3378728. CC0 1.0.,TESS station stars201; photometric inflection method; night median MSAS=20.51; MSAS at inflection=19.26; depression=11.89°; smoothing=5-pt median; dark rows=719
fajr,2018-11-08,05:59,0,38.755452,-6.984508,0.0,Zamorano J. et al. (2019). TESS-W sky brightness network. Zenodo monthly archives. https://zenodo.org/records/3378728. CC0 1.0.,TESS station stars201; photometric inflection method; night median MSAS=20.35; MSAS at inflection=19.48; depression=12.64°; smoothing=5-pt median; dark rows=719
isha,2018-11-09,18:35,0,38.755452,-6.984508,0.0,Zamorano J. et al. (2019). TESS-W sky brightness network. Zenodo monthly archives. https://zenodo.org/records/3378728. CC0 1.0.,TESS station stars201; photometric inflection method; night median MSAS=20.43; MSAS at inflection=19.49; depression=15.03°; smoothing=5-pt median; dark rows=724
fajr,2018-11-10,05:51,0,38.755452,-6.984508,0.0,Zamorano J. et al. (2019). TESS-W sky brightness network. Zenodo monthly archives. https://zenodo.org/records/3378728. CC0 1.0.,TESS station stars201; photometric inflection method; night median MSAS=20.43; MSAS at inflection=20.56; depression=14.45°; smoothing=5-pt median; dark rows=724
isha,2018-11-11,18:00,0,38.755452,-6.984508,0.0,Zamorano J. et al. (2019). TESS-W sky brightness network. Zenodo monthly archives. https://zenodo.org/records/3378728. CC0 1.0.,TESS station stars201; photometric inflection method; night median MSAS=19.99; MSAS at inflection=17.69; depression=8.63°; smoothing=5-pt median; dark rows=729
fajr,2018-11-12,06:16,0,38.755452,-6.984508,0.0,Zamorano J. et al. (2019). TESS-W sky brightness network. Zenodo monthly archives. https://zenodo.org/records/3378728. CC0 1.0.,TESS station stars201; photometric inflection method; night median MSAS=19.99; MSAS at inflection=18.37; depression=10.21°; smoothing=5-pt median; dark rows=729
isha,2018-11-14,18:15,0,38.755452,-6.984508,0.0,Zamorano J. et al. (2019). TESS-W sky brightness network. Zenodo monthly archives. https://zenodo.org/records/3378728. CC0 1.0.,TESS station stars201; photometric inflection method; night median MSAS=20.22; MSAS at inflection=18.24; depression=11.93°; smoothing=5-pt median; dark rows=733
isha,2018-11-16,18:26,0,38.755452,-6.984508,0.0,Zamorano J. et al. (2019). TESS-W sky brightness network. Zenodo monthly archives. https://zenodo.org/records/3378728. CC0 1.0.,TESS station stars201; photometric inflection method; night median MSAS=19.62; MSAS at inflection=18.89; depression=14.24°; smoothing=5-pt median; dark rows=736
fajr,2018-11-17,06:02,0,38.755452,-6.984508,0.0,Zamorano J. et al. (2019). TESS-W sky brightness network. Zenodo monthly archives. https://zenodo.org/records/3378728. CC0 1.0.,TESS station stars201; photometric inflection method; night median MSAS=19.62; MSAS at inflection=20.35; depression=13.76°; smoothing=5-pt median; dark rows=736
isha,2018-11-17,18:54,0,38.755452,-6.984508,0.0,Zamorano J. et al. (2019). TESS-W sky brightness network. Zenodo monthly archives. https://zenodo.org/records/3378728. CC0 1.0.,TESS station stars201; photometric inflection method; night median MSAS=18.68; MSAS at inflection=17.66; depression=19.70°; smoothing=5-pt median; dark rows=736
fajr,2018-11-18,05:59,0,38.755452,-6.984508,0.0,Zamorano J. et al. (2019). TESS-W sky brightness network. Zenodo monthly archives. https://zenodo.org/records/3378728. CC0 1.0.,TESS station stars201; photometric inflection method; night median MSAS=18.68; MSAS at inflection=20.47; depression=14.45°; smoothing=5-pt median; dark rows=736
isha,2018-11-17,18:54,0,38.755452,-6.984508,0.0,Zamorano J. et al. (2019). TESS-W sky brightness network. Zenodo monthly archives. https://zenodo.org/records/3378728. CC0 1.0.,TESS station stars201; photometric inflection method; night median MSAS=18.68; MSAS at inflection=17.66; depression=19.70°; smoothing=5-pt median; dark rows=736
fajr,2018-11-18,05:59,0,38.755452,-6.984508,0.0,Zamorano J. et al. (2019). TESS-W sky brightness network. Zenodo monthly archives. https://zenodo.org/records/3378728. CC0 1.0.,TESS station stars201; photometric inflection method; night median MSAS=18.68; MSAS at inflection=20.47; depression=14.45°; smoothing=5-pt median; dark rows=736
fajr,2018-11-19,05:59,0,38.755452,-6.984508,0.0,Zamorano J. et al. (2019). TESS-W sky brightness network. Zenodo monthly archives. https://zenodo.org/records/3378728. CC0 1.0.,TESS station stars201; photometric inflection method; night median MSAS=18.63; MSAS at inflection=19.83; depression=14.64°; smoothing=5-pt median; dark rows=738
fajr,2018-11-20,06:32,0,38.755452,-6.984508,0.0,Zamorano J. et al. (2019). TESS-W sky brightness network. Zenodo monthly archives. https://zenodo.org/records/3378728. CC0 1.0.,TESS station stars201; photometric inflection method; night median MSAS=18.12; MSAS at inflection=16.22; depression=8.63°; smoothing=5-pt median; dark rows=741
isha,2018-11-23,18:34,0,38.755452,-6.984508,0.0,Zamorano J. et al. (2019). TESS-W sky brightness network. Zenodo monthly archives. https://zenodo.org/records/3378728. CC0 1.0.,TESS station stars201; photometric inflection method; night median MSAS=18.50; MSAS at inflection=18.13; depression=16.36°; smoothing=5-pt median; dark rows=111
isha,2018-11-25,18:22,0,38.755452,-6.984508,0.0,Zamorano J. et al. (2019). TESS-W sky brightness network. Zenodo monthly archives. https://zenodo.org/records/3378728. CC0 1.0.,TESS station stars201; photometric inflection method; night median MSAS=17.72; MSAS at inflection=19.95; depression=14.28°; smoothing=5-pt median; dark rows=747
fajr,2018-11-26,06:23,0,38.755452,-6.984508,0.0,Zamorano J. et al. (2019). TESS-W sky brightness network. Zenodo monthly archives. https://zenodo.org/records/3378728. CC0 1.0.,TESS station stars201; photometric inflection method; night median MSAS=17.72; MSAS at inflection=17.42; depression=11.31°; smoothing=5-pt median; dark rows=747
isha,2018-11-26,17:54,0,38.755452,-6.984508,0.0,Zamorano J. et al. (2019). TESS-W sky brightness network. Zenodo monthly archives. https://zenodo.org/records/3378728. CC0 1.0.,TESS station stars201; photometric inflection method; night median MSAS=17.78; MSAS at inflection=16.88; depression=9.15°; smoothing=5-pt median; dark rows=749
fajr,2018-11-27,06:37,0,38.755452,-6.984508,0.0,Zamorano J. et al. (2019). TESS-W sky brightness network. Zenodo monthly archives. https://zenodo.org/records/3378728. CC0 1.0.,TESS station stars201; photometric inflection method; night median MSAS=17.78; MSAS at inflection=16.40; depression=9.02°; smoothing=5-pt median; dark rows=749
fajr,2018-11-29,05:41,0,38.755452,-6.984508,0.0,Zamorano J. et al. (2019). TESS-W sky brightness network. Zenodo monthly archives. https://zenodo.org/records/3378728. CC0 1.0.,TESS station stars201; photometric inflection method; night median MSAS=20.13; MSAS at inflection=18.12; depression=19.71°; smoothing=5-pt median; dark rows=751
fajr,2018-11-04,18:48,0,39.322867,-4.950505,0.0,Zamorano J. et al. (2019). TESS-W sky brightness network. Zenodo monthly archives. https://zenodo.org/records/3378728. CC0 1.0.,TESS station stars202; photometric inflection method; night median MSAS=22.28; MSAS at inflection=23.06; depression=18.34°; smoothing=5-pt median; dark rows=136
isha,2018-11-11,18:53,0,39.322867,-4.950505,0.0,Zamorano J. et al. (2019). TESS-W sky brightness network. Zenodo monthly archives. https://zenodo.org/records/3378728. CC0 1.0.,TESS station stars202; photometric inflection method; night median MSAS=21.37; MSAS at inflection=20.91; depression=20.43°; smoothing=5-pt median; dark rows=728
isha,2018-11-15,18:02,0,39.322867,-4.950505,0.0,Zamorano J. et al. (2019). TESS-W sky brightness network. Zenodo monthly archives. https://zenodo.org/records/3378728. CC0 1.0.,TESS station stars202; photometric inflection method; night median MSAS=20.99; MSAS at inflection=18.98; depression=11.32°; smoothing=5-pt median; dark rows=737
isha,2018-11-16,18:16,0,39.322867,-4.950505,0.0,Zamorano J. et al. (2019). TESS-W sky brightness network. Zenodo monthly archives. https://zenodo.org/records/3378728. CC0 1.0.,TESS station stars202; photometric inflection method; night median MSAS=19.38; MSAS at inflection=19.34; depression=14.00°; smoothing=5-pt median; dark rows=187
fajr,2018-11-22,18:14,0,39.322867,-4.950505,0.0,Zamorano J. et al. (2019). TESS-W sky brightness network. Zenodo monthly archives. https://zenodo.org/records/3378728. CC0 1.0.,TESS station stars202; photometric inflection method; night median MSAS=17.50; MSAS at inflection=18.22; depression=14.34°; smoothing=5-pt median; dark rows=96
fajr,2018-11-27,06:14,0,39.322867,-4.950505,0.0,Zamorano J. et al. (2019). TESS-W sky brightness network. Zenodo monthly archives. https://zenodo.org/records/3378728. CC0 1.0.,TESS station stars202; photometric inflection method; night median MSAS=18.23; MSAS at inflection=17.23; depression=11.90°; smoothing=5-pt median; dark rows=753
isha,2018-11-27,17:52,0,39.322867,-4.950505,0.0,Zamorano J. et al. (2019). TESS-W sky brightness network. Zenodo monthly archives. https://zenodo.org/records/3378728. CC0 1.0.,TESS station stars202; photometric inflection method; night median MSAS=21.16; MSAS at inflection=18.85; depression=10.49°; smoothing=5-pt median; dark rows=198
isha,2018-11-30,18:32,0,39.322867,-4.950505,0.0,Zamorano J. et al. (2019). TESS-W sky brightness network. Zenodo monthly archives. https://zenodo.org/records/3378728. CC0 1.0.,TESS station stars202; photometric inflection method; night median MSAS=21.46; MSAS at inflection=21.23; depression=18.04°; smoothing=5-pt median; dark rows=370
fajr,2018-11-02,03:39,1,-33.92109,18.42043,0.0,Zamorano J. et al. (2019). TESS-W sky brightness network. Zenodo monthly archives. https://zenodo.org/records/3378728. CC0 1.0.,TESS station stars203; photometric inflection method; night median MSAS=18.15; MSAS at inflection=18.08; depression=13.36°; smoothing=5-pt median; dark rows=535
isha,2018-11-02,18:51,1,-33.92109,18.42043,0.0,Zamorano J. et al. (2019). TESS-W sky brightness network. Zenodo monthly archives. https://zenodo.org/records/3378728. CC0 1.0.,TESS station stars203; photometric inflection method; night median MSAS=17.97; MSAS at inflection=15.81; depression=7.80°; smoothing=5-pt median; dark rows=533
fajr,2018-11-03,03:51,1,-33.92109,18.42043,0.0,Zamorano J. et al. (2019). TESS-W sky brightness network. Zenodo monthly archives. https://zenodo.org/records/3378728. CC0 1.0.,TESS station stars203; photometric inflection method; night median MSAS=17.97; MSAS at inflection=17.39; depression=10.82°; smoothing=5-pt median; dark rows=533
isha,2018-11-06,19:29,1,-33.92109,18.42043,0.0,Zamorano J. et al. (2019). TESS-W sky brightness network. Zenodo monthly archives. https://zenodo.org/records/3378728. CC0 1.0.,TESS station stars203; photometric inflection method; night median MSAS=18.18; MSAS at inflection=17.77; depression=14.00°; smoothing=5-pt median; dark rows=525
isha,2018-11-09,19:04,1,-33.92109,18.42043,0.0,Zamorano J. et al. (2019). TESS-W sky brightness network. Zenodo monthly archives. https://zenodo.org/records/3378728. CC0 1.0.,TESS station stars203; photometric inflection method; night median MSAS=17.81; MSAS at inflection=16.51; depression=8.95°; smoothing=5-pt median; dark rows=519
fajr,2018-11-10,03:28,1,-33.92109,18.42043,0.0,Zamorano J. et al. (2019). TESS-W sky brightness network. Zenodo monthly archives. https://zenodo.org/records/3378728. CC0 1.0.,TESS station stars203; photometric inflection method; night median MSAS=17.81; MSAS at inflection=18.19; depression=13.77°; smoothing=5-pt median; dark rows=519
isha,2018-11-10,19:04,1,-33.92109,18.42043,0.0,Zamorano J. et al. (2019). TESS-W sky brightness network. Zenodo monthly archives. https://zenodo.org/records/3378728. CC0 1.0.,TESS station stars203; photometric inflection method; night median MSAS=18.20; MSAS at inflection=16.42; depression=8.74°; smoothing=5-pt median; dark rows=517
isha,2018-11-11,19:54,1,-33.92109,18.42043,0.0,Zamorano J. et al. (2019). TESS-W sky brightness network. Zenodo monthly archives. https://zenodo.org/records/3378728. CC0 1.0.,TESS station stars203; photometric inflection method; night median MSAS=18.06; MSAS at inflection=17.95; depression=17.28°; smoothing=5-pt median; dark rows=514
fajr,2018-11-12,03:36,1,-33.92109,18.42043,0.0,Zamorano J. et al. (2019). TESS-W sky brightness network. Zenodo monthly archives. https://zenodo.org/records/3378728. CC0 1.0.,TESS station stars203; photometric inflection method; night median MSAS=18.06; MSAS at inflection=17.99; depression=11.92°; smoothing=5-pt median; dark rows=514
fajr,2018-11-15,02:49,1,-33.92109,18.42043,0.0,Zamorano J. et al. (2019). TESS-W sky brightness network. Zenodo monthly archives. https://zenodo.org/records/3378728. CC0 1.0.,TESS station stars203; photometric inflection method; night median MSAS=17.91; MSAS at inflection=17.98; depression=19.40°; smoothing=5-pt median; dark rows=509
fajr,2018-11-16,03:53,1,-33.92109,18.42043,0.0,Zamorano J. et al. (2019). TESS-W sky brightness network. Zenodo monthly archives. https://zenodo.org/records/3378728. CC0 1.0.,TESS station stars203; photometric inflection method; night median MSAS=17.80; MSAS at inflection=15.76; depression=8.31°; smoothing=5-pt median; dark rows=506
fajr,2018-11-18,03:17,1,-33.92109,18.42043,0.0,Zamorano J. et al. (2019). TESS-W sky brightness network. Zenodo monthly archives. https://zenodo.org/records/3378728. CC0 1.0.,TESS station stars203; photometric inflection method; night median MSAS=17.63; MSAS at inflection=18.00; depression=14.43°; smoothing=5-pt median; dark rows=503
isha,2018-11-23,19:18,1,-33.92109,18.42043,0.0,Zamorano J. et al. (2019). TESS-W sky brightness network. Zenodo monthly archives. https://zenodo.org/records/3378728. CC0 1.0.,TESS station stars203; photometric inflection method; night median MSAS=17.64; MSAS at inflection=16.33; depression=8.76°; smoothing=5-pt median; dark rows=87
fajr,2018-11-23,20:35,1,-33.92109,18.42043,0.0,Zamorano J. et al. (2019). TESS-W sky brightness network. Zenodo monthly archives. https://zenodo.org/records/3378728. CC0 1.0.,TESS station stars203; photometric inflection method; night median MSAS=17.64; MSAS at inflection=17.62; depression=21.11°; smoothing=5-pt median; dark rows=87
isha,2018-11-25,19:35,1,-33.92109,18.42043,0.0,Zamorano J. et al. (2019). TESS-W sky brightness network. Zenodo monthly archives. https://zenodo.org/records/3378728. CC0 1.0.,TESS station stars203; photometric inflection method; night median MSAS=17.50; MSAS at inflection=17.65; depression=11.24°; smoothing=5-pt median; dark rows=490
isha,2018-11-28,19:24,1,-33.92109,18.42043,0.0,Zamorano J. et al. (2019). TESS-W sky brightness network. Zenodo monthly archives. https://zenodo.org/records/3378728. CC0 1.0.,TESS station stars203; photometric inflection method; night median MSAS=18.16; MSAS at inflection=16.13; depression=8.83°; smoothing=5-pt median; dark rows=486
fajr,2018-11-29,03:37,1,-33.92109,18.42043,0.0,Zamorano J. et al. (2019). TESS-W sky brightness network. Zenodo monthly archives. https://zenodo.org/records/3378728. CC0 1.0.,TESS station stars203; photometric inflection method; night median MSAS=18.16; MSAS at inflection=17.12; depression=9.91°; smoothing=5-pt median; dark rows=486
fajr,2018-11-30,03:07,1,-33.92109,18.42043,0.0,Zamorano J. et al. (2019). TESS-W sky brightness network. Zenodo monthly archives. https://zenodo.org/records/3378728. CC0 1.0.,TESS station stars203; photometric inflection method; night median MSAS=18.23; MSAS at inflection=17.62; depression=14.97°; smoothing=5-pt median; dark rows=485
isha,2018-11-02,19:33,2,-17.928194,25.818417,0.0,Zamorano J. et al. (2019). TESS-W sky brightness network. Zenodo monthly archives. https://zenodo.org/records/3378728. CC0 1.0.,TESS station stars204; photometric inflection method; night median MSAS=20.48; MSAS at inflection=20.30; depression=16.47°; smoothing=5-pt median; dark rows=526
fajr,2018-11-04,04:06,2,-17.928194,25.818417,0.0,Zamorano J. et al. (2019). TESS-W sky brightness network. Zenodo monthly archives. https://zenodo.org/records/3378728. CC0 1.0.,TESS station stars204; photometric inflection method; night median MSAS=20.33; MSAS at inflection=20.11; depression=20.89°; smoothing=5-pt median; dark rows=555
isha,2018-11-04,19:25,2,-17.928194,25.818417,0.0,Zamorano J. et al. (2019). TESS-W sky brightness network. Zenodo monthly archives. https://zenodo.org/records/3378728. CC0 1.0.,TESS station stars204; photometric inflection method; night median MSAS=20.48; MSAS at inflection=19.23; depression=14.53°; smoothing=5-pt median; dark rows=544
isha,2018-11-05,19:00,2,-17.928194,25.818417,0.0,Zamorano J. et al. (2019). TESS-W sky brightness network. Zenodo monthly archives. https://zenodo.org/records/3378728. CC0 1.0.,TESS station stars204; photometric inflection method; night median MSAS=19.37; MSAS at inflection=16.88; depression=8.89°; smoothing=5-pt median; dark rows=548
fajr,2018-11-06,04:29,2,-17.928194,25.818417,0.0,Zamorano J. et al. (2019). TESS-W sky brightness network. Zenodo monthly archives. https://zenodo.org/records/3378728. CC0 1.0.,TESS station stars204; photometric inflection method; night median MSAS=19.37; MSAS at inflection=19.21; depression=15.56°; smoothing=5-pt median; dark rows=548
fajr,2018-11-08,04:22,2,-17.928194,25.818417,0.0,Zamorano J. et al. (2019). TESS-W sky brightness network. Zenodo monthly archives. https://zenodo.org/records/3378728. CC0 1.0.,TESS station stars204; photometric inflection method; night median MSAS=20.71; MSAS at inflection=20.66; depression=16.94°; smoothing=5-pt median; dark rows=547
fajr,2018-11-09,04:14,2,-17.928194,25.818417,0.0,Zamorano J. et al. (2019). TESS-W sky brightness network. Zenodo monthly archives. https://zenodo.org/records/3378728. CC0 1.0.,TESS station stars204; photometric inflection method; night median MSAS=20.75; MSAS at inflection=20.61; depression=18.45°; smoothing=5-pt median; dark rows=543
fajr,2018-11-10,04:16,2,-17.928194,25.818417,0.0,Zamorano J. et al. (2019). TESS-W sky brightness network. Zenodo monthly archives. https://zenodo.org/records/3378728. CC0 1.0.,TESS station stars204; photometric inflection method; night median MSAS=20.79; MSAS at inflection=20.65; depression=17.96°; smoothing=5-pt median; dark rows=540
fajr,2018-11-12,04:21,2,-17.928194,25.818417,0.0,Zamorano J. et al. (2019). TESS-W sky brightness network. Zenodo monthly archives. https://zenodo.org/records/3378728. CC0 1.0.,TESS station stars204; photometric inflection method; night median MSAS=20.82; MSAS at inflection=20.67; depression=16.64°; smoothing=5-pt median; dark rows=567
fajr,2018-11-16,04:37,2,-17.928194,25.818417,0.0,Zamorano J. et al. (2019). TESS-W sky brightness network. Zenodo monthly archives. https://zenodo.org/records/3378728. CC0 1.0.,TESS station stars204; photometric inflection method; night median MSAS=20.45; MSAS at inflection=20.04; depression=12.97°; smoothing=5-pt median; dark rows=536
isha,2018-11-21,19:37,2,-17.928194,25.818417,0.0,Zamorano J. et al. (2019). TESS-W sky brightness network. Zenodo monthly archives. https://zenodo.org/records/3378728. CC0 1.0.,TESS station stars204; photometric inflection method; night median MSAS=17.69; MSAS at inflection=17.87; depression=14.76°; smoothing=5-pt median; dark rows=543
isha,2018-11-24,19:14,2,-17.928194,25.818417,0.0,Zamorano J. et al. (2019). TESS-W sky brightness network. Zenodo monthly archives. https://zenodo.org/records/3378728. CC0 1.0.,TESS station stars204; photometric inflection method; night median MSAS=18.27; MSAS at inflection=17.52; depression=9.40°; smoothing=5-pt median; dark rows=543
isha,2018-11-26,19:08,2,-17.928194,25.818417,0.0,Zamorano J. et al. (2019). TESS-W sky brightness network. Zenodo monthly archives. https://zenodo.org/records/3378728. CC0 1.0.,TESS station stars204; photometric inflection method; night median MSAS=18.58; MSAS at inflection=16.34; depression=7.88°; smoothing=5-pt median; dark rows=532
isha,2018-11-27,19:17,2,-17.928194,25.818417,0.0,Zamorano J. et al. (2019). TESS-W sky brightness network. Zenodo monthly archives. https://zenodo.org/records/3378728. CC0 1.0.,TESS station stars204; photometric inflection method; night median MSAS=18.80; MSAS at inflection=17.08; depression=9.67°; smoothing=5-pt median; dark rows=533
isha,2018-11-28,19:17,2,-17.928194,25.818417,0.0,Zamorano J. et al. (2019). TESS-W sky brightness network. Zenodo monthly archives. https://zenodo.org/records/3378728. CC0 1.0.,TESS station stars204; photometric inflection method; night median MSAS=19.26; MSAS at inflection=19.05; depression=9.40°; smoothing=5-pt median; dark rows=518
isha,2018-11-29,19:58,2,-17.928194,25.818417,0.0,Zamorano J. et al. (2019). TESS-W sky brightness network. Zenodo monthly archives. https://zenodo.org/records/3378728. CC0 1.0.,TESS station stars204; photometric inflection method; night median MSAS=20.38; MSAS at inflection=20.61; depression=17.98°; smoothing=5-pt median; dark rows=568
fajr,2018-11-30,03:57,2,-17.928194,25.818417,0.0,Zamorano J. et al. (2019). TESS-W sky brightness network. Zenodo monthly archives. https://zenodo.org/records/3378728. CC0 1.0.,TESS station stars204; photometric inflection method; night median MSAS=20.38; MSAS at inflection=19.51; depression=20.69°; smoothing=5-pt median; dark rows=568
isha,2018-11-08,19:48,2,-17.783139,25.159207,0.0,Zamorano J. et al. (2019). TESS-W sky brightness network. Zenodo monthly archives. https://zenodo.org/records/3378728. CC0 1.0.,TESS station stars205; photometric inflection method; night median MSAS=19.71; MSAS at inflection=19.78; depression=18.39°; smoothing=5-pt median; dark rows=548
isha,2018-11-09,19:18,2,-17.783139,25.159207,0.0,Zamorano J. et al. (2019). TESS-W sky brightness network. Zenodo monthly archives. https://zenodo.org/records/3378728. CC0 1.0.,TESS station stars205; photometric inflection method; night median MSAS=19.82; MSAS at inflection=17.95; depression=11.83°; smoothing=5-pt median; dark rows=580
fajr,2018-11-10,04:36,2,-17.783139,25.159207,0.0,Zamorano J. et al. (2019). TESS-W sky brightness network. Zenodo monthly archives. https://zenodo.org/records/3378728. CC0 1.0.,TESS station stars205; photometric inflection method; night median MSAS=19.82; MSAS at inflection=19.68; depression=14.23°; smoothing=5-pt median; dark rows=580
isha,2018-11-10,19:43,2,-17.783139,25.159207,0.0,Zamorano J. et al. (2019). TESS-W sky brightness network. Zenodo monthly archives. https://zenodo.org/records/3378728. CC0 1.0.,TESS station stars205; photometric inflection method; night median MSAS=20.32; MSAS at inflection=20.23; depression=17.22°; smoothing=5-pt median; dark rows=580
isha,2018-11-13,19:23,2,-17.783139,25.159207,0.0,Zamorano J. et al. (2019). TESS-W sky brightness network. Zenodo monthly archives. https://zenodo.org/records/3378728. CC0 1.0.,TESS station stars205; photometric inflection method; night median MSAS=19.89; MSAS at inflection=18.88; depression=12.47°; smoothing=5-pt median; dark rows=561
isha,2018-11-19,19:06,2,-17.783139,25.159207,0.0,Zamorano J. et al. (2019). TESS-W sky brightness network. Zenodo monthly archives. https://zenodo.org/records/3378728. CC0 1.0.,TESS station stars205; photometric inflection method; night median MSAS=18.00; MSAS at inflection=15.53; depression=7.89°; smoothing=5-pt median; dark rows=556
fajr,2018-11-20,04:20,2,-17.783139,25.159207,0.0,Zamorano J. et al. (2019). TESS-W sky brightness network. Zenodo monthly archives. https://zenodo.org/records/3378728. CC0 1.0.,TESS station stars205; photometric inflection method; night median MSAS=18.00; MSAS at inflection=19.79; depression=16.94°; smoothing=5-pt median; dark rows=556
isha,2018-11-02,19:23,1,-19.2582,15.2624,0.0,Zamorano J. et al. (2019). TESS-W sky brightness network. Zenodo monthly archives. https://zenodo.org/records/3378728. CC0 1.0.,TESS station stars206; photometric inflection method; night median MSAS=21.65; MSAS at inflection=21.24; depression=17.67°; smoothing=5-pt median; dark rows=555
isha,2018-11-03,19:39,1,-19.2582,15.2624,0.0,Zamorano J. et al. (2019). TESS-W sky brightness network. Zenodo monthly archives. https://zenodo.org/records/3378728. CC0 1.0.,TESS station stars206; photometric inflection method; night median MSAS=21.67; MSAS at inflection=21.40; depression=21.06°; smoothing=5-pt median; dark rows=532
isha,2018-11-07,19:04,1,-19.2582,15.2624,0.0,Zamorano J. et al. (2019). TESS-W sky brightness network. Zenodo monthly archives. https://zenodo.org/records/3378728. CC0 1.0.,TESS station stars206; photometric inflection method; night median MSAS=21.58; MSAS at inflection=19.75; depression=12.81°; smoothing=5-pt median; dark rows=511
fajr,2018-11-09,04:24,1,-19.2582,15.2624,0.0,Zamorano J. et al. (2019). TESS-W sky brightness network. Zenodo monthly archives. https://zenodo.org/records/3378728. CC0 1.0.,TESS station stars206; photometric inflection method; night median MSAS=21.52; MSAS at inflection=19.42; depression=11.91°; smoothing=5-pt median; dark rows=554
isha,2018-11-09,19:01,1,-19.2582,15.2624,0.0,Zamorano J. et al. (2019). TESS-W sky brightness network. Zenodo monthly archives. https://zenodo.org/records/3378728. CC0 1.0.,TESS station stars206; photometric inflection method; night median MSAS=21.67; MSAS at inflection=19.32; depression=12.04°; smoothing=5-pt median; dark rows=456
isha,2018-11-11,19:04,1,-19.2582,15.2624,0.0,Zamorano J. et al. (2019). TESS-W sky brightness network. Zenodo monthly archives. https://zenodo.org/records/3378728. CC0 1.0.,TESS station stars206; photometric inflection method; night median MSAS=21.29; MSAS at inflection=19.90; depression=12.35°; smoothing=5-pt median; dark rows=479
isha,2018-11-13,19:46,1,-19.2582,15.2624,0.0,Zamorano J. et al. (2019). TESS-W sky brightness network. Zenodo monthly archives. https://zenodo.org/records/3378728. CC0 1.0.,TESS station stars206; photometric inflection method; night median MSAS=21.21; MSAS at inflection=19.51; depression=20.91°; smoothing=5-pt median; dark rows=550
fajr,2018-11-15,04:21,1,-19.2582,15.2624,0.0,Zamorano J. et al. (2019). TESS-W sky brightness network. Zenodo monthly archives. https://zenodo.org/records/3378728. CC0 1.0.,TESS station stars206; photometric inflection method; night median MSAS=21.23; MSAS at inflection=19.83; depression=12.17°; smoothing=5-pt median; dark rows=430
fajr,2018-11-16,04:15,1,-19.2582,15.2624,0.0,Zamorano J. et al. (2019). TESS-W sky brightness network. Zenodo monthly archives. https://zenodo.org/records/3378728. CC0 1.0.,TESS station stars206; photometric inflection method; night median MSAS=21.21; MSAS at inflection=20.47; depression=13.21°; smoothing=5-pt median; dark rows=316
fajr,2018-11-17,04:18,1,-19.2582,15.2624,0.0,Zamorano J. et al. (2019). TESS-W sky brightness network. Zenodo monthly archives. https://zenodo.org/records/3378728. CC0 1.0.,TESS station stars206; photometric inflection method; night median MSAS=20.03; MSAS at inflection=20.18; depression=12.66°; smoothing=5-pt median; dark rows=535
isha,2018-11-18,19:22,1,-19.2582,15.2624,0.0,Zamorano J. et al. (2019). TESS-W sky brightness network. Zenodo monthly archives. https://zenodo.org/records/3378728. CC0 1.0.,TESS station stars206; photometric inflection method; night median MSAS=18.12; MSAS at inflection=16.93; depression=15.16°; smoothing=5-pt median; dark rows=475
isha,2018-11-19,18:51,1,-19.2582,15.2624,0.0,Zamorano J. et al. (2019). TESS-W sky brightness network. Zenodo monthly archives. https://zenodo.org/records/3378728. CC0 1.0.,TESS station stars206; photometric inflection method; night median MSAS=17.83; MSAS at inflection=15.94; depression=8.32°; smoothing=5-pt median; dark rows=461
fajr,2018-11-20,04:30,1,-19.2582,15.2624,0.0,Zamorano J. et al. (2019). TESS-W sky brightness network. Zenodo monthly archives. https://zenodo.org/records/3378728. CC0 1.0.,TESS station stars206; photometric inflection method; night median MSAS=17.83; MSAS at inflection=17.65; depression=9.95°; smoothing=5-pt median; dark rows=461
isha,2018-11-23,18:54,1,-19.2582,15.2624,0.0,Zamorano J. et al. (2019). TESS-W sky brightness network. Zenodo monthly archives. https://zenodo.org/records/3378728. CC0 1.0.,TESS station stars206; photometric inflection method; night median MSAS=18.66; MSAS at inflection=16.18; depression=8.54°; smoothing=5-pt median; dark rows=28
fajr,2018-11-23,19:39,1,-19.2582,15.2624,0.0,Zamorano J. et al. (2019). TESS-W sky brightness network. Zenodo monthly archives. https://zenodo.org/records/3378728. CC0 1.0.,TESS station stars206; photometric inflection method; night median MSAS=18.66; MSAS at inflection=18.99; depression=17.87°; smoothing=5-pt median; dark rows=28
isha,2018-11-24,19:12,1,-19.2582,15.2624,0.0,Zamorano J. et al. (2019). TESS-W sky brightness network. Zenodo monthly archives. https://zenodo.org/records/3378728. CC0 1.0.,TESS station stars206; photometric inflection method; night median MSAS=19.11; MSAS at inflection=19.90; depression=12.17°; smoothing=5-pt median; dark rows=537
fajr,2018-11-25,03:49,1,-19.2582,15.2624,0.0,Zamorano J. et al. (2019). TESS-W sky brightness network. Zenodo monthly archives. https://zenodo.org/records/3378728. CC0 1.0.,TESS station stars206; photometric inflection method; night median MSAS=19.11; MSAS at inflection=18.35; depression=18.20°; smoothing=5-pt median; dark rows=537
fajr,2018-11-26,03:37,1,-19.2582,15.2624,0.0,Zamorano J. et al. (2019). TESS-W sky brightness network. Zenodo monthly archives. https://zenodo.org/records/3378728. CC0 1.0.,TESS station stars206; photometric inflection method; night median MSAS=18.24; MSAS at inflection=18.07; depression=20.66°; smoothing=5-pt median; dark rows=549
fajr,2018-11-27,03:48,1,-19.2582,15.2624,0.0,Zamorano J. et al. (2019). TESS-W sky brightness network. Zenodo monthly archives. https://zenodo.org/records/3378728. CC0 1.0.,TESS station stars206; photometric inflection method; night median MSAS=18.80; MSAS at inflection=18.22; depression=18.39°; smoothing=5-pt median; dark rows=482
isha,2018-11-28,19:19,1,-19.2582,15.2624,0.0,Zamorano J. et al. (2019). TESS-W sky brightness network. Zenodo monthly archives. https://zenodo.org/records/3378728. CC0 1.0.,TESS station stars206; photometric inflection method; night median MSAS=20.89; MSAS at inflection=20.25; depression=13.11°; smoothing=5-pt median; dark rows=533
isha,2018-11-01,18:06,-8,31.0435,-115.4641,0.0,Zamorano J. et al. (2019). TESS-W sky brightness network. Zenodo monthly archives. https://zenodo.org/records/3378728. CC0 1.0.,TESS station stars213; photometric inflection method; night median MSAS=21.22; MSAS at inflection=21.06; depression=16.15°; smoothing=5-pt median; dark rows=660
isha,2018-11-02,18:02,-8,31.0435,-115.4641,0.0,Zamorano J. et al. (2019). TESS-W sky brightness network. Zenodo monthly archives. https://zenodo.org/records/3378728. CC0 1.0.,TESS station stars213; photometric inflection method; night median MSAS=21.22; MSAS at inflection=21.06; depression=15.47°; smoothing=5-pt median; dark rows=695
isha,2018-11-03,18:09,-8,31.0435,-115.4641,0.0,Zamorano J. et al. (2019). TESS-W sky brightness network. Zenodo monthly archives. https://zenodo.org/records/3378728. CC0 1.0.,TESS station stars213; photometric inflection method; night median MSAS=21.21; MSAS at inflection=21.04; depression=17.04°; smoothing=5-pt median; dark rows=698
fajr,2018-11-04,05:06,-8,31.0435,-115.4641,0.0,Zamorano J. et al. (2019). TESS-W sky brightness network. Zenodo monthly archives. https://zenodo.org/records/3378728. CC0 1.0.,TESS station stars213; photometric inflection method; night median MSAS=21.21; MSAS at inflection=19.59; depression=11.94°; smoothing=5-pt median; dark rows=698
fajr,2018-11-05,04:47,-8,31.0435,-115.4641,0.0,Zamorano J. et al. (2019). TESS-W sky brightness network. Zenodo monthly archives. https://zenodo.org/records/3378728. CC0 1.0.,TESS station stars213; photometric inflection method; night median MSAS=21.34; MSAS at inflection=21.13; depression=16.00°; smoothing=5-pt median; dark rows=700
isha,2018-11-07,18:06,-8,31.0435,-115.4641,0.0,Zamorano J. et al. (2019). TESS-W sky brightness network. Zenodo monthly archives. https://zenodo.org/records/3378728. CC0 1.0.,TESS station stars213; photometric inflection method; night median MSAS=21.29; MSAS at inflection=21.21; depression=17.11°; smoothing=5-pt median; dark rows=703
fajr,2018-11-09,05:06,-8,31.0435,-115.4641,0.0,Zamorano J. et al. (2019). TESS-W sky brightness network. Zenodo monthly archives. https://zenodo.org/records/3378728. CC0 1.0.,TESS station stars213; photometric inflection method; night median MSAS=21.07; MSAS at inflection=19.93; depression=12.60°; smoothing=5-pt median; dark rows=704
isha,2018-11-10,17:45,-8,31.0435,-115.4641,0.0,Zamorano J. et al. (2019). TESS-W sky brightness network. Zenodo monthly archives. https://zenodo.org/records/3378728. CC0 1.0.,TESS station stars213; photometric inflection method; night median MSAS=21.16; MSAS at inflection=20.20; depression=12.95°; smoothing=5-pt median; dark rows=708
isha,2018-11-11,17:50,-8,31.0435,-115.4641,0.0,Zamorano J. et al. (2019). TESS-W sky brightness network. Zenodo monthly archives. https://zenodo.org/records/3378728. CC0 1.0.,TESS station stars213; photometric inflection method; night median MSAS=21.27; MSAS at inflection=20.63; depression=14.04°; smoothing=5-pt median; dark rows=510
isha,2018-11-14,17:36,-8,31.0435,-115.4641,0.0,Zamorano J. et al. (2019). TESS-W sky brightness network. Zenodo monthly archives. https://zenodo.org/records/3378728. CC0 1.0.,TESS station stars213; photometric inflection method; night median MSAS=21.16; MSAS at inflection=19.39; depression=11.56°; smoothing=5-pt median; dark rows=711
fajr,2018-11-15,05:12,-8,31.0435,-115.4641,0.0,Zamorano J. et al. (2019). TESS-W sky brightness network. Zenodo monthly archives. https://zenodo.org/records/3378728. CC0 1.0.,TESS station stars213; photometric inflection method; night median MSAS=21.16; MSAS at inflection=20.05; depression=12.41°; smoothing=5-pt median; dark rows=711
fajr,2018-11-17,05:23,-8,31.0435,-115.4641,0.0,Zamorano J. et al. (2019). TESS-W sky brightness network. Zenodo monthly archives. https://zenodo.org/records/3378728. CC0 1.0.,TESS station stars213; photometric inflection method; night median MSAS=20.58; MSAS at inflection=18.51; depression=10.34°; smoothing=5-pt median; dark rows=713
fajr,2018-11-18,05:01,-8,31.0435,-115.4641,0.0,Zamorano J. et al. (2019). TESS-W sky brightness network. Zenodo monthly archives. https://zenodo.org/records/3378728. CC0 1.0.,TESS station stars213; photometric inflection method; night median MSAS=19.46; MSAS at inflection=21.18; depression=15.10°; smoothing=5-pt median; dark rows=715
fajr,2018-11-19,04:43,-8,31.0435,-115.4641,0.0,Zamorano J. et al. (2019). TESS-W sky brightness network. Zenodo monthly archives. https://zenodo.org/records/3378728. CC0 1.0.,TESS station stars213; photometric inflection method; night median MSAS=19.34; MSAS at inflection=21.43; depression=18.94°; smoothing=5-pt median; dark rows=715
isha,2018-11-24,17:19,-8,31.0435,-115.4641,0.0,Zamorano J. et al. (2019). TESS-W sky brightness network. Zenodo monthly archives. https://zenodo.org/records/3378728. CC0 1.0.,TESS station stars213; photometric inflection method; night median MSAS=17.93; MSAS at inflection=16.28; depression=8.69°; smoothing=5-pt median; dark rows=722
fajr,2018-11-25,05:15,-8,31.0435,-115.4641,0.0,Zamorano J. et al. (2019). TESS-W sky brightness network. Zenodo monthly archives. https://zenodo.org/records/3378728. CC0 1.0.,TESS station stars213; photometric inflection method; night median MSAS=17.93; MSAS at inflection=18.59; depression=13.27°; smoothing=5-pt median; dark rows=722
isha,2018-11-26,17:27,-8,31.0435,-115.4641,0.0,Zamorano J. et al. (2019). TESS-W sky brightness network. Zenodo monthly archives. https://zenodo.org/records/3378728. CC0 1.0.,TESS station stars213; photometric inflection method; night median MSAS=19.08; MSAS at inflection=17.93; depression=10.40°; smoothing=5-pt median; dark rows=722
isha,2018-11-28,18:11,-8,31.0435,-115.4641,0.0,Zamorano J. et al. (2019). TESS-W sky brightness network. Zenodo monthly archives. https://zenodo.org/records/3378728. CC0 1.0.,TESS station stars213; photometric inflection method; night median MSAS=20.75; MSAS at inflection=21.44; depression=19.50°; smoothing=5-pt median; dark rows=728
fajr,2018-11-02,04:12,12,-41.305029,174.783092,0.0,Zamorano J. et al. (2019). TESS-W sky brightness network. Zenodo monthly archives. https://zenodo.org/records/3378728. CC0 1.0.,TESS station stars214; photometric inflection method; night median MSAS=19.02; MSAS at inflection=17.25; depression=10.05°; smoothing=5-pt median; dark rows=494
isha,2018-11-05,19:59,12,-41.305029,174.783092,0.0,Zamorano J. et al. (2019). TESS-W sky brightness network. Zenodo monthly archives. https://zenodo.org/records/3378728. CC0 1.0.,TESS station stars214; photometric inflection method; night median MSAS=19.27; MSAS at inflection=17.18; depression=9.81°; smoothing=5-pt median; dark rows=482
fajr,2018-11-06,03:56,12,-41.305029,174.783092,0.0,Zamorano J. et al. (2019). TESS-W sky brightness network. Zenodo monthly archives. https://zenodo.org/records/3378728. CC0 1.0.,TESS station stars214; photometric inflection method; night median MSAS=19.27; MSAS at inflection=18.64; depression=11.74°; smoothing=5-pt median; dark rows=482
isha,2018-11-12,20:10,12,-41.305029,174.783092,0.0,Zamorano J. et al. (2019). TESS-W sky brightness network. Zenodo monthly archives. https://zenodo.org/records/3378728. CC0 1.0.,TESS station stars214; photometric inflection method; night median MSAS=19.29; MSAS at inflection=17.74; depression=9.95°; smoothing=5-pt median; dark rows=110
fajr,2018-11-12,21:34,12,-41.305029,174.783092,0.0,Zamorano J. et al. (2019). TESS-W sky brightness network. Zenodo monthly archives. https://zenodo.org/records/3378728. CC0 1.0.,TESS station stars214; photometric inflection method; night median MSAS=19.29; MSAS at inflection=19.44; depression=21.48°; smoothing=5-pt median; dark rows=110
isha,2018-11-14,21:26,12,-41.305029,174.783092,0.0,Zamorano J. et al. (2019). TESS-W sky brightness network. Zenodo monthly archives. https://zenodo.org/records/3378728. CC0 1.0.,TESS station stars214; photometric inflection method; night median MSAS=19.29; MSAS at inflection=19.14; depression=20.04°; smoothing=5-pt median; dark rows=435
fajr,2018-11-16,03:00,12,-41.305029,174.783092,0.0,Zamorano J. et al. (2019). TESS-W sky brightness network. Zenodo monthly archives. https://zenodo.org/records/3378728. CC0 1.0.,TESS station stars214; photometric inflection method; night median MSAS=18.79; MSAS at inflection=17.99; depression=17.73°; smoothing=5-pt median; dark rows=456
isha,2018-11-30,20:48,12,-41.305029,174.783092,0.0,Zamorano J. et al. (2019). TESS-W sky brightness network. Zenodo monthly archives. https://zenodo.org/records/3378728. CC0 1.0.,TESS station stars214; photometric inflection method; night median MSAS=18.79; MSAS at inflection=18.59; depression=11.66°; smoothing=5-pt median; dark rows=422
fajr,2018-11-02,03:44,10,-38.272981,145.041536,0.0,Zamorano J. et al. (2019). TESS-W sky brightness network. Zenodo monthly archives. https://zenodo.org/records/3378728. CC0 1.0.,TESS station stars215; photometric inflection method; night median MSAS=18.46; MSAS at inflection=18.45; depression=16.08°; smoothing=5-pt median; dark rows=507
isha,2018-11-02,20:22,10,-38.272981,145.041536,0.0,Zamorano J. et al. (2019). TESS-W sky brightness network. Zenodo monthly archives. https://zenodo.org/records/3378728. CC0 1.0.,TESS station stars215; photometric inflection method; night median MSAS=19.53; MSAS at inflection=18.71; depression=16.02°; smoothing=5-pt median; dark rows=505
isha,2018-11-04,19:41,10,-38.272981,145.041536,0.0,Zamorano J. et al. (2019). TESS-W sky brightness network. Zenodo monthly archives. https://zenodo.org/records/3378728. CC0 1.0.,TESS station stars215; photometric inflection method; night median MSAS=18.67; MSAS at inflection=16.46; depression=8.55°; smoothing=5-pt median; dark rows=499
fajr,2018-11-05,03:55,10,-38.272981,145.041536,0.0,Zamorano J. et al. (2019). TESS-W sky brightness network. Zenodo monthly archives. https://zenodo.org/records/3378728. CC0 1.0.,TESS station stars215; photometric inflection method; night median MSAS=18.67; MSAS at inflection=18.52; depression=13.57°; smoothing=5-pt median; dark rows=499
isha,2018-11-05,21:05,10,-38.272981,145.041536,0.0,Zamorano J. et al. (2019). TESS-W sky brightness network. Zenodo monthly archives. https://zenodo.org/records/3378728. CC0 1.0.,TESS station stars215; photometric inflection method; night median MSAS=19.47; MSAS at inflection=20.18; depression=21.80°; smoothing=5-pt median; dark rows=497
isha,2018-11-07,20:48,10,-38.272981,145.041536,0.0,Zamorano J. et al. (2019). TESS-W sky brightness network. Zenodo monthly archives. https://zenodo.org/records/3378728. CC0 1.0.,TESS station stars215; photometric inflection method; night median MSAS=19.66; MSAS at inflection=20.41; depression=18.80°; smoothing=5-pt median; dark rows=493
fajr,2018-11-09,03:01,10,-38.272981,145.041536,0.0,Zamorano J. et al. (2019). TESS-W sky brightness network. Zenodo monthly archives. https://zenodo.org/records/3378728. CC0 1.0.,TESS station stars215; photometric inflection method; night median MSAS=19.68; MSAS at inflection=19.55; depression=20.99°; smoothing=5-pt median; dark rows=490
fajr,2018-11-10,04:05,10,-38.272981,145.041536,0.0,Zamorano J. et al. (2019). TESS-W sky brightness network. Zenodo monthly archives. https://zenodo.org/records/3378728. CC0 1.0.,TESS station stars215; photometric inflection method; night median MSAS=20.46; MSAS at inflection=18.71; depression=10.86°; smoothing=5-pt median; dark rows=488
isha,2018-11-10,20:46,10,-38.272981,145.041536,0.0,Zamorano J. et al. (2019). TESS-W sky brightness network. Zenodo monthly archives. https://zenodo.org/records/3378728. CC0 1.0.,TESS station stars215; photometric inflection method; night median MSAS=20.64; MSAS at inflection=20.51; depression=17.76°; smoothing=5-pt median; dark rows=486
fajr,2018-11-11,03:47,10,-38.272981,145.041536,0.0,Zamorano J. et al. (2019). TESS-W sky brightness network. Zenodo monthly archives. https://zenodo.org/records/3378728. CC0 1.0.,TESS station stars215; photometric inflection method; night median MSAS=20.64; MSAS at inflection=20.20; depression=13.70°; smoothing=5-pt median; dark rows=486
isha,2018-11-14,02:59,10,-38.272981,145.041536,0.0,Zamorano J. et al. (2019). TESS-W sky brightness network. Zenodo monthly archives. https://zenodo.org/records/3378728. CC0 1.0.,TESS station stars215; photometric inflection method; night median MSAS=18.92; MSAS at inflection=18.95; depression=20.26°; smoothing=5-pt median; dark rows=199
fajr,2018-11-14,03:25,10,-38.272981,145.041536,0.0,Zamorano J. et al. (2019). TESS-W sky brightness network. Zenodo monthly archives. https://zenodo.org/records/3378728. CC0 1.0.,TESS station stars215; photometric inflection method; night median MSAS=18.92; MSAS at inflection=19.04; depression=16.46°; smoothing=5-pt median; dark rows=199
fajr,2018-11-15,03:14,10,-38.272981,145.041536,0.0,Zamorano J. et al. (2019). TESS-W sky brightness network. Zenodo monthly archives. https://zenodo.org/records/3378728. CC0 1.0.,TESS station stars215; photometric inflection method; night median MSAS=19.35; MSAS at inflection=19.54; depression=18.02°; smoothing=5-pt median; dark rows=476
isha,2018-11-15,20:24,10,-38.272981,145.041536,0.0,Zamorano J. et al. (2019). TESS-W sky brightness network. Zenodo monthly archives. https://zenodo.org/records/3378728. CC0 1.0.,TESS station stars215; photometric inflection method; night median MSAS=20.29; MSAS at inflection=19.26; depression=13.35°; smoothing=5-pt median; dark rows=473
fajr,2018-11-16,02:57,10,-38.272981,145.041536,0.0,Zamorano J. et al. (2019). TESS-W sky brightness network. Zenodo monthly archives. https://zenodo.org/records/3378728. CC0 1.0.,TESS station stars215; photometric inflection method; night median MSAS=20.29; MSAS at inflection=20.56; depression=20.17°; smoothing=5-pt median; dark rows=473
isha,2018-11-17,20:34,10,-38.272981,145.041536,0.0,Zamorano J. et al. (2019). TESS-W sky brightness network. Zenodo monthly archives. https://zenodo.org/records/3378728. CC0 1.0.,TESS station stars215; photometric inflection method; night median MSAS=19.67; MSAS at inflection=18.55; depression=14.41°; smoothing=5-pt median; dark rows=468
fajr,2018-11-22,04:12,10,-38.272981,145.041536,0.0,Zamorano J. et al. (2019). TESS-W sky brightness network. Zenodo monthly archives. https://zenodo.org/records/3378728. CC0 1.0.,TESS station stars215; photometric inflection method; night median MSAS=17.73; MSAS at inflection=15.76; depression=8.00°; smoothing=5-pt median; dark rows=393
fajr,2018-11-14,05:01,-1,27.964093,-15.563285,0.0,Zamorano J. et al. (2019). TESS-W sky brightness network. Zenodo monthly archives. https://zenodo.org/records/3378728. CC0 1.0.,TESS station stars216; photometric inflection method; night median MSAS=20.64; MSAS at inflection=20.64; depression=18.16°; smoothing=5-pt median; dark rows=702
fajr,2018-11-15,04:50,-1,27.964093,-15.563285,0.0,Zamorano J. et al. (2019). TESS-W sky brightness network. Zenodo monthly archives. https://zenodo.org/records/3378728. CC0 1.0.,TESS station stars216; photometric inflection method; night median MSAS=20.41; MSAS at inflection=20.51; depression=20.68°; smoothing=5-pt median; dark rows=705
isha,2018-11-15,17:56,-1,27.964093,-15.563285,0.0,Zamorano J. et al. (2019). TESS-W sky brightness network. Zenodo monthly archives. https://zenodo.org/records/3378728. CC0 1.0.,TESS station stars216; photometric inflection method; night median MSAS=19.57; MSAS at inflection=17.73; depression=10.56°; smoothing=5-pt median; dark rows=706
fajr,2018-11-17,04:56,-1,27.964093,-15.563285,0.0,Zamorano J. et al. (2019). TESS-W sky brightness network. Zenodo monthly archives. https://zenodo.org/records/3378728. CC0 1.0.,TESS station stars216; photometric inflection method; night median MSAS=19.63; MSAS at inflection=19.94; depression=19.63°; smoothing=5-pt median; dark rows=707
fajr,2018-11-18,05:17,-1,27.964093,-15.563285,0.0,Zamorano J. et al. (2019). TESS-W sky brightness network. Zenodo monthly archives. https://zenodo.org/records/3378728. CC0 1.0.,TESS station stars216; photometric inflection method; night median MSAS=18.70; MSAS at inflection=19.83; depression=15.24°; smoothing=5-pt median; dark rows=707
fajr,2018-11-19,05:46,-1,27.964093,-15.563285,0.0,Zamorano J. et al. (2019). TESS-W sky brightness network. Zenodo monthly archives. https://zenodo.org/records/3378728. CC0 1.0.,TESS station stars216; photometric inflection method; night median MSAS=17.78; MSAS at inflection=16.91; depression=9.21°; smoothing=5-pt median; dark rows=710
isha,2018-11-23,18:01,-1,27.964093,-15.563285,0.0,Zamorano J. et al. (2019). TESS-W sky brightness network. Zenodo monthly archives. https://zenodo.org/records/3378728. CC0 1.0.,TESS station stars216; photometric inflection method; night median MSAS=18.41; MSAS at inflection=18.24; depression=12.21°; smoothing=5-pt median; dark rows=62
isha,2018-11-25,18:03,-1,27.964093,-15.563285,0.0,Zamorano J. et al. (2019). TESS-W sky brightness network. Zenodo monthly archives. https://zenodo.org/records/3378728. CC0 1.0.,TESS station stars216; photometric inflection method; night median MSAS=17.93; MSAS at inflection=19.57; depression=12.60°; smoothing=5-pt median; dark rows=712
fajr,2018-11-26,05:38,-1,27.964093,-15.563285,0.0,Zamorano J. et al. (2019). TESS-W sky brightness network. Zenodo monthly archives. https://zenodo.org/records/3378728. CC0 1.0.,TESS station stars216; photometric inflection method; night median MSAS=17.93; MSAS at inflection=18.42; depression=12.04°; smoothing=5-pt median; dark rows=712
fajr,2018-11-27,05:36,-1,27.964093,-15.563285,0.0,Zamorano J. et al. (2019). TESS-W sky brightness network. Zenodo monthly archives. https://zenodo.org/records/3378728. CC0 1.0.,TESS station stars216; photometric inflection method; night median MSAS=17.84; MSAS at inflection=17.86; depression=12.50°; smoothing=5-pt median; dark rows=716
isha,2018-11-05,18:21,0,39.10946,-6.6892,0.0,Zamorano J. et al. (2019). TESS-W sky brightness network. Zenodo monthly archives. https://zenodo.org/records/3378728. CC0 1.0.,TESS station stars218; photometric inflection method; night median MSAS=20.93; MSAS at inflection=18.50; depression=11.96°; smoothing=5-pt median; dark rows=1438
fajr,2018-11-07,06:02,0,39.10946,-6.6892,0.0,Zamorano J. et al. (2019). TESS-W sky brightness network. Zenodo monthly archives. https://zenodo.org/records/3378728. CC0 1.0.,TESS station stars218; photometric inflection method; night median MSAS=20.33; MSAS at inflection=19.39; depression=11.74°; smoothing=5-pt median; dark rows=1442
isha,2018-11-11,18:05,0,39.10946,-6.6892,0.0,Zamorano J. et al. (2019). TESS-W sky brightness network. Zenodo monthly archives. https://zenodo.org/records/3378728. CC0 1.0.,TESS station stars218; photometric inflection method; night median MSAS=20.22; MSAS at inflection=18.24; depression=10.05°; smoothing=5-pt median; dark rows=1460
isha,2018-11-18,18:23,0,39.10946,-6.6892,0.0,Zamorano J. et al. (2019). TESS-W sky brightness network. Zenodo monthly archives. https://zenodo.org/records/3378728. CC0 1.0.,TESS station stars218; photometric inflection method; night median MSAS=18.67; MSAS at inflection=17.67; depression=14.31°; smoothing=5-pt median; dark rows=1480
fajr,2018-11-23,18:44,0,39.10946,-6.6892,0.0,Zamorano J. et al. (2019). TESS-W sky brightness network. Zenodo monthly archives. https://zenodo.org/records/3378728. CC0 1.0.,TESS station stars218; photometric inflection method; night median MSAS=18.98; MSAS at inflection=19.12; depression=18.62°; smoothing=5-pt median; dark rows=228
isha,2018-11-25,17:47,0,39.10946,-6.6892,0.0,Zamorano J. et al. (2019). TESS-W sky brightness network. Zenodo monthly archives. https://zenodo.org/records/3378728. CC0 1.0.,TESS station stars218; photometric inflection method; night median MSAS=17.83; MSAS at inflection=17.05; depression=8.05°; smoothing=5-pt median; dark rows=1498
isha,2018-11-26,17:48,0,39.10946,-6.6892,0.0,Zamorano J. et al. (2019). TESS-W sky brightness network. Zenodo monthly archives. https://zenodo.org/records/3378728. CC0 1.0.,TESS station stars218; photometric inflection method; night median MSAS=17.94; MSAS at inflection=15.84; depression=8.32°; smoothing=5-pt median; dark rows=1502
isha,2018-11-27,17:50,0,39.10946,-6.6892,0.0,Zamorano J. et al. (2019). TESS-W sky brightness network. Zenodo monthly archives. https://zenodo.org/records/3378728. CC0 1.0.,TESS station stars218; photometric inflection method; night median MSAS=19.14; MSAS at inflection=16.82; depression=8.79°; smoothing=5-pt median; dark rows=1508
isha,2018-11-29,17:45,0,39.10946,-6.6892,0.0,Zamorano J. et al. (2019). TESS-W sky brightness network. Zenodo monthly archives. https://zenodo.org/records/3378728. CC0 1.0.,TESS station stars218; photometric inflection method; night median MSAS=19.96; MSAS at inflection=18.07; depression=8.03°; smoothing=5-pt median; dark rows=1510
fajr,2018-11-12,03:53,1,-23.236357,16.36177,0.0,Zamorano J. et al. (2019). TESS-W sky brightness network. Zenodo monthly archives. https://zenodo.org/records/3378728. CC0 1.0.,TESS station stars219; photometric inflection method; night median MSAS=21.48; MSAS at inflection=21.34; depression=15.60°; smoothing=5-pt median; dark rows=559
fajr,2018-11-23,19:39,1,-23.236357,16.36177,0.0,Zamorano J. et al. (2019). TESS-W sky brightness network. Zenodo monthly archives. https://zenodo.org/records/3378728. CC0 1.0.,TESS station stars219; photometric inflection method; night median MSAS=18.72; MSAS at inflection=19.12; depression=16.72°; smoothing=5-pt median; dark rows=107
isha,2018-11-25,19:06,1,-23.236357,16.36177,0.0,Zamorano J. et al. (2019). TESS-W sky brightness network. Zenodo monthly archives. https://zenodo.org/records/3378728. CC0 1.0.,TESS station stars219; photometric inflection method; night median MSAS=18.45; MSAS at inflection=16.41; depression=9.82°; smoothing=5-pt median; dark rows=482
fajr,2018-11-26,04:17,1,-23.236357,16.36177,0.0,Zamorano J. et al. (2019). TESS-W sky brightness network. Zenodo monthly archives. https://zenodo.org/records/3378728. CC0 1.0.,TESS station stars219; photometric inflection method; night median MSAS=18.45; MSAS at inflection=16.67; depression=9.72°; smoothing=5-pt median; dark rows=482
fajr,2018-11-27,03:23,1,-23.236357,16.36177,0.0,Zamorano J. et al. (2019). TESS-W sky brightness network. Zenodo monthly archives. https://zenodo.org/records/3378728. CC0 1.0.,TESS station stars219; photometric inflection method; night median MSAS=19.67; MSAS at inflection=18.68; depression=20.25°; smoothing=5-pt median; dark rows=540
fajr,2018-11-28,03:33,1,-23.236357,16.36177,0.0,Zamorano J. et al. (2019). TESS-W sky brightness network. Zenodo monthly archives. https://zenodo.org/records/3378728. CC0 1.0.,TESS station stars219; photometric inflection method; night median MSAS=20.49; MSAS at inflection=19.09; depression=18.20°; smoothing=5-pt median; dark rows=494
fajr,2018-11-29,03:34,1,-23.236357,16.36177,0.0,Zamorano J. et al. (2019). TESS-W sky brightness network. Zenodo monthly archives. https://zenodo.org/records/3378728. CC0 1.0.,TESS station stars219; photometric inflection method; night median MSAS=20.91; MSAS at inflection=18.96; depression=18.03°; smoothing=5-pt median; dark rows=541
fajr,2018-11-30,03:59,1,-23.236357,16.36177,0.0,Zamorano J. et al. (2019). TESS-W sky brightness network. Zenodo monthly archives. https://zenodo.org/records/3378728. CC0 1.0.,TESS station stars219; photometric inflection method; night median MSAS=21.48; MSAS at inflection=19.59; depression=13.08°; smoothing=5-pt median; dark rows=527
fajr,2018-11-14,03:02,-5,-31.798607,-69.297744,0.0,Zamorano J. et al. (2019). TESS-W sky brightness network. Zenodo monthly archives. https://zenodo.org/records/3378728. CC0 1.0.,TESS station stars221; photometric inflection method; night median MSAS=21.12; MSAS at inflection=20.94; depression=17.22°; smoothing=5-pt median; dark rows=518
isha,2018-11-14,19:09,-5,-31.798607,-69.297744,0.0,Zamorano J. et al. (2019). TESS-W sky brightness network. Zenodo monthly archives. https://zenodo.org/records/3378728. CC0 1.0.,TESS station stars221; photometric inflection method; night median MSAS=20.85; MSAS at inflection=18.55; depression=11.48°; smoothing=5-pt median; dark rows=518
fajr,2018-11-20,02:39,-5,-31.798607,-69.297744,0.0,Zamorano J. et al. (2019). TESS-W sky brightness network. Zenodo monthly archives. https://zenodo.org/records/3378728. CC0 1.0.,TESS station stars221; photometric inflection method; night median MSAS=18.89; MSAS at inflection=20.33; depression=20.14°; smoothing=5-pt median; dark rows=507
isha,2018-11-20,19:30,-5,-31.798607,-69.297744,0.0,Zamorano J. et al. (2019). TESS-W sky brightness network. Zenodo monthly archives. https://zenodo.org/records/3378728. CC0 1.0.,TESS station stars221; photometric inflection method; night median MSAS=17.83; MSAS at inflection=17.80; depression=14.09°; smoothing=5-pt median; dark rows=141
isha,2018-11-21,19:28,-5,-31.798607,-69.297744,0.0,Zamorano J. et al. (2019). TESS-W sky brightness network. Zenodo monthly archives. https://zenodo.org/records/3378728. CC0 1.0.,TESS station stars221; photometric inflection method; night median MSAS=18.91; MSAS at inflection=18.99; depression=13.64°; smoothing=5-pt median; dark rows=504
fajr,2018-11-22,03:29,-5,-31.798607,-69.297744,0.0,Zamorano J. et al. (2019). TESS-W sky brightness network. Zenodo monthly archives. https://zenodo.org/records/3378728. CC0 1.0.,TESS station stars221; photometric inflection method; night median MSAS=18.91; MSAS at inflection=19.04; depression=11.48°; smoothing=5-pt median; dark rows=504
isha,2018-11-22,19:14,-5,-31.798607,-69.297744,0.0,Zamorano J. et al. (2019). TESS-W sky brightness network. Zenodo monthly archives. https://zenodo.org/records/3378728. CC0 1.0.,TESS station stars221; photometric inflection method; night median MSAS=18.52; MSAS at inflection=18.16; depression=10.90°; smoothing=5-pt median; dark rows=501
fajr,2018-11-29,02:34,-5,-31.798607,-69.297744,0.0,Zamorano J. et al. (2019). TESS-W sky brightness network. Zenodo monthly archives. https://zenodo.org/records/3378728. CC0 1.0.,TESS station stars221; photometric inflection method; night median MSAS=21.20; MSAS at inflection=20.37; depression=20.17°; smoothing=5-pt median; dark rows=492
fajr,2018-11-30,02:32,-5,-31.798607,-69.297744,0.0,Zamorano J. et al. (2019). TESS-W sky brightness network. Zenodo monthly archives. https://zenodo.org/records/3378728. CC0 1.0.,TESS station stars221; photometric inflection method; night median MSAS=21.46; MSAS at inflection=20.63; depression=20.40°; smoothing=5-pt median; dark rows=493
fajr,2018-11-02,04:53,0,41.474,-1.4821,0.0,Zamorano J. et al. (2019). TESS-W sky brightness network. Zenodo monthly archives. https://zenodo.org/records/3378728. CC0 1.0.,TESS station stars225; photometric inflection method; night median MSAS=19.18; MSAS at inflection=18.35; depression=20.18°; smoothing=5-pt median; dark rows=714
fajr,2018-11-03,05:39,0,41.474,-1.4821,0.0,Zamorano J. et al. (2019). TESS-W sky brightness network. Zenodo monthly archives. https://zenodo.org/records/3378728. CC0 1.0.,TESS station stars225; photometric inflection method; night median MSAS=19.99; MSAS at inflection=19.35; depression=11.83°; smoothing=5-pt median; dark rows=717
fajr,2018-11-04,05:05,0,41.474,-1.4821,0.0,Zamorano J. et al. (2019). TESS-W sky brightness network. Zenodo monthly archives. https://zenodo.org/records/3378728. CC0 1.0.,TESS station stars225; photometric inflection method; night median MSAS=20.28; MSAS at inflection=20.41; depression=18.24°; smoothing=5-pt median; dark rows=720
isha,2018-11-07,18:41,0,41.474,-1.4821,0.0,Zamorano J. et al. (2019). TESS-W sky brightness network. Zenodo monthly archives. https://zenodo.org/records/3378728. CC0 1.0.,TESS station stars225; photometric inflection method; night median MSAS=20.10; MSAS at inflection=20.07; depression=20.34°; smoothing=5-pt median; dark rows=727
isha,2018-11-09,18:27,0,41.474,-1.4821,0.0,Zamorano J. et al. (2019). TESS-W sky brightness network. Zenodo monthly archives. https://zenodo.org/records/3378728. CC0 1.0.,TESS station stars225; photometric inflection method; night median MSAS=18.87; MSAS at inflection=19.18; depression=18.09°; smoothing=5-pt median; dark rows=732
fajr,2018-11-10,06:06,0,41.474,-1.4821,0.0,Zamorano J. et al. (2019). TESS-W sky brightness network. Zenodo monthly archives. https://zenodo.org/records/3378728. CC0 1.0.,TESS station stars225; photometric inflection method; night median MSAS=18.87; MSAS at inflection=16.48; depression=8.30°; smoothing=5-pt median; dark rows=732
fajr,2018-11-11,05:35,0,41.474,-1.4821,0.0,Zamorano J. et al. (2019). TESS-W sky brightness network. Zenodo monthly archives. https://zenodo.org/records/3378728. CC0 1.0.,TESS station stars225; photometric inflection method; night median MSAS=19.29; MSAS at inflection=18.77; depression=14.16°; smoothing=5-pt median; dark rows=734
fajr,2018-11-12,05:46,0,41.474,-1.4821,0.0,Zamorano J. et al. (2019). TESS-W sky brightness network. Zenodo monthly archives. https://zenodo.org/records/3378728. CC0 1.0.,TESS station stars225; photometric inflection method; night median MSAS=20.25; MSAS at inflection=19.54; depression=12.31°; smoothing=5-pt median; dark rows=736
isha,2018-11-13,18:11,0,41.474,-1.4821,0.0,Zamorano J. et al. (2019). TESS-W sky brightness network. Zenodo monthly archives. https://zenodo.org/records/3378728. CC0 1.0.,TESS station stars225; photometric inflection method; night median MSAS=17.74; MSAS at inflection=19.10; depression=15.76°; smoothing=5-pt median; dark rows=739
fajr,2018-11-14,05:23,0,41.474,-1.4821,0.0,Zamorano J. et al. (2019). TESS-W sky brightness network. Zenodo monthly archives. https://zenodo.org/records/3378728. CC0 1.0.,TESS station stars225; photometric inflection method; night median MSAS=17.74; MSAS at inflection=16.86; depression=16.80°; smoothing=5-pt median; dark rows=739
isha,2018-11-15,18:33,0,41.474,-1.4821,0.0,Zamorano J. et al. (2019). TESS-W sky brightness network. Zenodo monthly archives. https://zenodo.org/records/3378728. CC0 1.0.,TESS station stars225; photometric inflection method; night median MSAS=18.09; MSAS at inflection=19.13; depression=20.14°; smoothing=5-pt median; dark rows=744
fajr,2018-11-16,05:41,0,41.474,-1.4821,0.0,Zamorano J. et al. (2019). TESS-W sky brightness network. Zenodo monthly archives. https://zenodo.org/records/3378728. CC0 1.0.,TESS station stars225; photometric inflection method; night median MSAS=18.09; MSAS at inflection=18.12; depression=13.91°; smoothing=5-pt median; dark rows=744
fajr,2018-11-20,05:37,0,41.474,-1.4821,0.0,Zamorano J. et al. (2019). TESS-W sky brightness network. Zenodo monthly archives. https://zenodo.org/records/3378728. CC0 1.0.,TESS station stars225; photometric inflection method; night median MSAS=17.86; MSAS at inflection=18.46; depression=15.40°; smoothing=5-pt median; dark rows=750
isha,2018-11-23,18:20,0,41.474,-1.4821,0.0,Zamorano J. et al. (2019). TESS-W sky brightness network. Zenodo monthly archives. https://zenodo.org/records/3378728. CC0 1.0.,TESS station stars225; photometric inflection method; night median MSAS=18.66; MSAS at inflection=18.90; depression=18.49°; smoothing=5-pt median; dark rows=139
isha,2018-11-25,17:24,0,41.474,-1.4821,0.0,Zamorano J. et al. (2019). TESS-W sky brightness network. Zenodo monthly archives. https://zenodo.org/records/3378728. CC0 1.0.,TESS station stars225; photometric inflection method; night median MSAS=17.54; MSAS at inflection=16.51; depression=8.56°; smoothing=5-pt median; dark rows=759
isha,2018-11-27,18:25,0,41.474,-1.4821,0.0,Zamorano J. et al. (2019). TESS-W sky brightness network. Zenodo monthly archives. https://zenodo.org/records/3378728. CC0 1.0.,TESS station stars225; photometric inflection method; night median MSAS=19.19; MSAS at inflection=20.08; depression=19.62°; smoothing=5-pt median; dark rows=763
fajr,2018-11-28,06:08,0,41.474,-1.4821,0.0,Zamorano J. et al. (2019). TESS-W sky brightness network. Zenodo monthly archives. https://zenodo.org/records/3378728. CC0 1.0.,TESS station stars225; photometric inflection method; night median MSAS=19.19; MSAS at inflection=18.02; depression=11.34°; smoothing=5-pt median; dark rows=763
fajr,2018-11-29,05:12,0,41.474,-1.4821,0.0,Zamorano J. et al. (2019). TESS-W sky brightness network. Zenodo monthly archives. https://zenodo.org/records/3378728. CC0 1.0.,TESS station stars225; photometric inflection method; night median MSAS=19.62; MSAS at inflection=18.92; depression=21.56°; smoothing=5-pt median; dark rows=764
isha,2018-11-04,18:12,0,41.6226,-0.9315,0.0,Zamorano J. et al. (2019). TESS-W sky brightness network. Zenodo monthly archives. https://zenodo.org/records/3378728. CC0 1.0.,TESS station stars226; photometric inflection method; night median MSAS=17.86; MSAS at inflection=17.29; depression=14.94°; smoothing=5-pt median; dark rows=721
fajr,2018-11-05,05:52,0,41.6226,-0.9315,0.0,Zamorano J. et al. (2019). TESS-W sky brightness network. Zenodo monthly archives. https://zenodo.org/records/3378728. CC0 1.0.,TESS station stars226; photometric inflection method; night median MSAS=17.86; MSAS at inflection=15.93; depression=9.42°; smoothing=5-pt median; dark rows=721
isha,2018-11-05,18:08,0,41.6226,-0.9315,0.0,Zamorano J. et al. (2019). TESS-W sky brightness network. Zenodo monthly archives. https://zenodo.org/records/3378728. CC0 1.0.,TESS station stars226; photometric inflection method; night median MSAS=17.61; MSAS at inflection=15.74; depression=14.35°; smoothing=5-pt median; dark rows=723
isha,2018-11-07,17:40,0,41.6226,-0.9315,0.0,Zamorano J. et al. (2019). TESS-W sky brightness network. Zenodo monthly archives. https://zenodo.org/records/3378728. CC0 1.0.,TESS station stars226; photometric inflection method; night median MSAS=18.02; MSAS at inflection=17.11; depression=9.52°; smoothing=5-pt median; dark rows=728
isha,2018-11-11,17:29,0,41.6226,-0.9315,0.0,Zamorano J. et al. (2019). TESS-W sky brightness network. Zenodo monthly archives. https://zenodo.org/records/3378728. CC0 1.0.,TESS station stars226; photometric inflection method; night median MSAS=18.05; MSAS at inflection=16.14; depression=8.28°; smoothing=5-pt median; dark rows=736
fajr,2018-11-23,18:19,0,41.6226,-0.9315,0.0,Zamorano J. et al. (2019). TESS-W sky brightness network. Zenodo monthly archives. https://zenodo.org/records/3378728. CC0 1.0.,TESS station stars226; photometric inflection method; night median MSAS=17.66; MSAS at inflection=17.74; depression=18.82°; smoothing=5-pt median; dark rows=142
fajr,2018-11-20,03:26,12,-41.235916,175.438977,0.0,Zamorano J. et al. (2019). TESS-W sky brightness network. Zenodo monthly archives. https://zenodo.org/records/3378728. CC0 1.0.,TESS station stars230; photometric inflection method; night median MSAS=18.52; MSAS at inflection=20.61; depression=13.23°; smoothing=5-pt median; dark rows=448
fajr,2018-11-21,03:38,12,-41.235916,175.438977,0.0,Zamorano J. et al. (2019). TESS-W sky brightness network. Zenodo monthly archives. https://zenodo.org/records/3378728. CC0 1.0.,TESS station stars230; photometric inflection method; night median MSAS=18.04; MSAS at inflection=19.46; depression=11.32°; smoothing=5-pt median; dark rows=445
isha,2018-11-25,02:09,12,-41.235916,175.438977,0.0,Zamorano J. et al. (2019). TESS-W sky brightness network. Zenodo monthly archives. https://zenodo.org/records/3378728. CC0 1.0.,TESS station stars230; photometric inflection method; night median MSAS=18.02; MSAS at inflection=17.48; depression=21.72°; smoothing=5-pt median; dark rows=96
isha,2018-11-26,21:14,12,-41.235916,175.438977,0.0,Zamorano J. et al. (2019). TESS-W sky brightness network. Zenodo monthly archives. https://zenodo.org/records/3378728. CC0 1.0.,TESS station stars230; photometric inflection method; night median MSAS=19.65; MSAS at inflection=20.86; depression=16.23°; smoothing=5-pt median; dark rows=431
fajr,2018-11-20,05:58,1,47.287592,8.61902,0.0,Zamorano J. et al. (2019). TESS-W sky brightness network. Zenodo monthly archives. https://zenodo.org/records/3378728. CC0 1.0.,TESS station stars231; photometric inflection method; night median MSAS=18.48; MSAS at inflection=19.06; depression=16.32°; smoothing=5-pt median; dark rows=763
isha,2018-11-20,18:30,1,47.287592,8.61902,0.0,Zamorano J. et al. (2019). TESS-W sky brightness network. Zenodo monthly archives. https://zenodo.org/records/3378728. CC0 1.0.,TESS station stars231; photometric inflection method; night median MSAS=17.98; MSAS at inflection=16.92; depression=17.55°; smoothing=5-pt median; dark rows=553
isha,2018-11-28,18:17,1,47.287592,8.61902,0.0,Zamorano J. et al. (2019). TESS-W sky brightness network. Zenodo monthly archives. https://zenodo.org/records/3378728. CC0 1.0.,TESS station stars231; photometric inflection method; night median MSAS=18.31; MSAS at inflection=18.02; depression=16.14°; smoothing=5-pt median; dark rows=788
isha,2018-11-29,17:29,1,47.287592,8.61902,0.0,Zamorano J. et al. (2019). TESS-W sky brightness network. Zenodo monthly archives. https://zenodo.org/records/3378728. CC0 1.0.,TESS station stars231; photometric inflection method; night median MSAS=18.41; MSAS at inflection=16.18; depression=8.47°; smoothing=5-pt median; dark rows=785
fajr,2018-11-30,07:02,1,47.287592,8.61902,0.0,Zamorano J. et al. (2019). TESS-W sky brightness network. Zenodo monthly archives. https://zenodo.org/records/3378728. CC0 1.0.,TESS station stars231; photometric inflection method; night median MSAS=18.41; MSAS at inflection=15.93; depression=7.96°; smoothing=5-pt median; dark rows=785
isha,2018-11-01,18:23,1,39.3145,16.7513,0.0,Zamorano J. et al. (2019). TESS-W sky brightness network. Zenodo monthly archives. https://zenodo.org/records/3378728. CC0 1.0.,TESS station stars232; photometric inflection method; night median MSAS=20.18; MSAS at inflection=20.11; depression=18.14°; smoothing=5-pt median; dark rows=711
fajr,2018-11-02,04:47,1,39.3145,16.7513,0.0,Zamorano J. et al. (2019). TESS-W sky brightness network. Zenodo monthly archives. https://zenodo.org/records/3378728. CC0 1.0.,TESS station stars232; photometric inflection method; night median MSAS=20.18; MSAS at inflection=19.46; depression=18.74°; smoothing=5-pt median; dark rows=711
fajr,2018-11-04,05:22,1,39.3145,16.7513,0.0,Zamorano J. et al. (2019). TESS-W sky brightness network. Zenodo monthly archives. https://zenodo.org/records/3378728. CC0 1.0.,TESS station stars232; photometric inflection method; night median MSAS=20.54; MSAS at inflection=19.69; depression=12.35°; smoothing=5-pt median; dark rows=715
isha,2018-11-04,17:48,1,39.3145,16.7513,0.0,Zamorano J. et al. (2019). TESS-W sky brightness network. Zenodo monthly archives. https://zenodo.org/records/3378728. CC0 1.0.,TESS station stars232; photometric inflection method; night median MSAS=20.15; MSAS at inflection=20.17; depression=11.99°; smoothing=5-pt median; dark rows=711
fajr,2018-11-05,04:41,1,39.3145,16.7513,0.0,Zamorano J. et al. (2019). TESS-W sky brightness network. Zenodo monthly archives. https://zenodo.org/records/3378728. CC0 1.0.,TESS station stars232; photometric inflection method; night median MSAS=20.15; MSAS at inflection=20.74; depression=20.34°; smoothing=5-pt median; dark rows=711
isha,2018-11-05,17:57,1,39.3145,16.7513,0.0,Zamorano J. et al. (2019). TESS-W sky brightness network. Zenodo monthly archives. https://zenodo.org/records/3378728. CC0 1.0.,TESS station stars232; photometric inflection method; night median MSAS=21.14; MSAS at inflection=20.43; depression=13.97°; smoothing=5-pt median; dark rows=719
fajr,2018-11-06,05:15,1,39.3145,16.7513,0.0,Zamorano J. et al. (2019). TESS-W sky brightness network. Zenodo monthly archives. https://zenodo.org/records/3378728. CC0 1.0.,TESS station stars232; photometric inflection method; night median MSAS=21.14; MSAS at inflection=20.76; depression=14.01°; smoothing=5-pt median; dark rows=719
isha,2018-11-06,17:40,1,39.3145,16.7513,0.0,Zamorano J. et al. (2019). TESS-W sky brightness network. Zenodo monthly archives. https://zenodo.org/records/3378728. CC0 1.0.,TESS station stars232; photometric inflection method; night median MSAS=20.89; MSAS at inflection=18.75; depression=10.90°; smoothing=5-pt median; dark rows=721
fajr,2018-11-07,05:26,1,39.3145,16.7513,0.0,Zamorano J. et al. (2019). TESS-W sky brightness network. Zenodo monthly archives. https://zenodo.org/records/3378728. CC0 1.0.,TESS station stars232; photometric inflection method; night median MSAS=20.89; MSAS at inflection=19.65; depression=12.14°; smoothing=5-pt median; dark rows=721
isha,2018-11-08,17:45,1,39.3145,16.7513,0.0,Zamorano J. et al. (2019). TESS-W sky brightness network. Zenodo monthly archives. https://zenodo.org/records/3378728. CC0 1.0.,TESS station stars232; photometric inflection method; night median MSAS=21.11; MSAS at inflection=19.44; depression=12.19°; smoothing=5-pt median; dark rows=724
fajr,2018-11-10,05:16,1,39.3145,16.7513,0.0,Zamorano J. et al. (2019). TESS-W sky brightness network. Zenodo monthly archives. https://zenodo.org/records/3378728. CC0 1.0.,TESS station stars232; photometric inflection method; night median MSAS=21.16; MSAS at inflection=20.88; depression=14.60°; smoothing=5-pt median; dark rows=727
fajr,2018-11-11,05:13,1,39.3145,16.7513,0.0,Zamorano J. et al. (2019). TESS-W sky brightness network. Zenodo monthly archives. https://zenodo.org/records/3378728. CC0 1.0.,TESS station stars232; photometric inflection method; night median MSAS=21.05; MSAS at inflection=20.98; depression=15.37°; smoothing=5-pt median; dark rows=728
fajr,2018-11-15,04:56,1,39.3145,16.7513,0.0,Zamorano J. et al. (2019). TESS-W sky brightness network. Zenodo monthly archives. https://zenodo.org/records/3378728. CC0 1.0.,TESS station stars232; photometric inflection method; night median MSAS=20.89; MSAS at inflection=20.74; depression=19.28°; smoothing=5-pt median; dark rows=736
isha,2018-11-15,17:42,1,39.3145,16.7513,0.0,Zamorano J. et al. (2019). TESS-W sky brightness network. Zenodo monthly archives. https://zenodo.org/records/3378728. CC0 1.0.,TESS station stars232; photometric inflection method; night median MSAS=20.64; MSAS at inflection=19.40; depression=12.63°; smoothing=5-pt median; dark rows=736
isha,2018-11-16,18:18,1,39.3145,16.7513,0.0,Zamorano J. et al. (2019). TESS-W sky brightness network. Zenodo monthly archives. https://zenodo.org/records/3378728. CC0 1.0.,TESS station stars232; photometric inflection method; night median MSAS=20.01; MSAS at inflection=19.42; depression=19.55°; smoothing=5-pt median; dark rows=739
fajr,2018-11-17,05:47,1,39.3145,16.7513,0.0,Zamorano J. et al. (2019). TESS-W sky brightness network. Zenodo monthly archives. https://zenodo.org/records/3378728. CC0 1.0.,TESS station stars232; photometric inflection method; night median MSAS=20.01; MSAS at inflection=18.10; depression=10.07°; smoothing=5-pt median; dark rows=739
fajr,2018-11-18,05:36,1,39.3145,16.7513,0.0,Zamorano J. et al. (2019). TESS-W sky brightness network. Zenodo monthly archives. https://zenodo.org/records/3378728. CC0 1.0.,TESS station stars232; photometric inflection method; night median MSAS=19.47; MSAS at inflection=20.00; depression=12.36°; smoothing=5-pt median; dark rows=740
fajr,2018-11-20,05:46,1,39.3145,16.7513,0.0,Zamorano J. et al. (2019). TESS-W sky brightness network. Zenodo monthly archives. https://zenodo.org/records/3378728. CC0 1.0.,TESS station stars232; photometric inflection method; night median MSAS=17.83; MSAS at inflection=19.91; depression=10.78°; smoothing=5-pt median; dark rows=743
isha,2018-11-22,17:33,1,39.3145,16.7513,0.0,Zamorano J. et al. (2019). TESS-W sky brightness network. Zenodo monthly archives. https://zenodo.org/records/3378728. CC0 1.0.,TESS station stars232; photometric inflection method; night median MSAS=17.55; MSAS at inflection=18.70; depression=11.62°; smoothing=5-pt median; dark rows=748
fajr,2018-11-23,06:07,1,39.3145,16.7513,0.0,Zamorano J. et al. (2019). TESS-W sky brightness network. Zenodo monthly archives. https://zenodo.org/records/3378728. CC0 1.0.,TESS station stars232; photometric inflection method; night median MSAS=17.55; MSAS at inflection=15.19; depression=7.52°; smoothing=5-pt median; dark rows=748
isha,2018-11-25,17:26,1,39.3145,16.7513,0.0,Zamorano J. et al. (2019). TESS-W sky brightness network. Zenodo monthly archives. https://zenodo.org/records/3378728. CC0 1.0.,TESS station stars232; photometric inflection method; night median MSAS=17.56; MSAS at inflection=18.44; depression=10.58°; smoothing=5-pt median; dark rows=753
isha,2018-11-27,17:10,1,39.3145,16.7513,0.0,Zamorano J. et al. (2019). TESS-W sky brightness network. Zenodo monthly archives. https://zenodo.org/records/3378728. CC0 1.0.,TESS station stars232; photometric inflection method; night median MSAS=18.19; MSAS at inflection=15.70; depression=7.80°; smoothing=5-pt median; dark rows=754
isha,2018-11-28,17:50,1,39.3145,16.7513,0.0,Zamorano J. et al. (2019). TESS-W sky brightness network. Zenodo monthly archives. https://zenodo.org/records/3378728. CC0 1.0.,TESS station stars232; photometric inflection method; night median MSAS=20.37; MSAS at inflection=20.41; depression=15.19°; smoothing=5-pt median; dark rows=755
fajr,2018-11-05,05:20,-1,27.900833,-15.514722,0.0,Zamorano J. et al. (2019). TESS-W sky brightness network. Zenodo monthly archives. https://zenodo.org/records/3378728. CC0 1.0.,TESS station stars24; photometric inflection method; night median MSAS=20.20; MSAS at inflection=19.86; depression=12.70°; smoothing=5-pt median; dark rows=675
isha,2018-11-07,18:33,-1,27.900833,-15.514722,0.0,Zamorano J. et al. (2019). TESS-W sky brightness network. Zenodo monthly archives. https://zenodo.org/records/3378728. CC0 1.0.,TESS station stars24; photometric inflection method; night median MSAS=19.93; MSAS at inflection=18.88; depression=17.84°; smoothing=5-pt median; dark rows=692
fajr,2018-11-08,05:04,-1,27.900833,-15.514722,0.0,Zamorano J. et al. (2019). TESS-W sky brightness network. Zenodo monthly archives. https://zenodo.org/records/3378728. CC0 1.0.,TESS station stars24; photometric inflection method; night median MSAS=19.93; MSAS at inflection=20.61; depression=16.50°; smoothing=5-pt median; dark rows=692
fajr,2018-11-10,05:32,-1,27.900833,-15.514722,0.0,Zamorano J. et al. (2019). TESS-W sky brightness network. Zenodo monthly archives. https://zenodo.org/records/3378728. CC0 1.0.,TESS station stars24; photometric inflection method; night median MSAS=20.63; MSAS at inflection=18.31; depression=10.80°; smoothing=5-pt median; dark rows=663
isha,2018-11-14,18:04,-1,27.900833,-15.514722,0.0,Zamorano J. et al. (2019). TESS-W sky brightness network. Zenodo monthly archives. https://zenodo.org/records/3378728. CC0 1.0.,TESS station stars24; photometric inflection method; night median MSAS=20.37; MSAS at inflection=19.03; depression=12.39°; smoothing=5-pt median; dark rows=661
fajr,2018-11-15,05:24,-1,27.900833,-15.514722,0.0,Zamorano J. et al. (2019). TESS-W sky brightness network. Zenodo monthly archives. https://zenodo.org/records/3378728. CC0 1.0.,TESS station stars24; photometric inflection method; night median MSAS=20.37; MSAS at inflection=19.94; depression=13.33°; smoothing=5-pt median; dark rows=661
fajr,2018-11-16,05:35,-1,27.900833,-15.514722,0.0,Zamorano J. et al. (2019). TESS-W sky brightness network. Zenodo monthly archives. https://zenodo.org/records/3378728. CC0 1.0.,TESS station stars24; photometric inflection method; night median MSAS=19.38; MSAS at inflection=18.55; depression=10.96°; smoothing=5-pt median; dark rows=681
isha,2018-11-16,18:48,-1,27.900833,-15.514722,0.0,Zamorano J. et al. (2019). TESS-W sky brightness network. Zenodo monthly archives. https://zenodo.org/records/3378728. CC0 1.0.,TESS station stars24; photometric inflection method; night median MSAS=19.41; MSAS at inflection=18.00; depression=21.85°; smoothing=5-pt median; dark rows=691
isha,2018-11-17,18:13,-1,27.900833,-15.514722,0.0,Zamorano J. et al. (2019). TESS-W sky brightness network. Zenodo monthly archives. https://zenodo.org/records/3378728. CC0 1.0.,TESS station stars24; photometric inflection method; night median MSAS=19.01; MSAS at inflection=17.51; depression=14.43°; smoothing=5-pt median; dark rows=674
fajr,2018-11-18,05:40,-1,27.900833,-15.514722,0.0,Zamorano J. et al. (2019). TESS-W sky brightness network. Zenodo monthly archives. https://zenodo.org/records/3378728. CC0 1.0.,TESS station stars24; photometric inflection method; night median MSAS=19.01; MSAS at inflection=18.28; depression=10.22°; smoothing=5-pt median; dark rows=674
isha,2018-11-18,17:39,-1,27.900833,-15.514722,0.0,Zamorano J. et al. (2019). TESS-W sky brightness network. Zenodo monthly archives. https://zenodo.org/records/3378728. CC0 1.0.,TESS station stars24; photometric inflection method; night median MSAS=18.18; MSAS at inflection=15.91; depression=7.30°; smoothing=5-pt median; dark rows=696
isha,2018-11-19,18:31,-1,27.900833,-15.514722,0.0,Zamorano J. et al. (2019). TESS-W sky brightness network. Zenodo monthly archives. https://zenodo.org/records/3378728. CC0 1.0.,TESS station stars24; photometric inflection method; night median MSAS=18.34; MSAS at inflection=17.52; depression=18.33°; smoothing=5-pt median; dark rows=704
fajr,2018-11-20,05:30,-1,27.900833,-15.514722,0.0,Zamorano J. et al. (2019). TESS-W sky brightness network. Zenodo monthly archives. https://zenodo.org/records/3378728. CC0 1.0.,TESS station stars24; photometric inflection method; night median MSAS=18.34; MSAS at inflection=19.72; depression=12.68°; smoothing=5-pt median; dark rows=704
isha,2018-11-23,18:04,-1,27.900833,-15.514722,0.0,Zamorano J. et al. (2019). TESS-W sky brightness network. Zenodo monthly archives. https://zenodo.org/records/3378728. CC0 1.0.,TESS station stars24; photometric inflection method; night median MSAS=18.80; MSAS at inflection=17.93; depression=12.82°; smoothing=5-pt median; dark rows=62
fajr,2018-11-25,05:58,-1,27.900833,-15.514722,0.0,Zamorano J. et al. (2019). TESS-W sky brightness network. Zenodo monthly archives. https://zenodo.org/records/3378728. CC0 1.0.,TESS station stars24; photometric inflection method; night median MSAS=17.61; MSAS at inflection=15.33; depression=7.60°; smoothing=5-pt median; dark rows=629
isha,2018-11-25,17:59,-1,27.900833,-15.514722,0.0,Zamorano J. et al. (2019). TESS-W sky brightness network. Zenodo monthly archives. https://zenodo.org/records/3378728. CC0 1.0.,TESS station stars24; photometric inflection method; night median MSAS=18.06; MSAS at inflection=19.10; depression=11.82°; smoothing=5-pt median; dark rows=695
fajr,2018-11-26,05:29,-1,27.900833,-15.514722,0.0,Zamorano J. et al. (2019). TESS-W sky brightness network. Zenodo monthly archives. https://zenodo.org/records/3378728. CC0 1.0.,TESS station stars24; photometric inflection method; night median MSAS=18.06; MSAS at inflection=18.15; depression=13.84°; smoothing=5-pt median; dark rows=695
fajr,2018-11-27,06:00,-1,27.900833,-15.514722,0.0,Zamorano J. et al. (2019). TESS-W sky brightness network. Zenodo monthly archives. https://zenodo.org/records/3378728. CC0 1.0.,TESS station stars24; photometric inflection method; night median MSAS=17.80; MSAS at inflection=15.34; depression=7.48°; smoothing=5-pt median; dark rows=702
isha,2018-11-27,18:24,-1,27.900833,-15.514722,0.0,Zamorano J. et al. (2019). TESS-W sky brightness network. Zenodo monthly archives. https://zenodo.org/records/3378728. CC0 1.0.,TESS station stars24; photometric inflection method; night median MSAS=19.38; MSAS at inflection=20.41; depression=17.05°; smoothing=5-pt median; dark rows=700
isha,2018-11-28,18:01,-1,27.900833,-15.514722,0.0,Zamorano J. et al. (2019). TESS-W sky brightness network. Zenodo monthly archives. https://zenodo.org/records/3378728. CC0 1.0.,TESS station stars24; photometric inflection method; night median MSAS=19.98; MSAS at inflection=19.20; depression=12.15°; smoothing=5-pt median; dark rows=664
fajr,2018-11-30,05:12,-1,27.900833,-15.514722,0.0,Zamorano J. et al. (2019). TESS-W sky brightness network. Zenodo monthly archives. https://zenodo.org/records/3378728. CC0 1.0.,TESS station stars24; photometric inflection method; night median MSAS=20.40; MSAS at inflection=18.43; depression=18.07°; smoothing=5-pt median; dark rows=708
fajr,2018-11-02,04:21,0,50.858144,5.836412,0.0,Zamorano J. et al. (2019). TESS-W sky brightness network. Zenodo monthly archives. https://zenodo.org/records/3378728. CC0 1.0.,TESS station stars243; photometric inflection method; night median MSAS=17.53; MSAS at inflection=18.27; depression=20.52°; smoothing=5-pt median; dark rows=733
fajr,2018-11-04,05:20,0,50.858144,5.836412,0.0,Zamorano J. et al. (2019). TESS-W sky brightness network. Zenodo monthly archives. https://zenodo.org/records/3378728. CC0 1.0.,TESS station stars243; photometric inflection method; night median MSAS=19.54; MSAS at inflection=19.03; depression=11.83°; smoothing=5-pt median; dark rows=740
fajr,2018-11-05,05:06,0,50.858144,5.836412,0.0,Zamorano J. et al. (2019). TESS-W sky brightness network. Zenodo monthly archives. https://zenodo.org/records/3378728. CC0 1.0.,TESS station stars243; photometric inflection method; night median MSAS=19.31; MSAS at inflection=18.56; depression=14.27°; smoothing=5-pt median; dark rows=741
isha,2018-11-05,17:15,0,50.858144,5.836412,0.0,Zamorano J. et al. (2019). TESS-W sky brightness network. Zenodo monthly archives. https://zenodo.org/records/3378728. CC0 1.0.,TESS station stars243; photometric inflection method; night median MSAS=19.01; MSAS at inflection=17.11; depression=11.43°; smoothing=5-pt median; dark rows=748
isha,2018-11-06,16:52,0,50.858144,5.836412,0.0,Zamorano J. et al. (2019). TESS-W sky brightness network. Zenodo monthly archives. https://zenodo.org/records/3378728. CC0 1.0.,TESS station stars243; photometric inflection method; night median MSAS=18.20; MSAS at inflection=15.72; depression=8.20°; smoothing=5-pt median; dark rows=751
fajr,2018-11-07,05:37,0,50.858144,5.836412,0.0,Zamorano J. et al. (2019). TESS-W sky brightness network. Zenodo monthly archives. https://zenodo.org/records/3378728. CC0 1.0.,TESS station stars243; photometric inflection method; night median MSAS=18.20; MSAS at inflection=17.90; depression=9.95°; smoothing=5-pt median; dark rows=751
isha,2018-11-08,16:51,0,50.858144,5.836412,0.0,Zamorano J. et al. (2019). TESS-W sky brightness network. Zenodo monthly archives. https://zenodo.org/records/3378728. CC0 1.0.,TESS station stars243; photometric inflection method; night median MSAS=18.63; MSAS at inflection=16.48; depression=8.45°; smoothing=5-pt median; dark rows=755
fajr,2018-11-11,05:36,0,50.858144,5.836412,0.0,Zamorano J. et al. (2019). TESS-W sky brightness network. Zenodo monthly archives. https://zenodo.org/records/3378728. CC0 1.0.,TESS station stars243; photometric inflection method; night median MSAS=17.78; MSAS at inflection=17.66; depression=11.01°; smoothing=5-pt median; dark rows=762
fajr,2018-11-14,05:08,0,50.858144,5.836412,0.0,Zamorano J. et al. (2019). TESS-W sky brightness network. Zenodo monthly archives. https://zenodo.org/records/3378728. CC0 1.0.,TESS station stars243; photometric inflection method; night median MSAS=19.33; MSAS at inflection=19.63; depression=16.00°; smoothing=5-pt median; dark rows=771
isha,2018-11-15,17:27,0,50.858144,5.836412,0.0,Zamorano J. et al. (2019). TESS-W sky brightness network. Zenodo monthly archives. https://zenodo.org/records/3378728. CC0 1.0.,TESS station stars243; photometric inflection method; night median MSAS=19.60; MSAS at inflection=19.03; depression=15.33°; smoothing=5-pt median; dark rows=773
isha,2018-11-16,17:16,0,50.858144,5.836412,0.0,Zamorano J. et al. (2019). TESS-W sky brightness network. Zenodo monthly archives. https://zenodo.org/records/3378728. CC0 1.0.,TESS station stars243; photometric inflection method; night median MSAS=19.44; MSAS at inflection=18.87; depression=13.80°; smoothing=5-pt median; dark rows=778
isha,2018-11-17,16:50,0,50.858144,5.836412,0.0,Zamorano J. et al. (2019). TESS-W sky brightness network. Zenodo monthly archives. https://zenodo.org/records/3378728. CC0 1.0.,TESS station stars243; photometric inflection method; night median MSAS=19.24; MSAS at inflection=17.43; depression=10.01°; smoothing=5-pt median; dark rows=781
isha,2018-11-18,17:59,0,50.858144,5.836412,0.0,Zamorano J. et al. (2019). TESS-W sky brightness network. Zenodo monthly archives. https://zenodo.org/records/3378728. CC0 1.0.,TESS station stars243; photometric inflection method; night median MSAS=18.80; MSAS at inflection=18.73; depression=20.74°; smoothing=5-pt median; dark rows=784
fajr,2018-11-19,05:08,0,50.858144,5.836412,0.0,Zamorano J. et al. (2019). TESS-W sky brightness network. Zenodo monthly archives. https://zenodo.org/records/3378728. CC0 1.0.,TESS station stars243; photometric inflection method; night median MSAS=18.80; MSAS at inflection=16.49; depression=17.05°; smoothing=5-pt median; dark rows=784
isha,2018-11-20,16:45,0,50.858144,5.836412,0.0,Zamorano J. et al. (2019). TESS-W sky brightness network. Zenodo monthly archives. https://zenodo.org/records/3378728. CC0 1.0.,TESS station stars243; photometric inflection method; night median MSAS=17.69; MSAS at inflection=16.13; depression=9.62°; smoothing=5-pt median; dark rows=210
isha,2018-11-23,17:40,0,50.858144,5.836412,0.0,Zamorano J. et al. (2019). TESS-W sky brightness network. Zenodo monthly archives. https://zenodo.org/records/3378728. CC0 1.0.,TESS station stars243; photometric inflection method; night median MSAS=17.73; MSAS at inflection=17.83; depression=18.44°; smoothing=5-pt median; dark rows=186
isha,2018-11-29,16:35,0,50.858144,5.836412,0.0,Zamorano J. et al. (2019). TESS-W sky brightness network. Zenodo monthly archives. https://zenodo.org/records/3378728. CC0 1.0.,TESS station stars243; photometric inflection method; night median MSAS=17.67; MSAS at inflection=17.01; depression=9.08°; smoothing=5-pt median; dark rows=806
fajr,2018-11-30,06:28,0,50.858144,5.836412,0.0,Zamorano J. et al. (2019). TESS-W sky brightness network. Zenodo monthly archives. https://zenodo.org/records/3378728. CC0 1.0.,TESS station stars243; photometric inflection method; night median MSAS=17.67; MSAS at inflection=15.28; depression=7.20°; smoothing=5-pt median; dark rows=806
isha,2018-11-09,16:33,0,50.914814,6.920711,0.0,Zamorano J. et al. (2019). TESS-W sky brightness network. Zenodo monthly archives. https://zenodo.org/records/3378728. CC0 1.0.,TESS station stars248; photometric inflection method; night median MSAS=18.93; MSAS at inflection=18.33; depression=6.53°; smoothing=5-pt median; dark rows=757
isha,2018-11-11,16:50,0,50.914814,6.920711,0.0,Zamorano J. et al. (2019). TESS-W sky brightness network. Zenodo monthly archives. https://zenodo.org/records/3378728. CC0 1.0.,TESS station stars248; photometric inflection method; night median MSAS=19.13; MSAS at inflection=19.09; depression=9.54°; smoothing=5-pt median; dark rows=122
fajr,2018-11-12,05:50,0,50.914814,6.920711,0.0,Zamorano J. et al. (2019). TESS-W sky brightness network. Zenodo monthly archives. https://zenodo.org/records/3378728. CC0 1.0.,TESS station stars248; photometric inflection method; night median MSAS=19.13; MSAS at inflection=18.94; depression=8.42°; smoothing=5-pt median; dark rows=122
isha,2018-11-21,16:41,0,50.914814,6.920711,0.0,Zamorano J. et al. (2019). TESS-W sky brightness network. Zenodo monthly archives. https://zenodo.org/records/3378728. CC0 1.0.,TESS station stars248; photometric inflection method; night median MSAS=18.71; MSAS at inflection=18.60; depression=9.82°; smoothing=5-pt median; dark rows=380
fajr,2018-11-23,05:31,0,50.914814,6.920711,0.0,Zamorano J. et al. (2019). TESS-W sky brightness network. Zenodo monthly archives. https://zenodo.org/records/3378728. CC0 1.0.,TESS station stars248; photometric inflection method; night median MSAS=21.93; MSAS at inflection=21.60; depression=13.64°; smoothing=5-pt median; dark rows=321
fajr,2018-11-09,04:47,0,50.572472,6.440819,0.0,Zamorano J. et al. (2019). TESS-W sky brightness network. Zenodo monthly archives. https://zenodo.org/records/3378728. CC0 1.0.,TESS station stars249; photometric inflection method; night median MSAS=18.95; MSAS at inflection=17.25; depression=17.79°; smoothing=5-pt median; dark rows=230
isha,2018-11-16,17:50,0,50.572472,6.440819,0.0,Zamorano J. et al. (2019). TESS-W sky brightness network. Zenodo monthly archives. https://zenodo.org/records/3378728. CC0 1.0.,TESS station stars249; photometric inflection method; night median MSAS=20.36; MSAS at inflection=19.61; depression=19.38°; smoothing=5-pt median; dark rows=438
isha,2018-11-27,17:37,0,50.572472,6.440819,0.0,Zamorano J. et al. (2019). TESS-W sky brightness network. Zenodo monthly archives. https://zenodo.org/records/3378728. CC0 1.0.,TESS station stars249; photometric inflection method; night median MSAS=19.76; MSAS at inflection=19.28; depression=18.66°; smoothing=5-pt median; dark rows=573
isha,2018-11-29,17:43,0,50.572472,6.440819,0.0,Zamorano J. et al. (2019). TESS-W sky brightness network. Zenodo monthly archives. https://zenodo.org/records/3378728. CC0 1.0.,TESS station stars249; photometric inflection method; night median MSAS=19.86; MSAS at inflection=19.53; depression=19.66°; smoothing=5-pt median; dark rows=786
isha,2018-11-27,17:43,0,41.663445,-4.705993,0.0,Zamorano J. et al. (2019). TESS-W sky brightness network. Zenodo monthly archives. https://zenodo.org/records/3378728. CC0 1.0.,TESS station stars250; photometric inflection method; night median MSAS=18.01; MSAS at inflection=17.20; depression=9.85°; smoothing=5-pt median; dark rows=692
fajr,2018-11-28,06:28,0,41.663445,-4.705993,0.0,Zamorano J. et al. (2019). TESS-W sky brightness network. Zenodo monthly archives. https://zenodo.org/records/3378728. CC0 1.0.,TESS station stars250; photometric inflection method; night median MSAS=18.01; MSAS at inflection=17.02; depression=10.17°; smoothing=5-pt median; dark rows=692
isha,2018-11-28,17:43,0,41.663445,-4.705993,0.0,Zamorano J. et al. (2019). TESS-W sky brightness network. Zenodo monthly archives. https://zenodo.org/records/3378728. CC0 1.0.,TESS station stars250; photometric inflection method; night median MSAS=18.41; MSAS at inflection=17.21; depression=9.89°; smoothing=5-pt median; dark rows=762
isha,2018-11-03,17:39,-1,31.206059,-7.86872,0.0,Zamorano J. et al. (2019). TESS-W sky brightness network. Zenodo monthly archives. https://zenodo.org/records/3378728. CC0 1.0.,TESS station stars27; photometric inflection method; night median MSAS=21.57; MSAS at inflection=20.13; depression=12.91°; smoothing=5-pt median; dark rows=374
fajr,2018-11-04,04:37,-1,31.206059,-7.86872,0.0,Zamorano J. et al. (2019). TESS-W sky brightness network. Zenodo monthly archives. https://zenodo.org/records/3378728. CC0 1.0.,TESS station stars27; photometric inflection method; night median MSAS=21.57; MSAS at inflection=21.08; depression=15.82°; smoothing=5-pt median; dark rows=374
fajr,2018-11-05,04:16,-1,31.206059,-7.86872,0.0,Zamorano J. et al. (2019). TESS-W sky brightness network. Zenodo monthly archives. https://zenodo.org/records/3378728. CC0 1.0.,TESS station stars27; photometric inflection method; night median MSAS=21.47; MSAS at inflection=21.39; depression=20.40°; smoothing=5-pt median; dark rows=493
isha,2018-11-07,17:38,-1,31.206059,-7.86872,0.0,Zamorano J. et al. (2019). TESS-W sky brightness network. Zenodo monthly archives. https://zenodo.org/records/3378728. CC0 1.0.,TESS station stars27; photometric inflection method; night median MSAS=21.37; MSAS at inflection=20.34; depression=13.33°; smoothing=5-pt median; dark rows=646
fajr,2018-11-08,05:00,-1,31.206059,-7.86872,0.0,Zamorano J. et al. (2019). TESS-W sky brightness network. Zenodo monthly archives. https://zenodo.org/records/3378728. CC0 1.0.,TESS station stars27; photometric inflection method; night median MSAS=21.37; MSAS at inflection=19.15; depression=11.54°; smoothing=5-pt median; dark rows=646
isha,2018-11-09,17:36,-1,31.206059,-7.86872,0.0,Zamorano J. et al. (2019). TESS-W sky brightness network. Zenodo monthly archives. https://zenodo.org/records/3378728. CC0 1.0.,TESS station stars27; photometric inflection method; night median MSAS=21.37; MSAS at inflection=20.31; depression=13.18°; smoothing=5-pt median; dark rows=549
fajr,2018-11-12,04:24,-1,31.206059,-7.86872,0.0,Zamorano J. et al. (2019). TESS-W sky brightness network. Zenodo monthly archives. https://zenodo.org/records/3378728. CC0 1.0.,TESS station stars27; photometric inflection method; night median MSAS=21.13; MSAS at inflection=20.87; depression=19.83°; smoothing=5-pt median; dark rows=566
fajr,2018-11-15,04:57,-1,31.206059,-7.86872,0.0,Zamorano J. et al. (2019). TESS-W sky brightness network. Zenodo monthly archives. https://zenodo.org/records/3378728. CC0 1.0.,TESS station stars27; photometric inflection method; night median MSAS=21.18; MSAS at inflection=20.46; depression=13.23°; smoothing=5-pt median; dark rows=568
fajr,2018-11-17,04:50,-1,31.206059,-7.86872,0.0,Zamorano J. et al. (2019). TESS-W sky brightness network. Zenodo monthly archives. https://zenodo.org/records/3378728. CC0 1.0.,TESS station stars27; photometric inflection method; night median MSAS=20.51; MSAS at inflection=21.04; depression=15.13°; smoothing=5-pt median; dark rows=564
fajr,2018-11-18,04:43,-1,31.206059,-7.86872,0.0,Zamorano J. et al. (2019). TESS-W sky brightness network. Zenodo monthly archives. https://zenodo.org/records/3378728. CC0 1.0.,TESS station stars27; photometric inflection method; night median MSAS=19.13; MSAS at inflection=21.47; depression=16.72°; smoothing=5-pt median; dark rows=450
isha,2018-11-19,17:57,-1,31.206059,-7.86872,0.0,Zamorano J. et al. (2019). TESS-W sky brightness network. Zenodo monthly archives. https://zenodo.org/records/3378728. CC0 1.0.,TESS station stars27; photometric inflection method; night median MSAS=19.19; MSAS at inflection=18.65; depression=18.47°; smoothing=5-pt median; dark rows=584
isha,2018-11-28,17:59,-1,31.206059,-7.86872,0.0,Zamorano J. et al. (2019). TESS-W sky brightness network. Zenodo monthly archives. https://zenodo.org/records/3378728. CC0 1.0.,TESS station stars27; photometric inflection method; night median MSAS=20.13; MSAS at inflection=21.57; depression=19.14°; smoothing=5-pt median; dark rows=587
isha,2018-11-29,17:31,-1,31.206059,-7.86872,0.0,Zamorano J. et al. (2019). TESS-W sky brightness network. Zenodo monthly archives. https://zenodo.org/records/3378728. CC0 1.0.,TESS station stars27; photometric inflection method; night median MSAS=21.53; MSAS at inflection=20.43; depression=13.25°; smoothing=5-pt median; dark rows=198
isha,2018-11-23,17:52,0,39.072806,-3.609205,0.0,Zamorano J. et al. (2019). TESS-W sky brightness network. Zenodo monthly archives. https://zenodo.org/records/3378728. CC0 1.0.,TESS station stars272; photometric inflection method; night median MSAS=18.02; MSAS at inflection=17.81; depression=11.17°; smoothing=5-pt median; dark rows=122
fajr,2018-11-27,05:35,0,39.072806,-3.609205,0.0,Zamorano J. et al. (2019). TESS-W sky brightness network. Zenodo monthly archives. https://zenodo.org/records/3378728. CC0 1.0.,TESS station stars272; photometric inflection method; night median MSAS=18.32; MSAS at inflection=16.81; depression=18.00°; smoothing=5-pt median; dark rows=746
fajr,2018-11-29,06:18,0,39.072806,-3.609205,0.0,Zamorano J. et al. (2019). TESS-W sky brightness network. Zenodo monthly archives. https://zenodo.org/records/3378728. CC0 1.0.,TESS station stars272; photometric inflection method; night median MSAS=18.47; MSAS at inflection=17.10; depression=10.39°; smoothing=5-pt median; dark rows=738
isha,2018-11-30,17:52,0,39.072806,-3.609205,0.0,Zamorano J. et al. (2019). TESS-W sky brightness network. Zenodo monthly archives. https://zenodo.org/records/3378728. CC0 1.0.,TESS station stars272; photometric inflection method; night median MSAS=18.26; MSAS at inflection=17.89; depression=11.55°; smoothing=5-pt median; dark rows=356
fajr,2018-11-02,05:17,0,40.5987,-3.157974,0.0,Zamorano J. et al. (2019). TESS-W sky brightness network. Zenodo monthly archives. https://zenodo.org/records/3378728. CC0 1.0.,TESS station stars28; photometric inflection method; night median MSAS=18.42; MSAS at inflection=18.34; depression=16.74°; smoothing=5-pt median; dark rows=690
fajr,2018-11-03,06:00,0,40.5987,-3.157974,0.0,Zamorano J. et al. (2019). TESS-W sky brightness network. Zenodo monthly archives. https://zenodo.org/records/3378728. CC0 1.0.,TESS station stars28; photometric inflection method; night median MSAS=19.40; MSAS at inflection=17.00; depression=8.94°; smoothing=5-pt median; dark rows=680
isha,2018-11-17,17:52,0,40.5987,-3.157974,0.0,Zamorano J. et al. (2019). TESS-W sky brightness network. Zenodo monthly archives. https://zenodo.org/records/3378728. CC0 1.0.,TESS station stars28; photometric inflection method; night median MSAS=18.58; MSAS at inflection=18.42; depression=11.31°; smoothing=5-pt median; dark rows=732
fajr,2018-11-23,17:35,0,40.5987,-3.157974,0.0,Zamorano J. et al. (2019). TESS-W sky brightness network. Zenodo monthly archives. https://zenodo.org/records/3378728. CC0 1.0.,TESS station stars28; photometric inflection method; night median MSAS=18.41; MSAS at inflection=16.61; depression=8.80°; smoothing=5-pt median; dark rows=132
fajr,2018-11-28,06:19,0,40.5987,-3.157974,0.0,Zamorano J. et al. (2019). TESS-W sky brightness network. Zenodo monthly archives. https://zenodo.org/records/3378728. CC0 1.0.,TESS station stars28; photometric inflection method; night median MSAS=18.70; MSAS at inflection=17.45; depression=10.32°; smoothing=5-pt median; dark rows=756
fajr,2018-11-29,05:44,0,40.5987,-3.157974,0.0,Zamorano J. et al. (2019). TESS-W sky brightness network. Zenodo monthly archives. https://zenodo.org/records/3378728. CC0 1.0.,TESS station stars28; photometric inflection method; night median MSAS=18.95; MSAS at inflection=18.06; depression=16.75°; smoothing=5-pt median; dark rows=755
isha,2018-11-30,18:09,0,40.5987,-3.157974,0.0,Zamorano J. et al. (2019). TESS-W sky brightness network. Zenodo monthly archives. https://zenodo.org/records/3378728. CC0 1.0.,TESS station stars28; photometric inflection method; night median MSAS=19.62; MSAS at inflection=19.62; depression=15.42°; smoothing=5-pt median; dark rows=380
isha,2018-11-01,19:02,0,40.628752,-3.90066,0.0,Zamorano J. et al. (2019). TESS-W sky brightness network. Zenodo monthly archives. https://zenodo.org/records/3378728. CC0 1.0.,TESS station stars32; photometric inflection method; night median MSAS=19.24; MSAS at inflection=18.14; depression=21.28°; smoothing=5-pt median; dark rows=704
fajr,2018-11-02,05:35,0,40.628752,-3.90066,0.0,Zamorano J. et al. (2019). TESS-W sky brightness network. Zenodo monthly archives. https://zenodo.org/records/3378728. CC0 1.0.,TESS station stars32; photometric inflection method; night median MSAS=19.24; MSAS at inflection=18.33; depression=13.92°; smoothing=5-pt median; dark rows=704
fajr,2018-11-03,05:57,0,40.628752,-3.90066,0.0,Zamorano J. et al. (2019). TESS-W sky brightness network. Zenodo monthly archives. https://zenodo.org/records/3378728. CC0 1.0.,TESS station stars32; photometric inflection method; night median MSAS=19.55; MSAS at inflection=18.02; depression=10.10°; smoothing=5-pt median; dark rows=709
isha,2018-11-03,18:20,0,40.628752,-3.90066,0.0,Zamorano J. et al. (2019). TESS-W sky brightness network. Zenodo monthly archives. https://zenodo.org/records/3378728. CC0 1.0.,TESS station stars32; photometric inflection method; night median MSAS=20.16; MSAS at inflection=19.54; depression=13.91°; smoothing=5-pt median; dark rows=671
fajr,2018-11-04,05:34,0,40.628752,-3.90066,0.0,Zamorano J. et al. (2019). TESS-W sky brightness network. Zenodo monthly archives. https://zenodo.org/records/3378728. CC0 1.0.,TESS station stars32; photometric inflection method; night median MSAS=20.16; MSAS at inflection=20.02; depression=14.51°; smoothing=5-pt median; dark rows=671
isha,2018-11-05,17:45,0,40.628752,-3.90066,0.0,Zamorano J. et al. (2019). TESS-W sky brightness network. Zenodo monthly archives. https://zenodo.org/records/3378728. CC0 1.0.,TESS station stars32; photometric inflection method; night median MSAS=17.68; MSAS at inflection=15.26; depression=7.59°; smoothing=5-pt median; dark rows=713
isha,2018-11-07,18:06,0,40.628752,-3.90066,0.0,Zamorano J. et al. (2019). TESS-W sky brightness network. Zenodo monthly archives. https://zenodo.org/records/3378728. CC0 1.0.,TESS station stars32; photometric inflection method; night median MSAS=18.40; MSAS at inflection=19.02; depression=11.87°; smoothing=5-pt median; dark rows=669
fajr,2018-11-08,05:48,0,40.628752,-3.90066,0.0,Zamorano J. et al. (2019). TESS-W sky brightness network. Zenodo monthly archives. https://zenodo.org/records/3378728. CC0 1.0.,TESS station stars32; photometric inflection method; night median MSAS=18.40; MSAS at inflection=17.83; depression=12.62°; smoothing=5-pt median; dark rows=669
isha,2018-11-08,18:21,0,40.628752,-3.90066,0.0,Zamorano J. et al. (2019). TESS-W sky brightness network. Zenodo monthly archives. https://zenodo.org/records/3378728. CC0 1.0.,TESS station stars32; photometric inflection method; night median MSAS=18.98; MSAS at inflection=17.99; depression=14.95°; smoothing=5-pt median; dark rows=663
isha,2018-11-10,17:46,0,40.628752,-3.90066,0.0,Zamorano J. et al. (2019). TESS-W sky brightness network. Zenodo monthly archives. https://zenodo.org/records/3378728. CC0 1.0.,TESS station stars32; photometric inflection method; night median MSAS=17.57; MSAS at inflection=16.53; depression=8.82°; smoothing=5-pt median; dark rows=706
fajr,2018-11-11,06:17,0,40.628752,-3.90066,0.0,Zamorano J. et al. (2019). TESS-W sky brightness network. Zenodo monthly archives. https://zenodo.org/records/3378728. CC0 1.0.,TESS station stars32; photometric inflection method; night median MSAS=17.57; MSAS at inflection=15.63; depression=7.91°; smoothing=5-pt median; dark rows=706
fajr,2018-11-12,05:14,0,40.628752,-3.90066,0.0,Zamorano J. et al. (2019). TESS-W sky brightness network. Zenodo monthly archives. https://zenodo.org/records/3378728. CC0 1.0.,TESS station stars32; photometric inflection method; night median MSAS=17.57; MSAS at inflection=17.24; depression=19.91°; smoothing=5-pt median; dark rows=699
isha,2018-11-13,17:50,0,40.628752,-3.90066,0.0,Zamorano J. et al. (2019). TESS-W sky brightness network. Zenodo monthly archives. https://zenodo.org/records/3378728. CC0 1.0.,TESS station stars32; photometric inflection method; night median MSAS=18.34; MSAS at inflection=17.75; depression=10.02°; smoothing=5-pt median; dark rows=696
fajr,2018-11-14,05:17,0,40.628752,-3.90066,0.0,Zamorano J. et al. (2019). TESS-W sky brightness network. Zenodo monthly archives. https://zenodo.org/records/3378728. CC0 1.0.,TESS station stars32; photometric inflection method; night median MSAS=18.34; MSAS at inflection=17.80; depression=19.60°; smoothing=5-pt median; dark rows=696
fajr,2018-11-16,06:12,0,40.628752,-3.90066,0.0,Zamorano J. et al. (2019). TESS-W sky brightness network. Zenodo monthly archives. https://zenodo.org/records/3378728. CC0 1.0.,TESS station stars32; photometric inflection method; night median MSAS=17.53; MSAS at inflection=17.13; depression=9.85°; smoothing=5-pt median; dark rows=731
isha,2018-11-16,17:50,0,40.628752,-3.90066,0.0,Zamorano J. et al. (2019). TESS-W sky brightness network. Zenodo monthly archives. https://zenodo.org/records/3378728. CC0 1.0.,TESS station stars32; photometric inflection method; night median MSAS=17.58; MSAS at inflection=16.89; depression=10.30°; smoothing=5-pt median; dark rows=727
fajr,2018-11-17,05:24,0,40.628752,-3.90066,0.0,Zamorano J. et al. (2019). TESS-W sky brightness network. Zenodo monthly archives. https://zenodo.org/records/3378728. CC0 1.0.,TESS station stars32; photometric inflection method; night median MSAS=17.58; MSAS at inflection=17.80; depression=18.98°; smoothing=5-pt median; dark rows=727
isha,2018-11-26,17:31,0,40.628752,-3.90066,0.0,Zamorano J. et al. (2019). TESS-W sky brightness network. Zenodo monthly archives. https://zenodo.org/records/3378728. CC0 1.0.,TESS station stars32; photometric inflection method; night median MSAS=17.57; MSAS at inflection=15.48; depression=7.85°; smoothing=5-pt median; dark rows=747
isha,2018-11-27,18:41,0,40.628752,-3.90066,0.0,Zamorano J. et al. (2019). TESS-W sky brightness network. Zenodo monthly archives. https://zenodo.org/records/3378728. CC0 1.0.,TESS station stars32; photometric inflection method; night median MSAS=18.59; MSAS at inflection=19.32; depression=20.60°; smoothing=5-pt median; dark rows=742
fajr,2018-11-28,06:06,0,40.628752,-3.90066,0.0,Zamorano J. et al. (2019). TESS-W sky brightness network. Zenodo monthly archives. https://zenodo.org/records/3378728. CC0 1.0.,TESS station stars32; photometric inflection method; night median MSAS=18.59; MSAS at inflection=17.76; depression=13.04°; smoothing=5-pt median; dark rows=742
fajr,2018-11-29,06:26,0,40.628752,-3.90066,0.0,Zamorano J. et al. (2019). TESS-W sky brightness network. Zenodo monthly archives. https://zenodo.org/records/3378728. CC0 1.0.,TESS station stars32; photometric inflection method; night median MSAS=18.81; MSAS at inflection=17.23; depression=9.67°; smoothing=5-pt median; dark rows=751
isha,2018-11-02,17:09,1,69.348333,20.365,0.0,Zamorano J. et al. (2019). TESS-W sky brightness network. Zenodo monthly archives. https://zenodo.org/records/3378728. CC0 1.0.,TESS station stars34; photometric inflection method; night median MSAS=20.54; MSAS at inflection=20.01; depression=12.79°; smoothing=5-pt median; dark rows=670
fajr,2018-11-03,05:52,1,69.348333,20.365,0.0,Zamorano J. et al. (2019). TESS-W sky brightness network. Zenodo monthly archives. https://zenodo.org/records/3378728. CC0 1.0.,TESS station stars34; photometric inflection method; night median MSAS=20.54; MSAS at inflection=19.48; depression=11.38°; smoothing=5-pt median; dark rows=670
isha,2018-11-03,16:51,1,69.348333,20.365,0.0,Zamorano J. et al. (2019). TESS-W sky brightness network. Zenodo monthly archives. https://zenodo.org/records/3378728. CC0 1.0.,TESS station stars34; photometric inflection method; night median MSAS=20.57; MSAS at inflection=19.55; depression=11.55°; smoothing=5-pt median; dark rows=737
isha,2018-11-04,17:37,1,69.348333,20.365,0.0,Zamorano J. et al. (2019). TESS-W sky brightness network. Zenodo monthly archives. https://zenodo.org/records/3378728. CC0 1.0.,TESS station stars34; photometric inflection method; night median MSAS=19.93; MSAS at inflection=19.45; depression=15.80°; smoothing=5-pt median; dark rows=807
fajr,2018-11-05,05:08,1,69.348333,20.365,0.0,Zamorano J. et al. (2019). TESS-W sky brightness network. Zenodo monthly archives. https://zenodo.org/records/3378728. CC0 1.0.,TESS station stars34; photometric inflection method; night median MSAS=19.93; MSAS at inflection=20.33; depression=15.78°; smoothing=5-pt median; dark rows=807
fajr,2018-11-06,05:10,1,69.348333,20.365,0.0,Zamorano J. et al. (2019). TESS-W sky brightness network. Zenodo monthly archives. https://zenodo.org/records/3378728. CC0 1.0.,TESS station stars34; photometric inflection method; night median MSAS=20.52; MSAS at inflection=20.34; depression=15.95°; smoothing=5-pt median; dark rows=783
isha,2018-11-07,16:20,1,69.348333,20.365,0.0,Zamorano J. et al. (2019). TESS-W sky brightness network. Zenodo monthly archives. https://zenodo.org/records/3378728. CC0 1.0.,TESS station stars34; photometric inflection method; night median MSAS=20.55; MSAS at inflection=18.32; depression=10.01°; smoothing=5-pt median; dark rows=809
isha,2018-11-08,17:23,1,69.348333,20.365,0.0,Zamorano J. et al. (2019). TESS-W sky brightness network. Zenodo monthly archives. https://zenodo.org/records/3378728. CC0 1.0.,TESS station stars34; photometric inflection method; night median MSAS=20.90; MSAS at inflection=20.98; depression=15.66°; smoothing=5-pt median; dark rows=710
fajr,2018-11-10,06:17,1,69.348333,20.365,0.0,Zamorano J. et al. (2019). TESS-W sky brightness network. Zenodo monthly archives. https://zenodo.org/records/3378728. CC0 1.0.,TESS station stars34; photometric inflection method; night median MSAS=19.96; MSAS at inflection=18.85; depression=11.26°; smoothing=5-pt median; dark rows=826
isha,2018-11-11,17:50,1,69.348333,20.365,0.0,Zamorano J. et al. (2019). TESS-W sky brightness network. Zenodo monthly archives. https://zenodo.org/records/3378728. CC0 1.0.,TESS station stars34; photometric inflection method; night median MSAS=20.59; MSAS at inflection=21.04; depression=18.87°; smoothing=5-pt median; dark rows=855
fajr,2018-11-15,06:00,1,69.348333,20.365,0.0,Zamorano J. et al. (2019). TESS-W sky brightness network. Zenodo monthly archives. https://zenodo.org/records/3378728. CC0 1.0.,TESS station stars34; photometric inflection method; night median MSAS=20.85; MSAS at inflection=20.89; depression=14.01°; smoothing=5-pt median; dark rows=863
isha,2018-11-16,16:50,1,69.348333,20.365,0.0,Zamorano J. et al. (2019). TESS-W sky brightness network. Zenodo monthly archives. https://zenodo.org/records/3378728. CC0 1.0.,TESS station stars34; photometric inflection method; night median MSAS=20.88; MSAS at inflection=20.17; depression=14.77°; smoothing=5-pt median; dark rows=833
isha,2018-11-17,17:43,1,69.348333,20.365,0.0,Zamorano J. et al. (2019). TESS-W sky brightness network. Zenodo monthly archives. https://zenodo.org/records/3378728. CC0 1.0.,TESS station stars34; photometric inflection method; night median MSAS=20.51; MSAS at inflection=19.89; depression=19.54°; smoothing=5-pt median; dark rows=701
fajr,2018-11-18,06:51,1,69.348333,20.365,0.0,Zamorano J. et al. (2019). TESS-W sky brightness network. Zenodo monthly archives. https://zenodo.org/records/3378728. CC0 1.0.,TESS station stars34; photometric inflection method; night median MSAS=20.51; MSAS at inflection=18.65; depression=10.58°; smoothing=5-pt median; dark rows=701
isha,2018-11-18,15:50,1,69.348333,20.365,0.0,Zamorano J. et al. (2019). TESS-W sky brightness network. Zenodo monthly archives. https://zenodo.org/records/3378728. CC0 1.0.,TESS station stars34; photometric inflection method; night median MSAS=20.12; MSAS at inflection=18.21; depression=10.20°; smoothing=5-pt median; dark rows=698
fajr,2018-11-19,07:12,1,69.348333,20.365,0.0,Zamorano J. et al. (2019). TESS-W sky brightness network. Zenodo monthly archives. https://zenodo.org/records/3378728. CC0 1.0.,TESS station stars34; photometric inflection method; night median MSAS=20.12; MSAS at inflection=17.77; depression=9.20°; smoothing=5-pt median; dark rows=698
isha,2018-11-19,15:40,1,69.348333,20.365,0.0,Zamorano J. et al. (2019). TESS-W sky brightness network. Zenodo monthly archives. https://zenodo.org/records/3378728. CC0 1.0.,TESS station stars34; photometric inflection method; night median MSAS=19.31; MSAS at inflection=17.16; depression=9.64°; smoothing=5-pt median; dark rows=713
isha,2018-11-21,16:35,1,69.348333,20.365,0.0,Zamorano J. et al. (2019). TESS-W sky brightness network. Zenodo monthly archives. https://zenodo.org/records/3378728. CC0 1.0.,TESS station stars34; photometric inflection method; night median MSAS=18.37; MSAS at inflection=19.34; depression=14.47°; smoothing=5-pt median; dark rows=778
isha,2018-11-22,15:55,1,69.348333,20.365,0.0,Zamorano J. et al. (2019). TESS-W sky brightness network. Zenodo monthly archives. https://zenodo.org/records/3378728. CC0 1.0.,TESS station stars34; photometric inflection method; night median MSAS=18.15; MSAS at inflection=18.72; depression=11.38°; smoothing=5-pt median; dark rows=810
fajr,2018-11-23,05:22,1,69.348333,20.365,0.0,Zamorano J. et al. (2019). TESS-W sky brightness network. Zenodo monthly archives. https://zenodo.org/records/3378728. CC0 1.0.,TESS station stars34; photometric inflection method; night median MSAS=18.15; MSAS at inflection=17.97; depression=19.14°; smoothing=5-pt median; dark rows=810
isha,2018-11-23,15:33,1,69.348333,20.365,0.0,Zamorano J. et al. (2019). TESS-W sky brightness network. Zenodo monthly archives. https://zenodo.org/records/3378728. CC0 1.0.,TESS station stars34; photometric inflection method; night median MSAS=18.55; MSAS at inflection=18.16; depression=9.91°; smoothing=5-pt median; dark rows=210
fajr,2018-11-23,15:57,1,69.348333,20.365,0.0,Zamorano J. et al. (2019). TESS-W sky brightness network. Zenodo monthly archives. https://zenodo.org/records/3378728. CC0 1.0.,TESS station stars34; photometric inflection method; night median MSAS=18.55; MSAS at inflection=19.35; depression=11.76°; smoothing=5-pt median; dark rows=210
isha,2018-11-24,15:11,1,69.348333,20.365,0.0,Zamorano J. et al. (2019). TESS-W sky brightness network. Zenodo monthly archives. https://zenodo.org/records/3378728. CC0 1.0.,TESS station stars34; photometric inflection method; night median MSAS=17.73; MSAS at inflection=16.38; depression=8.51°; smoothing=5-pt median; dark rows=698
fajr,2018-11-25,05:55,1,69.348333,20.365,0.0,Zamorano J. et al. (2019). TESS-W sky brightness network. Zenodo monthly archives. https://zenodo.org/records/3378728. CC0 1.0.,TESS station stars34; photometric inflection method; night median MSAS=17.73; MSAS at inflection=17.92; depression=16.71°; smoothing=5-pt median; dark rows=698
isha,2018-11-25,16:47,1,69.348333,20.365,0.0,Zamorano J. et al. (2019). TESS-W sky brightness network. Zenodo monthly archives. https://zenodo.org/records/3378728. CC0 1.0.,TESS station stars34; photometric inflection method; night median MSAS=18.57; MSAS at inflection=19.98; depression=16.12°; smoothing=5-pt median; dark rows=783
fajr,2018-11-27,07:11,1,69.348333,20.365,0.0,Zamorano J. et al. (2019). TESS-W sky brightness network. Zenodo monthly archives. https://zenodo.org/records/3378728. CC0 1.0.,TESS station stars34; photometric inflection method; night median MSAS=19.10; MSAS at inflection=18.70; depression=11.05°; smoothing=5-pt median; dark rows=817
fajr,2018-11-28,07:44,1,69.348333,20.365,0.0,Zamorano J. et al. (2019). TESS-W sky brightness network. Zenodo monthly archives. https://zenodo.org/records/3378728. CC0 1.0.,TESS station stars34; photometric inflection method; night median MSAS=19.70; MSAS at inflection=17.80; depression=8.85°; smoothing=5-pt median; dark rows=804
isha,2018-11-28,15:34,1,69.348333,20.365,0.0,Zamorano J. et al. (2019). TESS-W sky brightness network. Zenodo monthly archives. https://zenodo.org/records/3378728. CC0 1.0.,TESS station stars34; photometric inflection method; night median MSAS=20.05; MSAS at inflection=19.72; depression=10.74°; smoothing=5-pt median; dark rows=725
fajr,2018-11-29,07:27,1,69.348333,20.365,0.0,Zamorano J. et al. (2019). TESS-W sky brightness network. Zenodo monthly archives. https://zenodo.org/records/3378728. CC0 1.0.,TESS station stars34; photometric inflection method; night median MSAS=20.05; MSAS at inflection=18.65; depression=10.21°; smoothing=5-pt median; dark rows=725
isha,2018-11-29,15:48,1,69.348333,20.365,0.0,Zamorano J. et al. (2019). TESS-W sky brightness network. Zenodo monthly archives. https://zenodo.org/records/3378728. CC0 1.0.,TESS station stars34; photometric inflection method; night median MSAS=20.49; MSAS at inflection=20.74; depression=11.96°; smoothing=5-pt median; dark rows=825
fajr,2018-11-30,06:17,1,69.348333,20.365,0.0,Zamorano J. et al. (2019). TESS-W sky brightness network. Zenodo monthly archives. https://zenodo.org/records/3378728. CC0 1.0.,TESS station stars34; photometric inflection method; night median MSAS=20.49; MSAS at inflection=18.99; depression=15.88°; smoothing=5-pt median; dark rows=825
isha,2018-11-30,16:51,1,69.348333,20.365,0.0,Zamorano J. et al. (2019). TESS-W sky brightness network. Zenodo monthly archives. https://zenodo.org/records/3378728. CC0 1.0.,TESS station stars34; photometric inflection method; night median MSAS=20.56; MSAS at inflection=20.62; depression=17.13°; smoothing=5-pt median; dark rows=514
fajr,2018-11-02,05:55,1,45.93,13.91,0.0,Zamorano J. et al. (2019). TESS-W sky brightness network. Zenodo monthly archives. https://zenodo.org/records/3378728. CC0 1.0.,TESS station stars35; photometric inflection method; night median MSAS=20.75; MSAS at inflection=18.95; depression=9.20°; smoothing=5-pt median; dark rows=544
isha,2018-11-02,17:44,1,45.93,13.91,0.0,Zamorano J. et al. (2019). TESS-W sky brightness network. Zenodo monthly archives. https://zenodo.org/records/3378728. CC0 1.0.,TESS station stars35; photometric inflection method; night median MSAS=20.69; MSAS at inflection=18.93; depression=10.05°; smoothing=5-pt median; dark rows=683
fajr,2018-11-04,05:36,1,45.93,13.91,0.0,Zamorano J. et al. (2019). TESS-W sky brightness network. Zenodo monthly archives. https://zenodo.org/records/3378728. CC0 1.0.,TESS station stars35; photometric inflection method; night median MSAS=20.84; MSAS at inflection=20.42; depression=12.95°; smoothing=5-pt median; dark rows=664
fajr,2018-11-05,05:59,1,45.93,13.91,0.0,Zamorano J. et al. (2019). TESS-W sky brightness network. Zenodo monthly archives. https://zenodo.org/records/3378728. CC0 1.0.,TESS station stars35; photometric inflection method; night median MSAS=20.82; MSAS at inflection=18.48; depression=9.27°; smoothing=5-pt median; dark rows=608
isha,2018-11-06,17:47,1,45.93,13.91,0.0,Zamorano J. et al. (2019). TESS-W sky brightness network. Zenodo monthly archives. https://zenodo.org/records/3378728. CC0 1.0.,TESS station stars35; photometric inflection method; night median MSAS=22.02; MSAS at inflection=21.45; depression=11.36°; smoothing=5-pt median; dark rows=637
fajr,2018-11-08,05:51,1,45.93,13.91,0.0,Zamorano J. et al. (2019). TESS-W sky brightness network. Zenodo monthly archives. https://zenodo.org/records/3378728. CC0 1.0.,TESS station stars35; photometric inflection method; night median MSAS=21.09; MSAS at inflection=19.04; depression=11.15°; smoothing=5-pt median; dark rows=646
isha,2018-11-09,18:03,1,45.93,13.91,0.0,Zamorano J. et al. (2019). TESS-W sky brightness network. Zenodo monthly archives. https://zenodo.org/records/3378728. CC0 1.0.,TESS station stars35; photometric inflection method; night median MSAS=21.72; MSAS at inflection=20.88; depression=14.69°; smoothing=5-pt median; dark rows=632
isha,2018-11-10,17:43,1,45.93,13.91,0.0,Zamorano J. et al. (2019). TESS-W sky brightness network. Zenodo monthly archives. https://zenodo.org/records/3378728. CC0 1.0.,TESS station stars35; photometric inflection method; night median MSAS=21.99; MSAS at inflection=19.84; depression=11.44°; smoothing=5-pt median; dark rows=423
fajr,2018-11-12,05:50,1,45.93,13.91,0.0,Zamorano J. et al. (2019). TESS-W sky brightness network. Zenodo monthly archives. https://zenodo.org/records/3378728. CC0 1.0.,TESS station stars35; photometric inflection method; night median MSAS=22.60; MSAS at inflection=20.70; depression=12.32°; smoothing=5-pt median; dark rows=324
isha,2018-11-13,17:49,1,45.93,13.91,0.0,Zamorano J. et al. (2019). TESS-W sky brightness network. Zenodo monthly archives. https://zenodo.org/records/3378728. CC0 1.0.,TESS station stars35; photometric inflection method; night median MSAS=21.27; MSAS at inflection=20.99; depression=13.01°; smoothing=5-pt median; dark rows=680
fajr,2018-11-14,05:11,1,45.93,13.91,0.0,Zamorano J. et al. (2019). TESS-W sky brightness network. Zenodo monthly archives. https://zenodo.org/records/3378728. CC0 1.0.,TESS station stars35; photometric inflection method; night median MSAS=21.27; MSAS at inflection=21.49; depression=19.40°; smoothing=5-pt median; dark rows=680
fajr,2018-11-15,05:34,1,45.93,13.91,0.0,Zamorano J. et al. (2019). TESS-W sky brightness network. Zenodo monthly archives. https://zenodo.org/records/3378728. CC0 1.0.,TESS station stars35; photometric inflection method; night median MSAS=21.11; MSAS at inflection=20.97; depression=15.57°; smoothing=5-pt median; dark rows=667
isha,2018-11-16,17:46,1,45.93,13.91,0.0,Zamorano J. et al. (2019). TESS-W sky brightness network. Zenodo monthly archives. https://zenodo.org/records/3378728. CC0 1.0.,TESS station stars35; photometric inflection method; night median MSAS=20.89; MSAS at inflection=19.69; depression=13.03°; smoothing=5-pt median; dark rows=677
isha,2018-11-19,17:26,1,45.93,13.91,0.0,Zamorano J. et al. (2019). TESS-W sky brightness network. Zenodo monthly archives. https://zenodo.org/records/3378728. CC0 1.0.,TESS station stars35; photometric inflection method; night median MSAS=19.15; MSAS at inflection=17.74; depression=10.02°; smoothing=5-pt median; dark rows=685
isha,2018-11-23,17:08,1,45.93,13.91,0.0,Zamorano J. et al. (2019). TESS-W sky brightness network. Zenodo monthly archives. https://zenodo.org/records/3378728. CC0 1.0.,TESS station stars35; photometric inflection method; night median MSAS=18.41; MSAS at inflection=16.26; depression=7.44°; smoothing=5-pt median; dark rows=158
fajr,2018-11-25,05:16,1,45.93,13.91,0.0,Zamorano J. et al. (2019). TESS-W sky brightness network. Zenodo monthly archives. https://zenodo.org/records/3378728. CC0 1.0.,TESS station stars35; photometric inflection method; night median MSAS=18.25; MSAS at inflection=17.20; depression=20.59°; smoothing=5-pt median; dark rows=663
isha,2018-11-25,17:17,1,45.93,13.91,0.0,Zamorano J. et al. (2019). TESS-W sky brightness network. Zenodo monthly archives. https://zenodo.org/records/3378728. CC0 1.0.,TESS station stars35; photometric inflection method; night median MSAS=17.80; MSAS at inflection=17.41; depression=9.26°; smoothing=5-pt median; dark rows=702
fajr,2018-11-01,05:27,-1,28.6865,-17.7665,0.0,Zamorano J. et al. (2019). TESS-W sky brightness network. Zenodo monthly archives. https://zenodo.org/records/3378728. CC0 1.0.,TESS station stars4; photometric inflection method; night median MSAS=17.86; MSAS at inflection=17.64; depression=12.78°; smoothing=5-pt median; dark rows=613
isha,2018-11-04,18:00,-1,28.6865,-17.7665,0.0,Zamorano J. et al. (2019). TESS-W sky brightness network. Zenodo monthly archives. https://zenodo.org/records/3378728. CC0 1.0.,TESS station stars4; photometric inflection method; night median MSAS=17.51; MSAS at inflection=15.76; depression=8.55°; smoothing=5-pt median; dark rows=1080
fajr,2018-11-08,05:47,-1,28.6865,-17.7665,0.0,Zamorano J. et al. (2019). TESS-W sky brightness network. Zenodo monthly archives. https://zenodo.org/records/3378728. CC0 1.0.,TESS station stars4; photometric inflection method; night median MSAS=18.06; MSAS at inflection=16.17; depression=9.36°; smoothing=5-pt median; dark rows=1346
fajr,2018-11-09,05:54,-1,28.6865,-17.7665,0.0,Zamorano J. et al. (2019). TESS-W sky brightness network. Zenodo monthly archives. https://zenodo.org/records/3378728. CC0 1.0.,TESS station stars4; photometric inflection method; night median MSAS=17.52; MSAS at inflection=15.66; depression=8.18°; smoothing=5-pt median; dark rows=1390
fajr,2018-11-10,05:46,-1,28.6865,-17.7665,0.0,Zamorano J. et al. (2019). TESS-W sky brightness network. Zenodo monthly archives. https://zenodo.org/records/3378728. CC0 1.0.,TESS station stars4; photometric inflection method; night median MSAS=17.65; MSAS at inflection=16.58; depression=9.89°; smoothing=5-pt median; dark rows=1371
isha,2018-11-11,18:16,-1,28.6865,-17.7665,0.0,Zamorano J. et al. (2019). TESS-W sky brightness network. Zenodo monthly archives. https://zenodo.org/records/3378728. CC0 1.0.,TESS station stars4; photometric inflection method; night median MSAS=18.02; MSAS at inflection=17.89; depression=12.86°; smoothing=5-pt median; dark rows=1394
fajr,2018-11-14,05:16,-1,28.6865,-17.7665,0.0,Zamorano J. et al. (2019). TESS-W sky brightness network. Zenodo monthly archives. https://zenodo.org/records/3378728. CC0 1.0.,TESS station stars4; photometric inflection method; night median MSAS=17.50; MSAS at inflection=18.11; depression=16.82°; smoothing=5-pt median; dark rows=1372
fajr,2018-11-15,05:07,-1,28.6865,-17.7665,0.0,Zamorano J. et al. (2019). TESS-W sky brightness network. Zenodo monthly archives. https://zenodo.org/records/3378728. CC0 1.0.,TESS station stars4; photometric inflection method; night median MSAS=17.92; MSAS at inflection=17.97; depression=19.05°; smoothing=5-pt median; dark rows=1390
isha,2018-11-16,18:06,-1,28.6865,-17.7665,0.0,Zamorano J. et al. (2019). TESS-W sky brightness network. Zenodo monthly archives. https://zenodo.org/records/3378728. CC0 1.0.,TESS station stars4; photometric inflection method; night median MSAS=17.94; MSAS at inflection=17.20; depression=11.18°; smoothing=5-pt median; dark rows=1391
isha,2018-11-23,18:00,-1,28.6865,-17.7665,0.0,Zamorano J. et al. (2019). TESS-W sky brightness network. Zenodo monthly archives. https://zenodo.org/records/3378728. CC0 1.0.,TESS station stars4; photometric inflection method; night median MSAS=17.59; MSAS at inflection=17.13; depression=10.34°; smoothing=5-pt median; dark rows=108
fajr,2018-11-23,18:03,-1,28.6865,-17.7665,0.0,Zamorano J. et al. (2019). TESS-W sky brightness network. Zenodo monthly archives. https://zenodo.org/records/3378728. CC0 1.0.,TESS station stars4; photometric inflection method; night median MSAS=17.59; MSAS at inflection=17.33; depression=10.97°; smoothing=5-pt median; dark rows=108
isha,2018-11-24,17:50,-1,28.6865,-17.7665,0.0,Zamorano J. et al. (2019). TESS-W sky brightness network. Zenodo monthly archives. https://zenodo.org/records/3378728. CC0 1.0.,TESS station stars4; photometric inflection method; night median MSAS=17.50; MSAS at inflection=15.70; depression=8.30°; smoothing=5-pt median; dark rows=1394
isha,2018-11-25,18:35,-1,28.6865,-17.7665,0.0,Zamorano J. et al. (2019). TESS-W sky brightness network. Zenodo monthly archives. https://zenodo.org/records/3378728. CC0 1.0.,TESS station stars4; photometric inflection method; night median MSAS=17.51; MSAS at inflection=18.02; depression=17.68°; smoothing=5-pt median; dark rows=1400
fajr,2018-11-29,05:16,-1,28.6865,-17.7665,0.0,Zamorano J. et al. (2019). TESS-W sky brightness network. Zenodo monthly archives. https://zenodo.org/records/3378728. CC0 1.0.,TESS station stars4; photometric inflection method; night median MSAS=18.00; MSAS at inflection=15.81; depression=19.15°; smoothing=5-pt median; dark rows=1426
isha,2018-11-29,18:28,-1,28.6865,-17.7665,0.0,Zamorano J. et al. (2019). TESS-W sky brightness network. Zenodo monthly archives. https://zenodo.org/records/3378728. CC0 1.0.,TESS station stars4; photometric inflection method; night median MSAS=18.20; MSAS at inflection=17.46; depression=16.22°; smoothing=5-pt median; dark rows=1433
fajr,2018-11-30,05:24,-1,28.6865,-17.7665,0.0,Zamorano J. et al. (2019). TESS-W sky brightness network. Zenodo monthly archives. https://zenodo.org/records/3378728. CC0 1.0.,TESS station stars4; photometric inflection method; night median MSAS=18.20; MSAS at inflection=17.73; depression=17.52°; smoothing=5-pt median; dark rows=1433
isha,2018-11-13,17:17,-1,41.177424,-8.605964,0.0,Zamorano J. et al. (2019). TESS-W sky brightness network. Zenodo monthly archives. https://zenodo.org/records/3378728. CC0 1.0.,TESS station stars40; photometric inflection method; night median MSAS=18.17; MSAS at inflection=17.52; depression=11.65°; smoothing=5-pt median; dark rows=603
fajr,2018-11-14,05:38,-1,41.177424,-8.605964,0.0,Zamorano J. et al. (2019). TESS-W sky brightness network. Zenodo monthly archives. https://zenodo.org/records/3378728. CC0 1.0.,TESS station stars40; photometric inflection method; night median MSAS=18.17; MSAS at inflection=16.21; depression=8.29°; smoothing=5-pt median; dark rows=603
fajr,2018-11-16,05:22,-1,41.177424,-8.605964,0.0,Zamorano J. et al. (2019). TESS-W sky brightness network. Zenodo monthly archives. https://zenodo.org/records/3378728. CC0 1.0.,TESS station stars40; photometric inflection method; night median MSAS=17.83; MSAS at inflection=17.89; depression=11.61°; smoothing=5-pt median; dark rows=611
isha,2018-11-16,17:10,-1,41.177424,-8.605964,0.0,Zamorano J. et al. (2019). TESS-W sky brightness network. Zenodo monthly archives. https://zenodo.org/records/3378728. CC0 1.0.,TESS station stars40; photometric inflection method; night median MSAS=17.52; MSAS at inflection=16.90; depression=10.72°; smoothing=5-pt median; dark rows=615
fajr,2018-11-17,05:25,-1,41.177424,-8.605964,0.0,Zamorano J. et al. (2019). TESS-W sky brightness network. Zenodo monthly archives. https://zenodo.org/records/3378728. CC0 1.0.,TESS station stars40; photometric inflection method; night median MSAS=17.52; MSAS at inflection=17.31; depression=11.27°; smoothing=5-pt median; dark rows=615
isha,2018-11-13,17:02,-1,41.177424,-8.605964,0.0,Zamorano J. et al. (2019). TESS-W sky brightness network. Zenodo monthly archives. https://zenodo.org/records/3378728. CC0 1.0.,TESS station stars41; photometric inflection method; night median MSAS=18.41; MSAS at inflection=16.82; depression=8.91°; smoothing=5-pt median; dark rows=615
fajr,2018-11-14,05:30,-1,41.177424,-8.605964,0.0,Zamorano J. et al. (2019). TESS-W sky brightness network. Zenodo monthly archives. https://zenodo.org/records/3378728. CC0 1.0.,TESS station stars41; photometric inflection method; night median MSAS=18.41; MSAS at inflection=17.82; depression=9.78°; smoothing=5-pt median; dark rows=615
isha,2018-11-15,16:55,-1,41.177424,-8.605964,0.0,Zamorano J. et al. (2019). TESS-W sky brightness network. Zenodo monthly archives. https://zenodo.org/records/3378728. CC0 1.0.,TESS station stars41; photometric inflection method; night median MSAS=18.05; MSAS at inflection=16.08; depression=7.85°; smoothing=5-pt median; dark rows=608
fajr,2018-11-16,05:30,-1,41.177424,-8.605964,0.0,Zamorano J. et al. (2019). TESS-W sky brightness network. Zenodo monthly archives. https://zenodo.org/records/3378728. CC0 1.0.,TESS station stars41; photometric inflection method; night median MSAS=18.05; MSAS at inflection=17.80; depression=10.14°; smoothing=5-pt median; dark rows=608
fajr,2018-11-04,06:14,1,45.402694,11.884872,0.0,Zamorano J. et al. (2019). TESS-W sky brightness network. Zenodo monthly archives. https://zenodo.org/records/3378728. CC0 1.0.,TESS station stars47; photometric inflection method; night median MSAS=18.06; MSAS at inflection=16.13; depression=7.75°; smoothing=5-pt median; dark rows=674
isha,2018-11-07,18:53,1,45.402694,11.884872,0.0,Zamorano J. et al. (2019). TESS-W sky brightness network. Zenodo monthly archives. https://zenodo.org/records/3378728. CC0 1.0.,TESS station stars47; photometric inflection method; night median MSAS=18.41; MSAS at inflection=18.02; depression=21.65°; smoothing=5-pt median; dark rows=683
isha,2018-11-14,17:28,1,45.402694,11.884872,0.0,Zamorano J. et al. (2019). TESS-W sky brightness network. Zenodo monthly archives. https://zenodo.org/records/3378728. CC0 1.0.,TESS station stars47; photometric inflection method; night median MSAS=18.34; MSAS at inflection=15.95; depression=8.15°; smoothing=5-pt median; dark rows=706
fajr,2018-11-15,06:07,1,45.402694,11.884872,0.0,Zamorano J. et al. (2019). TESS-W sky brightness network. Zenodo monthly archives. https://zenodo.org/records/3378728. CC0 1.0.,TESS station stars47; photometric inflection method; night median MSAS=18.34; MSAS at inflection=17.98; depression=11.23°; smoothing=5-pt median; dark rows=706
isha,2018-11-15,17:36,1,45.402694,11.884872,0.0,Zamorano J. et al. (2019). TESS-W sky brightness network. Zenodo monthly archives. https://zenodo.org/records/3378728. CC0 1.0.,TESS station stars47; photometric inflection method; night median MSAS=18.30; MSAS at inflection=16.96; depression=9.68°; smoothing=5-pt median; dark rows=677
fajr,2018-11-16,06:18,1,45.402694,11.884872,0.0,Zamorano J. et al. (2019). TESS-W sky brightness network. Zenodo monthly archives. https://zenodo.org/records/3378728. CC0 1.0.,TESS station stars47; photometric inflection method; night median MSAS=18.30; MSAS at inflection=17.24; depression=9.53°; smoothing=5-pt median; dark rows=677
isha,2018-11-16,17:27,1,45.402694,11.884872,0.0,Zamorano J. et al. (2019). TESS-W sky brightness network. Zenodo monthly archives. https://zenodo.org/records/3378728. CC0 1.0.,TESS station stars47; photometric inflection method; night median MSAS=18.27; MSAS at inflection=15.87; depression=8.22°; smoothing=5-pt median; dark rows=703
fajr,2018-11-18,06:22,1,45.402694,11.884872,0.0,Zamorano J. et al. (2019). TESS-W sky brightness network. Zenodo monthly archives. https://zenodo.org/records/3378728. CC0 1.0.,TESS station stars47; photometric inflection method; night median MSAS=18.27; MSAS at inflection=17.28; depression=9.35°; smoothing=5-pt median; dark rows=704
isha,2018-11-18,17:31,1,45.402694,11.884872,0.0,Zamorano J. et al. (2019). TESS-W sky brightness network. Zenodo monthly archives. https://zenodo.org/records/3378728. CC0 1.0.,TESS station stars47; photometric inflection method; night median MSAS=17.84; MSAS at inflection=16.78; depression=9.14°; smoothing=5-pt median; dark rows=713
fajr,2018-11-19,05:56,1,45.402694,11.884872,0.0,Zamorano J. et al. (2019). TESS-W sky brightness network. Zenodo monthly archives. https://zenodo.org/records/3378728. CC0 1.0.,TESS station stars47; photometric inflection method; night median MSAS=17.84; MSAS at inflection=16.42; depression=14.01°; smoothing=5-pt median; dark rows=713
isha,2018-11-28,17:21,1,45.402694,11.884872,0.0,Zamorano J. et al. (2019). TESS-W sky brightness network. Zenodo monthly archives. https://zenodo.org/records/3378728. CC0 1.0.,TESS station stars47; photometric inflection method; night median MSAS=17.91; MSAS at inflection=16.47; depression=8.56°; smoothing=5-pt median; dark rows=310
isha,2018-11-27,18:40,0,40.45098,-3.726072,0.0,Zamorano J. et al. (2019). TESS-W sky brightness network. Zenodo monthly archives. https://zenodo.org/records/3378728. CC0 1.0.,TESS station stars5; photometric inflection method; night median MSAS=17.51; MSAS at inflection=17.48; depression=20.60°; smoothing=5-pt median; dark rows=1518
fajr,2018-11-28,06:09,0,40.45098,-3.726072,0.0,Zamorano J. et al. (2019). TESS-W sky brightness network. Zenodo monthly archives. https://zenodo.org/records/3378728. CC0 1.0.,TESS station stars5; photometric inflection method; night median MSAS=17.51; MSAS at inflection=17.03; depression=12.45°; smoothing=5-pt median; dark rows=1518
fajr,2018-11-29,06:24,0,40.45098,-3.726072,0.0,Zamorano J. et al. (2019). TESS-W sky brightness network. Zenodo monthly archives. https://zenodo.org/records/3378728. CC0 1.0.,TESS station stars5; photometric inflection method; night median MSAS=17.66; MSAS at inflection=16.75; depression=9.91°; smoothing=5-pt median; dark rows=1519
isha,2018-11-30,17:32,0,40.45098,-3.726072,0.0,Zamorano J. et al. (2019). TESS-W sky brightness network. Zenodo monthly archives. https://zenodo.org/records/3378728. CC0 1.0.,TESS station stars5; photometric inflection method; night median MSAS=17.68; MSAS at inflection=15.67; depression=8.29°; smoothing=5-pt median; dark rows=752
isha,2018-11-03,18:10,0,40.418017,-3.553016,0.0,Zamorano J. et al. (2019). TESS-W sky brightness network. Zenodo monthly archives. https://zenodo.org/records/3378728. CC0 1.0.,TESS station stars51; photometric inflection method; night median MSAS=18.26; MSAS at inflection=17.87; depression=12.24°; smoothing=5-pt median; dark rows=717
fajr,2018-11-09,05:05,0,40.418017,-3.553016,0.0,Zamorano J. et al. (2019). TESS-W sky brightness network. Zenodo monthly archives. https://zenodo.org/records/3378728. CC0 1.0.,TESS station stars51; photometric inflection method; night median MSAS=17.85; MSAS at inflection=18.21; depression=20.66°; smoothing=5-pt median; dark rows=691
fajr,2018-11-12,05:16,0,40.418017,-3.553016,0.0,Zamorano J. et al. (2019). TESS-W sky brightness network. Zenodo monthly archives. https://zenodo.org/records/3378728. CC0 1.0.,TESS station stars51; photometric inflection method; night median MSAS=17.61; MSAS at inflection=16.52; depression=19.22°; smoothing=5-pt median; dark rows=671
fajr,2018-11-23,18:26,0,40.418017,-3.553016,0.0,Zamorano J. et al. (2019). TESS-W sky brightness network. Zenodo monthly archives. https://zenodo.org/records/3378728. CC0 1.0.,TESS station stars51; photometric inflection method; night median MSAS=17.59; MSAS at inflection=17.65; depression=17.86°; smoothing=5-pt median; dark rows=124
isha,2018-11-28,17:31,0,40.418017,-3.553016,0.0,Zamorano J. et al. (2019). TESS-W sky brightness network. Zenodo monthly archives. https://zenodo.org/records/3378728. CC0 1.0.,TESS station stars51; photometric inflection method; night median MSAS=17.61; MSAS at inflection=15.54; depression=8.16°; smoothing=5-pt median; dark rows=735
isha,2018-11-30,17:37,0,40.418017,-3.553016,0.0,Zamorano J. et al. (2019). TESS-W sky brightness network. Zenodo monthly archives. https://zenodo.org/records/3378728. CC0 1.0.,TESS station stars51; photometric inflection method; night median MSAS=17.88; MSAS at inflection=16.64; depression=9.36°; smoothing=5-pt median; dark rows=279
isha,2018-11-01,18:11,0,36.879285,-2.438345,0.0,Zamorano J. et al. (2019). TESS-W sky brightness network. Zenodo monthly archives. https://zenodo.org/records/3378728. CC0 1.0.,TESS station stars52; photometric inflection method; night median MSAS=19.02; MSAS at inflection=18.42; depression=12.26°; smoothing=5-pt median; dark rows=1363
fajr,2018-11-02,05:51,0,36.879285,-2.438345,0.0,Zamorano J. et al. (2019). TESS-W sky brightness network. Zenodo monthly archives. https://zenodo.org/records/3378728. CC0 1.0.,TESS station stars52; photometric inflection method; night median MSAS=19.02; MSAS at inflection=17.02; depression=9.19°; smoothing=5-pt median; dark rows=1363
isha,2018-11-02,18:03,0,36.879285,-2.438345,0.0,Zamorano J. et al. (2019). TESS-W sky brightness network. Zenodo monthly archives. https://zenodo.org/records/3378728. CC0 1.0.,TESS station stars52; photometric inflection method; night median MSAS=18.65; MSAS at inflection=17.58; depression=10.78°; smoothing=5-pt median; dark rows=1362
isha,2018-11-04,18:22,0,36.879285,-2.438345,0.0,Zamorano J. et al. (2019). TESS-W sky brightness network. Zenodo monthly archives. https://zenodo.org/records/3378728. CC0 1.0.,TESS station stars52; photometric inflection method; night median MSAS=17.66; MSAS at inflection=18.07; depression=15.03°; smoothing=5-pt median; dark rows=1373
fajr,2018-11-05,05:02,0,36.879285,-2.438345,0.0,Zamorano J. et al. (2019). TESS-W sky brightness network. Zenodo monthly archives. https://zenodo.org/records/3378728. CC0 1.0.,TESS station stars52; photometric inflection method; night median MSAS=17.66; MSAS at inflection=17.36; depression=19.45°; smoothing=5-pt median; dark rows=1373
isha,2018-11-05,18:30,0,36.879285,-2.438345,0.0,Zamorano J. et al. (2019). TESS-W sky brightness network. Zenodo monthly archives. https://zenodo.org/records/3378728. CC0 1.0.,TESS station stars52; photometric inflection method; night median MSAS=19.11; MSAS at inflection=18.62; depression=16.68°; smoothing=5-pt median; dark rows=1390
isha,2018-11-06,18:01,0,36.879285,-2.438345,0.0,Zamorano J. et al. (2019). TESS-W sky brightness network. Zenodo monthly archives. https://zenodo.org/records/3378728. CC0 1.0.,TESS station stars52; photometric inflection method; night median MSAS=18.97; MSAS at inflection=17.85; depression=11.16°; smoothing=5-pt median; dark rows=1391
fajr,2018-11-07,05:45,0,36.879285,-2.438345,0.0,Zamorano J. et al. (2019). TESS-W sky brightness network. Zenodo monthly archives. https://zenodo.org/records/3378728. CC0 1.0.,TESS station stars52; photometric inflection method; night median MSAS=18.97; MSAS at inflection=18.32; depression=11.28°; smoothing=5-pt median; dark rows=1391
fajr,2018-11-08,05:41,0,36.879285,-2.438345,0.0,Zamorano J. et al. (2019). TESS-W sky brightness network. Zenodo monthly archives. https://zenodo.org/records/3378728. CC0 1.0.,TESS station stars52; photometric inflection method; night median MSAS=18.97; MSAS at inflection=18.68; depression=12.18°; smoothing=5-pt median; dark rows=1396
fajr,2018-11-09,06:03,0,36.879285,-2.438345,0.0,Zamorano J. et al. (2019). TESS-W sky brightness network. Zenodo monthly archives. https://zenodo.org/records/3378728. CC0 1.0.,TESS station stars52; photometric inflection method; night median MSAS=18.28; MSAS at inflection=15.85; depression=8.12°; smoothing=5-pt median; dark rows=1421
isha,2018-11-09,18:29,0,36.879285,-2.438345,0.0,Zamorano J. et al. (2019). TESS-W sky brightness network. Zenodo monthly archives. https://zenodo.org/records/3378728. CC0 1.0.,TESS station stars52; photometric inflection method; night median MSAS=18.30; MSAS at inflection=17.43; depression=17.17°; smoothing=5-pt median; dark rows=1389
fajr,2018-11-11,05:59,0,36.879285,-2.438345,0.0,Zamorano J. et al. (2019). TESS-W sky brightness network. Zenodo monthly archives. https://zenodo.org/records/3378728. CC0 1.0.,TESS station stars52; photometric inflection method; night median MSAS=18.97; MSAS at inflection=16.75; depression=9.26°; smoothing=5-pt median; dark rows=1418
isha,2018-11-16,17:45,0,36.879285,-2.438345,0.0,Zamorano J. et al. (2019). TESS-W sky brightness network. Zenodo monthly archives. https://zenodo.org/records/3378728. CC0 1.0.,TESS station stars52; photometric inflection method; night median MSAS=17.77; MSAS at inflection=16.88; depression=9.45°; smoothing=5-pt median; dark rows=1423
fajr,2018-11-17,06:09,0,36.879285,-2.438345,0.0,Zamorano J. et al. (2019). TESS-W sky brightness network. Zenodo monthly archives. https://zenodo.org/records/3378728. CC0 1.0.,TESS station stars52; photometric inflection method; night median MSAS=17.77; MSAS at inflection=16.30; depression=8.41°; smoothing=5-pt median; dark rows=1423
isha,2018-11-20,17:35,0,36.879285,-2.438345,0.0,Zamorano J. et al. (2019). TESS-W sky brightness network. Zenodo monthly archives. https://zenodo.org/records/3378728. CC0 1.0.,TESS station stars52; photometric inflection method; night median MSAS=17.52; MSAS at inflection=15.69; depression=8.01°; smoothing=5-pt median; dark rows=170
fajr,2018-11-21,05:37,0,36.879285,-2.438345,0.0,Zamorano J. et al. (2019). TESS-W sky brightness network. Zenodo monthly archives. https://zenodo.org/records/3378728. CC0 1.0.,TESS station stars52; photometric inflection method; night median MSAS=17.52; MSAS at inflection=18.20; depression=15.21°; smoothing=5-pt median; dark rows=170
fajr,2018-11-23,18:43,0,36.879285,-2.438345,0.0,Zamorano J. et al. (2019). TESS-W sky brightness network. Zenodo monthly archives. https://zenodo.org/records/3378728. CC0 1.0.,TESS station stars52; photometric inflection method; night median MSAS=17.59; MSAS at inflection=17.79; depression=21.35°; smoothing=5-pt median; dark rows=251
fajr,2018-11-27,05:31,0,36.879285,-2.438345,0.0,Zamorano J. et al. (2019). TESS-W sky brightness network. Zenodo monthly archives. https://zenodo.org/records/3378728. CC0 1.0.,TESS station stars52; photometric inflection method; night median MSAS=18.27; MSAS at inflection=16.95; depression=17.42°; smoothing=5-pt median; dark rows=1450
fajr,2018-11-28,06:14,0,36.879285,-2.438345,0.0,Zamorano J. et al. (2019). TESS-W sky brightness network. Zenodo monthly archives. https://zenodo.org/records/3378728. CC0 1.0.,TESS station stars52; photometric inflection method; night median MSAS=18.46; MSAS at inflection=16.44; depression=9.42°; smoothing=5-pt median; dark rows=1402
isha,2018-11-29,17:52,0,36.879285,-2.438345,0.0,Zamorano J. et al. (2019). TESS-W sky brightness network. Zenodo monthly archives. https://zenodo.org/records/3378728. CC0 1.0.,TESS station stars52; photometric inflection method; night median MSAS=18.43; MSAS at inflection=17.55; depression=11.67°; smoothing=5-pt median; dark rows=1434
fajr,2018-11-30,06:21,0,36.879285,-2.438345,0.0,Zamorano J. et al. (2019). TESS-W sky brightness network. Zenodo monthly archives. https://zenodo.org/records/3378728. CC0 1.0.,TESS station stars52; photometric inflection method; night median MSAS=18.43; MSAS at inflection=16.17; depression=8.48°; smoothing=5-pt median; dark rows=1434
isha,2018-11-01,19:32,10,-31.274904,149.068294,0.0,Zamorano J. et al. (2019). TESS-W sky brightness network. Zenodo monthly archives. https://zenodo.org/records/3378728. CC0 1.0.,TESS station stars54; photometric inflection method; night median MSAS=21.70; MSAS at inflection=20.87; depression=13.70°; smoothing=5-pt median; dark rows=246
isha,2018-11-02,19:53,10,-31.274904,149.068294,0.0,Zamorano J. et al. (2019). TESS-W sky brightness network. Zenodo monthly archives. https://zenodo.org/records/3378728. CC0 1.0.,TESS station stars54; photometric inflection method; night median MSAS=21.24; MSAS at inflection=21.84; depression=17.48°; smoothing=5-pt median; dark rows=222
fajr,2018-11-03,03:44,10,-31.274904,149.068294,0.0,Zamorano J. et al. (2019). TESS-W sky brightness network. Zenodo monthly archives. https://zenodo.org/records/3378728. CC0 1.0.,TESS station stars54; photometric inflection method; night median MSAS=21.24; MSAS at inflection=20.98; depression=16.71°; smoothing=5-pt median; dark rows=222
isha,2018-11-05,19:30,10,-31.274904,149.068294,0.0,Zamorano J. et al. (2019). TESS-W sky brightness network. Zenodo monthly archives. https://zenodo.org/records/3378728. CC0 1.0.,TESS station stars54; photometric inflection method; night median MSAS=22.00; MSAS at inflection=20.38; depression=12.56°; smoothing=5-pt median; dark rows=226
isha,2018-11-07,20:12,10,-31.274904,149.068294,0.0,Zamorano J. et al. (2019). TESS-W sky brightness network. Zenodo monthly archives. https://zenodo.org/records/3378728. CC0 1.0.,TESS station stars54; photometric inflection method; night median MSAS=22.39; MSAS at inflection=22.78; depression=19.91°; smoothing=5-pt median; dark rows=167
fajr,2018-11-19,04:02,10,-31.274904,149.068294,0.0,Zamorano J. et al. (2019). TESS-W sky brightness network. Zenodo monthly archives. https://zenodo.org/records/3378728. CC0 1.0.,TESS station stars54; photometric inflection method; night median MSAS=18.75; MSAS at inflection=18.45; depression=10.91°; smoothing=5-pt median; dark rows=237
isha,2018-11-19,19:37,10,-31.274904,149.068294,0.0,Zamorano J. et al. (2019). TESS-W sky brightness network. Zenodo monthly archives. https://zenodo.org/records/3378728. CC0 1.0.,TESS station stars54; photometric inflection method; night median MSAS=18.84; MSAS at inflection=17.92; depression=11.13°; smoothing=5-pt median; dark rows=226
isha,2018-11-20,19:19,10,-31.274904,149.068294,0.0,Zamorano J. et al. (2019). TESS-W sky brightness network. Zenodo monthly archives. https://zenodo.org/records/3378728. CC0 1.0.,TESS station stars54; photometric inflection method; night median MSAS=17.91; MSAS at inflection=18.62; depression=7.70°; smoothing=5-pt median; dark rows=290
isha,2018-11-22,19:39,10,-31.274904,149.068294,0.0,Zamorano J. et al. (2019). TESS-W sky brightness network. Zenodo monthly archives. https://zenodo.org/records/3378728. CC0 1.0.,TESS station stars54; photometric inflection method; night median MSAS=17.56; MSAS at inflection=17.98; depression=11.07°; smoothing=5-pt median; dark rows=254
isha,2018-11-23,19:53,10,-31.274904,149.068294,0.0,Zamorano J. et al. (2019). TESS-W sky brightness network. Zenodo monthly archives. https://zenodo.org/records/3378728. CC0 1.0.,TESS station stars54; photometric inflection method; night median MSAS=17.71; MSAS at inflection=18.89; depression=13.31°; smoothing=5-pt median; dark rows=237
fajr,2018-11-24,04:08,10,-31.274904,149.068294,0.0,Zamorano J. et al. (2019). TESS-W sky brightness network. Zenodo monthly archives. https://zenodo.org/records/3378728. CC0 1.0.,TESS station stars54; photometric inflection method; night median MSAS=17.71; MSAS at inflection=17.21; depression=9.38°; smoothing=5-pt median; dark rows=237
isha,2018-11-25,19:52,10,-31.274904,149.068294,0.0,Zamorano J. et al. (2019). TESS-W sky brightness network. Zenodo monthly archives. https://zenodo.org/records/3378728. CC0 1.0.,TESS station stars54; photometric inflection method; night median MSAS=19.04; MSAS at inflection=20.15; depression=12.76°; smoothing=5-pt median; dark rows=244
fajr,2018-11-26,04:03,10,-31.274904,149.068294,0.0,Zamorano J. et al. (2019). TESS-W sky brightness network. Zenodo monthly archives. https://zenodo.org/records/3378728. CC0 1.0.,TESS station stars54; photometric inflection method; night median MSAS=19.04; MSAS at inflection=17.84; depression=10.11°; smoothing=5-pt median; dark rows=244
isha,2018-11-26,19:29,10,-31.274904,149.068294,0.0,Zamorano J. et al. (2019). TESS-W sky brightness network. Zenodo monthly archives. https://zenodo.org/records/3378728. CC0 1.0.,TESS station stars54; photometric inflection method; night median MSAS=19.21; MSAS at inflection=16.73; depression=8.48°; smoothing=5-pt median; dark rows=242
isha,2018-11-27,20:13,10,-31.274904,149.068294,0.0,Zamorano J. et al. (2019). TESS-W sky brightness network. Zenodo monthly archives. https://zenodo.org/records/3378728. CC0 1.0.,TESS station stars54; photometric inflection method; night median MSAS=20.10; MSAS at inflection=21.64; depression=15.96°; smoothing=5-pt median; dark rows=239
fajr,2018-11-28,03:47,10,-31.274904,149.068294,0.0,Zamorano J. et al. (2019). TESS-W sky brightness network. Zenodo monthly archives. https://zenodo.org/records/3378728. CC0 1.0.,TESS station stars54; photometric inflection method; night median MSAS=20.10; MSAS at inflection=18.94; depression=12.85°; smoothing=5-pt median; dark rows=239
isha,2018-11-30,20:02,10,-31.274904,149.068294,0.0,Zamorano J. et al. (2019). TESS-W sky brightness network. Zenodo monthly archives. https://zenodo.org/records/3378728. CC0 1.0.,TESS station stars54; photometric inflection method; night median MSAS=21.98; MSAS at inflection=20.90; depression=13.70°; smoothing=5-pt median; dark rows=254
isha,2018-11-01,18:16,-5,45.734626,-71.676243,0.0,Zamorano J. et al. (2019). TESS-W sky brightness network. Zenodo monthly archives. https://zenodo.org/records/3378728. CC0 1.0.,TESS station stars60; photometric inflection method; night median MSAS=21.56; MSAS at inflection=21.31; depression=18.45°; smoothing=5-pt median; dark rows=333
fajr,2018-11-02,04:25,-5,45.734626,-71.676243,0.0,Zamorano J. et al. (2019). TESS-W sky brightness network. Zenodo monthly archives. https://zenodo.org/records/3378728. CC0 1.0.,TESS station stars60; photometric inflection method; night median MSAS=21.56; MSAS at inflection=21.25; depression=21.75°; smoothing=5-pt median; dark rows=333
isha,2018-11-02,17:30,-5,45.734626,-71.676243,0.0,Zamorano J. et al. (2019). TESS-W sky brightness network. Zenodo monthly archives. https://zenodo.org/records/3378728. CC0 1.0.,TESS station stars60; photometric inflection method; night median MSAS=21.54; MSAS at inflection=19.13; depression=10.67°; smoothing=5-pt median; dark rows=309
isha,2018-11-05,17:42,-5,45.734626,-71.676243,0.0,Zamorano J. et al. (2019). TESS-W sky brightness network. Zenodo monthly archives. https://zenodo.org/records/3378728. CC0 1.0.,TESS station stars60; photometric inflection method; night median MSAS=21.32; MSAS at inflection=20.91; depression=13.47°; smoothing=5-pt median; dark rows=699
isha,2018-11-06,18:17,-5,45.734626,-71.676243,0.0,Zamorano J. et al. (2019). TESS-W sky brightness network. Zenodo monthly archives. https://zenodo.org/records/3378728. CC0 1.0.,TESS station stars60; photometric inflection method; night median MSAS=21.21; MSAS at inflection=21.08; depression=19.67°; smoothing=5-pt median; dark rows=720
fajr,2018-11-07,05:26,-5,45.734626,-71.676243,0.0,Zamorano J. et al. (2019). TESS-W sky brightness network. Zenodo monthly archives. https://zenodo.org/records/3378728. CC0 1.0.,TESS station stars60; photometric inflection method; night median MSAS=21.21; MSAS at inflection=21.16; depression=12.33°; smoothing=5-pt median; dark rows=720
fajr,2018-11-09,05:24,-5,45.734626,-71.676243,0.0,Zamorano J. et al. (2019). TESS-W sky brightness network. Zenodo monthly archives. https://zenodo.org/records/3378728. CC0 1.0.,TESS station stars60; photometric inflection method; night median MSAS=21.13; MSAS at inflection=20.46; depression=13.10°; smoothing=5-pt median; dark rows=722
fajr,2018-11-10,05:17,-5,45.734626,-71.676243,0.0,Zamorano J. et al. (2019). TESS-W sky brightness network. Zenodo monthly archives. https://zenodo.org/records/3378728. CC0 1.0.,TESS station stars60; photometric inflection method; night median MSAS=21.30; MSAS at inflection=21.03; depression=14.44°; smoothing=5-pt median; dark rows=620
isha,2018-11-10,17:59,-5,45.734626,-71.676243,0.0,Zamorano J. et al. (2019). TESS-W sky brightness network. Zenodo monthly archives. https://zenodo.org/records/3378728. CC0 1.0.,TESS station stars60; photometric inflection method; night median MSAS=21.02; MSAS at inflection=21.16; depression=17.33°; smoothing=5-pt median; dark rows=561
fajr,2018-11-12,05:14,-5,45.734626,-71.676243,0.0,Zamorano J. et al. (2019). TESS-W sky brightness network. Zenodo monthly archives. https://zenodo.org/records/3378728. CC0 1.0.,TESS station stars60; photometric inflection method; night median MSAS=21.02; MSAS at inflection=21.00; depression=15.38°; smoothing=5-pt median; dark rows=667
fajr,2018-11-14,05:38,-5,45.734626,-71.676243,0.0,Zamorano J. et al. (2019). TESS-W sky brightness network. Zenodo monthly archives. https://zenodo.org/records/3378728. CC0 1.0.,TESS station stars60; photometric inflection method; night median MSAS=21.28; MSAS at inflection=19.73; depression=11.66°; smoothing=5-pt median; dark rows=693
isha,2018-11-17,17:36,-5,45.734626,-71.676243,0.0,Zamorano J. et al. (2019). TESS-W sky brightness network. Zenodo monthly archives. https://zenodo.org/records/3378728. CC0 1.0.,TESS station stars60; photometric inflection method; night median MSAS=19.79; MSAS at inflection=18.33; depression=14.40°; smoothing=5-pt median; dark rows=699
isha,2018-11-18,17:07,-5,45.734626,-71.676243,0.0,Zamorano J. et al. (2019). TESS-W sky brightness network. Zenodo monthly archives. https://zenodo.org/records/3378728. CC0 1.0.,TESS station stars60; photometric inflection method; night median MSAS=19.19; MSAS at inflection=17.41; depression=9.61°; smoothing=5-pt median; dark rows=743
isha,2018-11-21,16:47,-5,45.734626,-71.676243,0.0,Zamorano J. et al. (2019). TESS-W sky brightness network. Zenodo monthly archives. https://zenodo.org/records/3378728. CC0 1.0.,TESS station stars60; photometric inflection method; night median MSAS=18.21; MSAS at inflection=15.84; depression=6.64°; smoothing=5-pt median; dark rows=706
isha,2018-11-26,17:18,-5,45.734626,-71.676243,0.0,Zamorano J. et al. (2019). TESS-W sky brightness network. Zenodo monthly archives. https://zenodo.org/records/3378728. CC0 1.0.,TESS station stars60; photometric inflection method; night median MSAS=18.21; MSAS at inflection=19.24; depression=12.25°; smoothing=5-pt median; dark rows=749
fajr,2018-11-28,05:55,-5,45.734626,-71.676243,0.0,Zamorano J. et al. (2019). TESS-W sky brightness network. Zenodo monthly archives. https://zenodo.org/records/3378728. CC0 1.0.,TESS station stars60; photometric inflection method; night median MSAS=18.44; MSAS at inflection=17.03; depression=11.69°; smoothing=5-pt median; dark rows=664
fajr,2018-11-29,05:59,-5,45.734626,-71.676243,0.0,Zamorano J. et al. (2019). TESS-W sky brightness network. Zenodo monthly archives. https://zenodo.org/records/3378728. CC0 1.0.,TESS station stars60; photometric inflection method; night median MSAS=19.99; MSAS at inflection=18.06; depression=11.09°; smoothing=5-pt median; dark rows=620
fajr,2018-11-30,05:02,-5,45.734626,-71.676243,0.0,Zamorano J. et al. (2019). TESS-W sky brightness network. Zenodo monthly archives. https://zenodo.org/records/3378728. CC0 1.0.,TESS station stars60; photometric inflection method; night median MSAS=20.01; MSAS at inflection=18.72; depression=20.94°; smoothing=5-pt median; dark rows=525
isha,2018-11-01,17:55,0,42.024592,0.734797,0.0,Zamorano J. et al. (2019). TESS-W sky brightness network. Zenodo monthly archives. https://zenodo.org/records/3378728. CC0 1.0.,TESS station stars62; photometric inflection method; night median MSAS=20.86; MSAS at inflection=20.14; depression=12.41°; smoothing=5-pt median; dark rows=696
fajr,2018-11-07,05:35,0,42.024592,0.734797,0.0,Zamorano J. et al. (2019). TESS-W sky brightness network. Zenodo monthly archives. https://zenodo.org/records/3378728. CC0 1.0.,TESS station stars62; photometric inflection method; night median MSAS=21.12; MSAS at inflection=19.25; depression=11.69°; smoothing=5-pt median; dark rows=697
fajr,2018-11-08,05:33,0,42.024592,0.734797,0.0,Zamorano J. et al. (2019). TESS-W sky brightness network. Zenodo monthly archives. https://zenodo.org/records/3378728. CC0 1.0.,TESS station stars62; photometric inflection method; night median MSAS=21.12; MSAS at inflection=19.39; depression=12.35°; smoothing=5-pt median; dark rows=707
fajr,2018-11-10,05:38,0,42.024592,0.734797,0.0,Zamorano J. et al. (2019). TESS-W sky brightness network. Zenodo monthly archives. https://zenodo.org/records/3378728. CC0 1.0.,TESS station stars62; photometric inflection method; night median MSAS=21.13; MSAS at inflection=19.81; depression=11.87°; smoothing=5-pt median; dark rows=711
isha,2018-11-10,17:47,0,42.024592,0.734797,0.0,Zamorano J. et al. (2019). TESS-W sky brightness network. Zenodo monthly archives. https://zenodo.org/records/3378728. CC0 1.0.,TESS station stars62; photometric inflection method; night median MSAS=21.21; MSAS at inflection=19.97; depression=12.60°; smoothing=5-pt median; dark rows=717
isha,2018-11-11,17:42,0,42.024592,0.734797,0.0,Zamorano J. et al. (2019). TESS-W sky brightness network. Zenodo monthly archives. https://zenodo.org/records/3378728. CC0 1.0.,TESS station stars62; photometric inflection method; night median MSAS=21.31; MSAS at inflection=19.53; depression=11.82°; smoothing=5-pt median; dark rows=720
fajr,2018-11-15,05:50,0,42.024592,0.734797,0.0,Zamorano J. et al. (2019). TESS-W sky brightness network. Zenodo monthly archives. https://zenodo.org/records/3378728. CC0 1.0.,TESS station stars62; photometric inflection method; night median MSAS=21.10; MSAS at inflection=18.64; depression=10.73°; smoothing=5-pt median; dark rows=724
fajr,2018-11-16,05:35,0,42.024592,0.734797,0.0,Zamorano J. et al. (2019). TESS-W sky brightness network. Zenodo monthly archives. https://zenodo.org/records/3378728. CC0 1.0.,TESS station stars62; photometric inflection method; night median MSAS=21.14; MSAS at inflection=20.57; depression=13.46°; smoothing=5-pt median; dark rows=714
isha,2018-11-16,17:36,0,42.024592,0.734797,0.0,Zamorano J. et al. (2019). TESS-W sky brightness network. Zenodo monthly archives. https://zenodo.org/records/3378728. CC0 1.0.,TESS station stars62; photometric inflection method; night median MSAS=21.04; MSAS at inflection=18.97; depression=11.61°; smoothing=5-pt median; dark rows=724
fajr,2018-11-17,05:55,0,42.024592,0.734797,0.0,Zamorano J. et al. (2019). TESS-W sky brightness network. Zenodo monthly archives. https://zenodo.org/records/3378728. CC0 1.0.,TESS station stars62; photometric inflection method; night median MSAS=21.04; MSAS at inflection=19.68; depression=10.22°; smoothing=5-pt median; dark rows=724
isha,2018-11-17,17:24,0,42.024592,0.734797,0.0,Zamorano J. et al. (2019). TESS-W sky brightness network. Zenodo monthly archives. https://zenodo.org/records/3378728. CC0 1.0.,TESS station stars62; photometric inflection method; night median MSAS=20.26; MSAS at inflection=18.17; depression=9.47°; smoothing=5-pt median; dark rows=728
fajr,2018-11-18,05:49,0,42.024592,0.734797,0.0,Zamorano J. et al. (2019). TESS-W sky brightness network. Zenodo monthly archives. https://zenodo.org/records/3378728. CC0 1.0.,TESS station stars62; photometric inflection method; night median MSAS=20.26; MSAS at inflection=20.15; depression=11.48°; smoothing=5-pt median; dark rows=728
isha,2018-11-18,17:58,0,42.024592,0.734797,0.0,Zamorano J. et al. (2019). TESS-W sky brightness network. Zenodo monthly archives. https://zenodo.org/records/3378728. CC0 1.0.,TESS station stars62; photometric inflection method; night median MSAS=18.73; MSAS at inflection=19.30; depression=15.79°; smoothing=5-pt median; dark rows=686
fajr,2018-11-19,05:58,0,42.024592,0.734797,0.0,Zamorano J. et al. (2019). TESS-W sky brightness network. Zenodo monthly archives. https://zenodo.org/records/3378728. CC0 1.0.,TESS station stars62; photometric inflection method; night median MSAS=18.73; MSAS at inflection=18.12; depression=9.93°; smoothing=5-pt median; dark rows=686
fajr,2018-11-20,05:56,0,42.024592,0.734797,0.0,Zamorano J. et al. (2019). TESS-W sky brightness network. Zenodo monthly archives. https://zenodo.org/records/3378728. CC0 1.0.,TESS station stars62; photometric inflection method; night median MSAS=18.91; MSAS at inflection=18.56; depression=10.49°; smoothing=5-pt median; dark rows=690
isha,2018-11-20,17:36,0,42.024592,0.734797,0.0,Zamorano J. et al. (2019). TESS-W sky brightness network. Zenodo monthly archives. https://zenodo.org/records/3378728. CC0 1.0.,TESS station stars62; photometric inflection method; night median MSAS=18.20; MSAS at inflection=18.94; depression=11.96°; smoothing=5-pt median; dark rows=118
fajr,2018-11-20,18:13,0,42.024592,0.734797,0.0,Zamorano J. et al. (2019). TESS-W sky brightness network. Zenodo monthly archives. https://zenodo.org/records/3378728. CC0 1.0.,TESS station stars62; photometric inflection method; night median MSAS=18.20; MSAS at inflection=19.02; depression=18.68°; smoothing=5-pt median; dark rows=118
isha,2018-11-21,17:21,0,42.024592,0.734797,0.0,Zamorano J. et al. (2019). TESS-W sky brightness network. Zenodo monthly archives. https://zenodo.org/records/3378728. CC0 1.0.,TESS station stars62; photometric inflection method; night median MSAS=18.16; MSAS at inflection=17.17; depression=9.40°; smoothing=5-pt median; dark rows=682
fajr,2018-11-22,05:51,0,42.024592,0.734797,0.0,Zamorano J. et al. (2019). TESS-W sky brightness network. Zenodo monthly archives. https://zenodo.org/records/3378728. CC0 1.0.,TESS station stars62; photometric inflection method; night median MSAS=18.16; MSAS at inflection=19.39; depression=11.75°; smoothing=5-pt median; dark rows=682
isha,2018-11-23,17:57,0,42.024592,0.734797,0.0,Zamorano J. et al. (2019). TESS-W sky brightness network. Zenodo monthly archives. https://zenodo.org/records/3378728. CC0 1.0.,TESS station stars62; photometric inflection method; night median MSAS=18.96; MSAS at inflection=18.83; depression=16.06°; smoothing=5-pt median; dark rows=143
fajr,2018-11-23,18:24,0,42.024592,0.734797,0.0,Zamorano J. et al. (2019). TESS-W sky brightness network. Zenodo monthly archives. https://zenodo.org/records/3378728. CC0 1.0.,TESS station stars62; photometric inflection method; night median MSAS=18.96; MSAS at inflection=18.87; depression=20.92°; smoothing=5-pt median; dark rows=143
isha,2018-11-26,17:25,0,42.024592,0.734797,0.0,Zamorano J. et al. (2019). TESS-W sky brightness network. Zenodo monthly archives. https://zenodo.org/records/3378728. CC0 1.0.,TESS station stars62; photometric inflection method; night median MSAS=19.52; MSAS at inflection=18.49; depression=10.52°; smoothing=5-pt median; dark rows=713
isha,2018-11-01,17:54,1,45.051036,10.919761,0.0,Zamorano J. et al. (2019). TESS-W sky brightness network. Zenodo monthly archives. https://zenodo.org/records/3378728. CC0 1.0.,TESS station stars64; photometric inflection method; night median MSAS=18.05; MSAS at inflection=17.05; depression=9.37°; smoothing=5-pt median; dark rows=673
fajr,2018-11-02,06:19,1,45.051036,10.919761,0.0,Zamorano J. et al. (2019). TESS-W sky brightness network. Zenodo monthly archives. https://zenodo.org/records/3378728. CC0 1.0.,TESS station stars64; photometric inflection method; night median MSAS=18.05; MSAS at inflection=15.99; depression=6.98°; smoothing=5-pt median; dark rows=673
isha,2018-11-04,18:30,1,45.051036,10.919761,0.0,Zamorano J. et al. (2019). TESS-W sky brightness network. Zenodo monthly archives. https://zenodo.org/records/3378728. CC0 1.0.,TESS station stars64; photometric inflection method; night median MSAS=18.21; MSAS at inflection=17.87; depression=16.25°; smoothing=5-pt median; dark rows=623
fajr,2018-11-05,05:51,1,45.051036,10.919761,0.0,Zamorano J. et al. (2019). TESS-W sky brightness network. Zenodo monthly archives. https://zenodo.org/records/3378728. CC0 1.0.,TESS station stars64; photometric inflection method; night median MSAS=18.21; MSAS at inflection=18.06; depression=12.43°; smoothing=5-pt median; dark rows=623
isha,2018-11-05,17:46,1,45.051036,10.919761,0.0,Zamorano J. et al. (2019). TESS-W sky brightness network. Zenodo monthly archives. https://zenodo.org/records/3378728. CC0 1.0.,TESS station stars64; photometric inflection method; night median MSAS=18.64; MSAS at inflection=16.70; depression=8.83°; smoothing=5-pt median; dark rows=669
isha,2018-11-06,17:47,1,45.051036,10.919761,0.0,Zamorano J. et al. (2019). TESS-W sky brightness network. Zenodo monthly archives. https://zenodo.org/records/3378728. CC0 1.0.,TESS station stars64; photometric inflection method; night median MSAS=18.53; MSAS at inflection=17.17; depression=9.26°; smoothing=5-pt median; dark rows=641
isha,2018-11-07,18:00,1,45.051036,10.919761,0.0,Zamorano J. et al. (2019). TESS-W sky brightness network. Zenodo monthly archives. https://zenodo.org/records/3378728. CC0 1.0.,TESS station stars64; photometric inflection method; night median MSAS=19.25; MSAS at inflection=19.28; depression=11.53°; smoothing=5-pt median; dark rows=719
isha,2018-11-09,18:22,1,45.051036,10.919761,0.0,Zamorano J. et al. (2019). TESS-W sky brightness network. Zenodo monthly archives. https://zenodo.org/records/3378728. CC0 1.0.,TESS station stars64; photometric inflection method; night median MSAS=18.18; MSAS at inflection=18.55; depression=15.80°; smoothing=5-pt median; dark rows=704
isha,2018-11-10,18:41,1,45.051036,10.919761,0.0,Zamorano J. et al. (2019). TESS-W sky brightness network. Zenodo monthly archives. https://zenodo.org/records/3378728. CC0 1.0.,TESS station stars64; photometric inflection method; night median MSAS=18.08; MSAS at inflection=17.88; depression=19.37°; smoothing=5-pt median; dark rows=716
isha,2018-11-11,17:40,1,45.051036,10.919761,0.0,Zamorano J. et al. (2019). TESS-W sky brightness network. Zenodo monthly archives. https://zenodo.org/records/3378728. CC0 1.0.,TESS station stars64; photometric inflection method; night median MSAS=18.80; MSAS at inflection=16.41; depression=8.91°; smoothing=5-pt median; dark rows=712
isha,2018-11-13,18:01,1,45.051036,10.919761,0.0,Zamorano J. et al. (2019). TESS-W sky brightness network. Zenodo monthly archives. https://zenodo.org/records/3378728. CC0 1.0.,TESS station stars64; photometric inflection method; night median MSAS=18.74; MSAS at inflection=18.93; depression=12.81°; smoothing=5-pt median; dark rows=544
fajr,2018-11-15,05:59,1,45.051036,10.919761,0.0,Zamorano J. et al. (2019). TESS-W sky brightness network. Zenodo monthly archives. https://zenodo.org/records/3378728. CC0 1.0.,TESS station stars64; photometric inflection method; night median MSAS=19.68; MSAS at inflection=19.11; depression=13.27°; smoothing=5-pt median; dark rows=661
isha,2018-11-15,17:52,1,45.051036,10.919761,0.0,Zamorano J. et al. (2019). TESS-W sky brightness network. Zenodo monthly archives. https://zenodo.org/records/3378728. CC0 1.0.,TESS station stars64; photometric inflection method; night median MSAS=18.96; MSAS at inflection=17.40; depression=11.65°; smoothing=5-pt median; dark rows=731
isha,2018-11-16,17:55,1,45.051036,10.919761,0.0,Zamorano J. et al. (2019). TESS-W sky brightness network. Zenodo monthly archives. https://zenodo.org/records/3378728. CC0 1.0.,TESS station stars64; photometric inflection method; night median MSAS=19.86; MSAS at inflection=18.81; depression=12.29°; smoothing=5-pt median; dark rows=701
isha,2018-11-17,17:51,1,45.051036,10.919761,0.0,Zamorano J. et al. (2019). TESS-W sky brightness network. Zenodo monthly archives. https://zenodo.org/records/3378728. CC0 1.0.,TESS station stars64; photometric inflection method; night median MSAS=19.49; MSAS at inflection=18.62; depression=11.73°; smoothing=5-pt median; dark rows=718
isha,2018-11-26,18:02,1,45.051036,10.919761,0.0,Zamorano J. et al. (2019). TESS-W sky brightness network. Zenodo monthly archives. https://zenodo.org/records/3378728. CC0 1.0.,TESS station stars64; photometric inflection method; night median MSAS=18.55; MSAS at inflection=20.00; depression=14.55°; smoothing=5-pt median; dark rows=625
fajr,2018-11-27,06:37,1,45.051036,10.919761,0.0,Zamorano J. et al. (2019). TESS-W sky brightness network. Zenodo monthly archives. https://zenodo.org/records/3378728. CC0 1.0.,TESS station stars64; photometric inflection method; night median MSAS=18.55; MSAS at inflection=17.17; depression=9.19°; smoothing=5-pt median; dark rows=625
isha,2018-11-27,17:57,1,45.051036,10.919761,0.0,Zamorano J. et al. (2019). TESS-W sky brightness network. Zenodo monthly archives. https://zenodo.org/records/3378728. CC0 1.0.,TESS station stars64; photometric inflection method; night median MSAS=18.18; MSAS at inflection=18.05; depression=13.77°; smoothing=5-pt median; dark rows=750
fajr,2018-11-28,06:02,1,45.051036,10.919761,0.0,Zamorano J. et al. (2019). TESS-W sky brightness network. Zenodo monthly archives. https://zenodo.org/records/3378728. CC0 1.0.,TESS station stars64; photometric inflection method; night median MSAS=18.18; MSAS at inflection=17.83; depression=15.19°; smoothing=5-pt median; dark rows=750
isha,2018-11-30,18:28,1,45.051036,10.919761,0.0,Zamorano J. et al. (2019). TESS-W sky brightness network. Zenodo monthly archives. https://zenodo.org/records/3378728. CC0 1.0.,TESS station stars64; photometric inflection method; night median MSAS=18.36; MSAS at inflection=18.59; depression=19.16°; smoothing=5-pt median; dark rows=424
isha,2018-11-05,18:37,1,48.231395,16.334225,0.0,Zamorano J. et al. (2019). TESS-W sky brightness network. Zenodo monthly archives. https://zenodo.org/records/3378728. CC0 1.0.,TESS station stars65; photometric inflection method; night median MSAS=17.98; MSAS at inflection=15.84; depression=21.59°; smoothing=5-pt median; dark rows=697
fajr,2018-11-06,05:17,1,48.231395,16.334225,0.0,Zamorano J. et al. (2019). TESS-W sky brightness network. Zenodo monthly archives. https://zenodo.org/records/3378728. CC0 1.0.,TESS station stars65; photometric inflection method; night median MSAS=17.98; MSAS at inflection=18.14; depression=15.20°; smoothing=5-pt median; dark rows=697
isha,2018-11-06,17:19,1,48.231395,16.334225,0.0,Zamorano J. et al. (2019). TESS-W sky brightness network. Zenodo monthly archives. https://zenodo.org/records/3378728. CC0 1.0.,TESS station stars65; photometric inflection method; night median MSAS=18.56; MSAS at inflection=16.72; depression=8.91°; smoothing=5-pt median; dark rows=726
fajr,2018-11-07,05:24,1,48.231395,16.334225,0.0,Zamorano J. et al. (2019). TESS-W sky brightness network. Zenodo monthly archives. https://zenodo.org/records/3378728. CC0 1.0.,TESS station stars65; photometric inflection method; night median MSAS=18.56; MSAS at inflection=18.53; depression=14.30°; smoothing=5-pt median; dark rows=726
fajr,2018-11-08,05:58,1,48.231395,16.334225,0.0,Zamorano J. et al. (2019). TESS-W sky brightness network. Zenodo monthly archives. https://zenodo.org/records/3378728. CC0 1.0.,TESS station stars65; photometric inflection method; night median MSAS=17.81; MSAS at inflection=15.69; depression=9.05°; smoothing=5-pt median; dark rows=653
isha,2018-11-15,18:20,1,48.231395,16.334225,0.0,Zamorano J. et al. (2019). TESS-W sky brightness network. Zenodo monthly archives. https://zenodo.org/records/3378728. CC0 1.0.,TESS station stars65; photometric inflection method; night median MSAS=18.74; MSAS at inflection=17.96; depression=20.50°; smoothing=5-pt median; dark rows=742
fajr,2018-11-16,05:50,1,48.231395,16.334225,0.0,Zamorano J. et al. (2019). TESS-W sky brightness network. Zenodo monthly archives. https://zenodo.org/records/3378728. CC0 1.0.,TESS station stars65; photometric inflection method; night median MSAS=18.74; MSAS at inflection=18.40; depression=12.11°; smoothing=5-pt median; dark rows=742
isha,2018-11-16,18:19,1,48.231395,16.334225,0.0,Zamorano J. et al. (2019). TESS-W sky brightness network. Zenodo monthly archives. https://zenodo.org/records/3378728. CC0 1.0.,TESS station stars65; photometric inflection method; night median MSAS=18.83; MSAS at inflection=18.14; depression=20.57°; smoothing=5-pt median; dark rows=664
isha,2018-11-29,16:54,1,48.231395,16.334225,0.0,Zamorano J. et al. (2019). TESS-W sky brightness network. Zenodo monthly archives. https://zenodo.org/records/3378728. CC0 1.0.,TESS station stars65; photometric inflection method; night median MSAS=18.52; MSAS at inflection=16.29; depression=8.29°; smoothing=5-pt median; dark rows=776
fajr,2018-11-30,05:20,1,48.231395,16.334225,0.0,Zamorano J. et al. (2019). TESS-W sky brightness network. Zenodo monthly archives. https://zenodo.org/records/3378728. CC0 1.0.,TESS station stars65; photometric inflection method; night median MSAS=18.52; MSAS at inflection=18.30; depression=19.59°; smoothing=5-pt median; dark rows=776
fajr,2018-11-02,05:55,0,39.78058,-6.0163,0.0,Zamorano J. et al. (2019). TESS-W sky brightness network. Zenodo monthly archives. https://zenodo.org/records/3378728. CC0 1.0.,TESS station stars66; photometric inflection method; night median MSAS=20.75; MSAS at inflection=18.38; depression=11.59°; smoothing=5-pt median; dark rows=685
isha,2018-11-02,18:28,0,39.78058,-6.0163,0.0,Zamorano J. et al. (2019). TESS-W sky brightness network. Zenodo monthly archives. https://zenodo.org/records/3378728. CC0 1.0.,TESS station stars66; photometric inflection method; night median MSAS=20.93; MSAS at inflection=20.16; depression=13.46°; smoothing=5-pt median; dark rows=675
fajr,2018-11-07,06:06,0,39.78058,-6.0163,0.0,Zamorano J. et al. (2019). TESS-W sky brightness network. Zenodo monthly archives. https://zenodo.org/records/3378728. CC0 1.0.,TESS station stars66; photometric inflection method; night median MSAS=19.89; MSAS at inflection=18.31; depression=10.63°; smoothing=5-pt median; dark rows=663
fajr,2018-11-09,05:44,0,39.78058,-6.0163,0.0,Zamorano J. et al. (2019). TESS-W sky brightness network. Zenodo monthly archives. https://zenodo.org/records/3378728. CC0 1.0.,TESS station stars66; photometric inflection method; night median MSAS=21.15; MSAS at inflection=21.02; depression=15.14°; smoothing=5-pt median; dark rows=705
isha,2018-11-09,18:54,0,39.78058,-6.0163,0.0,Zamorano J. et al. (2019). TESS-W sky brightness network. Zenodo monthly archives. https://zenodo.org/records/3378728. CC0 1.0.,TESS station stars66; photometric inflection method; night median MSAS=19.58; MSAS at inflection=19.11; depression=19.54°; smoothing=5-pt median; dark rows=717
fajr,2018-11-10,05:14,0,39.78058,-6.0163,0.0,Zamorano J. et al. (2019). TESS-W sky brightness network. Zenodo monthly archives. https://zenodo.org/records/3378728. CC0 1.0.,TESS station stars66; photometric inflection method; night median MSAS=19.58; MSAS at inflection=20.01; depression=20.99°; smoothing=5-pt median; dark rows=717
isha,2018-11-11,18:14,0,39.78058,-6.0163,0.0,Zamorano J. et al. (2019). TESS-W sky brightness network. Zenodo monthly archives. https://zenodo.org/records/3378728. CC0 1.0.,TESS station stars66; photometric inflection method; night median MSAS=20.25; MSAS at inflection=19.52; depression=12.30°; smoothing=5-pt median; dark rows=724
isha,2018-11-13,18:06,0,39.78058,-6.0163,0.0,Zamorano J. et al. (2019). TESS-W sky brightness network. Zenodo monthly archives. https://zenodo.org/records/3378728. CC0 1.0.,TESS station stars66; photometric inflection method; night median MSAS=20.97; MSAS at inflection=18.63; depression=11.11°; smoothing=5-pt median; dark rows=727
isha,2018-11-14,18:43,0,39.78058,-6.0163,0.0,Zamorano J. et al. (2019). TESS-W sky brightness network. Zenodo monthly archives. https://zenodo.org/records/3378728. CC0 1.0.,TESS station stars66; photometric inflection method; night median MSAS=20.58; MSAS at inflection=19.13; depression=18.13°; smoothing=5-pt median; dark rows=721
fajr,2018-11-15,06:12,0,39.78058,-6.0163,0.0,Zamorano J. et al. (2019). TESS-W sky brightness network. Zenodo monthly archives. https://zenodo.org/records/3378728. CC0 1.0.,TESS station stars66; photometric inflection method; night median MSAS=20.58; MSAS at inflection=18.75; depression=10.97°; smoothing=5-pt median; dark rows=721
isha,2018-11-15,18:07,0,39.78058,-6.0163,0.0,Zamorano J. et al. (2019). TESS-W sky brightness network. Zenodo monthly archives. https://zenodo.org/records/3378728. CC0 1.0.,TESS station stars66; photometric inflection method; night median MSAS=20.86; MSAS at inflection=18.84; depression=11.63°; smoothing=5-pt median; dark rows=721
fajr,2018-11-16,06:15,0,39.78058,-6.0163,0.0,Zamorano J. et al. (2019). TESS-W sky brightness network. Zenodo monthly archives. https://zenodo.org/records/3378728. CC0 1.0.,TESS station stars66; photometric inflection method; night median MSAS=20.86; MSAS at inflection=18.70; depression=10.70°; smoothing=5-pt median; dark rows=721
isha,2018-11-17,18:59,0,39.78058,-6.0163,0.0,Zamorano J. et al. (2019). TESS-W sky brightness network. Zenodo monthly archives. https://zenodo.org/records/3378728. CC0 1.0.,TESS station stars66; photometric inflection method; night median MSAS=19.31; MSAS at inflection=17.99; depression=21.58°; smoothing=5-pt median; dark rows=721
fajr,2018-11-19,05:37,0,39.78058,-6.0163,0.0,Zamorano J. et al. (2019). TESS-W sky brightness network. Zenodo monthly archives. https://zenodo.org/records/3378728. CC0 1.0.,TESS station stars66; photometric inflection method; night median MSAS=18.38; MSAS at inflection=20.42; depression=18.25°; smoothing=5-pt median; dark rows=722
isha,2018-11-19,18:59,0,39.78058,-6.0163,0.0,Zamorano J. et al. (2019). TESS-W sky brightness network. Zenodo monthly archives. https://zenodo.org/records/3378728. CC0 1.0.,TESS station stars66; photometric inflection method; night median MSAS=17.72; MSAS at inflection=17.64; depression=21.86°; smoothing=5-pt median; dark rows=696
fajr,2018-11-20,06:15,0,39.78058,-6.0163,0.0,Zamorano J. et al. (2019). TESS-W sky brightness network. Zenodo monthly archives. https://zenodo.org/records/3378728. CC0 1.0.,TESS station stars66; photometric inflection method; night median MSAS=17.72; MSAS at inflection=18.92; depression=11.32°; smoothing=5-pt median; dark rows=696
isha,2018-11-23,18:13,0,39.78058,-6.0163,0.0,Zamorano J. et al. (2019). TESS-W sky brightness network. Zenodo monthly archives. https://zenodo.org/records/3378728. CC0 1.0.,TESS station stars66; photometric inflection method; night median MSAS=19.03; MSAS at inflection=19.45; depression=13.53°; smoothing=5-pt median; dark rows=115
fajr,2018-11-23,18:29,0,39.78058,-6.0163,0.0,Zamorano J. et al. (2019). TESS-W sky brightness network. Zenodo monthly archives. https://zenodo.org/records/3378728. CC0 1.0.,TESS station stars66; photometric inflection method; night median MSAS=19.03; MSAS at inflection=19.39; depression=16.51°; smoothing=5-pt median; dark rows=115
isha,2018-11-25,18:25,0,39.78058,-6.0163,0.0,Zamorano J. et al. (2019). TESS-W sky brightness network. Zenodo monthly archives. https://zenodo.org/records/3378728. CC0 1.0.,TESS station stars66; photometric inflection method; night median MSAS=17.79; MSAS at inflection=19.49; depression=15.78°; smoothing=5-pt median; dark rows=728
fajr,2018-11-26,06:27,0,39.78058,-6.0163,0.0,Zamorano J. et al. (2019). TESS-W sky brightness network. Zenodo monthly archives. https://zenodo.org/records/3378728. CC0 1.0.,TESS station stars66; photometric inflection method; night median MSAS=17.79; MSAS at inflection=16.80; depression=10.23°; smoothing=5-pt median; dark rows=728
isha,2018-11-25,18:25,0,39.78058,-6.0163,0.0,Zamorano J. et al. (2019). TESS-W sky brightness network. Zenodo monthly archives. https://zenodo.org/records/3378728. CC0 1.0.,TESS station stars66; photometric inflection method; night median MSAS=17.79; MSAS at inflection=19.49; depression=15.78°; smoothing=5-pt median; dark rows=728
fajr,2018-11-26,06:27,0,39.78058,-6.0163,0.0,Zamorano J. et al. (2019). TESS-W sky brightness network. Zenodo monthly archives. https://zenodo.org/records/3378728. CC0 1.0.,TESS station stars66; photometric inflection method; night median MSAS=17.79; MSAS at inflection=16.80; depression=10.23°; smoothing=5-pt median; dark rows=728
isha,2018-11-26,18:01,0,39.78058,-6.0163,0.0,Zamorano J. et al. (2019). TESS-W sky brightness network. Zenodo monthly archives. https://zenodo.org/records/3378728. CC0 1.0.,TESS station stars66; photometric inflection method; night median MSAS=18.11; MSAS at inflection=19.26; depression=11.45°; smoothing=5-pt median; dark rows=717
fajr,2018-11-27,06:41,0,39.78058,-6.0163,0.0,Zamorano J. et al. (2019). TESS-W sky brightness network. Zenodo monthly archives. https://zenodo.org/records/3378728. CC0 1.0.,TESS station stars66; photometric inflection method; night median MSAS=18.11; MSAS at inflection=15.73; depression=7.86°; smoothing=5-pt median; dark rows=717
isha,2018-11-27,18:05,0,39.78058,-6.0163,0.0,Zamorano J. et al. (2019). TESS-W sky brightness network. Zenodo monthly archives. https://zenodo.org/records/3378728. CC0 1.0.,TESS station stars66; photometric inflection method; night median MSAS=19.67; MSAS at inflection=19.54; depression=12.24°; smoothing=5-pt median; dark rows=750
fajr,2018-11-28,06:25,0,39.78058,-6.0163,0.0,Zamorano J. et al. (2019). TESS-W sky brightness network. Zenodo monthly archives. https://zenodo.org/records/3378728. CC0 1.0.,TESS station stars66; photometric inflection method; night median MSAS=19.67; MSAS at inflection=17.86; depression=10.97°; smoothing=5-pt median; dark rows=750
isha,2018-11-29,18:43,0,39.78058,-6.0163,0.0,Zamorano J. et al. (2019). TESS-W sky brightness network. Zenodo monthly archives. https://zenodo.org/records/3378728. CC0 1.0.,TESS station stars66; photometric inflection method; night median MSAS=19.55; MSAS at inflection=20.17; depression=19.39°; smoothing=5-pt median; dark rows=745
isha,2018-11-02,18:25,0,42.81732,-1.64543,0.0,Zamorano J. et al. (2019). TESS-W sky brightness network. Zenodo monthly archives. https://zenodo.org/records/3378728. CC0 1.0.,TESS station stars7; photometric inflection method; night median MSAS=18.40; MSAS at inflection=17.32; depression=16.54°; smoothing=5-pt median; dark rows=662
fajr,2018-11-03,06:00,0,42.81732,-1.64543,0.0,Zamorano J. et al. (2019). TESS-W sky brightness network. Zenodo monthly archives. https://zenodo.org/records/3378728. CC0 1.0.,TESS station stars7; photometric inflection method; night median MSAS=18.40; MSAS at inflection=16.09; depression=8.31°; smoothing=5-pt median; dark rows=662
isha,2018-11-03,17:46,0,42.81732,-1.64543,0.0,Zamorano J. et al. (2019). TESS-W sky brightness network. Zenodo monthly archives. https://zenodo.org/records/3378728. CC0 1.0.,TESS station stars7; photometric inflection method; night median MSAS=18.72; MSAS at inflection=16.94; depression=9.62°; smoothing=5-pt median; dark rows=658
fajr,2018-11-04,05:49,0,42.81732,-1.64543,0.0,Zamorano J. et al. (2019). TESS-W sky brightness network. Zenodo monthly archives. https://zenodo.org/records/3378728. CC0 1.0.,TESS station stars7; photometric inflection method; night median MSAS=18.72; MSAS at inflection=18.15; depression=10.58°; smoothing=5-pt median; dark rows=658
isha,2018-11-07,18:42,0,42.81732,-1.64543,0.0,Zamorano J. et al. (2019). TESS-W sky brightness network. Zenodo monthly archives. https://zenodo.org/records/3378728. CC0 1.0.,TESS station stars7; photometric inflection method; night median MSAS=18.29; MSAS at inflection=16.66; depression=20.57°; smoothing=5-pt median; dark rows=662
fajr,2018-11-08,05:41,0,42.81732,-1.64543,0.0,Zamorano J. et al. (2019). TESS-W sky brightness network. Zenodo monthly archives. https://zenodo.org/records/3378728. CC0 1.0.,TESS station stars7; photometric inflection method; night median MSAS=18.29; MSAS at inflection=16.31; depression=12.82°; smoothing=5-pt median; dark rows=662
fajr,2018-11-14,06:05,0,42.81732,-1.64543,0.0,Zamorano J. et al. (2019). TESS-W sky brightness network. Zenodo monthly archives. https://zenodo.org/records/3378728. CC0 1.0.,TESS station stars7; photometric inflection method; night median MSAS=17.60; MSAS at inflection=15.23; depression=9.77°; smoothing=5-pt median; dark rows=685
isha,2018-11-15,18:02,0,42.81732,-1.64543,0.0,Zamorano J. et al. (2019). TESS-W sky brightness network. Zenodo monthly archives. https://zenodo.org/records/3378728. CC0 1.0.,TESS station stars7; photometric inflection method; night median MSAS=17.77; MSAS at inflection=16.57; depression=14.60°; smoothing=5-pt median; dark rows=686
isha,2018-11-16,17:26,0,42.81732,-1.64543,0.0,Zamorano J. et al. (2019). TESS-W sky brightness network. Zenodo monthly archives. https://zenodo.org/records/3378728. CC0 1.0.,TESS station stars7; photometric inflection method; night median MSAS=17.91; MSAS at inflection=16.13; depression=8.29°; smoothing=5-pt median; dark rows=686
fajr,2018-11-17,05:13,0,42.81732,-1.64543,0.0,Zamorano J. et al. (2019). TESS-W sky brightness network. Zenodo monthly archives. https://zenodo.org/records/3378728. CC0 1.0.,TESS station stars7; photometric inflection method; night median MSAS=17.91; MSAS at inflection=16.94; depression=19.54°; smoothing=5-pt median; dark rows=686
isha,2018-11-21,17:34,0,42.81732,-1.64543,0.0,Zamorano J. et al. (2019). TESS-W sky brightness network. Zenodo monthly archives. https://zenodo.org/records/3378728. CC0 1.0.,TESS station stars7; photometric inflection method; night median MSAS=17.66; MSAS at inflection=17.25; depression=10.32°; smoothing=5-pt median; dark rows=700
fajr,2018-11-22,06:23,0,42.81732,-1.64543,0.0,Zamorano J. et al. (2019). TESS-W sky brightness network. Zenodo monthly archives. https://zenodo.org/records/3378728. CC0 1.0.,TESS station stars7; photometric inflection method; night median MSAS=17.66; MSAS at inflection=16.30; depression=8.08°; smoothing=5-pt median; dark rows=700
isha,2018-11-28,17:28,0,42.81732,-1.64543,0.0,Zamorano J. et al. (2019). TESS-W sky brightness network. Zenodo monthly archives. https://zenodo.org/records/3378728. CC0 1.0.,TESS station stars7; photometric inflection method; night median MSAS=18.02; MSAS at inflection=17.27; depression=9.88°; smoothing=5-pt median; dark rows=692
fajr,2018-11-29,06:22,0,42.81732,-1.64543,0.0,Zamorano J. et al. (2019). TESS-W sky brightness network. Zenodo monthly archives. https://zenodo.org/records/3378728. CC0 1.0.,TESS station stars7; photometric inflection method; night median MSAS=18.02; MSAS at inflection=17.18; depression=9.53°; smoothing=5-pt median; dark rows=692
isha,2018-11-30,18:23,0,42.81732,-1.64543,0.0,Zamorano J. et al. (2019). TESS-W sky brightness network. Zenodo monthly archives. https://zenodo.org/records/3378728. CC0 1.0.,TESS station stars7; photometric inflection method; night median MSAS=17.51; MSAS at inflection=16.18; depression=19.61°; smoothing=5-pt median; dark rows=358
fajr,2018-11-03,05:07,-1,28.525838,-14.005069,0.0,Zamorano J. et al. (2019). TESS-W sky brightness network. Zenodo monthly archives. https://zenodo.org/records/3378728. CC0 1.0.,TESS station stars70; photometric inflection method; night median MSAS=21.30; MSAS at inflection=20.29; depression=14.05°; smoothing=5-pt median; dark rows=674
isha,2018-11-05,18:01,-1,28.525838,-14.005069,0.0,Zamorano J. et al. (2019). TESS-W sky brightness network. Zenodo monthly archives. https://zenodo.org/records/3378728. CC0 1.0.,TESS station stars70; photometric inflection method; night median MSAS=21.01; MSAS at inflection=19.23; depression=12.08°; smoothing=5-pt median; dark rows=684
fajr,2018-11-06,05:05,-1,28.525838,-14.005069,0.0,Zamorano J. et al. (2019). TESS-W sky brightness network. Zenodo monthly archives. https://zenodo.org/records/3378728. CC0 1.0.,TESS station stars70; photometric inflection method; night median MSAS=21.01; MSAS at inflection=20.92; depression=14.96°; smoothing=5-pt median; dark rows=684
isha,2018-11-06,18:01,-1,28.525838,-14.005069,0.0,Zamorano J. et al. (2019). TESS-W sky brightness network. Zenodo monthly archives. https://zenodo.org/records/3378728. CC0 1.0.,TESS station stars70; photometric inflection method; night median MSAS=20.70; MSAS at inflection=18.97; depression=12.25°; smoothing=5-pt median; dark rows=638
isha,2018-11-07,18:03,-1,28.525838,-14.005069,0.0,Zamorano J. et al. (2019). TESS-W sky brightness network. Zenodo monthly archives. https://zenodo.org/records/3378728. CC0 1.0.,TESS station stars70; photometric inflection method; night median MSAS=20.84; MSAS at inflection=19.29; depression=12.76°; smoothing=5-pt median; dark rows=688
fajr,2018-11-08,05:20,-1,28.525838,-14.005069,0.0,Zamorano J. et al. (2019). TESS-W sky brightness network. Zenodo monthly archives. https://zenodo.org/records/3378728. CC0 1.0.,TESS station stars70; photometric inflection method; night median MSAS=20.84; MSAS at inflection=19.24; depression=12.04°; smoothing=5-pt median; dark rows=688
isha,2018-11-11,18:04,-1,28.525838,-14.005069,0.0,Zamorano J. et al. (2019). TESS-W sky brightness network. Zenodo monthly archives. https://zenodo.org/records/3378728. CC0 1.0.,TESS station stars70; photometric inflection method; night median MSAS=21.12; MSAS at inflection=20.20; depression=13.54°; smoothing=5-pt median; dark rows=686
fajr,2018-11-12,05:04,-1,28.525838,-14.005069,0.0,Zamorano J. et al. (2019). TESS-W sky brightness network. Zenodo monthly archives. https://zenodo.org/records/3378728. CC0 1.0.,TESS station stars70; photometric inflection method; night median MSAS=21.12; MSAS at inflection=20.56; depression=15.87°; smoothing=5-pt median; dark rows=686
isha,2018-11-13,17:56,-1,28.525838,-14.005069,0.0,Zamorano J. et al. (2019). TESS-W sky brightness network. Zenodo monthly archives. https://zenodo.org/records/3378728. CC0 1.0.,TESS station stars70; photometric inflection method; night median MSAS=21.00; MSAS at inflection=18.74; depression=11.94°; smoothing=5-pt median; dark rows=690
isha,2018-11-18,17:38,-1,28.525838,-14.005069,0.0,Zamorano J. et al. (2019). TESS-W sky brightness network. Zenodo monthly archives. https://zenodo.org/records/3378728. CC0 1.0.,TESS station stars70; photometric inflection method; night median MSAS=18.09; MSAS at inflection=17.26; depression=8.63°; smoothing=5-pt median; dark rows=652
isha,2018-11-19,18:25,-1,28.525838,-14.005069,0.0,Zamorano J. et al. (2019). TESS-W sky brightness network. Zenodo monthly archives. https://zenodo.org/records/3378728. CC0 1.0.,TESS station stars70; photometric inflection method; night median MSAS=18.70; MSAS at inflection=18.86; depression=18.48°; smoothing=5-pt median; dark rows=656
isha,2018-11-20,17:50,-1,28.525838,-14.005069,0.0,Zamorano J. et al. (2019). TESS-W sky brightness network. Zenodo monthly archives. https://zenodo.org/records/3378728. CC0 1.0.,TESS station stars70; photometric inflection method; night median MSAS=17.77; MSAS at inflection=17.88; depression=11.19°; smoothing=5-pt median; dark rows=78
isha,2018-11-23,17:58,-1,28.525838,-14.005069,0.0,Zamorano J. et al. (2019). TESS-W sky brightness network. Zenodo monthly archives. https://zenodo.org/records/3378728. CC0 1.0.,TESS station stars70; photometric inflection method; night median MSAS=19.19; MSAS at inflection=19.34; depression=12.98°; smoothing=5-pt median; dark rows=68
fajr,2018-11-23,18:07,-1,28.525838,-14.005069,0.0,Zamorano J. et al. (2019). TESS-W sky brightness network. Zenodo monthly archives. https://zenodo.org/records/3378728. CC0 1.0.,TESS station stars70; photometric inflection method; night median MSAS=19.19; MSAS at inflection=19.53; depression=14.88°; smoothing=5-pt median; dark rows=68
fajr,2018-11-26,05:25,-1,28.525838,-14.005069,0.0,Zamorano J. et al. (2019). TESS-W sky brightness network. Zenodo monthly archives. https://zenodo.org/records/3378728. CC0 1.0.,TESS station stars70; photometric inflection method; night median MSAS=18.50; MSAS at inflection=16.29; depression=13.59°; smoothing=5-pt median; dark rows=657
isha,2018-11-28,17:45,-1,28.525838,-14.005069,0.0,Zamorano J. et al. (2019). TESS-W sky brightness network. Zenodo monthly archives. https://zenodo.org/records/3378728. CC0 1.0.,TESS station stars70; photometric inflection method; night median MSAS=19.46; MSAS at inflection=17.69; depression=10.41°; smoothing=5-pt median; dark rows=644
isha,2018-11-29,18:28,-1,28.525838,-14.005069,0.0,Zamorano J. et al. (2019). TESS-W sky brightness network. Zenodo monthly archives. https://zenodo.org/records/3378728. CC0 1.0.,TESS station stars70; photometric inflection method; night median MSAS=19.91; MSAS at inflection=21.12; depression=19.36°; smoothing=5-pt median; dark rows=689
fajr,2018-11-02,05:09,0,43.568147,1.327194,0.0,Zamorano J. et al. (2019). TESS-W sky brightness network. Zenodo monthly archives. https://zenodo.org/records/3378728. CC0 1.0.,TESS station stars71; photometric inflection method; night median MSAS=17.64; MSAS at inflection=16.15; depression=15.23°; smoothing=5-pt median; dark rows=135
isha,2018-11-02,17:36,0,43.568147,1.327194,0.0,Zamorano J. et al. (2019). TESS-W sky brightness network. Zenodo monthly archives. https://zenodo.org/records/3378728. CC0 1.0.,TESS station stars71; photometric inflection method; night median MSAS=19.22; MSAS at inflection=17.73; depression=9.82°; smoothing=5-pt median; dark rows=671
fajr,2018-11-03,05:24,0,43.568147,1.327194,0.0,Zamorano J. et al. (2019). TESS-W sky brightness network. Zenodo monthly archives. https://zenodo.org/records/3378728. CC0 1.0.,TESS station stars71; photometric inflection method; night median MSAS=19.22; MSAS at inflection=17.37; depression=12.67°; smoothing=5-pt median; dark rows=671
fajr,2018-11-04,05:42,0,43.568147,1.327194,0.0,Zamorano J. et al. (2019). TESS-W sky brightness network. Zenodo monthly archives. https://zenodo.org/records/3378728. CC0 1.0.,TESS station stars71; photometric inflection method; night median MSAS=18.24; MSAS at inflection=16.84; depression=9.81°; smoothing=5-pt median; dark rows=569
fajr,2018-11-05,05:42,0,43.568147,1.327194,0.0,Zamorano J. et al. (2019). TESS-W sky brightness network. Zenodo monthly archives. https://zenodo.org/records/3378728. CC0 1.0.,TESS station stars71; photometric inflection method; night median MSAS=18.83; MSAS at inflection=17.38; depression=10.01°; smoothing=5-pt median; dark rows=587
isha,2018-11-06,17:22,0,43.568147,1.327194,0.0,Zamorano J. et al. (2019). TESS-W sky brightness network. Zenodo monthly archives. https://zenodo.org/records/3378728. CC0 1.0.,TESS station stars71; photometric inflection method; night median MSAS=17.99; MSAS at inflection=16.32; depression=8.21°; smoothing=5-pt median; dark rows=609
fajr,2018-11-07,05:56,0,43.568147,1.327194,0.0,Zamorano J. et al. (2019). TESS-W sky brightness network. Zenodo monthly archives. https://zenodo.org/records/3378728. CC0 1.0.,TESS station stars71; photometric inflection method; night median MSAS=17.99; MSAS at inflection=16.20; depression=7.99°; smoothing=5-pt median; dark rows=609
isha,2018-11-07,17:28,0,43.568147,1.327194,0.0,Zamorano J. et al. (2019). TESS-W sky brightness network. Zenodo monthly archives. https://zenodo.org/records/3378728. CC0 1.0.,TESS station stars71; photometric inflection method; night median MSAS=17.51; MSAS at inflection=16.40; depression=9.49°; smoothing=5-pt median; dark rows=522
isha,2018-11-09,17:23,0,43.568147,1.327194,0.0,Zamorano J. et al. (2019). TESS-W sky brightness network. Zenodo monthly archives. https://zenodo.org/records/3378728. CC0 1.0.,TESS station stars71; photometric inflection method; night median MSAS=17.61; MSAS at inflection=16.99; depression=8.90°; smoothing=5-pt median; dark rows=686
fajr,2018-11-10,05:08,0,43.568147,1.327194,0.0,Zamorano J. et al. (2019). TESS-W sky brightness network. Zenodo monthly archives. https://zenodo.org/records/3378728. CC0 1.0.,TESS station stars71; photometric inflection method; night median MSAS=17.61; MSAS at inflection=18.00; depression=17.09°; smoothing=5-pt median; dark rows=686
isha,2018-11-10,18:20,0,43.568147,1.327194,0.0,Zamorano J. et al. (2019). TESS-W sky brightness network. Zenodo monthly archives. https://zenodo.org/records/3378728. CC0 1.0.,TESS station stars71; photometric inflection method; night median MSAS=17.63; MSAS at inflection=16.92; depression=19.22°; smoothing=5-pt median; dark rows=578
fajr,2018-11-11,04:44,0,43.568147,1.327194,0.0,Zamorano J. et al. (2019). TESS-W sky brightness network. Zenodo monthly archives. https://zenodo.org/records/3378728. CC0 1.0.,TESS station stars71; photometric inflection method; night median MSAS=17.63; MSAS at inflection=18.66; depression=21.60°; smoothing=5-pt median; dark rows=578
fajr,2018-11-17,06:00,0,43.568147,1.327194,0.0,Zamorano J. et al. (2019). TESS-W sky brightness network. Zenodo monthly archives. https://zenodo.org/records/3378728. CC0 1.0.,TESS station stars71; photometric inflection method; night median MSAS=18.61; MSAS at inflection=17.37; depression=9.34°; smoothing=5-pt median; dark rows=639
fajr,2018-11-18,06:05,0,43.568147,1.327194,0.0,Zamorano J. et al. (2019). TESS-W sky brightness network. Zenodo monthly archives. https://zenodo.org/records/3378728. CC0 1.0.,TESS station stars71; photometric inflection method; night median MSAS=17.86; MSAS at inflection=15.89; depression=8.58°; smoothing=5-pt median; dark rows=606
fajr,2018-11-19,06:02,0,43.568147,1.327194,0.0,Zamorano J. et al. (2019). TESS-W sky brightness network. Zenodo monthly archives. https://zenodo.org/records/3378728. CC0 1.0.,TESS station stars71; photometric inflection method; night median MSAS=18.76; MSAS at inflection=16.60; depression=9.42°; smoothing=5-pt median; dark rows=668
isha,2018-11-21,17:06,0,43.568147,1.327194,0.0,Zamorano J. et al. (2019). TESS-W sky brightness network. Zenodo monthly archives. https://zenodo.org/records/3378728. CC0 1.0.,TESS station stars71; photometric inflection method; night median MSAS=17.72; MSAS at inflection=15.52; depression=7.74°; smoothing=5-pt median; dark rows=532
fajr,2018-11-23,18:15,0,43.568147,1.327194,0.0,Zamorano J. et al. (2019). TESS-W sky brightness network. Zenodo monthly archives. https://zenodo.org/records/3378728. CC0 1.0.,TESS station stars71; photometric inflection method; night median MSAS=18.24; MSAS at inflection=18.33; depression=20.02°; smoothing=5-pt median; dark rows=133
isha,2018-11-27,18:18,0,43.568147,1.327194,0.0,Zamorano J. et al. (2019). TESS-W sky brightness network. Zenodo monthly archives. https://zenodo.org/records/3378728. CC0 1.0.,TESS station stars71; photometric inflection method; night median MSAS=17.54; MSAS at inflection=17.91; depression=20.91°; smoothing=5-pt median; dark rows=706
fajr,2018-11-28,06:09,0,43.568147,1.327194,0.0,Zamorano J. et al. (2019). TESS-W sky brightness network. Zenodo monthly archives. https://zenodo.org/records/3378728. CC0 1.0.,TESS station stars71; photometric inflection method; night median MSAS=17.54; MSAS at inflection=15.84; depression=9.77°; smoothing=5-pt median; dark rows=706
isha,2018-11-30,17:58,0,43.568147,1.327194,0.0,Zamorano J. et al. (2019). TESS-W sky brightness network. Zenodo monthly archives. https://zenodo.org/records/3378728. CC0 1.0.,TESS station stars71; photometric inflection method; night median MSAS=18.20; MSAS at inflection=16.94; depression=17.39°; smoothing=5-pt median; dark rows=213
isha,2018-11-02,17:30,0,47.891148,1.918363,0.0,Zamorano J. et al. (2019). TESS-W sky brightness network. Zenodo monthly archives. https://zenodo.org/records/3378728. CC0 1.0.,TESS station stars72; photometric inflection method; night median MSAS=18.96; MSAS at inflection=17.27; depression=10.16°; smoothing=5-pt median; dark rows=668
fajr,2018-11-09,06:02,0,47.891148,1.918363,0.0,Zamorano J. et al. (2019). TESS-W sky brightness network. Zenodo monthly archives. https://zenodo.org/records/3378728. CC0 1.0.,TESS station stars72; photometric inflection method; night median MSAS=18.02; MSAS at inflection=16.52; depression=8.18°; smoothing=5-pt median; dark rows=677
isha,2018-11-11,17:52,0,42.71167,-1.86509,0.0,Zamorano J. et al. (2019). TESS-W sky brightness network. Zenodo monthly archives. https://zenodo.org/records/3378728. CC0 1.0.,TESS station stars8; photometric inflection method; night median MSAS=19.87; MSAS at inflection=19.07; depression=12.01°; smoothing=5-pt median; dark rows=710
isha,2018-11-13,17:48,0,42.71167,-1.86509,0.0,Zamorano J. et al. (2019). TESS-W sky brightness network. Zenodo monthly archives. https://zenodo.org/records/3378728. CC0 1.0.,TESS station stars8; photometric inflection method; night median MSAS=21.00; MSAS at inflection=19.04; depression=11.53°; smoothing=5-pt median; dark rows=728
isha,2018-11-14,17:46,0,42.71167,-1.86509,0.0,Zamorano J. et al. (2019). TESS-W sky brightness network. Zenodo monthly archives. https://zenodo.org/records/3378728. CC0 1.0.,TESS station stars8; photometric inflection method; night median MSAS=20.45; MSAS at inflection=18.35; depression=11.32°; smoothing=5-pt median; dark rows=741
fajr,2018-11-17,06:04,0,42.71167,-1.86509,0.0,Zamorano J. et al. (2019). TESS-W sky brightness network. Zenodo monthly archives. https://zenodo.org/records/3378728. CC0 1.0.,TESS station stars8; photometric inflection method; night median MSAS=20.49; MSAS at inflection=18.98; depression=10.58°; smoothing=5-pt median; dark rows=730
fajr,2018-11-18,05:36,0,42.71167,-1.86509,0.0,Zamorano J. et al. (2019). TESS-W sky brightness network. Zenodo monthly archives. https://zenodo.org/records/3378728. CC0 1.0.,TESS station stars8; photometric inflection method; night median MSAS=20.55; MSAS at inflection=22.10; depression=15.84°; smoothing=5-pt median; dark rows=689
fajr,2018-11-19,05:45,0,42.71167,-1.86509,0.0,Zamorano J. et al. (2019). TESS-W sky brightness network. Zenodo monthly archives. https://zenodo.org/records/3378728. CC0 1.0.,TESS station stars8; photometric inflection method; night median MSAS=18.64; MSAS at inflection=19.86; depression=14.38°; smoothing=5-pt median; dark rows=740
isha,2018-11-19,18:08,0,42.71167,-1.86509,0.0,Zamorano J. et al. (2019). TESS-W sky brightness network. Zenodo monthly archives. https://zenodo.org/records/3378728. CC0 1.0.,TESS station stars8; photometric inflection method; night median MSAS=17.94; MSAS at inflection=17.46; depression=15.88°; smoothing=5-pt median; dark rows=376
isha,2018-11-21,18:32,0,42.71167,-1.86509,0.0,Zamorano J. et al. (2019). TESS-W sky brightness network. Zenodo monthly archives. https://zenodo.org/records/3378728. CC0 1.0.,TESS station stars8; photometric inflection method; night median MSAS=18.00; MSAS at inflection=17.51; depression=20.42°; smoothing=5-pt median; dark rows=745
fajr,2018-11-22,06:13,0,42.71167,-1.86509,0.0,Zamorano J. et al. (2019). TESS-W sky brightness network. Zenodo monthly archives. https://zenodo.org/records/3378728. CC0 1.0.,TESS station stars8; photometric inflection method; night median MSAS=18.00; MSAS at inflection=18.45; depression=10.07°; smoothing=5-pt median; dark rows=745
fajr,2018-11-23,18:20,0,42.71167,-1.86509,0.0,Zamorano J. et al. (2019). TESS-W sky brightness network. Zenodo monthly archives. https://zenodo.org/records/3378728. CC0 1.0.,TESS station stars8; photometric inflection method; night median MSAS=19.00; MSAS at inflection=19.22; depression=18.48°; smoothing=5-pt median; dark rows=136
fajr,2018-11-03,05:55,0,43.34756,-4.059549,0.0,Zamorano J. et al. (2019). TESS-W sky brightness network. Zenodo monthly archives. https://zenodo.org/records/3378728. CC0 1.0.,TESS station stars81; photometric inflection method; night median MSAS=18.69; MSAS at inflection=18.16; depression=11.00°; smoothing=5-pt median; dark rows=710
isha,2018-11-03,17:51,0,43.34756,-4.059549,0.0,Zamorano J. et al. (2019). TESS-W sky brightness network. Zenodo monthly archives. https://zenodo.org/records/3378728. CC0 1.0.,TESS station stars81; photometric inflection method; night median MSAS=18.56; MSAS at inflection=16.64; depression=8.82°; smoothing=5-pt median; dark rows=714
fajr,2018-11-04,05:06,0,43.34756,-4.059549,0.0,Zamorano J. et al. (2019). TESS-W sky brightness network. Zenodo monthly archives. https://zenodo.org/records/3378728. CC0 1.0.,TESS station stars81; photometric inflection method; night median MSAS=18.56; MSAS at inflection=18.57; depression=20.16°; smoothing=5-pt median; dark rows=714
isha,2018-11-07,17:52,0,43.34756,-4.059549,0.0,Zamorano J. et al. (2019). TESS-W sky brightness network. Zenodo monthly archives. https://zenodo.org/records/3378728. CC0 1.0.,TESS station stars81; photometric inflection method; night median MSAS=18.30; MSAS at inflection=16.54; depression=9.87°; smoothing=5-pt median; dark rows=716
fajr,2018-11-08,06:18,0,43.34756,-4.059549,0.0,Zamorano J. et al. (2019). TESS-W sky brightness network. Zenodo monthly archives. https://zenodo.org/records/3378728. CC0 1.0.,TESS station stars81; photometric inflection method; night median MSAS=18.30; MSAS at inflection=15.92; depression=8.04°; smoothing=5-pt median; dark rows=716
fajr,2018-11-11,05:06,0,43.34756,-4.059549,0.0,Zamorano J. et al. (2019). TESS-W sky brightness network. Zenodo monthly archives. https://zenodo.org/records/3378728. CC0 1.0.,TESS station stars81; photometric inflection method; night median MSAS=18.60; MSAS at inflection=17.80; depression=21.48°; smoothing=5-pt median; dark rows=730
isha,2018-11-15,18:45,0,43.34756,-4.059549,0.0,Zamorano J. et al. (2019). TESS-W sky brightness network. Zenodo monthly archives. https://zenodo.org/records/3378728. CC0 1.0.,TESS station stars81; photometric inflection method; night median MSAS=18.51; MSAS at inflection=18.11; depression=20.65°; smoothing=5-pt median; dark rows=691
isha,2018-11-16,18:04,0,43.34756,-4.059549,0.0,Zamorano J. et al. (2019). TESS-W sky brightness network. Zenodo monthly archives. https://zenodo.org/records/3378728. CC0 1.0.,TESS station stars81; photometric inflection method; night median MSAS=18.48; MSAS at inflection=17.91; depression=13.40°; smoothing=5-pt median; dark rows=742
fajr,2018-11-17,05:48,0,43.34756,-4.059549,0.0,Zamorano J. et al. (2019). TESS-W sky brightness network. Zenodo monthly archives. https://zenodo.org/records/3378728. CC0 1.0.,TESS station stars81; photometric inflection method; night median MSAS=18.48; MSAS at inflection=18.66; depression=15.19°; smoothing=5-pt median; dark rows=742
isha,2018-11-23,18:04,0,43.34756,-4.059549,0.0,Zamorano J. et al. (2019). TESS-W sky brightness network. Zenodo monthly archives. https://zenodo.org/records/3378728. CC0 1.0.,TESS station stars81; photometric inflection method; night median MSAS=17.86; MSAS at inflection=17.93; depression=14.12°; smoothing=5-pt median; dark rows=102
fajr,2018-11-23,18:37,0,43.34756,-4.059549,0.0,Zamorano J. et al. (2019). TESS-W sky brightness network. Zenodo monthly archives. https://zenodo.org/records/3378728. CC0 1.0.,TESS station stars81; photometric inflection method; night median MSAS=17.86; MSAS at inflection=17.56; depression=19.99°; smoothing=5-pt median; dark rows=102
isha,2018-11-27,17:22,0,43.34756,-4.059549,0.0,Zamorano J. et al. (2019). TESS-W sky brightness network. Zenodo monthly archives. https://zenodo.org/records/3378728. CC0 1.0.,TESS station stars81; photometric inflection method; night median MSAS=17.57; MSAS at inflection=15.17; depression=7.23°; smoothing=5-pt median; dark rows=760
isha,2018-11-28,18:18,0,43.34756,-4.059549,0.0,Zamorano J. et al. (2019). TESS-W sky brightness network. Zenodo monthly archives. https://zenodo.org/records/3378728. CC0 1.0.,TESS station stars81; photometric inflection method; night median MSAS=17.88; MSAS at inflection=18.24; depression=17.08°; smoothing=5-pt median; dark rows=747
fajr,2018-11-29,06:20,0,43.34756,-4.059549,0.0,Zamorano J. et al. (2019). TESS-W sky brightness network. Zenodo monthly archives. https://zenodo.org/records/3378728. CC0 1.0.,TESS station stars81; photometric inflection method; night median MSAS=17.88; MSAS at inflection=17.40; depression=11.76°; smoothing=5-pt median; dark rows=747
isha,2018-11-02,17:56,0,40.45098,-3.726072,0.0,Zamorano J. et al. (2019). TESS-W sky brightness network. Zenodo monthly archives. https://zenodo.org/records/3378728. CC0 1.0.,TESS station stars85; photometric inflection method; night median MSAS=18.09; MSAS at inflection=16.57; depression=9.25°; smoothing=5-pt median; dark rows=1406
isha,2018-11-03,17:55,0,40.45098,-3.726072,0.0,Zamorano J. et al. (2019). TESS-W sky brightness network. Zenodo monthly archives. https://zenodo.org/records/3378728. CC0 1.0.,TESS station stars85; photometric inflection method; night median MSAS=18.51; MSAS at inflection=16.93; depression=9.23°; smoothing=5-pt median; dark rows=1422
fajr,2018-11-04,05:08,0,40.45098,-3.726072,0.0,Zamorano J. et al. (2019). TESS-W sky brightness network. Zenodo monthly archives. https://zenodo.org/records/3378728. CC0 1.0.,TESS station stars85; photometric inflection method; night median MSAS=18.51; MSAS at inflection=18.49; depression=19.28°; smoothing=5-pt median; dark rows=1422
isha,2018-11-13,18:21,0,40.45098,-3.726072,0.0,Zamorano J. et al. (2019). TESS-W sky brightness network. Zenodo monthly archives. https://zenodo.org/records/3378728. CC0 1.0.,TESS station stars85; photometric inflection method; night median MSAS=17.56; MSAS at inflection=17.68; depression=15.71°; smoothing=5-pt median; dark rows=1442
fajr,2018-11-14,06:15,0,40.45098,-3.726072,0.0,Zamorano J. et al. (2019). TESS-W sky brightness network. Zenodo monthly archives. https://zenodo.org/records/3378728. CC0 1.0.,TESS station stars85; photometric inflection method; night median MSAS=17.56; MSAS at inflection=17.01; depression=8.75°; smoothing=5-pt median; dark rows=1442
isha,2018-11-27,18:41,0,40.45098,-3.726072,0.0,Zamorano J. et al. (2019). TESS-W sky brightness network. Zenodo monthly archives. https://zenodo.org/records/3378728. CC0 1.0.,TESS station stars85; photometric inflection method; night median MSAS=17.82; MSAS at inflection=17.78; depression=20.73°; smoothing=5-pt median; dark rows=1497
isha,2018-11-28,17:31,0,40.45098,-3.726072,0.0,Zamorano J. et al. (2019). TESS-W sky brightness network. Zenodo monthly archives. https://zenodo.org/records/3378728. CC0 1.0.,TESS station stars85; photometric inflection method; night median MSAS=17.96; MSAS at inflection=15.61; depression=7.98°; smoothing=5-pt median; dark rows=1512
fajr,2018-11-29,06:11,0,40.45098,-3.726072,0.0,Zamorano J. et al. (2019). TESS-W sky brightness network. Zenodo monthly archives. https://zenodo.org/records/3378728. CC0 1.0.,TESS station stars85; photometric inflection method; night median MSAS=17.96; MSAS at inflection=17.63; depression=12.17°; smoothing=5-pt median; dark rows=1512
fajr,2018-11-02,04:18,1,64.209031,18.849575,0.0,Zamorano J. et al. (2019). TESS-W sky brightness network. Zenodo monthly archives. https://zenodo.org/records/3378728. CC0 1.0.,TESS station stars86; photometric inflection method; night median MSAS=21.12; MSAS at inflection=19.45; depression=20.72°; smoothing=5-pt median; dark rows=698
fajr,2018-11-03,05:24,1,64.209031,18.849575,0.0,Zamorano J. et al. (2019). TESS-W sky brightness network. Zenodo monthly archives. https://zenodo.org/records/3378728. CC0 1.0.,TESS station stars86; photometric inflection method; night median MSAS=21.00; MSAS at inflection=20.53; depression=13.90°; smoothing=5-pt median; dark rows=771
isha,2018-11-03,18:29,1,64.209031,18.849575,0.0,Zamorano J. et al. (2019). TESS-W sky brightness network. Zenodo monthly archives. https://zenodo.org/records/3378728. CC0 1.0.,TESS station stars86; photometric inflection method; night median MSAS=21.28; MSAS at inflection=21.35; depression=20.29°; smoothing=5-pt median; dark rows=740
fajr,2018-11-04,04:13,1,64.209031,18.849575,0.0,Zamorano J. et al. (2019). TESS-W sky brightness network. Zenodo monthly archives. https://zenodo.org/records/3378728. CC0 1.0.,TESS station stars86; photometric inflection method; night median MSAS=21.28; MSAS at inflection=20.70; depression=21.82°; smoothing=5-pt median; dark rows=740
isha,2018-11-05,17:00,1,64.209031,18.849575,0.0,Zamorano J. et al. (2019). TESS-W sky brightness network. Zenodo monthly archives. https://zenodo.org/records/3378728. CC0 1.0.,TESS station stars86; photometric inflection method; night median MSAS=20.44; MSAS at inflection=19.26; depression=11.17°; smoothing=5-pt median; dark rows=771
fajr,2018-11-07,05:29,1,64.209031,18.849575,0.0,Zamorano J. et al. (2019). TESS-W sky brightness network. Zenodo monthly archives. https://zenodo.org/records/3378728. CC0 1.0.,TESS station stars86; photometric inflection method; night median MSAS=20.91; MSAS at inflection=20.94; depression=14.51°; smoothing=5-pt median; dark rows=777
fajr,2018-11-09,05:54,1,64.209031,18.849575,0.0,Zamorano J. et al. (2019). TESS-W sky brightness network. Zenodo monthly archives. https://zenodo.org/records/3378728. CC0 1.0.,TESS station stars86; photometric inflection method; night median MSAS=21.07; MSAS at inflection=20.39; depression=12.37°; smoothing=5-pt median; dark rows=685
isha,2018-11-11,16:55,1,64.209031,18.849575,0.0,Zamorano J. et al. (2019). TESS-W sky brightness network. Zenodo monthly archives. https://zenodo.org/records/3378728. CC0 1.0.,TESS station stars86; photometric inflection method; night median MSAS=21.33; MSAS at inflection=20.45; depression=12.15°; smoothing=5-pt median; dark rows=781
fajr,2018-11-14,05:04,1,64.209031,18.849575,0.0,Zamorano J. et al. (2019). TESS-W sky brightness network. Zenodo monthly archives. https://zenodo.org/records/3378728. CC0 1.0.,TESS station stars86; photometric inflection method; night median MSAS=21.22; MSAS at inflection=21.42; depression=18.95°; smoothing=5-pt median; dark rows=658
isha,2018-11-15,17:13,1,64.209031,18.849575,0.0,Zamorano J. et al. (2019). TESS-W sky brightness network. Zenodo monthly archives. https://zenodo.org/records/3378728. CC0 1.0.,TESS station stars86; photometric inflection method; night median MSAS=21.28; MSAS at inflection=20.65; depression=14.94°; smoothing=5-pt median; dark rows=752
fajr,2018-11-16,06:20,1,64.209031,18.849575,0.0,Zamorano J. et al. (2019). TESS-W sky brightness network. Zenodo monthly archives. https://zenodo.org/records/3378728. CC0 1.0.,TESS station stars86; photometric inflection method; night median MSAS=21.28; MSAS at inflection=19.59; depression=11.36°; smoothing=5-pt median; dark rows=752
isha,2018-11-16,17:22,1,64.209031,18.849575,0.0,Zamorano J. et al. (2019). TESS-W sky brightness network. Zenodo monthly archives. https://zenodo.org/records/3378728. CC0 1.0.,TESS station stars86; photometric inflection method; night median MSAS=21.05; MSAS at inflection=19.91; depression=16.17°; smoothing=5-pt median; dark rows=834
fajr,2018-11-17,05:43,1,64.209031,18.849575,0.0,Zamorano J. et al. (2019). TESS-W sky brightness network. Zenodo monthly archives. https://zenodo.org/records/3378728. CC0 1.0.,TESS station stars86; photometric inflection method; night median MSAS=21.05; MSAS at inflection=21.46; depression=15.52°; smoothing=5-pt median; dark rows=834
fajr,2018-11-19,06:40,1,64.209031,18.849575,0.0,Zamorano J. et al. (2019). TESS-W sky brightness network. Zenodo monthly archives. https://zenodo.org/records/3378728. CC0 1.0.,TESS station stars86; photometric inflection method; night median MSAS=20.09; MSAS at inflection=18.21; depression=10.15°; smoothing=5-pt median; dark rows=821
isha,2018-11-24,16:07,1,64.209031,18.849575,0.0,Zamorano J. et al. (2019). TESS-W sky brightness network. Zenodo monthly archives. https://zenodo.org/records/3378728. CC0 1.0.,TESS station stars86; photometric inflection method; night median MSAS=18.52; MSAS at inflection=17.65; depression=9.92°; smoothing=5-pt median; dark rows=865
fajr,2018-11-25,06:49,1,64.209031,18.849575,0.0,Zamorano J. et al. (2019). TESS-W sky brightness network. Zenodo monthly archives. https://zenodo.org/records/3378728. CC0 1.0.,TESS station stars86; photometric inflection method; night median MSAS=18.52; MSAS at inflection=18.18; depression=10.50°; smoothing=5-pt median; dark rows=865
isha,2018-11-25,16:20,1,64.209031,18.849575,0.0,Zamorano J. et al. (2019). TESS-W sky brightness network. Zenodo monthly archives. https://zenodo.org/records/3378728. CC0 1.0.,TESS station stars86; photometric inflection method; night median MSAS=18.71; MSAS at inflection=19.05; depression=11.29°; smoothing=5-pt median; dark rows=878
isha,2018-11-26,16:09,1,64.209031,18.849575,0.0,Zamorano J. et al. (2019). TESS-W sky brightness network. Zenodo monthly archives. https://zenodo.org/records/3378728. CC0 1.0.,TESS station stars86; photometric inflection method; night median MSAS=19.32; MSAS at inflection=18.28; depression=10.31°; smoothing=5-pt median; dark rows=880
fajr,2018-11-27,05:23,1,64.209031,18.849575,0.0,Zamorano J. et al. (2019). TESS-W sky brightness network. Zenodo monthly archives. https://zenodo.org/records/3378728. CC0 1.0.,TESS station stars86; photometric inflection method; night median MSAS=19.32; MSAS at inflection=18.88; depression=19.79°; smoothing=5-pt median; dark rows=880
isha,2018-11-27,16:23,1,64.209031,18.849575,0.0,Zamorano J. et al. (2019). TESS-W sky brightness network. Zenodo monthly archives. https://zenodo.org/records/3378728. CC0 1.0.,TESS station stars86; photometric inflection method; night median MSAS=20.09; MSAS at inflection=19.77; depression=11.87°; smoothing=5-pt median; dark rows=870
isha,2018-11-29,17:09,1,64.209031,18.849575,0.0,Zamorano J. et al. (2019). TESS-W sky brightness network. Zenodo monthly archives. https://zenodo.org/records/3378728. CC0 1.0.,TESS station stars86; photometric inflection method; night median MSAS=19.74; MSAS at inflection=20.56; depression=16.83°; smoothing=5-pt median; dark rows=866
isha,2018-11-30,17:50,1,64.209031,18.849575,0.0,Zamorano J. et al. (2019). TESS-W sky brightness network. Zenodo monthly archives. https://zenodo.org/records/3378728. CC0 1.0.,TESS station stars86; photometric inflection method; night median MSAS=20.49; MSAS at inflection=19.98; depression=21.32°; smoothing=5-pt median; dark rows=527
isha,2018-10-31,17:51,-7,30.534095,-98.905275,0.0,Zamorano J. et al. (2019). TESS-W sky brightness network. Zenodo monthly archives. https://zenodo.org/records/3378728. CC0 1.0.,TESS station stars89; photometric inflection method; night median MSAS=21.16; MSAS at inflection=21.58; depression=14.07°; smoothing=5-pt median; dark rows=605
fajr,2018-11-03,04:58,-7,30.534095,-98.905275,0.0,Zamorano J. et al. (2019). TESS-W sky brightness network. Zenodo monthly archives. https://zenodo.org/records/3378728. CC0 1.0.,TESS station stars89; photometric inflection method; night median MSAS=21.40; MSAS at inflection=19.61; depression=11.96°; smoothing=5-pt median; dark rows=624
isha,2018-11-05,17:39,-7,30.534095,-98.905275,0.0,Zamorano J. et al. (2019). TESS-W sky brightness network. Zenodo monthly archives. https://zenodo.org/records/3378728. CC0 1.0.,TESS station stars89; photometric inflection method; night median MSAS=21.40; MSAS at inflection=19.49; depression=12.24°; smoothing=5-pt median; dark rows=600
fajr,2018-11-07,04:30,-7,30.534095,-98.905275,0.0,Zamorano J. et al. (2019). TESS-W sky brightness network. Zenodo monthly archives. https://zenodo.org/records/3378728. CC0 1.0.,TESS station stars89; photometric inflection method; night median MSAS=21.63; MSAS at inflection=22.22; depression=18.59°; smoothing=5-pt median; dark rows=624
isha,2018-11-07,17:42,-7,30.534095,-98.905275,0.0,Zamorano J. et al. (2019). TESS-W sky brightness network. Zenodo monthly archives. https://zenodo.org/records/3378728. CC0 1.0.,TESS station stars89; photometric inflection method; night median MSAS=22.74; MSAS at inflection=21.18; depression=13.10°; smoothing=5-pt median; dark rows=411
fajr,2018-11-09,04:23,-7,30.534095,-98.905275,0.0,Zamorano J. et al. (2019). TESS-W sky brightness network. Zenodo monthly archives. https://zenodo.org/records/3378728. CC0 1.0.,TESS station stars89; photometric inflection method; night median MSAS=22.43; MSAS at inflection=21.97; depression=20.32°; smoothing=5-pt median; dark rows=452
isha,2018-11-16,17:22,-7,30.534095,-98.905275,0.0,Zamorano J. et al. (2019). TESS-W sky brightness network. Zenodo monthly archives. https://zenodo.org/records/3378728. CC0 1.0.,TESS station stars89; photometric inflection method; night median MSAS=20.03; MSAS at inflection=17.77; depression=9.80°; smoothing=5-pt median; dark rows=625
fajr,2018-11-17,05:10,-7,30.534095,-98.905275,0.0,Zamorano J. et al. (2019). TESS-W sky brightness network. Zenodo monthly archives. https://zenodo.org/records/3378728. CC0 1.0.,TESS station stars89; photometric inflection method; night median MSAS=20.03; MSAS at inflection=19.60; depression=11.61°; smoothing=5-pt median; dark rows=625
isha,2018-11-17,17:22,-7,30.534095,-98.905275,0.0,Zamorano J. et al. (2019). TESS-W sky brightness network. Zenodo monthly archives. https://zenodo.org/records/3378728. CC0 1.0.,TESS station stars89; photometric inflection method; night median MSAS=19.26; MSAS at inflection=17.56; depression=9.88°; smoothing=5-pt median; dark rows=628
fajr,2018-11-18,05:24,-7,30.534095,-98.905275,0.0,Zamorano J. et al. (2019). TESS-W sky brightness network. Zenodo monthly archives. https://zenodo.org/records/3378728. CC0 1.0.,TESS station stars89; photometric inflection method; night median MSAS=19.26; MSAS at inflection=16.78; depression=8.83°; smoothing=5-pt median; dark rows=628
isha,2018-11-18,17:16,-7,30.534095,-98.905275,0.0,Zamorano J. et al. (2019). TESS-W sky brightness network. Zenodo monthly archives. https://zenodo.org/records/3378728. CC0 1.0.,TESS station stars89; photometric inflection method; night median MSAS=18.24; MSAS at inflection=16.99; depression=8.77°; smoothing=5-pt median; dark rows=630
fajr,2018-11-19,05:26,-7,30.534095,-98.905275,0.0,Zamorano J. et al. (2019). TESS-W sky brightness network. Zenodo monthly archives. https://zenodo.org/records/3378728. CC0 1.0.,TESS station stars89; photometric inflection method; night median MSAS=18.24; MSAS at inflection=16.53; depression=8.54°; smoothing=5-pt median; dark rows=630
isha,2018-11-19,17:15,-7,30.534095,-98.905275,0.0,Zamorano J. et al. (2019). TESS-W sky brightness network. Zenodo monthly archives. https://zenodo.org/records/3378728. CC0 1.0.,TESS station stars89; photometric inflection method; night median MSAS=17.97; MSAS at inflection=16.41; depression=8.77°; smoothing=5-pt median; dark rows=637
fajr,2018-11-20,05:13,-7,30.534095,-98.905275,0.0,Zamorano J. et al. (2019). TESS-W sky brightness network. Zenodo monthly archives. https://zenodo.org/records/3378728. CC0 1.0.,TESS station stars89; photometric inflection method; night median MSAS=17.97; MSAS at inflection=19.42; depression=11.57°; smoothing=5-pt median; dark rows=637
isha,2018-11-21,04:42,-7,30.534095,-98.905275,0.0,Zamorano J. et al. (2019). TESS-W sky brightness network. Zenodo monthly archives. https://zenodo.org/records/3378728. CC0 1.0.,TESS station stars89; photometric inflection method; night median MSAS=21.29; MSAS at inflection=21.49; depression=18.06°; smoothing=5-pt median; dark rows=53
isha,2018-11-26,17:26,-7,30.534095,-98.905275,0.0,Zamorano J. et al. (2019). TESS-W sky brightness network. Zenodo monthly archives. https://zenodo.org/records/3378728. CC0 1.0.,TESS station stars89; photometric inflection method; night median MSAS=19.06; MSAS at inflection=19.19; depression=11.24°; smoothing=5-pt median; dark rows=641
isha,2018-11-27,17:21,-7,30.534095,-98.905275,0.0,Zamorano J. et al. (2019). TESS-W sky brightness network. Zenodo monthly archives. https://zenodo.org/records/3378728. CC0 1.0.,TESS station stars89; photometric inflection method; night median MSAS=19.05; MSAS at inflection=17.80; depression=10.30°; smoothing=5-pt median; dark rows=624
isha,2018-11-28,17:23,-7,30.534095,-98.905275,0.0,Zamorano J. et al. (2019). TESS-W sky brightness network. Zenodo monthly archives. https://zenodo.org/records/3378728. CC0 1.0.,TESS station stars89; photometric inflection method; night median MSAS=20.71; MSAS at inflection=18.26; depression=10.63°; smoothing=5-pt median; dark rows=645
isha,2018-11-29,17:31,-7,30.534095,-98.905275,0.0,Zamorano J. et al. (2019). TESS-W sky brightness network. Zenodo monthly archives. https://zenodo.org/records/3378728. CC0 1.0.,TESS station stars89; photometric inflection method; night median MSAS=21.37; MSAS at inflection=19.78; depression=12.38°; smoothing=5-pt median; dark rows=650
isha,2018-11-02,18:29,0,38.409226,-4.894376,0.0,Zamorano J. et al. (2019). TESS-W sky brightness network. Zenodo monthly archives. https://zenodo.org/records/3378728. CC0 1.0.,TESS station stars9; photometric inflection method; night median MSAS=19.97; MSAS at inflection=19.74; depression=14.37°; smoothing=5-pt median; dark rows=557
isha,2018-11-06,18:46,0,38.409226,-4.894376,0.0,Zamorano J. et al. (2019). TESS-W sky brightness network. Zenodo monthly archives. https://zenodo.org/records/3378728. CC0 1.0.,TESS station stars9; photometric inflection method; night median MSAS=18.55; MSAS at inflection=19.34; depression=18.39°; smoothing=5-pt median; dark rows=643
fajr,2018-11-10,06:19,0,38.409226,-4.894376,0.0,Zamorano J. et al. (2019). TESS-W sky brightness network. Zenodo monthly archives. https://zenodo.org/records/3378728. CC0 1.0.,TESS station stars9; photometric inflection method; night median MSAS=17.97; MSAS at inflection=15.71; depression=7.53°; smoothing=5-pt median; dark rows=668
isha,2018-11-13,18:06,0,38.409226,-4.894376,0.0,Zamorano J. et al. (2019). TESS-W sky brightness network. Zenodo monthly archives. https://zenodo.org/records/3378728. CC0 1.0.,TESS station stars9; photometric inflection method; night median MSAS=19.82; MSAS at inflection=18.60; depression=11.53°; smoothing=5-pt median; dark rows=697
fajr,2018-11-14,05:16,0,38.409226,-4.894376,0.0,Zamorano J. et al. (2019). TESS-W sky brightness network. Zenodo monthly archives. https://zenodo.org/records/3378728. CC0 1.0.,TESS station stars9; photometric inflection method; night median MSAS=19.82; MSAS at inflection=19.71; depression=20.27°; smoothing=5-pt median; dark rows=697
isha,2018-11-14,18:26,0,38.409226,-4.894376,0.0,Zamorano J. et al. (2019). TESS-W sky brightness network. Zenodo monthly archives. https://zenodo.org/records/3378728. CC0 1.0.,TESS station stars9; photometric inflection method; night median MSAS=19.84; MSAS at inflection=17.89; depression=15.60°; smoothing=5-pt median; dark rows=723
isha,2018-11-15,18:10,0,38.409226,-4.894376,0.0,Zamorano J. et al. (2019). TESS-W sky brightness network. Zenodo monthly archives. https://zenodo.org/records/3378728. CC0 1.0.,TESS station stars9; photometric inflection method; night median MSAS=19.46; MSAS at inflection=18.84; depression=12.55°; smoothing=5-pt median; dark rows=724
isha,2018-11-17,18:05,0,38.409226,-4.894376,0.0,Zamorano J. et al. (2019). TESS-W sky brightness network. Zenodo monthly archives. https://zenodo.org/records/3378728. CC0 1.0.,TESS station stars9; photometric inflection method; night median MSAS=18.59; MSAS at inflection=17.95; depression=11.88°; smoothing=5-pt median; dark rows=704
fajr,2018-11-23,18:31,0,38.409226,-4.894376,0.0,Zamorano J. et al. (2019). TESS-W sky brightness network. Zenodo monthly archives. https://zenodo.org/records/3378728. CC0 1.0.,TESS station stars9; photometric inflection method; night median MSAS=18.07; MSAS at inflection=18.52; depression=17.32°; smoothing=5-pt median; dark rows=118
fajr,2018-11-02,04:35,1,78.148247,16.036735,0.0,Zamorano J. et al. (2019). TESS-W sky brightness network. Zenodo monthly archives. https://zenodo.org/records/3378728. CC0 1.0.,TESS station stars91; photometric inflection method; night median MSAS=19.81; MSAS at inflection=19.72; depression=17.66°; smoothing=5-pt median; dark rows=882
fajr,2018-11-05,03:34,1,78.148247,16.036735,0.0,Zamorano J. et al. (2019). TESS-W sky brightness network. Zenodo monthly archives. https://zenodo.org/records/3378728. CC0 1.0.,TESS station stars91; photometric inflection method; night median MSAS=20.67; MSAS at inflection=20.45; depression=21.48°; smoothing=5-pt median; dark rows=921
fajr,2018-11-06,05:07,1,78.148247,16.036735,0.0,Zamorano J. et al. (2019). TESS-W sky brightness network. Zenodo monthly archives. https://zenodo.org/records/3378728. CC0 1.0.,TESS station stars91; photometric inflection method; night median MSAS=20.71; MSAS at inflection=20.49; depression=17.26°; smoothing=5-pt median; dark rows=937
isha,2018-11-07,19:03,1,78.148247,16.036735,0.0,Zamorano J. et al. (2019). TESS-W sky brightness network. Zenodo monthly archives. https://zenodo.org/records/3378728. CC0 1.0.,TESS station stars91; photometric inflection method; night median MSAS=20.76; MSAS at inflection=20.60; depression=20.31°; smoothing=5-pt median; dark rows=936
fajr,2018-11-08,05:16,1,78.148247,16.036735,0.0,Zamorano J. et al. (2019). TESS-W sky brightness network. Zenodo monthly archives. https://zenodo.org/records/3378728. CC0 1.0.,TESS station stars91; photometric inflection method; night median MSAS=20.76; MSAS at inflection=20.84; depression=17.38°; smoothing=5-pt median; dark rows=936
fajr,2018-11-09,04:23,1,78.148247,16.036735,0.0,Zamorano J. et al. (2019). TESS-W sky brightness network. Zenodo monthly archives. https://zenodo.org/records/3378728. CC0 1.0.,TESS station stars91; photometric inflection method; night median MSAS=20.79; MSAS at inflection=20.40; depression=20.31°; smoothing=5-pt median; dark rows=890
isha,2018-11-09,18:32,1,78.148247,16.036735,0.0,Zamorano J. et al. (2019). TESS-W sky brightness network. Zenodo monthly archives. https://zenodo.org/records/3378728. CC0 1.0.,TESS station stars91; photometric inflection method; night median MSAS=20.44; MSAS at inflection=20.35; depression=19.32°; smoothing=5-pt median; dark rows=926
isha,2018-11-10,17:31,1,78.148247,16.036735,0.0,Zamorano J. et al. (2019). TESS-W sky brightness network. Zenodo monthly archives. https://zenodo.org/records/3378728. CC0 1.0.,TESS station stars91; photometric inflection method; night median MSAS=20.17; MSAS at inflection=20.50; depression=16.47°; smoothing=5-pt median; dark rows=974
fajr,2018-11-11,04:17,1,78.148247,16.036735,0.0,Zamorano J. et al. (2019). TESS-W sky brightness network. Zenodo monthly archives. https://zenodo.org/records/3378728. CC0 1.0.,TESS station stars91; photometric inflection method; night median MSAS=20.17; MSAS at inflection=19.85; depression=21.17°; smoothing=5-pt median; dark rows=974
isha,2018-11-13,15:48,1,78.148247,16.036735,0.0,Zamorano J. et al. (2019). TESS-W sky brightness network. Zenodo monthly archives. https://zenodo.org/records/3378728. CC0 1.0.,TESS station stars91; photometric inflection method; night median MSAS=20.49; MSAS at inflection=18.93; depression=12.25°; smoothing=5-pt median; dark rows=955
fajr,2018-11-16,08:19,1,78.148247,16.036735,0.0,Zamorano J. et al. (2019). TESS-W sky brightness network. Zenodo monthly archives. https://zenodo.org/records/3378728. CC0 1.0.,TESS station stars91; photometric inflection method; night median MSAS=20.73; MSAS at inflection=19.05; depression=10.97°; smoothing=5-pt median; dark rows=1004
isha,2018-11-16,15:30,1,78.148247,16.036735,0.0,Zamorano J. et al. (2019). TESS-W sky brightness network. Zenodo monthly archives. https://zenodo.org/records/3378728. CC0 1.0.,TESS station stars91; photometric inflection method; night median MSAS=21.07; MSAS at inflection=20.19; depression=12.20°; smoothing=5-pt median; dark rows=1068
fajr,2018-11-21,10:27,1,78.148247,16.036735,0.0,Zamorano J. et al. (2019). TESS-W sky brightness network. Zenodo monthly archives. https://zenodo.org/records/3378728. CC0 1.0.,TESS station stars91; photometric inflection method; night median MSAS=18.57; MSAS at inflection=16.24; depression=8.67°; smoothing=5-pt median; dark rows=1141
fajr,2018-11-22,09:21,1,78.148247,16.036735,0.0,Zamorano J. et al. (2019). TESS-W sky brightness network. Zenodo monthly archives. https://zenodo.org/records/3378728. CC0 1.0.,TESS station stars91; photometric inflection method; night median MSAS=18.71; MSAS at inflection=17.30; depression=10.32°; smoothing=5-pt median; dark rows=1141
isha,2018-11-24,15:08,1,78.148247,16.036735,0.0,Zamorano J. et al. (2019). TESS-W sky brightness network. Zenodo monthly archives. https://zenodo.org/records/3378728. CC0 1.0.,TESS station stars91; photometric inflection method; night median MSAS=17.72; MSAS at inflection=18.45; depression=13.00°; smoothing=5-pt median; dark rows=1108
isha,2018-11-25,13:00,1,78.148247,16.036735,0.0,Zamorano J. et al. (2019). TESS-W sky brightness network. Zenodo monthly archives. https://zenodo.org/records/3378728. CC0 1.0.,TESS station stars91; photometric inflection method; night median MSAS=18.73; MSAS at inflection=17.51; depression=9.56°; smoothing=5-pt median; dark rows=1015
fajr,2018-11-26,05:30,1,78.148247,16.036735,0.0,Zamorano J. et al. (2019). TESS-W sky brightness network. Zenodo monthly archives. https://zenodo.org/records/3378728. CC0 1.0.,TESS station stars91; photometric inflection method; night median MSAS=18.73; MSAS at inflection=18.68; depression=21.11°; smoothing=5-pt median; dark rows=1015
isha,2018-11-26,17:22,1,78.148247,16.036735,0.0,Zamorano J. et al. (2019). TESS-W sky brightness network. Zenodo monthly archives. https://zenodo.org/records/3378728. CC0 1.0.,TESS station stars91; photometric inflection method; night median MSAS=17.98; MSAS at inflection=19.33; depression=19.51°; smoothing=5-pt median; dark rows=1234
fajr,2018-11-27,05:56,1,78.148247,16.036735,0.0,Zamorano J. et al. (2019). TESS-W sky brightness network. Zenodo monthly archives. https://zenodo.org/records/3378728. CC0 1.0.,TESS station stars91; photometric inflection method; night median MSAS=17.98; MSAS at inflection=17.65; depression=19.95°; smoothing=5-pt median; dark rows=1234
isha,2018-11-27,16:10,1,78.148247,16.036735,0.0,Zamorano J. et al. (2019). TESS-W sky brightness network. Zenodo monthly archives. https://zenodo.org/records/3378728. CC0 1.0.,TESS station stars91; photometric inflection method; night median MSAS=19.28; MSAS at inflection=18.97; depression=16.14°; smoothing=5-pt median; dark rows=1259
isha,2018-11-29,11:45,1,78.148247,16.036735,0.0,Zamorano J. et al. (2019). TESS-W sky brightness network. Zenodo monthly archives. https://zenodo.org/records/3378728. CC0 1.0.,TESS station stars91; photometric inflection method; night median MSAS=18.25; MSAS at inflection=17.11; depression=9.65°; smoothing=5-pt median; dark rows=1256
isha,2018-11-30,16:41,1,78.148247,16.036735,0.0,Zamorano J. et al. (2019). TESS-W sky brightness network. Zenodo monthly archives. https://zenodo.org/records/3378728. CC0 1.0.,TESS station stars91; photometric inflection method; night median MSAS=18.35; MSAS at inflection=18.48; depression=18.04°; smoothing=5-pt median; dark rows=730
isha,2018-11-02,18:10,2,42.637673,23.295422,0.0,Zamorano J. et al. (2019). TESS-W sky brightness network. Zenodo monthly archives. https://zenodo.org/records/3378728. CC0 1.0.,TESS station stars92; photometric inflection method; night median MSAS=18.83; MSAS at inflection=17.89; depression=10.02°; smoothing=5-pt median; dark rows=667
fajr,2018-11-03,06:14,2,42.637673,23.295422,0.0,Zamorano J. et al. (2019). TESS-W sky brightness network. Zenodo monthly archives. https://zenodo.org/records/3378728. CC0 1.0.,TESS station stars92; photometric inflection method; night median MSAS=18.83; MSAS at inflection=17.45; depression=9.40°; smoothing=5-pt median; dark rows=667
isha,2018-11-03,19:06,2,42.637673,23.295422,0.0,Zamorano J. et al. (2019). TESS-W sky brightness network. Zenodo monthly archives. https://zenodo.org/records/3378728. CC0 1.0.,TESS station stars92; photometric inflection method; night median MSAS=19.02; MSAS at inflection=18.69; depression=20.42°; smoothing=5-pt median; dark rows=611
fajr,2018-11-06,05:52,2,42.637673,23.295422,0.0,Zamorano J. et al. (2019). TESS-W sky brightness network. Zenodo monthly archives. https://zenodo.org/records/3378728. CC0 1.0.,TESS station stars92; photometric inflection method; night median MSAS=19.21; MSAS at inflection=19.26; depression=13.90°; smoothing=5-pt median; dark rows=577
isha,2018-11-06,18:09,2,42.637673,23.295422,0.0,Zamorano J. et al. (2019). TESS-W sky brightness network. Zenodo monthly archives. https://zenodo.org/records/3378728. CC0 1.0.,TESS station stars92; photometric inflection method; night median MSAS=19.25; MSAS at inflection=18.13; depression=10.59°; smoothing=5-pt median; dark rows=690
fajr,2018-11-07,06:19,2,42.637673,23.295422,0.0,Zamorano J. et al. (2019). TESS-W sky brightness network. Zenodo monthly archives. https://zenodo.org/records/3378728. CC0 1.0.,TESS station stars92; photometric inflection method; night median MSAS=19.25; MSAS at inflection=17.24; depression=9.39°; smoothing=5-pt median; dark rows=690
isha,2018-11-07,18:07,2,42.637673,23.295422,0.0,Zamorano J. et al. (2019). TESS-W sky brightness network. Zenodo monthly archives. https://zenodo.org/records/3378728. CC0 1.0.,TESS station stars92; photometric inflection method; night median MSAS=18.58; MSAS at inflection=18.02; depression=10.46°; smoothing=5-pt median; dark rows=662
fajr,2018-11-09,06:16,2,42.637673,23.295422,0.0,Zamorano J. et al. (2019). TESS-W sky brightness network. Zenodo monthly archives. https://zenodo.org/records/3378728. CC0 1.0.,TESS station stars92; photometric inflection method; night median MSAS=18.36; MSAS at inflection=17.86; depression=10.27°; smoothing=5-pt median; dark rows=682
isha,2018-11-10,18:29,2,42.637673,23.295422,0.0,Zamorano J. et al. (2019). TESS-W sky brightness network. Zenodo monthly archives. https://zenodo.org/records/3378728. CC0 1.0.,TESS station stars92; photometric inflection method; night median MSAS=18.71; MSAS at inflection=18.48; depression=15.05°; smoothing=5-pt median; dark rows=569
fajr,2018-11-11,06:07,2,42.637673,23.295422,0.0,Zamorano J. et al. (2019). TESS-W sky brightness network. Zenodo monthly archives. https://zenodo.org/records/3378728. CC0 1.0.,TESS station stars92; photometric inflection method; night median MSAS=18.71; MSAS at inflection=18.63; depression=12.33°; smoothing=5-pt median; dark rows=569
isha,2018-11-11,18:52,2,42.637673,23.295422,0.0,Zamorano J. et al. (2019). TESS-W sky brightness network. Zenodo monthly archives. https://zenodo.org/records/3378728. CC0 1.0.,TESS station stars92; photometric inflection method; night median MSAS=18.89; MSAS at inflection=18.65; depression=19.31°; smoothing=5-pt median; dark rows=594
isha,2018-11-13,18:03,2,42.637673,23.295422,0.0,Zamorano J. et al. (2019). TESS-W sky brightness network. Zenodo monthly archives. https://zenodo.org/records/3378728. CC0 1.0.,TESS station stars92; photometric inflection method; night median MSAS=18.80; MSAS at inflection=18.09; depression=10.81°; smoothing=5-pt median; dark rows=638
isha,2018-11-15,18:46,2,42.637673,23.295422,0.0,Zamorano J. et al. (2019). TESS-W sky brightness network. Zenodo monthly archives. https://zenodo.org/records/3378728. CC0 1.0.,TESS station stars92; photometric inflection method; night median MSAS=18.32; MSAS at inflection=17.74; depression=18.82°; smoothing=5-pt median; dark rows=680
fajr,2018-11-16,05:23,2,42.637673,23.295422,0.0,Zamorano J. et al. (2019). TESS-W sky brightness network. Zenodo monthly archives. https://zenodo.org/records/3378728. CC0 1.0.,TESS station stars92; photometric inflection method; night median MSAS=18.32; MSAS at inflection=16.12; depression=21.15°; smoothing=5-pt median; dark rows=680
