prayer,date_local,time_local,utc_offset,lat,lng,elevation_m,source,notes
isha,2020-08-01,20:19,0,40.424604,-3.560279,0.0,Zamorano J. et al. (2019). TESS-W sky brightness network. Zenodo monthly archives. https://zenodo.org/records/3378728. CC0 1.0.,TESS station stars1; photometric inflection method; night median MSAS=18.13; MSAS at inflection=16.92; depression=9.27°; smoothing=5-pt median; dark rows=930
fajr,2020-08-02,04:29,0,40.424604,-3.560279,0.0,Zamorano J. et al. (2019). TESS-W sky brightness network. Zenodo monthly archives. https://zenodo.org/records/3378728. CC0 1.0.,TESS station stars1; photometric inflection method; night median MSAS=18.13; MSAS at inflection=16.17; depression=8.16°; smoothing=5-pt median; dark rows=930
fajr,2020-08-05,03:51,0,40.424604,-3.560279,0.0,Zamorano J. et al. (2019). TESS-W sky brightness network. Zenodo monthly archives. https://zenodo.org/records/3378728. CC0 1.0.,TESS station stars1; photometric inflection method; night median MSAS=18.03; MSAS at inflection=18.01; depression=14.54°; smoothing=5-pt median; dark rows=941
isha,2020-08-05,20:22,0,40.424604,-3.560279,0.0,Zamorano J. et al. (2019). TESS-W sky brightness network. Zenodo monthly archives. https://zenodo.org/records/3378728. CC0 1.0.,TESS station stars1; photometric inflection method; night median MSAS=17.80; MSAS at inflection=17.65; depression=10.63°; smoothing=5-pt median; dark rows=940
fajr,2020-08-07,04:24,0,40.424604,-3.560279,0.0,Zamorano J. et al. (2019). TESS-W sky brightness network. Zenodo monthly archives. https://zenodo.org/records/3378728. CC0 1.0.,TESS station stars1; photometric inflection method; night median MSAS=17.91; MSAS at inflection=17.17; depression=9.88°; smoothing=5-pt median; dark rows=952
fajr,2020-08-09,04:26,0,40.424604,-3.560279,0.0,Zamorano J. et al. (2019). TESS-W sky brightness network. Zenodo monthly archives. https://zenodo.org/records/3378728. CC0 1.0.,TESS station stars1; photometric inflection method; night median MSAS=17.78; MSAS at inflection=17.18; depression=9.84°; smoothing=5-pt median; dark rows=953
fajr,2020-08-13,04:31,0,40.424604,-3.560279,0.0,Zamorano J. et al. (2019). TESS-W sky brightness network. Zenodo monthly archives. https://zenodo.org/records/3378728. CC0 1.0.,TESS station stars1; photometric inflection method; night median MSAS=18.30; MSAS at inflection=17.58; depression=9.84°; smoothing=5-pt median; dark rows=100
isha,2020-08-13,20:39,0,40.424604,-3.560279,0.0,Zamorano J. et al. (2019). TESS-W sky brightness network. Zenodo monthly archives. https://zenodo.org/records/3378728. CC0 1.0.,TESS station stars1; photometric inflection method; night median MSAS=18.28; MSAS at inflection=18.12; depression=15.35°; smoothing=5-pt median; dark rows=1000
isha,2020-08-15,20:10,0,40.424604,-3.560279,0.0,Zamorano J. et al. (2019). TESS-W sky brightness network. Zenodo monthly archives. https://zenodo.org/records/3378728. CC0 1.0.,TESS station stars1; photometric inflection method; night median MSAS=18.45; MSAS at inflection=17.87; depression=11.20°; smoothing=5-pt median; dark rows=114
isha,2020-08-16,20:11,0,40.424604,-3.560279,0.0,Zamorano J. et al. (2019). TESS-W sky brightness network. Zenodo monthly archives. https://zenodo.org/records/3378728. CC0 1.0.,TESS station stars1; photometric inflection method; night median MSAS=18.58; MSAS at inflection=18.05; depression=11.62°; smoothing=5-pt median; dark rows=101
isha,2020-08-17,19:58,0,40.424604,-3.560279,0.0,Zamorano J. et al. (2019). TESS-W sky brightness network. Zenodo monthly archives. https://zenodo.org/records/3378728. CC0 1.0.,TESS station stars1; photometric inflection method; night median MSAS=18.38; MSAS at inflection=17.00; depression=9.75°; smoothing=5-pt median; dark rows=102
fajr,2020-08-18,04:44,0,40.424604,-3.560279,0.0,Zamorano J. et al. (2019). TESS-W sky brightness network. Zenodo monthly archives. https://zenodo.org/records/3378728. CC0 1.0.,TESS station stars1; photometric inflection method; night median MSAS=18.38; MSAS at inflection=16.19; depression=8.53°; smoothing=5-pt median; dark rows=102
fajr,2020-08-21,04:41,0,40.424604,-3.560279,0.0,Zamorano J. et al. (2019). TESS-W sky brightness network. Zenodo monthly archives. https://zenodo.org/records/3378728. CC0 1.0.,TESS station stars1; photometric inflection method; night median MSAS=18.36; MSAS at inflection=17.21; depression=9.62°; smoothing=5-pt median; dark rows=105
isha,2020-08-22,19:43,0,40.424604,-3.560279,0.0,Zamorano J. et al. (2019). TESS-W sky brightness network. Zenodo monthly archives. https://zenodo.org/records/3378728. CC0 1.0.,TESS station stars1; photometric inflection method; night median MSAS=18.47; MSAS at inflection=16.27; depression=8.44°; smoothing=5-pt median; dark rows=1042
isha,2020-08-23,20:20,0,40.424604,-3.560279,0.0,Zamorano J. et al. (2019). TESS-W sky brightness network. Zenodo monthly archives. https://zenodo.org/records/3378728. CC0 1.0.,TESS station stars1; photometric inflection method; night median MSAS=18.38; MSAS at inflection=18.26; depression=15.08°; smoothing=5-pt median; dark rows=1039
isha,2020-08-24,19:37,0,40.424604,-3.560279,0.0,Zamorano J. et al. (2019). TESS-W sky brightness network. Zenodo monthly archives. https://zenodo.org/records/3378728. CC0 1.0.,TESS station stars1; photometric inflection method; night median MSAS=18.32; MSAS at inflection=16.01; depression=8.04°; smoothing=5-pt median; dark rows=1044
isha,2020-08-25,19:43,0,40.424604,-3.560279,0.0,Zamorano J. et al. (2019). TESS-W sky brightness network. Zenodo monthly archives. https://zenodo.org/records/3378728. CC0 1.0.,TESS station stars1; photometric inflection method; night median MSAS=18.26; MSAS at inflection=17.03; depression=9.39°; smoothing=5-pt median; dark rows=1059
fajr,2020-08-28,04:04,0,40.424604,-3.560279,0.0,Zamorano J. et al. (2019). TESS-W sky brightness network. Zenodo monthly archives. https://zenodo.org/records/3378728. CC0 1.0.,TESS station stars1; photometric inflection method; night median MSAS=18.21; MSAS at inflection=18.32; depression=17.31°; smoothing=5-pt median; dark rows=1072
fajr,2020-08-29,04:56,0,40.424604,-3.560279,0.0,Zamorano J. et al. (2019). TESS-W sky brightness network. Zenodo monthly archives. https://zenodo.org/records/3378728. CC0 1.0.,TESS station stars1; photometric inflection method; night median MSAS=17.84; MSAS at inflection=16.67; depression=8.57°; smoothing=5-pt median; dark rows=1072
isha,2020-08-29,19:36,0,40.424604,-3.560279,0.0,Zamorano J. et al. (2019). TESS-W sky brightness network. Zenodo monthly archives. https://zenodo.org/records/3378728. CC0 1.0.,TESS station stars1; photometric inflection method; night median MSAS=18.34; MSAS at inflection=16.88; depression=9.32°; smoothing=5-pt median; dark rows=1088
fajr,2020-08-31,04:51,0,40.424604,-3.560279,0.0,Zamorano J. et al. (2019). TESS-W sky brightness network. Zenodo monthly archives. https://zenodo.org/records/3378728. CC0 1.0.,TESS station stars1; photometric inflection method; night median MSAS=18.21; MSAS at inflection=17.60; depression=9.86°; smoothing=5-pt median; dark rows=1086
isha,2020-08-31,19:37,0,40.424604,-3.560279,0.0,Zamorano J. et al. (2019). TESS-W sky brightness network. Zenodo monthly archives. https://zenodo.org/records/3378728. CC0 1.0.,TESS station stars1; photometric inflection method; night median MSAS=17.94; MSAS at inflection=17.52; depression=10.04°; smoothing=5-pt median; dark rows=515
fajr,2020-08-01,04:35,0,38.3149,-5.28355,0.0,Zamorano J. et al. (2019). TESS-W sky brightness network. Zenodo monthly archives. https://zenodo.org/records/3378728. CC0 1.0.,TESS station stars15; photometric inflection method; night median MSAS=19.38; MSAS at inflection=17.15; depression=9.23°; smoothing=5-pt median; dark rows=266
isha,2020-08-01,20:19,0,38.3149,-5.28355,0.0,Zamorano J. et al. (2019). TESS-W sky brightness network. Zenodo monthly archives. https://zenodo.org/records/3378728. CC0 1.0.,TESS station stars15; photometric inflection method; night median MSAS=18.44; MSAS at inflection=16.87; depression=9.33°; smoothing=5-pt median; dark rows=481
fajr,2020-08-02,04:20,0,38.3149,-5.28355,0.0,Zamorano J. et al. (2019). TESS-W sky brightness network. Zenodo monthly archives. https://zenodo.org/records/3378728. CC0 1.0.,TESS station stars15; photometric inflection method; night median MSAS=18.44; MSAS at inflection=19.43; depression=11.78°; smoothing=5-pt median; dark rows=481
isha,2020-08-02,21:13,0,38.3149,-5.28355,0.0,Zamorano J. et al. (2019). TESS-W sky brightness network. Zenodo monthly archives. https://zenodo.org/records/3378728. CC0 1.0.,TESS station stars15; photometric inflection method; night median MSAS=18.07; MSAS at inflection=18.59; depression=18.02°; smoothing=5-pt median; dark rows=485
fajr,2020-08-03,04:42,0,38.3149,-5.28355,0.0,Zamorano J. et al. (2019). TESS-W sky brightness network. Zenodo monthly archives. https://zenodo.org/records/3378728. CC0 1.0.,TESS station stars15; photometric inflection method; night median MSAS=18.07; MSAS at inflection=16.83; depression=8.29°; smoothing=5-pt median; dark rows=485
isha,2020-08-03,20:18,0,38.3149,-5.28355,0.0,Zamorano J. et al. (2019). TESS-W sky brightness network. Zenodo monthly archives. https://zenodo.org/records/3378728. CC0 1.0.,TESS station stars15; photometric inflection method; night median MSAS=18.33; MSAS at inflection=16.84; depression=9.64°; smoothing=5-pt median; dark rows=67
fajr,2020-08-03,20:33,0,38.3149,-5.28355,0.0,Zamorano J. et al. (2019). TESS-W sky brightness network. Zenodo monthly archives. https://zenodo.org/records/3378728. CC0 1.0.,TESS station stars15; photometric inflection method; night median MSAS=18.33; MSAS at inflection=18.12; depression=12.13°; smoothing=5-pt median; dark rows=67
isha,2020-08-04,20:39,0,38.3149,-5.28355,0.0,Zamorano J. et al. (2019). TESS-W sky brightness network. Zenodo monthly archives. https://zenodo.org/records/3378728. CC0 1.0.,TESS station stars15; photometric inflection method; night median MSAS=18.16; MSAS at inflection=19.39; depression=13.29°; smoothing=5-pt median; dark rows=483
isha,2020-08-05,20:15,0,38.3149,-5.28355,0.0,Zamorano J. et al. (2019). TESS-W sky brightness network. Zenodo monthly archives. https://zenodo.org/records/3378728. CC0 1.0.,TESS station stars15; photometric inflection method; night median MSAS=18.24; MSAS at inflection=17.25; depression=9.50°; smoothing=5-pt median; dark rows=497
isha,2020-08-06,20:14,0,38.3149,-5.28355,0.0,Zamorano J. et al. (2019). TESS-W sky brightness network. Zenodo monthly archives. https://zenodo.org/records/3378728. CC0 1.0.,TESS station stars15; photometric inflection method; night median MSAS=18.56; MSAS at inflection=17.28; depression=9.50°; smoothing=5-pt median; dark rows=474
isha,2020-08-07,21:24,0,38.3149,-5.28355,0.0,Zamorano J. et al. (2019). TESS-W sky brightness network. Zenodo monthly archives. https://zenodo.org/records/3378728. CC0 1.0.,TESS station stars15; photometric inflection method; night median MSAS=18.77; MSAS at inflection=20.01; depression=20.91°; smoothing=5-pt median; dark rows=500
fajr,2020-08-08,04:37,0,38.3149,-5.28355,0.0,Zamorano J. et al. (2019). TESS-W sky brightness network. Zenodo monthly archives. https://zenodo.org/records/3378728. CC0 1.0.,TESS station stars15; photometric inflection method; night median MSAS=18.77; MSAS at inflection=17.26; depression=10.10°; smoothing=5-pt median; dark rows=500
isha,2020-08-08,20:46,0,38.3149,-5.28355,0.0,Zamorano J. et al. (2019). TESS-W sky brightness network. Zenodo monthly archives. https://zenodo.org/records/3378728. CC0 1.0.,TESS station stars15; photometric inflection method; night median MSAS=19.23; MSAS at inflection=19.99; depression=15.21°; smoothing=5-pt median; dark rows=500
fajr,2020-08-10,03:36,0,38.3149,-5.28355,0.0,Zamorano J. et al. (2019). TESS-W sky brightness network. Zenodo monthly archives. https://zenodo.org/records/3378728. CC0 1.0.,TESS station stars15; photometric inflection method; night median MSAS=19.29; MSAS at inflection=18.50; depression=20.27°; smoothing=5-pt median; dark rows=504
isha,2020-08-10,20:17,0,38.3149,-5.28355,0.0,Zamorano J. et al. (2019). TESS-W sky brightness network. Zenodo monthly archives. https://zenodo.org/records/3378728. CC0 1.0.,TESS station stars15; photometric inflection method; night median MSAS=19.46; MSAS at inflection=18.73; depression=11.01°; smoothing=5-pt median; dark rows=507
fajr,2020-08-11,04:37,0,38.3149,-5.28355,0.0,Zamorano J. et al. (2019). TESS-W sky brightness network. Zenodo monthly archives. https://zenodo.org/records/3378728. CC0 1.0.,TESS station stars15; photometric inflection method; night median MSAS=19.46; MSAS at inflection=17.50; depression=10.65°; smoothing=5-pt median; dark rows=507
isha,2020-08-11,20:44,0,38.3149,-5.28355,0.0,Zamorano J. et al. (2019). TESS-W sky brightness network. Zenodo monthly archives. https://zenodo.org/records/3378728. CC0 1.0.,TESS station stars15; photometric inflection method; night median MSAS=19.98; MSAS at inflection=19.90; depression=15.66°; smoothing=5-pt median; dark rows=503
fajr,2020-08-12,04:43,0,38.3149,-5.28355,0.0,Zamorano J. et al. (2019). TESS-W sky brightness network. Zenodo monthly archives. https://zenodo.org/records/3378728. CC0 1.0.,TESS station stars15; photometric inflection method; night median MSAS=19.98; MSAS at inflection=17.69; depression=9.78°; smoothing=5-pt median; dark rows=503
isha,2020-08-13,20:30,0,38.3149,-5.28355,0.0,Zamorano J. et al. (2019). TESS-W sky brightness network. Zenodo monthly archives. https://zenodo.org/records/3378728. CC0 1.0.,TESS station stars15; photometric inflection method; night median MSAS=20.30; MSAS at inflection=19.83; depression=13.81°; smoothing=5-pt median; dark rows=513
fajr,2020-08-17,04:31,0,38.3149,-5.28355,0.0,Zamorano J. et al. (2019). TESS-W sky brightness network. Zenodo monthly archives. https://zenodo.org/records/3378728. CC0 1.0.,TESS station stars15; photometric inflection method; night median MSAS=20.58; MSAS at inflection=20.05; depression=12.85°; smoothing=5-pt median; dark rows=517
fajr,2020-08-20,04:41,0,38.3149,-5.28355,0.0,Zamorano J. et al. (2019). TESS-W sky brightness network. Zenodo monthly archives. https://zenodo.org/records/3378728. CC0 1.0.,TESS station stars15; photometric inflection method; night median MSAS=20.52; MSAS at inflection=19.22; depression=11.59°; smoothing=5-pt median; dark rows=415
fajr,2020-08-21,04:46,0,38.3149,-5.28355,0.0,Zamorano J. et al. (2019). TESS-W sky brightness network. Zenodo monthly archives. https://zenodo.org/records/3378728. CC0 1.0.,TESS station stars15; photometric inflection method; night median MSAS=20.55; MSAS at inflection=18.62; depression=10.81°; smoothing=5-pt median; dark rows=502
fajr,2020-08-27,04:55,0,38.3149,-5.28355,0.0,Zamorano J. et al. (2019). TESS-W sky brightness network. Zenodo monthly archives. https://zenodo.org/records/3378728. CC0 1.0.,TESS station stars15; photometric inflection method; night median MSAS=20.40; MSAS at inflection=18.19; depression=10.32°; smoothing=5-pt median; dark rows=539
isha,2020-08-28,19:42,0,38.3149,-5.28355,0.0,Zamorano J. et al. (2019). TESS-W sky brightness network. Zenodo monthly archives. https://zenodo.org/records/3378728. CC0 1.0.,TESS station stars15; photometric inflection method; night median MSAS=19.31; MSAS at inflection=17.26; depression=9.59°; smoothing=5-pt median; dark rows=549
isha,2020-08-29,19:54,0,38.3149,-5.28355,0.0,Zamorano J. et al. (2019). TESS-W sky brightness network. Zenodo monthly archives. https://zenodo.org/records/3378728. CC0 1.0.,TESS station stars15; photometric inflection method; night median MSAS=19.05; MSAS at inflection=18.25; depression=12.03°; smoothing=5-pt median; dark rows=556
fajr,2020-08-30,04:53,0,38.3149,-5.28355,0.0,Zamorano J. et al. (2019). TESS-W sky brightness network. Zenodo monthly archives. https://zenodo.org/records/3378728. CC0 1.0.,TESS station stars15; photometric inflection method; night median MSAS=19.05; MSAS at inflection=19.25; depression=11.38°; smoothing=5-pt median; dark rows=556
isha,2020-08-30,19:37,0,38.3149,-5.28355,0.0,Zamorano J. et al. (2019). TESS-W sky brightness network. Zenodo monthly archives. https://zenodo.org/records/3378728. CC0 1.0.,TESS station stars15; photometric inflection method; night median MSAS=18.69; MSAS at inflection=16.78; depression=9.12°; smoothing=5-pt median; dark rows=555
fajr,2020-08-02,03:46,0,40.0418,-1.0163,0.0,Zamorano J. et al. (2019). TESS-W sky brightness network. Zenodo monthly archives. https://zenodo.org/records/3378728. CC0 1.0.,TESS station stars18; photometric inflection method; night median MSAS=19.27; MSAS at inflection=20.86; depression=13.50°; smoothing=5-pt median; dark rows=472
isha,2020-08-02,21:16,0,40.0418,-1.0163,0.0,Zamorano J. et al. (2019). TESS-W sky brightness network. Zenodo monthly archives. https://zenodo.org/records/3378728. CC0 1.0.,TESS station stars18; photometric inflection method; night median MSAS=18.09; MSAS at inflection=18.55; depression=19.72°; smoothing=5-pt median; dark rows=96
fajr,2020-08-03,04:08,0,40.0418,-1.0163,0.0,Zamorano J. et al. (2019). TESS-W sky brightness network. Zenodo monthly archives. https://zenodo.org/records/3378728. CC0 1.0.,TESS station stars18; photometric inflection method; night median MSAS=18.09; MSAS at inflection=19.00; depression=10.29°; smoothing=5-pt median; dark rows=96
isha,2020-08-03,21:22,0,40.0418,-1.0163,0.0,Zamorano J. et al. (2019). TESS-W sky brightness network. Zenodo monthly archives. https://zenodo.org/records/3378728. CC0 1.0.,TESS station stars18; photometric inflection method; night median MSAS=18.21; MSAS at inflection=18.65; depression=20.75°; smoothing=5-pt median; dark rows=479
fajr,2020-08-04,03:38,0,40.0418,-1.0163,0.0,Zamorano J. et al. (2019). TESS-W sky brightness network. Zenodo monthly archives. https://zenodo.org/records/3378728. CC0 1.0.,TESS station stars18; photometric inflection method; night median MSAS=18.21; MSAS at inflection=18.72; depression=15.15°; smoothing=5-pt median; dark rows=479
isha,2020-08-04,20:09,0,40.0418,-1.0163,0.0,Zamorano J. et al. (2019). TESS-W sky brightness network. Zenodo monthly archives. https://zenodo.org/records/3378728. CC0 1.0.,TESS station stars18; photometric inflection method; night median MSAS=18.36; MSAS at inflection=17.61; depression=10.15°; smoothing=5-pt median; dark rows=96
isha,2020-08-05,20:21,0,40.0418,-1.0163,0.0,Zamorano J. et al. (2019). TESS-W sky brightness network. Zenodo monthly archives. https://zenodo.org/records/3378728. CC0 1.0.,TESS station stars18; photometric inflection method; night median MSAS=18.83; MSAS at inflection=19.51; depression=12.32°; smoothing=5-pt median; dark rows=97
isha,2020-08-06,21:06,0,40.0418,-1.0163,0.0,Zamorano J. et al. (2019). TESS-W sky brightness network. Zenodo monthly archives. https://zenodo.org/records/3378728. CC0 1.0.,TESS station stars18; photometric inflection method; night median MSAS=19.29; MSAS at inflection=21.19; depression=19.34°; smoothing=5-pt median; dark rows=96
fajr,2020-08-07,04:03,0,40.0418,-1.0163,0.0,Zamorano J. et al. (2019). TESS-W sky brightness network. Zenodo monthly archives. https://zenodo.org/records/3378728. CC0 1.0.,TESS station stars18; photometric inflection method; night median MSAS=19.29; MSAS at inflection=18.39; depression=11.80°; smoothing=5-pt median; dark rows=96
isha,2020-08-07,20:17,0,40.0418,-1.0163,0.0,Zamorano J. et al. (2019). TESS-W sky brightness network. Zenodo monthly archives. https://zenodo.org/records/3378728. CC0 1.0.,TESS station stars18; photometric inflection method; night median MSAS=19.17; MSAS at inflection=19.93; depression=12.12°; smoothing=5-pt median; dark rows=489
fajr,2020-08-08,04:12,0,40.0418,-1.0163,0.0,Zamorano J. et al. (2019). TESS-W sky brightness network. Zenodo monthly archives. https://zenodo.org/records/3378728. CC0 1.0.,TESS station stars18; photometric inflection method; night median MSAS=19.17; MSAS at inflection=17.97; depression=10.55°; smoothing=5-pt median; dark rows=489
isha,2020-08-10,20:32,0,40.0418,-1.0163,0.0,Zamorano J. et al. (2019). TESS-W sky brightness network. Zenodo monthly archives. https://zenodo.org/records/3378728. CC0 1.0.,TESS station stars18; photometric inflection method; night median MSAS=20.48; MSAS at inflection=21.04; depression=15.31°; smoothing=5-pt median; dark rows=484
fajr,2020-08-11,03:31,0,40.0418,-1.0163,0.0,Zamorano J. et al. (2019). TESS-W sky brightness network. Zenodo monthly archives. https://zenodo.org/records/3378728. CC0 1.0.,TESS station stars18; photometric inflection method; night median MSAS=20.48; MSAS at inflection=18.43; depression=17.53°; smoothing=5-pt median; dark rows=484
isha,2020-08-11,19:52,0,40.0418,-1.0163,0.0,Zamorano J. et al. (2019). TESS-W sky brightness network. Zenodo monthly archives. https://zenodo.org/records/3378728. CC0 1.0.,TESS station stars18; photometric inflection method; night median MSAS=20.82; MSAS at inflection=19.48; depression=8.99°; smoothing=5-pt median; dark rows=466
fajr,2020-08-12,04:15,0,40.0418,-1.0163,0.0,Zamorano J. et al. (2019). TESS-W sky brightness network. Zenodo monthly archives. https://zenodo.org/records/3378728. CC0 1.0.,TESS station stars18; photometric inflection method; night median MSAS=20.82; MSAS at inflection=18.56; depression=10.71°; smoothing=5-pt median; dark rows=466
isha,2020-08-12,20:06,0,40.0418,-1.0163,0.0,Zamorano J. et al. (2019). TESS-W sky brightness network. Zenodo monthly archives. https://zenodo.org/records/3378728. CC0 1.0.,TESS station stars18; photometric inflection method; night median MSAS=21.29; MSAS at inflection=19.34; depression=11.57°; smoothing=5-pt median; dark rows=504
fajr,2020-08-13,03:46,0,40.0418,-1.0163,0.0,Zamorano J. et al. (2019). TESS-W sky brightness network. Zenodo monthly archives. https://zenodo.org/records/3378728. CC0 1.0.,TESS station stars18; photometric inflection method; night median MSAS=21.29; MSAS at inflection=20.21; depression=15.73°; smoothing=5-pt median; dark rows=504
fajr,2020-08-14,03:46,0,40.0418,-1.0163,0.0,Zamorano J. et al. (2019). TESS-W sky brightness network. Zenodo monthly archives. https://zenodo.org/records/3378728. CC0 1.0.,TESS station stars18; photometric inflection method; night median MSAS=21.31; MSAS at inflection=20.95; depression=15.88°; smoothing=5-pt median; dark rows=99
isha,2020-08-14,20:06,0,40.0418,-1.0163,0.0,Zamorano J. et al. (2019). TESS-W sky brightness network. Zenodo monthly archives. https://zenodo.org/records/3378728. CC0 1.0.,TESS station stars18; photometric inflection method; night median MSAS=21.62; MSAS at inflection=19.68; depression=12.11°; smoothing=5-pt median; dark rows=101
isha,2020-08-17,20:08,0,40.0418,-1.0163,0.0,Zamorano J. et al. (2019). TESS-W sky brightness network. Zenodo monthly archives. https://zenodo.org/records/3378728. CC0 1.0.,TESS station stars18; photometric inflection method; night median MSAS=21.48; MSAS at inflection=20.80; depression=13.22°; smoothing=5-pt median; dark rows=517
fajr,2020-08-20,04:18,0,40.0418,-1.0163,0.0,Zamorano J. et al. (2019). TESS-W sky brightness network. Zenodo monthly archives. https://zenodo.org/records/3378728. CC0 1.0.,TESS station stars18; photometric inflection method; night median MSAS=21.38; MSAS at inflection=19.56; depression=11.77°; smoothing=5-pt median; dark rows=517
isha,2020-07-31,20:06,-7,32.223877,-110.767532,0.0,Zamorano J. et al. (2019). TESS-W sky brightness network. Zenodo monthly archives. https://zenodo.org/records/3378728. CC0 1.0.,TESS station stars19; photometric inflection method; night median MSAS=18.62; MSAS at inflection=17.46; depression=9.63°; smoothing=5-pt median; dark rows=378
fajr,2020-08-01,05:01,-7,32.223877,-110.767532,0.0,Zamorano J. et al. (2019). TESS-W sky brightness network. Zenodo monthly archives. https://zenodo.org/records/3378728. CC0 1.0.,TESS station stars19; photometric inflection method; night median MSAS=18.62; MSAS at inflection=16.39; depression=7.93°; smoothing=5-pt median; dark rows=378
isha,2020-08-01,20:05,-7,32.223877,-110.767532,0.0,Zamorano J. et al. (2019). TESS-W sky brightness network. Zenodo monthly archives. https://zenodo.org/records/3378728. CC0 1.0.,TESS station stars19; photometric inflection method; night median MSAS=17.72; MSAS at inflection=16.03; depression=9.63°; smoothing=5-pt median; dark rows=378
fajr,2020-08-04,05:02,-7,32.223877,-110.767532,0.0,Zamorano J. et al. (2019). TESS-W sky brightness network. Zenodo monthly archives. https://zenodo.org/records/3378728. CC0 1.0.,TESS station stars19; photometric inflection method; night median MSAS=18.16; MSAS at inflection=16.52; depression=8.15°; smoothing=5-pt median; dark rows=393
isha,2020-08-04,19:53,-7,32.223877,-110.767532,0.0,Zamorano J. et al. (2019). TESS-W sky brightness network. Zenodo monthly archives. https://zenodo.org/records/3378728. CC0 1.0.,TESS station stars19; photometric inflection method; night median MSAS=18.43; MSAS at inflection=16.12; depression=7.83°; smoothing=5-pt median; dark rows=405
fajr,2020-08-05,05:01,-7,32.223877,-110.767532,0.0,Zamorano J. et al. (2019). TESS-W sky brightness network. Zenodo monthly archives. https://zenodo.org/records/3378728. CC0 1.0.,TESS station stars19; photometric inflection method; night median MSAS=18.43; MSAS at inflection=17.07; depression=8.58°; smoothing=5-pt median; dark rows=405
fajr,2020-08-07,04:59,-7,32.223877,-110.767532,0.0,Zamorano J. et al. (2019). TESS-W sky brightness network. Zenodo monthly archives. https://zenodo.org/records/3378728. CC0 1.0.,TESS station stars19; photometric inflection method; night median MSAS=18.50; MSAS at inflection=17.35; depression=9.13°; smoothing=5-pt median; dark rows=390
fajr,2020-08-08,04:58,-7,32.223877,-110.767532,0.0,Zamorano J. et al. (2019). TESS-W sky brightness network. Zenodo monthly archives. https://zenodo.org/records/3378728. CC0 1.0.,TESS station stars19; photometric inflection method; night median MSAS=18.38; MSAS at inflection=17.21; depression=9.61°; smoothing=5-pt median; dark rows=387
isha,2020-08-08,20:05,-7,32.223877,-110.767532,0.0,Zamorano J. et al. (2019). TESS-W sky brightness network. Zenodo monthly archives. https://zenodo.org/records/3378728. CC0 1.0.,TESS station stars19; photometric inflection method; night median MSAS=19.20; MSAS at inflection=18.68; depression=10.97°; smoothing=5-pt median; dark rows=400
fajr,2020-08-09,04:47,-7,32.223877,-110.767532,0.0,Zamorano J. et al. (2019). TESS-W sky brightness network. Zenodo monthly archives. https://zenodo.org/records/3378728. CC0 1.0.,TESS station stars19; photometric inflection method; night median MSAS=19.20; MSAS at inflection=18.10; depression=11.70°; smoothing=5-pt median; dark rows=400
isha,2020-08-09,20:17,-7,32.223877,-110.767532,0.0,Zamorano J. et al. (2019). TESS-W sky brightness network. Zenodo monthly archives. https://zenodo.org/records/3378728. CC0 1.0.,TESS station stars19; photometric inflection method; night median MSAS=19.91; MSAS at inflection=19.83; depression=13.43°; smoothing=5-pt median; dark rows=394
fajr,2020-08-10,04:49,-7,32.223877,-110.767532,0.0,Zamorano J. et al. (2019). TESS-W sky brightness network. Zenodo monthly archives. https://zenodo.org/records/3378728. CC0 1.0.,TESS station stars19; photometric inflection method; night median MSAS=19.91; MSAS at inflection=18.23; depression=11.58°; smoothing=5-pt median; dark rows=394
isha,2020-08-10,20:24,-7,32.223877,-110.767532,0.0,Zamorano J. et al. (2019). TESS-W sky brightness network. Zenodo monthly archives. https://zenodo.org/records/3378728. CC0 1.0.,TESS station stars19; photometric inflection method; night median MSAS=19.16; MSAS at inflection=20.03; depression=14.93°; smoothing=5-pt median; dark rows=394
fajr,2020-08-11,04:28,-7,32.223877,-110.767532,0.0,Zamorano J. et al. (2019). TESS-W sky brightness network. Zenodo monthly archives. https://zenodo.org/records/3378728. CC0 1.0.,TESS station stars19; photometric inflection method; night median MSAS=19.16; MSAS at inflection=18.73; depression=15.58°; smoothing=5-pt median; dark rows=394
isha,2020-08-11,20:17,-7,32.223877,-110.767532,0.0,Zamorano J. et al. (2019). TESS-W sky brightness network. Zenodo monthly archives. https://zenodo.org/records/3378728. CC0 1.0.,TESS station stars19; photometric inflection method; night median MSAS=17.96; MSAS at inflection=17.87; depression=13.87°; smoothing=5-pt median; dark rows=374
isha,2020-08-13,19:51,-7,32.223877,-110.767532,0.0,Zamorano J. et al. (2019). TESS-W sky brightness network. Zenodo monthly archives. https://zenodo.org/records/3378728. CC0 1.0.,TESS station stars19; photometric inflection method; night median MSAS=19.02; MSAS at inflection=16.68; depression=9.27°; smoothing=5-pt median; dark rows=382
fajr,2020-08-14,05:07,-7,32.223877,-110.767532,0.0,Zamorano J. et al. (2019). TESS-W sky brightness network. Zenodo monthly archives. https://zenodo.org/records/3378728. CC0 1.0.,TESS station stars19; photometric inflection method; night median MSAS=19.02; MSAS at inflection=16.96; depression=8.63°; smoothing=5-pt median; dark rows=382
fajr,2020-08-16,05:00,-7,32.223877,-110.767532,0.0,Zamorano J. et al. (2019). TESS-W sky brightness network. Zenodo monthly archives. https://zenodo.org/records/3378728. CC0 1.0.,TESS station stars19; photometric inflection method; night median MSAS=18.98; MSAS at inflection=18.81; depression=10.41°; smoothing=5-pt median; dark rows=420
isha,2020-08-16,19:39,-7,32.223877,-110.767532,0.0,Zamorano J. et al. (2019). TESS-W sky brightness network. Zenodo monthly archives. https://zenodo.org/records/3378728. CC0 1.0.,TESS station stars19; photometric inflection method; night median MSAS=18.63; MSAS at inflection=16.19; depression=7.71°; smoothing=5-pt median; dark rows=384
fajr,2020-08-17,05:14,-7,32.223877,-110.767532,0.0,Zamorano J. et al. (2019). TESS-W sky brightness network. Zenodo monthly archives. https://zenodo.org/records/3378728. CC0 1.0.,TESS station stars19; photometric inflection method; night median MSAS=18.63; MSAS at inflection=16.28; depression=7.66°; smoothing=5-pt median; dark rows=384
isha,2020-08-17,19:59,-7,32.223877,-110.767532,0.0,Zamorano J. et al. (2019). TESS-W sky brightness network. Zenodo monthly archives. https://zenodo.org/records/3378728. CC0 1.0.,TESS station stars19; photometric inflection method; night median MSAS=20.04; MSAS at inflection=19.03; depression=11.89°; smoothing=5-pt median; dark rows=414
fajr,2020-08-19,05:08,-7,32.223877,-110.767532,0.0,Zamorano J. et al. (2019). TESS-W sky brightness network. Zenodo monthly archives. https://zenodo.org/records/3378728. CC0 1.0.,TESS station stars19; photometric inflection method; night median MSAS=19.73; MSAS at inflection=17.58; depression=9.31°; smoothing=5-pt median; dark rows=398
isha,2020-08-19,19:51,-7,32.223877,-110.767532,0.0,Zamorano J. et al. (2019). TESS-W sky brightness network. Zenodo monthly archives. https://zenodo.org/records/3378728. CC0 1.0.,TESS station stars19; photometric inflection method; night median MSAS=19.79; MSAS at inflection=18.59; depression=10.66°; smoothing=5-pt median; dark rows=398
fajr,2020-08-20,04:58,-7,32.223877,-110.767532,0.0,Zamorano J. et al. (2019). TESS-W sky brightness network. Zenodo monthly archives. https://zenodo.org/records/3378728. CC0 1.0.,TESS station stars19; photometric inflection method; night median MSAS=19.79; MSAS at inflection=19.22; depression=11.35°; smoothing=5-pt median; dark rows=398
isha,2020-08-21,19:47,-7,32.223877,-110.767532,0.0,Zamorano J. et al. (2019). TESS-W sky brightness network. Zenodo monthly archives. https://zenodo.org/records/3378728. CC0 1.0.,TESS station stars19; photometric inflection method; night median MSAS=19.60; MSAS at inflection=18.40; depression=10.44°; smoothing=5-pt median; dark rows=402
fajr,2020-08-22,05:05,-7,32.223877,-110.767532,0.0,Zamorano J. et al. (2019). TESS-W sky brightness network. Zenodo monthly archives. https://zenodo.org/records/3378728. CC0 1.0.,TESS station stars19; photometric inflection method; night median MSAS=19.60; MSAS at inflection=18.13; depression=10.27°; smoothing=5-pt median; dark rows=402
isha,2020-08-22,19:55,-7,32.223877,-110.767532,0.0,Zamorano J. et al. (2019). TESS-W sky brightness network. Zenodo monthly archives. https://zenodo.org/records/3378728. CC0 1.0.,TESS station stars19; photometric inflection method; night median MSAS=18.18; MSAS at inflection=18.18; depression=12.17°; smoothing=5-pt median; dark rows=400
fajr,2020-08-23,04:59,-7,32.223877,-110.767532,0.0,Zamorano J. et al. (2019). TESS-W sky brightness network. Zenodo monthly archives. https://zenodo.org/records/3378728. CC0 1.0.,TESS station stars19; photometric inflection method; night median MSAS=18.18; MSAS at inflection=19.51; depression=11.64°; smoothing=5-pt median; dark rows=400
fajr,2020-08-24,05:14,-7,32.223877,-110.767532,0.0,Zamorano J. et al. (2019). TESS-W sky brightness network. Zenodo monthly archives. https://zenodo.org/records/3378728. CC0 1.0.,TESS station stars19; photometric inflection method; night median MSAS=19.38; MSAS at inflection=17.07; depression=8.82°; smoothing=5-pt median; dark rows=405
isha,2020-08-24,19:39,-7,32.223877,-110.767532,0.0,Zamorano J. et al. (2019). TESS-W sky brightness network. Zenodo monthly archives. https://zenodo.org/records/3378728. CC0 1.0.,TESS station stars19; photometric inflection method; night median MSAS=18.94; MSAS at inflection=16.91; depression=9.68°; smoothing=5-pt median; dark rows=435
fajr,2020-08-25,05:13,-7,32.223877,-110.767532,0.0,Zamorano J. et al. (2019). TESS-W sky brightness network. Zenodo monthly archives. https://zenodo.org/records/3378728. CC0 1.0.,TESS station stars19; photometric inflection method; night median MSAS=18.94; MSAS at inflection=17.46; depression=9.02°; smoothing=5-pt median; dark rows=435
fajr,2020-08-26,05:09,-7,32.223877,-110.767532,0.0,Zamorano J. et al. (2019). TESS-W sky brightness network. Zenodo monthly archives. https://zenodo.org/records/3378728. CC0 1.0.,TESS station stars19; photometric inflection method; night median MSAS=19.62; MSAS at inflection=18.14; depression=10.07°; smoothing=5-pt median; dark rows=426
isha,2020-08-26,19:37,-7,32.223877,-110.767532,0.0,Zamorano J. et al. (2019). TESS-W sky brightness network. Zenodo monthly archives. https://zenodo.org/records/3378728. CC0 1.0.,TESS station stars19; photometric inflection method; night median MSAS=19.54; MSAS at inflection=17.84; depression=9.81°; smoothing=5-pt median; dark rows=420
fajr,2020-08-27,05:10,-7,32.223877,-110.767532,0.0,Zamorano J. et al. (2019). TESS-W sky brightness network. Zenodo monthly archives. https://zenodo.org/records/3378728. CC0 1.0.,TESS station stars19; photometric inflection method; night median MSAS=19.54; MSAS at inflection=17.94; depression=10.08°; smoothing=5-pt median; dark rows=420
isha,2020-08-27,19:40,-7,32.223877,-110.767532,0.0,Zamorano J. et al. (2019). TESS-W sky brightness network. Zenodo monthly archives. https://zenodo.org/records/3378728. CC0 1.0.,TESS station stars19; photometric inflection method; night median MSAS=19.19; MSAS at inflection=17.85; depression=10.55°; smoothing=5-pt median; dark rows=433
fajr,2020-08-29,05:15,-7,32.223877,-110.767532,0.0,Zamorano J. et al. (2019). TESS-W sky brightness network. Zenodo monthly archives. https://zenodo.org/records/3378728. CC0 1.0.,TESS station stars19; photometric inflection method; night median MSAS=18.51; MSAS at inflection=17.67; depression=9.29°; smoothing=5-pt median; dark rows=442
isha,2020-08-01,20:16,0,41.001299,-2.492408,0.0,Zamorano J. et al. (2019). TESS-W sky brightness network. Zenodo monthly archives. https://zenodo.org/records/3378728. CC0 1.0.,TESS station stars2; photometric inflection method; night median MSAS=18.90; MSAS at inflection=17.09; depression=9.24°; smoothing=5-pt median; dark rows=464
fajr,2020-08-02,04:20,0,41.001299,-2.492408,0.0,Zamorano J. et al. (2019). TESS-W sky brightness network. Zenodo monthly archives. https://zenodo.org/records/3378728. CC0 1.0.,TESS station stars2; photometric inflection method; night median MSAS=18.90; MSAS at inflection=16.95; depression=8.62°; smoothing=5-pt median; dark rows=464
isha,2020-08-02,20:28,0,41.001299,-2.492408,0.0,Zamorano J. et al. (2019). TESS-W sky brightness network. Zenodo monthly archives. https://zenodo.org/records/3378728. CC0 1.0.,TESS station stars2; photometric inflection method; night median MSAS=18.27; MSAS at inflection=18.90; depression=11.30°; smoothing=5-pt median; dark rows=470
isha,2020-08-03,20:14,0,41.001299,-2.492408,0.0,Zamorano J. et al. (2019). TESS-W sky brightness network. Zenodo monthly archives. https://zenodo.org/records/3378728. CC0 1.0.,TESS station stars2; photometric inflection method; night median MSAS=18.44; MSAS at inflection=17.26; depression=9.35°; smoothing=5-pt median; dark rows=472
fajr,2020-08-04,03:56,0,41.001299,-2.492408,0.0,Zamorano J. et al. (2019). TESS-W sky brightness network. Zenodo monthly archives. https://zenodo.org/records/3378728. CC0 1.0.,TESS station stars2; photometric inflection method; night median MSAS=18.44; MSAS at inflection=18.54; depression=12.71°; smoothing=5-pt median; dark rows=472
fajr,2020-08-05,04:25,0,41.001299,-2.492408,0.0,Zamorano J. et al. (2019). TESS-W sky brightness network. Zenodo monthly archives. https://zenodo.org/records/3378728. CC0 1.0.,TESS station stars2; photometric inflection method; night median MSAS=18.57; MSAS at inflection=16.29; depression=8.30°; smoothing=5-pt median; dark rows=475
isha,2020-08-05,20:19,0,41.001299,-2.492408,0.0,Zamorano J. et al. (2019). TESS-W sky brightness network. Zenodo monthly archives. https://zenodo.org/records/3378728. CC0 1.0.,TESS station stars2; photometric inflection method; night median MSAS=18.99; MSAS at inflection=18.38; depression=10.63°; smoothing=5-pt median; dark rows=475
fajr,2020-08-07,04:20,0,41.001299,-2.492408,0.0,Zamorano J. et al. (2019). TESS-W sky brightness network. Zenodo monthly archives. https://zenodo.org/records/3378728. CC0 1.0.,TESS station stars2; photometric inflection method; night median MSAS=19.24; MSAS at inflection=17.09; depression=9.42°; smoothing=5-pt median; dark rows=476
isha,2020-08-07,21:26,0,41.001299,-2.492408,0.0,Zamorano J. et al. (2019). TESS-W sky brightness network. Zenodo monthly archives. https://zenodo.org/records/3378728. CC0 1.0.,TESS station stars2; photometric inflection method; night median MSAS=19.49; MSAS at inflection=21.34; depression=20.80°; smoothing=5-pt median; dark rows=480
isha,2020-08-09,20:15,0,41.001299,-2.492408,0.0,Zamorano J. et al. (2019). TESS-W sky brightness network. Zenodo monthly archives. https://zenodo.org/records/3378728. CC0 1.0.,TESS station stars2; photometric inflection method; night median MSAS=19.78; MSAS at inflection=18.97; depression=10.87°; smoothing=5-pt median; dark rows=475
fajr,2020-08-10,03:40,0,41.001299,-2.492408,0.0,Zamorano J. et al. (2019). TESS-W sky brightness network. Zenodo monthly archives. https://zenodo.org/records/3378728. CC0 1.0.,TESS station stars2; photometric inflection method; night median MSAS=19.78; MSAS at inflection=19.16; depression=16.34°; smoothing=5-pt median; dark rows=475
isha,2020-08-11,20:25,0,41.001299,-2.492408,0.0,Zamorano J. et al. (2019). TESS-W sky brightness network. Zenodo monthly archives. https://zenodo.org/records/3378728. CC0 1.0.,TESS station stars2; photometric inflection method; night median MSAS=20.60; MSAS at inflection=20.10; depression=13.00°; smoothing=5-pt median; dark rows=448
isha,2020-08-12,20:21,0,41.001299,-2.492408,0.0,Zamorano J. et al. (2019). TESS-W sky brightness network. Zenodo monthly archives. https://zenodo.org/records/3378728. CC0 1.0.,TESS station stars2; photometric inflection method; night median MSAS=21.05; MSAS at inflection=20.26; depression=12.49°; smoothing=5-pt median; dark rows=482
fajr,2020-08-14,03:58,0,41.001299,-2.492408,0.0,Zamorano J. et al. (2019). TESS-W sky brightness network. Zenodo monthly archives. https://zenodo.org/records/3378728. CC0 1.0.,TESS station stars2; photometric inflection method; night median MSAS=21.18; MSAS at inflection=20.74; depression=14.34°; smoothing=5-pt median; dark rows=493
isha,2020-08-14,20:09,0,41.001299,-2.492408,0.0,Zamorano J. et al. (2019). TESS-W sky brightness network. Zenodo monthly archives. https://zenodo.org/records/3378728. CC0 1.0.,TESS station stars2; photometric inflection method; night median MSAS=21.18; MSAS at inflection=18.98; depression=11.12°; smoothing=5-pt median; dark rows=481
isha,2020-08-15,20:37,0,41.001299,-2.492408,0.0,Zamorano J. et al. (2019). TESS-W sky brightness network. Zenodo monthly archives. https://zenodo.org/records/3378728. CC0 1.0.,TESS station stars2; photometric inflection method; night median MSAS=21.25; MSAS at inflection=21.38; depression=15.82°; smoothing=5-pt median; dark rows=502
fajr,2020-08-16,03:51,0,41.001299,-2.492408,0.0,Zamorano J. et al. (2019). TESS-W sky brightness network. Zenodo monthly archives. https://zenodo.org/records/3378728. CC0 1.0.,TESS station stars2; photometric inflection method; night median MSAS=21.25; MSAS at inflection=21.33; depression=15.82°; smoothing=5-pt median; dark rows=502
isha,2020-08-17,20:02,0,41.001299,-2.492408,0.0,Zamorano J. et al. (2019). TESS-W sky brightness network. Zenodo monthly archives. https://zenodo.org/records/3378728. CC0 1.0.,TESS station stars2; photometric inflection method; night median MSAS=21.22; MSAS at inflection=18.87; depression=10.84°; smoothing=5-pt median; dark rows=470
fajr,2020-08-18,04:23,0,41.001299,-2.492408,0.0,Zamorano J. et al. (2019). TESS-W sky brightness network. Zenodo monthly archives. https://zenodo.org/records/3378728. CC0 1.0.,TESS station stars2; photometric inflection method; night median MSAS=21.22; MSAS at inflection=19.51; depression=11.14°; smoothing=5-pt median; dark rows=470
fajr,2020-08-20,04:04,0,41.001299,-2.492408,0.0,Zamorano J. et al. (2019). TESS-W sky brightness network. Zenodo monthly archives. https://zenodo.org/records/3378728. CC0 1.0.,TESS station stars2; photometric inflection method; night median MSAS=21.30; MSAS at inflection=21.14; depression=14.59°; smoothing=5-pt median; dark rows=514
fajr,2020-08-21,04:25,0,41.001299,-2.492408,0.0,Zamorano J. et al. (2019). TESS-W sky brightness network. Zenodo monthly archives. https://zenodo.org/records/3378728. CC0 1.0.,TESS station stars2; photometric inflection method; night median MSAS=21.31; MSAS at inflection=19.52; depression=11.47°; smoothing=5-pt median; dark rows=515
isha,2020-08-23,19:57,0,41.001299,-2.492408,0.0,Zamorano J. et al. (2019). TESS-W sky brightness network. Zenodo monthly archives. https://zenodo.org/records/3378728. CC0 1.0.,TESS station stars2; photometric inflection method; night median MSAS=21.18; MSAS at inflection=19.29; depression=11.58°; smoothing=5-pt median; dark rows=524
fajr,2020-08-24,03:53,0,41.001299,-2.492408,0.0,Zamorano J. et al. (2019). TESS-W sky brightness network. Zenodo monthly archives. https://zenodo.org/records/3378728. CC0 1.0.,TESS station stars2; photometric inflection method; night median MSAS=21.18; MSAS at inflection=20.96; depression=17.21°; smoothing=5-pt median; dark rows=524
isha,2020-08-25,20:06,0,41.001299,-2.492408,0.0,Zamorano J. et al. (2019). TESS-W sky brightness network. Zenodo monthly archives. https://zenodo.org/records/3378728. CC0 1.0.,TESS station stars2; photometric inflection method; night median MSAS=21.20; MSAS at inflection=19.85; depression=13.78°; smoothing=5-pt median; dark rows=527
fajr,2020-08-28,04:30,0,41.001299,-2.492408,0.0,Zamorano J. et al. (2019). TESS-W sky brightness network. Zenodo monthly archives. https://zenodo.org/records/3378728. CC0 1.0.,TESS station stars2; photometric inflection method; night median MSAS=20.33; MSAS at inflection=20.09; depression=12.05°; smoothing=5-pt median; dark rows=536
fajr,2020-08-29,04:32,0,41.001299,-2.492408,0.0,Zamorano J. et al. (2019). TESS-W sky brightness network. Zenodo monthly archives. https://zenodo.org/records/3378728. CC0 1.0.,TESS station stars2; photometric inflection method; night median MSAS=19.51; MSAS at inflection=20.13; depression=11.81°; smoothing=5-pt median; dark rows=527
isha,2020-08-30,19:30,0,41.001299,-2.492408,0.0,Zamorano J. et al. (2019). TESS-W sky brightness network. Zenodo monthly archives. https://zenodo.org/records/3378728. CC0 1.0.,TESS station stars2; photometric inflection method; night median MSAS=19.31; MSAS at inflection=17.10; depression=9.11°; smoothing=5-pt median; dark rows=543
isha,2020-08-31,19:39,0,41.001299,-2.492408,0.0,Zamorano J. et al. (2019). TESS-W sky brightness network. Zenodo monthly archives. https://zenodo.org/records/3378728. CC0 1.0.,TESS station stars2; photometric inflection method; night median MSAS=18.73; MSAS at inflection=19.07; depression=10.91°; smoothing=5-pt median; dark rows=266
isha,2020-08-02,20:16,0,38.755452,-6.984508,0.0,Zamorano J. et al. (2019). TESS-W sky brightness network. Zenodo monthly archives. https://zenodo.org/records/3378728. CC0 1.0.,TESS station stars201; photometric inflection method; night median MSAS=17.94; MSAS at inflection=15.66; depression=7.67°; smoothing=5-pt median; dark rows=487
fajr,2020-08-03,03:28,0,38.755452,-6.984508,0.0,Zamorano J. et al. (2019). TESS-W sky brightness network. Zenodo monthly archives. https://zenodo.org/records/3378728. CC0 1.0.,TESS station stars201; photometric inflection method; night median MSAS=17.94; MSAS at inflection=18.62; depression=20.61°; smoothing=5-pt median; dark rows=487
isha,2020-08-03,20:20,0,38.755452,-6.984508,0.0,Zamorano J. et al. (2019). TESS-W sky brightness network. Zenodo monthly archives. https://zenodo.org/records/3378728. CC0 1.0.,TESS station stars201; photometric inflection method; night median MSAS=17.80; MSAS at inflection=15.61; depression=8.59°; smoothing=5-pt median; dark rows=489
isha,2020-08-04,20:21,0,38.755452,-6.984508,0.0,Zamorano J. et al. (2019). TESS-W sky brightness network. Zenodo monthly archives. https://zenodo.org/records/3378728. CC0 1.0.,TESS station stars201; photometric inflection method; night median MSAS=18.16; MSAS at inflection=16.45; depression=8.94°; smoothing=5-pt median; dark rows=491
isha,2020-08-05,20:28,0,38.755452,-6.984508,0.0,Zamorano J. et al. (2019). TESS-W sky brightness network. Zenodo monthly archives. https://zenodo.org/records/3378728. CC0 1.0.,TESS station stars201; photometric inflection method; night median MSAS=18.28; MSAS at inflection=17.67; depression=10.32°; smoothing=5-pt median; dark rows=493
isha,2020-08-06,20:31,0,38.755452,-6.984508,0.0,Zamorano J. et al. (2019). TESS-W sky brightness network. Zenodo monthly archives. https://zenodo.org/records/3378728. CC0 1.0.,TESS station stars201; photometric inflection method; night median MSAS=18.54; MSAS at inflection=18.58; depression=11.03°; smoothing=5-pt median; dark rows=496
fajr,2020-08-07,04:40,0,38.755452,-6.984508,0.0,Zamorano J. et al. (2019). TESS-W sky brightness network. Zenodo monthly archives. https://zenodo.org/records/3378728. CC0 1.0.,TESS station stars201; photometric inflection method; night median MSAS=18.54; MSAS at inflection=17.55; depression=10.40°; smoothing=5-pt median; dark rows=496
isha,2020-08-07,20:21,0,38.755452,-6.984508,0.0,Zamorano J. et al. (2019). TESS-W sky brightness network. Zenodo monthly archives. https://zenodo.org/records/3378728. CC0 1.0.,TESS station stars201; photometric inflection method; night median MSAS=18.41; MSAS at inflection=17.30; depression=9.59°; smoothing=5-pt median; dark rows=498
isha,2020-08-08,20:22,0,38.755452,-6.984508,0.0,Zamorano J. et al. (2019). TESS-W sky brightness network. Zenodo monthly archives. https://zenodo.org/records/3378728. CC0 1.0.,TESS station stars201; photometric inflection method; night median MSAS=19.31; MSAS at inflection=17.64; depression=9.99°; smoothing=5-pt median; dark rows=500
fajr,2020-08-09,03:45,0,38.755452,-6.984508,0.0,Zamorano J. et al. (2019). TESS-W sky brightness network. Zenodo monthly archives. https://zenodo.org/records/3378728. CC0 1.0.,TESS station stars201; photometric inflection method; night median MSAS=19.31; MSAS at inflection=18.49; depression=19.40°; smoothing=5-pt median; dark rows=500
isha,2020-08-10,20:29,0,38.755452,-6.984508,0.0,Zamorano J. et al. (2019). TESS-W sky brightness network. Zenodo monthly archives. https://zenodo.org/records/3378728. CC0 1.0.,TESS station stars201; photometric inflection method; night median MSAS=19.98; MSAS at inflection=19.32; depression=11.65°; smoothing=5-pt median; dark rows=504
isha,2020-08-11,20:21,0,38.755452,-6.984508,0.0,Zamorano J. et al. (2019). TESS-W sky brightness network. Zenodo monthly archives. https://zenodo.org/records/3378728. CC0 1.0.,TESS station stars201; photometric inflection method; night median MSAS=19.93; MSAS at inflection=18.26; depression=10.52°; smoothing=5-pt median; dark rows=506
fajr,2020-08-12,04:04,0,38.755452,-6.984508,0.0,Zamorano J. et al. (2019). TESS-W sky brightness network. Zenodo monthly archives. https://zenodo.org/records/3378728. CC0 1.0.,TESS station stars201; photometric inflection method; night median MSAS=19.93; MSAS at inflection=18.79; depression=17.09°; smoothing=5-pt median; dark rows=506
isha,2020-08-12,20:21,0,38.755452,-6.984508,0.0,Zamorano J. et al. (2019). TESS-W sky brightness network. Zenodo monthly archives. https://zenodo.org/records/3378728. CC0 1.0.,TESS station stars201; photometric inflection method; night median MSAS=20.49; MSAS at inflection=18.35; depression=10.78°; smoothing=5-pt median; dark rows=511
isha,2020-08-19,04:23,0,38.755452,-6.984508,0.0,Zamorano J. et al. (2019). TESS-W sky brightness network. Zenodo monthly archives. https://zenodo.org/records/3378728. CC0 1.0.,TESS station stars201; photometric inflection method; night median MSAS=20.76; MSAS at inflection=20.68; depression=15.40°; smoothing=5-pt median; dark rows=77
fajr,2020-08-19,04:41,0,38.755452,-6.984508,0.0,Zamorano J. et al. (2019). TESS-W sky brightness network. Zenodo monthly archives. https://zenodo.org/records/3378728. CC0 1.0.,TESS station stars201; photometric inflection method; night median MSAS=20.76; MSAS at inflection=19.69; depression=12.33°; smoothing=5-pt median; dark rows=77
isha,2020-08-19,20:16,0,38.755452,-6.984508,0.0,Zamorano J. et al. (2019). TESS-W sky brightness network. Zenodo monthly archives. https://zenodo.org/records/3378728. CC0 1.0.,TESS station stars201; photometric inflection method; night median MSAS=20.63; MSAS at inflection=19.09; depression=11.72°; smoothing=5-pt median; dark rows=528
isha,2020-08-21,20:10,0,38.755452,-6.984508,0.0,Zamorano J. et al. (2019). TESS-W sky brightness network. Zenodo monthly archives. https://zenodo.org/records/3378728. CC0 1.0.,TESS station stars201; photometric inflection method; night median MSAS=20.53; MSAS at inflection=18.76; depression=11.21°; smoothing=5-pt median; dark rows=533
isha,2020-08-23,03:54,0,38.755452,-6.984508,0.0,Zamorano J. et al. (2019). TESS-W sky brightness network. Zenodo monthly archives. https://zenodo.org/records/3378728. CC0 1.0.,TESS station stars201; photometric inflection method; night median MSAS=20.69; MSAS at inflection=20.69; depression=21.00°; smoothing=5-pt median; dark rows=143
isha,2020-08-25,04:00,0,38.755452,-6.984508,0.0,Zamorano J. et al. (2019). TESS-W sky brightness network. Zenodo monthly archives. https://zenodo.org/records/3378728. CC0 1.0.,TESS station stars201; photometric inflection method; night median MSAS=20.66; MSAS at inflection=20.63; depression=20.45°; smoothing=5-pt median; dark rows=150
fajr,2020-08-25,04:55,0,38.755452,-6.984508,0.0,Zamorano J. et al. (2019). TESS-W sky brightness network. Zenodo monthly archives. https://zenodo.org/records/3378728. CC0 1.0.,TESS station stars201; photometric inflection method; night median MSAS=20.66; MSAS at inflection=18.53; depression=11.00°; smoothing=5-pt median; dark rows=150
isha,2020-08-26,20:03,0,38.755452,-6.984508,0.0,Zamorano J. et al. (2019). TESS-W sky brightness network. Zenodo monthly archives. https://zenodo.org/records/3378728. CC0 1.0.,TESS station stars201; photometric inflection method; night median MSAS=20.51; MSAS at inflection=18.53; depression=11.39°; smoothing=5-pt median; dark rows=546
isha,2020-08-27,19:58,0,38.755452,-6.984508,0.0,Zamorano J. et al. (2019). TESS-W sky brightness network. Zenodo monthly archives. https://zenodo.org/records/3378728. CC0 1.0.,TESS station stars201; photometric inflection method; night median MSAS=20.21; MSAS at inflection=17.99; depression=10.78°; smoothing=5-pt median; dark rows=549
isha,2020-08-28,19:56,0,38.755452,-6.984508,0.0,Zamorano J. et al. (2019). TESS-W sky brightness network. Zenodo monthly archives. https://zenodo.org/records/3378728. CC0 1.0.,TESS station stars201; photometric inflection method; night median MSAS=19.32; MSAS at inflection=17.99; depression=10.73°; smoothing=5-pt median; dark rows=552
fajr,2020-08-29,04:58,0,38.755452,-6.984508,0.0,Zamorano J. et al. (2019). TESS-W sky brightness network. Zenodo monthly archives. https://zenodo.org/records/3378728. CC0 1.0.,TESS station stars201; photometric inflection method; night median MSAS=19.32; MSAS at inflection=19.02; depression=11.21°; smoothing=5-pt median; dark rows=552
isha,2020-08-29,19:49,0,38.755452,-6.984508,0.0,Zamorano J. et al. (2019). TESS-W sky brightness network. Zenodo monthly archives. https://zenodo.org/records/3378728. CC0 1.0.,TESS station stars201; photometric inflection method; night median MSAS=18.86; MSAS at inflection=17.36; depression=9.72°; smoothing=5-pt median; dark rows=554
fajr,2020-08-30,05:05,0,38.755452,-6.984508,0.0,Zamorano J. et al. (2019). TESS-W sky brightness network. Zenodo monthly archives. https://zenodo.org/records/3378728. CC0 1.0.,TESS station stars201; photometric inflection method; night median MSAS=18.86; MSAS at inflection=17.97; depression=10.15°; smoothing=5-pt median; dark rows=554
isha,2020-08-30,20:21,0,38.755452,-6.984508,0.0,Zamorano J. et al. (2019). TESS-W sky brightness network. Zenodo monthly archives. https://zenodo.org/records/3378728. CC0 1.0.,TESS station stars201; photometric inflection method; night median MSAS=18.50; MSAS at inflection=18.62; depression=15.81°; smoothing=5-pt median; dark rows=557
fajr,2020-08-31,04:02,0,38.755452,-6.984508,0.0,Zamorano J. et al. (2019). TESS-W sky brightness network. Zenodo monthly archives. https://zenodo.org/records/3378728. CC0 1.0.,TESS station stars201; photometric inflection method; night median MSAS=18.50; MSAS at inflection=20.51; depression=21.41°; smoothing=5-pt median; dark rows=557
isha,2020-08-01,23:37,0,50.788799,4.829018,0.0,Zamorano J. et al. (2019). TESS-W sky brightness network. Zenodo monthly archives. https://zenodo.org/records/3378728. CC0 1.0.,TESS station stars209; photometric inflection method; night median MSAS=18.53; MSAS at inflection=18.21; depression=21.48°; smoothing=5-pt median; dark rows=374
fajr,2020-08-03,02:19,0,50.788799,4.829018,0.0,Zamorano J. et al. (2019). TESS-W sky brightness network. Zenodo monthly archives. https://zenodo.org/records/3378728. CC0 1.0.,TESS station stars209; photometric inflection method; night median MSAS=18.39; MSAS at inflection=18.58; depression=13.99°; smoothing=5-pt median; dark rows=378
isha,2020-08-03,21:21,0,50.788799,4.829018,0.0,Zamorano J. et al. (2019). TESS-W sky brightness network. Zenodo monthly archives. https://zenodo.org/records/3378728. CC0 1.0.,TESS station stars209; photometric inflection method; night median MSAS=17.92; MSAS at inflection=17.94; depression=14.95°; smoothing=5-pt median; dark rows=382
isha,2020-08-05,20:27,0,50.788799,4.829018,0.0,Zamorano J. et al. (2019). TESS-W sky brightness network. Zenodo monthly archives. https://zenodo.org/records/3378728. CC0 1.0.,TESS station stars209; photometric inflection method; night median MSAS=18.48; MSAS at inflection=17.71; depression=9.77°; smoothing=5-pt median; dark rows=390
isha,2020-08-06,20:44,0,50.788799,4.829018,0.0,Zamorano J. et al. (2019). TESS-W sky brightness network. Zenodo monthly archives. https://zenodo.org/records/3378728. CC0 1.0.,TESS station stars209; photometric inflection method; night median MSAS=18.79; MSAS at inflection=19.20; depression=11.92°; smoothing=5-pt median; dark rows=394
fajr,2020-08-08,02:54,0,50.788799,4.829018,0.0,Zamorano J. et al. (2019). TESS-W sky brightness network. Zenodo monthly archives. https://zenodo.org/records/3378728. CC0 1.0.,TESS station stars209; photometric inflection method; night median MSAS=19.04; MSAS at inflection=18.08; depression=11.51°; smoothing=5-pt median; dark rows=398
isha,2020-08-08,20:39,0,50.788799,4.829018,0.0,Zamorano J. et al. (2019). TESS-W sky brightness network. Zenodo monthly archives. https://zenodo.org/records/3378728. CC0 1.0.,TESS station stars209; photometric inflection method; night median MSAS=18.04; MSAS at inflection=17.83; depression=11.91°; smoothing=5-pt median; dark rows=403
fajr,2020-08-10,02:41,0,50.788799,4.829018,0.0,Zamorano J. et al. (2019). TESS-W sky brightness network. Zenodo monthly archives. https://zenodo.org/records/3378728. CC0 1.0.,TESS station stars209; photometric inflection method; night median MSAS=18.98; MSAS at inflection=17.67; depression=13.51°; smoothing=5-pt median; dark rows=407
isha,2020-08-11,20:09,0,50.788799,4.829018,0.0,Zamorano J. et al. (2019). TESS-W sky brightness network. Zenodo monthly archives. https://zenodo.org/records/3378728. CC0 1.0.,TESS station stars209; photometric inflection method; night median MSAS=19.68; MSAS at inflection=17.18; depression=9.16°; smoothing=5-pt median; dark rows=411
isha,2020-08-12,21:12,0,50.788799,4.829018,0.0,Zamorano J. et al. (2019). TESS-W sky brightness network. Zenodo monthly archives. https://zenodo.org/records/3378728. CC0 1.0.,TESS station stars209; photometric inflection method; night median MSAS=19.05; MSAS at inflection=18.83; depression=16.57°; smoothing=5-pt median; dark rows=420
fajr,2020-08-13,02:42,0,50.788799,4.829018,0.0,Zamorano J. et al. (2019). TESS-W sky brightness network. Zenodo monthly archives. https://zenodo.org/records/3378728. CC0 1.0.,TESS station stars209; photometric inflection method; night median MSAS=19.05; MSAS at inflection=18.45; depression=14.08°; smoothing=5-pt median; dark rows=420
isha,2020-08-13,21:52,0,50.788799,4.829018,0.0,Zamorano J. et al. (2019). TESS-W sky brightness network. Zenodo monthly archives. https://zenodo.org/records/3378728. CC0 1.0.,TESS station stars209; photometric inflection method; night median MSAS=19.56; MSAS at inflection=19.27; depression=20.36°; smoothing=5-pt median; dark rows=423
fajr,2020-08-14,01:29,0,50.788799,4.829018,0.0,Zamorano J. et al. (2019). TESS-W sky brightness network. Zenodo monthly archives. https://zenodo.org/records/3378728. CC0 1.0.,TESS station stars209; photometric inflection method; night median MSAS=19.56; MSAS at inflection=20.26; depression=21.05°; smoothing=5-pt median; dark rows=423
isha,2020-08-15,21:20,0,50.788799,4.829018,0.0,Zamorano J. et al. (2019). TESS-W sky brightness network. Zenodo monthly archives. https://zenodo.org/records/3378728. CC0 1.0.,TESS station stars209; photometric inflection method; night median MSAS=19.91; MSAS at inflection=18.91; depression=18.27°; smoothing=5-pt median; dark rows=432
isha,2020-08-18,20:34,0,50.788799,4.829018,0.0,Zamorano J. et al. (2019). TESS-W sky brightness network. Zenodo monthly archives. https://zenodo.org/records/3378728. CC0 1.0.,TESS station stars209; photometric inflection method; night median MSAS=20.35; MSAS at inflection=19.97; depression=14.30°; smoothing=5-pt median; dark rows=444
fajr,2020-08-19,03:25,0,50.788799,4.829018,0.0,Zamorano J. et al. (2019). TESS-W sky brightness network. Zenodo monthly archives. https://zenodo.org/records/3378728. CC0 1.0.,TESS station stars209; photometric inflection method; night median MSAS=20.35; MSAS at inflection=17.90; depression=10.49°; smoothing=5-pt median; dark rows=444
isha,2020-08-19,20:10,0,50.788799,4.829018,0.0,Zamorano J. et al. (2019). TESS-W sky brightness network. Zenodo monthly archives. https://zenodo.org/records/3378728. CC0 1.0.,TESS station stars209; photometric inflection method; night median MSAS=19.12; MSAS at inflection=18.12; depression=11.64°; smoothing=5-pt median; dark rows=449
fajr,2020-08-21,03:29,0,50.788799,4.829018,0.0,Zamorano J. et al. (2019). TESS-W sky brightness network. Zenodo monthly archives. https://zenodo.org/records/3378728. CC0 1.0.,TESS station stars209; photometric inflection method; night median MSAS=18.36; MSAS at inflection=17.70; depression=10.49°; smoothing=5-pt median; dark rows=451
isha,2020-08-21,20:45,0,50.788799,4.829018,0.0,Zamorano J. et al. (2019). TESS-W sky brightness network. Zenodo monthly archives. https://zenodo.org/records/3378728. CC0 1.0.,TESS station stars209; photometric inflection method; night median MSAS=19.56; MSAS at inflection=19.33; depression=16.46°; smoothing=5-pt median; dark rows=457
fajr,2020-08-22,03:05,0,50.788799,4.829018,0.0,Zamorano J. et al. (2019). TESS-W sky brightness network. Zenodo monthly archives. https://zenodo.org/records/3378728. CC0 1.0.,TESS station stars209; photometric inflection method; night median MSAS=19.56; MSAS at inflection=18.72; depression=13.72°; smoothing=5-pt median; dark rows=457
fajr,2020-08-23,01:52,0,50.788799,4.829018,0.0,Zamorano J. et al. (2019). TESS-W sky brightness network. Zenodo monthly archives. https://zenodo.org/records/3378728. CC0 1.0.,TESS station stars209; photometric inflection method; night median MSAS=19.09; MSAS at inflection=18.78; depression=21.79°; smoothing=5-pt median; dark rows=462
fajr,2020-08-24,03:01,0,50.788799,4.829018,0.0,Zamorano J. et al. (2019). TESS-W sky brightness network. Zenodo monthly archives. https://zenodo.org/records/3378728. CC0 1.0.,TESS station stars209; photometric inflection method; night median MSAS=19.35; MSAS at inflection=19.01; depression=14.73°; smoothing=5-pt median; dark rows=466
isha,2020-08-24,19:47,0,50.788799,4.829018,0.0,Zamorano J. et al. (2019). TESS-W sky brightness network. Zenodo monthly archives. https://zenodo.org/records/3378728. CC0 1.0.,TESS station stars209; photometric inflection method; night median MSAS=19.65; MSAS at inflection=18.20; depression=10.22°; smoothing=5-pt median; dark rows=468
isha,2020-08-25,19:45,0,50.788799,4.829018,0.0,Zamorano J. et al. (2019). TESS-W sky brightness network. Zenodo monthly archives. https://zenodo.org/records/3378728. CC0 1.0.,TESS station stars209; photometric inflection method; night median MSAS=19.90; MSAS at inflection=17.70; depression=10.21°; smoothing=5-pt median; dark rows=475
fajr,2020-08-26,02:33,0,50.788799,4.829018,0.0,Zamorano J. et al. (2019). TESS-W sky brightness network. Zenodo monthly archives. https://zenodo.org/records/3378728. CC0 1.0.,TESS station stars209; photometric inflection method; night median MSAS=19.90; MSAS at inflection=19.59; depression=18.57°; smoothing=5-pt median; dark rows=475
isha,2020-08-26,19:58,0,50.788799,4.829018,0.0,Zamorano J. et al. (2019). TESS-W sky brightness network. Zenodo monthly archives. https://zenodo.org/records/3378728. CC0 1.0.,TESS station stars209; photometric inflection method; night median MSAS=20.02; MSAS at inflection=19.04; depression=12.30°; smoothing=5-pt median; dark rows=478
fajr,2020-08-27,03:44,0,50.788799,4.829018,0.0,Zamorano J. et al. (2019). TESS-W sky brightness network. Zenodo monthly archives. https://zenodo.org/records/3378728. CC0 1.0.,TESS station stars209; photometric inflection method; night median MSAS=20.02; MSAS at inflection=17.95; depression=9.92°; smoothing=5-pt median; dark rows=478
fajr,2020-08-28,02:32,0,50.788799,4.829018,0.0,Zamorano J. et al. (2019). TESS-W sky brightness network. Zenodo monthly archives. https://zenodo.org/records/3378728. CC0 1.0.,TESS station stars209; photometric inflection method; night median MSAS=18.77; MSAS at inflection=20.64; depression=19.20°; smoothing=5-pt median; dark rows=481
fajr,2020-08-30,02:29,0,50.788799,4.829018,0.0,Zamorano J. et al. (2019). TESS-W sky brightness network. Zenodo monthly archives. https://zenodo.org/records/3378728. CC0 1.0.,TESS station stars209; photometric inflection method; night median MSAS=19.43; MSAS at inflection=20.50; depression=20.17°; smoothing=5-pt median; dark rows=491
isha,2020-08-30,19:13,0,50.788799,4.829018,0.0,Zamorano J. et al. (2019). TESS-W sky brightness network. Zenodo monthly archives. https://zenodo.org/records/3378728. CC0 1.0.,TESS station stars209; photometric inflection method; night median MSAS=18.20; MSAS at inflection=15.91; depression=7.45°; smoothing=5-pt median; dark rows=494
fajr,2020-08-01,04:44,-1,28.300332,-16.512206,0.0,Zamorano J. et al. (2019). TESS-W sky brightness network. Zenodo monthly archives. https://zenodo.org/records/3378728. CC0 1.0.,TESS station stars211; photometric inflection method; night median MSAS=18.80; MSAS at inflection=17.45; depression=9.64°; smoothing=5-pt median; dark rows=341
isha,2020-08-01,20:14,-1,28.300332,-16.512206,0.0,Zamorano J. et al. (2019). TESS-W sky brightness network. Zenodo monthly archives. https://zenodo.org/records/3378728. CC0 1.0.,TESS station stars211; photometric inflection method; night median MSAS=17.79; MSAS at inflection=17.15; depression=16.41°; smoothing=5-pt median; dark rows=539
fajr,2020-08-02,04:38,-1,28.300332,-16.512206,0.0,Zamorano J. et al. (2019). TESS-W sky brightness network. Zenodo monthly archives. https://zenodo.org/records/3378728. CC0 1.0.,TESS station stars211; photometric inflection method; night median MSAS=17.79; MSAS at inflection=18.58; depression=11.02°; smoothing=5-pt median; dark rows=539
isha,2020-08-02,19:52,-1,28.300332,-16.512206,0.0,Zamorano J. et al. (2019). TESS-W sky brightness network. Zenodo monthly archives. https://zenodo.org/records/3378728. CC0 1.0.,TESS station stars211; photometric inflection method; night median MSAS=17.70; MSAS at inflection=18.01; depression=12.40°; smoothing=5-pt median; dark rows=543
fajr,2020-08-03,04:53,-1,28.300332,-16.512206,0.0,Zamorano J. et al. (2019). TESS-W sky brightness network. Zenodo monthly archives. https://zenodo.org/records/3378728. CC0 1.0.,TESS station stars211; photometric inflection method; night median MSAS=17.70; MSAS at inflection=15.53; depression=8.04°; smoothing=5-pt median; dark rows=543
fajr,2020-08-04,04:38,-1,28.300332,-16.512206,0.0,Zamorano J. et al. (2019). TESS-W sky brightness network. Zenodo monthly archives. https://zenodo.org/records/3378728. CC0 1.0.,TESS station stars211; photometric inflection method; night median MSAS=17.74; MSAS at inflection=17.90; depression=11.18°; smoothing=5-pt median; dark rows=543
isha,2020-08-04,19:42,-1,28.300332,-16.512206,0.0,Zamorano J. et al. (2019). TESS-W sky brightness network. Zenodo monthly archives. https://zenodo.org/records/3378728. CC0 1.0.,TESS station stars211; photometric inflection method; night median MSAS=18.05; MSAS at inflection=18.07; depression=10.70°; smoothing=5-pt median; dark rows=545
fajr,2020-08-06,04:49,-1,28.300332,-16.512206,0.0,Zamorano J. et al. (2019). TESS-W sky brightness network. Zenodo monthly archives. https://zenodo.org/records/3378728. CC0 1.0.,TESS station stars211; photometric inflection method; night median MSAS=18.22; MSAS at inflection=16.56; depression=9.30°; smoothing=5-pt median; dark rows=547
isha,2020-08-06,19:33,-1,28.300332,-16.512206,0.0,Zamorano J. et al. (2019). TESS-W sky brightness network. Zenodo monthly archives. https://zenodo.org/records/3378728. CC0 1.0.,TESS station stars211; photometric inflection method; night median MSAS=18.50; MSAS at inflection=16.73; depression=9.21°; smoothing=5-pt median; dark rows=549
fajr,2020-08-07,04:50,-1,28.300332,-16.512206,0.0,Zamorano J. et al. (2019). TESS-W sky brightness network. Zenodo monthly archives. https://zenodo.org/records/3378728. CC0 1.0.,TESS station stars211; photometric inflection method; night median MSAS=18.50; MSAS at inflection=16.52; depression=9.27°; smoothing=5-pt median; dark rows=549
isha,2020-08-07,19:59,-1,28.300332,-16.512206,0.0,Zamorano J. et al. (2019). TESS-W sky brightness network. Zenodo monthly archives. https://zenodo.org/records/3378728. CC0 1.0.,TESS station stars211; photometric inflection method; night median MSAS=18.81; MSAS at inflection=20.82; depression=14.54°; smoothing=5-pt median; dark rows=550
isha,2020-08-08,19:46,-1,28.300332,-16.512206,0.0,Zamorano J. et al. (2019). TESS-W sky brightness network. Zenodo monthly archives. https://zenodo.org/records/3378728. CC0 1.0.,TESS station stars211; photometric inflection method; night median MSAS=19.34; MSAS at inflection=19.48; depression=12.30°; smoothing=5-pt median; dark rows=550
fajr,2020-08-11,04:21,-1,28.300332,-16.512206,0.0,Zamorano J. et al. (2019). TESS-W sky brightness network. Zenodo monthly archives. https://zenodo.org/records/3378728. CC0 1.0.,TESS station stars211; photometric inflection method; night median MSAS=20.08; MSAS at inflection=17.85; depression=15.54°; smoothing=5-pt median; dark rows=553
fajr,2020-08-12,04:33,-1,28.300332,-16.512206,0.0,Zamorano J. et al. (2019). TESS-W sky brightness network. Zenodo monthly archives. https://zenodo.org/records/3378728. CC0 1.0.,TESS station stars211; photometric inflection method; night median MSAS=20.63; MSAS at inflection=18.61; depression=13.26°; smoothing=5-pt median; dark rows=557
isha,2020-08-16,19:39,-1,28.300332,-16.512206,0.0,Zamorano J. et al. (2019). TESS-W sky brightness network. Zenodo monthly archives. https://zenodo.org/records/3378728. CC0 1.0.,TESS station stars211; photometric inflection method; night median MSAS=21.13; MSAS at inflection=19.62; depression=12.55°; smoothing=5-pt median; dark rows=565
fajr,2020-08-17,04:34,-1,28.300332,-16.512206,0.0,Zamorano J. et al. (2019). TESS-W sky brightness network. Zenodo monthly archives. https://zenodo.org/records/3378728. CC0 1.0.,TESS station stars211; photometric inflection method; night median MSAS=21.13; MSAS at inflection=20.43; depression=13.71°; smoothing=5-pt median; dark rows=565
isha,2020-08-17,19:34,-1,28.300332,-16.512206,0.0,Zamorano J. et al. (2019). TESS-W sky brightness network. Zenodo monthly archives. https://zenodo.org/records/3378728. CC0 1.0.,TESS station stars211; photometric inflection method; night median MSAS=21.20; MSAS at inflection=18.92; depression=11.75°; smoothing=5-pt median; dark rows=564
fajr,2020-08-18,04:42,-1,28.300332,-16.512206,0.0,Zamorano J. et al. (2019). TESS-W sky brightness network. Zenodo monthly archives. https://zenodo.org/records/3378728. CC0 1.0.,TESS station stars211; photometric inflection method; night median MSAS=21.20; MSAS at inflection=19.51; depression=12.41°; smoothing=5-pt median; dark rows=564
fajr,2020-08-20,04:43,-1,28.300332,-16.512206,0.0,Zamorano J. et al. (2019). TESS-W sky brightness network. Zenodo monthly archives. https://zenodo.org/records/3378728. CC0 1.0.,TESS station stars211; photometric inflection method; night median MSAS=21.15; MSAS at inflection=19.46; depression=12.28°; smoothing=5-pt median; dark rows=568
isha,2020-08-24,19:38,-1,28.300332,-16.512206,0.0,Zamorano J. et al. (2019). TESS-W sky brightness network. Zenodo monthly archives. https://zenodo.org/records/3378728. CC0 1.0.,TESS station stars211; photometric inflection method; night median MSAS=21.08; MSAS at inflection=19.69; depression=14.09°; smoothing=5-pt median; dark rows=577
fajr,2020-08-25,04:30,-1,28.300332,-16.512206,0.0,Zamorano J. et al. (2019). TESS-W sky brightness network. Zenodo monthly archives. https://zenodo.org/records/3378728. CC0 1.0.,TESS station stars211; photometric inflection method; night median MSAS=21.08; MSAS at inflection=20.97; depression=15.66°; smoothing=5-pt median; dark rows=577
fajr,2020-08-26,04:30,-1,28.300332,-16.512206,0.0,Zamorano J. et al. (2019). TESS-W sky brightness network. Zenodo monthly archives. https://zenodo.org/records/3378728. CC0 1.0.,TESS station stars211; photometric inflection method; night median MSAS=20.99; MSAS at inflection=20.86; depression=15.78°; smoothing=5-pt median; dark rows=580
fajr,2020-08-27,04:45,-1,28.300332,-16.512206,0.0,Zamorano J. et al. (2019). TESS-W sky brightness network. Zenodo monthly archives. https://zenodo.org/records/3378728. CC0 1.0.,TESS station stars211; photometric inflection method; night median MSAS=20.02; MSAS at inflection=19.69; depression=12.77°; smoothing=5-pt median; dark rows=579
fajr,2020-08-28,04:59,-1,28.300332,-16.512206,0.0,Zamorano J. et al. (2019). TESS-W sky brightness network. Zenodo monthly archives. https://zenodo.org/records/3378728. CC0 1.0.,TESS station stars211; photometric inflection method; night median MSAS=19.62; MSAS at inflection=17.59; depression=10.09°; smoothing=5-pt median; dark rows=582
isha,2020-08-29,19:16,-1,28.300332,-16.512206,0.0,Zamorano J. et al. (2019). TESS-W sky brightness network. Zenodo monthly archives. https://zenodo.org/records/3378728. CC0 1.0.,TESS station stars211; photometric inflection method; night median MSAS=18.70; MSAS at inflection=17.52; depression=10.68°; smoothing=5-pt median; dark rows=587
fajr,2020-08-30,04:40,-1,28.300332,-16.512206,0.0,Zamorano J. et al. (2019). TESS-W sky brightness network. Zenodo monthly archives. https://zenodo.org/records/3378728. CC0 1.0.,TESS station stars211; photometric inflection method; night median MSAS=18.70; MSAS at inflection=20.78; depression=14.34°; smoothing=5-pt median; dark rows=587
fajr,2020-08-31,04:53,-1,28.300332,-16.512206,0.0,Zamorano J. et al. (2019). TESS-W sky brightness network. Zenodo monthly archives. https://zenodo.org/records/3378728. CC0 1.0.,TESS station stars211; photometric inflection method; night median MSAS=18.29; MSAS at inflection=19.02; depression=11.65°; smoothing=5-pt median; dark rows=587
fajr,2020-08-02,06:31,10,-38.272981,145.041536,0.0,Zamorano J. et al. (2019). TESS-W sky brightness network. Zenodo monthly archives. https://zenodo.org/records/3378728. CC0 1.0.,TESS station stars215; photometric inflection method; night median MSAS=17.70; MSAS at inflection=17.42; depression=9.84°; smoothing=5-pt median; dark rows=714
isha,2020-08-05,18:12,10,-38.272981,145.041536,0.0,Zamorano J. et al. (2019). TESS-W sky brightness network. Zenodo monthly archives. https://zenodo.org/records/3378728. CC0 1.0.,TESS station stars215; photometric inflection method; night median MSAS=17.68; MSAS at inflection=15.50; depression=7.77°; smoothing=5-pt median; dark rows=708
isha,2020-08-06,18:15,10,-38.272981,145.041536,0.0,Zamorano J. et al. (2019). TESS-W sky brightness network. Zenodo monthly archives. https://zenodo.org/records/3378728. CC0 1.0.,TESS station stars215; photometric inflection method; night median MSAS=17.92; MSAS at inflection=16.30; depression=8.26°; smoothing=5-pt median; dark rows=708
fajr,2020-08-07,06:24,10,-38.272981,145.041536,0.0,Zamorano J. et al. (2019). TESS-W sky brightness network. Zenodo monthly archives. https://zenodo.org/records/3378728. CC0 1.0.,TESS station stars215; photometric inflection method; night median MSAS=17.92; MSAS at inflection=17.32; depression=10.24°; smoothing=5-pt median; dark rows=708
isha,2020-08-07,18:23,10,-38.272981,145.041536,0.0,Zamorano J. et al. (2019). TESS-W sky brightness network. Zenodo monthly archives. https://zenodo.org/records/3378728. CC0 1.0.,TESS station stars215; photometric inflection method; night median MSAS=17.65; MSAS at inflection=17.55; depression=9.54°; smoothing=5-pt median; dark rows=708
fajr,2020-08-08,06:38,10,-38.272981,145.041536,0.0,Zamorano J. et al. (2019). TESS-W sky brightness network. Zenodo monthly archives. https://zenodo.org/records/3378728. CC0 1.0.,TESS station stars215; photometric inflection method; night median MSAS=17.65; MSAS at inflection=15.56; depression=7.46°; smoothing=5-pt median; dark rows=708
fajr,2020-08-09,05:57,10,-38.272981,145.041536,0.0,Zamorano J. et al. (2019). TESS-W sky brightness network. Zenodo monthly archives. https://zenodo.org/records/3378728. CC0 1.0.,TESS station stars215; photometric inflection method; night median MSAS=18.93; MSAS at inflection=19.07; depression=15.15°; smoothing=5-pt median; dark rows=701
fajr,2020-08-10,06:03,10,-38.272981,145.041536,0.0,Zamorano J. et al. (2019). TESS-W sky brightness network. Zenodo monthly archives. https://zenodo.org/records/3378728. CC0 1.0.,TESS station stars215; photometric inflection method; night median MSAS=19.71; MSAS at inflection=19.24; depression=13.72°; smoothing=5-pt median; dark rows=695
fajr,2020-08-11,05:56,10,-38.272981,145.041536,0.0,Zamorano J. et al. (2019). TESS-W sky brightness network. Zenodo monthly archives. https://zenodo.org/records/3378728. CC0 1.0.,TESS station stars215; photometric inflection method; night median MSAS=20.26; MSAS at inflection=18.84; depression=14.93°; smoothing=5-pt median; dark rows=693
isha,2020-08-11,19:07,10,-38.272981,145.041536,0.0,Zamorano J. et al. (2019). TESS-W sky brightness network. Zenodo monthly archives. https://zenodo.org/records/3378728. CC0 1.0.,TESS station stars215; photometric inflection method; night median MSAS=18.62; MSAS at inflection=19.19; depression=17.58°; smoothing=5-pt median; dark rows=695
fajr,2020-08-14,05:47,10,-38.272981,145.041536,0.0,Zamorano J. et al. (2019). TESS-W sky brightness network. Zenodo monthly archives. https://zenodo.org/records/3378728. CC0 1.0.,TESS station stars215; photometric inflection method; night median MSAS=20.05; MSAS at inflection=20.10; depression=15.92°; smoothing=5-pt median; dark rows=690
isha,2020-08-14,19:22,10,-38.272981,145.041536,0.0,Zamorano J. et al. (2019). TESS-W sky brightness network. Zenodo monthly archives. https://zenodo.org/records/3378728. CC0 1.0.,TESS station stars215; photometric inflection method; night median MSAS=20.49; MSAS at inflection=18.85; depression=19.97°; smoothing=5-pt median; dark rows=687
fajr,2020-08-15,06:08,10,-38.272981,145.041536,0.0,Zamorano J. et al. (2019). TESS-W sky brightness network. Zenodo monthly archives. https://zenodo.org/records/3378728. CC0 1.0.,TESS station stars215; photometric inflection method; night median MSAS=20.49; MSAS at inflection=19.40; depression=11.72°; smoothing=5-pt median; dark rows=687
fajr,2020-08-16,05:26,10,-38.272981,145.041536,0.0,Zamorano J. et al. (2019). TESS-W sky brightness network. Zenodo monthly archives. https://zenodo.org/records/3378728. CC0 1.0.,TESS station stars215; photometric inflection method; night median MSAS=19.30; MSAS at inflection=19.20; depression=19.73°; smoothing=5-pt median; dark rows=686
fajr,2020-08-17,05:24,10,-38.272981,145.041536,0.0,Zamorano J. et al. (2019). TESS-W sky brightness network. Zenodo monthly archives. https://zenodo.org/records/3378728. CC0 1.0.,TESS station stars215; photometric inflection method; night median MSAS=19.44; MSAS at inflection=19.34; depression=19.84°; smoothing=5-pt median; dark rows=682
fajr,2020-08-18,06:10,10,-38.272981,145.041536,0.0,Zamorano J. et al. (2019). TESS-W sky brightness network. Zenodo monthly archives. https://zenodo.org/records/3378728. CC0 1.0.,TESS station stars215; photometric inflection method; night median MSAS=19.13; MSAS at inflection=18.53; depression=10.59°; smoothing=5-pt median; dark rows=682
isha,2020-08-18,18:31,10,-38.272981,145.041536,0.0,Zamorano J. et al. (2019). TESS-W sky brightness network. Zenodo monthly archives. https://zenodo.org/records/3378728. CC0 1.0.,TESS station stars215; photometric inflection method; night median MSAS=19.02; MSAS at inflection=17.56; depression=9.47°; smoothing=5-pt median; dark rows=680
isha,2020-08-19,19:33,10,-38.272981,145.041536,0.0,Zamorano J. et al. (2019). TESS-W sky brightness network. Zenodo monthly archives. https://zenodo.org/records/3378728. CC0 1.0.,TESS station stars215; photometric inflection method; night median MSAS=19.02; MSAS at inflection=18.74; depression=21.45°; smoothing=5-pt median; dark rows=678
fajr,2020-08-20,05:59,10,-38.272981,145.041536,0.0,Zamorano J. et al. (2019). TESS-W sky brightness network. Zenodo monthly archives. https://zenodo.org/records/3378728. CC0 1.0.,TESS station stars215; photometric inflection method; night median MSAS=19.02; MSAS at inflection=18.80; depression=12.19°; smoothing=5-pt median; dark rows=678
isha,2020-08-20,19:09,10,-38.272981,145.041536,0.0,Zamorano J. et al. (2019). TESS-W sky brightness network. Zenodo monthly archives. https://zenodo.org/records/3378728. CC0 1.0.,TESS station stars215; photometric inflection method; night median MSAS=19.30; MSAS at inflection=20.18; depression=16.56°; smoothing=5-pt median; dark rows=675
isha,2020-08-21,18:44,10,-38.272981,145.041536,0.0,Zamorano J. et al. (2019). TESS-W sky brightness network. Zenodo monthly archives. https://zenodo.org/records/3378728. CC0 1.0.,TESS station stars215; photometric inflection method; night median MSAS=18.98; MSAS at inflection=19.03; depression=11.56°; smoothing=5-pt median; dark rows=672
fajr,2020-08-22,05:20,10,-38.272981,145.041536,0.0,Zamorano J. et al. (2019). TESS-W sky brightness network. Zenodo monthly archives. https://zenodo.org/records/3378728. CC0 1.0.,TESS station stars215; photometric inflection method; night median MSAS=18.98; MSAS at inflection=19.23; depression=19.46°; smoothing=5-pt median; dark rows=672
fajr,2020-08-24,05:36,10,-38.272981,145.041536,0.0,Zamorano J. et al. (2019). TESS-W sky brightness network. Zenodo monthly archives. https://zenodo.org/records/3378728. CC0 1.0.,TESS station stars215; photometric inflection method; night median MSAS=19.37; MSAS at inflection=19.73; depression=15.80°; smoothing=5-pt median; dark rows=669
isha,2020-08-24,19:03,10,-38.272981,145.041536,0.0,Zamorano J. et al. (2019). TESS-W sky brightness network. Zenodo monthly archives. https://zenodo.org/records/3378728. CC0 1.0.,TESS station stars215; photometric inflection method; night median MSAS=20.38; MSAS at inflection=18.15; depression=14.87°; smoothing=5-pt median; dark rows=667
fajr,2020-08-27,05:45,10,-38.272981,145.041536,0.0,Zamorano J. et al. (2019). TESS-W sky brightness network. Zenodo monthly archives. https://zenodo.org/records/3378728. CC0 1.0.,TESS station stars215; photometric inflection method; night median MSAS=19.74; MSAS at inflection=19.63; depression=13.18°; smoothing=5-pt median; dark rows=665
fajr,2020-08-28,05:19,10,-38.272981,145.041536,0.0,Zamorano J. et al. (2019). TESS-W sky brightness network. Zenodo monthly archives. https://zenodo.org/records/3378728. CC0 1.0.,TESS station stars215; photometric inflection method; night median MSAS=18.41; MSAS at inflection=19.14; depression=18.04°; smoothing=5-pt median; dark rows=663
fajr,2020-08-29,05:38,10,-38.272981,145.041536,0.0,Zamorano J. et al. (2019). TESS-W sky brightness network. Zenodo monthly archives. https://zenodo.org/records/3378728. CC0 1.0.,TESS station stars215; photometric inflection method; night median MSAS=18.78; MSAS at inflection=20.36; depression=14.02°; smoothing=5-pt median; dark rows=661
isha,2020-08-29,19:28,10,-38.272981,145.041536,0.0,Zamorano J. et al. (2019). TESS-W sky brightness network. Zenodo monthly archives. https://zenodo.org/records/3378728. CC0 1.0.,TESS station stars215; photometric inflection method; night median MSAS=18.23; MSAS at inflection=17.27; depression=19.00°; smoothing=5-pt median; dark rows=660
fajr,2020-08-01,04:43,-1,27.964093,-15.563285,0.0,Zamorano J. et al. (2019). TESS-W sky brightness network. Zenodo monthly archives. https://zenodo.org/records/3378728. CC0 1.0.,TESS station stars216; photometric inflection method; night median MSAS=18.03; MSAS at inflection=16.86; depression=9.30°; smoothing=5-pt median; dark rows=327
isha,2020-08-01,19:36,-1,27.964093,-15.563285,0.0,Zamorano J. et al. (2019). TESS-W sky brightness network. Zenodo monthly archives. https://zenodo.org/records/3378728. CC0 1.0.,TESS station stars216; photometric inflection method; night median MSAS=17.52; MSAS at inflection=16.89; depression=9.90°; smoothing=5-pt median; dark rows=543
fajr,2020-08-02,03:45,-1,27.964093,-15.563285,0.0,Zamorano J. et al. (2019). TESS-W sky brightness network. Zenodo monthly archives. https://zenodo.org/records/3378728. CC0 1.0.,TESS station stars216; photometric inflection method; night median MSAS=17.52; MSAS at inflection=18.55; depression=20.55°; smoothing=5-pt median; dark rows=543
isha,2020-08-04,19:27,-1,27.964093,-15.563285,0.0,Zamorano J. et al. (2019). TESS-W sky brightness network. Zenodo monthly archives. https://zenodo.org/records/3378728. CC0 1.0.,TESS station stars216; photometric inflection method; night median MSAS=17.69; MSAS at inflection=16.14; depression=8.66°; smoothing=5-pt median; dark rows=547
fajr,2020-08-05,04:47,-1,27.964093,-15.563285,0.0,Zamorano J. et al. (2019). TESS-W sky brightness network. Zenodo monthly archives. https://zenodo.org/records/3378728. CC0 1.0.,TESS station stars216; photometric inflection method; night median MSAS=17.69; MSAS at inflection=16.53; depression=8.89°; smoothing=5-pt median; dark rows=547
isha,2020-08-05,19:47,-1,27.964093,-15.563285,0.0,Zamorano J. et al. (2019). TESS-W sky brightness network. Zenodo monthly archives. https://zenodo.org/records/3378728. CC0 1.0.,TESS station stars216; photometric inflection method; night median MSAS=17.85; MSAS at inflection=19.81; depression=12.73°; smoothing=5-pt median; dark rows=532
fajr,2020-08-06,04:45,-1,27.964093,-15.563285,0.0,Zamorano J. et al. (2019). TESS-W sky brightness network. Zenodo monthly archives. https://zenodo.org/records/3378728. CC0 1.0.,TESS station stars216; photometric inflection method; night median MSAS=17.85; MSAS at inflection=16.87; depression=9.55°; smoothing=5-pt median; dark rows=532
isha,2020-08-06,19:32,-1,27.964093,-15.563285,0.0,Zamorano J. et al. (2019). TESS-W sky brightness network. Zenodo monthly archives. https://zenodo.org/records/3378728. CC0 1.0.,TESS station stars216; photometric inflection method; night median MSAS=17.97; MSAS at inflection=17.55; depression=10.01°; smoothing=5-pt median; dark rows=537
fajr,2020-08-07,04:44,-1,27.964093,-15.563285,0.0,Zamorano J. et al. (2019). TESS-W sky brightness network. Zenodo monthly archives. https://zenodo.org/records/3378728. CC0 1.0.,TESS station stars216; photometric inflection method; night median MSAS=17.97; MSAS at inflection=17.01; depression=9.85°; smoothing=5-pt median; dark rows=537
isha,2020-08-07,19:33,-1,27.964093,-15.563285,0.0,Zamorano J. et al. (2019). TESS-W sky brightness network. Zenodo monthly archives. https://zenodo.org/records/3378728. CC0 1.0.,TESS station stars216; photometric inflection method; night median MSAS=18.40; MSAS at inflection=17.70; depression=10.24°; smoothing=5-pt median; dark rows=551
isha,2020-08-08,19:33,-1,27.964093,-15.563285,0.0,Zamorano J. et al. (2019). TESS-W sky brightness network. Zenodo monthly archives. https://zenodo.org/records/3378728. CC0 1.0.,TESS station stars216; photometric inflection method; night median MSAS=18.81; MSAS at inflection=17.98; depression=10.62°; smoothing=5-pt median; dark rows=554
isha,2020-08-09,19:32,-1,27.964093,-15.563285,0.0,Zamorano J. et al. (2019). TESS-W sky brightness network. Zenodo monthly archives. https://zenodo.org/records/3378728. CC0 1.0.,TESS station stars216; photometric inflection method; night median MSAS=19.43; MSAS at inflection=17.72; depression=10.46°; smoothing=5-pt median; dark rows=541
isha,2020-08-10,19:50,-1,27.964093,-15.563285,0.0,Zamorano J. et al. (2019). TESS-W sky brightness network. Zenodo monthly archives. https://zenodo.org/records/3378728. CC0 1.0.,TESS station stars216; photometric inflection method; night median MSAS=19.87; MSAS at inflection=19.95; depression=14.40°; smoothing=5-pt median; dark rows=556
isha,2020-08-13,19:34,-1,27.964093,-15.563285,0.0,Zamorano J. et al. (2019). TESS-W sky brightness network. Zenodo monthly archives. https://zenodo.org/records/3378728. CC0 1.0.,TESS station stars216; photometric inflection method; night median MSAS=20.43; MSAS at inflection=18.79; depression=11.65°; smoothing=5-pt median; dark rows=561
isha,2020-08-14,19:40,-1,27.964093,-15.563285,0.0,Zamorano J. et al. (2019). TESS-W sky brightness network. Zenodo monthly archives. https://zenodo.org/records/3378728. CC0 1.0.,TESS station stars216; photometric inflection method; night median MSAS=20.46; MSAS at inflection=19.66; depression=13.05°; smoothing=5-pt median; dark rows=551
isha,2020-08-17,19:31,-1,27.964093,-15.563285,0.0,Zamorano J. et al. (2019). TESS-W sky brightness network. Zenodo monthly archives. https://zenodo.org/records/3378728. CC0 1.0.,TESS station stars216; photometric inflection method; night median MSAS=20.71; MSAS at inflection=19.06; depression=11.96°; smoothing=5-pt median; dark rows=554
isha,2020-08-18,19:46,-1,27.964093,-15.563285,0.0,Zamorano J. et al. (2019). TESS-W sky brightness network. Zenodo monthly archives. https://zenodo.org/records/3378728. CC0 1.0.,TESS station stars216; photometric inflection method; night median MSAS=20.64; MSAS at inflection=20.32; depression=15.30°; smoothing=5-pt median; dark rows=558
isha,2020-08-19,19:33,-1,27.964093,-15.563285,0.0,Zamorano J. et al. (2019). TESS-W sky brightness network. Zenodo monthly archives. https://zenodo.org/records/3378728. CC0 1.0.,TESS station stars216; photometric inflection method; night median MSAS=20.63; MSAS at inflection=19.63; depression=12.76°; smoothing=5-pt median; dark rows=558
fajr,2020-08-20,04:35,-1,27.964093,-15.563285,0.0,Zamorano J. et al. (2019). TESS-W sky brightness network. Zenodo monthly archives. https://zenodo.org/records/3378728. CC0 1.0.,TESS station stars216; photometric inflection method; night median MSAS=20.63; MSAS at inflection=20.11; depression=13.31°; smoothing=5-pt median; dark rows=558
isha,2020-08-20,19:28,-1,27.964093,-15.563285,0.0,Zamorano J. et al. (2019). TESS-W sky brightness network. Zenodo monthly archives. https://zenodo.org/records/3378728. CC0 1.0.,TESS station stars216; photometric inflection method; night median MSAS=20.43; MSAS at inflection=19.08; depression=12.07°; smoothing=5-pt median; dark rows=571
isha,2020-08-22,19:30,-1,27.964093,-15.563285,0.0,Zamorano J. et al. (2019). TESS-W sky brightness network. Zenodo monthly archives. https://zenodo.org/records/3378728. CC0 1.0.,TESS station stars216; photometric inflection method; night median MSAS=20.34; MSAS at inflection=19.48; depression=12.99°; smoothing=5-pt median; dark rows=576
fajr,2020-08-23,04:50,-1,27.964093,-15.563285,0.0,Zamorano J. et al. (2019). TESS-W sky brightness network. Zenodo monthly archives. https://zenodo.org/records/3378728. CC0 1.0.,TESS station stars216; photometric inflection method; night median MSAS=20.34; MSAS at inflection=18.24; depression=10.59°; smoothing=5-pt median; dark rows=576
isha,2020-08-23,19:21,-1,27.964093,-15.563285,0.0,Zamorano J. et al. (2019). TESS-W sky brightness network. Zenodo monthly archives. https://zenodo.org/records/3378728. CC0 1.0.,TESS station stars216; photometric inflection method; night median MSAS=20.48; MSAS at inflection=18.33; depression=11.32°; smoothing=5-pt median; dark rows=564
fajr,2020-08-25,04:33,-1,27.964093,-15.563285,0.0,Zamorano J. et al. (2019). TESS-W sky brightness network. Zenodo monthly archives. https://zenodo.org/records/3378728. CC0 1.0.,TESS station stars216; photometric inflection method; night median MSAS=19.99; MSAS at inflection=18.63; depression=14.45°; smoothing=5-pt median; dark rows=580
isha,2020-08-25,19:18,-1,27.964093,-15.563285,0.0,Zamorano J. et al. (2019). TESS-W sky brightness network. Zenodo monthly archives. https://zenodo.org/records/3378728. CC0 1.0.,TESS station stars216; photometric inflection method; night median MSAS=19.92; MSAS at inflection=17.83; depression=11.04°; smoothing=5-pt median; dark rows=580
fajr,2020-08-26,04:25,-1,27.964093,-15.563285,0.0,Zamorano J. et al. (2019). TESS-W sky brightness network. Zenodo monthly archives. https://zenodo.org/records/3378728. CC0 1.0.,TESS station stars216; photometric inflection method; night median MSAS=19.92; MSAS at inflection=19.86; depression=16.25°; smoothing=5-pt median; dark rows=580
isha,2020-08-26,19:14,-1,27.964093,-15.563285,0.0,Zamorano J. et al. (2019). TESS-W sky brightness network. Zenodo monthly archives. https://zenodo.org/records/3378728. CC0 1.0.,TESS station stars216; photometric inflection method; night median MSAS=19.06; MSAS at inflection=17.16; depression=10.47°; smoothing=5-pt median; dark rows=573
fajr,2020-08-28,04:56,-1,27.964093,-15.563285,0.0,Zamorano J. et al. (2019). TESS-W sky brightness network. Zenodo monthly archives. https://zenodo.org/records/3378728. CC0 1.0.,TESS station stars216; photometric inflection method; night median MSAS=19.45; MSAS at inflection=17.51; depression=9.93°; smoothing=5-pt median; dark rows=582
isha,2020-08-28,19:09,-1,27.964093,-15.563285,0.0,Zamorano J. et al. (2019). TESS-W sky brightness network. Zenodo monthly archives. https://zenodo.org/records/3378728. CC0 1.0.,TESS station stars216; photometric inflection method; night median MSAS=19.12; MSAS at inflection=16.91; depression=9.84°; smoothing=5-pt median; dark rows=585
fajr,2020-08-29,04:39,-1,27.964093,-15.563285,0.0,Zamorano J. et al. (2019). TESS-W sky brightness network. Zenodo monthly archives. https://zenodo.org/records/3378728. CC0 1.0.,TESS station stars216; photometric inflection method; night median MSAS=19.12; MSAS at inflection=20.24; depression=13.67°; smoothing=5-pt median; dark rows=585
fajr,2020-08-30,04:56,-1,27.964093,-15.563285,0.0,Zamorano J. et al. (2019). TESS-W sky brightness network. Zenodo monthly archives. https://zenodo.org/records/3378728. CC0 1.0.,TESS station stars216; photometric inflection method; night median MSAS=17.55; MSAS at inflection=17.75; depression=10.24°; smoothing=5-pt median; dark rows=578
isha,2020-08-30,19:02,-1,27.964093,-15.563285,0.0,Zamorano J. et al. (2019). TESS-W sky brightness network. Zenodo monthly archives. https://zenodo.org/records/3378728. CC0 1.0.,TESS station stars216; photometric inflection method; night median MSAS=18.09; MSAS at inflection=16.16; depression=8.85°; smoothing=5-pt median; dark rows=576
fajr,2020-08-31,04:46,-1,27.964093,-15.563285,0.0,Zamorano J. et al. (2019). TESS-W sky brightness network. Zenodo monthly archives. https://zenodo.org/records/3378728. CC0 1.0.,TESS station stars216; photometric inflection method; night median MSAS=18.09; MSAS at inflection=19.69; depression=12.44°; smoothing=5-pt median; dark rows=576
fajr,2020-08-01,04:31,0,39.10946,-6.6892,0.0,Zamorano J. et al. (2019). TESS-W sky brightness network. Zenodo monthly archives. https://zenodo.org/records/3378728. CC0 1.0.,TESS station stars218; photometric inflection method; night median MSAS=19.81; MSAS at inflection=18.09; depression=10.41°; smoothing=5-pt median; dark rows=273
isha,2020-08-01,20:48,0,39.10946,-6.6892,0.0,Zamorano J. et al. (2019). TESS-W sky brightness network. Zenodo monthly archives. https://zenodo.org/records/3378728. CC0 1.0.,TESS station stars218; photometric inflection method; night median MSAS=18.40; MSAS at inflection=18.37; depression=12.62°; smoothing=5-pt median; dark rows=482
fajr,2020-08-02,03:19,0,39.10946,-6.6892,0.0,Zamorano J. et al. (2019). TESS-W sky brightness network. Zenodo monthly archives. https://zenodo.org/records/3378728. CC0 1.0.,TESS station stars218; photometric inflection method; night median MSAS=18.40; MSAS at inflection=19.85; depression=21.13°; smoothing=5-pt median; dark rows=482
fajr,2020-08-03,04:32,0,39.10946,-6.6892,0.0,Zamorano J. et al. (2019). TESS-W sky brightness network. Zenodo monthly archives. https://zenodo.org/records/3378728. CC0 1.0.,TESS station stars218; photometric inflection method; night median MSAS=17.83; MSAS at inflection=18.35; depression=10.49°; smoothing=5-pt median; dark rows=485
isha,2020-08-03,21:33,0,39.10946,-6.6892,0.0,Zamorano J. et al. (2019). TESS-W sky brightness network. Zenodo monthly archives. https://zenodo.org/records/3378728. CC0 1.0.,TESS station stars218; photometric inflection method; night median MSAS=17.82; MSAS at inflection=18.54; depression=19.89°; smoothing=5-pt median; dark rows=486
fajr,2020-08-04,04:25,0,39.10946,-6.6892,0.0,Zamorano J. et al. (2019). TESS-W sky brightness network. Zenodo monthly archives. https://zenodo.org/records/3378728. CC0 1.0.,TESS station stars218; photometric inflection method; night median MSAS=17.82; MSAS at inflection=18.34; depression=11.82°; smoothing=5-pt median; dark rows=486
isha,2020-08-04,20:35,0,39.10946,-6.6892,0.0,Zamorano J. et al. (2019). TESS-W sky brightness network. Zenodo monthly archives. https://zenodo.org/records/3378728. CC0 1.0.,TESS station stars218; photometric inflection method; night median MSAS=18.15; MSAS at inflection=18.65; depression=11.32°; smoothing=5-pt median; dark rows=489
isha,2020-08-05,20:55,0,39.10946,-6.6892,0.0,Zamorano J. et al. (2019). TESS-W sky brightness network. Zenodo monthly archives. https://zenodo.org/records/3378728. CC0 1.0.,TESS station stars218; photometric inflection method; night median MSAS=18.28; MSAS at inflection=20.74; depression=14.59°; smoothing=5-pt median; dark rows=491
isha,2020-08-06,20:22,0,39.10946,-6.6892,0.0,Zamorano J. et al. (2019). TESS-W sky brightness network. Zenodo monthly archives. https://zenodo.org/records/3378728. CC0 1.0.,TESS station stars218; photometric inflection method; night median MSAS=18.49; MSAS at inflection=17.18; depression=9.60°; smoothing=5-pt median; dark rows=494
fajr,2020-08-07,04:39,0,39.10946,-6.6892,0.0,Zamorano J. et al. (2019). TESS-W sky brightness network. Zenodo monthly archives. https://zenodo.org/records/3378728. CC0 1.0.,TESS station stars218; photometric inflection method; night median MSAS=18.49; MSAS at inflection=17.25; depression=10.05°; smoothing=5-pt median; dark rows=494
isha,2020-08-07,20:34,0,39.10946,-6.6892,0.0,Zamorano J. et al. (2019). TESS-W sky brightness network. Zenodo monthly archives. https://zenodo.org/records/3378728. CC0 1.0.,TESS station stars218; photometric inflection method; night median MSAS=18.26; MSAS at inflection=19.24; depression=11.79°; smoothing=5-pt median; dark rows=124
fajr,2020-08-08,04:30,0,39.10946,-6.6892,0.0,Zamorano J. et al. (2019). TESS-W sky brightness network. Zenodo monthly archives. https://zenodo.org/records/3378728. CC0 1.0.,TESS station stars218; photometric inflection method; night median MSAS=18.26; MSAS at inflection=17.97; depression=11.71°; smoothing=5-pt median; dark rows=124
isha,2020-08-09,20:42,0,39.10946,-6.6892,0.0,Zamorano J. et al. (2019). TESS-W sky brightness network. Zenodo monthly archives. https://zenodo.org/records/3378728. CC0 1.0.,TESS station stars218; photometric inflection method; night median MSAS=19.60; MSAS at inflection=20.25; depression=13.49°; smoothing=5-pt median; dark rows=502
fajr,2020-08-11,03:31,0,39.10946,-6.6892,0.0,Zamorano J. et al. (2019). TESS-W sky brightness network. Zenodo monthly archives. https://zenodo.org/records/3378728. CC0 1.0.,TESS station stars218; photometric inflection method; night median MSAS=20.16; MSAS at inflection=19.71; depression=21.42°; smoothing=5-pt median; dark rows=489
isha,2020-08-11,20:40,0,39.10946,-6.6892,0.0,Zamorano J. et al. (2019). TESS-W sky brightness network. Zenodo monthly archives. https://zenodo.org/records/3378728. CC0 1.0.,TESS station stars218; photometric inflection method; night median MSAS=20.57; MSAS at inflection=20.62; depression=13.75°; smoothing=5-pt median; dark rows=506
fajr,2020-08-12,04:23,0,39.10946,-6.6892,0.0,Zamorano J. et al. (2019). TESS-W sky brightness network. Zenodo monthly archives. https://zenodo.org/records/3378728. CC0 1.0.,TESS station stars218; photometric inflection method; night median MSAS=20.57; MSAS at inflection=19.15; depression=13.65°; smoothing=5-pt median; dark rows=506
isha,2020-08-13,20:22,0,39.10946,-6.6892,0.0,Zamorano J. et al. (2019). TESS-W sky brightness network. Zenodo monthly archives. https://zenodo.org/records/3378728. CC0 1.0.,TESS station stars218; photometric inflection method; night median MSAS=20.97; MSAS at inflection=18.69; depression=11.25°; smoothing=5-pt median; dark rows=509
fajr,2020-08-14,04:42,0,39.10946,-6.6892,0.0,Zamorano J. et al. (2019). TESS-W sky brightness network. Zenodo monthly archives. https://zenodo.org/records/3378728. CC0 1.0.,TESS station stars218; photometric inflection method; night median MSAS=20.97; MSAS at inflection=18.48; depression=10.98°; smoothing=5-pt median; dark rows=509
fajr,2020-08-15,04:33,0,39.10946,-6.6892,0.0,Zamorano J. et al. (2019). TESS-W sky brightness network. Zenodo monthly archives. https://zenodo.org/records/3378728. CC0 1.0.,TESS station stars218; photometric inflection method; night median MSAS=21.07; MSAS at inflection=19.78; depression=12.54°; smoothing=5-pt median; dark rows=512
fajr,2020-08-16,04:29,0,39.10946,-6.6892,0.0,Zamorano J. et al. (2019). TESS-W sky brightness network. Zenodo monthly archives. https://zenodo.org/records/3378728. CC0 1.0.,TESS station stars218; photometric inflection method; night median MSAS=21.05; MSAS at inflection=20.40; depression=13.43°; smoothing=5-pt median; dark rows=516
isha,2020-08-17,20:17,0,39.10946,-6.6892,0.0,Zamorano J. et al. (2019). TESS-W sky brightness network. Zenodo monthly archives. https://zenodo.org/records/3378728. CC0 1.0.,TESS station stars218; photometric inflection method; night median MSAS=21.18; MSAS at inflection=19.21; depression=11.45°; smoothing=5-pt median; dark rows=522
isha,2020-08-18,20:27,0,39.10946,-6.6892,0.0,Zamorano J. et al. (2019). TESS-W sky brightness network. Zenodo monthly archives. https://zenodo.org/records/3378728. CC0 1.0.,TESS station stars218; photometric inflection method; night median MSAS=21.10; MSAS at inflection=20.36; depression=13.41°; smoothing=5-pt median; dark rows=524
isha,2020-08-20,20:42,0,39.10946,-6.6892,0.0,Zamorano J. et al. (2019). TESS-W sky brightness network. Zenodo monthly archives. https://zenodo.org/records/3378728. CC0 1.0.,TESS station stars218; photometric inflection method; night median MSAS=20.97; MSAS at inflection=21.09; depression=16.49°; smoothing=5-pt median; dark rows=528
isha,2020-08-22,20:31,0,39.10946,-6.6892,0.0,Zamorano J. et al. (2019). TESS-W sky brightness network. Zenodo monthly archives. https://zenodo.org/records/3378728. CC0 1.0.,TESS station stars218; photometric inflection method; night median MSAS=21.11; MSAS at inflection=20.81; depression=15.09°; smoothing=5-pt median; dark rows=534
fajr,2020-08-24,04:49,0,39.10946,-6.6892,0.0,Zamorano J. et al. (2019). TESS-W sky brightness network. Zenodo monthly archives. https://zenodo.org/records/3378728. CC0 1.0.,TESS station stars218; photometric inflection method; night median MSAS=21.10; MSAS at inflection=19.08; depression=11.55°; smoothing=5-pt median; dark rows=537
isha,2020-08-26,20:08,0,39.10946,-6.6892,0.0,Zamorano J. et al. (2019). TESS-W sky brightness network. Zenodo monthly archives. https://zenodo.org/records/3378728. CC0 1.0.,TESS station stars218; photometric inflection method; night median MSAS=20.95; MSAS at inflection=18.79; depression=12.39°; smoothing=5-pt median; dark rows=544
fajr,2020-08-27,04:51,0,39.10946,-6.6892,0.0,Zamorano J. et al. (2019). TESS-W sky brightness network. Zenodo monthly archives. https://zenodo.org/records/3378728. CC0 1.0.,TESS station stars218; photometric inflection method; night median MSAS=20.95; MSAS at inflection=19.27; depression=11.75°; smoothing=5-pt median; dark rows=544
isha,2020-08-28,19:55,0,39.10946,-6.6892,0.0,Zamorano J. et al. (2019). TESS-W sky brightness network. Zenodo monthly archives. https://zenodo.org/records/3378728. CC0 1.0.,TESS station stars218; photometric inflection method; night median MSAS=20.08; MSAS at inflection=17.95; depression=10.66°; smoothing=5-pt median; dark rows=550
fajr,2020-08-29,04:50,0,39.10946,-6.6892,0.0,Zamorano J. et al. (2019). TESS-W sky brightness network. Zenodo monthly archives. https://zenodo.org/records/3378728. CC0 1.0.,TESS station stars218; photometric inflection method; night median MSAS=20.08; MSAS at inflection=19.88; depression=12.29°; smoothing=5-pt median; dark rows=550
isha,2020-08-29,20:03,0,39.10946,-6.6892,0.0,Zamorano J. et al. (2019). TESS-W sky brightness network. Zenodo monthly archives. https://zenodo.org/records/3378728. CC0 1.0.,TESS station stars218; photometric inflection method; night median MSAS=18.87; MSAS at inflection=18.53; depression=12.40°; smoothing=5-pt median; dark rows=553
fajr,2020-08-30,04:50,0,39.10946,-6.6892,0.0,Zamorano J. et al. (2019). TESS-W sky brightness network. Zenodo monthly archives. https://zenodo.org/records/3378728. CC0 1.0.,TESS station stars218; photometric inflection method; night median MSAS=18.87; MSAS at inflection=19.97; depression=12.50°; smoothing=5-pt median; dark rows=553
fajr,2020-08-31,05:00,0,39.10946,-6.6892,0.0,Zamorano J. et al. (2019). TESS-W sky brightness network. Zenodo monthly archives. https://zenodo.org/records/3378728. CC0 1.0.,TESS station stars218; photometric inflection method; night median MSAS=18.45; MSAS at inflection=18.77; depression=11.02°; smoothing=5-pt median; dark rows=556
isha,2020-08-05,18:28,1,-23.236357,16.36177,0.0,Zamorano J. et al. (2019). TESS-W sky brightness network. Zenodo monthly archives. https://zenodo.org/records/3378728. CC0 1.0.,TESS station stars219; photometric inflection method; night median MSAS=18.20; MSAS at inflection=19.76; depression=12.74°; smoothing=5-pt median; dark rows=669
fajr,2020-08-07,05:40,1,-23.236357,16.36177,0.0,Zamorano J. et al. (2019). TESS-W sky brightness network. Zenodo monthly archives. https://zenodo.org/records/3378728. CC0 1.0.,TESS station stars219; photometric inflection method; night median MSAS=18.35; MSAS at inflection=17.78; depression=10.88°; smoothing=5-pt median; dark rows=601
isha,2020-08-07,18:28,1,-23.236357,16.36177,0.0,Zamorano J. et al. (2019). TESS-W sky brightness network. Zenodo monthly archives. https://zenodo.org/records/3378728. CC0 1.0.,TESS station stars219; photometric inflection method; night median MSAS=19.35; MSAS at inflection=19.58; depression=12.61°; smoothing=5-pt median; dark rows=684
isha,2020-08-10,18:36,1,-23.236357,16.36177,0.0,Zamorano J. et al. (2019). TESS-W sky brightness network. Zenodo monthly archives. https://zenodo.org/records/3378728. CC0 1.0.,TESS station stars219; photometric inflection method; night median MSAS=20.72; MSAS at inflection=20.72; depression=14.26°; smoothing=5-pt median; dark rows=679
fajr,2020-08-11,05:01,1,-23.236357,16.36177,0.0,Zamorano J. et al. (2019). TESS-W sky brightness network. Zenodo monthly archives. https://zenodo.org/records/3378728. CC0 1.0.,TESS station stars219; photometric inflection method; night median MSAS=20.72; MSAS at inflection=19.25; depression=19.00°; smoothing=5-pt median; dark rows=679
fajr,2020-08-12,05:29,1,-23.236357,16.36177,0.0,Zamorano J. et al. (2019). TESS-W sky brightness network. Zenodo monthly archives. https://zenodo.org/records/3378728. CC0 1.0.,TESS station stars219; photometric inflection method; night median MSAS=20.89; MSAS at inflection=19.41; depression=12.65°; smoothing=5-pt median; dark rows=680
isha,2020-08-12,18:41,1,-23.236357,16.36177,0.0,Zamorano J. et al. (2019). TESS-W sky brightness network. Zenodo monthly archives. https://zenodo.org/records/3378728. CC0 1.0.,TESS station stars219; photometric inflection method; night median MSAS=21.13; MSAS at inflection=21.00; depression=15.26°; smoothing=5-pt median; dark rows=677
isha,2020-08-13,18:33,1,-23.236357,16.36177,0.0,Zamorano J. et al. (2019). TESS-W sky brightness network. Zenodo monthly archives. https://zenodo.org/records/3378728. CC0 1.0.,TESS station stars219; photometric inflection method; night median MSAS=21.27; MSAS at inflection=20.19; depression=13.34°; smoothing=5-pt median; dark rows=678
isha,2020-08-15,18:31,1,-23.236357,16.36177,0.0,Zamorano J. et al. (2019). TESS-W sky brightness network. Zenodo monthly archives. https://zenodo.org/records/3378728. CC0 1.0.,TESS station stars219; photometric inflection method; night median MSAS=21.54; MSAS at inflection=19.74; depression=12.70°; smoothing=5-pt median; dark rows=675
fajr,2020-08-17,05:24,1,-23.236357,16.36177,0.0,Zamorano J. et al. (2019). TESS-W sky brightness network. Zenodo monthly archives. https://zenodo.org/records/3378728. CC0 1.0.,TESS station stars219; photometric inflection method; night median MSAS=21.55; MSAS at inflection=20.34; depression=12.88°; smoothing=5-pt median; dark rows=670
fajr,2020-08-19,04:49,1,-23.236357,16.36177,0.0,Zamorano J. et al. (2019). TESS-W sky brightness network. Zenodo monthly archives. https://zenodo.org/records/3378728. CC0 1.0.,TESS station stars219; photometric inflection method; night median MSAS=21.60; MSAS at inflection=21.79; depression=20.52°; smoothing=5-pt median; dark rows=639
fajr,2020-08-20,05:26,1,-23.236357,16.36177,0.0,Zamorano J. et al. (2019). TESS-W sky brightness network. Zenodo monthly archives. https://zenodo.org/records/3378728. CC0 1.0.,TESS station stars219; photometric inflection method; night median MSAS=21.63; MSAS at inflection=19.67; depression=11.94°; smoothing=5-pt median; dark rows=669
isha,2020-08-20,18:30,1,-23.236357,16.36177,0.0,Zamorano J. et al. (2019). TESS-W sky brightness network. Zenodo monthly archives. https://zenodo.org/records/3378728. CC0 1.0.,TESS station stars219; photometric inflection method; night median MSAS=21.53; MSAS at inflection=19.32; depression=12.12°; smoothing=5-pt median; dark rows=671
isha,2020-08-21,18:43,1,-23.236357,16.36177,0.0,Zamorano J. et al. (2019). TESS-W sky brightness network. Zenodo monthly archives. https://zenodo.org/records/3378728. CC0 1.0.,TESS station stars219; photometric inflection method; night median MSAS=21.73; MSAS at inflection=20.84; depression=15.04°; smoothing=5-pt median; dark rows=670
fajr,2020-08-24,04:59,1,-23.236357,16.36177,0.0,Zamorano J. et al. (2019). TESS-W sky brightness network. Zenodo monthly archives. https://zenodo.org/records/3378728. CC0 1.0.,TESS station stars219; photometric inflection method; night median MSAS=21.63; MSAS at inflection=21.73; depression=17.36°; smoothing=5-pt median; dark rows=665
fajr,2020-08-25,05:21,1,-23.236357,16.36177,0.0,Zamorano J. et al. (2019). TESS-W sky brightness network. Zenodo monthly archives. https://zenodo.org/records/3378728. CC0 1.0.,TESS station stars219; photometric inflection method; night median MSAS=21.64; MSAS at inflection=19.70; depression=12.10°; smoothing=5-pt median; dark rows=665
fajr,2020-08-26,05:17,1,-23.236357,16.36177,0.0,Zamorano J. et al. (2019). TESS-W sky brightness network. Zenodo monthly archives. https://zenodo.org/records/3378728. CC0 1.0.,TESS station stars219; photometric inflection method; night median MSAS=20.87; MSAS at inflection=20.48; depression=12.96°; smoothing=5-pt median; dark rows=664
fajr,2020-08-29,05:25,1,-23.236357,16.36177,0.0,Zamorano J. et al. (2019). TESS-W sky brightness network. Zenodo monthly archives. https://zenodo.org/records/3378728. CC0 1.0.,TESS station stars219; photometric inflection method; night median MSAS=18.47; MSAS at inflection=18.48; depression=10.53°; smoothing=5-pt median; dark rows=661
isha,2020-08-29,18:20,1,-23.236357,16.36177,0.0,Zamorano J. et al. (2019). TESS-W sky brightness network. Zenodo monthly archives. https://zenodo.org/records/3378728. CC0 1.0.,TESS station stars219; photometric inflection method; night median MSAS=18.00; MSAS at inflection=16.49; depression=9.24°; smoothing=5-pt median; dark rows=660
fajr,2020-08-30,05:34,1,-23.236357,16.36177,0.0,Zamorano J. et al. (2019). TESS-W sky brightness network. Zenodo monthly archives. https://zenodo.org/records/3378728. CC0 1.0.,TESS station stars219; photometric inflection method; night median MSAS=18.00; MSAS at inflection=15.86; depression=8.08°; smoothing=5-pt median; dark rows=660
fajr,2020-08-31,05:17,1,-23.236357,16.36177,0.0,Zamorano J. et al. (2019). TESS-W sky brightness network. Zenodo monthly archives. https://zenodo.org/records/3378728. CC0 1.0.,TESS station stars219; photometric inflection method; night median MSAS=17.55; MSAS at inflection=19.68; depression=11.81°; smoothing=5-pt median; dark rows=534
isha,2020-08-09,18:17,-5,-31.798607,-69.297744,0.0,Zamorano J. et al. (2019). TESS-W sky brightness network. Zenodo monthly archives. https://zenodo.org/records/3378728. CC0 1.0.,TESS station stars221; photometric inflection method; night median MSAS=20.03; MSAS at inflection=20.46; depression=15.31°; smoothing=5-pt median; dark rows=695
isha,2020-08-10,18:10,-5,-31.798607,-69.297744,0.0,Zamorano J. et al. (2019). TESS-W sky brightness network. Zenodo monthly archives. https://zenodo.org/records/3378728. CC0 1.0.,TESS station stars221; photometric inflection method; night median MSAS=20.48; MSAS at inflection=19.74; depression=13.90°; smoothing=5-pt median; dark rows=141
fajr,2020-08-13,05:17,-5,-31.798607,-69.297744,0.0,Zamorano J. et al. (2019). TESS-W sky brightness network. Zenodo monthly archives. https://zenodo.org/records/3378728. CC0 1.0.,TESS station stars221; photometric inflection method; night median MSAS=20.88; MSAS at inflection=20.15; depression=12.70°; smoothing=5-pt median; dark rows=137
fajr,2020-08-14,04:43,-5,-31.798607,-69.297744,0.0,Zamorano J. et al. (2019). TESS-W sky brightness network. Zenodo monthly archives. https://zenodo.org/records/3378728. CC0 1.0.,TESS station stars221; photometric inflection method; night median MSAS=21.14; MSAS at inflection=21.20; depression=19.61°; smoothing=5-pt median; dark rows=213
isha,2020-08-15,18:14,-5,-31.798607,-69.297744,0.0,Zamorano J. et al. (2019). TESS-W sky brightness network. Zenodo monthly archives. https://zenodo.org/records/3378728. CC0 1.0.,TESS station stars221; photometric inflection method; night median MSAS=21.09; MSAS at inflection=20.00; depression=14.07°; smoothing=5-pt median; dark rows=136
fajr,2020-08-16,05:19,-5,-31.798607,-69.297744,0.0,Zamorano J. et al. (2019). TESS-W sky brightness network. Zenodo monthly archives. https://zenodo.org/records/3378728. CC0 1.0.,TESS station stars221; photometric inflection method; night median MSAS=21.09; MSAS at inflection=19.58; depression=11.71°; smoothing=5-pt median; dark rows=136
isha,2020-08-16,18:06,-5,-31.798607,-69.297744,0.0,Zamorano J. et al. (2019). TESS-W sky brightness network. Zenodo monthly archives. https://zenodo.org/records/3378728. CC0 1.0.,TESS station stars221; photometric inflection method; night median MSAS=21.05; MSAS at inflection=18.77; depression=12.20°; smoothing=5-pt median; dark rows=137
fajr,2020-08-18,05:22,-5,-31.798607,-69.297744,0.0,Zamorano J. et al. (2019). TESS-W sky brightness network. Zenodo monthly archives. https://zenodo.org/records/3378728. CC0 1.0.,TESS station stars221; photometric inflection method; night median MSAS=21.01; MSAS at inflection=18.56; depression=10.52°; smoothing=5-pt median; dark rows=135
isha,2020-08-18,18:15,-5,-31.798607,-69.297744,0.0,Zamorano J. et al. (2019). TESS-W sky brightness network. Zenodo monthly archives. https://zenodo.org/records/3378728. CC0 1.0.,TESS station stars221; photometric inflection method; night median MSAS=21.19; MSAS at inflection=19.72; depression=13.86°; smoothing=5-pt median; dark rows=135
fajr,2020-08-19,05:14,-5,-31.798607,-69.297744,0.0,Zamorano J. et al. (2019). TESS-W sky brightness network. Zenodo monthly archives. https://zenodo.org/records/3378728. CC0 1.0.,TESS station stars221; photometric inflection method; night median MSAS=21.19; MSAS at inflection=19.75; depression=11.98°; smoothing=5-pt median; dark rows=135
isha,2020-08-19,18:17,-5,-31.798607,-69.297744,0.0,Zamorano J. et al. (2019). TESS-W sky brightness network. Zenodo monthly archives. https://zenodo.org/records/3378728. CC0 1.0.,TESS station stars221; photometric inflection method; night median MSAS=21.16; MSAS at inflection=19.91; depression=14.23°; smoothing=5-pt median; dark rows=135
fajr,2020-08-20,04:46,-5,-31.798607,-69.297744,0.0,Zamorano J. et al. (2019). TESS-W sky brightness network. Zenodo monthly archives. https://zenodo.org/records/3378728. CC0 1.0.,TESS station stars221; photometric inflection method; night median MSAS=21.16; MSAS at inflection=21.19; depression=17.76°; smoothing=5-pt median; dark rows=135
fajr,2020-08-21,05:14,-5,-31.798607,-69.297744,0.0,Zamorano J. et al. (2019). TESS-W sky brightness network. Zenodo monthly archives. https://zenodo.org/records/3378728. CC0 1.0.,TESS station stars221; photometric inflection method; night median MSAS=21.32; MSAS at inflection=19.31; depression=11.69°; smoothing=5-pt median; dark rows=134
isha,2020-08-21,18:11,-5,-31.798607,-69.297744,0.0,Zamorano J. et al. (2019). TESS-W sky brightness network. Zenodo monthly archives. https://zenodo.org/records/3378728. CC0 1.0.,TESS station stars221; photometric inflection method; night median MSAS=21.21; MSAS at inflection=18.91; depression=12.79°; smoothing=5-pt median; dark rows=134
fajr,2020-08-23,05:07,-5,-31.798607,-69.297744,0.0,Zamorano J. et al. (2019). TESS-W sky brightness network. Zenodo monthly archives. https://zenodo.org/records/3378728. CC0 1.0.,TESS station stars221; photometric inflection method; night median MSAS=21.21; MSAS at inflection=19.68; depression=12.64°; smoothing=5-pt median; dark rows=678
fajr,2020-08-24,05:01,-5,-31.798607,-69.297744,0.0,Zamorano J. et al. (2019). TESS-W sky brightness network. Zenodo monthly archives. https://zenodo.org/records/3378728. CC0 1.0.,TESS station stars221; photometric inflection method; night median MSAS=21.17; MSAS at inflection=20.21; depression=13.81°; smoothing=5-pt median; dark rows=674
fajr,2020-08-25,04:50,-5,-31.798607,-69.297744,0.0,Zamorano J. et al. (2019). TESS-W sky brightness network. Zenodo monthly archives. https://zenodo.org/records/3378728. CC0 1.0.,TESS station stars221; photometric inflection method; night median MSAS=21.05; MSAS at inflection=21.26; depression=15.73°; smoothing=5-pt median; dark rows=672
fajr,2020-08-26,05:08,-5,-31.798607,-69.297744,0.0,Zamorano J. et al. (2019). TESS-W sky brightness network. Zenodo monthly archives. https://zenodo.org/records/3378728. CC0 1.0.,TESS station stars221; photometric inflection method; night median MSAS=20.39; MSAS at inflection=19.30; depression=11.80°; smoothing=5-pt median; dark rows=674
fajr,2020-08-27,04:44,-5,-31.798607,-69.297744,0.0,Zamorano J. et al. (2019). TESS-W sky brightness network. Zenodo monthly archives. https://zenodo.org/records/3378728. CC0 1.0.,TESS station stars221; photometric inflection method; night median MSAS=19.81; MSAS at inflection=21.22; depression=16.54°; smoothing=5-pt median; dark rows=668
fajr,2020-08-28,05:04,-5,-31.798607,-69.297744,0.0,Zamorano J. et al. (2019). TESS-W sky brightness network. Zenodo monthly archives. https://zenodo.org/records/3378728. CC0 1.0.,TESS station stars221; photometric inflection method; night median MSAS=19.05; MSAS at inflection=19.30; depression=12.16°; smoothing=5-pt median; dark rows=669
isha,2020-08-01,20:26,0,41.474,-1.4821,0.0,Zamorano J. et al. (2019). TESS-W sky brightness network. Zenodo monthly archives. https://zenodo.org/records/3378728. CC0 1.0.,TESS station stars225; photometric inflection method; night median MSAS=18.95; MSAS at inflection=18.50; depression=11.11°; smoothing=5-pt median; dark rows=466
isha,2020-08-03,20:54,0,41.474,-1.4821,0.0,Zamorano J. et al. (2019). TESS-W sky brightness network. Zenodo monthly archives. https://zenodo.org/records/3378728. CC0 1.0.,TESS station stars225; photometric inflection method; night median MSAS=18.47; MSAS at inflection=18.29; depression=15.69°; smoothing=5-pt median; dark rows=471
isha,2020-08-04,20:29,0,41.474,-1.4821,0.0,Zamorano J. et al. (2019). TESS-W sky brightness network. Zenodo monthly archives. https://zenodo.org/records/3378728. CC0 1.0.,TESS station stars225; photometric inflection method; night median MSAS=18.73; MSAS at inflection=19.47; depression=12.20°; smoothing=5-pt median; dark rows=474
fajr,2020-08-05,04:05,0,41.474,-1.4821,0.0,Zamorano J. et al. (2019). TESS-W sky brightness network. Zenodo monthly archives. https://zenodo.org/records/3378728. CC0 1.0.,TESS station stars225; photometric inflection method; night median MSAS=18.73; MSAS at inflection=18.18; depression=10.64°; smoothing=5-pt median; dark rows=474
isha,2020-08-05,20:20,0,41.474,-1.4821,0.0,Zamorano J. et al. (2019). TESS-W sky brightness network. Zenodo monthly archives. https://zenodo.org/records/3378728. CC0 1.0.,TESS station stars225; photometric inflection method; night median MSAS=19.02; MSAS at inflection=18.89; depression=11.13°; smoothing=5-pt median; dark rows=476
fajr,2020-08-06,03:03,0,41.474,-1.4821,0.0,Zamorano J. et al. (2019). TESS-W sky brightness network. Zenodo monthly archives. https://zenodo.org/records/3378728. CC0 1.0.,TESS station stars225; photometric inflection method; night median MSAS=19.02; MSAS at inflection=18.87; depression=19.66°; smoothing=5-pt median; dark rows=476
isha,2020-08-07,20:10,0,41.474,-1.4821,0.0,Zamorano J. et al. (2019). TESS-W sky brightness network. Zenodo monthly archives. https://zenodo.org/records/3378728. CC0 1.0.,TESS station stars225; photometric inflection method; night median MSAS=19.23; MSAS at inflection=17.87; depression=9.99°; smoothing=5-pt median; dark rows=478
fajr,2020-08-08,03:25,0,41.474,-1.4821,0.0,Zamorano J. et al. (2019). TESS-W sky brightness network. Zenodo monthly archives. https://zenodo.org/records/3378728. CC0 1.0.,TESS station stars225; photometric inflection method; night median MSAS=19.23; MSAS at inflection=18.74; depression=17.07°; smoothing=5-pt median; dark rows=478
isha,2020-08-08,21:30,0,41.474,-1.4821,0.0,Zamorano J. et al. (2019). TESS-W sky brightness network. Zenodo monthly archives. https://zenodo.org/records/3378728. CC0 1.0.,TESS station stars225; photometric inflection method; night median MSAS=19.17; MSAS at inflection=20.08; depression=21.73°; smoothing=5-pt median; dark rows=483
fajr,2020-08-09,04:11,0,41.474,-1.4821,0.0,Zamorano J. et al. (2019). TESS-W sky brightness network. Zenodo monthly archives. https://zenodo.org/records/3378728. CC0 1.0.,TESS station stars225; photometric inflection method; night median MSAS=19.17; MSAS at inflection=18.13; depression=10.42°; smoothing=5-pt median; dark rows=483
isha,2020-08-10,20:42,0,41.474,-1.4821,0.0,Zamorano J. et al. (2019). TESS-W sky brightness network. Zenodo monthly archives. https://zenodo.org/records/3378728. CC0 1.0.,TESS station stars225; photometric inflection method; night median MSAS=19.25; MSAS at inflection=19.49; depression=15.58°; smoothing=5-pt median; dark rows=489
fajr,2020-08-11,03:56,0,41.474,-1.4821,0.0,Zamorano J. et al. (2019). TESS-W sky brightness network. Zenodo monthly archives. https://zenodo.org/records/3378728. CC0 1.0.,TESS station stars225; photometric inflection method; night median MSAS=19.25; MSAS at inflection=18.47; depression=13.24°; smoothing=5-pt median; dark rows=489
isha,2020-08-11,19:50,0,41.474,-1.4821,0.0,Zamorano J. et al. (2019). TESS-W sky brightness network. Zenodo monthly archives. https://zenodo.org/records/3378728. CC0 1.0.,TESS station stars225; photometric inflection method; night median MSAS=19.09; MSAS at inflection=17.19; depression=7.71°; smoothing=5-pt median; dark rows=491
fajr,2020-08-12,03:00,0,41.474,-1.4821,0.0,Zamorano J. et al. (2019). TESS-W sky brightness network. Zenodo monthly archives. https://zenodo.org/records/3378728. CC0 1.0.,TESS station stars225; photometric inflection method; night median MSAS=19.09; MSAS at inflection=20.10; depression=21.38°; smoothing=5-pt median; dark rows=491
isha,2020-08-13,21:18,0,41.474,-1.4821,0.0,Zamorano J. et al. (2019). TESS-W sky brightness network. Zenodo monthly archives. https://zenodo.org/records/3378728. CC0 1.0.,TESS station stars225; photometric inflection method; night median MSAS=20.30; MSAS at inflection=20.31; depression=21.55°; smoothing=5-pt median; dark rows=497
isha,2020-08-14,20:24,0,41.474,-1.4821,0.0,Zamorano J. et al. (2019). TESS-W sky brightness network. Zenodo monthly archives. https://zenodo.org/records/3378728. CC0 1.0.,TESS station stars225; photometric inflection method; night median MSAS=20.29; MSAS at inflection=19.84; depression=13.96°; smoothing=5-pt median; dark rows=481
fajr,2020-08-15,04:15,0,41.474,-1.4821,0.0,Zamorano J. et al. (2019). TESS-W sky brightness network. Zenodo monthly archives. https://zenodo.org/records/3378728. CC0 1.0.,TESS station stars225; photometric inflection method; night median MSAS=20.29; MSAS at inflection=18.90; depression=10.98°; smoothing=5-pt median; dark rows=481
fajr,2020-08-16,04:22,0,41.474,-1.4821,0.0,Zamorano J. et al. (2019). TESS-W sky brightness network. Zenodo monthly archives. https://zenodo.org/records/3378728. CC0 1.0.,TESS station stars225; photometric inflection method; night median MSAS=20.39; MSAS at inflection=18.31; depression=10.00°; smoothing=5-pt median; dark rows=504
fajr,2020-08-17,04:13,0,41.474,-1.4821,0.0,Zamorano J. et al. (2019). TESS-W sky brightness network. Zenodo monthly archives. https://zenodo.org/records/3378728. CC0 1.0.,TESS station stars225; photometric inflection method; night median MSAS=20.55; MSAS at inflection=19.57; depression=11.67°; smoothing=5-pt median; dark rows=506
isha,2020-08-17,20:27,0,41.474,-1.4821,0.0,Zamorano J. et al. (2019). TESS-W sky brightness network. Zenodo monthly archives. https://zenodo.org/records/3378728. CC0 1.0.,TESS station stars225; photometric inflection method; night median MSAS=19.55; MSAS at inflection=19.66; depression=15.17°; smoothing=5-pt median; dark rows=508
fajr,2020-08-20,03:41,0,41.474,-1.4821,0.0,Zamorano J. et al. (2019). TESS-W sky brightness network. Zenodo monthly archives. https://zenodo.org/records/3378728. CC0 1.0.,TESS station stars225; photometric inflection method; night median MSAS=20.42; MSAS at inflection=20.45; depression=17.43°; smoothing=5-pt median; dark rows=515
isha,2020-08-20,20:23,0,41.474,-1.4821,0.0,Zamorano J. et al. (2019). TESS-W sky brightness network. Zenodo monthly archives. https://zenodo.org/records/3378728. CC0 1.0.,TESS station stars225; photometric inflection method; night median MSAS=20.39; MSAS at inflection=20.51; depression=15.45°; smoothing=5-pt median; dark rows=506
fajr,2020-08-21,04:14,0,41.474,-1.4821,0.0,Zamorano J. et al. (2019). TESS-W sky brightness network. Zenodo monthly archives. https://zenodo.org/records/3378728. CC0 1.0.,TESS station stars225; photometric inflection method; night median MSAS=20.39; MSAS at inflection=19.37; depression=12.34°; smoothing=5-pt median; dark rows=506
fajr,2020-08-22,04:25,0,41.474,-1.4821,0.0,Zamorano J. et al. (2019). TESS-W sky brightness network. Zenodo monthly archives. https://zenodo.org/records/3378728. CC0 1.0.,TESS station stars225; photometric inflection method; night median MSAS=20.49; MSAS at inflection=18.14; depression=10.65°; smoothing=5-pt median; dark rows=518
fajr,2020-08-23,04:24,0,41.474,-1.4821,0.0,Zamorano J. et al. (2019). TESS-W sky brightness network. Zenodo monthly archives. https://zenodo.org/records/3378728. CC0 1.0.,TESS station stars225; photometric inflection method; night median MSAS=20.34; MSAS at inflection=18.85; depression=11.06°; smoothing=5-pt median; dark rows=524
fajr,2020-08-24,04:33,0,41.474,-1.4821,0.0,Zamorano J. et al. (2019). TESS-W sky brightness network. Zenodo monthly archives. https://zenodo.org/records/3378728. CC0 1.0.,TESS station stars225; photometric inflection method; night median MSAS=20.37; MSAS at inflection=17.89; depression=9.72°; smoothing=5-pt median; dark rows=526
isha,2020-08-24,19:49,0,41.474,-1.4821,0.0,Zamorano J. et al. (2019). TESS-W sky brightness network. Zenodo monthly archives. https://zenodo.org/records/3378728. CC0 1.0.,TESS station stars225; photometric inflection method; night median MSAS=20.33; MSAS at inflection=18.81; depression=11.07°; smoothing=5-pt median; dark rows=528
fajr,2020-08-26,04:17,0,41.474,-1.4821,0.0,Zamorano J. et al. (2019). TESS-W sky brightness network. Zenodo monthly archives. https://zenodo.org/records/3378728. CC0 1.0.,TESS station stars225; photometric inflection method; night median MSAS=20.28; MSAS at inflection=19.86; depression=12.83°; smoothing=5-pt median; dark rows=532
isha,2020-08-26,19:59,0,41.474,-1.4821,0.0,Zamorano J. et al. (2019). TESS-W sky brightness network. Zenodo monthly archives. https://zenodo.org/records/3378728. CC0 1.0.,TESS station stars225; photometric inflection method; night median MSAS=20.28; MSAS at inflection=19.49; depression=13.35°; smoothing=5-pt median; dark rows=532
fajr,2020-08-27,04:17,0,41.474,-1.4821,0.0,Zamorano J. et al. (2019). TESS-W sky brightness network. Zenodo monthly archives. https://zenodo.org/records/3378728. CC0 1.0.,TESS station stars225; photometric inflection method; night median MSAS=20.28; MSAS at inflection=19.68; depression=13.06°; smoothing=5-pt median; dark rows=532
fajr,2020-08-29,04:24,0,41.474,-1.4821,0.0,Zamorano J. et al. (2019). TESS-W sky brightness network. Zenodo monthly archives. https://zenodo.org/records/3378728. CC0 1.0.,TESS station stars225; photometric inflection method; night median MSAS=18.19; MSAS at inflection=19.95; depression=12.39°; smoothing=5-pt median; dark rows=541
isha,2020-08-29,19:49,0,41.474,-1.4821,0.0,Zamorano J. et al. (2019). TESS-W sky brightness network. Zenodo monthly archives. https://zenodo.org/records/3378728. CC0 1.0.,TESS station stars225; photometric inflection method; night median MSAS=19.81; MSAS at inflection=19.12; depression=12.54°; smoothing=5-pt median; dark rows=544
fajr,2020-08-30,04:19,0,41.474,-1.4821,0.0,Zamorano J. et al. (2019). TESS-W sky brightness network. Zenodo monthly archives. https://zenodo.org/records/3378728. CC0 1.0.,TESS station stars225; photometric inflection method; night median MSAS=19.81; MSAS at inflection=20.31; depression=13.33°; smoothing=5-pt median; dark rows=544
isha,2020-08-30,19:30,0,41.474,-1.4821,0.0,Zamorano J. et al. (2019). TESS-W sky brightness network. Zenodo monthly archives. https://zenodo.org/records/3378728. CC0 1.0.,TESS station stars225; photometric inflection method; night median MSAS=19.37; MSAS at inflection=17.72; depression=9.63°; smoothing=5-pt median; dark rows=546
isha,2020-08-31,20:23,0,41.474,-1.4821,0.0,Zamorano J. et al. (2019). TESS-W sky brightness network. Zenodo monthly archives. https://zenodo.org/records/3378728. CC0 1.0.,TESS station stars225; photometric inflection method; night median MSAS=18.21; MSAS at inflection=19.44; depression=18.95°; smoothing=5-pt median; dark rows=268
isha,2020-08-03,20:26,0,41.6226,-0.9315,0.0,Zamorano J. et al. (2019). TESS-W sky brightness network. Zenodo monthly archives. https://zenodo.org/records/3378728. CC0 1.0.,TESS station stars226; photometric inflection method; night median MSAS=17.74; MSAS at inflection=17.69; depression=11.80°; smoothing=5-pt median; dark rows=469
fajr,2020-08-04,04:18,0,41.6226,-0.9315,0.0,Zamorano J. et al. (2019). TESS-W sky brightness network. Zenodo monthly archives. https://zenodo.org/records/3378728. CC0 1.0.,TESS station stars226; photometric inflection method; night median MSAS=17.74; MSAS at inflection=15.91; depression=7.93°; smoothing=5-pt median; dark rows=469
isha,2020-08-04,20:09,0,41.6226,-0.9315,0.0,Zamorano J. et al. (2019). TESS-W sky brightness network. Zenodo monthly archives. https://zenodo.org/records/3378728. CC0 1.0.,TESS station stars226; photometric inflection method; night median MSAS=17.99; MSAS at inflection=16.86; depression=9.41°; smoothing=5-pt median; dark rows=431
isha,2020-08-05,20:11,0,41.6226,-0.9315,0.0,Zamorano J. et al. (2019). TESS-W sky brightness network. Zenodo monthly archives. https://zenodo.org/records/3378728. CC0 1.0.,TESS station stars226; photometric inflection method; night median MSAS=17.91; MSAS at inflection=17.20; depression=9.98°; smoothing=5-pt median; dark rows=475
isha,2020-08-06,20:14,0,41.6226,-0.9315,0.0,Zamorano J. et al. (2019). TESS-W sky brightness network. Zenodo monthly archives. https://zenodo.org/records/3378728. CC0 1.0.,TESS station stars226; photometric inflection method; night median MSAS=17.53; MSAS at inflection=16.85; depression=10.65°; smoothing=5-pt median; dark rows=478
fajr,2020-08-07,04:14,0,41.6226,-0.9315,0.0,Zamorano J. et al. (2019). TESS-W sky brightness network. Zenodo monthly archives. https://zenodo.org/records/3378728. CC0 1.0.,TESS station stars226; photometric inflection method; night median MSAS=17.53; MSAS at inflection=16.47; depression=9.06°; smoothing=5-pt median; dark rows=478
isha,2020-08-07,20:55,0,41.6226,-0.9315,0.0,Zamorano J. et al. (2019). TESS-W sky brightness network. Zenodo monthly archives. https://zenodo.org/records/3378728. CC0 1.0.,TESS station stars226; photometric inflection method; night median MSAS=17.64; MSAS at inflection=17.08; depression=17.04°; smoothing=5-pt median; dark rows=480
fajr,2020-08-08,04:23,0,41.6226,-0.9315,0.0,Zamorano J. et al. (2019). TESS-W sky brightness network. Zenodo monthly archives. https://zenodo.org/records/3378728. CC0 1.0.,TESS station stars226; photometric inflection method; night median MSAS=17.64; MSAS at inflection=15.47; depression=7.80°; smoothing=5-pt median; dark rows=480
isha,2020-08-12,21:21,0,41.6226,-0.9315,0.0,Zamorano J. et al. (2019). TESS-W sky brightness network. Zenodo monthly archives. https://zenodo.org/records/3378728. CC0 1.0.,TESS station stars226; photometric inflection method; night median MSAS=18.26; MSAS at inflection=17.83; depression=21.76°; smoothing=5-pt median; dark rows=494
fajr,2020-08-13,04:23,0,41.6226,-0.9315,0.0,Zamorano J. et al. (2019). TESS-W sky brightness network. Zenodo monthly archives. https://zenodo.org/records/3378728. CC0 1.0.,TESS station stars226; photometric inflection method; night median MSAS=18.26; MSAS at inflection=16.49; depression=8.78°; smoothing=5-pt median; dark rows=494
fajr,2020-08-14,04:29,0,41.6226,-0.9315,0.0,Zamorano J. et al. (2019). TESS-W sky brightness network. Zenodo monthly archives. https://zenodo.org/records/3378728. CC0 1.0.,TESS station stars226; photometric inflection method; night median MSAS=18.09; MSAS at inflection=15.73; depression=8.01°; smoothing=5-pt median; dark rows=497
isha,2020-08-14,20:24,0,41.6226,-0.9315,0.0,Zamorano J. et al. (2019). TESS-W sky brightness network. Zenodo monthly archives. https://zenodo.org/records/3378728. CC0 1.0.,TESS station stars226; photometric inflection method; night median MSAS=17.92; MSAS at inflection=16.76; depression=14.19°; smoothing=5-pt median; dark rows=500
fajr,2020-08-15,04:19,0,41.6226,-0.9315,0.0,Zamorano J. et al. (2019). TESS-W sky brightness network. Zenodo monthly archives. https://zenodo.org/records/3378728. CC0 1.0.,TESS station stars226; photometric inflection method; night median MSAS=17.92; MSAS at inflection=17.13; depression=9.81°; smoothing=5-pt median; dark rows=500
fajr,2020-08-16,03:56,0,41.6226,-0.9315,0.0,Zamorano J. et al. (2019). TESS-W sky brightness network. Zenodo monthly archives. https://zenodo.org/records/3378728. CC0 1.0.,TESS station stars226; photometric inflection method; night median MSAS=18.32; MSAS at inflection=18.28; depression=13.74°; smoothing=5-pt median; dark rows=503
fajr,2020-08-17,04:15,0,41.6226,-0.9315,0.0,Zamorano J. et al. (2019). TESS-W sky brightness network. Zenodo monthly archives. https://zenodo.org/records/3378728. CC0 1.0.,TESS station stars226; photometric inflection method; night median MSAS=18.42; MSAS at inflection=18.00; depression=10.96°; smoothing=5-pt median; dark rows=505
isha,2020-08-18,19:53,0,41.6226,-0.9315,0.0,Zamorano J. et al. (2019). TESS-W sky brightness network. Zenodo monthly archives. https://zenodo.org/records/3378728. CC0 1.0.,TESS station stars226; photometric inflection method; night median MSAS=17.91; MSAS at inflection=16.07; depression=10.25°; smoothing=5-pt median; dark rows=509
fajr,2020-08-19,04:32,0,41.6226,-0.9315,0.0,Zamorano J. et al. (2019). TESS-W sky brightness network. Zenodo monthly archives. https://zenodo.org/records/3378728. CC0 1.0.,TESS station stars226; photometric inflection method; night median MSAS=17.91; MSAS at inflection=16.26; depression=8.59°; smoothing=5-pt median; dark rows=509
fajr,2020-08-21,04:33,0,41.6226,-0.9315,0.0,Zamorano J. et al. (2019). TESS-W sky brightness network. Zenodo monthly archives. https://zenodo.org/records/3378728. CC0 1.0.,TESS station stars226; photometric inflection method; night median MSAS=18.19; MSAS at inflection=16.44; depression=8.81°; smoothing=5-pt median; dark rows=495
isha,2020-08-21,19:44,0,41.6226,-0.9315,0.0,Zamorano J. et al. (2019). TESS-W sky brightness network. Zenodo monthly archives. https://zenodo.org/records/3378728. CC0 1.0.,TESS station stars226; photometric inflection method; night median MSAS=18.40; MSAS at inflection=17.09; depression=9.61°; smoothing=5-pt median; dark rows=519
isha,2020-08-22,19:34,0,41.6226,-0.9315,0.0,Zamorano J. et al. (2019). TESS-W sky brightness network. Zenodo monthly archives. https://zenodo.org/records/3378728. CC0 1.0.,TESS station stars226; photometric inflection method; night median MSAS=18.33; MSAS at inflection=15.87; depression=8.22°; smoothing=5-pt median; dark rows=523
fajr,2020-08-23,04:23,0,41.6226,-0.9315,0.0,Zamorano J. et al. (2019). TESS-W sky brightness network. Zenodo monthly archives. https://zenodo.org/records/3378728. CC0 1.0.,TESS station stars226; photometric inflection method; night median MSAS=18.33; MSAS at inflection=17.71; depression=10.75°; smoothing=5-pt median; dark rows=523
fajr,2020-08-24,04:40,0,41.6226,-0.9315,0.0,Zamorano J. et al. (2019). TESS-W sky brightness network. Zenodo monthly archives. https://zenodo.org/records/3378728. CC0 1.0.,TESS station stars226; photometric inflection method; night median MSAS=18.44; MSAS at inflection=15.97; depression=8.18°; smoothing=5-pt median; dark rows=526
isha,2020-08-24,19:36,0,41.6226,-0.9315,0.0,Zamorano J. et al. (2019). TESS-W sky brightness network. Zenodo monthly archives. https://zenodo.org/records/3378728. CC0 1.0.,TESS station stars226; photometric inflection method; night median MSAS=18.28; MSAS at inflection=16.61; depression=9.20°; smoothing=5-pt median; dark rows=529
fajr,2020-08-26,04:36,0,41.6226,-0.9315,0.0,Zamorano J. et al. (2019). TESS-W sky brightness network. Zenodo monthly archives. https://zenodo.org/records/3378728. CC0 1.0.,TESS station stars226; photometric inflection method; night median MSAS=18.16; MSAS at inflection=16.77; depression=9.23°; smoothing=5-pt median; dark rows=532
isha,2020-08-26,19:32,0,41.6226,-0.9315,0.0,Zamorano J. et al. (2019). TESS-W sky brightness network. Zenodo monthly archives. https://zenodo.org/records/3378728. CC0 1.0.,TESS station stars226; photometric inflection method; night median MSAS=18.19; MSAS at inflection=16.62; depression=9.11°; smoothing=5-pt median; dark rows=534
isha,2020-08-27,19:27,0,41.6226,-0.9315,0.0,Zamorano J. et al. (2019). TESS-W sky brightness network. Zenodo monthly archives. https://zenodo.org/records/3378728. CC0 1.0.,TESS station stars226; photometric inflection method; night median MSAS=18.03; MSAS at inflection=16.25; depression=8.47°; smoothing=5-pt median; dark rows=537
fajr,2020-08-28,04:02,0,41.6226,-0.9315,0.0,Zamorano J. et al. (2019). TESS-W sky brightness network. Zenodo monthly archives. https://zenodo.org/records/3378728. CC0 1.0.,TESS station stars226; photometric inflection method; night median MSAS=18.03; MSAS at inflection=17.82; depression=15.31°; smoothing=5-pt median; dark rows=537
isha,2020-08-29,20:02,0,41.6226,-0.9315,0.0,Zamorano J. et al. (2019). TESS-W sky brightness network. Zenodo monthly archives. https://zenodo.org/records/3378728. CC0 1.0.,TESS station stars226; photometric inflection method; night median MSAS=18.18; MSAS at inflection=17.83; depression=15.17°; smoothing=5-pt median; dark rows=543
fajr,2020-08-30,04:41,0,41.6226,-0.9315,0.0,Zamorano J. et al. (2019). TESS-W sky brightness network. Zenodo monthly archives. https://zenodo.org/records/3378728. CC0 1.0.,TESS station stars226; photometric inflection method; night median MSAS=18.18; MSAS at inflection=17.03; depression=9.12°; smoothing=5-pt median; dark rows=543
isha,2020-08-30,19:22,0,41.6226,-0.9315,0.0,Zamorano J. et al. (2019). TESS-W sky brightness network. Zenodo monthly archives. https://zenodo.org/records/3378728. CC0 1.0.,TESS station stars226; photometric inflection method; night median MSAS=18.04; MSAS at inflection=16.31; depression=8.58°; smoothing=5-pt median; dark rows=545
fajr,2020-08-31,04:49,0,41.6226,-0.9315,0.0,Zamorano J. et al. (2019). TESS-W sky brightness network. Zenodo monthly archives. https://zenodo.org/records/3378728. CC0 1.0.,TESS station stars226; photometric inflection method; night median MSAS=18.04; MSAS at inflection=15.91; depression=7.91°; smoothing=5-pt median; dark rows=545
isha,2020-08-31,19:19,0,41.6226,-0.9315,0.0,Zamorano J. et al. (2019). TESS-W sky brightness network. Zenodo monthly archives. https://zenodo.org/records/3378728. CC0 1.0.,TESS station stars226; photometric inflection method; night median MSAS=17.62; MSAS at inflection=16.17; depression=8.40°; smoothing=5-pt median; dark rows=269
fajr,2020-08-06,06:31,12,-41.235916,175.438977,0.0,Zamorano J. et al. (2019). TESS-W sky brightness network. Zenodo monthly archives. https://zenodo.org/records/3378728. CC0 1.0.,TESS station stars230; photometric inflection method; night median MSAS=17.79; MSAS at inflection=16.87; depression=9.54°; smoothing=5-pt median; dark rows=726
fajr,2020-08-07,06:42,12,-41.235916,175.438977,0.0,Zamorano J. et al. (2019). TESS-W sky brightness network. Zenodo monthly archives. https://zenodo.org/records/3378728. CC0 1.0.,TESS station stars230; photometric inflection method; night median MSAS=18.54; MSAS at inflection=16.23; depression=7.43°; smoothing=5-pt median; dark rows=726
isha,2020-08-07,18:08,12,-41.235916,175.438977,0.0,Zamorano J. et al. (2019). TESS-W sky brightness network. Zenodo monthly archives. https://zenodo.org/records/3378728. CC0 1.0.,TESS station stars230; photometric inflection method; night median MSAS=18.42; MSAS at inflection=16.17; depression=7.71°; smoothing=5-pt median; dark rows=722
fajr,2020-08-08,06:01,12,-41.235916,175.438977,0.0,Zamorano J. et al. (2019). TESS-W sky brightness network. Zenodo monthly archives. https://zenodo.org/records/3378728. CC0 1.0.,TESS station stars230; photometric inflection method; night median MSAS=18.42; MSAS at inflection=18.73; depression=14.75°; smoothing=5-pt median; dark rows=722
fajr,2020-08-30,05:48,12,-41.235916,175.438977,0.0,Zamorano J. et al. (2019). TESS-W sky brightness network. Zenodo monthly archives. https://zenodo.org/records/3378728. CC0 1.0.,TESS station stars230; photometric inflection method; night median MSAS=18.53; MSAS at inflection=19.27; depression=11.58°; smoothing=5-pt median; dark rows=597
isha,2020-08-30,19:17,12,-41.235916,175.438977,0.0,Zamorano J. et al. (2019). TESS-W sky brightness network. Zenodo monthly archives. https://zenodo.org/records/3378728. CC0 1.0.,TESS station stars230; photometric inflection method; night median MSAS=17.61; MSAS at inflection=17.55; depression=16.73°; smoothing=5-pt median; dark rows=646
fajr,2020-08-31,05:56,12,-41.235916,175.438977,0.0,Zamorano J. et al. (2019). TESS-W sky brightness network. Zenodo monthly archives. https://zenodo.org/records/3378728. CC0 1.0.,TESS station stars230; photometric inflection method; night median MSAS=17.61; MSAS at inflection=17.81; depression=9.88°; smoothing=5-pt median; dark rows=646
isha,2020-08-01,21:42,1,47.287592,8.61902,0.0,Zamorano J. et al. (2019). TESS-W sky brightness network. Zenodo monthly archives. https://zenodo.org/records/3378728. CC0 1.0.,TESS station stars231; photometric inflection method; night median MSAS=17.97; MSAS at inflection=18.57; depression=14.75°; smoothing=5-pt median; dark rows=416
fajr,2020-08-02,03:45,1,47.287592,8.61902,0.0,Zamorano J. et al. (2019). TESS-W sky brightness network. Zenodo monthly archives. https://zenodo.org/records/3378728. CC0 1.0.,TESS station stars231; photometric inflection method; night median MSAS=17.97; MSAS at inflection=18.82; depression=11.89°; smoothing=5-pt median; dark rows=416
isha,2020-08-02,20:55,1,47.287592,8.61902,0.0,Zamorano J. et al. (2019). TESS-W sky brightness network. Zenodo monthly archives. https://zenodo.org/records/3378728. CC0 1.0.,TESS station stars231; photometric inflection method; night median MSAS=17.57; MSAS at inflection=16.95; depression=9.14°; smoothing=5-pt median; dark rows=420
fajr,2020-08-03,04:00,1,47.287592,8.61902,0.0,Zamorano J. et al. (2019). TESS-W sky brightness network. Zenodo monthly archives. https://zenodo.org/records/3378728. CC0 1.0.,TESS station stars231; photometric inflection method; night median MSAS=17.57; MSAS at inflection=17.85; depression=10.15°; smoothing=5-pt median; dark rows=420
isha,2020-08-04,22:28,1,47.287592,8.61902,0.0,Zamorano J. et al. (2019). TESS-W sky brightness network. Zenodo monthly archives. https://zenodo.org/records/3378728. CC0 1.0.,TESS station stars231; photometric inflection method; night median MSAS=18.97; MSAS at inflection=17.65; depression=20.07°; smoothing=5-pt median; dark rows=426
fajr,2020-08-05,03:29,1,47.287592,8.61902,0.0,Zamorano J. et al. (2019). TESS-W sky brightness network. Zenodo monthly archives. https://zenodo.org/records/3378728. CC0 1.0.,TESS station stars231; photometric inflection method; night median MSAS=18.97; MSAS at inflection=18.17; depression=14.48°; smoothing=5-pt median; dark rows=426
fajr,2020-08-06,03:58,1,47.287592,8.61902,0.0,Zamorano J. et al. (2019). TESS-W sky brightness network. Zenodo monthly archives. https://zenodo.org/records/3378728. CC0 1.0.,TESS station stars231; photometric inflection method; night median MSAS=19.27; MSAS at inflection=18.66; depression=11.11°; smoothing=5-pt median; dark rows=430
fajr,2020-08-07,03:52,1,47.287592,8.61902,0.0,Zamorano J. et al. (2019). TESS-W sky brightness network. Zenodo monthly archives. https://zenodo.org/records/3378728. CC0 1.0.,TESS station stars231; photometric inflection method; night median MSAS=19.50; MSAS at inflection=19.05; depression=12.07°; smoothing=5-pt median; dark rows=433
fajr,2020-08-09,04:03,1,47.287592,8.61902,0.0,Zamorano J. et al. (2019). TESS-W sky brightness network. Zenodo monthly archives. https://zenodo.org/records/3378728. CC0 1.0.,TESS station stars231; photometric inflection method; night median MSAS=19.44; MSAS at inflection=18.62; depression=11.10°; smoothing=5-pt median; dark rows=439
fajr,2020-08-13,04:37,1,47.287592,8.61902,0.0,Zamorano J. et al. (2019). TESS-W sky brightness network. Zenodo monthly archives. https://zenodo.org/records/3378728. CC0 1.0.,TESS station stars231; photometric inflection method; night median MSAS=18.67; MSAS at inflection=17.10; depression=7.20°; smoothing=5-pt median; dark rows=454
isha,2020-08-13,21:53,1,47.287592,8.61902,0.0,Zamorano J. et al. (2019). TESS-W sky brightness network. Zenodo monthly archives. https://zenodo.org/records/3378728. CC0 1.0.,TESS station stars231; photometric inflection method; night median MSAS=18.56; MSAS at inflection=17.46; depression=19.17°; smoothing=5-pt median; dark rows=458
isha,2020-08-26,20:19,1,47.287592,8.61902,0.0,Zamorano J. et al. (2019). TESS-W sky brightness network. Zenodo monthly archives. https://zenodo.org/records/3378728. CC0 1.0.,TESS station stars231; photometric inflection method; night median MSAS=18.54; MSAS at inflection=16.25; depression=10.79°; smoothing=5-pt median; dark rows=503
fajr,2020-08-27,04:47,1,47.287592,8.61902,0.0,Zamorano J. et al. (2019). TESS-W sky brightness network. Zenodo monthly archives. https://zenodo.org/records/3378728. CC0 1.0.,TESS station stars231; photometric inflection method; night median MSAS=18.54; MSAS at inflection=17.38; depression=8.85°; smoothing=5-pt median; dark rows=503
fajr,2020-08-28,03:58,1,47.287592,8.61902,0.0,Zamorano J. et al. (2019). TESS-W sky brightness network. Zenodo monthly archives. https://zenodo.org/records/3378728. CC0 1.0.,TESS station stars231; photometric inflection method; night median MSAS=20.45; MSAS at inflection=20.72; depression=16.38°; smoothing=5-pt median; dark rows=506
fajr,2020-08-29,05:03,1,47.287592,8.61902,0.0,Zamorano J. et al. (2019). TESS-W sky brightness network. Zenodo monthly archives. https://zenodo.org/records/3378728. CC0 1.0.,TESS station stars231; photometric inflection method; night median MSAS=17.85; MSAS at inflection=16.02; depression=6.75°; smoothing=5-pt median; dark rows=512
fajr,2020-08-30,04:42,1,47.287592,8.61902,0.0,Zamorano J. et al. (2019). TESS-W sky brightness network. Zenodo monthly archives. https://zenodo.org/records/3378728. CC0 1.0.,TESS station stars231; photometric inflection method; night median MSAS=17.82; MSAS at inflection=17.26; depression=10.34°; smoothing=5-pt median; dark rows=513
fajr,2020-08-02,03:51,1,39.3145,16.7513,0.0,Zamorano J. et al. (2019). TESS-W sky brightness network. Zenodo monthly archives. https://zenodo.org/records/3378728. CC0 1.0.,TESS station stars232; photometric inflection method; night median MSAS=19.06; MSAS at inflection=19.38; depression=11.48°; smoothing=5-pt median; dark rows=481
isha,2020-08-02,19:55,1,39.3145,16.7513,0.0,Zamorano J. et al. (2019). TESS-W sky brightness network. Zenodo monthly archives. https://zenodo.org/records/3378728. CC0 1.0.,TESS station stars232; photometric inflection method; night median MSAS=18.81; MSAS at inflection=17.61; depression=9.62°; smoothing=5-pt median; dark rows=483
fajr,2020-08-03,04:05,1,39.3145,16.7513,0.0,Zamorano J. et al. (2019). TESS-W sky brightness network. Zenodo monthly archives. https://zenodo.org/records/3378728. CC0 1.0.,TESS station stars232; photometric inflection method; night median MSAS=18.81; MSAS at inflection=17.32; depression=9.30°; smoothing=5-pt median; dark rows=483
isha,2020-08-03,19:52,1,39.3145,16.7513,0.0,Zamorano J. et al. (2019). TESS-W sky brightness network. Zenodo monthly archives. https://zenodo.org/records/3378728. CC0 1.0.,TESS station stars232; photometric inflection method; night median MSAS=18.37; MSAS at inflection=17.63; depression=9.41°; smoothing=5-pt median; dark rows=486
fajr,2020-08-04,04:04,1,39.3145,16.7513,0.0,Zamorano J. et al. (2019). TESS-W sky brightness network. Zenodo monthly archives. https://zenodo.org/records/3378728. CC0 1.0.,TESS station stars232; photometric inflection method; night median MSAS=18.37; MSAS at inflection=17.49; depression=9.73°; smoothing=5-pt median; dark rows=486
isha,2020-08-04,20:35,1,39.3145,16.7513,0.0,Zamorano J. et al. (2019). TESS-W sky brightness network. Zenodo monthly archives. https://zenodo.org/records/3378728. CC0 1.0.,TESS station stars232; photometric inflection method; night median MSAS=18.06; MSAS at inflection=19.24; depression=16.34°; smoothing=5-pt median; dark rows=486
fajr,2020-08-05,02:59,1,39.3145,16.7513,0.0,Zamorano J. et al. (2019). TESS-W sky brightness network. Zenodo monthly archives. https://zenodo.org/records/3378728. CC0 1.0.,TESS station stars232; photometric inflection method; night median MSAS=18.06; MSAS at inflection=17.57; depression=19.83°; smoothing=5-pt median; dark rows=486
fajr,2020-08-06,04:14,1,39.3145,16.7513,0.0,Zamorano J. et al. (2019). TESS-W sky brightness network. Zenodo monthly archives. https://zenodo.org/records/3378728. CC0 1.0.,TESS station stars232; photometric inflection method; night median MSAS=19.05; MSAS at inflection=16.60; depression=8.39°; smoothing=5-pt median; dark rows=490
isha,2020-08-06,20:03,1,39.3145,16.7513,0.0,Zamorano J. et al. (2019). TESS-W sky brightness network. Zenodo monthly archives. https://zenodo.org/records/3378728. CC0 1.0.,TESS station stars232; photometric inflection method; night median MSAS=18.96; MSAS at inflection=19.80; depression=11.92°; smoothing=5-pt median; dark rows=493
fajr,2020-08-08,04:01,1,39.3145,16.7513,0.0,Zamorano J. et al. (2019). TESS-W sky brightness network. Zenodo monthly archives. https://zenodo.org/records/3378728. CC0 1.0.,TESS station stars232; photometric inflection method; night median MSAS=19.44; MSAS at inflection=18.27; depression=10.81°; smoothing=5-pt median; dark rows=495
isha,2020-08-09,19:55,1,39.3145,16.7513,0.0,Zamorano J. et al. (2019). TESS-W sky brightness network. Zenodo monthly archives. https://zenodo.org/records/3378728. CC0 1.0.,TESS station stars232; photometric inflection method; night median MSAS=20.24; MSAS at inflection=19.30; depression=11.29°; smoothing=5-pt median; dark rows=500
isha,2020-08-12,19:53,1,39.3145,16.7513,0.0,Zamorano J. et al. (2019). TESS-W sky brightness network. Zenodo monthly archives. https://zenodo.org/records/3378728. CC0 1.0.,TESS station stars232; photometric inflection method; night median MSAS=21.18; MSAS at inflection=19.62; depression=11.55°; smoothing=5-pt median; dark rows=508
fajr,2020-08-14,03:55,1,39.3145,16.7513,0.0,Zamorano J. et al. (2019). TESS-W sky brightness network. Zenodo monthly archives. https://zenodo.org/records/3378728. CC0 1.0.,TESS station stars232; photometric inflection method; night median MSAS=21.20; MSAS at inflection=20.08; depression=12.99°; smoothing=5-pt median; dark rows=509
fajr,2020-08-19,03:35,1,39.3145,16.7513,0.0,Zamorano J. et al. (2019). TESS-W sky brightness network. Zenodo monthly archives. https://zenodo.org/records/3378728. CC0 1.0.,TESS station stars232; photometric inflection method; night median MSAS=21.29; MSAS at inflection=21.52; depression=17.31°; smoothing=5-pt median; dark rows=524
fajr,2020-08-20,04:09,1,39.3145,16.7513,0.0,Zamorano J. et al. (2019). TESS-W sky brightness network. Zenodo monthly archives. https://zenodo.org/records/3378728. CC0 1.0.,TESS station stars232; photometric inflection method; night median MSAS=21.34; MSAS at inflection=19.77; depression=11.74°; smoothing=5-pt median; dark rows=527
fajr,2020-08-22,04:10,1,39.3145,16.7513,0.0,Zamorano J. et al. (2019). TESS-W sky brightness network. Zenodo monthly archives. https://zenodo.org/records/3378728. CC0 1.0.,TESS station stars232; photometric inflection method; night median MSAS=21.38; MSAS at inflection=19.83; depression=12.08°; smoothing=5-pt median; dark rows=531
fajr,2020-08-28,04:19,1,39.3145,16.7513,0.0,Zamorano J. et al. (2019). TESS-W sky brightness network. Zenodo monthly archives. https://zenodo.org/records/3378728. CC0 1.0.,TESS station stars232; photometric inflection method; night median MSAS=20.73; MSAS at inflection=19.64; depression=11.67°; smoothing=5-pt median; dark rows=547
isha,2020-08-29,19:16,1,39.3145,16.7513,0.0,Zamorano J. et al. (2019). TESS-W sky brightness network. Zenodo monthly archives. https://zenodo.org/records/3378728. CC0 1.0.,TESS station stars232; photometric inflection method; night median MSAS=19.60; MSAS at inflection=17.85; depression=9.87°; smoothing=5-pt median; dark rows=553
fajr,2020-08-30,04:33,1,39.3145,16.7513,0.0,Zamorano J. et al. (2019). TESS-W sky brightness network. Zenodo monthly archives. https://zenodo.org/records/3378728. CC0 1.0.,TESS station stars232; photometric inflection method; night median MSAS=19.60; MSAS at inflection=17.45; depression=9.51°; smoothing=5-pt median; dark rows=553
fajr,2020-08-31,04:38,1,39.3145,16.7513,0.0,Zamorano J. et al. (2019). TESS-W sky brightness network. Zenodo monthly archives. https://zenodo.org/records/3378728. CC0 1.0.,TESS station stars232; photometric inflection method; night median MSAS=19.15; MSAS at inflection=16.77; depression=8.70°; smoothing=5-pt median; dark rows=555
isha,2020-08-02,03:43,0,38.907083,-6.338666,0.0,Zamorano J. et al. (2019). TESS-W sky brightness network. Zenodo monthly archives. https://zenodo.org/records/3378728. CC0 1.0.,TESS station stars233; photometric inflection method; night median MSAS=19.26; MSAS at inflection=19.46; depression=17.75°; smoothing=5-pt median; dark rows=117
isha,2020-08-02,20:20,0,38.907083,-6.338666,0.0,Zamorano J. et al. (2019). TESS-W sky brightness network. Zenodo monthly archives. https://zenodo.org/records/3378728. CC0 1.0.,TESS station stars233; photometric inflection method; night median MSAS=18.00; MSAS at inflection=16.49; depression=8.67°; smoothing=5-pt median; dark rows=483
fajr,2020-08-03,04:41,0,38.907083,-6.338666,0.0,Zamorano J. et al. (2019). TESS-W sky brightness network. Zenodo monthly archives. https://zenodo.org/records/3378728. CC0 1.0.,TESS station stars233; photometric inflection method; night median MSAS=18.00; MSAS at inflection=17.79; depression=8.96°; smoothing=5-pt median; dark rows=483
isha,2020-08-04,20:33,0,38.907083,-6.338666,0.0,Zamorano J. et al. (2019). TESS-W sky brightness network. Zenodo monthly archives. https://zenodo.org/records/3378728. CC0 1.0.,TESS station stars233; photometric inflection method; night median MSAS=18.13; MSAS at inflection=18.12; depression=11.28°; smoothing=5-pt median; dark rows=488
fajr,2020-08-05,04:46,0,38.907083,-6.338666,0.0,Zamorano J. et al. (2019). TESS-W sky brightness network. Zenodo monthly archives. https://zenodo.org/records/3378728. CC0 1.0.,TESS station stars233; photometric inflection method; night median MSAS=18.13; MSAS at inflection=16.47; depression=8.38°; smoothing=5-pt median; dark rows=488
isha,2020-08-07,20:19,0,38.907083,-6.338666,0.0,Zamorano J. et al. (2019). TESS-W sky brightness network. Zenodo monthly archives. https://zenodo.org/records/3378728. CC0 1.0.,TESS station stars233; photometric inflection method; night median MSAS=18.05; MSAS at inflection=16.98; depression=9.60°; smoothing=5-pt median; dark rows=494
fajr,2020-08-08,04:34,0,38.907083,-6.338666,0.0,Zamorano J. et al. (2019). TESS-W sky brightness network. Zenodo monthly archives. https://zenodo.org/records/3378728. CC0 1.0.,TESS station stars233; photometric inflection method; night median MSAS=18.05; MSAS at inflection=17.77; depression=10.98°; smoothing=5-pt median; dark rows=494
isha,2020-08-08,20:19,0,38.907083,-6.338666,0.0,Zamorano J. et al. (2019). TESS-W sky brightness network. Zenodo monthly archives. https://zenodo.org/records/3378728. CC0 1.0.,TESS station stars233; photometric inflection method; night median MSAS=18.80; MSAS at inflection=17.10; depression=9.81°; smoothing=5-pt median; dark rows=496
fajr,2020-08-12,04:03,0,38.907083,-6.338666,0.0,Zamorano J. et al. (2019). TESS-W sky brightness network. Zenodo monthly archives. https://zenodo.org/records/3378728. CC0 1.0.,TESS station stars233; photometric inflection method; night median MSAS=18.39; MSAS at inflection=16.91; depression=16.79°; smoothing=5-pt median; dark rows=506
fajr,2020-08-13,04:37,0,38.907083,-6.338666,0.0,Zamorano J. et al. (2019). TESS-W sky brightness network. Zenodo monthly archives. https://zenodo.org/records/3378728. CC0 1.0.,TESS station stars233; photometric inflection method; night median MSAS=19.17; MSAS at inflection=18.53; depression=11.50°; smoothing=5-pt median; dark rows=508
isha,2020-08-13,20:13,0,38.907083,-6.338666,0.0,Zamorano J. et al. (2019). TESS-W sky brightness network. Zenodo monthly archives. https://zenodo.org/records/3378728. CC0 1.0.,TESS station stars233; photometric inflection method; night median MSAS=19.41; MSAS at inflection=17.30; depression=10.05°; smoothing=5-pt median; dark rows=511
fajr,2020-08-14,04:51,0,38.907083,-6.338666,0.0,Zamorano J. et al. (2019). TESS-W sky brightness network. Zenodo monthly archives. https://zenodo.org/records/3378728. CC0 1.0.,TESS station stars233; photometric inflection method; night median MSAS=19.41; MSAS at inflection=17.50; depression=9.28°; smoothing=5-pt median; dark rows=511
isha,2020-08-16,20:15,0,38.907083,-6.338666,0.0,Zamorano J. et al. (2019). TESS-W sky brightness network. Zenodo monthly archives. https://zenodo.org/records/3378728. CC0 1.0.,TESS station stars233; photometric inflection method; night median MSAS=19.34; MSAS at inflection=18.35; depression=11.11°; smoothing=5-pt median; dark rows=517
fajr,2020-08-17,04:15,0,38.907083,-6.338666,0.0,Zamorano J. et al. (2019). TESS-W sky brightness network. Zenodo monthly archives. https://zenodo.org/records/3378728. CC0 1.0.,TESS station stars233; photometric inflection method; night median MSAS=19.34; MSAS at inflection=17.44; depression=15.91°; smoothing=5-pt median; dark rows=517
fajr,2020-08-18,04:37,0,38.907083,-6.338666,0.0,Zamorano J. et al. (2019). TESS-W sky brightness network. Zenodo monthly archives. https://zenodo.org/records/3378728. CC0 1.0.,TESS station stars233; photometric inflection method; night median MSAS=19.57; MSAS at inflection=19.18; depression=12.31°; smoothing=5-pt median; dark rows=522
fajr,2020-08-19,04:52,0,38.907083,-6.338666,0.0,Zamorano J. et al. (2019). TESS-W sky brightness network. Zenodo monthly archives. https://zenodo.org/records/3378728. CC0 1.0.,TESS station stars233; photometric inflection method; night median MSAS=19.62; MSAS at inflection=18.03; depression=9.89°; smoothing=5-pt median; dark rows=524
isha,2020-08-19,20:12,0,38.907083,-6.338666,0.0,Zamorano J. et al. (2019). TESS-W sky brightness network. Zenodo monthly archives. https://zenodo.org/records/3378728. CC0 1.0.,TESS station stars233; photometric inflection method; night median MSAS=19.54; MSAS at inflection=18.29; depression=11.32°; smoothing=5-pt median; dark rows=505
fajr,2020-08-20,04:34,0,38.907083,-6.338666,0.0,Zamorano J. et al. (2019). TESS-W sky brightness network. Zenodo monthly archives. https://zenodo.org/records/3378728. CC0 1.0.,TESS station stars233; photometric inflection method; night median MSAS=19.54; MSAS at inflection=18.43; depression=13.31°; smoothing=5-pt median; dark rows=505
isha,2020-08-21,20:11,0,38.907083,-6.338666,0.0,Zamorano J. et al. (2019). TESS-W sky brightness network. Zenodo monthly archives. https://zenodo.org/records/3378728. CC0 1.0.,TESS station stars233; photometric inflection method; night median MSAS=19.40; MSAS at inflection=18.49; depression=11.69°; smoothing=5-pt median; dark rows=392
isha,2020-08-23,04:01,0,38.907083,-6.338666,0.0,Zamorano J. et al. (2019). TESS-W sky brightness network. Zenodo monthly archives. https://zenodo.org/records/3378728. CC0 1.0.,TESS station stars233; photometric inflection method; night median MSAS=19.70; MSAS at inflection=19.55; depression=19.47°; smoothing=5-pt median; dark rows=140
fajr,2020-08-23,04:53,0,38.907083,-6.338666,0.0,Zamorano J. et al. (2019). TESS-W sky brightness network. Zenodo monthly archives. https://zenodo.org/records/3378728. CC0 1.0.,TESS station stars233; photometric inflection method; night median MSAS=19.70; MSAS at inflection=18.45; depression=10.58°; smoothing=5-pt median; dark rows=140
fajr,2020-08-24,04:57,0,38.907083,-6.338666,0.0,Zamorano J. et al. (2019). TESS-W sky brightness network. Zenodo monthly archives. https://zenodo.org/records/3378728. CC0 1.0.,TESS station stars233; photometric inflection method; night median MSAS=19.54; MSAS at inflection=18.04; depression=9.93°; smoothing=5-pt median; dark rows=535
fajr,2020-08-27,04:47,0,38.907083,-6.338666,0.0,Zamorano J. et al. (2019). TESS-W sky brightness network. Zenodo monthly archives. https://zenodo.org/records/3378728. CC0 1.0.,TESS station stars233; photometric inflection method; night median MSAS=19.44; MSAS at inflection=19.07; depression=12.28°; smoothing=5-pt median; dark rows=543
fajr,2020-08-28,04:41,0,38.907083,-6.338666,0.0,Zamorano J. et al. (2019). TESS-W sky brightness network. Zenodo monthly archives. https://zenodo.org/records/3378728. CC0 1.0.,TESS station stars233; photometric inflection method; night median MSAS=19.51; MSAS at inflection=19.48; depression=13.59°; smoothing=5-pt median; dark rows=547
isha,2020-08-28,19:53,0,38.907083,-6.338666,0.0,Zamorano J. et al. (2019). TESS-W sky brightness network. Zenodo monthly archives. https://zenodo.org/records/3378728. CC0 1.0.,TESS station stars233; photometric inflection method; night median MSAS=19.00; MSAS at inflection=17.66; depression=10.54°; smoothing=5-pt median; dark rows=547
isha,2020-08-30,19:43,0,38.907083,-6.338666,0.0,Zamorano J. et al. (2019). TESS-W sky brightness network. Zenodo monthly archives. https://zenodo.org/records/3378728. CC0 1.0.,TESS station stars233; photometric inflection method; night median MSAS=18.55; MSAS at inflection=16.70; depression=9.39°; smoothing=5-pt median; dark rows=555
fajr,2020-08-01,03:11,-5,45.4233,-71.126,0.0,Zamorano J. et al. (2019). TESS-W sky brightness network. Zenodo monthly archives. https://zenodo.org/records/3378728. CC0 1.0.,TESS station stars237; photometric inflection method; night median MSAS=19.51; MSAS at inflection=19.82; depression=12.14°; smoothing=5-pt median; dark rows=430
isha,2020-08-01,20:06,-5,45.4233,-71.126,0.0,Zamorano J. et al. (2019). TESS-W sky brightness network. Zenodo monthly archives. https://zenodo.org/records/3378728. CC0 1.0.,TESS station stars237; photometric inflection method; night median MSAS=18.74; MSAS at inflection=16.66; depression=9.03°; smoothing=5-pt median; dark rows=419
fajr,2020-08-02,20:29,-5,45.4233,-71.126,0.0,Zamorano J. et al. (2019). TESS-W sky brightness network. Zenodo monthly archives. https://zenodo.org/records/3378728. CC0 1.0.,TESS station stars237; photometric inflection method; night median MSAS=18.33; MSAS at inflection=18.39; depression=12.40°; smoothing=5-pt median; dark rows=30
isha,2020-08-04,21:39,-5,45.4233,-71.126,0.0,Zamorano J. et al. (2019). TESS-W sky brightness network. Zenodo monthly archives. https://zenodo.org/records/3378728. CC0 1.0.,TESS station stars237; photometric inflection method; night median MSAS=19.34; MSAS at inflection=21.25; depression=20.97°; smoothing=5-pt median; dark rows=366
isha,2020-08-06,20:03,-5,45.4233,-71.126,0.0,Zamorano J. et al. (2019). TESS-W sky brightness network. Zenodo monthly archives. https://zenodo.org/records/3378728. CC0 1.0.,TESS station stars237; photometric inflection method; night median MSAS=19.23; MSAS at inflection=17.59; depression=9.74°; smoothing=5-pt median; dark rows=448
fajr,2020-08-07,03:42,-5,45.4233,-71.126,0.0,Zamorano J. et al. (2019). TESS-W sky brightness network. Zenodo monthly archives. https://zenodo.org/records/3378728. CC0 1.0.,TESS station stars237; photometric inflection method; night median MSAS=19.23; MSAS at inflection=16.90; depression=9.09°; smoothing=5-pt median; dark rows=448
isha,2020-08-07,20:00,-5,45.4233,-71.126,0.0,Zamorano J. et al. (2019). TESS-W sky brightness network. Zenodo monthly archives. https://zenodo.org/records/3378728. CC0 1.0.,TESS station stars237; photometric inflection method; night median MSAS=19.44; MSAS at inflection=16.94; depression=9.63°; smoothing=5-pt median; dark rows=449
isha,2020-08-08,20:15,-5,45.4233,-71.126,0.0,Zamorano J. et al. (2019). TESS-W sky brightness network. Zenodo monthly archives. https://zenodo.org/records/3378728. CC0 1.0.,TESS station stars237; photometric inflection method; night median MSAS=19.44; MSAS at inflection=19.84; depression=12.01°; smoothing=5-pt median; dark rows=453
fajr,2020-08-10,02:26,-5,45.4233,-71.126,0.0,Zamorano J. et al. (2019). TESS-W sky brightness network. Zenodo monthly archives. https://zenodo.org/records/3378728. CC0 1.0.,TESS station stars237; photometric inflection method; night median MSAS=19.30; MSAS at inflection=18.93; depression=19.61°; smoothing=5-pt median; dark rows=430
isha,2020-08-10,20:15,-5,45.4233,-71.126,0.0,Zamorano J. et al. (2019). TESS-W sky brightness network. Zenodo monthly archives. https://zenodo.org/records/3378728. CC0 1.0.,TESS station stars237; photometric inflection method; night median MSAS=19.86; MSAS at inflection=19.73; depression=12.49°; smoothing=5-pt median; dark rows=463
isha,2020-08-11,21:11,-5,45.4233,-71.126,0.0,Zamorano J. et al. (2019). TESS-W sky brightness network. Zenodo monthly archives. https://zenodo.org/records/3378728. CC0 1.0.,TESS station stars237; photometric inflection method; night median MSAS=21.24; MSAS at inflection=19.04; depression=19.90°; smoothing=5-pt median; dark rows=462
fajr,2020-08-12,02:55,-5,45.4233,-71.126,0.0,Zamorano J. et al. (2019). TESS-W sky brightness network. Zenodo monthly archives. https://zenodo.org/records/3378728. CC0 1.0.,TESS station stars237; photometric inflection method; night median MSAS=21.24; MSAS at inflection=19.90; depression=16.63°; smoothing=5-pt median; dark rows=462
fajr,2020-08-13,03:21,-5,45.4233,-71.126,0.0,Zamorano J. et al. (2019). TESS-W sky brightness network. Zenodo monthly archives. https://zenodo.org/records/3378728. CC0 1.0.,TESS station stars237; photometric inflection method; night median MSAS=21.06; MSAS at inflection=19.94; depression=13.35°; smoothing=5-pt median; dark rows=459
isha,2020-08-16,20:03,-5,45.4233,-71.126,0.0,Zamorano J. et al. (2019). TESS-W sky brightness network. Zenodo monthly archives. https://zenodo.org/records/3378728. CC0 1.0.,TESS station stars237; photometric inflection method; night median MSAS=21.37; MSAS at inflection=19.85; depression=12.47°; smoothing=5-pt median; dark rows=480
fajr,2020-08-18,03:26,-5,45.4233,-71.126,0.0,Zamorano J. et al. (2019). TESS-W sky brightness network. Zenodo monthly archives. https://zenodo.org/records/3378728. CC0 1.0.,TESS station stars237; photometric inflection method; night median MSAS=21.62; MSAS at inflection=22.73; depression=13.72°; smoothing=5-pt median; dark rows=487
fajr,2020-08-19,02:40,-5,45.4233,-71.126,0.0,Zamorano J. et al. (2019). TESS-W sky brightness network. Zenodo monthly archives. https://zenodo.org/records/3378728. CC0 1.0.,TESS station stars237; photometric inflection method; night median MSAS=21.26; MSAS at inflection=22.07; depression=20.22°; smoothing=5-pt median; dark rows=489
fajr,2020-08-21,03:04,-5,45.4233,-71.126,0.0,Zamorano J. et al. (2019). TESS-W sky brightness network. Zenodo monthly archives. https://zenodo.org/records/3378728. CC0 1.0.,TESS station stars237; photometric inflection method; night median MSAS=22.48; MSAS at inflection=22.76; depression=17.55°; smoothing=5-pt median; dark rows=413
isha,2020-08-21,20:42,-5,45.4233,-71.126,0.0,Zamorano J. et al. (2019). TESS-W sky brightness network. Zenodo monthly archives. https://zenodo.org/records/3378728. CC0 1.0.,TESS station stars237; photometric inflection method; night median MSAS=21.39; MSAS at inflection=21.42; depression=19.34°; smoothing=5-pt median; dark rows=481
fajr,2020-08-22,03:46,-5,45.4233,-71.126,0.0,Zamorano J. et al. (2019). TESS-W sky brightness network. Zenodo monthly archives. https://zenodo.org/records/3378728. CC0 1.0.,TESS station stars237; photometric inflection method; night median MSAS=21.39; MSAS at inflection=19.09; depression=11.68°; smoothing=5-pt median; dark rows=481
isha,2020-08-22,19:49,-5,45.4233,-71.126,0.0,Zamorano J. et al. (2019). TESS-W sky brightness network. Zenodo monthly archives. https://zenodo.org/records/3378728. CC0 1.0.,TESS station stars237; photometric inflection method; night median MSAS=21.26; MSAS at inflection=19.73; depression=12.18°; smoothing=5-pt median; dark rows=442
fajr,2020-08-23,03:16,-5,45.4233,-71.126,0.0,Zamorano J. et al. (2019). TESS-W sky brightness network. Zenodo monthly archives. https://zenodo.org/records/3378728. CC0 1.0.,TESS station stars237; photometric inflection method; night median MSAS=21.26; MSAS at inflection=21.46; depression=16.42°; smoothing=5-pt median; dark rows=442
fajr,2020-08-24,03:02,-5,45.4233,-71.126,0.0,Zamorano J. et al. (2019). TESS-W sky brightness network. Zenodo monthly archives. https://zenodo.org/records/3378728. CC0 1.0.,TESS station stars237; photometric inflection method; night median MSAS=22.02; MSAS at inflection=22.64; depression=18.61°; smoothing=5-pt median; dark rows=501
isha,2020-08-24,20:19,-5,45.4233,-71.126,0.0,Zamorano J. et al. (2019). TESS-W sky brightness network. Zenodo monthly archives. https://zenodo.org/records/3378728. CC0 1.0.,TESS station stars237; photometric inflection method; night median MSAS=21.91; MSAS at inflection=22.53; depression=17.17°; smoothing=5-pt median; dark rows=508
fajr,2020-08-25,03:53,-5,45.4233,-71.126,0.0,Zamorano J. et al. (2019). TESS-W sky brightness network. Zenodo monthly archives. https://zenodo.org/records/3378728. CC0 1.0.,TESS station stars237; photometric inflection method; night median MSAS=21.91; MSAS at inflection=19.57; depression=11.25°; smoothing=5-pt median; dark rows=508
isha,2020-08-26,20:48,-5,45.4233,-71.126,0.0,Zamorano J. et al. (2019). TESS-W sky brightness network. Zenodo monthly archives. https://zenodo.org/records/3378728. CC0 1.0.,TESS station stars237; photometric inflection method; night median MSAS=21.33; MSAS at inflection=19.66; depression=21.74°; smoothing=5-pt median; dark rows=515
isha,2020-08-27,19:28,-5,45.4233,-71.126,0.0,Zamorano J. et al. (2019). TESS-W sky brightness network. Zenodo monthly archives. https://zenodo.org/records/3378728. CC0 1.0.,TESS station stars237; photometric inflection method; night median MSAS=20.57; MSAS at inflection=18.10; depression=10.40°; smoothing=5-pt median; dark rows=499
fajr,2020-08-28,03:48,-5,45.4233,-71.126,0.0,Zamorano J. et al. (2019). TESS-W sky brightness network. Zenodo monthly archives. https://zenodo.org/records/3378728. CC0 1.0.,TESS station stars237; photometric inflection method; night median MSAS=20.57; MSAS at inflection=20.25; depression=12.80°; smoothing=5-pt median; dark rows=499
isha,2020-08-28,20:07,-5,45.4233,-71.126,0.0,Zamorano J. et al. (2019). TESS-W sky brightness network. Zenodo monthly archives. https://zenodo.org/records/3378728. CC0 1.0.,TESS station stars237; photometric inflection method; night median MSAS=19.71; MSAS at inflection=19.43; depression=16.67°; smoothing=5-pt median; dark rows=522
isha,2020-08-29,20:27,-5,45.4233,-71.126,0.0,Zamorano J. et al. (2019). TESS-W sky brightness network. Zenodo monthly archives. https://zenodo.org/records/3378728. CC0 1.0.,TESS station stars237; photometric inflection method; night median MSAS=20.55; MSAS at inflection=18.86; depression=19.91°; smoothing=5-pt median; dark rows=527
fajr,2020-08-30,03:43,-5,45.4233,-71.126,0.0,Zamorano J. et al. (2019). TESS-W sky brightness network. Zenodo monthly archives. https://zenodo.org/records/3378728. CC0 1.0.,TESS station stars237; photometric inflection method; night median MSAS=20.55; MSAS at inflection=21.94; depression=13.99°; smoothing=5-pt median; dark rows=527
fajr,2020-08-02,04:23,-1,27.900833,-15.514722,0.0,Zamorano J. et al. (2019). TESS-W sky brightness network. Zenodo monthly archives. https://zenodo.org/records/3378728. CC0 1.0.,TESS station stars24; photometric inflection method; night median MSAS=17.62; MSAS at inflection=19.42; depression=13.36°; smoothing=5-pt median; dark rows=530
isha,2020-08-04,19:31,-1,27.900833,-15.514722,0.0,Zamorano J. et al. (2019). TESS-W sky brightness network. Zenodo monthly archives. https://zenodo.org/records/3378728. CC0 1.0.,TESS station stars24; photometric inflection method; night median MSAS=17.78; MSAS at inflection=17.04; depression=9.56°; smoothing=5-pt median; dark rows=535
fajr,2020-08-06,04:53,-1,27.900833,-15.514722,0.0,Zamorano J. et al. (2019). TESS-W sky brightness network. Zenodo monthly archives. https://zenodo.org/records/3378728. CC0 1.0.,TESS station stars24; photometric inflection method; night median MSAS=17.86; MSAS at inflection=15.36; depression=7.78°; smoothing=5-pt median; dark rows=527
isha,2020-08-06,19:23,-1,27.900833,-15.514722,0.0,Zamorano J. et al. (2019). TESS-W sky brightness network. Zenodo monthly archives. https://zenodo.org/records/3378728. CC0 1.0.,TESS station stars24; photometric inflection method; night median MSAS=17.81; MSAS at inflection=15.61; depression=8.21°; smoothing=5-pt median; dark rows=539
isha,2020-08-08,19:28,-1,27.900833,-15.514722,0.0,Zamorano J. et al. (2019). TESS-W sky brightness network. Zenodo monthly archives. https://zenodo.org/records/3378728. CC0 1.0.,TESS station stars24; photometric inflection method; night median MSAS=19.07; MSAS at inflection=17.05; depression=9.62°; smoothing=5-pt median; dark rows=535
isha,2020-08-10,19:40,-1,27.900833,-15.514722,0.0,Zamorano J. et al. (2019). TESS-W sky brightness network. Zenodo monthly archives. https://zenodo.org/records/3378728. CC0 1.0.,TESS station stars24; photometric inflection method; night median MSAS=19.77; MSAS at inflection=19.14; depression=12.29°; smoothing=5-pt median; dark rows=538
fajr,2020-08-12,03:49,-1,27.900833,-15.514722,0.0,Zamorano J. et al. (2019). TESS-W sky brightness network. Zenodo monthly archives. https://zenodo.org/records/3378728. CC0 1.0.,TESS station stars24; photometric inflection method; night median MSAS=20.46; MSAS at inflection=18.96; depression=21.21°; smoothing=5-pt median; dark rows=527
fajr,2020-08-14,04:46,-1,27.900833,-15.514722,0.0,Zamorano J. et al. (2019). TESS-W sky brightness network. Zenodo monthly archives. https://zenodo.org/records/3378728. CC0 1.0.,TESS station stars24; photometric inflection method; night median MSAS=20.29; MSAS at inflection=17.84; depression=10.27°; smoothing=5-pt median; dark rows=495
isha,2020-08-14,19:28,-1,27.900833,-15.514722,0.0,Zamorano J. et al. (2019). TESS-W sky brightness network. Zenodo monthly archives. https://zenodo.org/records/3378728. CC0 1.0.,TESS station stars24; photometric inflection method; night median MSAS=20.25; MSAS at inflection=18.10; depression=10.79°; smoothing=5-pt median; dark rows=557
fajr,2020-08-15,04:40,-1,27.900833,-15.514722,0.0,Zamorano J. et al. (2019). TESS-W sky brightness network. Zenodo monthly archives. https://zenodo.org/records/3378728. CC0 1.0.,TESS station stars24; photometric inflection method; night median MSAS=20.25; MSAS at inflection=18.99; depression=11.69°; smoothing=5-pt median; dark rows=557
isha,2020-08-16,19:43,-1,27.900833,-15.514722,0.0,Zamorano J. et al. (2019). TESS-W sky brightness network. Zenodo monthly archives. https://zenodo.org/records/3378728. CC0 1.0.,TESS station stars24; photometric inflection method; night median MSAS=20.47; MSAS at inflection=20.04; depression=14.34°; smoothing=5-pt median; dark rows=532
fajr,2020-08-19,04:47,-1,27.900833,-15.514722,0.0,Zamorano J. et al. (2019). TESS-W sky brightness network. Zenodo monthly archives. https://zenodo.org/records/3378728. CC0 1.0.,TESS station stars24; photometric inflection method; night median MSAS=20.61; MSAS at inflection=18.17; depression=10.70°; smoothing=5-pt median; dark rows=510
isha,2020-08-19,19:29,-1,27.900833,-15.514722,0.0,Zamorano J. et al. (2019). TESS-W sky brightness network. Zenodo monthly archives. https://zenodo.org/records/3378728. CC0 1.0.,TESS station stars24; photometric inflection method; night median MSAS=20.64; MSAS at inflection=19.14; depression=12.07°; smoothing=5-pt median; dark rows=484
fajr,2020-08-21,04:46,-1,27.900833,-15.514722,0.0,Zamorano J. et al. (2019). TESS-W sky brightness network. Zenodo monthly archives. https://zenodo.org/records/3378728. CC0 1.0.,TESS station stars24; photometric inflection method; night median MSAS=20.45; MSAS at inflection=18.23; depression=11.11°; smoothing=5-pt median; dark rows=518
fajr,2020-08-22,04:49,-1,27.900833,-15.514722,0.0,Zamorano J. et al. (2019). TESS-W sky brightness network. Zenodo monthly archives. https://zenodo.org/records/3378728. CC0 1.0.,TESS station stars24; photometric inflection method; night median MSAS=20.06; MSAS at inflection=18.33; depression=10.64°; smoothing=5-pt median; dark rows=539
isha,2020-08-22,19:28,-1,27.900833,-15.514722,0.0,Zamorano J. et al. (2019). TESS-W sky brightness network. Zenodo monthly archives. https://zenodo.org/records/3378728. CC0 1.0.,TESS station stars24; photometric inflection method; night median MSAS=20.13; MSAS at inflection=19.20; depression=12.60°; smoothing=5-pt median; dark rows=398
isha,2020-08-26,19:25,-1,27.900833,-15.514722,0.0,Zamorano J. et al. (2019). TESS-W sky brightness network. Zenodo monthly archives. https://zenodo.org/records/3378728. CC0 1.0.,TESS station stars24; photometric inflection method; night median MSAS=18.90; MSAS at inflection=18.10; depression=12.93°; smoothing=5-pt median; dark rows=561
fajr,2020-08-28,04:52,-1,27.900833,-15.514722,0.0,Zamorano J. et al. (2019). TESS-W sky brightness network. Zenodo monthly archives. https://zenodo.org/records/3378728. CC0 1.0.,TESS station stars24; photometric inflection method; night median MSAS=19.35; MSAS at inflection=18.42; depression=10.87°; smoothing=5-pt median; dark rows=565
fajr,2020-08-29,04:37,-1,27.900833,-15.514722,0.0,Zamorano J. et al. (2019). TESS-W sky brightness network. Zenodo monthly archives. https://zenodo.org/records/3378728. CC0 1.0.,TESS station stars24; photometric inflection method; night median MSAS=18.84; MSAS at inflection=20.26; depression=14.16°; smoothing=5-pt median; dark rows=579
isha,2020-08-29,19:15,-1,27.900833,-15.514722,0.0,Zamorano J. et al. (2019). TESS-W sky brightness network. Zenodo monthly archives. https://zenodo.org/records/3378728. CC0 1.0.,TESS station stars24; photometric inflection method; night median MSAS=18.38; MSAS at inflection=17.95; depression=11.57°; smoothing=5-pt median; dark rows=571
isha,2020-08-01,21:26,0,50.858144,5.836412,0.0,Zamorano J. et al. (2019). TESS-W sky brightness network. Zenodo monthly archives. https://zenodo.org/records/3378728. CC0 1.0.,TESS station stars243; photometric inflection method; night median MSAS=17.63; MSAS at inflection=17.90; depression=15.20°; smoothing=5-pt median; dark rows=319
fajr,2020-08-02,01:00,0,50.858144,5.836412,0.0,Zamorano J. et al. (2019). TESS-W sky brightness network. Zenodo monthly archives. https://zenodo.org/records/3378728. CC0 1.0.,TESS station stars243; photometric inflection method; night median MSAS=17.63; MSAS at inflection=17.91; depression=19.39°; smoothing=5-pt median; dark rows=319
isha,2020-08-02,20:59,0,50.858144,5.836412,0.0,Zamorano J. et al. (2019). TESS-W sky brightness network. Zenodo monthly archives. https://zenodo.org/records/3378728. CC0 1.0.,TESS station stars243; photometric inflection method; night median MSAS=18.58; MSAS at inflection=18.56; depression=12.84°; smoothing=5-pt median; dark rows=375
fajr,2020-08-03,02:50,0,50.858144,5.836412,0.0,Zamorano J. et al. (2019). TESS-W sky brightness network. Zenodo monthly archives. https://zenodo.org/records/3378728. CC0 1.0.,TESS station stars243; photometric inflection method; night median MSAS=18.58; MSAS at inflection=17.92; depression=10.36°; smoothing=5-pt median; dark rows=375
isha,2020-08-03,20:22,0,50.858144,5.836412,0.0,Zamorano J. et al. (2019). TESS-W sky brightness network. Zenodo monthly archives. https://zenodo.org/records/3378728. CC0 1.0.,TESS station stars243; photometric inflection method; night median MSAS=17.74; MSAS at inflection=17.09; depression=9.11°; smoothing=5-pt median; dark rows=378
fajr,2020-08-04,03:08,0,50.858144,5.836412,0.0,Zamorano J. et al. (2019). TESS-W sky brightness network. Zenodo monthly archives. https://zenodo.org/records/3378728. CC0 1.0.,TESS station stars243; photometric inflection method; night median MSAS=17.74; MSAS at inflection=16.21; depression=8.51°; smoothing=5-pt median; dark rows=378
isha,2020-08-04,21:30,0,50.858144,5.836412,0.0,Zamorano J. et al. (2019). TESS-W sky brightness network. Zenodo monthly archives. https://zenodo.org/records/3378728. CC0 1.0.,TESS station stars243; photometric inflection method; night median MSAS=18.73; MSAS at inflection=19.02; depression=16.30°; smoothing=5-pt median; dark rows=352
fajr,2020-08-05,02:49,0,50.858144,5.836412,0.0,Zamorano J. et al. (2019). TESS-W sky brightness network. Zenodo monthly archives. https://zenodo.org/records/3378728. CC0 1.0.,TESS station stars243; photometric inflection method; night median MSAS=18.73; MSAS at inflection=18.36; depression=10.89°; smoothing=5-pt median; dark rows=352
fajr,2020-08-06,00:33,0,50.858144,5.836412,0.0,Zamorano J. et al. (2019). TESS-W sky brightness network. Zenodo monthly archives. https://zenodo.org/records/3378728. CC0 1.0.,TESS station stars243; photometric inflection method; night median MSAS=18.84; MSAS at inflection=18.69; depression=21.61°; smoothing=5-pt median; dark rows=328
isha,2020-08-07,20:31,0,50.858144,5.836412,0.0,Zamorano J. et al. (2019). TESS-W sky brightness network. Zenodo monthly archives. https://zenodo.org/records/3378728. CC0 1.0.,TESS station stars243; photometric inflection method; night median MSAS=19.07; MSAS at inflection=18.54; depression=11.08°; smoothing=5-pt median; dark rows=395
isha,2020-08-08,20:07,0,50.858144,5.836412,0.0,Zamorano J. et al. (2019). TESS-W sky brightness network. Zenodo monthly archives. https://zenodo.org/records/3378728. CC0 1.0.,TESS station stars243; photometric inflection method; night median MSAS=17.58; MSAS at inflection=15.98; depression=8.49°; smoothing=5-pt median; dark rows=400
fajr,2020-08-09,03:24,0,50.858144,5.836412,0.0,Zamorano J. et al. (2019). TESS-W sky brightness network. Zenodo monthly archives. https://zenodo.org/records/3378728. CC0 1.0.,TESS station stars243; photometric inflection method; night median MSAS=17.58; MSAS at inflection=15.39; depression=7.66°; smoothing=5-pt median; dark rows=400
isha,2020-08-10,20:36,0,50.858144,5.836412,0.0,Zamorano J. et al. (2019). TESS-W sky brightness network. Zenodo monthly archives. https://zenodo.org/records/3378728. CC0 1.0.,TESS station stars243; photometric inflection method; night median MSAS=19.02; MSAS at inflection=18.98; depression=12.48°; smoothing=5-pt median; dark rows=408
fajr,2020-08-11,03:07,0,50.858144,5.836412,0.0,Zamorano J. et al. (2019). TESS-W sky brightness network. Zenodo monthly archives. https://zenodo.org/records/3378728. CC0 1.0.,TESS station stars243; photometric inflection method; night median MSAS=19.02; MSAS at inflection=17.34; depression=10.23°; smoothing=5-pt median; dark rows=408
isha,2020-08-11,21:08,0,50.858144,5.836412,0.0,Zamorano J. et al. (2019). TESS-W sky brightness network. Zenodo monthly archives. https://zenodo.org/records/3378728. CC0 1.0.,TESS station stars243; photometric inflection method; night median MSAS=17.55; MSAS at inflection=17.36; depression=16.24°; smoothing=5-pt median; dark rows=382
fajr,2020-08-12,03:24,0,50.858144,5.836412,0.0,Zamorano J. et al. (2019). TESS-W sky brightness network. Zenodo monthly archives. https://zenodo.org/records/3378728. CC0 1.0.,TESS station stars243; photometric inflection method; night median MSAS=17.55; MSAS at inflection=16.21; depression=8.28°; smoothing=5-pt median; dark rows=382
isha,2020-08-12,21:07,0,50.858144,5.836412,0.0,Zamorano J. et al. (2019). TESS-W sky brightness network. Zenodo monthly archives. https://zenodo.org/records/3378728. CC0 1.0.,TESS station stars243; photometric inflection method; night median MSAS=18.18; MSAS at inflection=17.93; depression=16.35°; smoothing=5-pt median; dark rows=417
fajr,2020-08-13,01:39,0,50.858144,5.836412,0.0,Zamorano J. et al. (2019). TESS-W sky brightness network. Zenodo monthly archives. https://zenodo.org/records/3378728. CC0 1.0.,TESS station stars243; photometric inflection method; night median MSAS=18.18; MSAS at inflection=18.83; depression=19.69°; smoothing=5-pt median; dark rows=417
fajr,2020-08-14,02:37,0,50.858144,5.836412,0.0,Zamorano J. et al. (2019). TESS-W sky brightness network. Zenodo monthly archives. https://zenodo.org/records/3378728. CC0 1.0.,TESS station stars243; photometric inflection method; night median MSAS=19.74; MSAS at inflection=19.11; depression=14.39°; smoothing=5-pt median; dark rows=420
isha,2020-08-15,19:56,0,50.858144,5.836412,0.0,Zamorano J. et al. (2019). TESS-W sky brightness network. Zenodo monthly archives. https://zenodo.org/records/3378728. CC0 1.0.,TESS station stars243; photometric inflection method; night median MSAS=19.46; MSAS at inflection=17.22; depression=9.10°; smoothing=5-pt median; dark rows=414
isha,2020-08-16,21:11,0,50.858144,5.836412,0.0,Zamorano J. et al. (2019). TESS-W sky brightness network. Zenodo monthly archives. https://zenodo.org/records/3378728. CC0 1.0.,TESS station stars243; photometric inflection method; night median MSAS=18.99; MSAS at inflection=19.45; depression=18.03°; smoothing=5-pt median; dark rows=433
fajr,2020-08-17,02:30,0,50.858144,5.836412,0.0,Zamorano J. et al. (2019). TESS-W sky brightness network. Zenodo monthly archives. https://zenodo.org/records/3378728. CC0 1.0.,TESS station stars243; photometric inflection method; night median MSAS=18.99; MSAS at inflection=18.05; depression=15.93°; smoothing=5-pt median; dark rows=433
isha,2020-08-17,21:22,0,50.858144,5.836412,0.0,Zamorano J. et al. (2019). TESS-W sky brightness network. Zenodo monthly archives. https://zenodo.org/records/3378728. CC0 1.0.,TESS station stars243; photometric inflection method; night median MSAS=19.63; MSAS at inflection=18.40; depression=19.36°; smoothing=5-pt median; dark rows=438
fajr,2020-08-19,02:56,0,50.858144,5.836412,0.0,Zamorano J. et al. (2019). TESS-W sky brightness network. Zenodo monthly archives. https://zenodo.org/records/3378728. CC0 1.0.,TESS station stars243; photometric inflection method; night median MSAS=19.86; MSAS at inflection=19.75; depression=13.52°; smoothing=5-pt median; dark rows=442
isha,2020-08-19,21:38,0,50.858144,5.836412,0.0,Zamorano J. et al. (2019). TESS-W sky brightness network. Zenodo monthly archives. https://zenodo.org/records/3378728. CC0 1.0.,TESS station stars243; photometric inflection method; night median MSAS=17.91; MSAS at inflection=18.04; depression=21.44°; smoothing=5-pt median; dark rows=447
fajr,2020-08-20,02:23,0,50.858144,5.836412,0.0,Zamorano J. et al. (2019). TESS-W sky brightness network. Zenodo monthly archives. https://zenodo.org/records/3378728. CC0 1.0.,TESS station stars243; photometric inflection method; night median MSAS=17.91; MSAS at inflection=18.91; depression=17.51°; smoothing=5-pt median; dark rows=447
isha,2020-08-22,20:44,0,50.858144,5.836412,0.0,Zamorano J. et al. (2019). TESS-W sky brightness network. Zenodo monthly archives. https://zenodo.org/records/3378728. CC0 1.0.,TESS station stars243; photometric inflection method; night median MSAS=18.77; MSAS at inflection=18.72; depression=17.05°; smoothing=5-pt median; dark rows=460
fajr,2020-08-23,02:41,0,50.858144,5.836412,0.0,Zamorano J. et al. (2019). TESS-W sky brightness network. Zenodo monthly archives. https://zenodo.org/records/3378728. CC0 1.0.,TESS station stars243; photometric inflection method; night median MSAS=18.77; MSAS at inflection=17.61; depression=16.29°; smoothing=5-pt median; dark rows=460
isha,2020-08-23,19:58,0,50.858144,5.836412,0.0,Zamorano J. et al. (2019). TESS-W sky brightness network. Zenodo monthly archives. https://zenodo.org/records/3378728. CC0 1.0.,TESS station stars243; photometric inflection method; night median MSAS=18.29; MSAS at inflection=17.57; depression=11.86°; smoothing=5-pt median; dark rows=142
fajr,2020-08-23,20:58,0,50.858144,5.836412,0.0,Zamorano J. et al. (2019). TESS-W sky brightness network. Zenodo monthly archives. https://zenodo.org/records/3378728. CC0 1.0.,TESS station stars243; photometric inflection method; night median MSAS=18.29; MSAS at inflection=18.87; depression=18.98°; smoothing=5-pt median; dark rows=142
isha,2020-08-24,20:32,0,50.858144,5.836412,0.0,Zamorano J. et al. (2019). TESS-W sky brightness network. Zenodo monthly archives. https://zenodo.org/records/3378728. CC0 1.0.,TESS station stars243; photometric inflection method; night median MSAS=18.30; MSAS at inflection=19.00; depression=16.41°; smoothing=5-pt median; dark rows=178
fajr,2020-08-24,21:16,0,50.858144,5.836412,0.0,Zamorano J. et al. (2019). TESS-W sky brightness network. Zenodo monthly archives. https://zenodo.org/records/3378728. CC0 1.0.,TESS station stars243; photometric inflection method; night median MSAS=18.30; MSAS at inflection=17.93; depression=21.16°; smoothing=5-pt median; dark rows=178
fajr,2020-08-25,21:11,0,50.858144,5.836412,0.0,Zamorano J. et al. (2019). TESS-W sky brightness network. Zenodo monthly archives. https://zenodo.org/records/3378728. CC0 1.0.,TESS station stars243; photometric inflection method; night median MSAS=17.63; MSAS at inflection=17.63; depression=20.95°; smoothing=5-pt median; dark rows=169
fajr,2020-08-26,21:06,0,50.858144,5.836412,0.0,Zamorano J. et al. (2019). TESS-W sky brightness network. Zenodo monthly archives. https://zenodo.org/records/3378728. CC0 1.0.,TESS station stars243; photometric inflection method; night median MSAS=18.29; MSAS at inflection=18.82; depression=20.83°; smoothing=5-pt median; dark rows=176
fajr,2020-08-28,20:52,0,50.858144,5.836412,0.0,Zamorano J. et al. (2019). TESS-W sky brightness network. Zenodo monthly archives. https://zenodo.org/records/3378728. CC0 1.0.,TESS station stars243; photometric inflection method; night median MSAS=19.22; MSAS at inflection=19.12; depression=20.00°; smoothing=5-pt median; dark rows=175
isha,2020-08-29,21:00,0,50.858144,5.836412,0.0,Zamorano J. et al. (2019). TESS-W sky brightness network. Zenodo monthly archives. https://zenodo.org/records/3378728. CC0 1.0.,TESS station stars243; photometric inflection method; night median MSAS=19.03; MSAS at inflection=18.34; depression=21.29°; smoothing=5-pt median; dark rows=134
fajr,2020-08-02,04:33,0,37.064167,-3.384722,0.0,Zamorano J. et al. (2019). TESS-W sky brightness network. Zenodo monthly archives. https://zenodo.org/records/3378728. CC0 1.0.,TESS station stars246; photometric inflection method; night median MSAS=18.47; MSAS at inflection=16.96; depression=9.12°; smoothing=5-pt median; dark rows=492
isha,2020-08-02,20:22,0,37.064167,-3.384722,0.0,Zamorano J. et al. (2019). TESS-W sky brightness network. Zenodo monthly archives. https://zenodo.org/records/3378728. CC0 1.0.,TESS station stars246; photometric inflection method; night median MSAS=18.28; MSAS at inflection=18.47; depression=11.95°; smoothing=5-pt median; dark rows=496
fajr,2020-08-03,04:40,0,37.064167,-3.384722,0.0,Zamorano J. et al. (2019). TESS-W sky brightness network. Zenodo monthly archives. https://zenodo.org/records/3378728. CC0 1.0.,TESS station stars246; photometric inflection method; night median MSAS=18.28; MSAS at inflection=16.39; depression=8.06°; smoothing=5-pt median; dark rows=496
isha,2020-08-03,20:03,0,37.064167,-3.384722,0.0,Zamorano J. et al. (2019). TESS-W sky brightness network. Zenodo monthly archives. https://zenodo.org/records/3378728. CC0 1.0.,TESS station stars246; photometric inflection method; night median MSAS=18.18; MSAS at inflection=15.95; depression=8.86°; smoothing=5-pt median; dark rows=498
fajr,2020-08-04,04:38,0,37.064167,-3.384722,0.0,Zamorano J. et al. (2019). TESS-W sky brightness network. Zenodo monthly archives. https://zenodo.org/records/3378728. CC0 1.0.,TESS station stars246; photometric inflection method; night median MSAS=18.18; MSAS at inflection=16.29; depression=8.59°; smoothing=5-pt median; dark rows=498
isha,2020-08-04,20:49,0,37.064167,-3.384722,0.0,Zamorano J. et al. (2019). TESS-W sky brightness network. Zenodo monthly archives. https://zenodo.org/records/3378728. CC0 1.0.,TESS station stars246; photometric inflection method; night median MSAS=18.48; MSAS at inflection=19.89; depression=16.88°; smoothing=5-pt median; dark rows=501
isha,2020-08-05,20:28,0,37.064167,-3.384722,0.0,Zamorano J. et al. (2019). TESS-W sky brightness network. Zenodo monthly archives. https://zenodo.org/records/3378728. CC0 1.0.,TESS station stars246; photometric inflection method; night median MSAS=18.49; MSAS at inflection=20.60; depression=13.56°; smoothing=5-pt median; dark rows=502
fajr,2020-08-06,04:27,0,37.064167,-3.384722,0.0,Zamorano J. et al. (2019). TESS-W sky brightness network. Zenodo monthly archives. https://zenodo.org/records/3378728. CC0 1.0.,TESS station stars246; photometric inflection method; night median MSAS=18.49; MSAS at inflection=17.82; depression=10.80°; smoothing=5-pt median; dark rows=502
isha,2020-08-06,20:01,0,37.064167,-3.384722,0.0,Zamorano J. et al. (2019). TESS-W sky brightness network. Zenodo monthly archives. https://zenodo.org/records/3378728. CC0 1.0.,TESS station stars246; photometric inflection method; night median MSAS=18.82; MSAS at inflection=16.91; depression=9.17°; smoothing=5-pt median; dark rows=505
fajr,2020-08-07,03:32,0,37.064167,-3.384722,0.0,Zamorano J. et al. (2019). TESS-W sky brightness network. Zenodo monthly archives. https://zenodo.org/records/3378728. CC0 1.0.,TESS station stars246; photometric inflection method; night median MSAS=18.82; MSAS at inflection=18.17; depression=19.93°; smoothing=5-pt median; dark rows=505
isha,2020-08-07,20:10,0,37.064167,-3.384722,0.0,Zamorano J. et al. (2019). TESS-W sky brightness network. Zenodo monthly archives. https://zenodo.org/records/3378728. CC0 1.0.,TESS station stars246; photometric inflection method; night median MSAS=19.41; MSAS at inflection=18.80; depression=11.02°; smoothing=5-pt median; dark rows=506
isha,2020-08-08,20:05,0,37.064167,-3.384722,0.0,Zamorano J. et al. (2019). TESS-W sky brightness network. Zenodo monthly archives. https://zenodo.org/records/3378728. CC0 1.0.,TESS station stars246; photometric inflection method; night median MSAS=19.75; MSAS at inflection=17.99; depression=10.40°; smoothing=5-pt median; dark rows=507
isha,2020-08-10,20:07,0,37.064167,-3.384722,0.0,Zamorano J. et al. (2019). TESS-W sky brightness network. Zenodo monthly archives. https://zenodo.org/records/3378728. CC0 1.0.,TESS station stars246; photometric inflection method; night median MSAS=19.80; MSAS at inflection=18.80; depression=11.13°; smoothing=5-pt median; dark rows=514
fajr,2020-08-11,04:11,0,37.064167,-3.384722,0.0,Zamorano J. et al. (2019). TESS-W sky brightness network. Zenodo monthly archives. https://zenodo.org/records/3378728. CC0 1.0.,TESS station stars246; photometric inflection method; night median MSAS=19.80; MSAS at inflection=18.11; depression=14.40°; smoothing=5-pt median; dark rows=514
fajr,2020-08-16,03:48,0,37.064167,-3.384722,0.0,Zamorano J. et al. (2019). TESS-W sky brightness network. Zenodo monthly archives. https://zenodo.org/records/3378728. CC0 1.0.,TESS station stars246; photometric inflection method; night median MSAS=20.60; MSAS at inflection=20.75; depression=19.13°; smoothing=5-pt median; dark rows=524
fajr,2020-08-17,04:14,0,37.064167,-3.384722,0.0,Zamorano J. et al. (2019). TESS-W sky brightness network. Zenodo monthly archives. https://zenodo.org/records/3378728. CC0 1.0.,TESS station stars246; photometric inflection method; night median MSAS=21.16; MSAS at inflection=21.06; depression=14.92°; smoothing=5-pt median; dark rows=520
fajr,2020-08-18,04:38,0,37.064167,-3.384722,0.0,Zamorano J. et al. (2019). TESS-W sky brightness network. Zenodo monthly archives. https://zenodo.org/records/3378728. CC0 1.0.,TESS station stars246; photometric inflection method; night median MSAS=21.22; MSAS at inflection=18.95; depression=10.92°; smoothing=5-pt median; dark rows=508
isha,2020-08-19,20:16,0,37.064167,-3.384722,0.0,Zamorano J. et al. (2019). TESS-W sky brightness network. Zenodo monthly archives. https://zenodo.org/records/3378728. CC0 1.0.,TESS station stars246; photometric inflection method; night median MSAS=21.13; MSAS at inflection=20.98; depression=15.01°; smoothing=5-pt median; dark rows=535
isha,2020-08-22,19:56,0,37.064167,-3.384722,0.0,Zamorano J. et al. (2019). TESS-W sky brightness network. Zenodo monthly archives. https://zenodo.org/records/3378728. CC0 1.0.,TESS station stars246; photometric inflection method; night median MSAS=21.24; MSAS at inflection=19.61; depression=12.24°; smoothing=5-pt median; dark rows=485
fajr,2020-08-26,04:32,0,37.064167,-3.384722,0.0,Zamorano J. et al. (2019). TESS-W sky brightness network. Zenodo monthly archives. https://zenodo.org/records/3378728. CC0 1.0.,TESS station stars246; photometric inflection method; night median MSAS=21.22; MSAS at inflection=20.58; depression=13.40°; smoothing=5-pt median; dark rows=549
fajr,2020-08-29,04:49,0,37.064167,-3.384722,0.0,Zamorano J. et al. (2019). TESS-W sky brightness network. Zenodo monthly archives. https://zenodo.org/records/3378728. CC0 1.0.,TESS station stars246; photometric inflection method; night median MSAS=20.15; MSAS at inflection=18.89; depression=10.83°; smoothing=5-pt median; dark rows=557
isha,2020-08-29,19:35,0,37.064167,-3.384722,0.0,Zamorano J. et al. (2019). TESS-W sky brightness network. Zenodo monthly archives. https://zenodo.org/records/3378728. CC0 1.0.,TESS station stars246; photometric inflection method; night median MSAS=19.42; MSAS at inflection=18.08; depression=10.43°; smoothing=5-pt median; dark rows=560
fajr,2020-08-30,04:26,0,37.064167,-3.384722,0.0,Zamorano J. et al. (2019). TESS-W sky brightness network. Zenodo monthly archives. https://zenodo.org/records/3378728. CC0 1.0.,TESS station stars246; photometric inflection method; night median MSAS=19.42; MSAS at inflection=20.92; depression=15.27°; smoothing=5-pt median; dark rows=560
fajr,2020-08-31,04:36,0,37.064167,-3.384722,0.0,Zamorano J. et al. (2019). TESS-W sky brightness network. Zenodo monthly archives. https://zenodo.org/records/3378728. CC0 1.0.,TESS station stars246; photometric inflection method; night median MSAS=19.25; MSAS at inflection=20.71; depression=13.60°; smoothing=5-pt median; dark rows=561
fajr,2020-08-01,04:13,0,41.663445,-4.705993,0.0,Zamorano J. et al. (2019). TESS-W sky brightness network. Zenodo monthly archives. https://zenodo.org/records/3378728. CC0 1.0.,TESS station stars250; photometric inflection method; night median MSAS=18.25; MSAS at inflection=17.76; depression=10.49°; smoothing=5-pt median; dark rows=256
isha,2020-08-03,20:24,0,41.663445,-4.705993,0.0,Zamorano J. et al. (2019). TESS-W sky brightness network. Zenodo monthly archives. https://zenodo.org/records/3378728. CC0 1.0.,TESS station stars250; photometric inflection method; night median MSAS=17.75; MSAS at inflection=15.68; depression=9.11°; smoothing=5-pt median; dark rows=464
fajr,2020-08-04,04:24,0,41.663445,-4.705993,0.0,Zamorano J. et al. (2019). TESS-W sky brightness network. Zenodo monthly archives. https://zenodo.org/records/3378728. CC0 1.0.,TESS station stars250; photometric inflection method; night median MSAS=17.75; MSAS at inflection=16.95; depression=9.30°; smoothing=5-pt median; dark rows=464
fajr,2020-08-08,04:14,0,41.663445,-4.705993,0.0,Zamorano J. et al. (2019). TESS-W sky brightness network. Zenodo monthly archives. https://zenodo.org/records/3378728. CC0 1.0.,TESS station stars250; photometric inflection method; night median MSAS=18.02; MSAS at inflection=17.45; depression=11.68°; smoothing=5-pt median; dark rows=477
fajr,2020-08-09,04:30,0,41.663445,-4.705993,0.0,Zamorano J. et al. (2019). TESS-W sky brightness network. Zenodo monthly archives. https://zenodo.org/records/3378728. CC0 1.0.,TESS station stars250; photometric inflection method; night median MSAS=17.88; MSAS at inflection=16.65; depression=9.31°; smoothing=5-pt median; dark rows=477
isha,2020-08-11,20:40,0,41.663445,-4.705993,0.0,Zamorano J. et al. (2019). TESS-W sky brightness network. Zenodo monthly archives. https://zenodo.org/records/3378728. CC0 1.0.,TESS station stars250; photometric inflection method; night median MSAS=17.83; MSAS at inflection=17.01; depression=13.49°; smoothing=5-pt median; dark rows=491
fajr,2020-08-12,03:41,0,41.663445,-4.705993,0.0,Zamorano J. et al. (2019). TESS-W sky brightness network. Zenodo monthly archives. https://zenodo.org/records/3378728. CC0 1.0.,TESS station stars250; photometric inflection method; night median MSAS=17.83; MSAS at inflection=18.47; depression=17.47°; smoothing=5-pt median; dark rows=491
isha,2020-08-12,20:43,0,41.663445,-4.705993,0.0,Zamorano J. et al. (2019). TESS-W sky brightness network. Zenodo monthly archives. https://zenodo.org/records/3378728. CC0 1.0.,TESS station stars250; photometric inflection method; night median MSAS=18.67; MSAS at inflection=17.36; depression=14.31°; smoothing=5-pt median; dark rows=493
fajr,2020-08-13,04:29,0,41.663445,-4.705993,0.0,Zamorano J. et al. (2019). TESS-W sky brightness network. Zenodo monthly archives. https://zenodo.org/records/3378728. CC0 1.0.,TESS station stars250; photometric inflection method; night median MSAS=18.67; MSAS at inflection=17.86; depression=10.36°; smoothing=5-pt median; dark rows=493
fajr,2020-08-15,04:42,0,41.663445,-4.705993,0.0,Zamorano J. et al. (2019). TESS-W sky brightness network. Zenodo monthly archives. https://zenodo.org/records/3378728. CC0 1.0.,TESS station stars250; photometric inflection method; night median MSAS=18.73; MSAS at inflection=16.37; depression=8.63°; smoothing=5-pt median; dark rows=497
isha,2020-08-15,21:09,0,41.663445,-4.705993,0.0,Zamorano J. et al. (2019). TESS-W sky brightness network. Zenodo monthly archives. https://zenodo.org/records/3378728. CC0 1.0.,TESS station stars250; photometric inflection method; night median MSAS=18.09; MSAS at inflection=16.65; depression=18.99°; smoothing=5-pt median; dark rows=497
isha,2020-08-16,20:03,0,41.663445,-4.705993,0.0,Zamorano J. et al. (2019). TESS-W sky brightness network. Zenodo monthly archives. https://zenodo.org/records/3378728. CC0 1.0.,TESS station stars250; photometric inflection method; night median MSAS=18.78; MSAS at inflection=16.84; depression=8.91°; smoothing=5-pt median; dark rows=503
fajr,2020-08-17,04:41,0,41.663445,-4.705993,0.0,Zamorano J. et al. (2019). TESS-W sky brightness network. Zenodo monthly archives. https://zenodo.org/records/3378728. CC0 1.0.,TESS station stars250; photometric inflection method; night median MSAS=18.78; MSAS at inflection=16.61; depression=9.20°; smoothing=5-pt median; dark rows=503
fajr,2020-08-18,04:46,0,41.663445,-4.705993,0.0,Zamorano J. et al. (2019). TESS-W sky brightness network. Zenodo monthly archives. https://zenodo.org/records/3378728. CC0 1.0.,TESS station stars250; photometric inflection method; night median MSAS=17.67; MSAS at inflection=15.67; depression=8.42°; smoothing=5-pt median; dark rows=502
isha,2020-08-18,20:30,0,41.663445,-4.705993,0.0,Zamorano J. et al. (2019). TESS-W sky brightness network. Zenodo monthly archives. https://zenodo.org/records/3378728. CC0 1.0.,TESS station stars250; photometric inflection method; night median MSAS=18.89; MSAS at inflection=16.69; depression=13.87°; smoothing=5-pt median; dark rows=505
isha,2020-08-19,20:20,0,41.663445,-4.705993,0.0,Zamorano J. et al. (2019). TESS-W sky brightness network. Zenodo monthly archives. https://zenodo.org/records/3378728. CC0 1.0.,TESS station stars250; photometric inflection method; night median MSAS=18.65; MSAS at inflection=18.43; depression=12.51°; smoothing=5-pt median; dark rows=513
fajr,2020-08-22,04:32,0,41.663445,-4.705993,0.0,Zamorano J. et al. (2019). TESS-W sky brightness network. Zenodo monthly archives. https://zenodo.org/records/3378728. CC0 1.0.,TESS station stars250; photometric inflection method; night median MSAS=18.84; MSAS at inflection=18.40; depression=11.60°; smoothing=5-pt median; dark rows=518
isha,2020-08-22,20:05,0,41.663445,-4.705993,0.0,Zamorano J. et al. (2019). TESS-W sky brightness network. Zenodo monthly archives. https://zenodo.org/records/3378728. CC0 1.0.,TESS station stars250; photometric inflection method; night median MSAS=18.83; MSAS at inflection=17.91; depression=10.95°; smoothing=5-pt median; dark rows=519
fajr,2020-08-23,04:50,0,41.663445,-4.705993,0.0,Zamorano J. et al. (2019). TESS-W sky brightness network. Zenodo monthly archives. https://zenodo.org/records/3378728. CC0 1.0.,TESS station stars250; photometric inflection method; night median MSAS=18.83; MSAS at inflection=16.45; depression=8.80°; smoothing=5-pt median; dark rows=519
fajr,2020-08-24,04:40,0,41.663445,-4.705993,0.0,Zamorano J. et al. (2019). TESS-W sky brightness network. Zenodo monthly archives. https://zenodo.org/records/3378728. CC0 1.0.,TESS station stars250; photometric inflection method; night median MSAS=18.84; MSAS at inflection=17.95; depression=10.76°; smoothing=5-pt median; dark rows=521
isha,2020-08-24,19:50,0,41.663445,-4.705993,0.0,Zamorano J. et al. (2019). TESS-W sky brightness network. Zenodo monthly archives. https://zenodo.org/records/3378728. CC0 1.0.,TESS station stars250; photometric inflection method; night median MSAS=18.87; MSAS at inflection=16.43; depression=8.94°; smoothing=5-pt median; dark rows=524
fajr,2020-08-25,04:42,0,41.663445,-4.705993,0.0,Zamorano J. et al. (2019). TESS-W sky brightness network. Zenodo monthly archives. https://zenodo.org/records/3378728. CC0 1.0.,TESS station stars250; photometric inflection method; night median MSAS=18.87; MSAS at inflection=17.84; depression=10.60°; smoothing=5-pt median; dark rows=524
isha,2020-08-25,19:52,0,41.663445,-4.705993,0.0,Zamorano J. et al. (2019). TESS-W sky brightness network. Zenodo monthly archives. https://zenodo.org/records/3378728. CC0 1.0.,TESS station stars250; photometric inflection method; night median MSAS=18.72; MSAS at inflection=17.17; depression=9.60°; smoothing=5-pt median; dark rows=527
fajr,2020-08-26,04:24,0,41.663445,-4.705993,0.0,Zamorano J. et al. (2019). TESS-W sky brightness network. Zenodo monthly archives. https://zenodo.org/records/3378728. CC0 1.0.,TESS station stars250; photometric inflection method; night median MSAS=18.72; MSAS at inflection=18.74; depression=13.78°; smoothing=5-pt median; dark rows=527
isha,2020-08-26,19:45,0,41.663445,-4.705993,0.0,Zamorano J. et al. (2019). TESS-W sky brightness network. Zenodo monthly archives. https://zenodo.org/records/3378728. CC0 1.0.,TESS station stars250; photometric inflection method; night median MSAS=18.83; MSAS at inflection=16.46; depression=8.76°; smoothing=5-pt median; dark rows=528
fajr,2020-08-27,04:51,0,41.663445,-4.705993,0.0,Zamorano J. et al. (2019). TESS-W sky brightness network. Zenodo monthly archives. https://zenodo.org/records/3378728. CC0 1.0.,TESS station stars250; photometric inflection method; night median MSAS=18.83; MSAS at inflection=17.18; depression=9.45°; smoothing=5-pt median; dark rows=528
fajr,2020-08-28,04:50,0,41.663445,-4.705993,0.0,Zamorano J. et al. (2019). TESS-W sky brightness network. Zenodo monthly archives. https://zenodo.org/records/3378728. CC0 1.0.,TESS station stars250; photometric inflection method; night median MSAS=17.85; MSAS at inflection=16.08; depression=9.78°; smoothing=5-pt median; dark rows=534
isha,2020-08-28,20:44,0,41.663445,-4.705993,0.0,Zamorano J. et al. (2019). TESS-W sky brightness network. Zenodo monthly archives. https://zenodo.org/records/3378728. CC0 1.0.,TESS station stars250; photometric inflection method; night median MSAS=18.49; MSAS at inflection=17.31; depression=19.05°; smoothing=5-pt median; dark rows=539
isha,2020-08-29,19:39,0,41.663445,-4.705993,0.0,Zamorano J. et al. (2019). TESS-W sky brightness network. Zenodo monthly archives. https://zenodo.org/records/3378728. CC0 1.0.,TESS station stars250; photometric inflection method; night median MSAS=18.48; MSAS at inflection=16.25; depression=8.53°; smoothing=5-pt median; dark rows=537
fajr,2020-08-30,04:59,0,41.663445,-4.705993,0.0,Zamorano J. et al. (2019). TESS-W sky brightness network. Zenodo monthly archives. https://zenodo.org/records/3378728. CC0 1.0.,TESS station stars250; photometric inflection method; night median MSAS=18.48; MSAS at inflection=16.58; depression=8.60°; smoothing=5-pt median; dark rows=537
isha,2020-08-30,19:41,0,41.663445,-4.705993,0.0,Zamorano J. et al. (2019). TESS-W sky brightness network. Zenodo monthly archives. https://zenodo.org/records/3378728. CC0 1.0.,TESS station stars250; photometric inflection method; night median MSAS=18.23; MSAS at inflection=16.85; depression=9.19°; smoothing=5-pt median; dark rows=543
isha,2020-08-03,18:36,4,-21.267,55.5,0.0,Zamorano J. et al. (2019). TESS-W sky brightness network. Zenodo monthly archives. https://zenodo.org/records/3378728. CC0 1.0.,TESS station stars251; photometric inflection method; night median MSAS=17.66; MSAS at inflection=16.15; depression=8.87°; smoothing=5-pt median; dark rows=681
fajr,2020-08-04,06:04,4,-21.267,55.5,0.0,Zamorano J. et al. (2019). TESS-W sky brightness network. Zenodo monthly archives. https://zenodo.org/records/3378728. CC0 1.0.,TESS station stars251; photometric inflection method; night median MSAS=17.66; MSAS at inflection=17.78; depression=10.63°; smoothing=5-pt median; dark rows=681
isha,2020-08-05,19:19,4,-21.267,55.5,0.0,Zamorano J. et al. (2019). TESS-W sky brightness network. Zenodo monthly archives. https://zenodo.org/records/3378728. CC0 1.0.,TESS station stars251; photometric inflection method; night median MSAS=17.86; MSAS at inflection=17.42; depression=18.56°; smoothing=5-pt median; dark rows=662
fajr,2020-08-06,05:35,4,-21.267,55.5,0.0,Zamorano J. et al. (2019). TESS-W sky brightness network. Zenodo monthly archives. https://zenodo.org/records/3378728. CC0 1.0.,TESS station stars251; photometric inflection method; night median MSAS=17.86; MSAS at inflection=17.09; depression=17.01°; smoothing=5-pt median; dark rows=662
isha,2020-08-06,19:24,4,-21.267,55.5,0.0,Zamorano J. et al. (2019). TESS-W sky brightness network. Zenodo monthly archives. https://zenodo.org/records/3378728. CC0 1.0.,TESS station stars251; photometric inflection method; night median MSAS=17.87; MSAS at inflection=19.80; depression=19.61°; smoothing=5-pt median; dark rows=678
fajr,2020-08-07,06:10,4,-21.267,55.5,0.0,Zamorano J. et al. (2019). TESS-W sky brightness network. Zenodo monthly archives. https://zenodo.org/records/3378728. CC0 1.0.,TESS station stars251; photometric inflection method; night median MSAS=17.87; MSAS at inflection=16.31; depression=8.76°; smoothing=5-pt median; dark rows=678
isha,2020-08-10,18:41,4,-21.267,55.5,0.0,Zamorano J. et al. (2019). TESS-W sky brightness network. Zenodo monthly archives. https://zenodo.org/records/3378728. CC0 1.0.,TESS station stars251; photometric inflection method; night median MSAS=18.08; MSAS at inflection=16.00; depression=9.59°; smoothing=5-pt median; dark rows=656
fajr,2020-08-11,05:57,4,-21.267,55.5,0.0,Zamorano J. et al. (2019). TESS-W sky brightness network. Zenodo monthly archives. https://zenodo.org/records/3378728. CC0 1.0.,TESS station stars251; photometric inflection method; night median MSAS=18.08; MSAS at inflection=18.48; depression=11.36°; smoothing=5-pt median; dark rows=656
fajr,2020-08-13,05:58,4,-21.267,55.5,0.0,Zamorano J. et al. (2019). TESS-W sky brightness network. Zenodo monthly archives. https://zenodo.org/records/3378728. CC0 1.0.,TESS station stars251; photometric inflection method; night median MSAS=20.37; MSAS at inflection=18.08; depression=10.79°; smoothing=5-pt median; dark rows=673
isha,2020-08-13,18:43,4,-21.267,55.5,0.0,Zamorano J. et al. (2019). TESS-W sky brightness network. Zenodo monthly archives. https://zenodo.org/records/3378728. CC0 1.0.,TESS station stars251; photometric inflection method; night median MSAS=18.78; MSAS at inflection=17.14; depression=9.94°; smoothing=5-pt median; dark rows=673
fajr,2020-08-15,05:57,4,-21.267,55.5,0.0,Zamorano J. et al. (2019). TESS-W sky brightness network. Zenodo monthly archives. https://zenodo.org/records/3378728. CC0 1.0.,TESS station stars251; photometric inflection method; night median MSAS=20.08; MSAS at inflection=18.01; depression=10.60°; smoothing=5-pt median; dark rows=670
fajr,2020-08-16,05:13,4,-21.267,55.5,0.0,Zamorano J. et al. (2019). TESS-W sky brightness network. Zenodo monthly archives. https://zenodo.org/records/3378728. CC0 1.0.,TESS station stars251; photometric inflection method; night median MSAS=20.54; MSAS at inflection=20.72; depression=20.69°; smoothing=5-pt median; dark rows=668
fajr,2020-08-17,05:48,4,-21.267,55.5,0.0,Zamorano J. et al. (2019). TESS-W sky brightness network. Zenodo monthly archives. https://zenodo.org/records/3378728. CC0 1.0.,TESS station stars251; photometric inflection method; night median MSAS=20.65; MSAS at inflection=19.60; depression=12.38°; smoothing=5-pt median; dark rows=669
isha,2020-08-17,19:26,4,-21.267,55.5,0.0,Zamorano J. et al. (2019). TESS-W sky brightness network. Zenodo monthly archives. https://zenodo.org/records/3378728. CC0 1.0.,TESS station stars251; photometric inflection method; night median MSAS=20.54; MSAS at inflection=19.49; depression=19.57°; smoothing=5-pt median; dark rows=669
isha,2020-08-21,19:33,4,-21.267,55.5,0.0,Zamorano J. et al. (2019). TESS-W sky brightness network. Zenodo monthly archives. https://zenodo.org/records/3378728. CC0 1.0.,TESS station stars251; photometric inflection method; night median MSAS=20.65; MSAS at inflection=19.63; depression=21.02°; smoothing=5-pt median; dark rows=665
fajr,2020-08-22,05:41,4,-21.267,55.5,0.0,Zamorano J. et al. (2019). TESS-W sky brightness network. Zenodo monthly archives. https://zenodo.org/records/3378728. CC0 1.0.,TESS station stars251; photometric inflection method; night median MSAS=20.65; MSAS at inflection=20.14; depression=13.31°; smoothing=5-pt median; dark rows=665
fajr,2020-08-26,05:26,4,-21.267,55.5,0.0,Zamorano J. et al. (2019). TESS-W sky brightness network. Zenodo monthly archives. https://zenodo.org/records/3378728. CC0 1.0.,TESS station stars251; photometric inflection method; night median MSAS=20.09; MSAS at inflection=20.44; depression=15.96°; smoothing=5-pt median; dark rows=661
fajr,2020-08-29,05:42,4,-21.267,55.5,0.0,Zamorano J. et al. (2019). TESS-W sky brightness network. Zenodo monthly archives. https://zenodo.org/records/3378728. CC0 1.0.,TESS station stars251; photometric inflection method; night median MSAS=17.77; MSAS at inflection=19.30; depression=11.86°; smoothing=5-pt median; dark rows=656
fajr,2020-08-02,02:50,0,38.905761,1.429222,0.0,Zamorano J. et al. (2019). TESS-W sky brightness network. Zenodo monthly archives. https://zenodo.org/records/3378728. CC0 1.0.,TESS station stars256; photometric inflection method; night median MSAS=17.57; MSAS at inflection=16.88; depression=20.89°; smoothing=5-pt median; dark rows=482
isha,2020-08-04,21:03,0,38.905761,1.429222,0.0,Zamorano J. et al. (2019). TESS-W sky brightness network. Zenodo monthly archives. https://zenodo.org/records/3378728. CC0 1.0.,TESS station stars256; photometric inflection method; night median MSAS=17.73; MSAS at inflection=17.58; depression=20.57°; smoothing=5-pt median; dark rows=489
isha,2020-08-08,19:47,0,38.905761,1.429222,0.0,Zamorano J. et al. (2019). TESS-W sky brightness network. Zenodo monthly archives. https://zenodo.org/records/3378728. CC0 1.0.,TESS station stars256; photometric inflection method; night median MSAS=18.45; MSAS at inflection=17.28; depression=9.58°; smoothing=5-pt median; dark rows=499
isha,2020-08-09,19:44,0,38.905761,1.429222,0.0,Zamorano J. et al. (2019). TESS-W sky brightness network. Zenodo monthly archives. https://zenodo.org/records/3378728. CC0 1.0.,TESS station stars256; photometric inflection method; night median MSAS=18.62; MSAS at inflection=17.08; depression=9.33°; smoothing=5-pt median; dark rows=501
fajr,2020-08-11,04:06,0,38.905761,1.429222,0.0,Zamorano J. et al. (2019). TESS-W sky brightness network. Zenodo monthly archives. https://zenodo.org/records/3378728. CC0 1.0.,TESS station stars256; photometric inflection method; night median MSAS=18.59; MSAS at inflection=17.66; depression=11.07°; smoothing=5-pt median; dark rows=502
fajr,2020-08-13,04:06,0,38.905761,1.429222,0.0,Zamorano J. et al. (2019). TESS-W sky brightness network. Zenodo monthly archives. https://zenodo.org/records/3378728. CC0 1.0.,TESS station stars256; photometric inflection method; night median MSAS=18.69; MSAS at inflection=18.21; depression=11.40°; smoothing=5-pt median; dark rows=509
fajr,2020-08-14,04:16,0,38.905761,1.429222,0.0,Zamorano J. et al. (2019). TESS-W sky brightness network. Zenodo monthly archives. https://zenodo.org/records/3378728. CC0 1.0.,TESS station stars256; photometric inflection method; night median MSAS=18.80; MSAS at inflection=17.35; depression=9.84°; smoothing=5-pt median; dark rows=511
isha,2020-08-14,19:45,0,38.905761,1.429222,0.0,Zamorano J. et al. (2019). TESS-W sky brightness network. Zenodo monthly archives. https://zenodo.org/records/3378728. CC0 1.0.,TESS station stars256; photometric inflection method; night median MSAS=18.47; MSAS at inflection=17.66; depression=10.75°; smoothing=5-pt median; dark rows=513
fajr,2020-08-15,04:07,0,38.905761,1.429222,0.0,Zamorano J. et al. (2019). TESS-W sky brightness network. Zenodo monthly archives. https://zenodo.org/records/3378728. CC0 1.0.,TESS station stars256; photometric inflection method; night median MSAS=18.47; MSAS at inflection=18.38; depression=11.60°; smoothing=5-pt median; dark rows=513
isha,2020-08-18,19:36,0,38.905761,1.429222,0.0,Zamorano J. et al. (2019). TESS-W sky brightness network. Zenodo monthly archives. https://zenodo.org/records/3378728. CC0 1.0.,TESS station stars256; photometric inflection method; night median MSAS=18.92; MSAS at inflection=17.65; depression=10.16°; smoothing=5-pt median; dark rows=522
fajr,2020-08-20,04:21,0,38.905761,1.429222,0.0,Zamorano J. et al. (2019). TESS-W sky brightness network. Zenodo monthly archives. https://zenodo.org/records/3378728. CC0 1.0.,TESS station stars256; photometric inflection method; night median MSAS=18.95; MSAS at inflection=17.68; depression=10.09°; smoothing=5-pt median; dark rows=526
isha,2020-08-21,19:26,0,38.905761,1.429222,0.0,Zamorano J. et al. (2019). TESS-W sky brightness network. Zenodo monthly archives. https://zenodo.org/records/3378728. CC0 1.0.,TESS station stars256; photometric inflection method; night median MSAS=17.59; MSAS at inflection=16.76; depression=9.37°; smoothing=5-pt median; dark rows=531
fajr,2020-08-23,04:16,0,38.905761,1.429222,0.0,Zamorano J. et al. (2019). TESS-W sky brightness network. Zenodo monthly archives. https://zenodo.org/records/3378728. CC0 1.0.,TESS station stars256; photometric inflection method; night median MSAS=18.23; MSAS at inflection=16.18; depression=11.58°; smoothing=5-pt median; dark rows=534
fajr,2020-08-24,04:29,0,38.905761,1.429222,0.0,Zamorano J. et al. (2019). TESS-W sky brightness network. Zenodo monthly archives. https://zenodo.org/records/3378728. CC0 1.0.,TESS station stars256; photometric inflection method; night median MSAS=18.63; MSAS at inflection=16.96; depression=9.37°; smoothing=5-pt median; dark rows=536
isha,2020-08-24,19:26,0,38.905761,1.429222,0.0,Zamorano J. et al. (2019). TESS-W sky brightness network. Zenodo monthly archives. https://zenodo.org/records/3378728. CC0 1.0.,TESS station stars256; photometric inflection method; night median MSAS=18.77; MSAS at inflection=17.48; depression=10.08°; smoothing=5-pt median; dark rows=539
fajr,2020-08-25,04:20,0,38.905761,1.429222,0.0,Zamorano J. et al. (2019). TESS-W sky brightness network. Zenodo monthly archives. https://zenodo.org/records/3378728. CC0 1.0.,TESS station stars256; photometric inflection method; night median MSAS=18.77; MSAS at inflection=18.42; depression=11.32°; smoothing=5-pt median; dark rows=539
fajr,2020-08-26,04:32,0,38.905761,1.429222,0.0,Zamorano J. et al. (2019). TESS-W sky brightness network. Zenodo monthly archives. https://zenodo.org/records/3378728. CC0 1.0.,TESS station stars256; photometric inflection method; night median MSAS=18.93; MSAS at inflection=16.83; depression=9.24°; smoothing=5-pt median; dark rows=542
isha,2020-08-27,19:20,0,38.905761,1.429222,0.0,Zamorano J. et al. (2019). TESS-W sky brightness network. Zenodo monthly archives. https://zenodo.org/records/3378728. CC0 1.0.,TESS station stars256; photometric inflection method; night median MSAS=18.01; MSAS at inflection=17.29; depression=9.91°; smoothing=5-pt median; dark rows=543
isha,2020-08-29,20:04,0,38.905761,1.429222,0.0,Zamorano J. et al. (2019). TESS-W sky brightness network. Zenodo monthly archives. https://zenodo.org/records/3378728. CC0 1.0.,TESS station stars256; photometric inflection method; night median MSAS=18.43; MSAS at inflection=15.98; depression=18.37°; smoothing=5-pt median; dark rows=479
fajr,2020-08-30,04:27,0,38.905761,1.429222,0.0,Zamorano J. et al. (2019). TESS-W sky brightness network. Zenodo monthly archives. https://zenodo.org/records/3378728. CC0 1.0.,TESS station stars256; photometric inflection method; night median MSAS=18.43; MSAS at inflection=18.49; depression=10.99°; smoothing=5-pt median; dark rows=479
isha,2020-08-30,19:15,0,38.905761,1.429222,0.0,Zamorano J. et al. (2019). TESS-W sky brightness network. Zenodo monthly archives. https://zenodo.org/records/3378728. CC0 1.0.,TESS station stars256; photometric inflection method; night median MSAS=18.32; MSAS at inflection=17.24; depression=9.86°; smoothing=5-pt median; dark rows=556
isha,2020-08-01,23:03,0,55.441199,-1.989266,0.0,Zamorano J. et al. (2019). TESS-W sky brightness network. Zenodo monthly archives. https://zenodo.org/records/3378728. CC0 1.0.,TESS station stars259; photometric inflection method; night median MSAS=19.62; MSAS at inflection=18.78; depression=15.33°; smoothing=5-pt median; dark rows=301
fajr,2020-08-02,00:28,0,55.441199,-1.989266,0.0,Zamorano J. et al. (2019). TESS-W sky brightness network. Zenodo monthly archives. https://zenodo.org/records/3378728. CC0 1.0.,TESS station stars259; photometric inflection method; night median MSAS=19.62; MSAS at inflection=20.10; depression=16.81°; smoothing=5-pt median; dark rows=301
isha,2020-08-02,21:33,0,55.441199,-1.989266,0.0,Zamorano J. et al. (2019). TESS-W sky brightness network. Zenodo monthly archives. https://zenodo.org/records/3378728. CC0 1.0.,TESS station stars259; photometric inflection method; night median MSAS=18.63; MSAS at inflection=17.22; depression=9.59°; smoothing=5-pt median; dark rows=308
fajr,2020-08-03,01:42,0,55.441199,-1.989266,0.0,Zamorano J. et al. (2019). TESS-W sky brightness network. Zenodo monthly archives. https://zenodo.org/records/3378728. CC0 1.0.,TESS station stars259; photometric inflection method; night median MSAS=18.63; MSAS at inflection=19.41; depression=14.78°; smoothing=5-pt median; dark rows=308
fajr,2020-08-04,01:38,0,55.441199,-1.989266,0.0,Zamorano J. et al. (2019). TESS-W sky brightness network. Zenodo monthly archives. https://zenodo.org/records/3378728. CC0 1.0.,TESS station stars259; photometric inflection method; night median MSAS=18.54; MSAS at inflection=18.56; depression=15.22°; smoothing=5-pt median; dark rows=310
isha,2020-08-04,21:29,0,55.441199,-1.989266,0.0,Zamorano J. et al. (2019). TESS-W sky brightness network. Zenodo monthly archives. https://zenodo.org/records/3378728. CC0 1.0.,TESS station stars259; photometric inflection method; night median MSAS=18.88; MSAS at inflection=17.88; depression=9.71°; smoothing=5-pt median; dark rows=320
isha,2020-08-05,23:27,0,55.441199,-1.989266,0.0,Zamorano J. et al. (2019). TESS-W sky brightness network. Zenodo monthly archives. https://zenodo.org/records/3378728. CC0 1.0.,TESS station stars259; photometric inflection method; night median MSAS=18.84; MSAS at inflection=19.24; depression=17.27°; smoothing=5-pt median; dark rows=324
fajr,2020-08-06,01:28,0,55.441199,-1.989266,0.0,Zamorano J. et al. (2019). TESS-W sky brightness network. Zenodo monthly archives. https://zenodo.org/records/3378728. CC0 1.0.,TESS station stars259; photometric inflection method; night median MSAS=18.84; MSAS at inflection=18.61; depression=16.23°; smoothing=5-pt median; dark rows=324
fajr,2020-08-07,02:24,0,55.441199,-1.989266,0.0,Zamorano J. et al. (2019). TESS-W sky brightness network. Zenodo monthly archives. https://zenodo.org/records/3378728. CC0 1.0.,TESS station stars259; photometric inflection method; night median MSAS=19.93; MSAS at inflection=19.76; depression=13.13°; smoothing=5-pt median; dark rows=331
fajr,2020-08-08,02:05,0,55.441199,-1.989266,0.0,Zamorano J. et al. (2019). TESS-W sky brightness network. Zenodo monthly archives. https://zenodo.org/records/3378728. CC0 1.0.,TESS station stars259; photometric inflection method; night median MSAS=20.17; MSAS at inflection=20.02; depression=14.73°; smoothing=5-pt median; dark rows=337
isha,2020-08-08,21:34,0,55.441199,-1.989266,0.0,Zamorano J. et al. (2019). TESS-W sky brightness network. Zenodo monthly archives. https://zenodo.org/records/3378728. CC0 1.0.,TESS station stars259; photometric inflection method; night median MSAS=19.96; MSAS at inflection=19.42; depression=11.30°; smoothing=5-pt median; dark rows=340
fajr,2020-08-09,02:01,0,55.441199,-1.989266,0.0,Zamorano J. et al. (2019). TESS-W sky brightness network. Zenodo monthly archives. https://zenodo.org/records/3378728. CC0 1.0.,TESS station stars259; photometric inflection method; night median MSAS=19.96; MSAS at inflection=19.28; depression=15.23°; smoothing=5-pt median; dark rows=340
isha,2020-08-09,22:42,0,55.441199,-1.989266,0.0,Zamorano J. et al. (2019). TESS-W sky brightness network. Zenodo monthly archives. https://zenodo.org/records/3378728. CC0 1.0.,TESS station stars259; photometric inflection method; night median MSAS=20.00; MSAS at inflection=21.13; depression=16.51°; smoothing=5-pt median; dark rows=348
fajr,2020-08-11,00:22,0,55.441199,-1.989266,0.0,Zamorano J. et al. (2019). TESS-W sky brightness network. Zenodo monthly archives. https://zenodo.org/records/3378728. CC0 1.0.,TESS station stars259; photometric inflection method; night median MSAS=19.78; MSAS at inflection=19.91; depression=19.35°; smoothing=5-pt median; dark rows=353
isha,2020-08-11,23:49,0,55.441199,-1.989266,0.0,Zamorano J. et al. (2019). TESS-W sky brightness network. Zenodo monthly archives. https://zenodo.org/records/3378728. CC0 1.0.,TESS station stars259; photometric inflection method; night median MSAS=20.40; MSAS at inflection=20.89; depression=19.50°; smoothing=5-pt median; dark rows=357
fajr,2020-08-12,01:30,0,55.441199,-1.989266,0.0,Zamorano J. et al. (2019). TESS-W sky brightness network. Zenodo monthly archives. https://zenodo.org/records/3378728. CC0 1.0.,TESS station stars259; photometric inflection method; night median MSAS=20.40; MSAS at inflection=20.28; depression=17.82°; smoothing=5-pt median; dark rows=357
fajr,2020-08-14,00:24,0,55.441199,-1.989266,0.0,Zamorano J. et al. (2019). TESS-W sky brightness network. Zenodo monthly archives. https://zenodo.org/records/3378728. CC0 1.0.,TESS station stars259; photometric inflection method; night median MSAS=22.07; MSAS at inflection=22.38; depression=20.24°; smoothing=5-pt median; dark rows=368
isha,2020-08-15,22:23,0,55.441199,-1.989266,0.0,Zamorano J. et al. (2019). TESS-W sky brightness network. Zenodo monthly archives. https://zenodo.org/records/3378728. CC0 1.0.,TESS station stars259; photometric inflection method; night median MSAS=22.41; MSAS at inflection=22.11; depression=17.21°; smoothing=5-pt median; dark rows=379
fajr,2020-08-16,02:40,0,55.441199,-1.989266,0.0,Zamorano J. et al. (2019). TESS-W sky brightness network. Zenodo monthly archives. https://zenodo.org/records/3378728. CC0 1.0.,TESS station stars259; photometric inflection method; night median MSAS=22.41; MSAS at inflection=22.06; depression=14.26°; smoothing=5-pt median; dark rows=379
isha,2020-08-17,00:07,0,55.441199,-1.989266,0.0,Zamorano J. et al. (2019). TESS-W sky brightness network. Zenodo monthly archives. https://zenodo.org/records/3378728. CC0 1.0.,TESS station stars259; photometric inflection method; night median MSAS=22.77; MSAS at inflection=23.10; depression=21.22°; smoothing=5-pt median; dark rows=293
isha,2020-08-18,21:22,0,55.441199,-1.989266,0.0,Zamorano J. et al. (2019). TESS-W sky brightness network. Zenodo monthly archives. https://zenodo.org/records/3378728. CC0 1.0.,TESS station stars259; photometric inflection method; night median MSAS=21.80; MSAS at inflection=20.62; depression=13.15°; smoothing=5-pt median; dark rows=396
isha,2020-08-19,23:25,0,55.441199,-1.989266,0.0,Zamorano J. et al. (2019). TESS-W sky brightness network. Zenodo monthly archives. https://zenodo.org/records/3378728. CC0 1.0.,TESS station stars259; photometric inflection method; night median MSAS=22.25; MSAS at inflection=23.06; depression=21.52°; smoothing=5-pt median; dark rows=252
fajr,2020-08-21,03:03,0,55.441199,-1.989266,0.0,Zamorano J. et al. (2019). TESS-W sky brightness network. Zenodo monthly archives. https://zenodo.org/records/3378728. CC0 1.0.,TESS station stars259; photometric inflection method; night median MSAS=21.41; MSAS at inflection=20.94; depression=13.56°; smoothing=5-pt median; dark rows=406
isha,2020-08-22,21:15,0,55.441199,-1.989266,0.0,Zamorano J. et al. (2019). TESS-W sky brightness network. Zenodo monthly archives. https://zenodo.org/records/3378728. CC0 1.0.,TESS station stars259; photometric inflection method; night median MSAS=21.55; MSAS at inflection=21.07; depression=13.82°; smoothing=5-pt median; dark rows=420
fajr,2020-08-23,01:29,0,55.441199,-1.989266,0.0,Zamorano J. et al. (2019). TESS-W sky brightness network. Zenodo monthly archives. https://zenodo.org/records/3378728. CC0 1.0.,TESS station stars259; photometric inflection method; night median MSAS=21.55; MSAS at inflection=21.55; depression=21.21°; smoothing=5-pt median; dark rows=420
isha,2020-08-23,20:58,0,55.441199,-1.989266,0.0,Zamorano J. et al. (2019). TESS-W sky brightness network. Zenodo monthly archives. https://zenodo.org/records/3378728. CC0 1.0.,TESS station stars259; photometric inflection method; night median MSAS=22.01; MSAS at inflection=20.33; depression=12.43°; smoothing=5-pt median; dark rows=425
fajr,2020-08-24,01:54,0,55.441199,-1.989266,0.0,Zamorano J. et al. (2019). TESS-W sky brightness network. Zenodo monthly archives. https://zenodo.org/records/3378728. CC0 1.0.,TESS station stars259; photometric inflection method; night median MSAS=22.01; MSAS at inflection=21.95; depression=20.10°; smoothing=5-pt median; dark rows=425
isha,2020-08-25,20:48,0,55.441199,-1.989266,0.0,Zamorano J. et al. (2019). TESS-W sky brightness network. Zenodo monthly archives. https://zenodo.org/records/3378728. CC0 1.0.,TESS station stars259; photometric inflection method; night median MSAS=22.60; MSAS at inflection=20.15; depression=12.06°; smoothing=5-pt median; dark rows=416
fajr,2020-08-27,03:30,0,55.441199,-1.989266,0.0,Zamorano J. et al. (2019). TESS-W sky brightness network. Zenodo monthly archives. https://zenodo.org/records/3378728. CC0 1.0.,TESS station stars259; photometric inflection method; night median MSAS=21.60; MSAS at inflection=19.83; depression=12.42°; smoothing=5-pt median; dark rows=435
isha,2020-08-27,22:05,0,55.441199,-1.989266,0.0,Zamorano J. et al. (2019). TESS-W sky brightness network. Zenodo monthly archives. https://zenodo.org/records/3378728. CC0 1.0.,TESS station stars259; photometric inflection method; night median MSAS=21.82; MSAS at inflection=21.21; depression=19.98°; smoothing=5-pt median; dark rows=368
isha,2020-08-28,21:42,0,55.441199,-1.989266,0.0,Zamorano J. et al. (2019). TESS-W sky brightness network. Zenodo monthly archives. https://zenodo.org/records/3378728. CC0 1.0.,TESS station stars259; photometric inflection method; night median MSAS=21.41; MSAS at inflection=20.15; depression=18.40°; smoothing=5-pt median; dark rows=424
fajr,2020-08-29,02:32,0,55.441199,-1.989266,0.0,Zamorano J. et al. (2019). TESS-W sky brightness network. Zenodo monthly archives. https://zenodo.org/records/3378728. CC0 1.0.,TESS station stars259; photometric inflection method; night median MSAS=21.41; MSAS at inflection=21.82; depression=18.73°; smoothing=5-pt median; dark rows=424
fajr,2020-08-31,03:52,0,55.441199,-1.989266,0.0,Zamorano J. et al. (2019). TESS-W sky brightness network. Zenodo monthly archives. https://zenodo.org/records/3378728. CC0 1.0.,TESS station stars259; photometric inflection method; night median MSAS=19.94; MSAS at inflection=19.17; depression=11.00°; smoothing=5-pt median; dark rows=458
fajr,2020-08-31,21:56,0,55.441199,-1.989266,0.0,Zamorano J. et al. (2019). TESS-W sky brightness network. Zenodo monthly archives. https://zenodo.org/records/3378728. CC0 1.0.,TESS station stars259; photometric inflection method; night median MSAS=19.52; MSAS at inflection=19.57; depression=20.75°; smoothing=5-pt median; dark rows=224
isha,2020-08-12,20:47,7,52.273888,104.289783,0.0,Zamorano J. et al. (2019). TESS-W sky brightness network. Zenodo monthly archives. https://zenodo.org/records/3378728. CC0 1.0.,TESS station stars268; photometric inflection method; night median MSAS=17.50; MSAS at inflection=17.07; depression=10.34°; smoothing=5-pt median; dark rows=49
fajr,2020-08-12,21:32,7,52.273888,104.289783,0.0,Zamorano J. et al. (2019). TESS-W sky brightness network. Zenodo monthly archives. https://zenodo.org/records/3378728. CC0 1.0.,TESS station stars268; photometric inflection method; night median MSAS=17.50; MSAS at inflection=17.57; depression=15.05°; smoothing=5-pt median; dark rows=49
isha,2020-08-01,18:53,1,-23.272947,16.502827,0.0,Zamorano J. et al. (2019). TESS-W sky brightness network. Zenodo monthly archives. https://zenodo.org/records/3378728. CC0 1.0.,TESS station stars270; photometric inflection method; night median MSAS=17.59; MSAS at inflection=18.01; depression=18.82°; smoothing=5-pt median; dark rows=684
isha,2020-08-04,18:26,1,-23.272947,16.502827,0.0,Zamorano J. et al. (2019). TESS-W sky brightness network. Zenodo monthly archives. https://zenodo.org/records/3378728. CC0 1.0.,TESS station stars270; photometric inflection method; night median MSAS=17.64; MSAS at inflection=19.45; depression=12.55°; smoothing=5-pt median; dark rows=685
isha,2020-08-07,18:28,1,-23.272947,16.502827,0.0,Zamorano J. et al. (2019). TESS-W sky brightness network. Zenodo monthly archives. https://zenodo.org/records/3378728. CC0 1.0.,TESS station stars270; photometric inflection method; night median MSAS=18.98; MSAS at inflection=19.73; depression=12.83°; smoothing=5-pt median; dark rows=682
isha,2020-08-08,18:30,1,-23.272947,16.502827,0.0,Zamorano J. et al. (2019). TESS-W sky brightness network. Zenodo monthly archives. https://zenodo.org/records/3378728. CC0 1.0.,TESS station stars270; photometric inflection method; night median MSAS=19.58; MSAS at inflection=19.98; depression=13.02°; smoothing=5-pt median; dark rows=683
isha,2020-08-09,18:40,1,-23.272947,16.502827,0.0,Zamorano J. et al. (2019). TESS-W sky brightness network. Zenodo monthly archives. https://zenodo.org/records/3378728. CC0 1.0.,TESS station stars270; photometric inflection method; night median MSAS=20.46; MSAS at inflection=20.95; depression=15.20°; smoothing=5-pt median; dark rows=681
isha,2020-08-10,18:29,1,-23.272947,16.502827,0.0,Zamorano J. et al. (2019). TESS-W sky brightness network. Zenodo monthly archives. https://zenodo.org/records/3378728. CC0 1.0.,TESS station stars270; photometric inflection method; night median MSAS=20.70; MSAS at inflection=19.85; depression=12.84°; smoothing=5-pt median; dark rows=680
isha,2020-08-12,18:28,1,-23.272947,16.502827,0.0,Zamorano J. et al. (2019). TESS-W sky brightness network. Zenodo monthly archives. https://zenodo.org/records/3378728. CC0 1.0.,TESS station stars270; photometric inflection method; night median MSAS=21.09; MSAS at inflection=19.50; depression=12.47°; smoothing=5-pt median; dark rows=678
fajr,2020-08-15,05:30,1,-23.272947,16.502827,0.0,Zamorano J. et al. (2019). TESS-W sky brightness network. Zenodo monthly archives. https://zenodo.org/records/3378728. CC0 1.0.,TESS station stars270; photometric inflection method; night median MSAS=21.50; MSAS at inflection=19.14; depression=11.77°; smoothing=5-pt median; dark rows=675
fajr,2020-08-18,05:17,1,-23.272947,16.502827,0.0,Zamorano J. et al. (2019). TESS-W sky brightness network. Zenodo monthly archives. https://zenodo.org/records/3378728. CC0 1.0.,TESS station stars270; photometric inflection method; night median MSAS=21.62; MSAS at inflection=21.18; depression=14.28°; smoothing=5-pt median; dark rows=672
fajr,2020-08-19,04:49,1,-23.272947,16.502827,0.0,Zamorano J. et al. (2019). TESS-W sky brightness network. Zenodo monthly archives. https://zenodo.org/records/3378728. CC0 1.0.,TESS station stars270; photometric inflection method; night median MSAS=21.59; MSAS at inflection=21.74; depression=20.33°; smoothing=5-pt median; dark rows=640
fajr,2020-08-23,05:24,1,-23.272947,16.502827,0.0,Zamorano J. et al. (2019). TESS-W sky brightness network. Zenodo monthly archives. https://zenodo.org/records/3378728. CC0 1.0.,TESS station stars270; photometric inflection method; night median MSAS=21.73; MSAS at inflection=19.30; depression=11.69°; smoothing=5-pt median; dark rows=664
fajr,2020-08-27,05:06,1,-23.272947,16.502827,0.0,Zamorano J. et al. (2019). TESS-W sky brightness network. Zenodo monthly archives. https://zenodo.org/records/3378728. CC0 1.0.,TESS station stars270; photometric inflection method; night median MSAS=19.79; MSAS at inflection=21.33; depression=14.95°; smoothing=5-pt median; dark rows=628
fajr,2020-08-28,05:20,1,-23.272947,16.502827,0.0,Zamorano J. et al. (2019). TESS-W sky brightness network. Zenodo monthly archives. https://zenodo.org/records/3378728. CC0 1.0.,TESS station stars270; photometric inflection method; night median MSAS=19.09; MSAS at inflection=19.41; depression=11.64°; smoothing=5-pt median; dark rows=662
isha,2020-08-28,18:28,1,-23.272947,16.502827,0.0,Zamorano J. et al. (2019). TESS-W sky brightness network. Zenodo monthly archives. https://zenodo.org/records/3378728. CC0 1.0.,TESS station stars270; photometric inflection method; night median MSAS=18.57; MSAS at inflection=17.07; depression=11.37°; smoothing=5-pt median; dark rows=660
fajr,2020-08-29,05:20,1,-23.272947,16.502827,0.0,Zamorano J. et al. (2019). TESS-W sky brightness network. Zenodo monthly archives. https://zenodo.org/records/3378728. CC0 1.0.,TESS station stars270; photometric inflection method; night median MSAS=18.57; MSAS at inflection=19.39; depression=11.57°; smoothing=5-pt median; dark rows=660
fajr,2020-08-30,05:19,1,-23.272947,16.502827,0.0,Zamorano J. et al. (2019). TESS-W sky brightness network. Zenodo monthly archives. https://zenodo.org/records/3378728. CC0 1.0.,TESS station stars270; photometric inflection method; night median MSAS=17.98; MSAS at inflection=19.18; depression=11.45°; smoothing=5-pt median; dark rows=660
fajr,2020-08-31,04:37,1,-23.272947,16.502827,0.0,Zamorano J. et al. (2019). TESS-W sky brightness network. Zenodo monthly archives. https://zenodo.org/records/3378728. CC0 1.0.,TESS station stars270; photometric inflection method; night median MSAS=17.73; MSAS at inflection=20.20; depression=20.91°; smoothing=5-pt median; dark rows=659
isha,2020-08-03,20:31,0,38.742524,-7.210018,0.0,Zamorano J. et al. (2019). TESS-W sky brightness network. Zenodo monthly archives. https://zenodo.org/records/3378728. CC0 1.0.,TESS station stars271; photometric inflection method; night median MSAS=17.62; MSAS at inflection=16.91; depression=10.17°; smoothing=5-pt median; dark rows=490
fajr,2020-08-04,04:43,0,38.742524,-7.210018,0.0,Zamorano J. et al. (2019). TESS-W sky brightness network. Zenodo monthly archives. https://zenodo.org/records/3378728. CC0 1.0.,TESS station stars271; photometric inflection method; night median MSAS=17.62; MSAS at inflection=16.55; depression=9.51°; smoothing=5-pt median; dark rows=490
isha,2020-08-04,20:30,0,38.742524,-7.210018,0.0,Zamorano J. et al. (2019). TESS-W sky brightness network. Zenodo monthly archives. https://zenodo.org/records/3378728. CC0 1.0.,TESS station stars271; photometric inflection method; night median MSAS=17.88; MSAS at inflection=17.50; depression=10.32°; smoothing=5-pt median; dark rows=491
isha,2020-08-06,03:50,0,38.742524,-7.210018,0.0,Zamorano J. et al. (2019). TESS-W sky brightness network. Zenodo monthly archives. https://zenodo.org/records/3378728. CC0 1.0.,TESS station stars271; photometric inflection method; night median MSAS=17.83; MSAS at inflection=17.85; depression=18.15°; smoothing=5-pt median; dark rows=105
fajr,2020-08-06,04:41,0,38.742524,-7.210018,0.0,Zamorano J. et al. (2019). TESS-W sky brightness network. Zenodo monthly archives. https://zenodo.org/records/3378728. CC0 1.0.,TESS station stars271; photometric inflection method; night median MSAS=17.83; MSAS at inflection=17.07; depression=10.06°; smoothing=5-pt median; dark rows=105
isha,2020-08-06,20:16,0,38.742524,-7.210018,0.0,Zamorano J. et al. (2019). TESS-W sky brightness network. Zenodo monthly archives. https://zenodo.org/records/3378728. CC0 1.0.,TESS station stars271; photometric inflection method; night median MSAS=18.14; MSAS at inflection=15.80; depression=8.31°; smoothing=5-pt median; dark rows=497
isha,2020-08-07,20:26,0,38.742524,-7.210018,0.0,Zamorano J. et al. (2019). TESS-W sky brightness network. Zenodo monthly archives. https://zenodo.org/records/3378728. CC0 1.0.,TESS station stars271; photometric inflection method; night median MSAS=18.18; MSAS at inflection=17.58; depression=10.27°; smoothing=5-pt median; dark rows=498
fajr,2020-08-10,04:53,0,38.742524,-7.210018,0.0,Zamorano J. et al. (2019). TESS-W sky brightness network. Zenodo monthly archives. https://zenodo.org/records/3378728. CC0 1.0.,TESS station stars271; photometric inflection method; night median MSAS=18.64; MSAS at inflection=16.69; depression=8.83°; smoothing=5-pt median; dark rows=503
isha,2020-08-10,20:17,0,38.742524,-7.210018,0.0,Zamorano J. et al. (2019). TESS-W sky brightness network. Zenodo monthly archives. https://zenodo.org/records/3378728. CC0 1.0.,TESS station stars271; photometric inflection method; night median MSAS=18.77; MSAS at inflection=17.25; depression=9.47°; smoothing=5-pt median; dark rows=504
isha,2020-08-14,20:16,0,38.742524,-7.210018,0.0,Zamorano J. et al. (2019). TESS-W sky brightness network. Zenodo monthly archives. https://zenodo.org/records/3378728. CC0 1.0.,TESS station stars271; photometric inflection method; night median MSAS=18.97; MSAS at inflection=17.37; depression=10.23°; smoothing=5-pt median; dark rows=516
fajr,2020-08-16,04:43,0,38.742524,-7.210018,0.0,Zamorano J. et al. (2019). TESS-W sky brightness network. Zenodo monthly archives. https://zenodo.org/records/3378728. CC0 1.0.,TESS station stars271; photometric inflection method; night median MSAS=18.96; MSAS at inflection=18.38; depression=11.56°; smoothing=5-pt median; dark rows=519
isha,2020-08-16,20:37,0,38.742524,-7.210018,0.0,Zamorano J. et al. (2019). TESS-W sky brightness network. Zenodo monthly archives. https://zenodo.org/records/3378728. CC0 1.0.,TESS station stars271; photometric inflection method; night median MSAS=18.95; MSAS at inflection=18.88; depression=14.38°; smoothing=5-pt median; dark rows=518
fajr,2020-08-20,04:53,0,38.742524,-7.210018,0.0,Zamorano J. et al. (2019). TESS-W sky brightness network. Zenodo monthly archives. https://zenodo.org/records/3378728. CC0 1.0.,TESS station stars271; photometric inflection method; night median MSAS=18.95; MSAS at inflection=17.08; depression=10.60°; smoothing=5-pt median; dark rows=528
isha,2020-08-21,20:32,0,38.742524,-7.210018,0.0,Zamorano J. et al. (2019). TESS-W sky brightness network. Zenodo monthly archives. https://zenodo.org/records/3378728. CC0 1.0.,TESS station stars271; photometric inflection method; night median MSAS=18.94; MSAS at inflection=18.85; depression=14.88°; smoothing=5-pt median; dark rows=533
isha,2020-08-26,19:55,0,38.742524,-7.210018,0.0,Zamorano J. et al. (2019). TESS-W sky brightness network. Zenodo monthly archives. https://zenodo.org/records/3378728. CC0 1.0.,TESS station stars271; photometric inflection method; night median MSAS=18.89; MSAS at inflection=17.07; depression=9.78°; smoothing=5-pt median; dark rows=546
isha,2020-08-30,19:43,0,38.742524,-7.210018,0.0,Zamorano J. et al. (2019). TESS-W sky brightness network. Zenodo monthly archives. https://zenodo.org/records/3378728. CC0 1.0.,TESS station stars271; photometric inflection method; night median MSAS=18.11; MSAS at inflection=16.19; depression=8.80°; smoothing=5-pt median; dark rows=557
isha,2020-08-01,20:27,0,39.072806,-3.609205,0.0,Zamorano J. et al. (2019). TESS-W sky brightness network. Zenodo monthly archives. https://zenodo.org/records/3378728. CC0 1.0.,TESS station stars272; photometric inflection method; night median MSAS=18.33; MSAS at inflection=18.00; depression=11.36°; smoothing=5-pt median; dark rows=469
fajr,2020-08-02,04:18,0,39.072806,-3.609205,0.0,Zamorano J. et al. (2019). TESS-W sky brightness network. Zenodo monthly archives. https://zenodo.org/records/3378728. CC0 1.0.,TESS station stars272; photometric inflection method; night median MSAS=18.33; MSAS at inflection=18.45; depression=10.68°; smoothing=5-pt median; dark rows=469
isha,2020-08-03,20:08,0,39.072806,-3.609205,0.0,Zamorano J. et al. (2019). TESS-W sky brightness network. Zenodo monthly archives. https://zenodo.org/records/3378728. CC0 1.0.,TESS station stars272; photometric inflection method; night median MSAS=17.93; MSAS at inflection=16.73; depression=8.70°; smoothing=5-pt median; dark rows=479
fajr,2020-08-04,21:18,0,39.072806,-3.609205,0.0,Zamorano J. et al. (2019). TESS-W sky brightness network. Zenodo monthly archives. https://zenodo.org/records/3378728. CC0 1.0.,TESS station stars272; photometric inflection method; night median MSAS=18.62; MSAS at inflection=19.00; depression=19.69°; smoothing=5-pt median; dark rows=172
fajr,2020-08-07,04:36,0,39.072806,-3.609205,0.0,Zamorano J. et al. (2019). TESS-W sky brightness network. Zenodo monthly archives. https://zenodo.org/records/3378728. CC0 1.0.,TESS station stars272; photometric inflection method; night median MSAS=18.31; MSAS at inflection=16.19; depression=8.56°; smoothing=5-pt median; dark rows=489
fajr,2020-08-08,04:37,0,39.072806,-3.609205,0.0,Zamorano J. et al. (2019). TESS-W sky brightness network. Zenodo monthly archives. https://zenodo.org/records/3378728. CC0 1.0.,TESS station stars272; photometric inflection method; night median MSAS=18.61; MSAS at inflection=16.31; depression=8.62°; smoothing=5-pt median; dark rows=487
isha,2020-08-08,20:03,0,39.072806,-3.609205,0.0,Zamorano J. et al. (2019). TESS-W sky brightness network. Zenodo monthly archives. https://zenodo.org/records/3378728. CC0 1.0.,TESS station stars272; photometric inflection method; night median MSAS=18.95; MSAS at inflection=16.59; depression=8.79°; smoothing=5-pt median; dark rows=490
isha,2020-08-09,21:23,0,39.072806,-3.609205,0.0,Zamorano J. et al. (2019). TESS-W sky brightness network. Zenodo monthly archives. https://zenodo.org/records/3378728. CC0 1.0.,TESS station stars272; photometric inflection method; night median MSAS=19.11; MSAS at inflection=19.29; depression=21.61°; smoothing=5-pt median; dark rows=493
fajr,2020-08-10,04:27,0,39.072806,-3.609205,0.0,Zamorano J. et al. (2019). TESS-W sky brightness network. Zenodo monthly archives. https://zenodo.org/records/3378728. CC0 1.0.,TESS station stars272; photometric inflection method; night median MSAS=19.11; MSAS at inflection=17.53; depression=10.63°; smoothing=5-pt median; dark rows=493
fajr,2020-08-11,04:38,0,39.072806,-3.609205,0.0,Zamorano J. et al. (2019). TESS-W sky brightness network. Zenodo monthly archives. https://zenodo.org/records/3378728. CC0 1.0.,TESS station stars272; photometric inflection method; night median MSAS=19.04; MSAS at inflection=16.93; depression=8.97°; smoothing=5-pt median; dark rows=489
isha,2020-08-11,21:01,0,39.072806,-3.609205,0.0,Zamorano J. et al. (2019). TESS-W sky brightness network. Zenodo monthly archives. https://zenodo.org/records/3378728. CC0 1.0.,TESS station stars272; photometric inflection method; night median MSAS=19.56; MSAS at inflection=19.45; depression=18.93°; smoothing=5-pt median; dark rows=497
fajr,2020-08-14,04:32,0,39.072806,-3.609205,0.0,Zamorano J. et al. (2019). TESS-W sky brightness network. Zenodo monthly archives. https://zenodo.org/records/3378728. CC0 1.0.,TESS station stars272; photometric inflection method; night median MSAS=19.97; MSAS at inflection=18.07; depression=10.46°; smoothing=5-pt median; dark rows=504
isha,2020-08-14,20:22,0,39.072806,-3.609205,0.0,Zamorano J. et al. (2019). TESS-W sky brightness network. Zenodo monthly archives. https://zenodo.org/records/3378728. CC0 1.0.,TESS station stars272; photometric inflection method; night median MSAS=20.09; MSAS at inflection=19.51; depression=13.58°; smoothing=5-pt median; dark rows=511
fajr,2020-08-16,04:23,0,39.072806,-3.609205,0.0,Zamorano J. et al. (2019). TESS-W sky brightness network. Zenodo monthly archives. https://zenodo.org/records/3378728. CC0 1.0.,TESS station stars272; photometric inflection method; night median MSAS=20.21; MSAS at inflection=19.66; depression=12.50°; smoothing=5-pt median; dark rows=504
isha,2020-08-16,19:59,0,39.072806,-3.609205,0.0,Zamorano J. et al. (2019). TESS-W sky brightness network. Zenodo monthly archives. https://zenodo.org/records/3378728. CC0 1.0.,TESS station stars272; photometric inflection method; night median MSAS=20.27; MSAS at inflection=18.15; depression=10.21°; smoothing=5-pt median; dark rows=511
fajr,2020-08-20,04:32,0,39.072806,-3.609205,0.0,Zamorano J. et al. (2019). TESS-W sky brightness network. Zenodo monthly archives. https://zenodo.org/records/3378728. CC0 1.0.,TESS station stars272; photometric inflection method; night median MSAS=20.22; MSAS at inflection=19.15; depression=11.72°; smoothing=5-pt median; dark rows=519
isha,2020-08-20,20:14,0,39.072806,-3.609205,0.0,Zamorano J. et al. (2019). TESS-W sky brightness network. Zenodo monthly archives. https://zenodo.org/records/3378728. CC0 1.0.,TESS station stars272; photometric inflection method; night median MSAS=20.18; MSAS at inflection=19.63; depression=13.85°; smoothing=5-pt median; dark rows=522
fajr,2020-08-21,04:24,0,39.072806,-3.609205,0.0,Zamorano J. et al. (2019). TESS-W sky brightness network. Zenodo monthly archives. https://zenodo.org/records/3378728. CC0 1.0.,TESS station stars272; photometric inflection method; night median MSAS=20.18; MSAS at inflection=19.90; depression=13.16°; smoothing=5-pt median; dark rows=522
isha,2020-08-21,19:57,0,39.072806,-3.609205,0.0,Zamorano J. et al. (2019). TESS-W sky brightness network. Zenodo monthly archives. https://zenodo.org/records/3378728. CC0 1.0.,TESS station stars272; photometric inflection method; night median MSAS=20.25; MSAS at inflection=18.58; depression=11.09°; smoothing=5-pt median; dark rows=521
isha,2020-08-22,20:43,0,39.072806,-3.609205,0.0,Zamorano J. et al. (2019). TESS-W sky brightness network. Zenodo monthly archives. https://zenodo.org/records/3378728. CC0 1.0.,TESS station stars272; photometric inflection method; night median MSAS=20.22; MSAS at inflection=19.80; depression=19.29°; smoothing=5-pt median; dark rows=521
isha,2020-08-24,19:47,0,39.072806,-3.609205,0.0,Zamorano J. et al. (2019). TESS-W sky brightness network. Zenodo monthly archives. https://zenodo.org/records/3378728. CC0 1.0.,TESS station stars272; photometric inflection method; night median MSAS=20.12; MSAS at inflection=17.75; depression=10.15°; smoothing=5-pt median; dark rows=529
fajr,2020-08-25,04:40,0,39.072806,-3.609205,0.0,Zamorano J. et al. (2019). TESS-W sky brightness network. Zenodo monthly archives. https://zenodo.org/records/3378728. CC0 1.0.,TESS station stars272; photometric inflection method; night median MSAS=20.12; MSAS at inflection=18.78; depression=11.29°; smoothing=5-pt median; dark rows=529
fajr,2020-08-26,04:28,0,39.072806,-3.609205,0.0,Zamorano J. et al. (2019). TESS-W sky brightness network. Zenodo monthly archives. https://zenodo.org/records/3378728. CC0 1.0.,TESS station stars272; photometric inflection method; night median MSAS=20.08; MSAS at inflection=19.86; depression=13.43°; smoothing=5-pt median; dark rows=534
isha,2020-08-26,19:44,0,39.072806,-3.609205,0.0,Zamorano J. et al. (2019). TESS-W sky brightness network. Zenodo monthly archives. https://zenodo.org/records/3378728. CC0 1.0.,TESS station stars272; photometric inflection method; night median MSAS=20.12; MSAS at inflection=17.85; depression=10.34°; smoothing=5-pt median; dark rows=532
fajr,2020-08-27,04:30,0,39.072806,-3.609205,0.0,Zamorano J. et al. (2019). TESS-W sky brightness network. Zenodo monthly archives. https://zenodo.org/records/3378728. CC0 1.0.,TESS station stars272; photometric inflection method; night median MSAS=20.12; MSAS at inflection=19.94; depression=13.33°; smoothing=5-pt median; dark rows=532
fajr,2020-08-28,04:31,0,39.072806,-3.609205,0.0,Zamorano J. et al. (2019). TESS-W sky brightness network. Zenodo monthly archives. https://zenodo.org/records/3378728. CC0 1.0.,TESS station stars272; photometric inflection method; night median MSAS=19.52; MSAS at inflection=19.95; depression=13.35°; smoothing=5-pt median; dark rows=541
isha,2020-08-28,19:42,0,39.072806,-3.609205,0.0,Zamorano J. et al. (2019). TESS-W sky brightness network. Zenodo monthly archives. https://zenodo.org/records/3378728. CC0 1.0.,TESS station stars272; photometric inflection method; night median MSAS=19.55; MSAS at inflection=17.93; depression=10.44°; smoothing=5-pt median; dark rows=539
isha,2020-08-29,19:38,0,39.072806,-3.609205,0.0,Zamorano J. et al. (2019). TESS-W sky brightness network. Zenodo monthly archives. https://zenodo.org/records/3378728. CC0 1.0.,TESS station stars272; photometric inflection method; night median MSAS=19.11; MSAS at inflection=17.68; depression=10.06°; smoothing=5-pt median; dark rows=547
fajr,2020-08-30,04:40,0,39.072806,-3.609205,0.0,Zamorano J. et al. (2019). TESS-W sky brightness network. Zenodo monthly archives. https://zenodo.org/records/3378728. CC0 1.0.,TESS station stars272; photometric inflection method; night median MSAS=19.11; MSAS at inflection=19.66; depression=12.12°; smoothing=5-pt median; dark rows=547
isha,2020-08-30,19:37,0,39.072806,-3.609205,0.0,Zamorano J. et al. (2019). TESS-W sky brightness network. Zenodo monthly archives. https://zenodo.org/records/3378728. CC0 1.0.,TESS station stars272; photometric inflection method; night median MSAS=18.61; MSAS at inflection=17.68; depression=10.20°; smoothing=5-pt median; dark rows=549
fajr,2020-08-31,04:53,0,39.072806,-3.609205,0.0,Zamorano J. et al. (2019). TESS-W sky brightness network. Zenodo monthly archives. https://zenodo.org/records/3378728. CC0 1.0.,TESS station stars272; photometric inflection method; night median MSAS=18.61; MSAS at inflection=18.13; depression=10.06°; smoothing=5-pt median; dark rows=549
fajr,2020-08-06,05:55,9,-30.812842,138.412425,0.0,Zamorano J. et al. (2019). TESS-W sky brightness network. Zenodo monthly archives. https://zenodo.org/records/3378728. CC0 1.0.,TESS station stars274; photometric inflection method; night median MSAS=17.58; MSAS at inflection=16.77; depression=7.70°; smoothing=5-pt median; dark rows=697
fajr,2020-08-07,04:59,9,-30.812842,138.412425,0.0,Zamorano J. et al. (2019). TESS-W sky brightness network. Zenodo monthly archives. https://zenodo.org/records/3378728. CC0 1.0.,TESS station stars274; photometric inflection method; night median MSAS=17.52; MSAS at inflection=17.58; depression=19.39°; smoothing=5-pt median; dark rows=689
fajr,2020-08-08,05:14,9,-30.812842,138.412425,0.0,Zamorano J. et al. (2019). TESS-W sky brightness network. Zenodo monthly archives. https://zenodo.org/records/3378728. CC0 1.0.,TESS station stars274; photometric inflection method; night median MSAS=18.14; MSAS at inflection=17.72; depression=16.03°; smoothing=5-pt median; dark rows=692
isha,2020-08-08,18:10,9,-30.812842,138.412425,0.0,Zamorano J. et al. (2019). TESS-W sky brightness network. Zenodo monthly archives. https://zenodo.org/records/3378728. CC0 1.0.,TESS station stars274; photometric inflection method; night median MSAS=18.45; MSAS at inflection=19.94; depression=11.91°; smoothing=5-pt median; dark rows=692
isha,2020-08-09,18:28,9,-30.812842,138.412425,0.0,Zamorano J. et al. (2019). TESS-W sky brightness network. Zenodo monthly archives. https://zenodo.org/records/3378728. CC0 1.0.,TESS station stars274; photometric inflection method; night median MSAS=20.09; MSAS at inflection=21.06; depression=15.69°; smoothing=5-pt median; dark rows=690
fajr,2020-08-10,05:08,9,-30.812842,138.412425,0.0,Zamorano J. et al. (2019). TESS-W sky brightness network. Zenodo monthly archives. https://zenodo.org/records/3378728. CC0 1.0.,TESS station stars274; photometric inflection method; night median MSAS=20.09; MSAS at inflection=18.88; depression=16.94°; smoothing=5-pt median; dark rows=690
isha,2020-08-10,18:10,9,-30.812842,138.412425,0.0,Zamorano J. et al. (2019). TESS-W sky brightness network. Zenodo monthly archives. https://zenodo.org/records/3378728. CC0 1.0.,TESS station stars274; photometric inflection method; night median MSAS=20.75; MSAS at inflection=19.43; depression=11.68°; smoothing=5-pt median; dark rows=687
fajr,2020-08-11,04:52,9,-30.812842,138.412425,0.0,Zamorano J. et al. (2019). TESS-W sky brightness network. Zenodo monthly archives. https://zenodo.org/records/3378728. CC0 1.0.,TESS station stars274; photometric inflection method; night median MSAS=20.75; MSAS at inflection=19.06; depression=20.20°; smoothing=5-pt median; dark rows=687
isha,2020-08-11,18:23,9,-30.812842,138.412425,0.0,Zamorano J. et al. (2019). TESS-W sky brightness network. Zenodo monthly archives. https://zenodo.org/records/3378728. CC0 1.0.,TESS station stars274; photometric inflection method; night median MSAS=20.91; MSAS at inflection=20.77; depression=14.45°; smoothing=5-pt median; dark rows=687
isha,2020-08-13,18:18,9,-30.812842,138.412425,0.0,Zamorano J. et al. (2019). TESS-W sky brightness network. Zenodo monthly archives. https://zenodo.org/records/3378728. CC0 1.0.,TESS station stars274; photometric inflection method; night median MSAS=21.99; MSAS at inflection=22.00; depression=13.11°; smoothing=5-pt median; dark rows=634
isha,2020-08-16,18:53,9,-30.812842,138.412425,0.0,Zamorano J. et al. (2019). TESS-W sky brightness network. Zenodo monthly archives. https://zenodo.org/records/3378728. CC0 1.0.,TESS station stars274; photometric inflection method; night median MSAS=21.75; MSAS at inflection=21.24; depression=20.37°; smoothing=5-pt median; dark rows=664
fajr,2020-08-20,05:20,9,-30.812842,138.412425,0.0,Zamorano J. et al. (2019). TESS-W sky brightness network. Zenodo monthly archives. https://zenodo.org/records/3378728. CC0 1.0.,TESS station stars274; photometric inflection method; night median MSAS=21.57; MSAS at inflection=20.05; depression=12.63°; smoothing=5-pt median; dark rows=676
fajr,2020-08-22,05:22,9,-30.812842,138.412425,0.0,Zamorano J. et al. (2019). TESS-W sky brightness network. Zenodo monthly archives. https://zenodo.org/records/3378728. CC0 1.0.,TESS station stars274; photometric inflection method; night median MSAS=21.57; MSAS at inflection=19.20; depression=11.63°; smoothing=5-pt median; dark rows=672
fajr,2020-08-24,05:21,9,-30.812842,138.412425,0.0,Zamorano J. et al. (2019). TESS-W sky brightness network. Zenodo monthly archives. https://zenodo.org/records/3378728. CC0 1.0.,TESS station stars274; photometric inflection method; night median MSAS=21.48; MSAS at inflection=19.03; depression=11.46°; smoothing=5-pt median; dark rows=668
fajr,2020-08-26,05:21,9,-30.812842,138.412425,0.0,Zamorano J. et al. (2019). TESS-W sky brightness network. Zenodo monthly archives. https://zenodo.org/records/3378728. CC0 1.0.,TESS station stars274; photometric inflection method; night median MSAS=21.00; MSAS at inflection=18.58; depression=10.88°; smoothing=5-pt median; dark rows=661
fajr,2020-08-27,05:02,9,-30.812842,138.412425,0.0,Zamorano J. et al. (2019). TESS-W sky brightness network. Zenodo monthly archives. https://zenodo.org/records/3378728. CC0 1.0.,TESS station stars274; photometric inflection method; night median MSAS=20.48; MSAS at inflection=21.40; depression=14.80°; smoothing=5-pt median; dark rows=666
isha,2020-08-29,18:11,9,-30.812842,138.412425,0.0,Zamorano J. et al. (2019). TESS-W sky brightness network. Zenodo monthly archives. https://zenodo.org/records/3378728. CC0 1.0.,TESS station stars274; photometric inflection method; night median MSAS=18.01; MSAS at inflection=17.03; depression=9.86°; smoothing=5-pt median; dark rows=658
fajr,2020-08-30,05:08,9,-30.812842,138.412425,0.0,Zamorano J. et al. (2019). TESS-W sky brightness network. Zenodo monthly archives. https://zenodo.org/records/3378728. CC0 1.0.,TESS station stars274; photometric inflection method; night median MSAS=18.01; MSAS at inflection=20.19; depression=12.75°; smoothing=5-pt median; dark rows=658
isha,2020-08-30,18:02,9,-30.812842,138.412425,0.0,Zamorano J. et al. (2019). TESS-W sky brightness network. Zenodo monthly archives. https://zenodo.org/records/3378728. CC0 1.0.,TESS station stars274; photometric inflection method; night median MSAS=17.71; MSAS at inflection=15.22; depression=7.78°; smoothing=5-pt median; dark rows=656
fajr,2020-08-01,03:55,0,40.6538,-4.057016,0.0,Zamorano J. et al. (2019). TESS-W sky brightness network. Zenodo monthly archives. https://zenodo.org/records/3378728. CC0 1.0.,TESS station stars286; photometric inflection method; night median MSAS=19.04; MSAS at inflection=19.34; depression=13.47°; smoothing=5-pt median; dark rows=240
isha,2020-08-03,21:27,0,40.6538,-4.057016,0.0,Zamorano J. et al. (2019). TESS-W sky brightness network. Zenodo monthly archives. https://zenodo.org/records/3378728. CC0 1.0.,TESS station stars286; photometric inflection method; night median MSAS=18.00; MSAS at inflection=18.11; depression=19.35°; smoothing=5-pt median; dark rows=470
fajr,2020-08-04,04:07,0,40.6538,-4.057016,0.0,Zamorano J. et al. (2019). TESS-W sky brightness network. Zenodo monthly archives. https://zenodo.org/records/3378728. CC0 1.0.,TESS station stars286; photometric inflection method; night median MSAS=18.00; MSAS at inflection=18.51; depression=12.14°; smoothing=5-pt median; dark rows=470
isha,2020-08-04,20:18,0,40.6538,-4.057016,0.0,Zamorano J. et al. (2019). TESS-W sky brightness network. Zenodo monthly archives. https://zenodo.org/records/3378728. CC0 1.0.,TESS station stars286; photometric inflection method; night median MSAS=18.16; MSAS at inflection=16.79; depression=9.34°; smoothing=5-pt median; dark rows=471
fajr,2020-08-05,04:23,0,40.6538,-4.057016,0.0,Zamorano J. et al. (2019). TESS-W sky brightness network. Zenodo monthly archives. https://zenodo.org/records/3378728. CC0 1.0.,TESS station stars286; photometric inflection method; night median MSAS=18.16; MSAS at inflection=17.22; depression=9.83°; smoothing=5-pt median; dark rows=471
isha,2020-08-05,20:33,0,40.6538,-4.057016,0.0,Zamorano J. et al. (2019). TESS-W sky brightness network. Zenodo monthly archives. https://zenodo.org/records/3378728. CC0 1.0.,TESS station stars286; photometric inflection method; night median MSAS=18.09; MSAS at inflection=18.77; depression=12.03°; smoothing=5-pt median; dark rows=468
fajr,2020-08-06,04:30,0,40.6538,-4.057016,0.0,Zamorano J. et al. (2019). TESS-W sky brightness network. Zenodo monthly archives. https://zenodo.org/records/3378728. CC0 1.0.,TESS station stars286; photometric inflection method; night median MSAS=18.09; MSAS at inflection=16.41; depression=8.91°; smoothing=5-pt median; dark rows=468
isha,2020-08-06,20:34,0,40.6538,-4.057016,0.0,Zamorano J. et al. (2019). TESS-W sky brightness network. Zenodo monthly archives. https://zenodo.org/records/3378728. CC0 1.0.,TESS station stars286; photometric inflection method; night median MSAS=18.23; MSAS at inflection=18.74; depression=12.32°; smoothing=5-pt median; dark rows=473
fajr,2020-08-08,03:49,0,40.6538,-4.057016,0.0,Zamorano J. et al. (2019). TESS-W sky brightness network. Zenodo monthly archives. https://zenodo.org/records/3378728. CC0 1.0.,TESS station stars286; photometric inflection method; night median MSAS=18.49; MSAS at inflection=18.07; depression=15.71°; smoothing=5-pt median; dark rows=472
isha,2020-08-08,20:07,0,40.6538,-4.057016,0.0,Zamorano J. et al. (2019). TESS-W sky brightness network. Zenodo monthly archives. https://zenodo.org/records/3378728. CC0 1.0.,TESS station stars286; photometric inflection method; night median MSAS=18.34; MSAS at inflection=15.99; depression=8.40°; smoothing=5-pt median; dark rows=478
isha,2020-08-09,20:08,0,40.6538,-4.057016,0.0,Zamorano J. et al. (2019). TESS-W sky brightness network. Zenodo monthly archives. https://zenodo.org/records/3378728. CC0 1.0.,TESS station stars286; photometric inflection method; night median MSAS=18.30; MSAS at inflection=16.10; depression=8.84°; smoothing=5-pt median; dark rows=481
fajr,2020-08-12,04:20,0,40.6538,-4.057016,0.0,Zamorano J. et al. (2019). TESS-W sky brightness network. Zenodo monthly archives. https://zenodo.org/records/3378728. CC0 1.0.,TESS station stars286; photometric inflection method; night median MSAS=19.21; MSAS at inflection=17.76; depression=11.69°; smoothing=5-pt median; dark rows=486
isha,2020-08-12,21:10,0,40.6538,-4.057016,0.0,Zamorano J. et al. (2019). TESS-W sky brightness network. Zenodo monthly archives. https://zenodo.org/records/3378728. CC0 1.0.,TESS station stars286; photometric inflection method; night median MSAS=19.39; MSAS at inflection=17.60; depression=19.25°; smoothing=5-pt median; dark rows=483
fajr,2020-08-13,04:31,0,40.6538,-4.057016,0.0,Zamorano J. et al. (2019). TESS-W sky brightness network. Zenodo monthly archives. https://zenodo.org/records/3378728. CC0 1.0.,TESS station stars286; photometric inflection method; night median MSAS=19.39; MSAS at inflection=17.73; depression=10.03°; smoothing=5-pt median; dark rows=483
fajr,2020-08-14,04:35,0,40.6538,-4.057016,0.0,Zamorano J. et al. (2019). TESS-W sky brightness network. Zenodo monthly archives. https://zenodo.org/records/3378728. CC0 1.0.,TESS station stars286; photometric inflection method; night median MSAS=19.42; MSAS at inflection=17.27; depression=9.51°; smoothing=5-pt median; dark rows=493
isha,2020-08-14,20:06,0,40.6538,-4.057016,0.0,Zamorano J. et al. (2019). TESS-W sky brightness network. Zenodo monthly archives. https://zenodo.org/records/3378728. CC0 1.0.,TESS station stars286; photometric inflection method; night median MSAS=19.57; MSAS at inflection=17.38; depression=9.71°; smoothing=5-pt median; dark rows=484
fajr,2020-08-16,04:34,0,40.6538,-4.057016,0.0,Zamorano J. et al. (2019). TESS-W sky brightness network. Zenodo monthly archives. https://zenodo.org/records/3378728. CC0 1.0.,TESS station stars286; photometric inflection method; night median MSAS=19.62; MSAS at inflection=18.01; depression=10.16°; smoothing=5-pt median; dark rows=501
isha,2020-08-18,20:08,0,40.6538,-4.057016,0.0,Zamorano J. et al. (2019). TESS-W sky brightness network. Zenodo monthly archives. https://zenodo.org/records/3378728. CC0 1.0.,TESS station stars286; photometric inflection method; night median MSAS=19.66; MSAS at inflection=18.25; depression=11.14°; smoothing=5-pt median; dark rows=502
fajr,2020-08-19,04:39,0,40.6538,-4.057016,0.0,Zamorano J. et al. (2019). TESS-W sky brightness network. Zenodo monthly archives. https://zenodo.org/records/3378728. CC0 1.0.,TESS station stars286; photometric inflection method; night median MSAS=19.66; MSAS at inflection=17.79; depression=9.93°; smoothing=5-pt median; dark rows=502
fajr,2020-08-21,04:43,0,40.6538,-4.057016,0.0,Zamorano J. et al. (2019). TESS-W sky brightness network. Zenodo monthly archives. https://zenodo.org/records/3378728. CC0 1.0.,TESS station stars286; photometric inflection method; night median MSAS=19.40; MSAS at inflection=17.37; depression=9.56°; smoothing=5-pt median; dark rows=515
fajr,2020-08-22,04:24,0,40.6538,-4.057016,0.0,Zamorano J. et al. (2019). TESS-W sky brightness network. Zenodo monthly archives. https://zenodo.org/records/3378728. CC0 1.0.,TESS station stars286; photometric inflection method; night median MSAS=19.67; MSAS at inflection=19.39; depression=12.93°; smoothing=5-pt median; dark rows=515
isha,2020-08-22,21:00,0,40.6538,-4.057016,0.0,Zamorano J. et al. (2019). TESS-W sky brightness network. Zenodo monthly archives. https://zenodo.org/records/3378728. CC0 1.0.,TESS station stars286; photometric inflection method; night median MSAS=19.64; MSAS at inflection=19.38; depression=20.71°; smoothing=5-pt median; dark rows=511
fajr,2020-08-23,04:44,0,40.6538,-4.057016,0.0,Zamorano J. et al. (2019). TESS-W sky brightness network. Zenodo monthly archives. https://zenodo.org/records/3378728. CC0 1.0.,TESS station stars286; photometric inflection method; night median MSAS=19.64; MSAS at inflection=17.44; depression=9.75°; smoothing=5-pt median; dark rows=511
fajr,2020-08-24,04:21,0,40.6538,-4.057016,0.0,Zamorano J. et al. (2019). TESS-W sky brightness network. Zenodo monthly archives. https://zenodo.org/records/3378728. CC0 1.0.,TESS station stars286; photometric inflection method; night median MSAS=19.63; MSAS at inflection=19.53; depression=13.87°; smoothing=5-pt median; dark rows=512
isha,2020-08-26,19:51,0,40.6538,-4.057016,0.0,Zamorano J. et al. (2019). TESS-W sky brightness network. Zenodo monthly archives. https://zenodo.org/records/3378728. CC0 1.0.,TESS station stars286; photometric inflection method; night median MSAS=19.53; MSAS at inflection=17.92; depression=10.61°; smoothing=5-pt median; dark rows=528
fajr,2020-08-27,04:50,0,40.6538,-4.057016,0.0,Zamorano J. et al. (2019). TESS-W sky brightness network. Zenodo monthly archives. https://zenodo.org/records/3378728. CC0 1.0.,TESS station stars286; photometric inflection method; night median MSAS=19.53; MSAS at inflection=17.29; depression=9.46°; smoothing=5-pt median; dark rows=528
isha,2020-08-28,20:37,0,40.6538,-4.057016,0.0,Zamorano J. et al. (2019). TESS-W sky brightness network. Zenodo monthly archives. https://zenodo.org/records/3378728. CC0 1.0.,TESS station stars286; photometric inflection method; night median MSAS=18.64; MSAS at inflection=17.44; depression=18.97°; smoothing=5-pt median; dark rows=536
fajr,2020-08-29,04:53,0,40.6538,-4.057016,0.0,Zamorano J. et al. (2019). TESS-W sky brightness network. Zenodo monthly archives. https://zenodo.org/records/3378728. CC0 1.0.,TESS station stars286; photometric inflection method; night median MSAS=18.64; MSAS at inflection=17.60; depression=9.40°; smoothing=5-pt median; dark rows=536
isha,2020-08-30,19:44,0,40.6538,-4.057016,0.0,Zamorano J. et al. (2019). TESS-W sky brightness network. Zenodo monthly archives. https://zenodo.org/records/3378728. CC0 1.0.,TESS station stars286; photometric inflection method; night median MSAS=18.77; MSAS at inflection=18.02; depression=10.61°; smoothing=5-pt median; dark rows=536
fajr,2020-08-31,04:20,0,40.6538,-4.057016,0.0,Zamorano J. et al. (2019). TESS-W sky brightness network. Zenodo monthly archives. https://zenodo.org/records/3378728. CC0 1.0.,TESS station stars286; photometric inflection method; night median MSAS=18.77; MSAS at inflection=19.76; depression=15.55°; smoothing=5-pt median; dark rows=536
fajr,2020-08-01,04:19,0,38.219692,-6.631756,0.0,Zamorano J. et al. (2019). TESS-W sky brightness network. Zenodo monthly archives. https://zenodo.org/records/3378728. CC0 1.0.,TESS station stars288; photometric inflection method; night median MSAS=19.75; MSAS at inflection=20.22; depression=12.78°; smoothing=5-pt median; dark rows=276
fajr,2020-08-02,04:18,0,38.219692,-6.631756,0.0,Zamorano J. et al. (2019). TESS-W sky brightness network. Zenodo monthly archives. https://zenodo.org/records/3378728. CC0 1.0.,TESS station stars288; photometric inflection method; night median MSAS=18.61; MSAS at inflection=20.40; depression=13.03°; smoothing=5-pt median; dark rows=488
isha,2020-08-02,20:34,0,38.219692,-6.631756,0.0,Zamorano J. et al. (2019). TESS-W sky brightness network. Zenodo monthly archives. https://zenodo.org/records/3378728. CC0 1.0.,TESS station stars288; photometric inflection method; night median MSAS=18.35; MSAS at inflection=18.48; depression=11.18°; smoothing=5-pt median; dark rows=491
fajr,2020-08-04,04:42,0,38.219692,-6.631756,0.0,Zamorano J. et al. (2019). TESS-W sky brightness network. Zenodo monthly archives. https://zenodo.org/records/3378728. CC0 1.0.,TESS station stars288; photometric inflection method; night median MSAS=18.15; MSAS at inflection=16.82; depression=9.43°; smoothing=5-pt median; dark rows=490
fajr,2020-08-05,04:30,0,38.219692,-6.631756,0.0,Zamorano J. et al. (2019). TESS-W sky brightness network. Zenodo monthly archives. https://zenodo.org/records/3378728. CC0 1.0.,TESS station stars288; photometric inflection method; night median MSAS=18.50; MSAS at inflection=18.30; depression=11.69°; smoothing=5-pt median; dark rows=494
fajr,2020-08-06,04:43,0,38.219692,-6.631756,0.0,Zamorano J. et al. (2019). TESS-W sky brightness network. Zenodo monthly archives. https://zenodo.org/records/3378728. CC0 1.0.,TESS station stars288; photometric inflection method; night median MSAS=18.73; MSAS at inflection=17.23; depression=9.76°; smoothing=5-pt median; dark rows=497
fajr,2020-08-08,04:40,0,38.219692,-6.631756,0.0,Zamorano J. et al. (2019). TESS-W sky brightness network. Zenodo monthly archives. https://zenodo.org/records/3378728. CC0 1.0.,TESS station stars288; photometric inflection method; night median MSAS=18.62; MSAS at inflection=17.85; depression=10.57°; smoothing=5-pt median; dark rows=500
isha,2020-08-09,20:27,0,38.219692,-6.631756,0.0,Zamorano J. et al. (2019). TESS-W sky brightness network. Zenodo monthly archives. https://zenodo.org/records/3378728. CC0 1.0.,TESS station stars288; photometric inflection method; night median MSAS=19.77; MSAS at inflection=18.57; depression=11.49°; smoothing=5-pt median; dark rows=505
isha,2020-08-10,20:47,0,38.219692,-6.631756,0.0,Zamorano J. et al. (2019). TESS-W sky brightness network. Zenodo monthly archives. https://zenodo.org/records/3378728. CC0 1.0.,TESS station stars288; photometric inflection method; night median MSAS=20.41; MSAS at inflection=21.32; depression=15.19°; smoothing=5-pt median; dark rows=508
isha,2020-08-12,20:23,0,38.219692,-6.631756,0.0,Zamorano J. et al. (2019). TESS-W sky brightness network. Zenodo monthly archives. https://zenodo.org/records/3378728. CC0 1.0.,TESS station stars288; photometric inflection method; night median MSAS=21.14; MSAS at inflection=19.14; depression=11.51°; smoothing=5-pt median; dark rows=511
fajr,2020-08-13,04:36,0,38.219692,-6.631756,0.0,Zamorano J. et al. (2019). TESS-W sky brightness network. Zenodo monthly archives. https://zenodo.org/records/3378728. CC0 1.0.,TESS station stars288; photometric inflection method; night median MSAS=21.14; MSAS at inflection=19.24; depression=12.16°; smoothing=5-pt median; dark rows=511
fajr,2020-08-14,04:31,0,38.219692,-6.631756,0.0,Zamorano J. et al. (2019). TESS-W sky brightness network. Zenodo monthly archives. https://zenodo.org/records/3378728. CC0 1.0.,TESS station stars288; photometric inflection method; night median MSAS=21.13; MSAS at inflection=20.07; depression=13.23°; smoothing=5-pt median; dark rows=515
isha,2020-08-14,20:21,0,38.219692,-6.631756,0.0,Zamorano J. et al. (2019). TESS-W sky brightness network. Zenodo monthly archives. https://zenodo.org/records/3378728. CC0 1.0.,TESS station stars288; photometric inflection method; night median MSAS=21.25; MSAS at inflection=19.25; depression=11.73°; smoothing=5-pt median; dark rows=518
fajr,2020-08-15,04:05,0,38.219692,-6.631756,0.0,Zamorano J. et al. (2019). TESS-W sky brightness network. Zenodo monthly archives. https://zenodo.org/records/3378728. CC0 1.0.,TESS station stars288; photometric inflection method; night median MSAS=21.25; MSAS at inflection=21.19; depression=17.71°; smoothing=5-pt median; dark rows=518
fajr,2020-08-16,04:40,0,38.219692,-6.631756,0.0,Zamorano J. et al. (2019). TESS-W sky brightness network. Zenodo monthly archives. https://zenodo.org/records/3378728. CC0 1.0.,TESS station stars288; photometric inflection method; night median MSAS=21.20; MSAS at inflection=19.68; depression=12.01°; smoothing=5-pt median; dark rows=521
fajr,2020-08-17,04:09,0,38.219692,-6.631756,0.0,Zamorano J. et al. (2019). TESS-W sky brightness network. Zenodo monthly archives. https://zenodo.org/records/3378728. CC0 1.0.,TESS station stars288; photometric inflection method; night median MSAS=21.29; MSAS at inflection=21.36; depression=17.35°; smoothing=5-pt median; dark rows=524
isha,2020-08-17,20:25,0,38.219692,-6.631756,0.0,Zamorano J. et al. (2019). TESS-W sky brightness network. Zenodo monthly archives. https://zenodo.org/records/3378728. CC0 1.0.,TESS station stars288; photometric inflection method; night median MSAS=21.35; MSAS at inflection=20.58; depression=13.26°; smoothing=5-pt median; dark rows=526
fajr,2020-08-18,04:00,0,38.219692,-6.631756,0.0,Zamorano J. et al. (2019). TESS-W sky brightness network. Zenodo monthly archives. https://zenodo.org/records/3378728. CC0 1.0.,TESS station stars288; photometric inflection method; night median MSAS=21.35; MSAS at inflection=21.45; depression=19.06°; smoothing=5-pt median; dark rows=526
fajr,2020-08-19,04:43,0,38.219692,-6.631756,0.0,Zamorano J. et al. (2019). TESS-W sky brightness network. Zenodo monthly archives. https://zenodo.org/records/3378728. CC0 1.0.,TESS station stars288; photometric inflection method; night median MSAS=21.25; MSAS at inflection=19.73; depression=12.10°; smoothing=5-pt median; dark rows=526
isha,2020-08-19,20:20,0,38.219692,-6.631756,0.0,Zamorano J. et al. (2019). TESS-W sky brightness network. Zenodo monthly archives. https://zenodo.org/records/3378728. CC0 1.0.,TESS station stars288; photometric inflection method; night median MSAS=21.23; MSAS at inflection=20.14; depression=12.80°; smoothing=5-pt median; dark rows=527
fajr,2020-08-20,04:49,0,38.219692,-6.631756,0.0,Zamorano J. et al. (2019). TESS-W sky brightness network. Zenodo monthly archives. https://zenodo.org/records/3378728. CC0 1.0.,TESS station stars288; photometric inflection method; night median MSAS=21.23; MSAS at inflection=18.88; depression=11.24°; smoothing=5-pt median; dark rows=527
isha,2020-08-21,20:15,0,38.219692,-6.631756,0.0,Zamorano J. et al. (2019). TESS-W sky brightness network. Zenodo monthly archives. https://zenodo.org/records/3378728. CC0 1.0.,TESS station stars288; photometric inflection method; night median MSAS=21.28; MSAS at inflection=20.02; depression=12.55°; smoothing=5-pt median; dark rows=536
isha,2020-08-22,20:14,0,38.219692,-6.631756,0.0,Zamorano J. et al. (2019). TESS-W sky brightness network. Zenodo monthly archives. https://zenodo.org/records/3378728. CC0 1.0.,TESS station stars288; photometric inflection method; night median MSAS=21.24; MSAS at inflection=19.97; depression=12.73°; smoothing=5-pt median; dark rows=539
isha,2020-08-26,20:02,0,38.219692,-6.631756,0.0,Zamorano J. et al. (2019). TESS-W sky brightness network. Zenodo monthly archives. https://zenodo.org/records/3378728. CC0 1.0.,TESS station stars288; photometric inflection method; night median MSAS=21.10; MSAS at inflection=18.85; depression=11.65°; smoothing=5-pt median; dark rows=549
fajr,2020-08-27,04:53,0,38.219692,-6.631756,0.0,Zamorano J. et al. (2019). TESS-W sky brightness network. Zenodo monthly archives. https://zenodo.org/records/3378728. CC0 1.0.,TESS station stars288; photometric inflection method; night median MSAS=21.10; MSAS at inflection=19.46; depression=11.75°; smoothing=5-pt median; dark rows=549
fajr,2020-08-29,05:00,0,38.219692,-6.631756,0.0,Zamorano J. et al. (2019). TESS-W sky brightness network. Zenodo monthly archives. https://zenodo.org/records/3378728. CC0 1.0.,TESS station stars288; photometric inflection method; night median MSAS=19.42; MSAS at inflection=18.98; depression=10.89°; smoothing=5-pt median; dark rows=553
fajr,2020-08-30,04:33,0,38.219692,-6.631756,0.0,Zamorano J. et al. (2019). TESS-W sky brightness network. Zenodo monthly archives. https://zenodo.org/records/3378728. CC0 1.0.,TESS station stars288; photometric inflection method; night median MSAS=19.24; MSAS at inflection=21.32; depression=15.83°; smoothing=5-pt median; dark rows=556
fajr,2020-08-31,05:12,0,38.219692,-6.631756,0.0,Zamorano J. et al. (2019). TESS-W sky brightness network. Zenodo monthly archives. https://zenodo.org/records/3378728. CC0 1.0.,TESS station stars288; photometric inflection method; night median MSAS=18.87; MSAS at inflection=16.97; depression=8.99°; smoothing=5-pt median; dark rows=559
isha,2020-08-01,20:05,0,38.165781,-2.326893,0.0,Zamorano J. et al. (2019). TESS-W sky brightness network. Zenodo monthly archives. https://zenodo.org/records/3378728. CC0 1.0.,TESS station stars289; photometric inflection method; night median MSAS=18.53; MSAS at inflection=16.48; depression=9.12°; smoothing=5-pt median; dark rows=448
fajr,2020-08-02,04:16,0,38.165781,-2.326893,0.0,Zamorano J. et al. (2019). TESS-W sky brightness network. Zenodo monthly archives. https://zenodo.org/records/3378728. CC0 1.0.,TESS station stars289; photometric inflection method; night median MSAS=18.53; MSAS at inflection=18.44; depression=10.64°; smoothing=5-pt median; dark rows=448
fajr,2020-08-03,03:07,0,38.165781,-2.326893,0.0,Zamorano J. et al. (2019). TESS-W sky brightness network. Zenodo monthly archives. https://zenodo.org/records/3378728. CC0 1.0.,TESS station stars289; photometric inflection method; night median MSAS=18.04; MSAS at inflection=18.17; depression=21.32°; smoothing=5-pt median; dark rows=465
isha,2020-08-04,20:01,0,38.165781,-2.326893,0.0,Zamorano J. et al. (2019). TESS-W sky brightness network. Zenodo monthly archives. https://zenodo.org/records/3378728. CC0 1.0.,TESS station stars289; photometric inflection method; night median MSAS=18.26; MSAS at inflection=16.39; depression=8.93°; smoothing=5-pt median; dark rows=485
fajr,2020-08-05,04:32,0,38.165781,-2.326893,0.0,Zamorano J. et al. (2019). TESS-W sky brightness network. Zenodo monthly archives. https://zenodo.org/records/3378728. CC0 1.0.,TESS station stars289; photometric inflection method; night median MSAS=18.26; MSAS at inflection=16.01; depression=8.46°; smoothing=5-pt median; dark rows=485
isha,2020-08-05,20:02,0,38.165781,-2.326893,0.0,Zamorano J. et al. (2019). TESS-W sky brightness network. Zenodo monthly archives. https://zenodo.org/records/3378728. CC0 1.0.,TESS station stars289; photometric inflection method; night median MSAS=18.26; MSAS at inflection=16.79; depression=9.35°; smoothing=5-pt median; dark rows=489
fajr,2020-08-06,04:25,0,38.165781,-2.326893,0.0,Zamorano J. et al. (2019). TESS-W sky brightness network. Zenodo monthly archives. https://zenodo.org/records/3378728. CC0 1.0.,TESS station stars289; photometric inflection method; night median MSAS=18.26; MSAS at inflection=17.06; depression=9.78°; smoothing=5-pt median; dark rows=489
isha,2020-08-06,20:21,0,38.165781,-2.326893,0.0,Zamorano J. et al. (2019). TESS-W sky brightness network. Zenodo monthly archives. https://zenodo.org/records/3378728. CC0 1.0.,TESS station stars289; photometric inflection method; night median MSAS=18.51; MSAS at inflection=20.20; depression=12.83°; smoothing=5-pt median; dark rows=492
fajr,2020-08-07,03:36,0,38.165781,-2.326893,0.0,Zamorano J. et al. (2019). TESS-W sky brightness network. Zenodo monthly archives. https://zenodo.org/records/3378728. CC0 1.0.,TESS station stars289; photometric inflection method; night median MSAS=18.51; MSAS at inflection=17.86; depression=17.91°; smoothing=5-pt median; dark rows=492
isha,2020-08-08,20:20,0,38.165781,-2.326893,0.0,Zamorano J. et al. (2019). TESS-W sky brightness network. Zenodo monthly archives. https://zenodo.org/records/3378728. CC0 1.0.,TESS station stars289; photometric inflection method; night median MSAS=19.34; MSAS at inflection=20.17; depression=12.99°; smoothing=5-pt median; dark rows=481
fajr,2020-08-09,04:30,0,38.165781,-2.326893,0.0,Zamorano J. et al. (2019). TESS-W sky brightness network. Zenodo monthly archives. https://zenodo.org/records/3378728. CC0 1.0.,TESS station stars289; photometric inflection method; night median MSAS=19.34; MSAS at inflection=17.08; depression=9.52°; smoothing=5-pt median; dark rows=481
isha,2020-08-15,20:07,0,38.165781,-2.326893,0.0,Zamorano J. et al. (2019). TESS-W sky brightness network. Zenodo monthly archives. https://zenodo.org/records/3378728. CC0 1.0.,TESS station stars289; photometric inflection method; night median MSAS=21.14; MSAS at inflection=19.90; depression=12.51°; smoothing=5-pt median; dark rows=519
fajr,2020-08-17,04:06,0,38.165781,-2.326893,0.0,Zamorano J. et al. (2019). TESS-W sky brightness network. Zenodo monthly archives. https://zenodo.org/records/3378728. CC0 1.0.,TESS station stars289; photometric inflection method; night median MSAS=21.20; MSAS at inflection=21.09; depression=15.10°; smoothing=5-pt median; dark rows=521
fajr,2020-08-19,04:31,0,38.165781,-2.326893,0.0,Zamorano J. et al. (2019). TESS-W sky brightness network. Zenodo monthly archives. https://zenodo.org/records/3378728. CC0 1.0.,TESS station stars289; photometric inflection method; night median MSAS=21.15; MSAS at inflection=18.87; depression=11.18°; smoothing=5-pt median; dark rows=513
fajr,2020-08-20,04:27,0,38.165781,-2.326893,0.0,Zamorano J. et al. (2019). TESS-W sky brightness network. Zenodo monthly archives. https://zenodo.org/records/3378728. CC0 1.0.,TESS station stars289; photometric inflection method; night median MSAS=21.21; MSAS at inflection=19.57; depression=12.00°; smoothing=5-pt median; dark rows=527
isha,2020-08-21,19:55,0,38.165781,-2.326893,0.0,Zamorano J. et al. (2019). TESS-W sky brightness network. Zenodo monthly archives. https://zenodo.org/records/3378728. CC0 1.0.,TESS station stars289; photometric inflection method; night median MSAS=21.19; MSAS at inflection=19.49; depression=12.07°; smoothing=5-pt median; dark rows=531
fajr,2020-08-23,04:28,0,38.165781,-2.326893,0.0,Zamorano J. et al. (2019). TESS-W sky brightness network. Zenodo monthly archives. https://zenodo.org/records/3378728. CC0 1.0.,TESS station stars289; photometric inflection method; night median MSAS=21.20; MSAS at inflection=19.80; depression=12.39°; smoothing=5-pt median; dark rows=532
isha,2020-08-24,19:50,0,38.165781,-2.326893,0.0,Zamorano J. et al. (2019). TESS-W sky brightness network. Zenodo monthly archives. https://zenodo.org/records/3378728. CC0 1.0.,TESS station stars289; photometric inflection method; night median MSAS=21.21; MSAS at inflection=19.48; depression=12.12°; smoothing=5-pt median; dark rows=540
fajr,2020-08-25,04:33,0,38.165781,-2.326893,0.0,Zamorano J. et al. (2019). TESS-W sky brightness network. Zenodo monthly archives. https://zenodo.org/records/3378728. CC0 1.0.,TESS station stars289; photometric inflection method; night median MSAS=21.21; MSAS at inflection=19.42; depression=11.91°; smoothing=5-pt median; dark rows=540
fajr,2020-08-26,04:26,0,38.165781,-2.326893,0.0,Zamorano J. et al. (2019). TESS-W sky brightness network. Zenodo monthly archives. https://zenodo.org/records/3378728. CC0 1.0.,TESS station stars289; photometric inflection method; night median MSAS=21.24; MSAS at inflection=20.43; depression=13.32°; smoothing=5-pt median; dark rows=543
fajr,2020-08-28,04:41,0,38.165781,-2.326893,0.0,Zamorano J. et al. (2019). TESS-W sky brightness network. Zenodo monthly archives. https://zenodo.org/records/3378728. CC0 1.0.,TESS station stars289; photometric inflection method; night median MSAS=20.38; MSAS at inflection=18.83; depression=11.07°; smoothing=5-pt median; dark rows=543
isha,2020-08-28,19:33,0,38.165781,-2.326893,0.0,Zamorano J. et al. (2019). TESS-W sky brightness network. Zenodo monthly archives. https://zenodo.org/records/3378728. CC0 1.0.,TESS station stars289; photometric inflection method; night median MSAS=20.07; MSAS at inflection=17.67; depression=10.17°; smoothing=5-pt median; dark rows=545
fajr,2020-08-30,04:31,0,38.165781,-2.326893,0.0,Zamorano J. et al. (2019). TESS-W sky brightness network. Zenodo monthly archives. https://zenodo.org/records/3378728. CC0 1.0.,TESS station stars289; photometric inflection method; night median MSAS=19.59; MSAS at inflection=20.49; depression=13.17°; smoothing=5-pt median; dark rows=547
isha,2020-08-30,19:38,0,38.165781,-2.326893,0.0,Zamorano J. et al. (2019). TESS-W sky brightness network. Zenodo monthly archives. https://zenodo.org/records/3378728. CC0 1.0.,TESS station stars289; photometric inflection method; night median MSAS=19.13; MSAS at inflection=18.66; depression=11.67°; smoothing=5-pt median; dark rows=553
fajr,2020-08-31,04:39,0,38.165781,-2.326893,0.0,Zamorano J. et al. (2019). TESS-W sky brightness network. Zenodo monthly archives. https://zenodo.org/records/3378728. CC0 1.0.,TESS station stars289; photometric inflection method; night median MSAS=19.13; MSAS at inflection=19.68; depression=11.90°; smoothing=5-pt median; dark rows=553
fajr,2020-08-06,06:29,-4,-38.731162,-62.223645,0.0,Zamorano J. et al. (2019). TESS-W sky brightness network. Zenodo monthly archives. https://zenodo.org/records/3378728. CC0 1.0.,TESS station stars29; photometric inflection method; night median MSAS=17.54; MSAS at inflection=15.33; depression=7.45°; smoothing=5-pt median; dark rows=499
isha,2020-08-06,18:12,-4,-38.731162,-62.223645,0.0,Zamorano J. et al. (2019). TESS-W sky brightness network. Zenodo monthly archives. https://zenodo.org/records/3378728. CC0 1.0.,TESS station stars29; photometric inflection method; night median MSAS=17.96; MSAS at inflection=17.62; depression=9.82°; smoothing=5-pt median; dark rows=708
isha,2020-08-07,18:07,-4,-38.731162,-62.223645,0.0,Zamorano J. et al. (2019). TESS-W sky brightness network. Zenodo monthly archives. https://zenodo.org/records/3378728. CC0 1.0.,TESS station stars29; photometric inflection method; night median MSAS=17.92; MSAS at inflection=16.61; depression=8.71°; smoothing=5-pt median; dark rows=717
fajr,2020-08-08,06:15,-4,-38.731162,-62.223645,0.0,Zamorano J. et al. (2019). TESS-W sky brightness network. Zenodo monthly archives. https://zenodo.org/records/3378728. CC0 1.0.,TESS station stars29; photometric inflection method; night median MSAS=17.92; MSAS at inflection=16.77; depression=9.70°; smoothing=5-pt median; dark rows=717
isha,2020-08-08,18:36,-4,-38.731162,-62.223645,0.0,Zamorano J. et al. (2019). TESS-W sky brightness network. Zenodo monthly archives. https://zenodo.org/records/3378728. CC0 1.0.,TESS station stars29; photometric inflection method; night median MSAS=18.35; MSAS at inflection=18.38; depression=14.05°; smoothing=5-pt median; dark rows=703
fajr,2020-08-10,06:14,-4,-38.731162,-62.223645,0.0,Zamorano J. et al. (2019). TESS-W sky brightness network. Zenodo monthly archives. https://zenodo.org/records/3378728. CC0 1.0.,TESS station stars29; photometric inflection method; night median MSAS=18.42; MSAS at inflection=17.27; depression=9.47°; smoothing=5-pt median; dark rows=697
isha,2020-08-10,18:13,-4,-38.731162,-62.223645,0.0,Zamorano J. et al. (2019). TESS-W sky brightness network. Zenodo monthly archives. https://zenodo.org/records/3378728. CC0 1.0.,TESS station stars29; photometric inflection method; night median MSAS=18.69; MSAS at inflection=16.77; depression=9.25°; smoothing=5-pt median; dark rows=692
fajr,2020-08-11,06:10,-4,-38.731162,-62.223645,0.0,Zamorano J. et al. (2019). TESS-W sky brightness network. Zenodo monthly archives. https://zenodo.org/records/3378728. CC0 1.0.,TESS station stars29; photometric inflection method; night median MSAS=18.69; MSAS at inflection=17.56; depression=9.97°; smoothing=5-pt median; dark rows=692
fajr,2020-08-12,06:07,-4,-38.731162,-62.223645,0.0,Zamorano J. et al. (2019). TESS-W sky brightness network. Zenodo monthly archives. https://zenodo.org/records/3378728. CC0 1.0.,TESS station stars29; photometric inflection method; night median MSAS=18.72; MSAS at inflection=17.77; depression=10.30°; smoothing=5-pt median; dark rows=695
fajr,2020-08-13,05:36,-4,-38.731162,-62.223645,0.0,Zamorano J. et al. (2019). TESS-W sky brightness network. Zenodo monthly archives. https://zenodo.org/records/3378728. CC0 1.0.,TESS station stars29; photometric inflection method; night median MSAS=18.40; MSAS at inflection=18.56; depression=16.25°; smoothing=5-pt median; dark rows=707
isha,2020-08-17,18:18,-4,-38.731162,-62.223645,0.0,Zamorano J. et al. (2019). TESS-W sky brightness network. Zenodo monthly archives. https://zenodo.org/records/3378728. CC0 1.0.,TESS station stars29; photometric inflection method; night median MSAS=17.69; MSAS at inflection=16.79; depression=9.15°; smoothing=5-pt median; dark rows=694
fajr,2020-08-18,06:00,-4,-38.731162,-62.223645,0.0,Zamorano J. et al. (2019). TESS-W sky brightness network. Zenodo monthly archives. https://zenodo.org/records/3378728. CC0 1.0.,TESS station stars29; photometric inflection method; night median MSAS=17.69; MSAS at inflection=17.90; depression=10.40°; smoothing=5-pt median; dark rows=694
isha,2020-08-18,18:19,-4,-38.731162,-62.223645,0.0,Zamorano J. et al. (2019). TESS-W sky brightness network. Zenodo monthly archives. https://zenodo.org/records/3378728. CC0 1.0.,TESS station stars29; photometric inflection method; night median MSAS=18.60; MSAS at inflection=16.98; depression=9.25°; smoothing=5-pt median; dark rows=695
fajr,2020-08-19,05:14,-4,-38.731162,-62.223645,0.0,Zamorano J. et al. (2019). TESS-W sky brightness network. Zenodo monthly archives. https://zenodo.org/records/3378728. CC0 1.0.,TESS station stars29; photometric inflection method; night median MSAS=18.60; MSAS at inflection=17.21; depression=19.06°; smoothing=5-pt median; dark rows=695
isha,2020-08-19,18:59,-4,-38.731162,-62.223645,0.0,Zamorano J. et al. (2019). TESS-W sky brightness network. Zenodo monthly archives. https://zenodo.org/records/3378728. CC0 1.0.,TESS station stars29; photometric inflection method; night median MSAS=18.83; MSAS at inflection=18.36; depression=16.93°; smoothing=5-pt median; dark rows=689
fajr,2020-08-22,05:54,-4,-38.731162,-62.223645,0.0,Zamorano J. et al. (2019). TESS-W sky brightness network. Zenodo monthly archives. https://zenodo.org/records/3378728. CC0 1.0.,TESS station stars29; photometric inflection method; night median MSAS=18.56; MSAS at inflection=17.50; depression=10.48°; smoothing=5-pt median; dark rows=560
isha,2020-08-22,18:23,-4,-38.731162,-62.223645,0.0,Zamorano J. et al. (2019). TESS-W sky brightness network. Zenodo monthly archives. https://zenodo.org/records/3378728. CC0 1.0.,TESS station stars29; photometric inflection method; night median MSAS=18.01; MSAS at inflection=16.34; depression=9.34°; smoothing=5-pt median; dark rows=633
fajr,2020-08-23,05:52,-4,-38.731162,-62.223645,0.0,Zamorano J. et al. (2019). TESS-W sky brightness network. Zenodo monthly archives. https://zenodo.org/records/3378728. CC0 1.0.,TESS station stars29; photometric inflection method; night median MSAS=18.01; MSAS at inflection=17.34; depression=10.61°; smoothing=5-pt median; dark rows=633
fajr,2020-08-25,06:02,-4,-38.731162,-62.223645,0.0,Zamorano J. et al. (2019). TESS-W sky brightness network. Zenodo monthly archives. https://zenodo.org/records/3378728. CC0 1.0.,TESS station stars29; photometric inflection method; night median MSAS=17.97; MSAS at inflection=16.20; depression=8.22°; smoothing=5-pt median; dark rows=523
fajr,2020-08-02,04:18,0,38.189844,-5.957093,0.0,Zamorano J. et al. (2019). TESS-W sky brightness network. Zenodo monthly archives. https://zenodo.org/records/3378728. CC0 1.0.,TESS station stars291; photometric inflection method; night median MSAS=18.30; MSAS at inflection=20.19; depression=12.66°; smoothing=5-pt median; dark rows=488
isha,2020-08-02,20:18,0,38.189844,-5.957093,0.0,Zamorano J. et al. (2019). TESS-W sky brightness network. Zenodo monthly archives. https://zenodo.org/records/3378728. CC0 1.0.,TESS station stars291; photometric inflection method; night median MSAS=18.08; MSAS at inflection=16.86; depression=9.01°; smoothing=5-pt median; dark rows=491
fajr,2020-08-03,04:40,0,38.189844,-5.957093,0.0,Zamorano J. et al. (2019). TESS-W sky brightness network. Zenodo monthly archives. https://zenodo.org/records/3378728. CC0 1.0.,TESS station stars291; photometric inflection method; night median MSAS=18.08; MSAS at inflection=17.77; depression=9.19°; smoothing=5-pt median; dark rows=491
isha,2020-08-03,21:24,0,38.189844,-5.957093,0.0,Zamorano J. et al. (2019). TESS-W sky brightness network. Zenodo monthly archives. https://zenodo.org/records/3378728. CC0 1.0.,TESS station stars291; photometric inflection method; night median MSAS=17.83; MSAS at inflection=18.18; depression=19.67°; smoothing=5-pt median; dark rows=493
fajr,2020-08-04,03:26,0,38.189844,-5.957093,0.0,Zamorano J. et al. (2019). TESS-W sky brightness network. Zenodo monthly archives. https://zenodo.org/records/3378728. CC0 1.0.,TESS station stars291; photometric inflection method; night median MSAS=17.83; MSAS at inflection=18.04; depression=20.89°; smoothing=5-pt median; dark rows=493
isha,2020-08-04,20:18,0,38.189844,-5.957093,0.0,Zamorano J. et al. (2019). TESS-W sky brightness network. Zenodo monthly archives. https://zenodo.org/records/3378728. CC0 1.0.,TESS station stars291; photometric inflection method; night median MSAS=18.23; MSAS at inflection=17.04; depression=9.44°; smoothing=5-pt median; dark rows=493
fajr,2020-08-05,04:30,0,38.189844,-5.957093,0.0,Zamorano J. et al. (2019). TESS-W sky brightness network. Zenodo monthly archives. https://zenodo.org/records/3378728. CC0 1.0.,TESS station stars291; photometric inflection method; night median MSAS=18.23; MSAS at inflection=17.99; depression=11.32°; smoothing=5-pt median; dark rows=493
fajr,2020-08-06,04:39,0,38.189844,-5.957093,0.0,Zamorano J. et al. (2019). TESS-W sky brightness network. Zenodo monthly archives. https://zenodo.org/records/3378728. CC0 1.0.,TESS station stars291; photometric inflection method; night median MSAS=18.43; MSAS at inflection=17.25; depression=9.84°; smoothing=5-pt median; dark rows=498
fajr,2020-08-07,04:48,0,38.189844,-5.957093,0.0,Zamorano J. et al. (2019). TESS-W sky brightness network. Zenodo monthly archives. https://zenodo.org/records/3378728. CC0 1.0.,TESS station stars291; photometric inflection method; night median MSAS=18.66; MSAS at inflection=16.23; depression=8.53°; smoothing=5-pt median; dark rows=500
isha,2020-08-07,20:18,0,38.189844,-5.957093,0.0,Zamorano J. et al. (2019). TESS-W sky brightness network. Zenodo monthly archives. https://zenodo.org/records/3378728. CC0 1.0.,TESS station stars291; photometric inflection method; night median MSAS=18.40; MSAS at inflection=17.84; depression=10.07°; smoothing=5-pt median; dark rows=501
isha,2020-08-08,20:35,0,38.189844,-5.957093,0.0,Zamorano J. et al. (2019). TESS-W sky brightness network. Zenodo monthly archives. https://zenodo.org/records/3378728. CC0 1.0.,TESS station stars291; photometric inflection method; night median MSAS=19.56; MSAS at inflection=20.29; depression=13.17°; smoothing=5-pt median; dark rows=504
fajr,2020-08-09,03:51,0,38.189844,-5.957093,0.0,Zamorano J. et al. (2019). TESS-W sky brightness network. Zenodo monthly archives. https://zenodo.org/records/3378728. CC0 1.0.,TESS station stars291; photometric inflection method; night median MSAS=19.56; MSAS at inflection=18.29; depression=18.22°; smoothing=5-pt median; dark rows=504
fajr,2020-08-11,04:25,0,38.189844,-5.957093,0.0,Zamorano J. et al. (2019). TESS-W sky brightness network. Zenodo monthly archives. https://zenodo.org/records/3378728. CC0 1.0.,TESS station stars291; photometric inflection method; night median MSAS=20.36; MSAS at inflection=18.46; depression=13.14°; smoothing=5-pt median; dark rows=493
isha,2020-08-11,20:27,0,38.189844,-5.957093,0.0,Zamorano J. et al. (2019). TESS-W sky brightness network. Zenodo monthly archives. https://zenodo.org/records/3378728. CC0 1.0.,TESS station stars291; photometric inflection method; night median MSAS=20.73; MSAS at inflection=19.40; depression=12.57°; smoothing=5-pt median; dark rows=511
fajr,2020-08-13,04:02,0,38.189844,-5.957093,0.0,Zamorano J. et al. (2019). TESS-W sky brightness network. Zenodo monthly archives. https://zenodo.org/records/3378728. CC0 1.0.,TESS station stars291; photometric inflection method; night median MSAS=21.07; MSAS at inflection=20.34; depression=17.28°; smoothing=5-pt median; dark rows=512
isha,2020-08-13,20:21,0,38.189844,-5.957093,0.0,Zamorano J. et al. (2019). TESS-W sky brightness network. Zenodo monthly archives. https://zenodo.org/records/3378728. CC0 1.0.,TESS station stars291; photometric inflection method; night median MSAS=21.09; MSAS at inflection=19.43; depression=11.98°; smoothing=5-pt median; dark rows=509
isha,2020-08-14,20:33,0,38.189844,-5.957093,0.0,Zamorano J. et al. (2019). TESS-W sky brightness network. Zenodo monthly archives. https://zenodo.org/records/3378728. CC0 1.0.,TESS station stars291; photometric inflection method; night median MSAS=21.20; MSAS at inflection=20.85; depression=14.31°; smoothing=5-pt median; dark rows=518
fajr,2020-08-15,04:16,0,38.189844,-5.957093,0.0,Zamorano J. et al. (2019). TESS-W sky brightness network. Zenodo monthly archives. https://zenodo.org/records/3378728. CC0 1.0.,TESS station stars291; photometric inflection method; night median MSAS=21.20; MSAS at inflection=21.10; depression=15.41°; smoothing=5-pt median; dark rows=518
fajr,2020-08-19,04:35,0,38.189844,-5.957093,0.0,Zamorano J. et al. (2019). TESS-W sky brightness network. Zenodo monthly archives. https://zenodo.org/records/3378728. CC0 1.0.,TESS station stars291; photometric inflection method; night median MSAS=21.22; MSAS at inflection=20.35; depression=12.95°; smoothing=5-pt median; dark rows=527
isha,2020-08-20,20:17,0,38.189844,-5.957093,0.0,Zamorano J. et al. (2019). TESS-W sky brightness network. Zenodo monthly archives. https://zenodo.org/records/3378728. CC0 1.0.,TESS station stars291; photometric inflection method; night median MSAS=21.21; MSAS at inflection=20.33; depression=13.15°; smoothing=5-pt median; dark rows=533
fajr,2020-08-21,04:41,0,38.189844,-5.957093,0.0,Zamorano J. et al. (2019). TESS-W sky brightness network. Zenodo monthly archives. https://zenodo.org/records/3378728. CC0 1.0.,TESS station stars291; photometric inflection method; night median MSAS=21.21; MSAS at inflection=19.85; depression=12.27°; smoothing=5-pt median; dark rows=533
fajr,2020-08-23,04:49,0,38.189844,-5.957093,0.0,Zamorano J. et al. (2019). TESS-W sky brightness network. Zenodo monthly archives. https://zenodo.org/records/3378728. CC0 1.0.,TESS station stars291; photometric inflection method; night median MSAS=21.23; MSAS at inflection=18.95; depression=11.25°; smoothing=5-pt median; dark rows=538
fajr,2020-08-28,04:49,0,38.189844,-5.957093,0.0,Zamorano J. et al. (2019). TESS-W sky brightness network. Zenodo monthly archives. https://zenodo.org/records/3378728. CC0 1.0.,TESS station stars291; photometric inflection method; night median MSAS=20.35; MSAS at inflection=19.91; depression=12.19°; smoothing=5-pt median; dark rows=551
isha,2020-08-28,19:47,0,38.189844,-5.957093,0.0,Zamorano J. et al. (2019). TESS-W sky brightness network. Zenodo monthly archives. https://zenodo.org/records/3378728. CC0 1.0.,TESS station stars291; photometric inflection method; night median MSAS=19.37; MSAS at inflection=17.56; depression=10.05°; smoothing=5-pt median; dark rows=554
fajr,2020-08-31,04:48,0,38.189844,-5.957093,0.0,Zamorano J. et al. (2019). TESS-W sky brightness network. Zenodo monthly archives. https://zenodo.org/records/3378728. CC0 1.0.,TESS station stars291; photometric inflection method; night median MSAS=18.70; MSAS at inflection=20.38; depression=12.88°; smoothing=5-pt median; dark rows=558
fajr,2020-08-01,04:27,0,38.948951,-5.227632,0.0,Zamorano J. et al. (2019). TESS-W sky brightness network. Zenodo monthly archives. https://zenodo.org/records/3378728. CC0 1.0.,TESS station stars292; photometric inflection method; night median MSAS=19.82; MSAS at inflection=17.96; depression=10.15°; smoothing=5-pt median; dark rows=268
isha,2020-08-01,20:29,0,38.948951,-5.227632,0.0,Zamorano J. et al. (2019). TESS-W sky brightness network. Zenodo monthly archives. https://zenodo.org/records/3378728. CC0 1.0.,TESS station stars292; photometric inflection method; night median MSAS=18.84; MSAS at inflection=18.04; depression=10.76°; smoothing=5-pt median; dark rows=483
fajr,2020-08-02,04:31,0,38.948951,-5.227632,0.0,Zamorano J. et al. (2019). TESS-W sky brightness network. Zenodo monthly archives. https://zenodo.org/records/3378728. CC0 1.0.,TESS station stars292; photometric inflection method; night median MSAS=18.84; MSAS at inflection=17.49; depression=9.65°; smoothing=5-pt median; dark rows=483
isha,2020-08-03,21:03,0,38.948951,-5.227632,0.0,Zamorano J. et al. (2019). TESS-W sky brightness network. Zenodo monthly archives. https://zenodo.org/records/3378728. CC0 1.0.,TESS station stars292; photometric inflection method; night median MSAS=18.35; MSAS at inflection=18.81; depression=16.48°; smoothing=5-pt median; dark rows=487
fajr,2020-08-04,04:34,0,38.948951,-5.227632,0.0,Zamorano J. et al. (2019). TESS-W sky brightness network. Zenodo monthly archives. https://zenodo.org/records/3378728. CC0 1.0.,TESS station stars292; photometric inflection method; night median MSAS=18.35; MSAS at inflection=17.14; depression=9.46°; smoothing=5-pt median; dark rows=487
fajr,2020-08-05,04:37,0,38.948951,-5.227632,0.0,Zamorano J. et al. (2019). TESS-W sky brightness network. Zenodo monthly archives. https://zenodo.org/records/3378728. CC0 1.0.,TESS station stars292; photometric inflection method; night median MSAS=18.70; MSAS at inflection=16.77; depression=9.16°; smoothing=5-pt median; dark rows=488
isha,2020-08-06,20:40,0,38.948951,-5.227632,0.0,Zamorano J. et al. (2019). TESS-W sky brightness network. Zenodo monthly archives. https://zenodo.org/records/3378728. CC0 1.0.,TESS station stars292; photometric inflection method; night median MSAS=18.81; MSAS at inflection=20.64; depression=13.46°; smoothing=5-pt median; dark rows=496
isha,2020-08-07,20:34,0,38.948951,-5.227632,0.0,Zamorano J. et al. (2019). TESS-W sky brightness network. Zenodo monthly archives. https://zenodo.org/records/3378728. CC0 1.0.,TESS station stars292; photometric inflection method; night median MSAS=19.23; MSAS at inflection=20.42; depression=12.73°; smoothing=5-pt median; dark rows=497
fajr,2020-08-08,04:03,0,38.948951,-5.227632,0.0,Zamorano J. et al. (2019). TESS-W sky brightness network. Zenodo monthly archives. https://zenodo.org/records/3378728. CC0 1.0.,TESS station stars292; photometric inflection method; night median MSAS=19.23; MSAS at inflection=17.80; depression=15.22°; smoothing=5-pt median; dark rows=497
isha,2020-08-08,20:13,0,38.948951,-5.227632,0.0,Zamorano J. et al. (2019). TESS-W sky brightness network. Zenodo monthly archives. https://zenodo.org/records/3378728. CC0 1.0.,TESS station stars292; photometric inflection method; night median MSAS=19.70; MSAS at inflection=17.25; depression=9.47°; smoothing=5-pt median; dark rows=500
fajr,2020-08-10,04:44,0,38.948951,-5.227632,0.0,Zamorano J. et al. (2019). TESS-W sky brightness network. Zenodo monthly archives. https://zenodo.org/records/3378728. CC0 1.0.,TESS station stars292; photometric inflection method; night median MSAS=19.43; MSAS at inflection=17.41; depression=8.93°; smoothing=5-pt median; dark rows=502
isha,2020-08-12,20:23,0,38.948951,-5.227632,0.0,Zamorano J. et al. (2019). TESS-W sky brightness network. Zenodo monthly archives. https://zenodo.org/records/3378728. CC0 1.0.,TESS station stars292; photometric inflection method; night median MSAS=21.16; MSAS at inflection=19.77; depression=12.12°; smoothing=5-pt median; dark rows=509
isha,2020-08-13,20:21,0,38.948951,-5.227632,0.0,Zamorano J. et al. (2019). TESS-W sky brightness network. Zenodo monthly archives. https://zenodo.org/records/3378728. CC0 1.0.,TESS station stars292; photometric inflection method; night median MSAS=21.19; MSAS at inflection=19.64; depression=12.05°; smoothing=5-pt median; dark rows=513
fajr,2020-08-15,03:39,0,38.948951,-5.227632,0.0,Zamorano J. et al. (2019). TESS-W sky brightness network. Zenodo monthly archives. https://zenodo.org/records/3378728. CC0 1.0.,TESS station stars292; photometric inflection method; night median MSAS=21.32; MSAS at inflection=21.31; depression=20.40°; smoothing=5-pt median; dark rows=513
fajr,2020-08-18,04:26,0,38.948951,-5.227632,0.0,Zamorano J. et al. (2019). TESS-W sky brightness network. Zenodo monthly archives. https://zenodo.org/records/3378728. CC0 1.0.,TESS station stars292; photometric inflection method; night median MSAS=21.42; MSAS at inflection=20.82; depression=13.47°; smoothing=5-pt median; dark rows=522
fajr,2020-08-19,04:32,0,38.948951,-5.227632,0.0,Zamorano J. et al. (2019). TESS-W sky brightness network. Zenodo monthly archives. https://zenodo.org/records/3378728. CC0 1.0.,TESS station stars292; photometric inflection method; night median MSAS=21.33; MSAS at inflection=20.19; depression=12.68°; smoothing=5-pt median; dark rows=525
isha,2020-08-19,20:11,0,38.948951,-5.227632,0.0,Zamorano J. et al. (2019). TESS-W sky brightness network. Zenodo monthly archives. https://zenodo.org/records/3378728. CC0 1.0.,TESS station stars292; photometric inflection method; night median MSAS=21.29; MSAS at inflection=19.56; depression=11.94°; smoothing=5-pt median; dark rows=528
fajr,2020-08-21,04:32,0,38.948951,-5.227632,0.0,Zamorano J. et al. (2019). TESS-W sky brightness network. Zenodo monthly archives. https://zenodo.org/records/3378728. CC0 1.0.,TESS station stars292; photometric inflection method; night median MSAS=21.32; MSAS at inflection=20.39; depression=13.07°; smoothing=5-pt median; dark rows=530
fajr,2020-08-25,04:39,0,38.948951,-5.227632,0.0,Zamorano J. et al. (2019). TESS-W sky brightness network. Zenodo monthly archives. https://zenodo.org/records/3378728. CC0 1.0.,TESS station stars292; photometric inflection method; night median MSAS=21.32; MSAS at inflection=20.00; depression=12.53°; smoothing=5-pt median; dark rows=541
isha,2020-08-28,19:48,0,38.948951,-5.227632,0.0,Zamorano J. et al. (2019). TESS-W sky brightness network. Zenodo monthly archives. https://zenodo.org/records/3378728. CC0 1.0.,TESS station stars292; photometric inflection method; night median MSAS=19.70; MSAS at inflection=18.26; depression=10.50°; smoothing=5-pt median; dark rows=126
fajr,2020-08-28,20:53,0,38.948951,-5.227632,0.0,Zamorano J. et al. (2019). TESS-W sky brightness network. Zenodo monthly archives. https://zenodo.org/records/3378728. CC0 1.0.,TESS station stars292; photometric inflection method; night median MSAS=19.70; MSAS at inflection=19.69; depression=21.77°; smoothing=5-pt median; dark rows=126
isha,2020-08-29,19:45,0,38.948951,-5.227632,0.0,Zamorano J. et al. (2019). TESS-W sky brightness network. Zenodo monthly archives. https://zenodo.org/records/3378728. CC0 1.0.,TESS station stars292; photometric inflection method; night median MSAS=19.71; MSAS at inflection=17.97; depression=10.13°; smoothing=5-pt median; dark rows=553
fajr,2020-08-30,04:47,0,38.948951,-5.227632,0.0,Zamorano J. et al. (2019). TESS-W sky brightness network. Zenodo monthly archives. https://zenodo.org/records/3378728. CC0 1.0.,TESS station stars292; photometric inflection method; night median MSAS=19.71; MSAS at inflection=19.96; depression=12.17°; smoothing=5-pt median; dark rows=553
fajr,2020-08-31,05:06,0,38.948951,-5.227632,0.0,Zamorano J. et al. (2019). TESS-W sky brightness network. Zenodo monthly archives. https://zenodo.org/records/3378728. CC0 1.0.,TESS station stars292; photometric inflection method; night median MSAS=19.41; MSAS at inflection=16.96; depression=8.86°; smoothing=5-pt median; dark rows=556
isha,2020-08-01,22:27,0,53.711286,-2.154638,0.0,Zamorano J. et al. (2019). TESS-W sky brightness network. Zenodo monthly archives. https://zenodo.org/records/3378728. CC0 1.0.,TESS station stars293; photometric inflection method; night median MSAS=18.57; MSAS at inflection=18.16; depression=14.94°; smoothing=5-pt median; dark rows=336
fajr,2020-08-02,01:41,0,53.711286,-2.154638,0.0,Zamorano J. et al. (2019). TESS-W sky brightness network. Zenodo monthly archives. https://zenodo.org/records/3378728. CC0 1.0.,TESS station stars293; photometric inflection method; night median MSAS=18.57; MSAS at inflection=19.47; depression=16.21°; smoothing=5-pt median; dark rows=336
isha,2020-08-02,22:10,0,53.711286,-2.154638,0.0,Zamorano J. et al. (2019). TESS-W sky brightness network. Zenodo monthly archives. https://zenodo.org/records/3378728. CC0 1.0.,TESS station stars293; photometric inflection method; night median MSAS=17.62; MSAS at inflection=17.40; depression=13.99°; smoothing=5-pt median; dark rows=341
fajr,2020-08-03,03:14,0,53.711286,-2.154638,0.0,Zamorano J. et al. (2019). TESS-W sky brightness network. Zenodo monthly archives. https://zenodo.org/records/3378728. CC0 1.0.,TESS station stars293; photometric inflection method; night median MSAS=17.62; MSAS at inflection=16.98; depression=9.18°; smoothing=5-pt median; dark rows=341
isha,2020-08-04,23:07,0,53.711286,-2.154638,0.0,Zamorano J. et al. (2019). TESS-W sky brightness network. Zenodo monthly archives. https://zenodo.org/records/3378728. CC0 1.0.,TESS station stars293; photometric inflection method; night median MSAS=18.02; MSAS at inflection=17.93; depression=17.92°; smoothing=5-pt median; dark rows=350
fajr,2020-08-05,02:18,0,53.711286,-2.154638,0.0,Zamorano J. et al. (2019). TESS-W sky brightness network. Zenodo monthly archives. https://zenodo.org/records/3378728. CC0 1.0.,TESS station stars293; photometric inflection method; night median MSAS=18.02; MSAS at inflection=17.99; depression=14.55°; smoothing=5-pt median; dark rows=350
isha,2020-08-05,21:35,0,53.711286,-2.154638,0.0,Zamorano J. et al. (2019). TESS-W sky brightness network. Zenodo monthly archives. https://zenodo.org/records/3378728. CC0 1.0.,TESS station stars293; photometric inflection method; night median MSAS=18.08; MSAS at inflection=19.15; depression=11.79°; smoothing=5-pt median; dark rows=340
fajr,2020-08-06,03:25,0,53.711286,-2.154638,0.0,Zamorano J. et al. (2019). TESS-W sky brightness network. Zenodo monthly archives. https://zenodo.org/records/3378728. CC0 1.0.,TESS station stars293; photometric inflection method; night median MSAS=18.08; MSAS at inflection=16.73; depression=8.66°; smoothing=5-pt median; dark rows=340
isha,2020-08-08,23:39,0,53.711286,-2.154638,0.0,Zamorano J. et al. (2019). TESS-W sky brightness network. Zenodo monthly archives. https://zenodo.org/records/3378728. CC0 1.0.,TESS station stars293; photometric inflection method; night median MSAS=18.60; MSAS at inflection=18.83; depression=20.11°; smoothing=5-pt median; dark rows=371
isha,2020-08-09,21:46,0,53.711286,-2.154638,0.0,Zamorano J. et al. (2019). TESS-W sky brightness network. Zenodo monthly archives. https://zenodo.org/records/3378728. CC0 1.0.,TESS station stars293; photometric inflection method; night median MSAS=18.72; MSAS at inflection=18.84; depression=13.93°; smoothing=5-pt median; dark rows=375
isha,2020-08-11,00:05,0,53.711286,-2.154638,0.0,Zamorano J. et al. (2019). TESS-W sky brightness network. Zenodo monthly archives. https://zenodo.org/records/3378728. CC0 1.0.,TESS station stars293; photometric inflection method; night median MSAS=18.30; MSAS at inflection=18.05; depression=21.08°; smoothing=5-pt median; dark rows=380
fajr,2020-08-11,02:39,0,53.711286,-2.154638,0.0,Zamorano J. et al. (2019). TESS-W sky brightness network. Zenodo monthly archives. https://zenodo.org/records/3378728. CC0 1.0.,TESS station stars293; photometric inflection method; night median MSAS=18.30; MSAS at inflection=18.04; depression=14.45°; smoothing=5-pt median; dark rows=380
isha,2020-08-11,22:21,0,53.711286,-2.154638,0.0,Zamorano J. et al. (2019). TESS-W sky brightness network. Zenodo monthly archives. https://zenodo.org/records/3378728. CC0 1.0.,TESS station stars293; photometric inflection method; night median MSAS=18.10; MSAS at inflection=19.92; depression=17.33°; smoothing=5-pt median; dark rows=384
fajr,2020-08-12,00:21,0,53.711286,-2.154638,0.0,Zamorano J. et al. (2019). TESS-W sky brightness network. Zenodo monthly archives. https://zenodo.org/records/3378728. CC0 1.0.,TESS station stars293; photometric inflection method; night median MSAS=18.10; MSAS at inflection=18.21; depression=21.38°; smoothing=5-pt median; dark rows=384
fajr,2020-08-13,02:29,0,53.711286,-2.154638,0.0,Zamorano J. et al. (2019). TESS-W sky brightness network. Zenodo monthly archives. https://zenodo.org/records/3378728. CC0 1.0.,TESS station stars293; photometric inflection method; night median MSAS=18.60; MSAS at inflection=19.66; depression=15.82°; smoothing=5-pt median; dark rows=389
isha,2020-08-14,21:11,0,53.711286,-2.154638,0.0,Zamorano J. et al. (2019). TESS-W sky brightness network. Zenodo monthly archives. https://zenodo.org/records/3378728. CC0 1.0.,TESS station stars293; photometric inflection method; night median MSAS=19.16; MSAS at inflection=18.28; depression=12.06°; smoothing=5-pt median; dark rows=401
fajr,2020-08-16,03:48,0,53.711286,-2.154638,0.0,Zamorano J. et al. (2019). TESS-W sky brightness network. Zenodo monthly archives. https://zenodo.org/records/3378728. CC0 1.0.,TESS station stars293; photometric inflection method; night median MSAS=19.00; MSAS at inflection=16.98; depression=8.59°; smoothing=5-pt median; dark rows=405
isha,2020-08-16,21:39,0,53.711286,-2.154638,0.0,Zamorano J. et al. (2019). TESS-W sky brightness network. Zenodo monthly archives. https://zenodo.org/records/3378728. CC0 1.0.,TESS station stars293; photometric inflection method; night median MSAS=18.92; MSAS at inflection=18.37; depression=15.45°; smoothing=5-pt median; dark rows=410
fajr,2020-08-17,03:45,0,53.711286,-2.154638,0.0,Zamorano J. et al. (2019). TESS-W sky brightness network. Zenodo monthly archives. https://zenodo.org/records/3378728. CC0 1.0.,TESS station stars293; photometric inflection method; night median MSAS=18.92; MSAS at inflection=17.40; depression=9.16°; smoothing=5-pt median; dark rows=410
isha,2020-08-17,22:08,0,53.711286,-2.154638,0.0,Zamorano J. et al. (2019). TESS-W sky brightness network. Zenodo monthly archives. https://zenodo.org/records/3378728. CC0 1.0.,TESS station stars293; photometric inflection method; night median MSAS=19.40; MSAS at inflection=19.68; depression=18.19°; smoothing=5-pt median; dark rows=415
fajr,2020-08-19,03:31,0,53.711286,-2.154638,0.0,Zamorano J. et al. (2019). TESS-W sky brightness network. Zenodo monthly archives. https://zenodo.org/records/3378728. CC0 1.0.,TESS station stars293; photometric inflection method; night median MSAS=20.11; MSAS at inflection=18.77; depression=11.30°; smoothing=5-pt median; dark rows=420
isha,2020-08-19,22:05,0,53.711286,-2.154638,0.0,Zamorano J. et al. (2019). TESS-W sky brightness network. Zenodo monthly archives. https://zenodo.org/records/3378728. CC0 1.0.,TESS station stars293; photometric inflection method; night median MSAS=18.55; MSAS at inflection=18.63; depression=18.58°; smoothing=5-pt median; dark rows=420
fajr,2020-08-20,03:11,0,53.711286,-2.154638,0.0,Zamorano J. et al. (2019). TESS-W sky brightness network. Zenodo monthly archives. https://zenodo.org/records/3378728. CC0 1.0.,TESS station stars293; photometric inflection method; night median MSAS=18.55; MSAS at inflection=19.02; depression=13.74°; smoothing=5-pt median; dark rows=420
fajr,2020-08-21,03:24,0,53.711286,-2.154638,0.0,Zamorano J. et al. (2019). TESS-W sky brightness network. Zenodo monthly archives. https://zenodo.org/records/3378728. CC0 1.0.,TESS station stars293; photometric inflection method; night median MSAS=18.47; MSAS at inflection=19.00; depression=12.58°; smoothing=5-pt median; dark rows=430
fajr,2020-08-22,03:41,0,53.711286,-2.154638,0.0,Zamorano J. et al. (2019). TESS-W sky brightness network. Zenodo monthly archives. https://zenodo.org/records/3378728. CC0 1.0.,TESS station stars293; photometric inflection method; night median MSAS=19.61; MSAS at inflection=18.11; depression=10.94°; smoothing=5-pt median; dark rows=432
isha,2020-08-23,21:13,0,53.711286,-2.154638,0.0,Zamorano J. et al. (2019). TESS-W sky brightness network. Zenodo monthly archives. https://zenodo.org/records/3378728. CC0 1.0.,TESS station stars293; photometric inflection method; night median MSAS=19.69; MSAS at inflection=19.16; depression=15.06°; smoothing=5-pt median; dark rows=443
fajr,2020-08-24,03:45,0,53.711286,-2.154638,0.0,Zamorano J. et al. (2019). TESS-W sky brightness network. Zenodo monthly archives. https://zenodo.org/records/3378728. CC0 1.0.,TESS station stars293; photometric inflection method; night median MSAS=19.69; MSAS at inflection=18.46; depression=11.08°; smoothing=5-pt median; dark rows=443
isha,2020-08-24,21:54,0,53.711286,-2.154638,0.0,Zamorano J. et al. (2019). TESS-W sky brightness network. Zenodo monthly archives. https://zenodo.org/records/3378728. CC0 1.0.,TESS station stars293; photometric inflection method; night median MSAS=18.40; MSAS at inflection=18.40; depression=19.40°; smoothing=5-pt median; dark rows=449
fajr,2020-08-25,04:10,0,53.711286,-2.154638,0.0,Zamorano J. et al. (2019). TESS-W sky brightness network. Zenodo monthly archives. https://zenodo.org/records/3378728. CC0 1.0.,TESS station stars293; photometric inflection method; night median MSAS=18.40; MSAS at inflection=18.03; depression=8.25°; smoothing=5-pt median; dark rows=449
isha,2020-08-25,20:10,0,53.711286,-2.154638,0.0,Zamorano J. et al. (2019). TESS-W sky brightness network. Zenodo monthly archives. https://zenodo.org/records/3378728. CC0 1.0.,TESS station stars293; photometric inflection method; night median MSAS=19.49; MSAS at inflection=17.01; depression=8.43°; smoothing=5-pt median; dark rows=454
fajr,2020-08-26,04:00,0,53.711286,-2.154638,0.0,Zamorano J. et al. (2019). TESS-W sky brightness network. Zenodo monthly archives. https://zenodo.org/records/3378728. CC0 1.0.,TESS station stars293; photometric inflection method; night median MSAS=19.49; MSAS at inflection=18.06; depression=9.69°; smoothing=5-pt median; dark rows=454
fajr,2020-08-27,02:03,0,53.711286,-2.154638,0.0,Zamorano J. et al. (2019). TESS-W sky brightness network. Zenodo monthly archives. https://zenodo.org/records/3378728. CC0 1.0.,TESS station stars293; photometric inflection method; night median MSAS=19.46; MSAS at inflection=19.34; depression=21.98°; smoothing=5-pt median; dark rows=459
isha,2020-08-27,21:56,0,53.711286,-2.154638,0.0,Zamorano J. et al. (2019). TESS-W sky brightness network. Zenodo monthly archives. https://zenodo.org/records/3378728. CC0 1.0.,TESS station stars293; photometric inflection method; night median MSAS=19.44; MSAS at inflection=19.07; depression=20.60°; smoothing=5-pt median; dark rows=463
isha,2020-08-28,21:44,0,53.711286,-2.154638,0.0,Zamorano J. et al. (2019). TESS-W sky brightness network. Zenodo monthly archives. https://zenodo.org/records/3378728. CC0 1.0.,TESS station stars293; photometric inflection method; night median MSAS=19.47; MSAS at inflection=18.51; depression=19.92°; smoothing=5-pt median; dark rows=469
fajr,2020-08-29,03:35,0,53.711286,-2.154638,0.0,Zamorano J. et al. (2019). TESS-W sky brightness network. Zenodo monthly archives. https://zenodo.org/records/3378728. CC0 1.0.,TESS station stars293; photometric inflection method; night median MSAS=19.47; MSAS at inflection=19.78; depression=13.60°; smoothing=5-pt median; dark rows=469
fajr,2020-08-30,04:10,0,53.711286,-2.154638,0.0,Zamorano J. et al. (2019). TESS-W sky brightness network. Zenodo monthly archives. https://zenodo.org/records/3378728. CC0 1.0.,TESS station stars293; photometric inflection method; night median MSAS=19.56; MSAS at inflection=17.39; depression=9.51°; smoothing=5-pt median; dark rows=474
isha,2020-08-30,20:16,0,53.711286,-2.154638,0.0,Zamorano J. et al. (2019). TESS-W sky brightness network. Zenodo monthly archives. https://zenodo.org/records/3378728. CC0 1.0.,TESS station stars293; photometric inflection method; night median MSAS=18.87; MSAS at inflection=18.30; depression=10.80°; smoothing=5-pt median; dark rows=478
isha,2020-08-31,20:27,0,53.711286,-2.154638,0.0,Zamorano J. et al. (2019). TESS-W sky brightness network. Zenodo monthly archives. https://zenodo.org/records/3378728. CC0 1.0.,TESS station stars293; photometric inflection method; night median MSAS=18.61; MSAS at inflection=18.66; depression=12.64°; smoothing=5-pt median; dark rows=232
fajr,2020-08-31,21:55,0,53.711286,-2.154638,0.0,Zamorano J. et al. (2019). TESS-W sky brightness network. Zenodo monthly archives. https://zenodo.org/records/3378728. CC0 1.0.,TESS station stars293; photometric inflection method; night median MSAS=18.61; MSAS at inflection=18.43; depression=21.95°; smoothing=5-pt median; dark rows=232
fajr,2020-08-01,04:12,0,40.108614,-5.90385,0.0,Zamorano J. et al. (2019). TESS-W sky brightness network. Zenodo monthly archives. https://zenodo.org/records/3378728. CC0 1.0.,TESS station stars294; photometric inflection method; night median MSAS=19.79; MSAS at inflection=19.80; depression=12.25°; smoothing=5-pt median; dark rows=267
isha,2020-08-01,20:46,0,40.108614,-5.90385,0.0,Zamorano J. et al. (2019). TESS-W sky brightness network. Zenodo monthly archives. https://zenodo.org/records/3378728. CC0 1.0.,TESS station stars294; photometric inflection method; night median MSAS=19.03; MSAS at inflection=18.83; depression=12.25°; smoothing=5-pt median; dark rows=471
fajr,2020-08-02,04:14,0,40.108614,-5.90385,0.0,Zamorano J. et al. (2019). TESS-W sky brightness network. Zenodo monthly archives. https://zenodo.org/records/3378728. CC0 1.0.,TESS station stars294; photometric inflection method; night median MSAS=19.03; MSAS at inflection=19.80; depression=12.11°; smoothing=5-pt median; dark rows=471
isha,2020-08-02,20:32,0,40.108614,-5.90385,0.0,Zamorano J. et al. (2019). TESS-W sky brightness network. Zenodo monthly archives. https://zenodo.org/records/3378728. CC0 1.0.,TESS station stars294; photometric inflection method; night median MSAS=17.62; MSAS at inflection=17.85; depression=10.34°; smoothing=5-pt median; dark rows=229
isha,2020-08-08,20:23,0,40.108614,-5.90385,0.0,Zamorano J. et al. (2019). TESS-W sky brightness network. Zenodo monthly archives. https://zenodo.org/records/3378728. CC0 1.0.,TESS station stars294; photometric inflection method; night median MSAS=19.60; MSAS at inflection=17.86; depression=10.14°; smoothing=5-pt median; dark rows=489
fajr,2020-08-10,04:38,0,40.108614,-5.90385,0.0,Zamorano J. et al. (2019). TESS-W sky brightness network. Zenodo monthly archives. https://zenodo.org/records/3378728. CC0 1.0.,TESS station stars294; photometric inflection method; night median MSAS=19.76; MSAS at inflection=17.79; depression=9.82°; smoothing=5-pt median; dark rows=491
isha,2020-08-10,20:43,0,40.108614,-5.90385,0.0,Zamorano J. et al. (2019). TESS-W sky brightness network. Zenodo monthly archives. https://zenodo.org/records/3378728. CC0 1.0.,TESS station stars294; photometric inflection method; night median MSAS=20.13; MSAS at inflection=20.38; depression=13.94°; smoothing=5-pt median; dark rows=492
fajr,2020-08-11,03:22,0,40.108614,-5.90385,0.0,Zamorano J. et al. (2019). TESS-W sky brightness network. Zenodo monthly archives. https://zenodo.org/records/3378728. CC0 1.0.,TESS station stars294; photometric inflection method; night median MSAS=20.13; MSAS at inflection=19.28; depression=21.52°; smoothing=5-pt median; dark rows=492
isha,2020-08-11,21:30,0,40.108614,-5.90385,0.0,Zamorano J. et al. (2019). TESS-W sky brightness network. Zenodo monthly archives. https://zenodo.org/records/3378728. CC0 1.0.,TESS station stars294; photometric inflection method; night median MSAS=20.17; MSAS at inflection=19.89; depression=21.09°; smoothing=5-pt median; dark rows=500
fajr,2020-08-12,03:26,0,40.108614,-5.90385,0.0,Zamorano J. et al. (2019). TESS-W sky brightness network. Zenodo monthly archives. https://zenodo.org/records/3378728. CC0 1.0.,TESS station stars294; photometric inflection method; night median MSAS=20.17; MSAS at inflection=19.75; depression=21.19°; smoothing=5-pt median; dark rows=500
isha,2020-08-12,20:29,0,40.108614,-5.90385,0.0,Zamorano J. et al. (2019). TESS-W sky brightness network. Zenodo monthly archives. https://zenodo.org/records/3378728. CC0 1.0.,TESS station stars294; photometric inflection method; night median MSAS=20.65; MSAS at inflection=19.52; depression=12.07°; smoothing=5-pt median; dark rows=495
fajr,2020-08-13,04:26,0,40.108614,-5.90385,0.0,Zamorano J. et al. (2019). TESS-W sky brightness network. Zenodo monthly archives. https://zenodo.org/records/3378728. CC0 1.0.,TESS station stars294; photometric inflection method; night median MSAS=20.65; MSAS at inflection=19.56; depression=12.40°; smoothing=5-pt median; dark rows=495
isha,2020-08-13,20:18,0,40.108614,-5.90385,0.0,Zamorano J. et al. (2019). TESS-W sky brightness network. Zenodo monthly archives. https://zenodo.org/records/3378728. CC0 1.0.,TESS station stars294; photometric inflection method; night median MSAS=20.71; MSAS at inflection=18.28; depression=10.60°; smoothing=5-pt median; dark rows=505
fajr,2020-08-14,04:19,0,40.108614,-5.90385,0.0,Zamorano J. et al. (2019). TESS-W sky brightness network. Zenodo monthly archives. https://zenodo.org/records/3378728. CC0 1.0.,TESS station stars294; photometric inflection method; night median MSAS=20.71; MSAS at inflection=20.14; depression=13.64°; smoothing=5-pt median; dark rows=505
isha,2020-08-17,20:13,0,40.108614,-5.90385,0.0,Zamorano J. et al. (2019). TESS-W sky brightness network. Zenodo monthly archives. https://zenodo.org/records/3378728. CC0 1.0.,TESS station stars294; photometric inflection method; night median MSAS=20.81; MSAS at inflection=18.89; depression=10.81°; smoothing=5-pt median; dark rows=515
isha,2020-08-18,20:22,0,40.108614,-5.90385,0.0,Zamorano J. et al. (2019). TESS-W sky brightness network. Zenodo monthly archives. https://zenodo.org/records/3378728. CC0 1.0.,TESS station stars294; photometric inflection method; night median MSAS=20.86; MSAS at inflection=19.88; depression=12.61°; smoothing=5-pt median; dark rows=513
isha,2020-08-19,20:30,0,40.108614,-5.90385,0.0,Zamorano J. et al. (2019). TESS-W sky brightness network. Zenodo monthly archives. https://zenodo.org/records/3378728. CC0 1.0.,TESS station stars294; photometric inflection method; night median MSAS=20.73; MSAS at inflection=20.41; depression=14.15°; smoothing=5-pt median; dark rows=516
isha,2020-08-20,20:18,0,40.108614,-5.90385,0.0,Zamorano J. et al. (2019). TESS-W sky brightness network. Zenodo monthly archives. https://zenodo.org/records/3378728. CC0 1.0.,TESS station stars294; photometric inflection method; night median MSAS=20.80; MSAS at inflection=19.93; depression=12.50°; smoothing=5-pt median; dark rows=521
isha,2020-08-23,20:09,0,40.108614,-5.90385,0.0,Zamorano J. et al. (2019). TESS-W sky brightness network. Zenodo monthly archives. https://zenodo.org/records/3378728. CC0 1.0.,TESS station stars294; photometric inflection method; night median MSAS=20.76; MSAS at inflection=19.29; depression=11.79°; smoothing=5-pt median; dark rows=527
isha,2020-08-24,20:13,0,40.108614,-5.90385,0.0,Zamorano J. et al. (2019). TESS-W sky brightness network. Zenodo monthly archives. https://zenodo.org/records/3378728. CC0 1.0.,TESS station stars294; photometric inflection method; night median MSAS=20.72; MSAS at inflection=19.63; depression=12.76°; smoothing=5-pt median; dark rows=532
fajr,2020-08-25,04:51,0,40.108614,-5.90385,0.0,Zamorano J. et al. (2019). TESS-W sky brightness network. Zenodo monthly archives. https://zenodo.org/records/3378728. CC0 1.0.,TESS station stars294; photometric inflection method; night median MSAS=20.72; MSAS at inflection=18.25; depression=10.53°; smoothing=5-pt median; dark rows=532
fajr,2020-08-30,04:39,0,40.108614,-5.90385,0.0,Zamorano J. et al. (2019). TESS-W sky brightness network. Zenodo monthly archives. https://zenodo.org/records/3378728. CC0 1.0.,TESS station stars294; photometric inflection method; night median MSAS=19.36; MSAS at inflection=20.46; depression=13.55°; smoothing=5-pt median; dark rows=544
fajr,2020-08-31,03:57,0,40.108614,-5.90385,0.0,Zamorano J. et al. (2019). TESS-W sky brightness network. Zenodo monthly archives. https://zenodo.org/records/3378728. CC0 1.0.,TESS station stars294; photometric inflection method; night median MSAS=19.07; MSAS at inflection=20.84; depression=20.87°; smoothing=5-pt median; dark rows=551
isha,2020-08-31,19:42,0,40.108614,-5.90385,0.0,Zamorano J. et al. (2019). TESS-W sky brightness network. Zenodo monthly archives. https://zenodo.org/records/3378728. CC0 1.0.,TESS station stars294; photometric inflection method; night median MSAS=18.40; MSAS at inflection=17.15; depression=9.34°; smoothing=5-pt median; dark rows=253
isha,2020-08-01,20:26,0,39.428611,-5.784167,0.0,Zamorano J. et al. (2019). TESS-W sky brightness network. Zenodo monthly archives. https://zenodo.org/records/3378728. CC0 1.0.,TESS station stars296; photometric inflection method; night median MSAS=18.26; MSAS at inflection=17.07; depression=9.64°; smoothing=5-pt median; dark rows=478
isha,2020-08-02,21:26,0,39.428611,-5.784167,0.0,Zamorano J. et al. (2019). TESS-W sky brightness network. Zenodo monthly archives. https://zenodo.org/records/3378728. CC0 1.0.,TESS station stars296; photometric inflection method; night median MSAS=17.67; MSAS at inflection=17.69; depression=18.88°; smoothing=5-pt median; dark rows=471
fajr,2020-08-03,04:28,0,39.428611,-5.784167,0.0,Zamorano J. et al. (2019). TESS-W sky brightness network. Zenodo monthly archives. https://zenodo.org/records/3378728. CC0 1.0.,TESS station stars296; photometric inflection method; night median MSAS=17.67; MSAS at inflection=18.45; depression=10.41°; smoothing=5-pt median; dark rows=471
isha,2020-08-03,20:40,0,39.428611,-5.784167,0.0,Zamorano J. et al. (2019). TESS-W sky brightness network. Zenodo monthly archives. https://zenodo.org/records/3378728. CC0 1.0.,TESS station stars296; photometric inflection method; night median MSAS=17.75; MSAS at inflection=18.10; depression=12.22°; smoothing=5-pt median; dark rows=332
isha,2020-08-04,20:14,0,39.428611,-5.784167,0.0,Zamorano J. et al. (2019). TESS-W sky brightness network. Zenodo monthly archives. https://zenodo.org/records/3378728. CC0 1.0.,TESS station stars296; photometric inflection method; night median MSAS=18.17; MSAS at inflection=15.79; depression=8.20°; smoothing=5-pt median; dark rows=477
fajr,2020-08-05,04:24,0,39.428611,-5.784167,0.0,Zamorano J. et al. (2019). TESS-W sky brightness network. Zenodo monthly archives. https://zenodo.org/records/3378728. CC0 1.0.,TESS station stars296; photometric inflection method; night median MSAS=18.17; MSAS at inflection=18.45; depression=11.39°; smoothing=5-pt median; dark rows=477
isha,2020-08-05,21:30,0,39.428611,-5.784167,0.0,Zamorano J. et al. (2019). TESS-W sky brightness network. Zenodo monthly archives. https://zenodo.org/records/3378728. CC0 1.0.,TESS station stars296; photometric inflection method; night median MSAS=18.16; MSAS at inflection=18.56; depression=20.11°; smoothing=5-pt median; dark rows=490
fajr,2020-08-06,04:37,0,39.428611,-5.784167,0.0,Zamorano J. et al. (2019). TESS-W sky brightness network. Zenodo monthly archives. https://zenodo.org/records/3378728. CC0 1.0.,TESS station stars296; photometric inflection method; night median MSAS=18.16; MSAS at inflection=17.06; depression=9.48°; smoothing=5-pt median; dark rows=490
isha,2020-08-06,20:26,0,39.428611,-5.784167,0.0,Zamorano J. et al. (2019). TESS-W sky brightness network. Zenodo monthly archives. https://zenodo.org/records/3378728. CC0 1.0.,TESS station stars296; photometric inflection method; night median MSAS=18.41; MSAS at inflection=18.02; depression=10.68°; smoothing=5-pt median; dark rows=482
fajr,2020-08-07,03:51,0,39.428611,-5.784167,0.0,Zamorano J. et al. (2019). TESS-W sky brightness network. Zenodo monthly archives. https://zenodo.org/records/3378728. CC0 1.0.,TESS station stars296; photometric inflection method; night median MSAS=18.41; MSAS at inflection=18.17; depression=17.03°; smoothing=5-pt median; dark rows=482
isha,2020-08-07,20:30,0,39.428611,-5.784167,0.0,Zamorano J. et al. (2019). TESS-W sky brightness network. Zenodo monthly archives. https://zenodo.org/records/3378728. CC0 1.0.,TESS station stars296; photometric inflection method; night median MSAS=18.65; MSAS at inflection=18.34; depression=11.52°; smoothing=5-pt median; dark rows=495
fajr,2020-08-08,04:16,0,39.428611,-5.784167,0.0,Zamorano J. et al. (2019). TESS-W sky brightness network. Zenodo monthly archives. https://zenodo.org/records/3378728. CC0 1.0.,TESS station stars296; photometric inflection method; night median MSAS=18.65; MSAS at inflection=17.74; depression=13.31°; smoothing=5-pt median; dark rows=495
fajr,2020-08-09,04:17,0,39.428611,-5.784167,0.0,Zamorano J. et al. (2019). TESS-W sky brightness network. Zenodo monthly archives. https://zenodo.org/records/3378728. CC0 1.0.,TESS station stars296; photometric inflection method; night median MSAS=18.82; MSAS at inflection=18.37; depression=13.37°; smoothing=5-pt median; dark rows=497
isha,2020-08-09,20:23,0,39.428611,-5.784167,0.0,Zamorano J. et al. (2019). TESS-W sky brightness network. Zenodo monthly archives. https://zenodo.org/records/3378728. CC0 1.0.,TESS station stars296; photometric inflection method; night median MSAS=18.80; MSAS at inflection=17.39; depression=10.77°; smoothing=5-pt median; dark rows=164
fajr,2020-08-11,04:07,0,39.428611,-5.784167,0.0,Zamorano J. et al. (2019). TESS-W sky brightness network. Zenodo monthly archives. https://zenodo.org/records/3378728. CC0 1.0.,TESS station stars296; photometric inflection method; night median MSAS=18.68; MSAS at inflection=18.39; depression=15.38°; smoothing=5-pt median; dark rows=475
fajr,2020-08-18,04:22,0,39.428611,-5.784167,0.0,Zamorano J. et al. (2019). TESS-W sky brightness network. Zenodo monthly archives. https://zenodo.org/records/3378728. CC0 1.0.,TESS station stars296; photometric inflection method; night median MSAS=21.35; MSAS at inflection=21.20; depression=14.27°; smoothing=5-pt median; dark rows=519
fajr,2020-08-23,04:34,0,39.428611,-5.784167,0.0,Zamorano J. et al. (2019). TESS-W sky brightness network. Zenodo monthly archives. https://zenodo.org/records/3378728. CC0 1.0.,TESS station stars296; photometric inflection method; night median MSAS=21.20; MSAS at inflection=20.54; depression=13.21°; smoothing=5-pt median; dark rows=534
fajr,2020-08-25,04:37,0,39.428611,-5.784167,0.0,Zamorano J. et al. (2019). TESS-W sky brightness network. Zenodo monthly archives. https://zenodo.org/records/3378728. CC0 1.0.,TESS station stars296; photometric inflection method; night median MSAS=21.21; MSAS at inflection=20.45; depression=13.03°; smoothing=5-pt median; dark rows=539
isha,2020-08-30,19:48,0,39.428611,-5.784167,0.0,Zamorano J. et al. (2019). TESS-W sky brightness network. Zenodo monthly archives. https://zenodo.org/records/3378728. CC0 1.0.,TESS station stars296; photometric inflection method; night median MSAS=18.82; MSAS at inflection=17.54; depression=10.53°; smoothing=5-pt median; dark rows=541
fajr,2020-08-31,05:04,0,39.428611,-5.784167,0.0,Zamorano J. et al. (2019). TESS-W sky brightness network. Zenodo monthly archives. https://zenodo.org/records/3378728. CC0 1.0.,TESS station stars296; photometric inflection method; night median MSAS=18.82; MSAS at inflection=17.68; depression=9.44°; smoothing=5-pt median; dark rows=541
isha,2020-08-31,20:22,0,39.428611,-5.784167,0.0,Zamorano J. et al. (2019). TESS-W sky brightness network. Zenodo monthly archives. https://zenodo.org/records/3378728. CC0 1.0.,TESS station stars296; photometric inflection method; night median MSAS=17.58; MSAS at inflection=18.00; depression=16.74°; smoothing=5-pt median; dark rows=247
fajr,2020-08-01,04:16,0,41.545423,-4.703292,0.0,Zamorano J. et al. (2019). TESS-W sky brightness network. Zenodo monthly archives. https://zenodo.org/records/3378728. CC0 1.0.,TESS station stars297; photometric inflection method; night median MSAS=18.67; MSAS at inflection=17.55; depression=10.07°; smoothing=5-pt median; dark rows=255
isha,2020-08-01,21:10,0,41.545423,-4.703292,0.0,Zamorano J. et al. (2019). TESS-W sky brightness network. Zenodo monthly archives. https://zenodo.org/records/3378728. CC0 1.0.,TESS station stars297; photometric inflection method; night median MSAS=18.47; MSAS at inflection=18.30; depression=15.67°; smoothing=5-pt median; dark rows=459
fajr,2020-08-02,04:26,0,41.545423,-4.703292,0.0,Zamorano J. et al. (2019). TESS-W sky brightness network. Zenodo monthly archives. https://zenodo.org/records/3378728. CC0 1.0.,TESS station stars297; photometric inflection method; night median MSAS=18.47; MSAS at inflection=16.54; depression=8.74°; smoothing=5-pt median; dark rows=459
isha,2020-08-03,20:25,0,41.545423,-4.703292,0.0,Zamorano J. et al. (2019). TESS-W sky brightness network. Zenodo monthly archives. https://zenodo.org/records/3378728. CC0 1.0.,TESS station stars297; photometric inflection method; night median MSAS=18.08; MSAS at inflection=16.29; depression=9.32°; smoothing=5-pt median; dark rows=468
fajr,2020-08-04,04:31,0,41.545423,-4.703292,0.0,Zamorano J. et al. (2019). TESS-W sky brightness network. Zenodo monthly archives. https://zenodo.org/records/3378728. CC0 1.0.,TESS station stars297; photometric inflection method; night median MSAS=18.08; MSAS at inflection=15.93; depression=8.31°; smoothing=5-pt median; dark rows=468
isha,2020-08-04,20:31,0,41.545423,-4.703292,0.0,Zamorano J. et al. (2019). TESS-W sky brightness network. Zenodo monthly archives. https://zenodo.org/records/3378728. CC0 1.0.,TESS station stars297; photometric inflection method; night median MSAS=18.22; MSAS at inflection=17.91; depression=10.59°; smoothing=5-pt median; dark rows=467
fajr,2020-08-05,04:15,0,41.545423,-4.703292,0.0,Zamorano J. et al. (2019). TESS-W sky brightness network. Zenodo monthly archives. https://zenodo.org/records/3378728. CC0 1.0.,TESS station stars297; photometric inflection method; night median MSAS=18.22; MSAS at inflection=17.90; depression=11.06°; smoothing=5-pt median; dark rows=467
fajr,2020-08-06,04:29,0,41.545423,-4.703292,0.0,Zamorano J. et al. (2019). TESS-W sky brightness network. Zenodo monthly archives. https://zenodo.org/records/3378728. CC0 1.0.,TESS station stars297; photometric inflection method; night median MSAS=18.19; MSAS at inflection=16.37; depression=9.01°; smoothing=5-pt median; dark rows=470
isha,2020-08-11,21:03,0,41.545423,-4.703292,0.0,Zamorano J. et al. (2019). TESS-W sky brightness network. Zenodo monthly archives. https://zenodo.org/records/3378728. CC0 1.0.,TESS station stars297; photometric inflection method; night median MSAS=18.70; MSAS at inflection=18.15; depression=17.01°; smoothing=5-pt median; dark rows=488
fajr,2020-08-12,04:10,0,41.545423,-4.703292,0.0,Zamorano J. et al. (2019). TESS-W sky brightness network. Zenodo monthly archives. https://zenodo.org/records/3378728. CC0 1.0.,TESS station stars297; photometric inflection method; night median MSAS=18.70; MSAS at inflection=18.45; depression=13.23°; smoothing=5-pt median; dark rows=488
isha,2020-08-12,21:07,0,41.545423,-4.703292,0.0,Zamorano J. et al. (2019). TESS-W sky brightness network. Zenodo monthly archives. https://zenodo.org/records/3378728. CC0 1.0.,TESS station stars297; photometric inflection method; night median MSAS=19.09; MSAS at inflection=18.72; depression=17.85°; smoothing=5-pt median; dark rows=492
fajr,2020-08-13,04:18,0,41.545423,-4.703292,0.0,Zamorano J. et al. (2019). TESS-W sky brightness network. Zenodo monthly archives. https://zenodo.org/records/3378728. CC0 1.0.,TESS station stars297; photometric inflection method; night median MSAS=19.09; MSAS at inflection=18.58; depression=12.16°; smoothing=5-pt median; dark rows=492
isha,2020-08-13,20:08,0,41.545423,-4.703292,0.0,Zamorano J. et al. (2019). TESS-W sky brightness network. Zenodo monthly archives. https://zenodo.org/records/3378728. CC0 1.0.,TESS station stars297; photometric inflection method; night median MSAS=19.18; MSAS at inflection=16.74; depression=9.00°; smoothing=5-pt median; dark rows=493
fajr,2020-08-15,04:31,0,41.545423,-4.703292,0.0,Zamorano J. et al. (2019). TESS-W sky brightness network. Zenodo monthly archives. https://zenodo.org/records/3378728. CC0 1.0.,TESS station stars297; photometric inflection method; night median MSAS=19.18; MSAS at inflection=17.98; depression=10.46°; smoothing=5-pt median; dark rows=487
isha,2020-08-15,20:13,0,41.545423,-4.703292,0.0,Zamorano J. et al. (2019). TESS-W sky brightness network. Zenodo monthly archives. https://zenodo.org/records/3378728. CC0 1.0.,TESS station stars297; photometric inflection method; night median MSAS=18.93; MSAS at inflection=18.05; depression=10.41°; smoothing=5-pt median; dark rows=498
isha,2020-08-17,20:06,0,41.545423,-4.703292,0.0,Zamorano J. et al. (2019). TESS-W sky brightness network. Zenodo monthly archives. https://zenodo.org/records/3378728. CC0 1.0.,TESS station stars297; photometric inflection method; night median MSAS=18.39; MSAS at inflection=16.33; depression=9.81°; smoothing=5-pt median; dark rows=504
fajr,2020-08-18,04:48,0,41.545423,-4.703292,0.0,Zamorano J. et al. (2019). TESS-W sky brightness network. Zenodo monthly archives. https://zenodo.org/records/3378728. CC0 1.0.,TESS station stars297; photometric inflection method; night median MSAS=18.39; MSAS at inflection=15.90; depression=8.16°; smoothing=5-pt median; dark rows=504
isha,2020-08-18,20:49,0,41.545423,-4.703292,0.0,Zamorano J. et al. (2019). TESS-W sky brightness network. Zenodo monthly archives. https://zenodo.org/records/3378728. CC0 1.0.,TESS station stars297; photometric inflection method; night median MSAS=19.20; MSAS at inflection=18.21; depression=16.96°; smoothing=5-pt median; dark rows=508
fajr,2020-08-22,04:17,0,41.545423,-4.703292,0.0,Zamorano J. et al. (2019). TESS-W sky brightness network. Zenodo monthly archives. https://zenodo.org/records/3378728. CC0 1.0.,TESS station stars297; photometric inflection method; night median MSAS=19.09; MSAS at inflection=18.94; depression=14.14°; smoothing=5-pt median; dark rows=513
fajr,2020-08-24,04:39,0,41.545423,-4.703292,0.0,Zamorano J. et al. (2019). TESS-W sky brightness network. Zenodo monthly archives. https://zenodo.org/records/3378728. CC0 1.0.,TESS station stars297; photometric inflection method; night median MSAS=19.17; MSAS at inflection=18.17; depression=10.98°; smoothing=5-pt median; dark rows=523
isha,2020-08-27,19:39,0,41.545423,-4.703292,0.0,Zamorano J. et al. (2019). TESS-W sky brightness network. Zenodo monthly archives. https://zenodo.org/records/3378728. CC0 1.0.,TESS station stars297; photometric inflection method; night median MSAS=18.29; MSAS at inflection=16.13; depression=8.07°; smoothing=5-pt median; dark rows=537
fajr,2020-08-28,04:51,0,41.545423,-4.703292,0.0,Zamorano J. et al. (2019). TESS-W sky brightness network. Zenodo monthly archives. https://zenodo.org/records/3378728. CC0 1.0.,TESS station stars297; photometric inflection method; night median MSAS=18.29; MSAS at inflection=17.22; depression=9.72°; smoothing=5-pt median; dark rows=537
isha,2020-08-28,19:59,0,41.545423,-4.703292,0.0,Zamorano J. et al. (2019). TESS-W sky brightness network. Zenodo monthly archives. https://zenodo.org/records/3378728. CC0 1.0.,TESS station stars297; photometric inflection method; night median MSAS=18.81; MSAS at inflection=17.79; depression=11.82°; smoothing=5-pt median; dark rows=536
isha,2020-08-30,19:50,0,41.545423,-4.703292,0.0,Zamorano J. et al. (2019). TESS-W sky brightness network. Zenodo monthly archives. https://zenodo.org/records/3378728. CC0 1.0.,TESS station stars297; photometric inflection method; night median MSAS=18.51; MSAS at inflection=17.92; depression=10.88°; smoothing=5-pt median; dark rows=544
isha,2020-08-04,20:11,0,42.808582,-1.664658,0.0,Zamorano J. et al. (2019). TESS-W sky brightness network. Zenodo monthly archives. https://zenodo.org/records/3378728. CC0 1.0.,TESS station stars301; photometric inflection method; night median MSAS=17.86; MSAS at inflection=16.05; depression=8.63°; smoothing=5-pt median; dark rows=464
fajr,2020-08-06,03:59,0,42.808582,-1.664658,0.0,Zamorano J. et al. (2019). TESS-W sky brightness network. Zenodo monthly archives. https://zenodo.org/records/3378728. CC0 1.0.,TESS station stars301; photometric inflection method; night median MSAS=17.93; MSAS at inflection=17.38; depression=11.08°; smoothing=5-pt median; dark rows=466
isha,2020-08-06,21:41,0,42.808582,-1.664658,0.0,Zamorano J. et al. (2019). TESS-W sky brightness network. Zenodo monthly archives. https://zenodo.org/records/3378728. CC0 1.0.,TESS station stars301; photometric inflection method; night median MSAS=17.50; MSAS at inflection=16.03; depression=21.39°; smoothing=5-pt median; dark rows=469
fajr,2020-08-07,02:48,0,42.808582,-1.664658,0.0,Zamorano J. et al. (2019). TESS-W sky brightness network. Zenodo monthly archives. https://zenodo.org/records/3378728. CC0 1.0.,TESS station stars301; photometric inflection method; night median MSAS=17.50; MSAS at inflection=17.63; depression=20.90°; smoothing=5-pt median; dark rows=469
fajr,2020-08-11,03:06,0,42.808582,-1.664658,0.0,Zamorano J. et al. (2019). TESS-W sky brightness network. Zenodo monthly archives. https://zenodo.org/records/3378728. CC0 1.0.,TESS station stars301; photometric inflection method; night median MSAS=17.77; MSAS at inflection=17.78; depression=19.54°; smoothing=5-pt median; dark rows=481
fajr,2020-08-14,04:17,0,42.808582,-1.664658,0.0,Zamorano J. et al. (2019). TESS-W sky brightness network. Zenodo monthly archives. https://zenodo.org/records/3378728. CC0 1.0.,TESS station stars301; photometric inflection method; night median MSAS=17.56; MSAS at inflection=17.20; depression=9.84°; smoothing=5-pt median; dark rows=489
isha,2020-08-16,19:59,0,42.808582,-1.664658,0.0,Zamorano J. et al. (2019). TESS-W sky brightness network. Zenodo monthly archives. https://zenodo.org/records/3378728. CC0 1.0.,TESS station stars301; photometric inflection method; night median MSAS=18.65; MSAS at inflection=16.86; depression=9.71°; smoothing=5-pt median; dark rows=498
fajr,2020-08-19,03:12,0,42.808582,-1.664658,0.0,Zamorano J. et al. (2019). TESS-W sky brightness network. Zenodo monthly archives. https://zenodo.org/records/3378728. CC0 1.0.,TESS station stars301; photometric inflection method; night median MSAS=18.59; MSAS at inflection=17.40; depression=20.63°; smoothing=5-pt median; dark rows=501
isha,2020-08-19,19:47,0,42.808582,-1.664658,0.0,Zamorano J. et al. (2019). TESS-W sky brightness network. Zenodo monthly archives. https://zenodo.org/records/3378728. CC0 1.0.,TESS station stars301; photometric inflection method; night median MSAS=18.55; MSAS at inflection=16.29; depression=8.65°; smoothing=5-pt median; dark rows=505
fajr,2020-08-20,04:03,0,42.808582,-1.664658,0.0,Zamorano J. et al. (2019). TESS-W sky brightness network. Zenodo monthly archives. https://zenodo.org/records/3378728. CC0 1.0.,TESS station stars301; photometric inflection method; night median MSAS=18.55; MSAS at inflection=18.24; depression=13.44°; smoothing=5-pt median; dark rows=505
isha,2020-08-20,19:52,0,42.808582,-1.664658,0.0,Zamorano J. et al. (2019). TESS-W sky brightness network. Zenodo monthly archives. https://zenodo.org/records/3378728. CC0 1.0.,TESS station stars301; photometric inflection method; night median MSAS=17.88; MSAS at inflection=15.91; depression=9.73°; smoothing=5-pt median; dark rows=510
isha,2020-08-21,20:53,0,42.808582,-1.664658,0.0,Zamorano J. et al. (2019). TESS-W sky brightness network. Zenodo monthly archives. https://zenodo.org/records/3378728. CC0 1.0.,TESS station stars301; photometric inflection method; night median MSAS=18.68; MSAS at inflection=16.32; depression=19.46°; smoothing=5-pt median; dark rows=513
fajr,2020-08-22,04:27,0,42.808582,-1.664658,0.0,Zamorano J. et al. (2019). TESS-W sky brightness network. Zenodo monthly archives. https://zenodo.org/records/3378728. CC0 1.0.,TESS station stars301; photometric inflection method; night median MSAS=18.68; MSAS at inflection=17.35; depression=10.00°; smoothing=5-pt median; dark rows=513
isha,2020-08-22,19:57,0,42.808582,-1.664658,0.0,Zamorano J. et al. (2019). TESS-W sky brightness network. Zenodo monthly archives. https://zenodo.org/records/3378728. CC0 1.0.,TESS station stars301; photometric inflection method; night median MSAS=17.63; MSAS at inflection=17.51; depression=11.13°; smoothing=5-pt median; dark rows=515
fajr,2020-08-23,04:25,0,42.808582,-1.664658,0.0,Zamorano J. et al. (2019). TESS-W sky brightness network. Zenodo monthly archives. https://zenodo.org/records/3378728. CC0 1.0.,TESS station stars301; photometric inflection method; night median MSAS=17.63; MSAS at inflection=17.58; depression=10.47°; smoothing=5-pt median; dark rows=515
fajr,2020-08-26,03:54,0,42.808582,-1.664658,0.0,Zamorano J. et al. (2019). TESS-W sky brightness network. Zenodo monthly archives. https://zenodo.org/records/3378728. CC0 1.0.,TESS station stars301; photometric inflection method; night median MSAS=18.46; MSAS at inflection=18.44; depression=16.14°; smoothing=5-pt median; dark rows=524
fajr,2020-08-27,04:36,0,42.808582,-1.664658,0.0,Zamorano J. et al. (2019). TESS-W sky brightness network. Zenodo monthly archives. https://zenodo.org/records/3378728. CC0 1.0.,TESS station stars301; photometric inflection method; night median MSAS=18.56; MSAS at inflection=16.96; depression=9.53°; smoothing=5-pt median; dark rows=528
isha,2020-08-27,20:27,0,42.808582,-1.664658,0.0,Zamorano J. et al. (2019). TESS-W sky brightness network. Zenodo monthly archives. https://zenodo.org/records/3378728. CC0 1.0.,TESS station stars301; photometric inflection method; night median MSAS=17.63; MSAS at inflection=17.43; depression=17.42°; smoothing=5-pt median; dark rows=531
fajr,2020-08-28,04:35,0,42.808582,-1.664658,0.0,Zamorano J. et al. (2019). TESS-W sky brightness network. Zenodo monthly archives. https://zenodo.org/records/3378728. CC0 1.0.,TESS station stars301; photometric inflection method; night median MSAS=17.63; MSAS at inflection=15.51; depression=9.86°; smoothing=5-pt median; dark rows=531
isha,2020-08-30,19:27,0,42.808582,-1.664658,0.0,Zamorano J. et al. (2019). TESS-W sky brightness network. Zenodo monthly archives. https://zenodo.org/records/3378728. CC0 1.0.,TESS station stars301; photometric inflection method; night median MSAS=18.04; MSAS at inflection=16.15; depression=8.52°; smoothing=5-pt median; dark rows=540
fajr,2020-08-31,04:47,0,42.808582,-1.664658,0.0,Zamorano J. et al. (2019). TESS-W sky brightness network. Zenodo monthly archives. https://zenodo.org/records/3378728. CC0 1.0.,TESS station stars301; photometric inflection method; night median MSAS=18.04; MSAS at inflection=16.21; depression=8.35°; smoothing=5-pt median; dark rows=540
fajr,2020-08-04,03:55,0,42.789393,-1.609261,0.0,Zamorano J. et al. (2019). TESS-W sky brightness network. Zenodo monthly archives. https://zenodo.org/records/3378728. CC0 1.0.,TESS station stars302; photometric inflection method; night median MSAS=17.68; MSAS at inflection=17.92; depression=11.19°; smoothing=5-pt median; dark rows=461
isha,2020-08-09,20:10,0,42.789393,-1.609261,0.0,Zamorano J. et al. (2019). TESS-W sky brightness network. Zenodo monthly archives. https://zenodo.org/records/3378728. CC0 1.0.,TESS station stars302; photometric inflection method; night median MSAS=17.81; MSAS at inflection=15.58; depression=9.75°; smoothing=5-pt median; dark rows=477
fajr,2020-08-10,04:20,0,42.789393,-1.609261,0.0,Zamorano J. et al. (2019). TESS-W sky brightness network. Zenodo monthly archives. https://zenodo.org/records/3378728. CC0 1.0.,TESS station stars302; photometric inflection method; night median MSAS=17.81; MSAS at inflection=16.08; depression=8.57°; smoothing=5-pt median; dark rows=477
isha,2020-08-10,21:33,0,42.789393,-1.609261,0.0,Zamorano J. et al. (2019). TESS-W sky brightness network. Zenodo monthly archives. https://zenodo.org/records/3378728. CC0 1.0.,TESS station stars302; photometric inflection method; night median MSAS=18.31; MSAS at inflection=18.15; depression=21.58°; smoothing=5-pt median; dark rows=442
fajr,2020-08-11,03:19,0,42.789393,-1.609261,0.0,Zamorano J. et al. (2019). TESS-W sky brightness network. Zenodo monthly archives. https://zenodo.org/records/3378728. CC0 1.0.,TESS station stars302; photometric inflection method; night median MSAS=18.31; MSAS at inflection=17.67; depression=17.82°; smoothing=5-pt median; dark rows=442
fajr,2020-08-14,04:10,0,42.789393,-1.609261,0.0,Zamorano J. et al. (2019). TESS-W sky brightness network. Zenodo monthly archives. https://zenodo.org/records/3378728. CC0 1.0.,TESS station stars302; photometric inflection method; night median MSAS=18.36; MSAS at inflection=18.17; depression=10.94°; smoothing=5-pt median; dark rows=488
isha,2020-08-14,21:04,0,42.789393,-1.609261,0.0,Zamorano J. et al. (2019). TESS-W sky brightness network. Zenodo monthly archives. https://zenodo.org/records/3378728. CC0 1.0.,TESS station stars302; photometric inflection method; night median MSAS=17.57; MSAS at inflection=15.62; depression=18.99°; smoothing=5-pt median; dark rows=493
isha,2020-08-16,20:37,0,42.789393,-1.609261,0.0,Zamorano J. et al. (2019). TESS-W sky brightness network. Zenodo monthly archives. https://zenodo.org/records/3378728. CC0 1.0.,TESS station stars302; photometric inflection method; night median MSAS=19.40; MSAS at inflection=19.12; depression=15.62°; smoothing=5-pt median; dark rows=498
fajr,2020-08-19,04:24,0,42.789393,-1.609261,0.0,Zamorano J. et al. (2019). TESS-W sky brightness network. Zenodo monthly archives. https://zenodo.org/records/3378728. CC0 1.0.,TESS station stars302; photometric inflection method; night median MSAS=19.26; MSAS at inflection=17.73; depression=9.70°; smoothing=5-pt median; dark rows=504
fajr,2020-08-21,04:31,0,42.789393,-1.609261,0.0,Zamorano J. et al. (2019). TESS-W sky brightness network. Zenodo monthly archives. https://zenodo.org/records/3378728. CC0 1.0.,TESS station stars302; photometric inflection method; night median MSAS=18.80; MSAS at inflection=16.51; depression=9.06°; smoothing=5-pt median; dark rows=508
isha,2020-08-22,20:31,0,42.789393,-1.609261,0.0,Zamorano J. et al. (2019). TESS-W sky brightness network. Zenodo monthly archives. https://zenodo.org/records/3378728. CC0 1.0.,TESS station stars302; photometric inflection method; night median MSAS=18.86; MSAS at inflection=18.14; depression=16.47°; smoothing=5-pt median; dark rows=516
fajr,2020-08-24,03:44,0,42.789393,-1.609261,0.0,Zamorano J. et al. (2019). TESS-W sky brightness network. Zenodo monthly archives. https://zenodo.org/records/3378728. CC0 1.0.,TESS station stars302; photometric inflection method; night median MSAS=18.64; MSAS at inflection=19.21; depression=17.12°; smoothing=5-pt median; dark rows=520
isha,2020-08-26,19:46,0,42.789393,-1.609261,0.0,Zamorano J. et al. (2019). TESS-W sky brightness network. Zenodo monthly archives. https://zenodo.org/records/3378728. CC0 1.0.,TESS station stars302; photometric inflection method; night median MSAS=19.27; MSAS at inflection=17.86; depression=10.59°; smoothing=5-pt median; dark rows=529
fajr,2020-08-27,04:32,0,42.789393,-1.609261,0.0,Zamorano J. et al. (2019). TESS-W sky brightness network. Zenodo monthly archives. https://zenodo.org/records/3378728. CC0 1.0.,TESS station stars302; photometric inflection method; night median MSAS=19.27; MSAS at inflection=17.73; depression=10.17°; smoothing=5-pt median; dark rows=529
fajr,2020-08-28,04:09,0,42.789393,-1.609261,0.0,Zamorano J. et al. (2019). TESS-W sky brightness network. Zenodo monthly archives. https://zenodo.org/records/3378728. CC0 1.0.,TESS station stars302; photometric inflection method; night median MSAS=18.38; MSAS at inflection=16.35; depression=14.10°; smoothing=5-pt median; dark rows=532
isha,2020-08-30,20:20,0,42.789393,-1.609261,0.0,Zamorano J. et al. (2019). TESS-W sky brightness network. Zenodo monthly archives. https://zenodo.org/records/3378728. CC0 1.0.,TESS station stars302; photometric inflection method; night median MSAS=18.35; MSAS at inflection=17.64; depression=17.30°; smoothing=5-pt median; dark rows=541
isha,2020-08-01,21:40,0,42.739011,-1.439467,0.0,Zamorano J. et al. (2019). TESS-W sky brightness network. Zenodo monthly archives. https://zenodo.org/records/3378728. CC0 1.0.,TESS station stars304; photometric inflection method; night median MSAS=18.44; MSAS at inflection=18.13; depression=20.24°; smoothing=5-pt median; dark rows=396
fajr,2020-08-03,03:38,0,42.739011,-1.439467,0.0,Zamorano J. et al. (2019). TESS-W sky brightness network. Zenodo monthly archives. https://zenodo.org/records/3378728. CC0 1.0.,TESS station stars304; photometric inflection method; night median MSAS=17.70; MSAS at inflection=18.73; depression=13.46°; smoothing=5-pt median; dark rows=457
fajr,2020-08-04,03:48,0,42.739011,-1.439467,0.0,Zamorano J. et al. (2019). TESS-W sky brightness network. Zenodo monthly archives. https://zenodo.org/records/3378728. CC0 1.0.,TESS station stars304; photometric inflection method; night median MSAS=18.11; MSAS at inflection=17.80; depression=12.16°; smoothing=5-pt median; dark rows=460
isha,2020-08-04,21:06,0,42.739011,-1.439467,0.0,Zamorano J. et al. (2019). TESS-W sky brightness network. Zenodo monthly archives. https://zenodo.org/records/3378728. CC0 1.0.,TESS station stars304; photometric inflection method; night median MSAS=18.52; MSAS at inflection=19.53; depression=16.73°; smoothing=5-pt median; dark rows=459
fajr,2020-08-05,03:53,0,42.739011,-1.439467,0.0,Zamorano J. et al. (2019). TESS-W sky brightness network. Zenodo monthly archives. https://zenodo.org/records/3378728. CC0 1.0.,TESS station stars304; photometric inflection method; night median MSAS=18.52; MSAS at inflection=18.33; depression=11.63°; smoothing=5-pt median; dark rows=459
isha,2020-08-06,20:29,0,42.739011,-1.439467,0.0,Zamorano J. et al. (2019). TESS-W sky brightness network. Zenodo monthly archives. https://zenodo.org/records/3378728. CC0 1.0.,TESS station stars304; photometric inflection method; night median MSAS=18.34; MSAS at inflection=19.28; depression=11.91°; smoothing=5-pt median; dark rows=466
isha,2020-08-07,19:58,0,42.739011,-1.439467,0.0,Zamorano J. et al. (2019). TESS-W sky brightness network. Zenodo monthly archives. https://zenodo.org/records/3378728. CC0 1.0.,TESS station stars304; photometric inflection method; night median MSAS=18.71; MSAS at inflection=17.20; depression=7.38°; smoothing=5-pt median; dark rows=472
isha,2020-08-08,20:12,0,42.739011,-1.439467,0.0,Zamorano J. et al. (2019). TESS-W sky brightness network. Zenodo monthly archives. https://zenodo.org/records/3378728. CC0 1.0.,TESS station stars304; photometric inflection method; night median MSAS=18.85; MSAS at inflection=17.64; depression=9.95°; smoothing=5-pt median; dark rows=470
isha,2020-08-09,20:02,0,42.739011,-1.439467,0.0,Zamorano J. et al. (2019). TESS-W sky brightness network. Zenodo monthly archives. https://zenodo.org/records/3378728. CC0 1.0.,TESS station stars304; photometric inflection method; night median MSAS=18.80; MSAS at inflection=18.09; depression=8.63°; smoothing=5-pt median; dark rows=476
fajr,2020-08-10,03:45,0,42.739011,-1.439467,0.0,Zamorano J. et al. (2019). TESS-W sky brightness network. Zenodo monthly archives. https://zenodo.org/records/3378728. CC0 1.0.,TESS station stars304; photometric inflection method; night median MSAS=18.80; MSAS at inflection=18.56; depression=13.88°; smoothing=5-pt median; dark rows=476
fajr,2020-08-11,03:31,0,42.739011,-1.439467,0.0,Zamorano J. et al. (2019). TESS-W sky brightness network. Zenodo monthly archives. https://zenodo.org/records/3378728. CC0 1.0.,TESS station stars304; photometric inflection method; night median MSAS=19.47; MSAS at inflection=18.36; depression=16.04°; smoothing=5-pt median; dark rows=481
isha,2020-08-11,20:24,0,42.739011,-1.439467,0.0,Zamorano J. et al. (2019). TESS-W sky brightness network. Zenodo monthly archives. https://zenodo.org/records/3378728. CC0 1.0.,TESS station stars304; photometric inflection method; night median MSAS=19.31; MSAS at inflection=19.23; depression=12.52°; smoothing=5-pt median; dark rows=482
fajr,2020-08-12,03:39,0,42.739011,-1.439467,0.0,Zamorano J. et al. (2019). TESS-W sky brightness network. Zenodo monthly archives. https://zenodo.org/records/3378728. CC0 1.0.,TESS station stars304; photometric inflection method; night median MSAS=19.31; MSAS at inflection=18.68; depression=15.14°; smoothing=5-pt median; dark rows=482
fajr,2020-08-14,04:08,0,42.739011,-1.439467,0.0,Zamorano J. et al. (2019). TESS-W sky brightness network. Zenodo monthly archives. https://zenodo.org/records/3378728. CC0 1.0.,TESS station stars304; photometric inflection method; night median MSAS=20.93; MSAS at inflection=18.75; depression=11.16°; smoothing=5-pt median; dark rows=245
fajr,2020-08-15,03:48,0,42.739011,-1.439467,0.0,Zamorano J. et al. (2019). TESS-W sky brightness network. Zenodo monthly archives. https://zenodo.org/records/3378728. CC0 1.0.,TESS station stars304; photometric inflection method; night median MSAS=19.82; MSAS at inflection=18.39; depression=14.41°; smoothing=5-pt median; dark rows=492
isha,2020-08-15,21:23,0,42.739011,-1.439467,0.0,Zamorano J. et al. (2019). TESS-W sky brightness network. Zenodo monthly archives. https://zenodo.org/records/3378728. CC0 1.0.,TESS station stars304; photometric inflection method; night median MSAS=20.40; MSAS at inflection=20.00; depression=21.94°; smoothing=5-pt median; dark rows=492
fajr,2020-08-16,04:10,0,42.739011,-1.439467,0.0,Zamorano J. et al. (2019). TESS-W sky brightness network. Zenodo monthly archives. https://zenodo.org/records/3378728. CC0 1.0.,TESS station stars304; photometric inflection method; night median MSAS=20.40; MSAS at inflection=19.17; depression=11.28°; smoothing=5-pt median; dark rows=492
isha,2020-08-16,20:09,0,42.739011,-1.439467,0.0,Zamorano J. et al. (2019). TESS-W sky brightness network. Zenodo monthly archives. https://zenodo.org/records/3378728. CC0 1.0.,TESS station stars304; photometric inflection method; night median MSAS=20.91; MSAS at inflection=19.19; depression=11.50°; smoothing=5-pt median; dark rows=484
fajr,2020-08-18,04:22,0,42.739011,-1.439467,0.0,Zamorano J. et al. (2019). TESS-W sky brightness network. Zenodo monthly archives. https://zenodo.org/records/3378728. CC0 1.0.,TESS station stars304; photometric inflection method; night median MSAS=19.92; MSAS at inflection=17.93; depression=9.87°; smoothing=5-pt median; dark rows=499
fajr,2020-08-20,04:09,0,42.739011,-1.439467,0.0,Zamorano J. et al. (2019). TESS-W sky brightness network. Zenodo monthly archives. https://zenodo.org/records/3378728. CC0 1.0.,TESS station stars304; photometric inflection method; night median MSAS=20.85; MSAS at inflection=19.77; depression=12.38°; smoothing=5-pt median; dark rows=502
fajr,2020-08-26,03:16,0,42.739011,-1.439467,0.0,Zamorano J. et al. (2019). TESS-W sky brightness network. Zenodo monthly archives. https://zenodo.org/records/3378728. CC0 1.0.,TESS station stars304; photometric inflection method; night median MSAS=20.81; MSAS at inflection=20.95; depression=21.75°; smoothing=5-pt median; dark rows=523
fajr,2020-08-27,04:04,0,42.739011,-1.439467,0.0,Zamorano J. et al. (2019). TESS-W sky brightness network. Zenodo monthly archives. https://zenodo.org/records/3378728. CC0 1.0.,TESS station stars304; photometric inflection method; night median MSAS=20.84; MSAS at inflection=20.73; depression=14.66°; smoothing=5-pt median; dark rows=528
isha,2020-08-27,19:55,0,42.739011,-1.439467,0.0,Zamorano J. et al. (2019). TESS-W sky brightness network. Zenodo monthly archives. https://zenodo.org/records/3378728. CC0 1.0.,TESS station stars304; photometric inflection method; night median MSAS=19.69; MSAS at inflection=19.19; depression=12.54°; smoothing=5-pt median; dark rows=531
fajr,2020-08-28,04:39,0,42.739011,-1.439467,0.0,Zamorano J. et al. (2019). TESS-W sky brightness network. Zenodo monthly archives. https://zenodo.org/records/3378728. CC0 1.0.,TESS station stars304; photometric inflection method; night median MSAS=19.69; MSAS at inflection=17.47; depression=9.12°; smoothing=5-pt median; dark rows=531
isha,2020-08-28,19:53,0,42.739011,-1.439467,0.0,Zamorano J. et al. (2019). TESS-W sky brightness network. Zenodo monthly archives. https://zenodo.org/records/3378728. CC0 1.0.,TESS station stars304; photometric inflection method; night median MSAS=19.85; MSAS at inflection=18.06; depression=12.48°; smoothing=5-pt median; dark rows=533
isha,2020-08-29,19:35,0,42.739011,-1.439467,0.0,Zamorano J. et al. (2019). TESS-W sky brightness network. Zenodo monthly archives. https://zenodo.org/records/3378728. CC0 1.0.,TESS station stars304; photometric inflection method; night median MSAS=19.52; MSAS at inflection=17.05; depression=9.82°; smoothing=5-pt median; dark rows=534
isha,2020-08-30,19:32,0,42.739011,-1.439467,0.0,Zamorano J. et al. (2019). TESS-W sky brightness network. Zenodo monthly archives. https://zenodo.org/records/3378728. CC0 1.0.,TESS station stars304; photometric inflection method; night median MSAS=18.94; MSAS at inflection=17.20; depression=9.59°; smoothing=5-pt median; dark rows=537
isha,2020-08-01,21:20,0,43.215972,-1.551836,0.0,Zamorano J. et al. (2019). TESS-W sky brightness network. Zenodo monthly archives. https://zenodo.org/records/3378728. CC0 1.0.,TESS station stars305; photometric inflection method; night median MSAS=19.10; MSAS at inflection=19.26; depression=17.41°; smoothing=5-pt median; dark rows=439
fajr,2020-08-02,03:58,0,43.215972,-1.551836,0.0,Zamorano J. et al. (2019). TESS-W sky brightness network. Zenodo monthly archives. https://zenodo.org/records/3378728. CC0 1.0.,TESS station stars305; photometric inflection method; night median MSAS=19.10; MSAS at inflection=18.56; depression=10.16°; smoothing=5-pt median; dark rows=439
isha,2020-08-02,21:21,0,43.215972,-1.551836,0.0,Zamorano J. et al. (2019). TESS-W sky brightness network. Zenodo monthly archives. https://zenodo.org/records/3378728. CC0 1.0.,TESS station stars305; photometric inflection method; night median MSAS=18.02; MSAS at inflection=18.36; depression=17.74°; smoothing=5-pt median; dark rows=446
fajr,2020-08-03,04:04,0,43.215972,-1.551836,0.0,Zamorano J. et al. (2019). TESS-W sky brightness network. Zenodo monthly archives. https://zenodo.org/records/3378728. CC0 1.0.,TESS station stars305; photometric inflection method; night median MSAS=18.02; MSAS at inflection=17.50; depression=9.41°; smoothing=5-pt median; dark rows=446
isha,2020-08-03,21:06,0,43.215972,-1.551836,0.0,Zamorano J. et al. (2019). TESS-W sky brightness network. Zenodo monthly archives. https://zenodo.org/records/3378728. CC0 1.0.,TESS station stars305; photometric inflection method; night median MSAS=17.59; MSAS at inflection=18.31; depression=16.15°; smoothing=5-pt median; dark rows=443
fajr,2020-08-04,02:37,0,43.215972,-1.551836,0.0,Zamorano J. et al. (2019). TESS-W sky brightness network. Zenodo monthly archives. https://zenodo.org/records/3378728. CC0 1.0.,TESS station stars305; photometric inflection method; night median MSAS=17.59; MSAS at inflection=17.63; depression=21.03°; smoothing=5-pt median; dark rows=443
isha,2020-08-05,20:14,0,43.215972,-1.551836,0.0,Zamorano J. et al. (2019). TESS-W sky brightness network. Zenodo monthly archives. https://zenodo.org/records/3378728. CC0 1.0.,TESS station stars305; photometric inflection method; night median MSAS=18.60; MSAS at inflection=16.77; depression=9.11°; smoothing=5-pt median; dark rows=447
isha,2020-08-06,20:12,0,43.215972,-1.551836,0.0,Zamorano J. et al. (2019). TESS-W sky brightness network. Zenodo monthly archives. https://zenodo.org/records/3378728. CC0 1.0.,TESS station stars305; photometric inflection method; night median MSAS=18.54; MSAS at inflection=16.76; depression=9.07°; smoothing=5-pt median; dark rows=447
isha,2020-08-07,21:33,0,43.215972,-1.551836,0.0,Zamorano J. et al. (2019). TESS-W sky brightness network. Zenodo monthly archives. https://zenodo.org/records/3378728. CC0 1.0.,TESS station stars305; photometric inflection method; night median MSAS=18.71; MSAS at inflection=19.58; depression=20.51°; smoothing=5-pt median; dark rows=457
fajr,2020-08-08,04:05,0,43.215972,-1.551836,0.0,Zamorano J. et al. (2019). TESS-W sky brightness network. Zenodo monthly archives. https://zenodo.org/records/3378728. CC0 1.0.,TESS station stars305; photometric inflection method; night median MSAS=18.71; MSAS at inflection=17.44; depression=10.30°; smoothing=5-pt median; dark rows=457
isha,2020-08-08,20:11,0,43.215972,-1.551836,0.0,Zamorano J. et al. (2019). TESS-W sky brightness network. Zenodo monthly archives. https://zenodo.org/records/3378728. CC0 1.0.,TESS station stars305; photometric inflection method; night median MSAS=18.98; MSAS at inflection=17.52; depression=9.36°; smoothing=5-pt median; dark rows=450
fajr,2020-08-09,02:46,0,43.215972,-1.551836,0.0,Zamorano J. et al. (2019). TESS-W sky brightness network. Zenodo monthly archives. https://zenodo.org/records/3378728. CC0 1.0.,TESS station stars305; photometric inflection method; night median MSAS=18.98; MSAS at inflection=17.60; depression=21.23°; smoothing=5-pt median; dark rows=450
isha,2020-08-09,20:24,0,43.215972,-1.551836,0.0,Zamorano J. et al. (2019). TESS-W sky brightness network. Zenodo monthly archives. https://zenodo.org/records/3378728. CC0 1.0.,TESS station stars305; photometric inflection method; night median MSAS=20.01; MSAS at inflection=20.44; depression=11.60°; smoothing=5-pt median; dark rows=456
fajr,2020-08-10,03:51,0,43.215972,-1.551836,0.0,Zamorano J. et al. (2019). TESS-W sky brightness network. Zenodo monthly archives. https://zenodo.org/records/3378728. CC0 1.0.,TESS station stars305; photometric inflection method; night median MSAS=20.01; MSAS at inflection=18.79; depression=12.82°; smoothing=5-pt median; dark rows=456
fajr,2020-08-11,04:04,0,43.215972,-1.551836,0.0,Zamorano J. et al. (2019). TESS-W sky brightness network. Zenodo monthly archives. https://zenodo.org/records/3378728. CC0 1.0.,TESS station stars305; photometric inflection method; night median MSAS=19.05; MSAS at inflection=17.76; depression=11.08°; smoothing=5-pt median; dark rows=219
isha,2020-08-11,21:02,0,43.215972,-1.551836,0.0,Zamorano J. et al. (2019). TESS-W sky brightness network. Zenodo monthly archives. https://zenodo.org/records/3378728. CC0 1.0.,TESS station stars305; photometric inflection method; night median MSAS=19.71; MSAS at inflection=19.76; depression=17.57°; smoothing=5-pt median; dark rows=93
fajr,2020-08-12,02:59,0,43.215972,-1.551836,0.0,Zamorano J. et al. (2019). TESS-W sky brightness network. Zenodo monthly archives. https://zenodo.org/records/3378728. CC0 1.0.,TESS station stars305; photometric inflection method; night median MSAS=19.71; MSAS at inflection=19.07; depression=20.35°; smoothing=5-pt median; dark rows=93
fajr,2020-08-14,03:20,0,43.215972,-1.551836,0.0,Zamorano J. et al. (2019). TESS-W sky brightness network. Zenodo monthly archives. https://zenodo.org/records/3378728. CC0 1.0.,TESS station stars305; photometric inflection method; night median MSAS=21.08; MSAS at inflection=19.96; depression=18.09°; smoothing=5-pt median; dark rows=390
fajr,2020-08-15,04:14,0,43.215972,-1.551836,0.0,Zamorano J. et al. (2019). TESS-W sky brightness network. Zenodo monthly archives. https://zenodo.org/records/3378728. CC0 1.0.,TESS station stars305; photometric inflection method; night median MSAS=20.93; MSAS at inflection=18.58; depression=10.33°; smoothing=5-pt median; dark rows=314
isha,2020-08-15,20:28,0,43.215972,-1.551836,0.0,Zamorano J. et al. (2019). TESS-W sky brightness network. Zenodo monthly archives. https://zenodo.org/records/3378728. CC0 1.0.,TESS station stars305; photometric inflection method; night median MSAS=21.20; MSAS at inflection=22.59; depression=13.82°; smoothing=5-pt median; dark rows=233
fajr,2020-08-16,03:50,0,43.215972,-1.551836,0.0,Zamorano J. et al. (2019). TESS-W sky brightness network. Zenodo monthly archives. https://zenodo.org/records/3378728. CC0 1.0.,TESS station stars305; photometric inflection method; night median MSAS=21.20; MSAS at inflection=20.87; depression=14.25°; smoothing=5-pt median; dark rows=233
isha,2020-08-17,20:16,0,43.215972,-1.551836,0.0,Zamorano J. et al. (2019). TESS-W sky brightness network. Zenodo monthly archives. https://zenodo.org/records/3378728. CC0 1.0.,TESS station stars305; photometric inflection method; night median MSAS=20.13; MSAS at inflection=19.39; depression=12.53°; smoothing=5-pt median; dark rows=476
fajr,2020-08-18,04:06,0,43.215972,-1.551836,0.0,Zamorano J. et al. (2019). TESS-W sky brightness network. Zenodo monthly archives. https://zenodo.org/records/3378728. CC0 1.0.,TESS station stars305; photometric inflection method; night median MSAS=20.13; MSAS at inflection=19.42; depression=12.24°; smoothing=5-pt median; dark rows=476
isha,2020-08-18,20:47,0,43.215972,-1.551836,0.0,Zamorano J. et al. (2019). TESS-W sky brightness network. Zenodo monthly archives. https://zenodo.org/records/3378728. CC0 1.0.,TESS station stars305; photometric inflection method; night median MSAS=20.92; MSAS at inflection=20.83; depression=17.48°; smoothing=5-pt median; dark rows=196
fajr,2020-08-19,04:11,0,43.215972,-1.551836,0.0,Zamorano J. et al. (2019). TESS-W sky brightness network. Zenodo monthly archives. https://zenodo.org/records/3378728. CC0 1.0.,TESS station stars305; photometric inflection method; night median MSAS=20.92; MSAS at inflection=19.67; depression=11.62°; smoothing=5-pt median; dark rows=196
fajr,2020-08-21,03:04,0,43.215972,-1.551836,0.0,Zamorano J. et al. (2019). TESS-W sky brightness network. Zenodo monthly archives. https://zenodo.org/records/3378728. CC0 1.0.,TESS station stars305; photometric inflection method; night median MSAS=20.25; MSAS at inflection=20.96; depression=21.85°; smoothing=5-pt median; dark rows=470
isha,2020-08-21,20:11,0,43.215972,-1.551836,0.0,Zamorano J. et al. (2019). TESS-W sky brightness network. Zenodo monthly archives. https://zenodo.org/records/3378728. CC0 1.0.,TESS station stars305; photometric inflection method; night median MSAS=21.17; MSAS at inflection=18.81; depression=12.86°; smoothing=5-pt median; dark rows=474
isha,2020-08-22,20:08,0,43.215972,-1.551836,0.0,Zamorano J. et al. (2019). TESS-W sky brightness network. Zenodo monthly archives. https://zenodo.org/records/3378728. CC0 1.0.,TESS station stars305; photometric inflection method; night median MSAS=21.46; MSAS at inflection=19.72; depression=12.76°; smoothing=5-pt median; dark rows=477
fajr,2020-08-23,04:10,0,43.215972,-1.551836,0.0,Zamorano J. et al. (2019). TESS-W sky brightness network. Zenodo monthly archives. https://zenodo.org/records/3378728. CC0 1.0.,TESS station stars305; photometric inflection method; night median MSAS=21.46; MSAS at inflection=19.84; depression=12.70°; smoothing=5-pt median; dark rows=477
isha,2020-08-25,20:37,0,43.215972,-1.551836,0.0,Zamorano J. et al. (2019). TESS-W sky brightness network. Zenodo monthly archives. https://zenodo.org/records/3378728. CC0 1.0.,TESS station stars305; photometric inflection method; night median MSAS=21.20; MSAS at inflection=20.20; depression=18.14°; smoothing=5-pt median; dark rows=506
fajr,2020-08-26,04:25,0,43.215972,-1.551836,0.0,Zamorano J. et al. (2019). TESS-W sky brightness network. Zenodo monthly archives. https://zenodo.org/records/3378728. CC0 1.0.,TESS station stars305; photometric inflection method; night median MSAS=21.20; MSAS at inflection=18.73; depression=10.77°; smoothing=5-pt median; dark rows=506
fajr,2020-08-29,03:42,0,43.215972,-1.551836,0.0,Zamorano J. et al. (2019). TESS-W sky brightness network. Zenodo monthly archives. https://zenodo.org/records/3378728. CC0 1.0.,TESS station stars305; photometric inflection method; night median MSAS=20.01; MSAS at inflection=21.29; depression=18.38°; smoothing=5-pt median; dark rows=515
isha,2020-08-29,20:14,0,43.215972,-1.551836,0.0,Zamorano J. et al. (2019). TESS-W sky brightness network. Zenodo monthly archives. https://zenodo.org/records/3378728. CC0 1.0.,TESS station stars305; photometric inflection method; night median MSAS=19.66; MSAS at inflection=18.22; depression=15.87°; smoothing=5-pt median; dark rows=446
fajr,2020-08-30,04:23,0,43.215972,-1.551836,0.0,Zamorano J. et al. (2019). TESS-W sky brightness network. Zenodo monthly archives. https://zenodo.org/records/3378728. CC0 1.0.,TESS station stars305; photometric inflection method; night median MSAS=19.66; MSAS at inflection=19.78; depression=12.04°; smoothing=5-pt median; dark rows=446
isha,2020-08-30,20:32,0,43.215972,-1.551836,0.0,Zamorano J. et al. (2019). TESS-W sky brightness network. Zenodo monthly archives. https://zenodo.org/records/3378728. CC0 1.0.,TESS station stars305; photometric inflection method; night median MSAS=18.73; MSAS at inflection=18.06; depression=19.02°; smoothing=5-pt median; dark rows=511
fajr,2020-08-31,04:43,0,43.215972,-1.551836,0.0,Zamorano J. et al. (2019). TESS-W sky brightness network. Zenodo monthly archives. https://zenodo.org/records/3378728. CC0 1.0.,TESS station stars305; photometric inflection method; night median MSAS=18.73; MSAS at inflection=16.86; depression=8.87°; smoothing=5-pt median; dark rows=511
isha,2020-08-31,19:30,0,43.215972,-1.551836,0.0,Zamorano J. et al. (2019). TESS-W sky brightness network. Zenodo monthly archives. https://zenodo.org/records/3378728. CC0 1.0.,TESS station stars305; photometric inflection method; night median MSAS=17.51; MSAS at inflection=17.23; depression=9.21°; smoothing=5-pt median; dark rows=253
isha,2020-08-02,21:22,0,42.802325,-1.014156,0.0,Zamorano J. et al. (2019). TESS-W sky brightness network. Zenodo monthly archives. https://zenodo.org/records/3378728. CC0 1.0.,TESS station stars308; photometric inflection method; night median MSAS=17.73; MSAS at inflection=17.60; depression=18.48°; smoothing=5-pt median; dark rows=88
fajr,2020-08-03,04:10,0,42.802325,-1.014156,0.0,Zamorano J. et al. (2019). TESS-W sky brightness network. Zenodo monthly archives. https://zenodo.org/records/3378728. CC0 1.0.,TESS station stars308; photometric inflection method; night median MSAS=17.73; MSAS at inflection=16.73; depression=8.47°; smoothing=5-pt median; dark rows=88
fajr,2020-08-05,04:02,0,42.802325,-1.014156,0.0,Zamorano J. et al. (2019). TESS-W sky brightness network. Zenodo monthly archives. https://zenodo.org/records/3378728. CC0 1.0.,TESS station stars308; photometric inflection method; night median MSAS=18.37; MSAS at inflection=17.42; depression=9.96°; smoothing=5-pt median; dark rows=39
isha,2020-08-06,20:16,0,42.802325,-1.014156,0.0,Zamorano J. et al. (2019). TESS-W sky brightness network. Zenodo monthly archives. https://zenodo.org/records/3378728. CC0 1.0.,TESS station stars308; photometric inflection method; night median MSAS=18.32; MSAS at inflection=17.88; depression=10.24°; smoothing=5-pt median; dark rows=465
isha,2020-08-07,20:20,0,42.802325,-1.014156,0.0,Zamorano J. et al. (2019). TESS-W sky brightness network. Zenodo monthly archives. https://zenodo.org/records/3378728. CC0 1.0.,TESS station stars308; photometric inflection method; night median MSAS=18.52; MSAS at inflection=19.31; depression=11.07°; smoothing=5-pt median; dark rows=147
isha,2020-08-09,20:56,0,42.802325,-1.014156,0.0,Zamorano J. et al. (2019). TESS-W sky brightness network. Zenodo monthly archives. https://zenodo.org/records/3378728. CC0 1.0.,TESS station stars308; photometric inflection method; night median MSAS=19.20; MSAS at inflection=20.47; depression=16.85°; smoothing=5-pt median; dark rows=414
fajr,2020-08-10,02:42,0,42.802325,-1.014156,0.0,Zamorano J. et al. (2019). TESS-W sky brightness network. Zenodo monthly archives. https://zenodo.org/records/3378728. CC0 1.0.,TESS station stars308; photometric inflection method; night median MSAS=19.20; MSAS at inflection=18.43; depression=21.94°; smoothing=5-pt median; dark rows=414
isha,2020-08-12,20:19,0,42.802325,-1.014156,0.0,Zamorano J. et al. (2019). TESS-W sky brightness network. Zenodo monthly archives. https://zenodo.org/records/3378728. CC0 1.0.,TESS station stars308; photometric inflection method; night median MSAS=20.02; MSAS at inflection=19.44; depression=12.23°; smoothing=5-pt median; dark rows=98
fajr,2020-08-12,20:42,0,42.802325,-1.014156,0.0,Zamorano J. et al. (2019). TESS-W sky brightness network. Zenodo monthly archives. https://zenodo.org/records/3378728. CC0 1.0.,TESS station stars308; photometric inflection method; night median MSAS=20.02; MSAS at inflection=19.98; depression=15.58°; smoothing=5-pt median; dark rows=98
isha,2020-08-13,20:16,0,42.802325,-1.014156,0.0,Zamorano J. et al. (2019). TESS-W sky brightness network. Zenodo monthly archives. https://zenodo.org/records/3378728. CC0 1.0.,TESS station stars308; photometric inflection method; night median MSAS=20.53; MSAS at inflection=19.33; depression=11.98°; smoothing=5-pt median; dark rows=419
fajr,2020-08-15,03:48,0,42.802325,-1.014156,0.0,Zamorano J. et al. (2019). TESS-W sky brightness network. Zenodo monthly archives. https://zenodo.org/records/3378728. CC0 1.0.,TESS station stars308; photometric inflection method; night median MSAS=20.23; MSAS at inflection=20.25; depression=14.21°; smoothing=5-pt median; dark rows=377
isha,2020-08-16,20:08,0,42.802325,-1.014156,0.0,Zamorano J. et al. (2019). TESS-W sky brightness network. Zenodo monthly archives. https://zenodo.org/records/3378728. CC0 1.0.,TESS station stars308; photometric inflection method; night median MSAS=19.52; MSAS at inflection=18.51; depression=11.56°; smoothing=5-pt median; dark rows=36
fajr,2020-08-17,04:03,0,42.802325,-1.014156,0.0,Zamorano J. et al. (2019). TESS-W sky brightness network. Zenodo monthly archives. https://zenodo.org/records/3378728. CC0 1.0.,TESS station stars308; photometric inflection method; night median MSAS=19.52; MSAS at inflection=19.82; depression=12.38°; smoothing=5-pt median; dark rows=36
fajr,2020-08-20,04:18,0,42.802325,-1.014156,0.0,Zamorano J. et al. (2019). TESS-W sky brightness network. Zenodo monthly archives. https://zenodo.org/records/3378728. CC0 1.0.,TESS station stars308; photometric inflection method; night median MSAS=20.50; MSAS at inflection=18.35; depression=10.61°; smoothing=5-pt median; dark rows=152
fajr,2020-08-25,04:25,0,42.802325,-1.014156,0.0,Zamorano J. et al. (2019). TESS-W sky brightness network. Zenodo monthly archives. https://zenodo.org/records/3378728. CC0 1.0.,TESS station stars308; photometric inflection method; night median MSAS=20.64; MSAS at inflection=18.17; depression=10.42°; smoothing=5-pt median; dark rows=514
isha,2020-08-26,19:38,0,42.802325,-1.014156,0.0,Zamorano J. et al. (2019). TESS-W sky brightness network. Zenodo monthly archives. https://zenodo.org/records/3378728. CC0 1.0.,TESS station stars308; photometric inflection method; night median MSAS=19.76; MSAS at inflection=17.30; depression=9.65°; smoothing=5-pt median; dark rows=295
fajr,2020-08-28,04:28,0,42.802325,-1.014156,0.0,Zamorano J. et al. (2019). TESS-W sky brightness network. Zenodo monthly archives. https://zenodo.org/records/3378728. CC0 1.0.,TESS station stars308; photometric inflection method; night median MSAS=20.51; MSAS at inflection=18.65; depression=10.52°; smoothing=5-pt median; dark rows=382
isha,2020-08-28,19:44,0,42.802325,-1.014156,0.0,Zamorano J. et al. (2019). TESS-W sky brightness network. Zenodo monthly archives. https://zenodo.org/records/3378728. CC0 1.0.,TESS station stars308; photometric inflection method; night median MSAS=19.61; MSAS at inflection=17.60; depression=11.27°; smoothing=5-pt median; dark rows=531
isha,2020-08-29,19:49,0,42.802325,-1.014156,0.0,Zamorano J. et al. (2019). TESS-W sky brightness network. Zenodo monthly archives. https://zenodo.org/records/3378728. CC0 1.0.,TESS station stars308; photometric inflection method; night median MSAS=18.63; MSAS at inflection=18.30; depression=12.35°; smoothing=5-pt median; dark rows=278
fajr,2020-08-30,04:26,0,42.802325,-1.014156,0.0,Zamorano J. et al. (2019). TESS-W sky brightness network. Zenodo monthly archives. https://zenodo.org/records/3378728. CC0 1.0.,TESS station stars308; photometric inflection method; night median MSAS=18.63; MSAS at inflection=19.28; depression=11.39°; smoothing=5-pt median; dark rows=278
isha,2020-08-31,19:34,0,42.802325,-1.014156,0.0,Zamorano J. et al. (2019). TESS-W sky brightness network. Zenodo monthly archives. https://zenodo.org/records/3378728. CC0 1.0.,TESS station stars308; photometric inflection method; night median MSAS=17.96; MSAS at inflection=17.64; depression=10.40°; smoothing=5-pt median; dark rows=29
fajr,2020-08-31,20:00,0,42.802325,-1.014156,0.0,Zamorano J. et al. (2019). TESS-W sky brightness network. Zenodo monthly archives. https://zenodo.org/records/3378728. CC0 1.0.,TESS station stars308; photometric inflection method; night median MSAS=17.96; MSAS at inflection=18.06; depression=14.76°; smoothing=5-pt median; dark rows=29
isha,2020-08-01,20:18,0,42.808747,-0.955046,0.0,Zamorano J. et al. (2019). TESS-W sky brightness network. Zenodo monthly archives. https://zenodo.org/records/3378728. CC0 1.0.,TESS station stars309; photometric inflection method; night median MSAS=18.76; MSAS at inflection=17.56; depression=9.50°; smoothing=5-pt median; dark rows=453
fajr,2020-08-02,03:48,0,42.808747,-0.955046,0.0,Zamorano J. et al. (2019). TESS-W sky brightness network. Zenodo monthly archives. https://zenodo.org/records/3378728. CC0 1.0.,TESS station stars309; photometric inflection method; night median MSAS=18.76; MSAS at inflection=19.44; depression=11.47°; smoothing=5-pt median; dark rows=453
isha,2020-08-02,20:13,0,42.808747,-0.955046,0.0,Zamorano J. et al. (2019). TESS-W sky brightness network. Zenodo monthly archives. https://zenodo.org/records/3378728. CC0 1.0.,TESS station stars309; photometric inflection method; night median MSAS=17.88; MSAS at inflection=16.70; depression=8.96°; smoothing=5-pt median; dark rows=457
fajr,2020-08-03,03:51,0,42.808747,-0.955046,0.0,Zamorano J. et al. (2019). TESS-W sky brightness network. Zenodo monthly archives. https://zenodo.org/records/3378728. CC0 1.0.,TESS station stars309; photometric inflection method; night median MSAS=17.88; MSAS at inflection=18.99; depression=11.28°; smoothing=5-pt median; dark rows=457
isha,2020-08-03,21:48,0,42.808747,-0.955046,0.0,Zamorano J. et al. (2019). TESS-W sky brightness network. Zenodo monthly archives. https://zenodo.org/records/3378728. CC0 1.0.,TESS station stars309; photometric inflection method; night median MSAS=18.14; MSAS at inflection=18.78; depression=21.74°; smoothing=5-pt median; dark rows=459
fajr,2020-08-04,03:45,0,42.808747,-0.955046,0.0,Zamorano J. et al. (2019). TESS-W sky brightness network. Zenodo monthly archives. https://zenodo.org/records/3378728. CC0 1.0.,TESS station stars309; photometric inflection method; night median MSAS=18.14; MSAS at inflection=18.84; depression=12.31°; smoothing=5-pt median; dark rows=459
fajr,2020-08-05,04:03,0,42.808747,-0.955046,0.0,Zamorano J. et al. (2019). TESS-W sky brightness network. Zenodo monthly archives. https://zenodo.org/records/3378728. CC0 1.0.,TESS station stars309; photometric inflection method; night median MSAS=18.55; MSAS at inflection=17.36; depression=9.76°; smoothing=5-pt median; dark rows=463
isha,2020-08-05,20:24,0,42.808747,-0.955046,0.0,Zamorano J. et al. (2019). TESS-W sky brightness network. Zenodo monthly archives. https://zenodo.org/records/3378728. CC0 1.0.,TESS station stars309; photometric inflection method; night median MSAS=18.67; MSAS at inflection=18.85; depression=11.27°; smoothing=5-pt median; dark rows=463
isha,2020-08-06,20:40,0,42.808747,-0.955046,0.0,Zamorano J. et al. (2019). TESS-W sky brightness network. Zenodo monthly archives. https://zenodo.org/records/3378728. CC0 1.0.,TESS station stars309; photometric inflection method; night median MSAS=18.65; MSAS at inflection=20.42; depression=13.88°; smoothing=5-pt median; dark rows=466
fajr,2020-08-07,02:52,0,42.808747,-0.955046,0.0,Zamorano J. et al. (2019). TESS-W sky brightness network. Zenodo monthly archives. https://zenodo.org/records/3378728. CC0 1.0.,TESS station stars309; photometric inflection method; night median MSAS=18.65; MSAS at inflection=17.83; depression=20.07°; smoothing=5-pt median; dark rows=466
isha,2020-08-07,20:42,0,42.808747,-0.955046,0.0,Zamorano J. et al. (2019). TESS-W sky brightness network. Zenodo monthly archives. https://zenodo.org/records/3378728. CC0 1.0.,TESS station stars309; photometric inflection method; night median MSAS=18.75; MSAS at inflection=20.19; depression=14.42°; smoothing=5-pt median; dark rows=471
fajr,2020-08-08,03:59,0,42.808747,-0.955046,0.0,Zamorano J. et al. (2019). TESS-W sky brightness network. Zenodo monthly archives. https://zenodo.org/records/3378728. CC0 1.0.,TESS station stars309; photometric inflection method; night median MSAS=18.75; MSAS at inflection=18.13; depression=11.05°; smoothing=5-pt median; dark rows=471
isha,2020-08-08,20:11,0,42.808747,-0.955046,0.0,Zamorano J. et al. (2019). TESS-W sky brightness network. Zenodo monthly archives. https://zenodo.org/records/3378728. CC0 1.0.,TESS station stars309; photometric inflection method; night median MSAS=18.66; MSAS at inflection=17.86; depression=10.01°; smoothing=5-pt median; dark rows=475
fajr,2020-08-09,04:15,0,42.808747,-0.955046,0.0,Zamorano J. et al. (2019). TESS-W sky brightness network. Zenodo monthly archives. https://zenodo.org/records/3378728. CC0 1.0.,TESS station stars309; photometric inflection method; night median MSAS=18.66; MSAS at inflection=16.67; depression=8.80°; smoothing=5-pt median; dark rows=475
isha,2020-08-09,20:25,0,42.808747,-0.955046,0.0,Zamorano J. et al. (2019). TESS-W sky brightness network. Zenodo monthly archives. https://zenodo.org/records/3378728. CC0 1.0.,TESS station stars309; photometric inflection method; night median MSAS=19.47; MSAS at inflection=19.25; depression=12.36°; smoothing=5-pt median; dark rows=477
fajr,2020-08-10,04:12,0,42.808747,-0.955046,0.0,Zamorano J. et al. (2019). TESS-W sky brightness network. Zenodo monthly archives. https://zenodo.org/records/3378728. CC0 1.0.,TESS station stars309; photometric inflection method; night median MSAS=19.47; MSAS at inflection=17.29; depression=9.50°; smoothing=5-pt median; dark rows=477
isha,2020-08-10,20:39,0,42.808747,-0.955046,0.0,Zamorano J. et al. (2019). TESS-W sky brightness network. Zenodo monthly archives. https://zenodo.org/records/3378728. CC0 1.0.,TESS station stars309; photometric inflection method; night median MSAS=19.91; MSAS at inflection=20.41; depression=14.68°; smoothing=5-pt median; dark rows=480
fajr,2020-08-11,03:37,0,42.808747,-0.955046,0.0,Zamorano J. et al. (2019). TESS-W sky brightness network. Zenodo monthly archives. https://zenodo.org/records/3378728. CC0 1.0.,TESS station stars309; photometric inflection method; night median MSAS=19.91; MSAS at inflection=18.77; depression=14.85°; smoothing=5-pt median; dark rows=480
fajr,2020-08-12,03:03,0,42.808747,-0.955046,0.0,Zamorano J. et al. (2019). TESS-W sky brightness network. Zenodo monthly archives. https://zenodo.org/records/3378728. CC0 1.0.,TESS station stars309; photometric inflection method; night median MSAS=20.32; MSAS at inflection=19.33; depression=19.86°; smoothing=5-pt median; dark rows=483
fajr,2020-08-13,04:03,0,42.808747,-0.955046,0.0,Zamorano J. et al. (2019). TESS-W sky brightness network. Zenodo monthly archives. https://zenodo.org/records/3378728. CC0 1.0.,TESS station stars309; photometric inflection method; night median MSAS=20.44; MSAS at inflection=19.22; depression=11.49°; smoothing=5-pt median; dark rows=486
isha,2020-08-15,20:14,0,42.808747,-0.955046,0.0,Zamorano J. et al. (2019). TESS-W sky brightness network. Zenodo monthly archives. https://zenodo.org/records/3378728. CC0 1.0.,TESS station stars309; photometric inflection method; night median MSAS=20.54; MSAS at inflection=19.66; depression=12.30°; smoothing=5-pt median; dark rows=495
fajr,2020-08-24,04:14,0,42.808747,-0.955046,0.0,Zamorano J. et al. (2019). TESS-W sky brightness network. Zenodo monthly archives. https://zenodo.org/records/3378728. CC0 1.0.,TESS station stars309; photometric inflection method; night median MSAS=20.96; MSAS at inflection=19.63; depression=11.97°; smoothing=5-pt median; dark rows=518
isha,2020-08-24,20:07,0,42.808747,-0.955046,0.0,Zamorano J. et al. (2019). TESS-W sky brightness network. Zenodo monthly archives. https://zenodo.org/records/3378728. CC0 1.0.,TESS station stars309; photometric inflection method; night median MSAS=20.96; MSAS at inflection=20.08; depression=13.85°; smoothing=5-pt median; dark rows=522
isha,2020-08-25,20:39,0,42.808747,-0.955046,0.0,Zamorano J. et al. (2019). TESS-W sky brightness network. Zenodo monthly archives. https://zenodo.org/records/3378728. CC0 1.0.,TESS station stars309; photometric inflection method; night median MSAS=20.94; MSAS at inflection=20.07; depression=19.05°; smoothing=5-pt median; dark rows=525
fajr,2020-08-27,04:12,0,42.808747,-0.955046,0.0,Zamorano J. et al. (2019). TESS-W sky brightness network. Zenodo monthly archives. https://zenodo.org/records/3378728. CC0 1.0.,TESS station stars309; photometric inflection method; night median MSAS=20.94; MSAS at inflection=20.27; depression=13.01°; smoothing=5-pt median; dark rows=528
isha,2020-08-29,20:23,0,42.808747,-0.955046,0.0,Zamorano J. et al. (2019). TESS-W sky brightness network. Zenodo monthly archives. https://zenodo.org/records/3378728. CC0 1.0.,TESS station stars309; photometric inflection method; night median MSAS=19.23; MSAS at inflection=18.02; depression=17.92°; smoothing=5-pt median; dark rows=538
fajr,2020-08-30,04:31,0,42.808747,-0.955046,0.0,Zamorano J. et al. (2019). TESS-W sky brightness network. Zenodo monthly archives. https://zenodo.org/records/3378728. CC0 1.0.,TESS station stars309; photometric inflection method; night median MSAS=19.23; MSAS at inflection=18.14; depression=10.51°; smoothing=5-pt median; dark rows=538
isha,2020-08-30,19:37,0,42.808747,-0.955046,0.0,Zamorano J. et al. (2019). TESS-W sky brightness network. Zenodo monthly archives. https://zenodo.org/records/3378728. CC0 1.0.,TESS station stars309; photometric inflection method; night median MSAS=18.90; MSAS at inflection=18.30; depression=10.76°; smoothing=5-pt median; dark rows=540
isha,2020-08-31,19:21,0,42.808747,-0.955046,0.0,Zamorano J. et al. (2019). TESS-W sky brightness network. Zenodo monthly archives. https://zenodo.org/records/3378728. CC0 1.0.,TESS station stars309; photometric inflection method; night median MSAS=17.96; MSAS at inflection=16.14; depression=8.23°; smoothing=5-pt median; dark rows=267
isha,2020-08-01,20:48,0,42.957383,-0.801089,0.0,Zamorano J. et al. (2019). TESS-W sky brightness network. Zenodo monthly archives. https://zenodo.org/records/3378728. CC0 1.0.,TESS station stars31; photometric inflection method; night median MSAS=18.51; MSAS at inflection=17.89; depression=13.78°; smoothing=5-pt median; dark rows=454
isha,2020-08-02,20:07,0,42.957383,-0.801089,0.0,Zamorano J. et al. (2019). TESS-W sky brightness network. Zenodo monthly archives. https://zenodo.org/records/3378728. CC0 1.0.,TESS station stars31; photometric inflection method; night median MSAS=19.07; MSAS at inflection=17.60; depression=8.01°; smoothing=5-pt median; dark rows=456
fajr,2020-08-03,04:06,0,42.957383,-0.801089,0.0,Zamorano J. et al. (2019). TESS-W sky brightness network. Zenodo monthly archives. https://zenodo.org/records/3378728. CC0 1.0.,TESS station stars31; photometric inflection method; night median MSAS=19.07; MSAS at inflection=16.77; depression=8.88°; smoothing=5-pt median; dark rows=456
isha,2020-08-03,21:13,0,42.957383,-0.801089,0.0,Zamorano J. et al. (2019). TESS-W sky brightness network. Zenodo monthly archives. https://zenodo.org/records/3378728. CC0 1.0.,TESS station stars31; photometric inflection method; night median MSAS=18.25; MSAS at inflection=19.23; depression=17.60°; smoothing=5-pt median; dark rows=458
fajr,2020-08-04,04:09,0,42.957383,-0.801089,0.0,Zamorano J. et al. (2019). TESS-W sky brightness network. Zenodo monthly archives. https://zenodo.org/records/3378728. CC0 1.0.,TESS station stars31; photometric inflection method; night median MSAS=18.25; MSAS at inflection=16.83; depression=8.61°; smoothing=5-pt median; dark rows=458
isha,2020-08-04,20:21,0,42.957383,-0.801089,0.0,Zamorano J. et al. (2019). TESS-W sky brightness network. Zenodo monthly archives. https://zenodo.org/records/3378728. CC0 1.0.,TESS station stars31; photometric inflection method; night median MSAS=19.06; MSAS at inflection=18.28; depression=10.60°; smoothing=5-pt median; dark rows=462
fajr,2020-08-07,04:01,0,42.957383,-0.801089,0.0,Zamorano J. et al. (2019). TESS-W sky brightness network. Zenodo monthly archives. https://zenodo.org/records/3378728. CC0 1.0.,TESS station stars31; photometric inflection method; night median MSAS=19.03; MSAS at inflection=17.71; depression=10.39°; smoothing=5-pt median; dark rows=468
fajr,2020-08-08,03:02,0,42.957383,-0.801089,0.0,Zamorano J. et al. (2019). TESS-W sky brightness network. Zenodo monthly archives. https://zenodo.org/records/3378728. CC0 1.0.,TESS station stars31; photometric inflection method; night median MSAS=18.91; MSAS at inflection=18.73; depression=18.78°; smoothing=5-pt median; dark rows=470
fajr,2020-08-09,03:56,0,42.957383,-0.801089,0.0,Zamorano J. et al. (2019). TESS-W sky brightness network. Zenodo monthly archives. https://zenodo.org/records/3378728. CC0 1.0.,TESS station stars31; photometric inflection method; night median MSAS=19.02; MSAS at inflection=18.38; depression=11.44°; smoothing=5-pt median; dark rows=472
isha,2020-08-09,19:51,0,42.957383,-0.801089,0.0,Zamorano J. et al. (2019). TESS-W sky brightness network. Zenodo monthly archives. https://zenodo.org/records/3378728. CC0 1.0.,TESS station stars31; photometric inflection method; night median MSAS=19.76; MSAS at inflection=18.18; depression=7.02°; smoothing=5-pt median; dark rows=476
fajr,2020-08-10,04:04,0,42.957383,-0.801089,0.0,Zamorano J. et al. (2019). TESS-W sky brightness network. Zenodo monthly archives. https://zenodo.org/records/3378728. CC0 1.0.,TESS station stars31; photometric inflection method; night median MSAS=19.76; MSAS at inflection=18.23; depression=10.45°; smoothing=5-pt median; dark rows=476
isha,2020-08-10,21:22,0,42.957383,-0.801089,0.0,Zamorano J. et al. (2019). TESS-W sky brightness network. Zenodo monthly archives. https://zenodo.org/records/3378728. CC0 1.0.,TESS station stars31; photometric inflection method; night median MSAS=20.24; MSAS at inflection=21.68; depression=20.51°; smoothing=5-pt median; dark rows=474
isha,2020-08-11,20:48,0,42.957383,-0.801089,0.0,Zamorano J. et al. (2019). TESS-W sky brightness network. Zenodo monthly archives. https://zenodo.org/records/3378728. CC0 1.0.,TESS station stars31; photometric inflection method; night median MSAS=20.66; MSAS at inflection=21.49; depression=16.20°; smoothing=5-pt median; dark rows=482
fajr,2020-08-12,02:52,0,42.957383,-0.801089,0.0,Zamorano J. et al. (2019). TESS-W sky brightness network. Zenodo monthly archives. https://zenodo.org/records/3378728. CC0 1.0.,TESS station stars31; photometric inflection method; night median MSAS=20.66; MSAS at inflection=19.78; depression=21.05°; smoothing=5-pt median; dark rows=482
isha,2020-08-12,21:06,0,42.957383,-0.801089,0.0,Zamorano J. et al. (2019). TESS-W sky brightness network. Zenodo monthly archives. https://zenodo.org/records/3378728. CC0 1.0.,TESS station stars31; photometric inflection method; night median MSAS=21.43; MSAS at inflection=21.76; depression=19.00°; smoothing=5-pt median; dark rows=484
fajr,2020-08-16,03:50,0,42.957383,-0.801089,0.0,Zamorano J. et al. (2019). TESS-W sky brightness network. Zenodo monthly archives. https://zenodo.org/records/3378728. CC0 1.0.,TESS station stars31; photometric inflection method; night median MSAS=22.03; MSAS at inflection=21.47; depression=13.90°; smoothing=5-pt median; dark rows=476
fajr,2020-08-17,04:09,0,42.957383,-0.801089,0.0,Zamorano J. et al. (2019). TESS-W sky brightness network. Zenodo monthly archives. https://zenodo.org/records/3378728. CC0 1.0.,TESS station stars31; photometric inflection method; night median MSAS=21.37; MSAS at inflection=19.12; depression=11.17°; smoothing=5-pt median; dark rows=497
isha,2020-08-17,20:02,0,42.957383,-0.801089,0.0,Zamorano J. et al. (2019). TESS-W sky brightness network. Zenodo monthly archives. https://zenodo.org/records/3378728. CC0 1.0.,TESS station stars31; photometric inflection method; night median MSAS=21.53; MSAS at inflection=20.05; depression=10.89°; smoothing=5-pt median; dark rows=499
fajr,2020-08-18,04:10,0,42.957383,-0.801089,0.0,Zamorano J. et al. (2019). TESS-W sky brightness network. Zenodo monthly archives. https://zenodo.org/records/3378728. CC0 1.0.,TESS station stars31; photometric inflection method; night median MSAS=21.53; MSAS at inflection=19.41; depression=11.24°; smoothing=5-pt median; dark rows=499
isha,2020-08-20,20:06,0,42.957383,-0.801089,0.0,Zamorano J. et al. (2019). TESS-W sky brightness network. Zenodo monthly archives. https://zenodo.org/records/3378728. CC0 1.0.,TESS station stars31; photometric inflection method; night median MSAS=21.36; MSAS at inflection=20.20; depression=12.41°; smoothing=5-pt median; dark rows=509
fajr,2020-08-21,04:14,0,42.957383,-0.801089,0.0,Zamorano J. et al. (2019). TESS-W sky brightness network. Zenodo monthly archives. https://zenodo.org/records/3378728. CC0 1.0.,TESS station stars31; photometric inflection method; night median MSAS=21.36; MSAS at inflection=19.14; depression=11.21°; smoothing=5-pt median; dark rows=509
isha,2020-08-22,20:11,0,42.957383,-0.801089,0.0,Zamorano J. et al. (2019). TESS-W sky brightness network. Zenodo monthly archives. https://zenodo.org/records/3378728. CC0 1.0.,TESS station stars31; photometric inflection method; night median MSAS=21.65; MSAS at inflection=20.87; depression=13.82°; smoothing=5-pt median; dark rows=505
fajr,2020-08-23,03:52,0,42.957383,-0.801089,0.0,Zamorano J. et al. (2019). TESS-W sky brightness network. Zenodo monthly archives. https://zenodo.org/records/3378728. CC0 1.0.,TESS station stars31; photometric inflection method; night median MSAS=21.65; MSAS at inflection=21.40; depression=15.19°; smoothing=5-pt median; dark rows=505
isha,2020-08-23,20:48,0,42.957383,-0.801089,0.0,Zamorano J. et al. (2019). TESS-W sky brightness network. Zenodo monthly archives. https://zenodo.org/records/3378728. CC0 1.0.,TESS station stars31; photometric inflection method; night median MSAS=22.10; MSAS at inflection=21.95; depression=19.69°; smoothing=5-pt median; dark rows=517
isha,2020-08-24,20:16,0,42.957383,-0.801089,0.0,Zamorano J. et al. (2019). TESS-W sky brightness network. Zenodo monthly archives. https://zenodo.org/records/3378728. CC0 1.0.,TESS station stars31; photometric inflection method; night median MSAS=21.29; MSAS at inflection=20.83; depression=15.26°; smoothing=5-pt median; dark rows=521
fajr,2020-08-28,04:26,0,42.957383,-0.801089,0.0,Zamorano J. et al. (2019). TESS-W sky brightness network. Zenodo monthly archives. https://zenodo.org/records/3378728. CC0 1.0.,TESS station stars31; photometric inflection method; night median MSAS=20.95; MSAS at inflection=19.98; depression=10.75°; smoothing=5-pt median; dark rows=530
isha,2020-08-29,20:15,0,42.957383,-0.801089,0.0,Zamorano J. et al. (2019). TESS-W sky brightness network. Zenodo monthly archives. https://zenodo.org/records/3378728. CC0 1.0.,TESS station stars31; photometric inflection method; night median MSAS=20.16; MSAS at inflection=20.00; depression=16.66°; smoothing=5-pt median; dark rows=494
fajr,2020-08-30,04:04,0,42.957383,-0.801089,0.0,Zamorano J. et al. (2019). TESS-W sky brightness network. Zenodo monthly archives. https://zenodo.org/records/3378728. CC0 1.0.,TESS station stars31; photometric inflection method; night median MSAS=20.16; MSAS at inflection=22.59; depression=14.71°; smoothing=5-pt median; dark rows=494
isha,2020-08-30,19:22,0,42.957383,-0.801089,0.0,Zamorano J. et al. (2019). TESS-W sky brightness network. Zenodo monthly archives. https://zenodo.org/records/3378728. CC0 1.0.,TESS station stars31; photometric inflection method; night median MSAS=19.29; MSAS at inflection=17.96; depression=8.20°; smoothing=5-pt median; dark rows=539
isha,2020-08-31,20:32,0,42.957383,-0.801089,0.0,Zamorano J. et al. (2019). TESS-W sky brightness network. Zenodo monthly archives. https://zenodo.org/records/3378728. CC0 1.0.,TESS station stars31; photometric inflection method; night median MSAS=18.09; MSAS at inflection=18.80; depression=19.96°; smoothing=5-pt median; dark rows=267
isha,2020-08-04,18:07,10,-31.2737,149.1567,0.0,Zamorano J. et al. (2019). TESS-W sky brightness network. Zenodo monthly archives. https://zenodo.org/records/3378728. CC0 1.0.,TESS station stars311; photometric inflection method; night median MSAS=17.66; MSAS at inflection=15.85; depression=8.36°; smoothing=5-pt median; dark rows=666
fajr,2020-08-05,06:08,10,-31.2737,149.1567,0.0,Zamorano J. et al. (2019). TESS-W sky brightness network. Zenodo monthly archives. https://zenodo.org/records/3378728. CC0 1.0.,TESS station stars311; photometric inflection method; night median MSAS=17.66; MSAS at inflection=16.42; depression=8.97°; smoothing=5-pt median; dark rows=666
isha,2020-08-05,18:06,10,-31.2737,149.1567,0.0,Zamorano J. et al. (2019). TESS-W sky brightness network. Zenodo monthly archives. https://zenodo.org/records/3378728. CC0 1.0.,TESS station stars311; photometric inflection method; night median MSAS=18.20; MSAS at inflection=15.77; depression=7.99°; smoothing=5-pt median; dark rows=692
fajr,2020-08-06,05:50,10,-31.2737,149.1567,0.0,Zamorano J. et al. (2019). TESS-W sky brightness network. Zenodo monthly archives. https://zenodo.org/records/3378728. CC0 1.0.,TESS station stars311; photometric inflection method; night median MSAS=18.20; MSAS at inflection=18.51; depression=12.57°; smoothing=5-pt median; dark rows=692
fajr,2020-08-07,05:44,10,-31.2737,149.1567,0.0,Zamorano J. et al. (2019). TESS-W sky brightness network. Zenodo monthly archives. https://zenodo.org/records/3378728. CC0 1.0.,TESS station stars311; photometric inflection method; night median MSAS=17.84; MSAS at inflection=18.62; depression=13.56°; smoothing=5-pt median; dark rows=689
isha,2020-08-07,18:20,10,-31.2737,149.1567,0.0,Zamorano J. et al. (2019). TESS-W sky brightness network. Zenodo monthly archives. https://zenodo.org/records/3378728. CC0 1.0.,TESS station stars311; photometric inflection method; night median MSAS=21.89; MSAS at inflection=20.16; depression=10.77°; smoothing=5-pt median; dark rows=84
isha,2020-08-01,18:04,10,-31.079,149.3759,0.0,Zamorano J. et al. (2019). TESS-W sky brightness network. Zenodo monthly archives. https://zenodo.org/records/3378728. CC0 1.0.,TESS station stars314; photometric inflection method; night median MSAS=17.81; MSAS at inflection=15.41; depression=8.26°; smoothing=5-pt median; dark rows=704
fajr,2020-08-02,05:54,10,-31.079,149.3759,0.0,Zamorano J. et al. (2019). TESS-W sky brightness network. Zenodo monthly archives. https://zenodo.org/records/3378728. CC0 1.0.,TESS station stars314; photometric inflection method; night median MSAS=17.81; MSAS at inflection=19.35; depression=11.94°; smoothing=5-pt median; dark rows=704
isha,2020-08-04,18:10,10,-31.079,149.3759,0.0,Zamorano J. et al. (2019). TESS-W sky brightness network. Zenodo monthly archives. https://zenodo.org/records/3378728. CC0 1.0.,TESS station stars314; photometric inflection method; night median MSAS=17.57; MSAS at inflection=16.75; depression=9.20°; smoothing=5-pt median; dark rows=698
isha,2020-08-05,18:17,10,-31.079,149.3759,0.0,Zamorano J. et al. (2019). TESS-W sky brightness network. Zenodo monthly archives. https://zenodo.org/records/3378728. CC0 1.0.,TESS station stars314; photometric inflection method; night median MSAS=18.05; MSAS at inflection=18.44; depression=10.48°; smoothing=5-pt median; dark rows=695
fajr,2020-08-06,06:05,10,-31.079,149.3759,0.0,Zamorano J. et al. (2019). TESS-W sky brightness network. Zenodo monthly archives. https://zenodo.org/records/3378728. CC0 1.0.,TESS station stars314; photometric inflection method; night median MSAS=18.05; MSAS at inflection=16.66; depression=9.19°; smoothing=5-pt median; dark rows=695
fajr,2020-08-07,06:13,10,-31.079,149.3759,0.0,Zamorano J. et al. (2019). TESS-W sky brightness network. Zenodo monthly archives. https://zenodo.org/records/3378728. CC0 1.0.,TESS station stars314; photometric inflection method; night median MSAS=17.58; MSAS at inflection=15.42; depression=7.18°; smoothing=5-pt median; dark rows=695
isha,2020-08-07,18:19,10,-31.079,149.3759,0.0,Zamorano J. et al. (2019). TESS-W sky brightness network. Zenodo monthly archives. https://zenodo.org/records/3378728. CC0 1.0.,TESS station stars314; photometric inflection method; night median MSAS=18.09; MSAS at inflection=19.09; depression=10.66°; smoothing=5-pt median; dark rows=664
fajr,2020-08-08,06:04,10,-31.079,149.3759,0.0,Zamorano J. et al. (2019). TESS-W sky brightness network. Zenodo monthly archives. https://zenodo.org/records/3378728. CC0 1.0.,TESS station stars314; photometric inflection method; night median MSAS=18.09; MSAS at inflection=16.37; depression=8.90°; smoothing=5-pt median; dark rows=664
isha,2020-08-08,18:27,10,-31.079,149.3759,0.0,Zamorano J. et al. (2019). TESS-W sky brightness network. Zenodo monthly archives. https://zenodo.org/records/3378728. CC0 1.0.,TESS station stars314; photometric inflection method; night median MSAS=18.49; MSAS at inflection=19.21; depression=12.15°; smoothing=5-pt median; dark rows=693
fajr,2020-08-09,05:05,10,-31.079,149.3759,0.0,Zamorano J. et al. (2019). TESS-W sky brightness network. Zenodo monthly archives. https://zenodo.org/records/3378728. CC0 1.0.,TESS station stars314; photometric inflection method; night median MSAS=18.49; MSAS at inflection=18.05; depression=21.28°; smoothing=5-pt median; dark rows=693
fajr,2020-08-10,05:05,10,-31.079,149.3759,0.0,Zamorano J. et al. (2019). TESS-W sky brightness network. Zenodo monthly archives. https://zenodo.org/records/3378728. CC0 1.0.,TESS station stars314; photometric inflection method; night median MSAS=19.39; MSAS at inflection=18.33; depression=21.06°; smoothing=5-pt median; dark rows=691
isha,2020-08-10,18:25,10,-31.079,149.3759,0.0,Zamorano J. et al. (2019). TESS-W sky brightness network. Zenodo monthly archives. https://zenodo.org/records/3378728. CC0 1.0.,TESS station stars314; photometric inflection method; night median MSAS=20.81; MSAS at inflection=18.86; depression=11.54°; smoothing=5-pt median; dark rows=690
isha,2020-08-11,18:33,10,-31.079,149.3759,0.0,Zamorano J. et al. (2019). TESS-W sky brightness network. Zenodo monthly archives. https://zenodo.org/records/3378728. CC0 1.0.,TESS station stars314; photometric inflection method; night median MSAS=21.09; MSAS at inflection=20.44; depression=13.14°; smoothing=5-pt median; dark rows=687
isha,2020-08-12,18:54,10,-31.079,149.3759,0.0,Zamorano J. et al. (2019). TESS-W sky brightness network. Zenodo monthly archives. https://zenodo.org/records/3378728. CC0 1.0.,TESS station stars314; photometric inflection method; night median MSAS=21.39; MSAS at inflection=21.57; depression=17.51°; smoothing=5-pt median; dark rows=688
isha,2020-08-15,18:57,10,-31.079,149.3759,0.0,Zamorano J. et al. (2019). TESS-W sky brightness network. Zenodo monthly archives. https://zenodo.org/records/3378728. CC0 1.0.,TESS station stars314; photometric inflection method; night median MSAS=21.77; MSAS at inflection=21.16; depression=17.88°; smoothing=5-pt median; dark rows=682
isha,2020-08-16,18:42,10,-31.079,149.3759,0.0,Zamorano J. et al. (2019). TESS-W sky brightness network. Zenodo monthly archives. https://zenodo.org/records/3378728. CC0 1.0.,TESS station stars314; photometric inflection method; night median MSAS=21.59; MSAS at inflection=21.65; depression=14.56°; smoothing=5-pt median; dark rows=677
isha,2020-08-18,19:09,10,-31.079,149.3759,0.0,Zamorano J. et al. (2019). TESS-W sky brightness network. Zenodo monthly archives. https://zenodo.org/records/3378728. CC0 1.0.,TESS station stars314; photometric inflection method; night median MSAS=21.58; MSAS at inflection=20.89; depression=20.01°; smoothing=5-pt median; dark rows=672
isha,2020-08-21,18:40,10,-31.079,149.3759,0.0,Zamorano J. et al. (2019). TESS-W sky brightness network. Zenodo monthly archives. https://zenodo.org/records/3378728. CC0 1.0.,TESS station stars314; photometric inflection method; night median MSAS=21.61; MSAS at inflection=21.05; depression=13.47°; smoothing=5-pt median; dark rows=673
fajr,2020-08-23,05:37,10,-31.079,149.3759,0.0,Zamorano J. et al. (2019). TESS-W sky brightness network. Zenodo monthly archives. https://zenodo.org/records/3378728. CC0 1.0.,TESS station stars314; photometric inflection method; night median MSAS=21.52; MSAS at inflection=19.36; depression=11.82°; smoothing=5-pt median; dark rows=673
fajr,2020-08-25,05:33,10,-31.079,149.3759,0.0,Zamorano J. et al. (2019). TESS-W sky brightness network. Zenodo monthly archives. https://zenodo.org/records/3378728. CC0 1.0.,TESS station stars314; photometric inflection method; night median MSAS=21.49; MSAS at inflection=19.83; depression=12.24°; smoothing=5-pt median; dark rows=670
fajr,2020-08-26,05:36,10,-31.079,149.3759,0.0,Zamorano J. et al. (2019). TESS-W sky brightness network. Zenodo monthly archives. https://zenodo.org/records/3378728. CC0 1.0.,TESS station stars314; photometric inflection method; night median MSAS=21.02; MSAS at inflection=19.16; depression=11.33°; smoothing=5-pt median; dark rows=666
fajr,2020-08-27,05:31,10,-31.079,149.3759,0.0,Zamorano J. et al. (2019). TESS-W sky brightness network. Zenodo monthly archives. https://zenodo.org/records/3378728. CC0 1.0.,TESS station stars314; photometric inflection method; night median MSAS=20.60; MSAS at inflection=19.89; depression=12.16°; smoothing=5-pt median; dark rows=662
isha,2020-08-28,18:22,10,-31.079,149.3759,0.0,Zamorano J. et al. (2019). TESS-W sky brightness network. Zenodo monthly archives. https://zenodo.org/records/3378728. CC0 1.0.,TESS station stars314; photometric inflection method; night median MSAS=18.54; MSAS at inflection=16.17; depression=8.87°; smoothing=5-pt median; dark rows=647
fajr,2020-08-29,05:42,10,-31.079,149.3759,0.0,Zamorano J. et al. (2019). TESS-W sky brightness network. Zenodo monthly archives. https://zenodo.org/records/3378728. CC0 1.0.,TESS station stars314; photometric inflection method; night median MSAS=18.54; MSAS at inflection=17.13; depression=9.35°; smoothing=5-pt median; dark rows=647
fajr,2020-08-30,05:46,10,-31.079,149.3759,0.0,Zamorano J. et al. (2019). TESS-W sky brightness network. Zenodo monthly archives. https://zenodo.org/records/3378728. CC0 1.0.,TESS station stars314; photometric inflection method; night median MSAS=17.98; MSAS at inflection=15.92; depression=8.25°; smoothing=5-pt median; dark rows=657
fajr,2020-08-31,05:39,10,-31.079,149.3759,0.0,Zamorano J. et al. (2019). TESS-W sky brightness network. Zenodo monthly archives. https://zenodo.org/records/3378728. CC0 1.0.,TESS station stars314; photometric inflection method; night median MSAS=17.62; MSAS at inflection=17.21; depression=9.50°; smoothing=5-pt median; dark rows=660
isha,2020-08-03,20:22,0,38.528546,-7.016506,0.0,Zamorano J. et al. (2019). TESS-W sky brightness network. Zenodo monthly archives. https://zenodo.org/records/3378728. CC0 1.0.,TESS station stars316; photometric inflection method; night median MSAS=17.70; MSAS at inflection=15.56; depression=8.95°; smoothing=5-pt median; dark rows=490
fajr,2020-08-04,04:45,0,38.528546,-7.016506,0.0,Zamorano J. et al. (2019). TESS-W sky brightness network. Zenodo monthly archives. https://zenodo.org/records/3378728. CC0 1.0.,TESS station stars316; photometric inflection method; night median MSAS=17.70; MSAS at inflection=16.01; depression=9.02°; smoothing=5-pt median; dark rows=490
isha,2020-08-04,20:25,0,38.528546,-7.016506,0.0,Zamorano J. et al. (2019). TESS-W sky brightness network. Zenodo monthly archives. https://zenodo.org/records/3378728. CC0 1.0.,TESS station stars316; photometric inflection method; night median MSAS=17.99; MSAS at inflection=16.85; depression=9.75°; smoothing=5-pt median; dark rows=437
fajr,2020-08-05,04:30,0,38.528546,-7.016506,0.0,Zamorano J. et al. (2019). TESS-W sky brightness network. Zenodo monthly archives. https://zenodo.org/records/3378728. CC0 1.0.,TESS station stars316; photometric inflection method; night median MSAS=17.99; MSAS at inflection=17.85; depression=11.71°; smoothing=5-pt median; dark rows=437
isha,2020-08-06,20:17,0,38.528546,-7.016506,0.0,Zamorano J. et al. (2019). TESS-W sky brightness network. Zenodo monthly archives. https://zenodo.org/records/3378728. CC0 1.0.,TESS station stars316; photometric inflection method; night median MSAS=18.29; MSAS at inflection=16.25; depression=8.79°; smoothing=5-pt median; dark rows=490
fajr,2020-08-08,04:47,0,38.528546,-7.016506,0.0,Zamorano J. et al. (2019). TESS-W sky brightness network. Zenodo monthly archives. https://zenodo.org/records/3378728. CC0 1.0.,TESS station stars316; photometric inflection method; night median MSAS=18.36; MSAS at inflection=16.71; depression=9.49°; smoothing=5-pt median; dark rows=487
fajr,2020-08-09,04:48,0,38.528546,-7.016506,0.0,Zamorano J. et al. (2019). TESS-W sky brightness network. Zenodo monthly archives. https://zenodo.org/records/3378728. CC0 1.0.,TESS station stars316; photometric inflection method; night median MSAS=18.92; MSAS at inflection=16.76; depression=9.39°; smoothing=5-pt median; dark rows=467
isha,2020-08-09,20:43,0,38.528546,-7.016506,0.0,Zamorano J. et al. (2019). TESS-W sky brightness network. Zenodo monthly archives. https://zenodo.org/records/3378728. CC0 1.0.,TESS station stars316; photometric inflection method; night median MSAS=19.08; MSAS at inflection=19.12; depression=13.72°; smoothing=5-pt median; dark rows=501
fajr,2020-08-10,04:52,0,38.528546,-7.016506,0.0,Zamorano J. et al. (2019). TESS-W sky brightness network. Zenodo monthly archives. https://zenodo.org/records/3378728. CC0 1.0.,TESS station stars316; photometric inflection method; night median MSAS=19.08; MSAS at inflection=16.82; depression=9.03°; smoothing=5-pt median; dark rows=501
isha,2020-08-11,20:29,0,38.528546,-7.016506,0.0,Zamorano J. et al. (2019). TESS-W sky brightness network. Zenodo monthly archives. https://zenodo.org/records/3378728. CC0 1.0.,TESS station stars316; photometric inflection method; night median MSAS=19.58; MSAS at inflection=19.02; depression=11.99°; smoothing=5-pt median; dark rows=509
isha,2020-08-14,20:40,0,38.528546,-7.016506,0.0,Zamorano J. et al. (2019). TESS-W sky brightness network. Zenodo monthly archives. https://zenodo.org/records/3378728. CC0 1.0.,TESS station stars316; photometric inflection method; night median MSAS=20.02; MSAS at inflection=19.80; depression=14.60°; smoothing=5-pt median; dark rows=502
fajr,2020-08-16,04:42,0,38.528546,-7.016506,0.0,Zamorano J. et al. (2019). TESS-W sky brightness network. Zenodo monthly archives. https://zenodo.org/records/3378728. CC0 1.0.,TESS station stars316; photometric inflection method; night median MSAS=19.99; MSAS at inflection=19.06; depression=11.83°; smoothing=5-pt median; dark rows=518
fajr,2020-08-17,04:40,0,38.528546,-7.016506,0.0,Zamorano J. et al. (2019). TESS-W sky brightness network. Zenodo monthly archives. https://zenodo.org/records/3378728. CC0 1.0.,TESS station stars316; photometric inflection method; night median MSAS=20.01; MSAS at inflection=18.36; depression=12.32°; smoothing=5-pt median; dark rows=496
fajr,2020-08-18,04:14,0,38.528546,-7.016506,0.0,Zamorano J. et al. (2019). TESS-W sky brightness network. Zenodo monthly archives. https://zenodo.org/records/3378728. CC0 1.0.,TESS station stars316; photometric inflection method; night median MSAS=20.00; MSAS at inflection=19.80; depression=16.84°; smoothing=5-pt median; dark rows=512
fajr,2020-08-19,04:53,0,38.528546,-7.016506,0.0,Zamorano J. et al. (2019). TESS-W sky brightness network. Zenodo monthly archives. https://zenodo.org/records/3378728. CC0 1.0.,TESS station stars316; photometric inflection method; night median MSAS=20.00; MSAS at inflection=17.99; depression=10.50°; smoothing=5-pt median; dark rows=525
isha,2020-08-20,20:21,0,38.528546,-7.016506,0.0,Zamorano J. et al. (2019). TESS-W sky brightness network. Zenodo monthly archives. https://zenodo.org/records/3378728. CC0 1.0.,TESS station stars316; photometric inflection method; night median MSAS=18.16; MSAS at inflection=19.48; depression=12.89°; smoothing=5-pt median; dark rows=532
fajr,2020-08-22,04:47,0,38.528546,-7.016506,0.0,Zamorano J. et al. (2019). TESS-W sky brightness network. Zenodo monthly archives. https://zenodo.org/records/3378728. CC0 1.0.,TESS station stars316; photometric inflection method; night median MSAS=19.95; MSAS at inflection=19.02; depression=12.10°; smoothing=5-pt median; dark rows=520
fajr,2020-08-26,05:01,0,38.528546,-7.016506,0.0,Zamorano J. et al. (2019). TESS-W sky brightness network. Zenodo monthly archives. https://zenodo.org/records/3378728. CC0 1.0.,TESS station stars316; photometric inflection method; night median MSAS=20.02; MSAS at inflection=17.70; depression=10.32°; smoothing=5-pt median; dark rows=544
fajr,2020-08-27,04:54,0,38.528546,-7.016506,0.0,Zamorano J. et al. (2019). TESS-W sky brightness network. Zenodo monthly archives. https://zenodo.org/records/3378728. CC0 1.0.,TESS station stars316; photometric inflection method; night median MSAS=19.92; MSAS at inflection=18.94; depression=11.77°; smoothing=5-pt median; dark rows=541
isha,2020-08-27,19:55,0,38.528546,-7.016506,0.0,Zamorano J. et al. (2019). TESS-W sky brightness network. Zenodo monthly archives. https://zenodo.org/records/3378728. CC0 1.0.,TESS station stars316; photometric inflection method; night median MSAS=19.77; MSAS at inflection=17.40; depression=10.22°; smoothing=5-pt median; dark rows=535
isha,2020-08-28,19:49,0,38.528546,-7.016506,0.0,Zamorano J. et al. (2019). TESS-W sky brightness network. Zenodo monthly archives. https://zenodo.org/records/3378728. CC0 1.0.,TESS station stars316; photometric inflection method; night median MSAS=18.65; MSAS at inflection=16.85; depression=9.47°; smoothing=5-pt median; dark rows=541
fajr,2020-08-30,05:06,0,38.528546,-7.016506,0.0,Zamorano J. et al. (2019). TESS-W sky brightness network. Zenodo monthly archives. https://zenodo.org/records/3378728. CC0 1.0.,TESS station stars316; photometric inflection method; night median MSAS=18.66; MSAS at inflection=17.63; depression=10.10°; smoothing=5-pt median; dark rows=526
isha,2020-08-30,19:41,0,38.528546,-7.016506,0.0,Zamorano J. et al. (2019). TESS-W sky brightness network. Zenodo monthly archives. https://zenodo.org/records/3378728. CC0 1.0.,TESS station stars316; photometric inflection method; night median MSAS=18.32; MSAS at inflection=15.92; depression=8.59°; smoothing=5-pt median; dark rows=554
fajr,2020-08-02,04:45,0,38.516705,-7.070783,0.0,Zamorano J. et al. (2019). TESS-W sky brightness network. Zenodo monthly archives. https://zenodo.org/records/3378728. CC0 1.0.,TESS station stars320; photometric inflection method; night median MSAS=18.33; MSAS at inflection=16.44; depression=8.75°; smoothing=5-pt median; dark rows=484
isha,2020-08-04,20:24,0,38.516705,-7.070783,0.0,Zamorano J. et al. (2019). TESS-W sky brightness network. Zenodo monthly archives. https://zenodo.org/records/3378728. CC0 1.0.,TESS station stars320; photometric inflection method; night median MSAS=18.19; MSAS at inflection=16.72; depression=9.42°; smoothing=5-pt median; dark rows=492
isha,2020-08-05,20:39,0,38.516705,-7.070783,0.0,Zamorano J. et al. (2019). TESS-W sky brightness network. Zenodo monthly archives. https://zenodo.org/records/3378728. CC0 1.0.,TESS station stars320; photometric inflection method; night median MSAS=18.22; MSAS at inflection=18.74; depression=12.23°; smoothing=5-pt median; dark rows=493
fajr,2020-08-06,04:38,0,38.516705,-7.070783,0.0,Zamorano J. et al. (2019). TESS-W sky brightness network. Zenodo monthly archives. https://zenodo.org/records/3378728. CC0 1.0.,TESS station stars320; photometric inflection method; night median MSAS=18.22; MSAS at inflection=17.52; depression=10.61°; smoothing=5-pt median; dark rows=493
isha,2020-08-07,21:17,0,38.516705,-7.070783,0.0,Zamorano J. et al. (2019). TESS-W sky brightness network. Zenodo monthly archives. https://zenodo.org/records/3378728. CC0 1.0.,TESS station stars320; photometric inflection method; night median MSAS=18.36; MSAS at inflection=19.17; depression=18.64°; smoothing=5-pt median; dark rows=496
isha,2020-08-08,20:16,0,38.516705,-7.070783,0.0,Zamorano J. et al. (2019). TESS-W sky brightness network. Zenodo monthly archives. https://zenodo.org/records/3378728. CC0 1.0.,TESS station stars320; photometric inflection method; night median MSAS=18.93; MSAS at inflection=16.50; depression=8.99°; smoothing=5-pt median; dark rows=500
isha,2020-08-09,21:06,0,38.516705,-7.070783,0.0,Zamorano J. et al. (2019). TESS-W sky brightness network. Zenodo monthly archives. https://zenodo.org/records/3378728. CC0 1.0.,TESS station stars320; photometric inflection method; night median MSAS=19.12; MSAS at inflection=19.17; depression=17.41°; smoothing=5-pt median; dark rows=496
fajr,2020-08-11,04:49,0,38.516705,-7.070783,0.0,Zamorano J. et al. (2019). TESS-W sky brightness network. Zenodo monthly archives. https://zenodo.org/records/3378728. CC0 1.0.,TESS station stars320; photometric inflection method; night median MSAS=19.25; MSAS at inflection=16.84; depression=9.66°; smoothing=5-pt median; dark rows=505
isha,2020-08-16,20:08,0,38.516705,-7.070783,0.0,Zamorano J. et al. (2019). TESS-W sky brightness network. Zenodo monthly archives. https://zenodo.org/records/3378728. CC0 1.0.,TESS station stars320; photometric inflection method; night median MSAS=19.56; MSAS at inflection=17.26; depression=9.48°; smoothing=5-pt median; dark rows=521
fajr,2020-08-17,04:33,0,38.516705,-7.070783,0.0,Zamorano J. et al. (2019). TESS-W sky brightness network. Zenodo monthly archives. https://zenodo.org/records/3378728. CC0 1.0.,TESS station stars320; photometric inflection method; night median MSAS=19.56; MSAS at inflection=19.30; depression=13.58°; smoothing=5-pt median; dark rows=521
isha,2020-08-17,20:20,0,38.516705,-7.070783,0.0,Zamorano J. et al. (2019). TESS-W sky brightness network. Zenodo monthly archives. https://zenodo.org/records/3378728. CC0 1.0.,TESS station stars320; photometric inflection method; night median MSAS=19.55; MSAS at inflection=18.91; depression=11.84°; smoothing=5-pt median; dark rows=522
isha,2020-08-21,20:19,0,38.516705,-7.070783,0.0,Zamorano J. et al. (2019). TESS-W sky brightness network. Zenodo monthly archives. https://zenodo.org/records/3378728. CC0 1.0.,TESS station stars320; photometric inflection method; night median MSAS=19.54; MSAS at inflection=19.11; depression=12.79°; smoothing=5-pt median; dark rows=532
fajr,2020-08-22,04:27,0,38.516705,-7.070783,0.0,Zamorano J. et al. (2019). TESS-W sky brightness network. Zenodo monthly archives. https://zenodo.org/records/3378728. CC0 1.0.,TESS station stars320; photometric inflection method; night median MSAS=19.54; MSAS at inflection=20.10; depression=15.48°; smoothing=5-pt median; dark rows=532
isha,2020-08-23,20:39,0,38.516705,-7.070783,0.0,Zamorano J. et al. (2019). TESS-W sky brightness network. Zenodo monthly archives. https://zenodo.org/records/3378728. CC0 1.0.,TESS station stars320; photometric inflection method; night median MSAS=19.60; MSAS at inflection=19.22; depression=16.89°; smoothing=5-pt median; dark rows=538
fajr,2020-08-24,05:00,0,38.516705,-7.070783,0.0,Zamorano J. et al. (2019). TESS-W sky brightness network. Zenodo monthly archives. https://zenodo.org/records/3378728. CC0 1.0.,TESS station stars320; photometric inflection method; night median MSAS=19.60; MSAS at inflection=17.83; depression=10.23°; smoothing=5-pt median; dark rows=538
isha,2020-08-24,20:01,0,38.516705,-7.070783,0.0,Zamorano J. et al. (2019). TESS-W sky brightness network. Zenodo monthly archives. https://zenodo.org/records/3378728. CC0 1.0.,TESS station stars320; photometric inflection method; night median MSAS=19.33; MSAS at inflection=17.86; depression=10.43°; smoothing=5-pt median; dark rows=541
fajr,2020-08-27,05:02,0,38.516705,-7.070783,0.0,Zamorano J. et al. (2019). TESS-W sky brightness network. Zenodo monthly archives. https://zenodo.org/records/3378728. CC0 1.0.,TESS station stars320; photometric inflection method; night median MSAS=19.61; MSAS at inflection=17.98; depression=10.28°; smoothing=5-pt median; dark rows=546
isha,2020-08-28,19:46,0,38.516705,-7.070783,0.0,Zamorano J. et al. (2019). TESS-W sky brightness network. Zenodo monthly archives. https://zenodo.org/records/3378728. CC0 1.0.,TESS station stars320; photometric inflection method; night median MSAS=18.93; MSAS at inflection=16.49; depression=8.91°; smoothing=5-pt median; dark rows=551
isha,2020-08-29,19:54,0,38.516705,-7.070783,0.0,Zamorano J. et al. (2019). TESS-W sky brightness network. Zenodo monthly archives. https://zenodo.org/records/3378728. CC0 1.0.,TESS station stars320; photometric inflection method; night median MSAS=18.80; MSAS at inflection=17.90; depression=10.71°; smoothing=5-pt median; dark rows=554
fajr,2020-08-30,05:05,0,38.516705,-7.070783,0.0,Zamorano J. et al. (2019). TESS-W sky brightness network. Zenodo monthly archives. https://zenodo.org/records/3378728. CC0 1.0.,TESS station stars320; photometric inflection method; night median MSAS=18.80; MSAS at inflection=18.10; depression=10.41°; smoothing=5-pt median; dark rows=554
fajr,2020-08-01,04:24,0,38.366184,-6.789225,0.0,Zamorano J. et al. (2019). TESS-W sky brightness network. Zenodo monthly archives. https://zenodo.org/records/3378728. CC0 1.0.,TESS station stars321; photometric inflection method; night median MSAS=19.36; MSAS at inflection=19.29; depression=11.98°; smoothing=5-pt median; dark rows=274
isha,2020-08-02,21:35,0,38.366184,-6.789225,0.0,Zamorano J. et al. (2019). TESS-W sky brightness network. Zenodo monthly archives. https://zenodo.org/records/3378728. CC0 1.0.,TESS station stars321; photometric inflection method; night median MSAS=17.91; MSAS at inflection=18.26; depression=20.28°; smoothing=5-pt median; dark rows=489
fajr,2020-08-03,04:31,0,38.366184,-6.789225,0.0,Zamorano J. et al. (2019). TESS-W sky brightness network. Zenodo monthly archives. https://zenodo.org/records/3378728. CC0 1.0.,TESS station stars321; photometric inflection method; night median MSAS=17.91; MSAS at inflection=18.62; depression=11.18°; smoothing=5-pt median; dark rows=489
fajr,2020-08-04,04:24,0,38.366184,-6.789225,0.0,Zamorano J. et al. (2019). TESS-W sky brightness network. Zenodo monthly archives. https://zenodo.org/records/3378728. CC0 1.0.,TESS station stars321; photometric inflection method; night median MSAS=17.81; MSAS at inflection=18.10; depression=12.46°; smoothing=5-pt median; dark rows=491
fajr,2020-08-05,04:30,0,38.366184,-6.789225,0.0,Zamorano J. et al. (2019). TESS-W sky brightness network. Zenodo monthly archives. https://zenodo.org/records/3378728. CC0 1.0.,TESS station stars321; photometric inflection method; night median MSAS=18.09; MSAS at inflection=18.01; depression=11.75°; smoothing=5-pt median; dark rows=493
isha,2020-08-05,20:19,0,38.366184,-6.789225,0.0,Zamorano J. et al. (2019). TESS-W sky brightness network. Zenodo monthly archives. https://zenodo.org/records/3378728. CC0 1.0.,TESS station stars321; photometric inflection method; night median MSAS=18.25; MSAS at inflection=16.66; depression=9.08°; smoothing=5-pt median; dark rows=485
isha,2020-08-06,20:22,0,38.366184,-6.789225,0.0,Zamorano J. et al. (2019). TESS-W sky brightness network. Zenodo monthly archives. https://zenodo.org/records/3378728. CC0 1.0.,TESS station stars321; photometric inflection method; night median MSAS=18.40; MSAS at inflection=17.37; depression=9.77°; smoothing=5-pt median; dark rows=496
fajr,2020-08-07,04:52,0,38.366184,-6.789225,0.0,Zamorano J. et al. (2019). TESS-W sky brightness network. Zenodo monthly archives. https://zenodo.org/records/3378728. CC0 1.0.,TESS station stars321; photometric inflection method; night median MSAS=18.40; MSAS at inflection=16.07; depression=8.43°; smoothing=5-pt median; dark rows=496
fajr,2020-08-08,04:41,0,38.366184,-6.789225,0.0,Zamorano J. et al. (2019). TESS-W sky brightness network. Zenodo monthly archives. https://zenodo.org/records/3378728. CC0 1.0.,TESS station stars321; photometric inflection method; night median MSAS=18.29; MSAS at inflection=17.30; depression=10.35°; smoothing=5-pt median; dark rows=500
isha,2020-08-08,20:25,0,38.366184,-6.789225,0.0,Zamorano J. et al. (2019). TESS-W sky brightness network. Zenodo monthly archives. https://zenodo.org/records/3378728. CC0 1.0.,TESS station stars321; photometric inflection method; night median MSAS=19.04; MSAS at inflection=18.30; depression=10.88°; smoothing=5-pt median; dark rows=502
fajr,2020-08-10,04:50,0,38.366184,-6.789225,0.0,Zamorano J. et al. (2019). TESS-W sky brightness network. Zenodo monthly archives. https://zenodo.org/records/3378728. CC0 1.0.,TESS station stars321; photometric inflection method; night median MSAS=19.25; MSAS at inflection=17.11; depression=9.25°; smoothing=5-pt median; dark rows=505
isha,2020-08-11,20:17,0,38.366184,-6.789225,0.0,Zamorano J. et al. (2019). TESS-W sky brightness network. Zenodo monthly archives. https://zenodo.org/records/3378728. CC0 1.0.,TESS station stars321; photometric inflection method; night median MSAS=19.66; MSAS at inflection=17.86; depression=10.09°; smoothing=5-pt median; dark rows=509
isha,2020-08-12,20:24,0,38.366184,-6.789225,0.0,Zamorano J. et al. (2019). TESS-W sky brightness network. Zenodo monthly archives. https://zenodo.org/records/3378728. CC0 1.0.,TESS station stars321; photometric inflection method; night median MSAS=19.91; MSAS at inflection=18.80; depression=11.55°; smoothing=5-pt median; dark rows=498
fajr,2020-08-14,04:29,0,38.366184,-6.789225,0.0,Zamorano J. et al. (2019). TESS-W sky brightness network. Zenodo monthly archives. https://zenodo.org/records/3378728. CC0 1.0.,TESS station stars321; photometric inflection method; night median MSAS=19.98; MSAS at inflection=19.57; depression=13.59°; smoothing=5-pt median; dark rows=514
isha,2020-08-14,21:24,0,38.366184,-6.789225,0.0,Zamorano J. et al. (2019). TESS-W sky brightness network. Zenodo monthly archives. https://zenodo.org/records/3378728. CC0 1.0.,TESS station stars321; photometric inflection method; night median MSAS=20.03; MSAS at inflection=19.91; depression=21.72°; smoothing=5-pt median; dark rows=517
fajr,2020-08-17,04:50,0,38.366184,-6.789225,0.0,Zamorano J. et al. (2019). TESS-W sky brightness network. Zenodo monthly archives. https://zenodo.org/records/3378728. CC0 1.0.,TESS station stars321; photometric inflection method; night median MSAS=20.17; MSAS at inflection=18.13; depression=10.45°; smoothing=5-pt median; dark rows=522
isha,2020-08-17,20:13,0,38.366184,-6.789225,0.0,Zamorano J. et al. (2019). TESS-W sky brightness network. Zenodo monthly archives. https://zenodo.org/records/3378728. CC0 1.0.,TESS station stars321; photometric inflection method; night median MSAS=20.15; MSAS at inflection=18.58; depression=10.87°; smoothing=5-pt median; dark rows=523
fajr,2020-08-18,04:42,0,38.366184,-6.789225,0.0,Zamorano J. et al. (2019). TESS-W sky brightness network. Zenodo monthly archives. https://zenodo.org/records/3378728. CC0 1.0.,TESS station stars321; photometric inflection method; night median MSAS=20.15; MSAS at inflection=19.32; depression=12.08°; smoothing=5-pt median; dark rows=523
fajr,2020-08-19,04:49,0,38.366184,-6.789225,0.0,Zamorano J. et al. (2019). TESS-W sky brightness network. Zenodo monthly archives. https://zenodo.org/records/3378728. CC0 1.0.,TESS station stars321; photometric inflection method; night median MSAS=20.13; MSAS at inflection=18.62; depression=11.09°; smoothing=5-pt median; dark rows=528
fajr,2020-08-20,04:55,0,38.366184,-6.789225,0.0,Zamorano J. et al. (2019). TESS-W sky brightness network. Zenodo monthly archives. https://zenodo.org/records/3378728. CC0 1.0.,TESS station stars321; photometric inflection method; night median MSAS=20.11; MSAS at inflection=17.81; depression=10.11°; smoothing=5-pt median; dark rows=530
fajr,2020-08-21,04:49,0,38.366184,-6.789225,0.0,Zamorano J. et al. (2019). TESS-W sky brightness network. Zenodo monthly archives. https://zenodo.org/records/3378728. CC0 1.0.,TESS station stars321; photometric inflection method; night median MSAS=18.69; MSAS at inflection=17.31; depression=11.40°; smoothing=5-pt median; dark rows=526
fajr,2020-08-24,04:45,0,38.366184,-6.789225,0.0,Zamorano J. et al. (2019). TESS-W sky brightness network. Zenodo monthly archives. https://zenodo.org/records/3378728. CC0 1.0.,TESS station stars321; photometric inflection method; night median MSAS=20.07; MSAS at inflection=19.59; depression=12.76°; smoothing=5-pt median; dark rows=539
fajr,2020-08-25,04:59,0,38.366184,-6.789225,0.0,Zamorano J. et al. (2019). TESS-W sky brightness network. Zenodo monthly archives. https://zenodo.org/records/3378728. CC0 1.0.,TESS station stars321; photometric inflection method; night median MSAS=20.02; MSAS at inflection=17.84; depression=10.31°; smoothing=5-pt median; dark rows=542
fajr,2020-08-28,05:06,0,38.366184,-6.789225,0.0,Zamorano J. et al. (2019). TESS-W sky brightness network. Zenodo monthly archives. https://zenodo.org/records/3378728. CC0 1.0.,TESS station stars321; photometric inflection method; night median MSAS=19.87; MSAS at inflection=17.56; depression=9.70°; smoothing=5-pt median; dark rows=549
isha,2020-08-29,19:50,0,38.366184,-6.789225,0.0,Zamorano J. et al. (2019). TESS-W sky brightness network. Zenodo monthly archives. https://zenodo.org/records/3378728. CC0 1.0.,TESS station stars321; photometric inflection method; night median MSAS=18.83; MSAS at inflection=17.70; depression=10.24°; smoothing=5-pt median; dark rows=555
isha,2020-08-30,19:48,0,38.366184,-6.789225,0.0,Zamorano J. et al. (2019). TESS-W sky brightness network. Zenodo monthly archives. https://zenodo.org/records/3378728. CC0 1.0.,TESS station stars321; photometric inflection method; night median MSAS=18.42; MSAS at inflection=17.38; depression=10.05°; smoothing=5-pt median; dark rows=558
fajr,2020-08-31,04:25,0,38.366184,-6.789225,0.0,Zamorano J. et al. (2019). TESS-W sky brightness network. Zenodo monthly archives. https://zenodo.org/records/3378728. CC0 1.0.,TESS station stars321; photometric inflection method; night median MSAS=18.42; MSAS at inflection=20.17; depression=17.66°; smoothing=5-pt median; dark rows=558
isha,2020-08-01,20:25,0,38.514058,-6.849581,0.0,Zamorano J. et al. (2019). TESS-W sky brightness network. Zenodo monthly archives. https://zenodo.org/records/3378728. CC0 1.0.,TESS station stars322; photometric inflection method; night median MSAS=18.35; MSAS at inflection=16.56; depression=9.20°; smoothing=5-pt median; dark rows=485
fajr,2020-08-02,04:31,0,38.514058,-6.849581,0.0,Zamorano J. et al. (2019). TESS-W sky brightness network. Zenodo monthly archives. https://zenodo.org/records/3378728. CC0 1.0.,TESS station stars322; photometric inflection method; night median MSAS=18.35; MSAS at inflection=18.61; depression=11.01°; smoothing=5-pt median; dark rows=485
fajr,2020-08-03,04:39,0,38.514058,-6.849581,0.0,Zamorano J. et al. (2019). TESS-W sky brightness network. Zenodo monthly archives. https://zenodo.org/records/3378728. CC0 1.0.,TESS station stars322; photometric inflection method; night median MSAS=17.82; MSAS at inflection=17.92; depression=9.80°; smoothing=5-pt median; dark rows=488
isha,2020-08-03,20:29,0,38.514058,-6.849581,0.0,Zamorano J. et al. (2019). TESS-W sky brightness network. Zenodo monthly archives. https://zenodo.org/records/3378728. CC0 1.0.,TESS station stars322; photometric inflection method; night median MSAS=17.77; MSAS at inflection=17.19; depression=10.22°; smoothing=5-pt median; dark rows=490
fajr,2020-08-04,04:44,0,38.514058,-6.849581,0.0,Zamorano J. et al. (2019). TESS-W sky brightness network. Zenodo monthly archives. https://zenodo.org/records/3378728. CC0 1.0.,TESS station stars322; photometric inflection method; night median MSAS=17.77; MSAS at inflection=16.58; depression=9.13°; smoothing=5-pt median; dark rows=490
isha,2020-08-05,20:21,0,38.514058,-6.849581,0.0,Zamorano J. et al. (2019). TESS-W sky brightness network. Zenodo monthly archives. https://zenodo.org/records/3378728. CC0 1.0.,TESS station stars322; photometric inflection method; night median MSAS=18.12; MSAS at inflection=16.41; depression=9.29°; smoothing=5-pt median; dark rows=494
fajr,2020-08-06,04:48,0,38.514058,-6.849581,0.0,Zamorano J. et al. (2019). TESS-W sky brightness network. Zenodo monthly archives. https://zenodo.org/records/3378728. CC0 1.0.,TESS station stars322; photometric inflection method; night median MSAS=18.12; MSAS at inflection=16.40; depression=8.89°; smoothing=5-pt median; dark rows=494
fajr,2020-08-07,04:52,0,38.514058,-6.849581,0.0,Zamorano J. et al. (2019). TESS-W sky brightness network. Zenodo monthly archives. https://zenodo.org/records/3378728. CC0 1.0.,TESS station stars322; photometric inflection method; night median MSAS=18.27; MSAS at inflection=16.09; depression=8.39°; smoothing=5-pt median; dark rows=497
fajr,2020-08-01,04:41,0,38.166303,-6.656062,0.0,Zamorano J. et al. (2019). TESS-W sky brightness network. Zenodo monthly archives. https://zenodo.org/records/3378728. CC0 1.0.,TESS station stars323; photometric inflection method; night median MSAS=19.07; MSAS at inflection=16.82; depression=9.14°; smoothing=5-pt median; dark rows=274
isha,2020-08-01,20:39,0,38.166303,-6.656062,0.0,Zamorano J. et al. (2019). TESS-W sky brightness network. Zenodo monthly archives. https://zenodo.org/records/3378728. CC0 1.0.,TESS station stars323; photometric inflection method; night median MSAS=18.12; MSAS at inflection=17.92; depression=11.74°; smoothing=5-pt median; dark rows=484
fajr,2020-08-02,04:44,0,38.166303,-6.656062,0.0,Zamorano J. et al. (2019). TESS-W sky brightness network. Zenodo monthly archives. https://zenodo.org/records/3378728. CC0 1.0.,TESS station stars323; photometric inflection method; night median MSAS=18.12; MSAS at inflection=16.58; depression=8.90°; smoothing=5-pt median; dark rows=484
fajr,2020-08-03,04:36,0,38.166303,-6.656062,0.0,Zamorano J. et al. (2019). TESS-W sky brightness network. Zenodo monthly archives. https://zenodo.org/records/3378728. CC0 1.0.,TESS station stars323; photometric inflection method; night median MSAS=17.81; MSAS at inflection=17.85; depression=10.40°; smoothing=5-pt median; dark rows=490
isha,2020-08-03,20:25,0,38.166303,-6.656062,0.0,Zamorano J. et al. (2019). TESS-W sky brightness network. Zenodo monthly archives. https://zenodo.org/records/3378728. CC0 1.0.,TESS station stars323; photometric inflection method; night median MSAS=17.73; MSAS at inflection=16.65; depression=9.83°; smoothing=5-pt median; dark rows=492
fajr,2020-08-04,04:31,0,38.166303,-6.656062,0.0,Zamorano J. et al. (2019). TESS-W sky brightness network. Zenodo monthly archives. https://zenodo.org/records/3378728. CC0 1.0.,TESS station stars323; photometric inflection method; night median MSAS=17.73; MSAS at inflection=17.79; depression=11.39°; smoothing=5-pt median; dark rows=492
fajr,2020-08-05,04:48,0,38.166303,-6.656062,0.0,Zamorano J. et al. (2019). TESS-W sky brightness network. Zenodo monthly archives. https://zenodo.org/records/3378728. CC0 1.0.,TESS station stars323; photometric inflection method; night median MSAS=17.95; MSAS at inflection=16.17; depression=8.67°; smoothing=5-pt median; dark rows=495
isha,2020-08-05,20:40,0,38.166303,-6.656062,0.0,Zamorano J. et al. (2019). TESS-W sky brightness network. Zenodo monthly archives. https://zenodo.org/records/3378728. CC0 1.0.,TESS station stars323; photometric inflection method; night median MSAS=18.13; MSAS at inflection=19.18; depression=12.87°; smoothing=5-pt median; dark rows=495
fajr,2020-08-06,04:41,0,38.166303,-6.656062,0.0,Zamorano J. et al. (2019). TESS-W sky brightness network. Zenodo monthly archives. https://zenodo.org/records/3378728. CC0 1.0.,TESS station stars323; photometric inflection method; night median MSAS=18.13; MSAS at inflection=17.15; depression=10.03°; smoothing=5-pt median; dark rows=495
fajr,2020-08-07,04:48,0,38.166303,-6.656062,0.0,Zamorano J. et al. (2019). TESS-W sky brightness network. Zenodo monthly archives. https://zenodo.org/records/3378728. CC0 1.0.,TESS station stars323; photometric inflection method; night median MSAS=18.30; MSAS at inflection=16.58; depression=9.02°; smoothing=5-pt median; dark rows=486
isha,2020-08-09,20:29,0,38.166303,-6.656062,0.0,Zamorano J. et al. (2019). TESS-W sky brightness network. Zenodo monthly archives. https://zenodo.org/records/3378728. CC0 1.0.,TESS station stars323; photometric inflection method; night median MSAS=19.07; MSAS at inflection=18.74; depression=11.89°; smoothing=5-pt median; dark rows=504
isha,2020-08-10,20:27,0,38.166303,-6.656062,0.0,Zamorano J. et al. (2019). TESS-W sky brightness network. Zenodo monthly archives. https://zenodo.org/records/3378728. CC0 1.0.,TESS station stars323; photometric inflection method; night median MSAS=19.31; MSAS at inflection=18.99; depression=11.80°; smoothing=5-pt median; dark rows=507
fajr,2020-08-11,04:49,0,38.166303,-6.656062,0.0,Zamorano J. et al. (2019). TESS-W sky brightness network. Zenodo monthly archives. https://zenodo.org/records/3378728. CC0 1.0.,TESS station stars323; photometric inflection method; night median MSAS=19.31; MSAS at inflection=17.25; depression=9.60°; smoothing=5-pt median; dark rows=507
fajr,2020-08-13,04:43,0,38.166303,-6.656062,0.0,Zamorano J. et al. (2019). TESS-W sky brightness network. Zenodo monthly archives. https://zenodo.org/records/3378728. CC0 1.0.,TESS station stars323; photometric inflection method; night median MSAS=19.61; MSAS at inflection=18.28; depression=10.98°; smoothing=5-pt median; dark rows=512
isha,2020-08-13,20:22,0,38.166303,-6.656062,0.0,Zamorano J. et al. (2019). TESS-W sky brightness network. Zenodo monthly archives. https://zenodo.org/records/3378728. CC0 1.0.,TESS station stars323; photometric inflection method; night median MSAS=19.71; MSAS at inflection=18.70; depression=11.72°; smoothing=5-pt median; dark rows=514
fajr,2020-08-14,04:31,0,38.166303,-6.656062,0.0,Zamorano J. et al. (2019). TESS-W sky brightness network. Zenodo monthly archives. https://zenodo.org/records/3378728. CC0 1.0.,TESS station stars323; photometric inflection method; night median MSAS=19.71; MSAS at inflection=19.36; depression=13.21°; smoothing=5-pt median; dark rows=514
isha,2020-08-14,20:23,0,38.166303,-6.656062,0.0,Zamorano J. et al. (2019). TESS-W sky brightness network. Zenodo monthly archives. https://zenodo.org/records/3378728. CC0 1.0.,TESS station stars323; photometric inflection method; night median MSAS=19.76; MSAS at inflection=18.96; depression=12.10°; smoothing=5-pt median; dark rows=516
fajr,2020-08-15,04:25,0,38.166303,-6.656062,0.0,Zamorano J. et al. (2019). TESS-W sky brightness network. Zenodo monthly archives. https://zenodo.org/records/3378728. CC0 1.0.,TESS station stars323; photometric inflection method; night median MSAS=19.76; MSAS at inflection=19.88; depression=14.42°; smoothing=5-pt median; dark rows=516
isha,2020-08-17,20:10,0,38.166303,-6.656062,0.0,Zamorano J. et al. (2019). TESS-W sky brightness network. Zenodo monthly archives. https://zenodo.org/records/3378728. CC0 1.0.,TESS station stars323; photometric inflection method; night median MSAS=19.84; MSAS at inflection=18.29; depression=10.63°; smoothing=5-pt median; dark rows=521
fajr,2020-08-18,04:46,0,38.166303,-6.656062,0.0,Zamorano J. et al. (2019). TESS-W sky brightness network. Zenodo monthly archives. https://zenodo.org/records/3378728. CC0 1.0.,TESS station stars323; photometric inflection method; night median MSAS=19.84; MSAS at inflection=18.98; depression=11.39°; smoothing=5-pt median; dark rows=521
isha,2020-08-19,20:18,0,38.166303,-6.656062,0.0,Zamorano J. et al. (2019). TESS-W sky brightness network. Zenodo monthly archives. https://zenodo.org/records/3378728. CC0 1.0.,TESS station stars323; photometric inflection method; night median MSAS=19.88; MSAS at inflection=19.24; depression=12.62°; smoothing=5-pt median; dark rows=527
fajr,2020-08-20,04:56,0,38.166303,-6.656062,0.0,Zamorano J. et al. (2019). TESS-W sky brightness network. Zenodo monthly archives. https://zenodo.org/records/3378728. CC0 1.0.,TESS station stars323; photometric inflection method; night median MSAS=19.88; MSAS at inflection=17.64; depression=10.00°; smoothing=5-pt median; dark rows=527
isha,2020-08-20,20:08,0,38.166303,-6.656062,0.0,Zamorano J. et al. (2019). TESS-W sky brightness network. Zenodo monthly archives. https://zenodo.org/records/3378728. CC0 1.0.,TESS station stars323; photometric inflection method; night median MSAS=19.71; MSAS at inflection=18.40; depression=10.99°; smoothing=5-pt median; dark rows=532
isha,2020-08-21,20:05,0,38.166303,-6.656062,0.0,Zamorano J. et al. (2019). TESS-W sky brightness network. Zenodo monthly archives. https://zenodo.org/records/3378728. CC0 1.0.,TESS station stars323; photometric inflection method; night median MSAS=19.81; MSAS at inflection=18.25; depression=10.85°; smoothing=5-pt median; dark rows=532
isha,2020-08-23,20:03,0,38.166303,-6.656062,0.0,Zamorano J. et al. (2019). TESS-W sky brightness network. Zenodo monthly archives. https://zenodo.org/records/3378728. CC0 1.0.,TESS station stars323; photometric inflection method; night median MSAS=19.80; MSAS at inflection=18.21; depression=10.90°; smoothing=5-pt median; dark rows=539
fajr,2020-08-27,04:47,0,38.166303,-6.656062,0.0,Zamorano J. et al. (2019). TESS-W sky brightness network. Zenodo monthly archives. https://zenodo.org/records/3378728. CC0 1.0.,TESS station stars323; photometric inflection method; night median MSAS=19.72; MSAS at inflection=19.52; depression=12.87°; smoothing=5-pt median; dark rows=547
isha,2020-08-28,19:52,0,38.166303,-6.656062,0.0,Zamorano J. et al. (2019). TESS-W sky brightness network. Zenodo monthly archives. https://zenodo.org/records/3378728. CC0 1.0.,TESS station stars323; photometric inflection method; night median MSAS=18.80; MSAS at inflection=17.55; depression=10.33°; smoothing=5-pt median; dark rows=541
fajr,2020-08-29,04:50,0,38.166303,-6.656062,0.0,Zamorano J. et al. (2019). TESS-W sky brightness network. Zenodo monthly archives. https://zenodo.org/records/3378728. CC0 1.0.,TESS station stars323; photometric inflection method; night median MSAS=18.80; MSAS at inflection=19.54; depression=12.68°; smoothing=5-pt median; dark rows=541
isha,2020-08-30,19:44,0,38.166303,-6.656062,0.0,Zamorano J. et al. (2019). TESS-W sky brightness network. Zenodo monthly archives. https://zenodo.org/records/3378728. CC0 1.0.,TESS station stars323; photometric inflection method; night median MSAS=18.23; MSAS at inflection=16.82; depression=9.43°; smoothing=5-pt median; dark rows=142
fajr,2020-08-30,20:41,0,38.166303,-6.656062,0.0,Zamorano J. et al. (2019). TESS-W sky brightness network. Zenodo monthly archives. https://zenodo.org/records/3378728. CC0 1.0.,TESS station stars323; photometric inflection method; night median MSAS=18.23; MSAS at inflection=18.32; depression=19.72°; smoothing=5-pt median; dark rows=142
isha,2020-08-01,20:35,0,38.511152,-7.279224,0.0,Zamorano J. et al. (2019). TESS-W sky brightness network. Zenodo monthly archives. https://zenodo.org/records/3378728. CC0 1.0.,TESS station stars324; photometric inflection method; night median MSAS=18.24; MSAS at inflection=17.50; depression=10.54°; smoothing=5-pt median; dark rows=483
isha,2020-08-02,20:18,0,38.511152,-7.279224,0.0,Zamorano J. et al. (2019). TESS-W sky brightness network. Zenodo monthly archives. https://zenodo.org/records/3378728. CC0 1.0.,TESS station stars324; photometric inflection method; night median MSAS=17.84; MSAS at inflection=15.76; depression=7.90°; smoothing=5-pt median; dark rows=488
fajr,2020-08-03,04:36,0,38.511152,-7.279224,0.0,Zamorano J. et al. (2019). TESS-W sky brightness network. Zenodo monthly archives. https://zenodo.org/records/3378728. CC0 1.0.,TESS station stars324; photometric inflection method; night median MSAS=17.84; MSAS at inflection=18.31; depression=10.53°; smoothing=5-pt median; dark rows=488
isha,2020-08-03,20:30,0,38.511152,-7.279224,0.0,Zamorano J. et al. (2019). TESS-W sky brightness network. Zenodo monthly archives. https://zenodo.org/records/3378728. CC0 1.0.,TESS station stars324; photometric inflection method; night median MSAS=17.75; MSAS at inflection=17.17; depression=10.23°; smoothing=5-pt median; dark rows=489
fajr,2020-08-04,04:31,0,38.511152,-7.279224,0.0,Zamorano J. et al. (2019). TESS-W sky brightness network. Zenodo monthly archives. https://zenodo.org/records/3378728. CC0 1.0.,TESS station stars324; photometric inflection method; night median MSAS=17.75; MSAS at inflection=17.81; depression=11.60°; smoothing=5-pt median; dark rows=489
isha,2020-08-04,20:44,0,38.511152,-7.279224,0.0,Zamorano J. et al. (2019). TESS-W sky brightness network. Zenodo monthly archives. https://zenodo.org/records/3378728. CC0 1.0.,TESS station stars324; photometric inflection method; night median MSAS=18.02; MSAS at inflection=19.24; depression=12.65°; smoothing=5-pt median; dark rows=493
isha,2020-08-05,20:23,0,38.511152,-7.279224,0.0,Zamorano J. et al. (2019). TESS-W sky brightness network. Zenodo monthly archives. https://zenodo.org/records/3378728. CC0 1.0.,TESS station stars324; photometric inflection method; night median MSAS=18.14; MSAS at inflection=16.88; depression=9.38°; smoothing=5-pt median; dark rows=484
isha,2020-08-06,20:29,0,38.511152,-7.279224,0.0,Zamorano J. et al. (2019). TESS-W sky brightness network. Zenodo monthly archives. https://zenodo.org/records/3378728. CC0 1.0.,TESS station stars324; photometric inflection method; night median MSAS=18.42; MSAS at inflection=18.11; depression=10.57°; smoothing=5-pt median; dark rows=497
fajr,2020-08-07,04:34,0,38.511152,-7.279224,0.0,Zamorano J. et al. (2019). TESS-W sky brightness network. Zenodo monthly archives. https://zenodo.org/records/3378728. CC0 1.0.,TESS station stars324; photometric inflection method; night median MSAS=18.42; MSAS at inflection=17.89; depression=11.59°; smoothing=5-pt median; dark rows=497
isha,2020-08-07,20:53,0,38.511152,-7.279224,0.0,Zamorano J. et al. (2019). TESS-W sky brightness network. Zenodo monthly archives. https://zenodo.org/records/3378728. CC0 1.0.,TESS station stars324; photometric inflection method; night median MSAS=18.52; MSAS at inflection=20.09; depression=14.75°; smoothing=5-pt median; dark rows=498
fajr,2020-08-08,04:32,0,38.511152,-7.279224,0.0,Zamorano J. et al. (2019). TESS-W sky brightness network. Zenodo monthly archives. https://zenodo.org/records/3378728. CC0 1.0.,TESS station stars324; photometric inflection method; night median MSAS=18.52; MSAS at inflection=17.54; depression=12.25°; smoothing=5-pt median; dark rows=498
fajr,2020-08-09,04:42,0,38.511152,-7.279224,0.0,Zamorano J. et al. (2019). TESS-W sky brightness network. Zenodo monthly archives. https://zenodo.org/records/3378728. CC0 1.0.,TESS station stars324; photometric inflection method; night median MSAS=19.14; MSAS at inflection=17.64; depression=10.75°; smoothing=5-pt median; dark rows=502
isha,2020-08-09,20:39,0,38.511152,-7.279224,0.0,Zamorano J. et al. (2019). TESS-W sky brightness network. Zenodo monthly archives. https://zenodo.org/records/3378728. CC0 1.0.,TESS station stars324; photometric inflection method; night median MSAS=19.44; MSAS at inflection=19.19; depression=12.98°; smoothing=5-pt median; dark rows=493
fajr,2020-08-10,04:11,0,38.511152,-7.279224,0.0,Zamorano J. et al. (2019). TESS-W sky brightness network. Zenodo monthly archives. https://zenodo.org/records/3378728. CC0 1.0.,TESS station stars324; photometric inflection method; night median MSAS=19.44; MSAS at inflection=18.49; depression=15.92°; smoothing=5-pt median; dark rows=493
isha,2020-08-10,20:31,0,38.511152,-7.279224,0.0,Zamorano J. et al. (2019). TESS-W sky brightness network. Zenodo monthly archives. https://zenodo.org/records/3378728. CC0 1.0.,TESS station stars324; photometric inflection method; night median MSAS=19.77; MSAS at inflection=19.37; depression=11.96°; smoothing=5-pt median; dark rows=506
fajr,2020-08-12,04:45,0,38.511152,-7.279224,0.0,Zamorano J. et al. (2019). TESS-W sky brightness network. Zenodo monthly archives. https://zenodo.org/records/3378728. CC0 1.0.,TESS station stars324; photometric inflection method; night median MSAS=19.81; MSAS at inflection=18.11; depression=10.71°; smoothing=5-pt median; dark rows=491
isha,2020-08-12,21:03,0,38.511152,-7.279224,0.0,Zamorano J. et al. (2019). TESS-W sky brightness network. Zenodo monthly archives. https://zenodo.org/records/3378728. CC0 1.0.,TESS station stars324; photometric inflection method; night median MSAS=20.18; MSAS at inflection=20.28; depression=17.58°; smoothing=5-pt median; dark rows=511
fajr,2020-08-13,04:43,0,38.511152,-7.279224,0.0,Zamorano J. et al. (2019). TESS-W sky brightness network. Zenodo monthly archives. https://zenodo.org/records/3378728. CC0 1.0.,TESS station stars324; photometric inflection method; night median MSAS=20.18; MSAS at inflection=18.59; depression=11.32°; smoothing=5-pt median; dark rows=511
isha,2020-08-14,20:24,0,38.511152,-7.279224,0.0,Zamorano J. et al. (2019). TESS-W sky brightness network. Zenodo monthly archives. https://zenodo.org/records/3378728. CC0 1.0.,TESS station stars324; photometric inflection method; night median MSAS=20.46; MSAS at inflection=18.89; depression=11.65°; smoothing=5-pt median; dark rows=516
fajr,2020-08-15,04:44,0,38.511152,-7.279224,0.0,Zamorano J. et al. (2019). TESS-W sky brightness network. Zenodo monthly archives. https://zenodo.org/records/3378728. CC0 1.0.,TESS station stars324; photometric inflection method; night median MSAS=20.46; MSAS at inflection=18.93; depression=11.51°; smoothing=5-pt median; dark rows=516
isha,2020-08-15,20:33,0,38.511152,-7.279224,0.0,Zamorano J. et al. (2019). TESS-W sky brightness network. Zenodo monthly archives. https://zenodo.org/records/3378728. CC0 1.0.,TESS station stars324; photometric inflection method; night median MSAS=20.38; MSAS at inflection=19.96; depression=13.49°; smoothing=5-pt median; dark rows=517
fajr,2020-08-16,04:46,0,38.511152,-7.279224,0.0,Zamorano J. et al. (2019). TESS-W sky brightness network. Zenodo monthly archives. https://zenodo.org/records/3378728. CC0 1.0.,TESS station stars324; photometric inflection method; night median MSAS=20.38; MSAS at inflection=18.85; depression=11.28°; smoothing=5-pt median; dark rows=517
isha,2020-08-16,20:12,0,38.511152,-7.279224,0.0,Zamorano J. et al. (2019). TESS-W sky brightness network. Zenodo monthly archives. https://zenodo.org/records/3378728. CC0 1.0.,TESS station stars324; photometric inflection method; night median MSAS=20.45; MSAS at inflection=17.96; depression=10.18°; smoothing=5-pt median; dark rows=522
fajr,2020-08-18,04:45,0,38.511152,-7.279224,0.0,Zamorano J. et al. (2019). TESS-W sky brightness network. Zenodo monthly archives. https://zenodo.org/records/3378728. CC0 1.0.,TESS station stars324; photometric inflection method; night median MSAS=20.43; MSAS at inflection=19.57; depression=11.85°; smoothing=5-pt median; dark rows=523
isha,2020-08-20,20:03,0,38.511152,-7.279224,0.0,Zamorano J. et al. (2019). TESS-W sky brightness network. Zenodo monthly archives. https://zenodo.org/records/3378728. CC0 1.0.,TESS station stars324; photometric inflection method; night median MSAS=17.86; MSAS at inflection=17.30; depression=9.57°; smoothing=5-pt median; dark rows=532
fajr,2020-08-21,05:13,0,38.511152,-7.279224,0.0,Zamorano J. et al. (2019). TESS-W sky brightness network. Zenodo monthly archives. https://zenodo.org/records/3378728. CC0 1.0.,TESS station stars324; photometric inflection method; night median MSAS=17.86; MSAS at inflection=15.47; depression=7.45°; smoothing=5-pt median; dark rows=532
isha,2020-08-21,20:24,0,38.511152,-7.279224,0.0,Zamorano J. et al. (2019). TESS-W sky brightness network. Zenodo monthly archives. https://zenodo.org/records/3378728. CC0 1.0.,TESS station stars324; photometric inflection method; night median MSAS=20.40; MSAS at inflection=20.02; depression=13.62°; smoothing=5-pt median; dark rows=533
fajr,2020-08-22,04:49,0,38.511152,-7.279224,0.0,Zamorano J. et al. (2019). TESS-W sky brightness network. Zenodo monthly archives. https://zenodo.org/records/3378728. CC0 1.0.,TESS station stars324; photometric inflection method; night median MSAS=20.40; MSAS at inflection=19.12; depression=11.82°; smoothing=5-pt median; dark rows=533
isha,2020-08-22,20:12,0,38.511152,-7.279224,0.0,Zamorano J. et al. (2019). TESS-W sky brightness network. Zenodo monthly archives. https://zenodo.org/records/3378728. CC0 1.0.,TESS station stars324; photometric inflection method; night median MSAS=20.49; MSAS at inflection=18.97; depression=11.78°; smoothing=5-pt median; dark rows=535
fajr,2020-08-23,04:49,0,38.511152,-7.279224,0.0,Zamorano J. et al. (2019). TESS-W sky brightness network. Zenodo monthly archives. https://zenodo.org/records/3378728. CC0 1.0.,TESS station stars324; photometric inflection method; night median MSAS=20.49; MSAS at inflection=19.32; depression=12.05°; smoothing=5-pt median; dark rows=535
isha,2020-08-23,20:06,0,38.511152,-7.279224,0.0,Zamorano J. et al. (2019). TESS-W sky brightness network. Zenodo monthly archives. https://zenodo.org/records/3378728. CC0 1.0.,TESS station stars324; photometric inflection method; night median MSAS=20.50; MSAS at inflection=18.31; depression=10.88°; smoothing=5-pt median; dark rows=528
isha,2020-08-26,20:11,0,38.511152,-7.279224,0.0,Zamorano J. et al. (2019). TESS-W sky brightness network. Zenodo monthly archives. https://zenodo.org/records/3378728. CC0 1.0.,TESS station stars324; photometric inflection method; night median MSAS=20.44; MSAS at inflection=18.69; depression=12.61°; smoothing=5-pt median; dark rows=536
fajr,2020-08-27,05:00,0,38.511152,-7.279224,0.0,Zamorano J. et al. (2019). TESS-W sky brightness network. Zenodo monthly archives. https://zenodo.org/records/3378728. CC0 1.0.,TESS station stars324; photometric inflection method; night median MSAS=20.44; MSAS at inflection=18.52; depression=10.83°; smoothing=5-pt median; dark rows=536
isha,2020-08-28,19:56,0,38.511152,-7.279224,0.0,Zamorano J. et al. (2019). TESS-W sky brightness network. Zenodo monthly archives. https://zenodo.org/records/3378728. CC0 1.0.,TESS station stars324; photometric inflection method; night median MSAS=18.84; MSAS at inflection=17.83; depression=10.60°; smoothing=5-pt median; dark rows=552
fajr,2020-08-30,05:15,0,38.511152,-7.279224,0.0,Zamorano J. et al. (2019). TESS-W sky brightness network. Zenodo monthly archives. https://zenodo.org/records/3378728. CC0 1.0.,TESS station stars324; photometric inflection method; night median MSAS=18.73; MSAS at inflection=16.35; depression=8.68°; smoothing=5-pt median; dark rows=553
isha,2020-08-30,19:49,0,38.511152,-7.279224,0.0,Zamorano J. et al. (2019). TESS-W sky brightness network. Zenodo monthly archives. https://zenodo.org/records/3378728. CC0 1.0.,TESS station stars324; photometric inflection method; night median MSAS=18.38; MSAS at inflection=17.21; depression=9.84°; smoothing=5-pt median; dark rows=557
fajr,2020-08-01,04:26,0,38.684484,-7.105901,0.0,Zamorano J. et al. (2019). TESS-W sky brightness network. Zenodo monthly archives. https://zenodo.org/records/3378728. CC0 1.0.,TESS station stars325; photometric inflection method; night median MSAS=19.33; MSAS at inflection=19.06; depression=11.71°; smoothing=5-pt median; dark rows=275
fajr,2020-08-02,04:24,0,38.684484,-7.105901,0.0,Zamorano J. et al. (2019). TESS-W sky brightness network. Zenodo monthly archives. https://zenodo.org/records/3378728. CC0 1.0.,TESS station stars325; photometric inflection method; night median MSAS=18.26; MSAS at inflection=19.32; depression=12.15°; smoothing=5-pt median; dark rows=484
isha,2020-08-02,20:24,0,38.684484,-7.105901,0.0,Zamorano J. et al. (2019). TESS-W sky brightness network. Zenodo monthly archives. https://zenodo.org/records/3378728. CC0 1.0.,TESS station stars325; photometric inflection method; night median MSAS=17.85; MSAS at inflection=16.94; depression=9.03°; smoothing=5-pt median; dark rows=487
isha,2020-08-03,20:20,0,38.684484,-7.105901,0.0,Zamorano J. et al. (2019). TESS-W sky brightness network. Zenodo monthly archives. https://zenodo.org/records/3378728. CC0 1.0.,TESS station stars325; photometric inflection method; night median MSAS=17.79; MSAS at inflection=15.57; depression=8.43°; smoothing=5-pt median; dark rows=488
isha,2020-08-04,21:37,0,38.684484,-7.105901,0.0,Zamorano J. et al. (2019). TESS-W sky brightness network. Zenodo monthly archives. https://zenodo.org/records/3378728. CC0 1.0.,TESS station stars325; photometric inflection method; night median MSAS=18.07; MSAS at inflection=18.72; depression=20.71°; smoothing=5-pt median; dark rows=490
fajr,2020-08-05,04:36,0,38.684484,-7.105901,0.0,Zamorano J. et al. (2019). TESS-W sky brightness network. Zenodo monthly archives. https://zenodo.org/records/3378728. CC0 1.0.,TESS station stars325; photometric inflection method; night median MSAS=18.07; MSAS at inflection=17.63; depression=10.75°; smoothing=5-pt median; dark rows=490
isha,2020-08-05,20:38,0,38.684484,-7.105901,0.0,Zamorano J. et al. (2019). TESS-W sky brightness network. Zenodo monthly archives. https://zenodo.org/records/3378728. CC0 1.0.,TESS station stars325; photometric inflection method; night median MSAS=18.17; MSAS at inflection=18.83; depression=11.93°; smoothing=5-pt median; dark rows=493
fajr,2020-08-06,04:44,0,38.684484,-7.105901,0.0,Zamorano J. et al. (2019). TESS-W sky brightness network. Zenodo monthly archives. https://zenodo.org/records/3378728. CC0 1.0.,TESS station stars325; photometric inflection method; night median MSAS=18.17; MSAS at inflection=16.88; depression=9.62°; smoothing=5-pt median; dark rows=493
isha,2020-08-06,20:26,0,38.684484,-7.105901,0.0,Zamorano J. et al. (2019). TESS-W sky brightness network. Zenodo monthly archives. https://zenodo.org/records/3378728. CC0 1.0.,TESS station stars325; photometric inflection method; night median MSAS=18.34; MSAS at inflection=17.68; depression=10.17°; smoothing=5-pt median; dark rows=495
fajr,2020-08-07,04:53,0,38.684484,-7.105901,0.0,Zamorano J. et al. (2019). TESS-W sky brightness network. Zenodo monthly archives. https://zenodo.org/records/3378728. CC0 1.0.,TESS station stars325; photometric inflection method; night median MSAS=18.34; MSAS at inflection=15.90; depression=8.28°; smoothing=5-pt median; dark rows=495
fajr,2020-08-08,04:45,0,38.684484,-7.105901,0.0,Zamorano J. et al. (2019). TESS-W sky brightness network. Zenodo monthly archives. https://zenodo.org/records/3378728. CC0 1.0.,TESS station stars325; photometric inflection method; night median MSAS=18.31; MSAS at inflection=17.12; depression=9.78°; smoothing=5-pt median; dark rows=498
isha,2020-08-08,20:18,0,38.684484,-7.105901,0.0,Zamorano J. et al. (2019). TESS-W sky brightness network. Zenodo monthly archives. https://zenodo.org/records/3378728. CC0 1.0.,TESS station stars325; photometric inflection method; night median MSAS=18.92; MSAS at inflection=16.75; depression=9.21°; smoothing=5-pt median; dark rows=500
isha,2020-08-09,20:20,0,38.684484,-7.105901,0.0,Zamorano J. et al. (2019). TESS-W sky brightness network. Zenodo monthly archives. https://zenodo.org/records/3378728. CC0 1.0.,TESS station stars325; photometric inflection method; night median MSAS=19.09; MSAS at inflection=16.87; depression=9.78°; smoothing=5-pt median; dark rows=496
isha,2020-08-12,20:47,0,38.684484,-7.105901,0.0,Zamorano J. et al. (2019). TESS-W sky brightness network. Zenodo monthly archives. https://zenodo.org/records/3378728. CC0 1.0.,TESS station stars325; photometric inflection method; night median MSAS=19.72; MSAS at inflection=19.74; depression=14.97°; smoothing=5-pt median; dark rows=510
fajr,2020-08-14,04:43,0,38.684484,-7.105901,0.0,Zamorano J. et al. (2019). TESS-W sky brightness network. Zenodo monthly archives. https://zenodo.org/records/3378728. CC0 1.0.,TESS station stars325; photometric inflection method; night median MSAS=19.81; MSAS at inflection=18.59; depression=11.28°; smoothing=5-pt median; dark rows=512
isha,2020-08-14,21:06,0,38.684484,-7.105901,0.0,Zamorano J. et al. (2019). TESS-W sky brightness network. Zenodo monthly archives. https://zenodo.org/records/3378728. CC0 1.0.,TESS station stars325; photometric inflection method; night median MSAS=19.90; MSAS at inflection=19.35; depression=18.58°; smoothing=5-pt median; dark rows=515
fajr,2020-08-15,04:44,0,38.684484,-7.105901,0.0,Zamorano J. et al. (2019). TESS-W sky brightness network. Zenodo monthly archives. https://zenodo.org/records/3378728. CC0 1.0.,TESS station stars325; photometric inflection method; night median MSAS=19.90; MSAS at inflection=18.57; depression=11.32°; smoothing=5-pt median; dark rows=515
isha,2020-08-18,20:11,0,38.684484,-7.105901,0.0,Zamorano J. et al. (2019). TESS-W sky brightness network. Zenodo monthly archives. https://zenodo.org/records/3378728. CC0 1.0.,TESS station stars325; photometric inflection method; night median MSAS=20.05; MSAS at inflection=17.95; depression=10.41°; smoothing=5-pt median; dark rows=526
fajr,2020-08-20,04:12,0,38.684484,-7.105901,0.0,Zamorano J. et al. (2019). TESS-W sky brightness network. Zenodo monthly archives. https://zenodo.org/records/3378728. CC0 1.0.,TESS station stars325; photometric inflection method; night median MSAS=19.99; MSAS at inflection=17.85; depression=17.61°; smoothing=5-pt median; dark rows=525
isha,2020-08-22,20:05,0,38.684484,-7.105901,0.0,Zamorano J. et al. (2019). TESS-W sky brightness network. Zenodo monthly archives. https://zenodo.org/records/3378728. CC0 1.0.,TESS station stars325; photometric inflection method; night median MSAS=19.98; MSAS at inflection=17.80; depression=10.60°; smoothing=5-pt median; dark rows=535
fajr,2020-08-24,05:01,0,38.684484,-7.105901,0.0,Zamorano J. et al. (2019). TESS-W sky brightness network. Zenodo monthly archives. https://zenodo.org/records/3378728. CC0 1.0.,TESS station stars325; photometric inflection method; night median MSAS=20.00; MSAS at inflection=17.50; depression=9.98°; smoothing=5-pt median; dark rows=536
isha,2020-08-24,20:06,0,38.684484,-7.105901,0.0,Zamorano J. et al. (2019). TESS-W sky brightness network. Zenodo monthly archives. https://zenodo.org/records/3378728. CC0 1.0.,TESS station stars325; photometric inflection method; night median MSAS=19.90; MSAS at inflection=18.32; depression=11.21°; smoothing=5-pt median; dark rows=539
isha,2020-08-26,20:16,0,38.684484,-7.105901,0.0,Zamorano J. et al. (2019). TESS-W sky brightness network. Zenodo monthly archives. https://zenodo.org/records/3378728. CC0 1.0.,TESS station stars325; photometric inflection method; night median MSAS=20.02; MSAS at inflection=18.89; depression=13.68°; smoothing=5-pt median; dark rows=546
fajr,2020-08-28,04:58,0,38.684484,-7.105901,0.0,Zamorano J. et al. (2019). TESS-W sky brightness network. Zenodo monthly archives. https://zenodo.org/records/3378728. CC0 1.0.,TESS station stars325; photometric inflection method; night median MSAS=19.70; MSAS at inflection=18.78; depression=11.24°; smoothing=5-pt median; dark rows=547
isha,2020-08-28,20:18,0,38.684484,-7.105901,0.0,Zamorano J. et al. (2019). TESS-W sky brightness network. Zenodo monthly archives. https://zenodo.org/records/3378728. CC0 1.0.,TESS station stars325; photometric inflection method; night median MSAS=19.01; MSAS at inflection=19.02; depression=14.52°; smoothing=5-pt median; dark rows=551
isha,2020-08-30,19:44,0,38.684484,-7.105901,0.0,Zamorano J. et al. (2019). TESS-W sky brightness network. Zenodo monthly archives. https://zenodo.org/records/3378728. CC0 1.0.,TESS station stars325; photometric inflection method; night median MSAS=18.44; MSAS at inflection=16.51; depression=9.02°; smoothing=5-pt median; dark rows=556
fajr,2020-08-31,05:09,0,38.684484,-7.105901,0.0,Zamorano J. et al. (2019). TESS-W sky brightness network. Zenodo monthly archives. https://zenodo.org/records/3378728. CC0 1.0.,TESS station stars325; photometric inflection method; night median MSAS=18.44; MSAS at inflection=17.50; depression=9.72°; smoothing=5-pt median; dark rows=556
isha,2020-08-01,20:25,0,38.068173,-6.539288,0.0,Zamorano J. et al. (2019). TESS-W sky brightness network. Zenodo monthly archives. https://zenodo.org/records/3378728. CC0 1.0.,TESS station stars327; photometric inflection method; night median MSAS=18.12; MSAS at inflection=16.78; depression=9.61°; smoothing=5-pt median; dark rows=487
fajr,2020-08-03,04:20,0,38.068173,-6.539288,0.0,Zamorano J. et al. (2019). TESS-W sky brightness network. Zenodo monthly archives. https://zenodo.org/records/3378728. CC0 1.0.,TESS station stars327; photometric inflection method; night median MSAS=17.89; MSAS at inflection=18.95; depression=12.96°; smoothing=5-pt median; dark rows=490
fajr,2020-08-04,04:46,0,38.068173,-6.539288,0.0,Zamorano J. et al. (2019). TESS-W sky brightness network. Zenodo monthly archives. https://zenodo.org/records/3378728. CC0 1.0.,TESS station stars327; photometric inflection method; night median MSAS=17.72; MSAS at inflection=16.18; depression=8.91°; smoothing=5-pt median; dark rows=488
isha,2020-08-04,20:22,0,38.068173,-6.539288,0.0,Zamorano J. et al. (2019). TESS-W sky brightness network. Zenodo monthly archives. https://zenodo.org/records/3378728. CC0 1.0.,TESS station stars327; photometric inflection method; night median MSAS=18.02; MSAS at inflection=17.08; depression=9.77°; smoothing=5-pt median; dark rows=490
isha,2020-08-06,20:14,0,38.068173,-6.539288,0.0,Zamorano J. et al. (2019). TESS-W sky brightness network. Zenodo monthly archives. https://zenodo.org/records/3378728. CC0 1.0.,TESS station stars327; photometric inflection method; night median MSAS=18.41; MSAS at inflection=16.20; depression=8.73°; smoothing=5-pt median; dark rows=498
fajr,2020-08-07,04:49,0,38.068173,-6.539288,0.0,Zamorano J. et al. (2019). TESS-W sky brightness network. Zenodo monthly archives. https://zenodo.org/records/3378728. CC0 1.0.,TESS station stars327; photometric inflection method; night median MSAS=18.41; MSAS at inflection=16.35; depression=8.76°; smoothing=5-pt median; dark rows=498
isha,2020-08-13,20:19,0,38.068173,-6.539288,0.0,Zamorano J. et al. (2019). TESS-W sky brightness network. Zenodo monthly archives. https://zenodo.org/records/3378728. CC0 1.0.,TESS station stars327; photometric inflection method; night median MSAS=20.02; MSAS at inflection=18.50; depression=11.37°; smoothing=5-pt median; dark rows=512
fajr,2020-08-15,04:52,0,38.068173,-6.539288,0.0,Zamorano J. et al. (2019). TESS-W sky brightness network. Zenodo monthly archives. https://zenodo.org/records/3378728. CC0 1.0.,TESS station stars327; photometric inflection method; night median MSAS=19.91; MSAS at inflection=17.41; depression=9.73°; smoothing=5-pt median; dark rows=519
isha,2020-08-15,20:17,0,38.068173,-6.539288,0.0,Zamorano J. et al. (2019). TESS-W sky brightness network. Zenodo monthly archives. https://zenodo.org/records/3378728. CC0 1.0.,TESS station stars327; photometric inflection method; night median MSAS=19.96; MSAS at inflection=18.55; depression=11.41°; smoothing=5-pt median; dark rows=521
isha,2020-08-18,20:09,0,38.068173,-6.539288,0.0,Zamorano J. et al. (2019). TESS-W sky brightness network. Zenodo monthly archives. https://zenodo.org/records/3378728. CC0 1.0.,TESS station stars327; photometric inflection method; night median MSAS=20.10; MSAS at inflection=18.15; depression=10.80°; smoothing=5-pt median; dark rows=527
fajr,2020-08-21,04:45,0,38.068173,-6.539288,0.0,Zamorano J. et al. (2019). TESS-W sky brightness network. Zenodo monthly archives. https://zenodo.org/records/3378728. CC0 1.0.,TESS station stars327; photometric inflection method; night median MSAS=19.95; MSAS at inflection=19.34; depression=12.05°; smoothing=5-pt median; dark rows=532
fajr,2020-08-22,04:30,0,38.068173,-6.539288,0.0,Zamorano J. et al. (2019). TESS-W sky brightness network. Zenodo monthly archives. https://zenodo.org/records/3378728. CC0 1.0.,TESS station stars327; photometric inflection method; night median MSAS=20.10; MSAS at inflection=20.11; depression=14.81°; smoothing=5-pt median; dark rows=535
isha,2020-08-22,20:13,0,38.068173,-6.539288,0.0,Zamorano J. et al. (2019). TESS-W sky brightness network. Zenodo monthly archives. https://zenodo.org/records/3378728. CC0 1.0.,TESS station stars327; photometric inflection method; night median MSAS=20.11; MSAS at inflection=19.20; depression=12.57°; smoothing=5-pt median; dark rows=536
fajr,2020-08-24,04:58,0,38.068173,-6.539288,0.0,Zamorano J. et al. (2019). TESS-W sky brightness network. Zenodo monthly archives. https://zenodo.org/records/3378728. CC0 1.0.,TESS station stars327; photometric inflection method; night median MSAS=20.08; MSAS at inflection=17.89; depression=10.24°; smoothing=5-pt median; dark rows=541
isha,2020-08-24,20:19,0,38.068173,-6.539288,0.0,Zamorano J. et al. (2019). TESS-W sky brightness network. Zenodo monthly archives. https://zenodo.org/records/3378728. CC0 1.0.,TESS station stars327; photometric inflection method; night median MSAS=20.01; MSAS at inflection=19.30; depression=14.31°; smoothing=5-pt median; dark rows=543
fajr,2020-08-29,05:07,0,38.068173,-6.539288,0.0,Zamorano J. et al. (2019). TESS-W sky brightness network. Zenodo monthly archives. https://zenodo.org/records/3378728. CC0 1.0.,TESS station stars327; photometric inflection method; night median MSAS=18.89; MSAS at inflection=17.62; depression=9.56°; smoothing=5-pt median; dark rows=531
isha,2020-08-29,20:36,0,38.068173,-6.539288,0.0,Zamorano J. et al. (2019). TESS-W sky brightness network. Zenodo monthly archives. https://zenodo.org/records/3378728. CC0 1.0.,TESS station stars327; photometric inflection method; night median MSAS=18.63; MSAS at inflection=18.52; depression=18.78°; smoothing=5-pt median; dark rows=552
fajr,2020-08-30,04:55,0,38.068173,-6.539288,0.0,Zamorano J. et al. (2019). TESS-W sky brightness network. Zenodo monthly archives. https://zenodo.org/records/3378728. CC0 1.0.,TESS station stars327; photometric inflection method; night median MSAS=18.63; MSAS at inflection=19.35; depression=11.96°; smoothing=5-pt median; dark rows=552
fajr,2020-08-02,04:36,0,38.276969,-6.91978,0.0,Zamorano J. et al. (2019). TESS-W sky brightness network. Zenodo monthly archives. https://zenodo.org/records/3378728. CC0 1.0.,TESS station stars328; photometric inflection method; night median MSAS=19.94; MSAS at inflection=18.06; depression=10.37°; smoothing=5-pt median; dark rows=32
fajr,2020-08-03,03:26,0,38.276969,-6.91978,0.0,Zamorano J. et al. (2019). TESS-W sky brightness network. Zenodo monthly archives. https://zenodo.org/records/3378728. CC0 1.0.,TESS station stars328; photometric inflection method; night median MSAS=17.85; MSAS at inflection=18.35; depression=21.21°; smoothing=5-pt median; dark rows=84
isha,2020-08-10,03:31,0,38.276969,-6.91978,0.0,Zamorano J. et al. (2019). TESS-W sky brightness network. Zenodo monthly archives. https://zenodo.org/records/3378728. CC0 1.0.,TESS station stars328; photometric inflection method; night median MSAS=18.58; MSAS at inflection=18.53; depression=21.92°; smoothing=5-pt median; dark rows=150
isha,2020-08-19,04:18,0,38.276969,-6.91978,0.0,Zamorano J. et al. (2019). TESS-W sky brightness network. Zenodo monthly archives. https://zenodo.org/records/3378728. CC0 1.0.,TESS station stars328; photometric inflection method; night median MSAS=20.39; MSAS at inflection=20.41; depression=16.43°; smoothing=5-pt median; dark rows=97
isha,2020-08-22,04:20,0,38.276969,-6.91978,0.0,Zamorano J. et al. (2019). TESS-W sky brightness network. Zenodo monthly archives. https://zenodo.org/records/3378728. CC0 1.0.,TESS station stars328; photometric inflection method; night median MSAS=20.24; MSAS at inflection=20.22; depression=16.69°; smoothing=5-pt median; dark rows=118
isha,2020-08-22,20:11,0,38.276969,-6.91978,0.0,Zamorano J. et al. (2019). TESS-W sky brightness network. Zenodo monthly archives. https://zenodo.org/records/3378728. CC0 1.0.,TESS station stars328; photometric inflection method; night median MSAS=19.92; MSAS at inflection=18.85; depression=11.86°; smoothing=5-pt median; dark rows=181
isha,2020-08-31,19:34,0,40.447857,-3.663762,0.0,Zamorano J. et al. (2019). TESS-W sky brightness network. Zenodo monthly archives. https://zenodo.org/records/3378728. CC0 1.0.,TESS station stars33; photometric inflection method; night median MSAS=18.87; MSAS at inflection=18.38; depression=9.45°; smoothing=5-pt median; dark rows=512
isha,2020-08-01,20:37,0,38.632306,-7.157806,0.0,Zamorano J. et al. (2019). TESS-W sky brightness network. Zenodo monthly archives. https://zenodo.org/records/3378728. CC0 1.0.,TESS station stars332; photometric inflection method; night median MSAS=18.37; MSAS at inflection=17.84; depression=10.95°; smoothing=5-pt median; dark rows=484
fajr,2020-08-02,04:33,0,38.632306,-7.157806,0.0,Zamorano J. et al. (2019). TESS-W sky brightness network. Zenodo monthly archives. https://zenodo.org/records/3378728. CC0 1.0.,TESS station stars332; photometric inflection method; night median MSAS=18.37; MSAS at inflection=18.47; depression=10.80°; smoothing=5-pt median; dark rows=484
isha,2020-08-02,20:27,0,38.632306,-7.157806,0.0,Zamorano J. et al. (2019). TESS-W sky brightness network. Zenodo monthly archives. https://zenodo.org/records/3378728. CC0 1.0.,TESS station stars332; photometric inflection method; night median MSAS=17.99; MSAS at inflection=17.42; depression=9.50°; smoothing=5-pt median; dark rows=488
fajr,2020-08-03,04:50,0,38.632306,-7.157806,0.0,Zamorano J. et al. (2019). TESS-W sky brightness network. Zenodo monthly archives. https://zenodo.org/records/3378728. CC0 1.0.,TESS station stars332; photometric inflection method; night median MSAS=17.99; MSAS at inflection=16.08; depression=8.15°; smoothing=5-pt median; dark rows=488
isha,2020-08-03,20:39,0,38.632306,-7.157806,0.0,Zamorano J. et al. (2019). TESS-W sky brightness network. Zenodo monthly archives. https://zenodo.org/records/3378728. CC0 1.0.,TESS station stars332; photometric inflection method; night median MSAS=17.87; MSAS at inflection=18.13; depression=11.60°; smoothing=5-pt median; dark rows=488
fajr,2020-08-04,04:42,0,38.632306,-7.157806,0.0,Zamorano J. et al. (2019). TESS-W sky brightness network. Zenodo monthly archives. https://zenodo.org/records/3378728. CC0 1.0.,TESS station stars332; photometric inflection method; night median MSAS=17.87; MSAS at inflection=16.73; depression=9.57°; smoothing=5-pt median; dark rows=488
isha,2020-08-04,20:39,0,38.632306,-7.157806,0.0,Zamorano J. et al. (2019). TESS-W sky brightness network. Zenodo monthly archives. https://zenodo.org/records/3378728. CC0 1.0.,TESS station stars332; photometric inflection method; night median MSAS=18.13; MSAS at inflection=18.87; depression=11.86°; smoothing=5-pt median; dark rows=492
isha,2020-08-05,20:19,0,38.632306,-7.157806,0.0,Zamorano J. et al. (2019). TESS-W sky brightness network. Zenodo monthly archives. https://zenodo.org/records/3378728. CC0 1.0.,TESS station stars332; photometric inflection method; night median MSAS=18.24; MSAS at inflection=16.35; depression=8.78°; smoothing=5-pt median; dark rows=494
fajr,2020-08-06,04:41,0,38.632306,-7.157806,0.0,Zamorano J. et al. (2019). TESS-W sky brightness network. Zenodo monthly archives. https://zenodo.org/records/3378728. CC0 1.0.,TESS station stars332; photometric inflection method; night median MSAS=18.24; MSAS at inflection=17.33; depression=10.19°; smoothing=5-pt median; dark rows=494
isha,2020-08-06,20:21,0,38.632306,-7.157806,0.0,Zamorano J. et al. (2019). TESS-W sky brightness network. Zenodo monthly archives. https://zenodo.org/records/3378728. CC0 1.0.,TESS station stars332; photometric inflection method; night median MSAS=18.49; MSAS at inflection=17.04; depression=9.36°; smoothing=5-pt median; dark rows=495
isha,2020-08-07,20:25,0,38.632306,-7.157806,0.0,Zamorano J. et al. (2019). TESS-W sky brightness network. Zenodo monthly archives. https://zenodo.org/records/3378728. CC0 1.0.,TESS station stars332; photometric inflection method; night median MSAS=18.53; MSAS at inflection=17.79; depression=10.12°; smoothing=5-pt median; dark rows=498
isha,2020-08-09,20:30,0,38.632306,-7.157806,0.0,Zamorano J. et al. (2019). TESS-W sky brightness network. Zenodo monthly archives. https://zenodo.org/records/3378728. CC0 1.0.,TESS station stars332; photometric inflection method; night median MSAS=19.39; MSAS at inflection=18.41; depression=11.52°; smoothing=5-pt median; dark rows=496
fajr,2020-08-10,04:48,0,38.632306,-7.157806,0.0,Zamorano J. et al. (2019). TESS-W sky brightness network. Zenodo monthly archives. https://zenodo.org/records/3378728. CC0 1.0.,TESS station stars332; photometric inflection method; night median MSAS=19.39; MSAS at inflection=17.18; depression=9.61°; smoothing=5-pt median; dark rows=496
fajr,2020-08-12,03:35,0,38.632306,-7.157806,0.0,Zamorano J. et al. (2019). TESS-W sky brightness network. Zenodo monthly archives. https://zenodo.org/records/3378728. CC0 1.0.,TESS station stars332; photometric inflection method; night median MSAS=19.93; MSAS at inflection=18.14; depression=21.72°; smoothing=5-pt median; dark rows=507
isha,2020-08-14,20:32,0,38.632306,-7.157806,0.0,Zamorano J. et al. (2019). TESS-W sky brightness network. Zenodo monthly archives. https://zenodo.org/records/3378728. CC0 1.0.,TESS station stars332; photometric inflection method; night median MSAS=20.47; MSAS at inflection=19.77; depression=13.08°; smoothing=5-pt median; dark rows=515
fajr,2020-08-15,04:39,0,38.632306,-7.157806,0.0,Zamorano J. et al. (2019). TESS-W sky brightness network. Zenodo monthly archives. https://zenodo.org/records/3378728. CC0 1.0.,TESS station stars332; photometric inflection method; night median MSAS=20.47; MSAS at inflection=19.36; depression=12.15°; smoothing=5-pt median; dark rows=515
fajr,2020-08-16,04:37,0,38.632306,-7.157806,0.0,Zamorano J. et al. (2019). TESS-W sky brightness network. Zenodo monthly archives. https://zenodo.org/records/3378728. CC0 1.0.,TESS station stars332; photometric inflection method; night median MSAS=20.43; MSAS at inflection=19.78; depression=12.76°; smoothing=5-pt median; dark rows=516
fajr,2020-08-17,03:53,0,38.632306,-7.157806,0.0,Zamorano J. et al. (2019). TESS-W sky brightness network. Zenodo monthly archives. https://zenodo.org/records/3378728. CC0 1.0.,TESS station stars332; photometric inflection method; night median MSAS=20.43; MSAS at inflection=20.38; depression=20.06°; smoothing=5-pt median; dark rows=521
isha,2020-08-17,20:13,0,38.632306,-7.157806,0.0,Zamorano J. et al. (2019). TESS-W sky brightness network. Zenodo monthly archives. https://zenodo.org/records/3378728. CC0 1.0.,TESS station stars332; photometric inflection method; night median MSAS=20.44; MSAS at inflection=18.42; depression=10.51°; smoothing=5-pt median; dark rows=523
isha,2020-08-19,20:16,0,38.632306,-7.157806,0.0,Zamorano J. et al. (2019). TESS-W sky brightness network. Zenodo monthly archives. https://zenodo.org/records/3378728. CC0 1.0.,TESS station stars332; photometric inflection method; night median MSAS=20.45; MSAS at inflection=18.99; depression=11.60°; smoothing=5-pt median; dark rows=528
fajr,2020-08-21,04:58,0,38.632306,-7.157806,0.0,Zamorano J. et al. (2019). TESS-W sky brightness network. Zenodo monthly archives. https://zenodo.org/records/3378728. CC0 1.0.,TESS station stars332; photometric inflection method; night median MSAS=18.39; MSAS at inflection=17.15; depression=9.92°; smoothing=5-pt median; dark rows=531
isha,2020-08-21,20:12,0,38.632306,-7.157806,0.0,Zamorano J. et al. (2019). TESS-W sky brightness network. Zenodo monthly archives. https://zenodo.org/records/3378728. CC0 1.0.,TESS station stars332; photometric inflection method; night median MSAS=20.36; MSAS at inflection=18.91; depression=11.43°; smoothing=5-pt median; dark rows=532
fajr,2020-08-25,05:00,0,38.632306,-7.157806,0.0,Zamorano J. et al. (2019). TESS-W sky brightness network. Zenodo monthly archives. https://zenodo.org/records/3378728. CC0 1.0.,TESS station stars332; photometric inflection method; night median MSAS=20.33; MSAS at inflection=17.92; depression=10.38°; smoothing=5-pt median; dark rows=540
isha,2020-08-28,19:49,0,38.632306,-7.157806,0.0,Zamorano J. et al. (2019). TESS-W sky brightness network. Zenodo monthly archives. https://zenodo.org/records/3378728. CC0 1.0.,TESS station stars332; photometric inflection method; night median MSAS=18.99; MSAS at inflection=17.02; depression=9.39°; smoothing=5-pt median; dark rows=551
fajr,2020-08-30,05:12,0,38.632306,-7.157806,0.0,Zamorano J. et al. (2019). TESS-W sky brightness network. Zenodo monthly archives. https://zenodo.org/records/3378728. CC0 1.0.,TESS station stars332; photometric inflection method; night median MSAS=18.85; MSAS at inflection=16.77; depression=9.02°; smoothing=5-pt median; dark rows=554
isha,2020-08-30,19:45,0,38.632306,-7.157806,0.0,Zamorano J. et al. (2019). TESS-W sky brightness network. Zenodo monthly archives. https://zenodo.org/records/3378728. CC0 1.0.,TESS station stars332; photometric inflection method; night median MSAS=18.49; MSAS at inflection=16.68; depression=9.14°; smoothing=5-pt median; dark rows=557
fajr,2020-08-31,05:10,0,38.632306,-7.157806,0.0,Zamorano J. et al. (2019). TESS-W sky brightness network. Zenodo monthly archives. https://zenodo.org/records/3378728. CC0 1.0.,TESS station stars332; photometric inflection method; night median MSAS=18.49; MSAS at inflection=17.51; depression=9.66°; smoothing=5-pt median; dark rows=557
isha,2020-08-01,20:17,0,42.86055,-0.924492,0.0,Zamorano J. et al. (2019). TESS-W sky brightness network. Zenodo monthly archives. https://zenodo.org/records/3378728. CC0 1.0.,TESS station stars333; photometric inflection method; night median MSAS=18.71; MSAS at inflection=17.37; depression=9.26°; smoothing=5-pt median; dark rows=448
fajr,2020-08-02,04:00,0,42.86055,-0.924492,0.0,Zamorano J. et al. (2019). TESS-W sky brightness network. Zenodo monthly archives. https://zenodo.org/records/3378728. CC0 1.0.,TESS station stars333; photometric inflection method; night median MSAS=18.71; MSAS at inflection=17.89; depression=9.59°; smoothing=5-pt median; dark rows=448
isha,2020-08-02,21:44,0,42.86055,-0.924492,0.0,Zamorano J. et al. (2019). TESS-W sky brightness network. Zenodo monthly archives. https://zenodo.org/records/3378728. CC0 1.0.,TESS station stars333; photometric inflection method; night median MSAS=17.83; MSAS at inflection=15.69; depression=21.03°; smoothing=5-pt median; dark rows=456
fajr,2020-08-03,04:00,0,42.86055,-0.924492,0.0,Zamorano J. et al. (2019). TESS-W sky brightness network. Zenodo monthly archives. https://zenodo.org/records/3378728. CC0 1.0.,TESS station stars333; photometric inflection method; night median MSAS=17.83; MSAS at inflection=18.11; depression=9.85°; smoothing=5-pt median; dark rows=456
isha,2020-08-04,20:45,0,42.86055,-0.924492,0.0,Zamorano J. et al. (2019). TESS-W sky brightness network. Zenodo monthly archives. https://zenodo.org/records/3378728. CC0 1.0.,TESS station stars333; photometric inflection method; night median MSAS=18.49; MSAS at inflection=18.90; depression=14.07°; smoothing=5-pt median; dark rows=462
fajr,2020-08-05,04:10,0,42.86055,-0.924492,0.0,Zamorano J. et al. (2019). TESS-W sky brightness network. Zenodo monthly archives. https://zenodo.org/records/3378728. CC0 1.0.,TESS station stars333; photometric inflection method; night median MSAS=18.49; MSAS at inflection=16.67; depression=8.75°; smoothing=5-pt median; dark rows=462
fajr,2020-08-06,03:46,0,42.86055,-0.924492,0.0,Zamorano J. et al. (2019). TESS-W sky brightness network. Zenodo monthly archives. https://zenodo.org/records/3378728. CC0 1.0.,TESS station stars333; photometric inflection method; night median MSAS=18.59; MSAS at inflection=18.45; depression=12.55°; smoothing=5-pt median; dark rows=463
isha,2020-08-06,21:14,0,42.86055,-0.924492,0.0,Zamorano J. et al. (2019). TESS-W sky brightness network. Zenodo monthly archives. https://zenodo.org/records/3378728. CC0 1.0.,TESS station stars333; photometric inflection method; night median MSAS=18.44; MSAS at inflection=19.38; depression=18.41°; smoothing=5-pt median; dark rows=464
fajr,2020-08-07,03:58,0,42.86055,-0.924492,0.0,Zamorano J. et al. (2019). TESS-W sky brightness network. Zenodo monthly archives. https://zenodo.org/records/3378728. CC0 1.0.,TESS station stars333; photometric inflection method; night median MSAS=18.44; MSAS at inflection=17.32; depression=10.98°; smoothing=5-pt median; dark rows=464
isha,2020-08-07,20:41,0,42.86055,-0.924492,0.0,Zamorano J. et al. (2019). TESS-W sky brightness network. Zenodo monthly archives. https://zenodo.org/records/3378728. CC0 1.0.,TESS station stars333; photometric inflection method; night median MSAS=18.41; MSAS at inflection=16.22; depression=14.16°; smoothing=5-pt median; dark rows=471
fajr,2020-08-08,04:17,0,42.86055,-0.924492,0.0,Zamorano J. et al. (2019). TESS-W sky brightness network. Zenodo monthly archives. https://zenodo.org/records/3378728. CC0 1.0.,TESS station stars333; photometric inflection method; night median MSAS=18.41; MSAS at inflection=16.19; depression=8.17°; smoothing=5-pt median; dark rows=471
isha,2020-08-09,20:42,0,42.86055,-0.924492,0.0,Zamorano J. et al. (2019). TESS-W sky brightness network. Zenodo monthly archives. https://zenodo.org/records/3378728. CC0 1.0.,TESS station stars333; photometric inflection method; night median MSAS=19.40; MSAS at inflection=19.91; depression=14.90°; smoothing=5-pt median; dark rows=475
fajr,2020-08-10,03:59,0,42.86055,-0.924492,0.0,Zamorano J. et al. (2019). TESS-W sky brightness network. Zenodo monthly archives. https://zenodo.org/records/3378728. CC0 1.0.,TESS station stars333; photometric inflection method; night median MSAS=19.40; MSAS at inflection=18.60; depression=11.38°; smoothing=5-pt median; dark rows=475
fajr,2020-08-26,04:30,0,42.86055,-0.924492,0.0,Zamorano J. et al. (2019). TESS-W sky brightness network. Zenodo monthly archives. https://zenodo.org/records/3378728. CC0 1.0.,TESS station stars333; photometric inflection method; night median MSAS=19.85; MSAS at inflection=17.86; depression=9.78°; smoothing=5-pt median; dark rows=523
fajr,2020-08-28,04:36,0,42.86055,-0.924492,0.0,Zamorano J. et al. (2019). TESS-W sky brightness network. Zenodo monthly archives. https://zenodo.org/records/3378728. CC0 1.0.,TESS station stars333; photometric inflection method; night median MSAS=19.69; MSAS at inflection=17.57; depression=9.20°; smoothing=5-pt median; dark rows=529
isha,2020-08-28,20:01,0,42.86055,-0.924492,0.0,Zamorano J. et al. (2019). TESS-W sky brightness network. Zenodo monthly archives. https://zenodo.org/records/3378728. CC0 1.0.,TESS station stars333; photometric inflection method; night median MSAS=19.27; MSAS at inflection=16.91; depression=14.00°; smoothing=5-pt median; dark rows=526
fajr,2020-08-29,04:28,0,42.86055,-0.924492,0.0,Zamorano J. et al. (2019). TESS-W sky brightness network. Zenodo monthly archives. https://zenodo.org/records/3378728. CC0 1.0.,TESS station stars333; photometric inflection method; night median MSAS=19.27; MSAS at inflection=18.79; depression=10.64°; smoothing=5-pt median; dark rows=526
fajr,2020-08-30,03:29,0,42.86055,-0.924492,0.0,Zamorano J. et al. (2019). TESS-W sky brightness network. Zenodo monthly archives. https://zenodo.org/records/3378728. CC0 1.0.,TESS station stars333; photometric inflection method; night median MSAS=18.74; MSAS at inflection=19.86; depression=20.39°; smoothing=5-pt median; dark rows=536
isha,2020-08-30,20:36,0,42.86055,-0.924492,0.0,Zamorano J. et al. (2019). TESS-W sky brightness network. Zenodo monthly archives. https://zenodo.org/records/3378728. CC0 1.0.,TESS station stars333; photometric inflection method; night median MSAS=18.86; MSAS at inflection=18.86; depression=20.15°; smoothing=5-pt median; dark rows=540
fajr,2020-08-31,04:42,0,42.86055,-0.924492,0.0,Zamorano J. et al. (2019). TESS-W sky brightness network. Zenodo monthly archives. https://zenodo.org/records/3378728. CC0 1.0.,TESS station stars333; photometric inflection method; night median MSAS=18.86; MSAS at inflection=17.03; depression=8.71°; smoothing=5-pt median; dark rows=540
isha,2020-08-31,19:23,0,42.86055,-0.924492,0.0,Zamorano J. et al. (2019). TESS-W sky brightness network. Zenodo monthly archives. https://zenodo.org/records/3378728. CC0 1.0.,TESS station stars333; photometric inflection method; night median MSAS=17.95; MSAS at inflection=16.62; depression=8.67°; smoothing=5-pt median; dark rows=267
isha,2020-08-01,20:29,0,42.806231,-1.095914,0.0,Zamorano J. et al. (2019). TESS-W sky brightness network. Zenodo monthly archives. https://zenodo.org/records/3378728. CC0 1.0.,TESS station stars334; photometric inflection method; night median MSAS=18.77; MSAS at inflection=18.33; depression=10.97°; smoothing=5-pt median; dark rows=453
fajr,2020-08-02,04:06,0,42.806231,-1.095914,0.0,Zamorano J. et al. (2019). TESS-W sky brightness network. Zenodo monthly archives. https://zenodo.org/records/3378728. CC0 1.0.,TESS station stars334; photometric inflection method; night median MSAS=18.77; MSAS at inflection=17.15; depression=8.95°; smoothing=5-pt median; dark rows=453
isha,2020-08-02,20:12,0,42.806231,-1.095914,0.0,Zamorano J. et al. (2019). TESS-W sky brightness network. Zenodo monthly archives. https://zenodo.org/records/3378728. CC0 1.0.,TESS station stars334; photometric inflection method; night median MSAS=17.91; MSAS at inflection=16.42; depression=8.68°; smoothing=5-pt median; dark rows=458
fajr,2020-08-03,03:27,0,42.806231,-1.095914,0.0,Zamorano J. et al. (2019). TESS-W sky brightness network. Zenodo monthly archives. https://zenodo.org/records/3378728. CC0 1.0.,TESS station stars334; photometric inflection method; night median MSAS=17.91; MSAS at inflection=18.84; depression=14.67°; smoothing=5-pt median; dark rows=458
isha,2020-08-03,20:20,0,42.806231,-1.095914,0.0,Zamorano J. et al. (2019). TESS-W sky brightness network. Zenodo monthly archives. https://zenodo.org/records/3378728. CC0 1.0.,TESS station stars334; photometric inflection method; night median MSAS=17.97; MSAS at inflection=17.21; depression=10.11°; smoothing=5-pt median; dark rows=460
fajr,2020-08-04,03:29,0,42.806231,-1.095914,0.0,Zamorano J. et al. (2019). TESS-W sky brightness network. Zenodo monthly archives. https://zenodo.org/records/3378728. CC0 1.0.,TESS station stars334; photometric inflection method; night median MSAS=17.97; MSAS at inflection=17.89; depression=14.59°; smoothing=5-pt median; dark rows=460
isha,2020-08-04,20:13,0,42.806231,-1.095914,0.0,Zamorano J. et al. (2019). TESS-W sky brightness network. Zenodo monthly archives. https://zenodo.org/records/3378728. CC0 1.0.,TESS station stars334; photometric inflection method; night median MSAS=18.49; MSAS at inflection=16.83; depression=9.21°; smoothing=5-pt median; dark rows=463
fajr,2020-08-05,04:02,0,42.806231,-1.095914,0.0,Zamorano J. et al. (2019). TESS-W sky brightness network. Zenodo monthly archives. https://zenodo.org/records/3378728. CC0 1.0.,TESS station stars334; photometric inflection method; night median MSAS=18.49; MSAS at inflection=17.50; depression=10.01°; smoothing=5-pt median; dark rows=463
fajr,2020-08-07,04:14,0,42.806231,-1.095914,0.0,Zamorano J. et al. (2019). TESS-W sky brightness network. Zenodo monthly archives. https://zenodo.org/records/3378728. CC0 1.0.,TESS station stars334; photometric inflection method; night median MSAS=18.32; MSAS at inflection=16.18; depression=8.55°; smoothing=5-pt median; dark rows=469
isha,2020-08-07,21:17,0,42.806231,-1.095914,0.0,Zamorano J. et al. (2019). TESS-W sky brightness network. Zenodo monthly archives. https://zenodo.org/records/3378728. CC0 1.0.,TESS station stars334; photometric inflection method; night median MSAS=18.92; MSAS at inflection=21.14; depression=19.01°; smoothing=5-pt median; dark rows=455
isha,2020-08-08,21:26,0,42.806231,-1.095914,0.0,Zamorano J. et al. (2019). TESS-W sky brightness network. Zenodo monthly archives. https://zenodo.org/records/3378728. CC0 1.0.,TESS station stars334; photometric inflection method; night median MSAS=18.75; MSAS at inflection=19.59; depression=20.36°; smoothing=5-pt median; dark rows=473
fajr,2020-08-09,03:26,0,42.806231,-1.095914,0.0,Zamorano J. et al. (2019). TESS-W sky brightness network. Zenodo monthly archives. https://zenodo.org/records/3378728. CC0 1.0.,TESS station stars334; photometric inflection method; night median MSAS=18.75; MSAS at inflection=18.48; depression=16.17°; smoothing=5-pt median; dark rows=473
isha,2020-08-09,20:59,0,42.806231,-1.095914,0.0,Zamorano J. et al. (2019). TESS-W sky brightness network. Zenodo monthly archives. https://zenodo.org/records/3378728. CC0 1.0.,TESS station stars334; photometric inflection method; night median MSAS=19.48; MSAS at inflection=20.47; depression=17.16°; smoothing=5-pt median; dark rows=466
isha,2020-08-10,20:27,0,42.806231,-1.095914,0.0,Zamorano J. et al. (2019). TESS-W sky brightness network. Zenodo monthly archives. https://zenodo.org/records/3378728. CC0 1.0.,TESS station stars334; photometric inflection method; night median MSAS=20.30; MSAS at inflection=20.05; depression=12.80°; smoothing=5-pt median; dark rows=476
fajr,2020-08-11,03:46,0,42.806231,-1.095914,0.0,Zamorano J. et al. (2019). TESS-W sky brightness network. Zenodo monthly archives. https://zenodo.org/records/3378728. CC0 1.0.,TESS station stars334; photometric inflection method; night median MSAS=20.30; MSAS at inflection=18.50; depression=13.64°; smoothing=5-pt median; dark rows=476
isha,2020-08-11,20:16,0,42.806231,-1.095914,0.0,Zamorano J. et al. (2019). TESS-W sky brightness network. Zenodo monthly archives. https://zenodo.org/records/3378728. CC0 1.0.,TESS station stars334; photometric inflection method; night median MSAS=20.82; MSAS at inflection=19.79; depression=11.38°; smoothing=5-pt median; dark rows=483
fajr,2020-08-12,03:06,0,42.806231,-1.095914,0.0,Zamorano J. et al. (2019). TESS-W sky brightness network. Zenodo monthly archives. https://zenodo.org/records/3378728. CC0 1.0.,TESS station stars334; photometric inflection method; night median MSAS=20.82; MSAS at inflection=19.41; depression=19.48°; smoothing=5-pt median; dark rows=483
fajr,2020-08-13,03:15,0,42.806231,-1.095914,0.0,Zamorano J. et al. (2019). TESS-W sky brightness network. Zenodo monthly archives. https://zenodo.org/records/3378728. CC0 1.0.,TESS station stars334; photometric inflection method; night median MSAS=21.00; MSAS at inflection=20.37; depression=18.51°; smoothing=5-pt median; dark rows=486
fajr,2020-08-17,04:03,0,42.806231,-1.095914,0.0,Zamorano J. et al. (2019). TESS-W sky brightness network. Zenodo monthly archives. https://zenodo.org/records/3378728. CC0 1.0.,TESS station stars334; photometric inflection method; night median MSAS=21.27; MSAS at inflection=20.05; depression=12.39°; smoothing=5-pt median; dark rows=498
isha,2020-08-17,20:03,0,42.806231,-1.095914,0.0,Zamorano J. et al. (2019). TESS-W sky brightness network. Zenodo monthly archives. https://zenodo.org/records/3378728. CC0 1.0.,TESS station stars334; photometric inflection method; night median MSAS=21.22; MSAS at inflection=19.96; depression=10.95°; smoothing=5-pt median; dark rows=500
fajr,2020-08-19,04:16,0,42.806231,-1.095914,0.0,Zamorano J. et al. (2019). TESS-W sky brightness network. Zenodo monthly archives. https://zenodo.org/records/3378728. CC0 1.0.,TESS station stars334; photometric inflection method; night median MSAS=21.23; MSAS at inflection=18.98; depression=10.70°; smoothing=5-pt median; dark rows=504
isha,2020-08-19,20:01,0,42.806231,-1.095914,0.0,Zamorano J. et al. (2019). TESS-W sky brightness network. Zenodo monthly archives. https://zenodo.org/records/3378728. CC0 1.0.,TESS station stars334; photometric inflection method; night median MSAS=21.18; MSAS at inflection=19.12; depression=11.26°; smoothing=5-pt median; dark rows=506
fajr,2020-08-21,04:10,0,42.806231,-1.095914,0.0,Zamorano J. et al. (2019). TESS-W sky brightness network. Zenodo monthly archives. https://zenodo.org/records/3378728. CC0 1.0.,TESS station stars334; photometric inflection method; night median MSAS=21.24; MSAS at inflection=19.50; depression=12.03°; smoothing=5-pt median; dark rows=510
isha,2020-08-21,19:59,0,42.806231,-1.095914,0.0,Zamorano J. et al. (2019). TESS-W sky brightness network. Zenodo monthly archives. https://zenodo.org/records/3378728. CC0 1.0.,TESS station stars334; photometric inflection method; night median MSAS=21.36; MSAS at inflection=19.73; depression=11.46°; smoothing=5-pt median; dark rows=513
isha,2020-08-22,20:03,0,42.806231,-1.095914,0.0,Zamorano J. et al. (2019). TESS-W sky brightness network. Zenodo monthly archives. https://zenodo.org/records/3378728. CC0 1.0.,TESS station stars334; photometric inflection method; night median MSAS=21.25; MSAS at inflection=19.79; depression=12.49°; smoothing=5-pt median; dark rows=515
fajr,2020-08-23,03:58,0,42.806231,-1.095914,0.0,Zamorano J. et al. (2019). TESS-W sky brightness network. Zenodo monthly archives. https://zenodo.org/records/3378728. CC0 1.0.,TESS station stars334; photometric inflection method; night median MSAS=21.25; MSAS at inflection=21.06; depression=14.51°; smoothing=5-pt median; dark rows=515
fajr,2020-08-27,04:15,0,42.806231,-1.095914,0.0,Zamorano J. et al. (2019). TESS-W sky brightness network. Zenodo monthly archives. https://zenodo.org/records/3378728. CC0 1.0.,TESS station stars334; photometric inflection method; night median MSAS=21.16; MSAS at inflection=20.19; depression=12.64°; smoothing=5-pt median; dark rows=528
fajr,2020-08-28,04:25,0,42.806231,-1.095914,0.0,Zamorano J. et al. (2019). TESS-W sky brightness network. Zenodo monthly archives. https://zenodo.org/records/3378728. CC0 1.0.,TESS station stars334; photometric inflection method; night median MSAS=20.61; MSAS at inflection=19.48; depression=11.12°; smoothing=5-pt median; dark rows=530
isha,2020-08-29,20:24,0,42.806231,-1.095914,0.0,Zamorano J. et al. (2019). TESS-W sky brightness network. Zenodo monthly archives. https://zenodo.org/records/3378728. CC0 1.0.,TESS station stars334; photometric inflection method; night median MSAS=19.50; MSAS at inflection=18.11; depression=17.90°; smoothing=5-pt median; dark rows=536
isha,2020-08-30,19:39,0,42.806231,-1.095914,0.0,Zamorano J. et al. (2019). TESS-W sky brightness network. Zenodo monthly archives. https://zenodo.org/records/3378728. CC0 1.0.,TESS station stars334; photometric inflection method; night median MSAS=19.01; MSAS at inflection=18.39; depression=10.99°; smoothing=5-pt median; dark rows=540
fajr,2020-08-31,04:14,0,42.806231,-1.095914,0.0,Zamorano J. et al. (2019). TESS-W sky brightness network. Zenodo monthly archives. https://zenodo.org/records/3378728. CC0 1.0.,TESS station stars334; photometric inflection method; night median MSAS=19.01; MSAS at inflection=20.75; depression=13.58°; smoothing=5-pt median; dark rows=540
isha,2020-08-31,19:33,0,42.806231,-1.095914,0.0,Zamorano J. et al. (2019). TESS-W sky brightness network. Zenodo monthly archives. https://zenodo.org/records/3378728. CC0 1.0.,TESS station stars334; photometric inflection method; night median MSAS=18.07; MSAS at inflection=17.64; depression=10.25°; smoothing=5-pt median; dark rows=267
isha,2020-08-01,20:20,0,42.663364,0.015026,0.0,Zamorano J. et al. (2019). TESS-W sky brightness network. Zenodo monthly archives. https://zenodo.org/records/3378728. CC0 1.0.,TESS station stars336; photometric inflection method; night median MSAS=18.77; MSAS at inflection=18.00; depression=10.36°; smoothing=5-pt median; dark rows=87
fajr,2020-08-02,03:47,0,42.663364,0.015026,0.0,Zamorano J. et al. (2019). TESS-W sky brightness network. Zenodo monthly archives. https://zenodo.org/records/3378728. CC0 1.0.,TESS station stars336; photometric inflection method; night median MSAS=18.77; MSAS at inflection=19.23; depression=11.15°; smoothing=5-pt median; dark rows=87
isha,2020-08-02,21:26,0,42.663364,0.015026,0.0,Zamorano J. et al. (2019). TESS-W sky brightness network. Zenodo monthly archives. https://zenodo.org/records/3378728. CC0 1.0.,TESS station stars336; photometric inflection method; night median MSAS=17.64; MSAS at inflection=17.56; depression=19.55°; smoothing=5-pt median; dark rows=67
fajr,2020-08-03,03:22,0,42.663364,0.015026,0.0,Zamorano J. et al. (2019). TESS-W sky brightness network. Zenodo monthly archives. https://zenodo.org/records/3378728. CC0 1.0.,TESS station stars336; photometric inflection method; night median MSAS=17.64; MSAS at inflection=18.94; depression=14.93°; smoothing=5-pt median; dark rows=67
isha,2020-08-03,20:05,0,42.663364,0.015026,0.0,Zamorano J. et al. (2019). TESS-W sky brightness network. Zenodo monthly archives. https://zenodo.org/records/3378728. CC0 1.0.,TESS station stars336; photometric inflection method; night median MSAS=18.13; MSAS at inflection=16.42; depression=8.55°; smoothing=5-pt median; dark rows=57
fajr,2020-08-04,04:03,0,42.663364,0.015026,0.0,Zamorano J. et al. (2019). TESS-W sky brightness network. Zenodo monthly archives. https://zenodo.org/records/3378728. CC0 1.0.,TESS station stars336; photometric inflection method; night median MSAS=18.13; MSAS at inflection=17.18; depression=9.12°; smoothing=5-pt median; dark rows=57
fajr,2020-08-05,02:52,0,42.663364,0.015026,0.0,Zamorano J. et al. (2019). TESS-W sky brightness network. Zenodo monthly archives. https://zenodo.org/records/3378728. CC0 1.0.,TESS station stars336; photometric inflection method; night median MSAS=18.75; MSAS at inflection=18.69; depression=19.19°; smoothing=5-pt median; dark rows=63
isha,2020-08-06,20:41,0,42.663364,0.015026,0.0,Zamorano J. et al. (2019). TESS-W sky brightness network. Zenodo monthly archives. https://zenodo.org/records/3378728. CC0 1.0.,TESS station stars336; photometric inflection method; night median MSAS=19.01; MSAS at inflection=21.05; depression=14.59°; smoothing=5-pt median; dark rows=71
fajr,2020-08-07,04:14,0,42.663364,0.015026,0.0,Zamorano J. et al. (2019). TESS-W sky brightness network. Zenodo monthly archives. https://zenodo.org/records/3378728. CC0 1.0.,TESS station stars336; photometric inflection method; night median MSAS=19.01; MSAS at inflection=16.55; depression=7.99°; smoothing=5-pt median; dark rows=71
fajr,2020-08-08,04:04,0,42.663364,0.015026,0.0,Zamorano J. et al. (2019). TESS-W sky brightness network. Zenodo monthly archives. https://zenodo.org/records/3378728. CC0 1.0.,TESS station stars336; photometric inflection method; night median MSAS=19.19; MSAS at inflection=17.43; depression=9.77°; smoothing=5-pt median; dark rows=59
isha,2020-08-08,20:50,0,42.663364,0.015026,0.0,Zamorano J. et al. (2019). TESS-W sky brightness network. Zenodo monthly archives. https://zenodo.org/records/3378728. CC0 1.0.,TESS station stars336; photometric inflection method; night median MSAS=19.09; MSAS at inflection=20.75; depression=16.36°; smoothing=5-pt median; dark rows=59
isha,2020-08-09,20:25,0,42.663364,0.015026,0.0,Zamorano J. et al. (2019). TESS-W sky brightness network. Zenodo monthly archives. https://zenodo.org/records/3378728. CC0 1.0.,TESS station stars336; photometric inflection method; night median MSAS=19.98; MSAS at inflection=20.44; depression=13.03°; smoothing=5-pt median; dark rows=70
isha,2020-08-11,21:06,0,42.663364,0.015026,0.0,Zamorano J. et al. (2019). TESS-W sky brightness network. Zenodo monthly archives. https://zenodo.org/records/3378728. CC0 1.0.,TESS station stars336; photometric inflection method; night median MSAS=21.02; MSAS at inflection=22.27; depression=19.28°; smoothing=5-pt median; dark rows=61
fajr,2020-08-12,03:51,0,42.663364,0.015026,0.0,Zamorano J. et al. (2019). TESS-W sky brightness network. Zenodo monthly archives. https://zenodo.org/records/3378728. CC0 1.0.,TESS station stars336; photometric inflection method; night median MSAS=21.02; MSAS at inflection=18.95; depression=12.48°; smoothing=5-pt median; dark rows=61
isha,2020-08-12,21:10,0,42.663364,0.015026,0.0,Zamorano J. et al. (2019). TESS-W sky brightness network. Zenodo monthly archives. https://zenodo.org/records/3378728. CC0 1.0.,TESS station stars336; photometric inflection method; night median MSAS=21.61; MSAS at inflection=21.75; depression=20.13°; smoothing=5-pt median; dark rows=65
fajr,2020-08-13,03:28,0,42.663364,0.015026,0.0,Zamorano J. et al. (2019). TESS-W sky brightness network. Zenodo monthly archives. https://zenodo.org/records/3378728. CC0 1.0.,TESS station stars336; photometric inflection method; night median MSAS=21.61; MSAS at inflection=19.52; depression=16.19°; smoothing=5-pt median; dark rows=65
isha,2020-08-13,20:33,0,42.663364,0.015026,0.0,Zamorano J. et al. (2019). TESS-W sky brightness network. Zenodo monthly archives. https://zenodo.org/records/3378728. CC0 1.0.,TESS station stars336; photometric inflection method; night median MSAS=21.26; MSAS at inflection=21.33; depression=15.33°; smoothing=5-pt median; dark rows=74
fajr,2020-08-14,03:13,0,42.663364,0.015026,0.0,Zamorano J. et al. (2019). TESS-W sky brightness network. Zenodo monthly archives. https://zenodo.org/records/3378728. CC0 1.0.,TESS station stars336; photometric inflection method; night median MSAS=21.26; MSAS at inflection=20.44; depression=18.53°; smoothing=5-pt median; dark rows=74
isha,2020-08-14,20:54,0,42.663364,0.015026,0.0,Zamorano J. et al. (2019). TESS-W sky brightness network. Zenodo monthly archives. https://zenodo.org/records/3378728. CC0 1.0.,TESS station stars336; photometric inflection method; night median MSAS=21.33; MSAS at inflection=21.48; depression=18.53°; smoothing=5-pt median; dark rows=100
isha,2020-08-15,20:56,0,42.663364,0.015026,0.0,Zamorano J. et al. (2019). TESS-W sky brightness network. Zenodo monthly archives. https://zenodo.org/records/3378728. CC0 1.0.,TESS station stars336; photometric inflection method; night median MSAS=21.71; MSAS at inflection=21.47; depression=19.07°; smoothing=5-pt median; dark rows=91
fajr,2020-08-17,04:01,0,42.663364,0.015026,0.0,Zamorano J. et al. (2019). TESS-W sky brightness network. Zenodo monthly archives. https://zenodo.org/records/3378728. CC0 1.0.,TESS station stars336; photometric inflection method; night median MSAS=21.25; MSAS at inflection=19.85; depression=12.00°; smoothing=5-pt median; dark rows=61
isha,2020-08-17,19:59,0,42.663364,0.015026,0.0,Zamorano J. et al. (2019). TESS-W sky brightness network. Zenodo monthly archives. https://zenodo.org/records/3378728. CC0 1.0.,TESS station stars336; photometric inflection method; night median MSAS=20.99; MSAS at inflection=19.86; depression=11.15°; smoothing=5-pt median; dark rows=43
isha,2020-08-18,20:02,0,42.663364,0.015026,0.0,Zamorano J. et al. (2019). TESS-W sky brightness network. Zenodo monthly archives. https://zenodo.org/records/3378728. CC0 1.0.,TESS station stars336; photometric inflection method; night median MSAS=21.23; MSAS at inflection=19.88; depression=11.97°; smoothing=5-pt median; dark rows=34
fajr,2020-08-18,21:04,0,42.663364,0.015026,0.0,Zamorano J. et al. (2019). TESS-W sky brightness network. Zenodo monthly archives. https://zenodo.org/records/3378728. CC0 1.0.,TESS station stars336; photometric inflection method; night median MSAS=21.23; MSAS at inflection=21.30; depression=21.10°; smoothing=5-pt median; dark rows=34
fajr,2020-08-20,04:10,0,42.663364,0.015026,0.0,Zamorano J. et al. (2019). TESS-W sky brightness network. Zenodo monthly archives. https://zenodo.org/records/3378728. CC0 1.0.,TESS station stars336; photometric inflection method; night median MSAS=21.31; MSAS at inflection=18.86; depression=11.32°; smoothing=5-pt median; dark rows=85
isha,2020-08-21,20:21,0,42.663364,0.015026,0.0,Zamorano J. et al. (2019). TESS-W sky brightness network. Zenodo monthly archives. https://zenodo.org/records/3378728. CC0 1.0.,TESS station stars336; photometric inflection method; night median MSAS=21.97; MSAS at inflection=21.25; depression=15.68°; smoothing=5-pt median; dark rows=84
fajr,2020-08-24,04:15,0,42.663364,0.015026,0.0,Zamorano J. et al. (2019). TESS-W sky brightness network. Zenodo monthly archives. https://zenodo.org/records/3378728. CC0 1.0.,TESS station stars336; photometric inflection method; night median MSAS=21.18; MSAS at inflection=19.20; depression=11.25°; smoothing=5-pt median; dark rows=69
isha,2020-08-26,19:42,0,42.663364,0.015026,0.0,Zamorano J. et al. (2019). TESS-W sky brightness network. Zenodo monthly archives. https://zenodo.org/records/3378728. CC0 1.0.,TESS station stars336; photometric inflection method; night median MSAS=20.58; MSAS at inflection=18.75; depression=11.05°; smoothing=5-pt median; dark rows=75
fajr,2020-08-27,04:20,0,42.663364,0.015026,0.0,Zamorano J. et al. (2019). TESS-W sky brightness network. Zenodo monthly archives. https://zenodo.org/records/3378728. CC0 1.0.,TESS station stars336; photometric inflection method; night median MSAS=20.58; MSAS at inflection=19.02; depression=11.16°; smoothing=5-pt median; dark rows=75
isha,2020-08-27,19:40,0,42.663364,0.015026,0.0,Zamorano J. et al. (2019). TESS-W sky brightness network. Zenodo monthly archives. https://zenodo.org/records/3378728. CC0 1.0.,TESS station stars336; photometric inflection method; night median MSAS=19.75; MSAS at inflection=18.45; depression=10.89°; smoothing=5-pt median; dark rows=71
fajr,2020-08-28,04:05,0,42.663364,0.015026,0.0,Zamorano J. et al. (2019). TESS-W sky brightness network. Zenodo monthly archives. https://zenodo.org/records/3378728. CC0 1.0.,TESS station stars336; photometric inflection method; night median MSAS=19.75; MSAS at inflection=20.93; depression=13.80°; smoothing=5-pt median; dark rows=71
isha,2020-08-28,19:37,0,42.663364,0.015026,0.0,Zamorano J. et al. (2019). TESS-W sky brightness network. Zenodo monthly archives. https://zenodo.org/records/3378728. CC0 1.0.,TESS station stars336; photometric inflection method; night median MSAS=19.17; MSAS at inflection=18.22; depression=10.75°; smoothing=5-pt median; dark rows=69
isha,2020-08-29,19:47,0,42.663364,0.015026,0.0,Zamorano J. et al. (2019). TESS-W sky brightness network. Zenodo monthly archives. https://zenodo.org/records/3378728. CC0 1.0.,TESS station stars336; photometric inflection method; night median MSAS=19.00; MSAS at inflection=18.01; depression=12.75°; smoothing=5-pt median; dark rows=69
fajr,2020-08-30,04:09,0,42.663364,0.015026,0.0,Zamorano J. et al. (2019). TESS-W sky brightness network. Zenodo monthly archives. https://zenodo.org/records/3378728. CC0 1.0.,TESS station stars336; photometric inflection method; night median MSAS=19.00; MSAS at inflection=20.81; depression=13.52°; smoothing=5-pt median; dark rows=69
isha,2020-08-30,20:19,0,42.663364,0.015026,0.0,Zamorano J. et al. (2019). TESS-W sky brightness network. Zenodo monthly archives. https://zenodo.org/records/3378728. CC0 1.0.,TESS station stars336; photometric inflection method; night median MSAS=19.14; MSAS at inflection=19.15; depression=18.31°; smoothing=5-pt median; dark rows=76
fajr,2020-08-31,04:30,0,42.663364,0.015026,0.0,Zamorano J. et al. (2019). TESS-W sky brightness network. Zenodo monthly archives. https://zenodo.org/records/3378728. CC0 1.0.,TESS station stars336; photometric inflection method; night median MSAS=19.14; MSAS at inflection=18.48; depression=10.30°; smoothing=5-pt median; dark rows=76
isha,2020-08-31,19:24,0,42.663364,0.015026,0.0,Zamorano J. et al. (2019). TESS-W sky brightness network. Zenodo monthly archives. https://zenodo.org/records/3378728. CC0 1.0.,TESS station stars336; photometric inflection method; night median MSAS=17.71; MSAS at inflection=17.37; depression=9.50°; smoothing=5-pt median; dark rows=52
fajr,2020-08-02,02:31,0,42.905475,-1.0902,0.0,Zamorano J. et al. (2019). TESS-W sky brightness network. Zenodo monthly archives. https://zenodo.org/records/3378728. CC0 1.0.,TESS station stars337; photometric inflection method; night median MSAS=19.11; MSAS at inflection=19.57; depression=21.31°; smoothing=5-pt median; dark rows=454
isha,2020-08-02,20:27,0,42.905475,-1.0902,0.0,Zamorano J. et al. (2019). TESS-W sky brightness network. Zenodo monthly archives. https://zenodo.org/records/3378728. CC0 1.0.,TESS station stars337; photometric inflection method; night median MSAS=17.70; MSAS at inflection=17.68; depression=10.94°; smoothing=5-pt median; dark rows=457
fajr,2020-08-05,04:07,0,42.905475,-1.0902,0.0,Zamorano J. et al. (2019). TESS-W sky brightness network. Zenodo monthly archives. https://zenodo.org/records/3378728. CC0 1.0.,TESS station stars337; photometric inflection method; night median MSAS=19.13; MSAS at inflection=16.96; depression=9.23°; smoothing=5-pt median; dark rows=462
fajr,2020-08-06,04:08,0,42.905475,-1.0902,0.0,Zamorano J. et al. (2019). TESS-W sky brightness network. Zenodo monthly archives. https://zenodo.org/records/3378728. CC0 1.0.,TESS station stars337; photometric inflection method; night median MSAS=19.29; MSAS at inflection=16.90; depression=9.23°; smoothing=5-pt median; dark rows=464
fajr,2020-08-07,04:04,0,42.905475,-1.0902,0.0,Zamorano J. et al. (2019). TESS-W sky brightness network. Zenodo monthly archives. https://zenodo.org/records/3378728. CC0 1.0.,TESS station stars337; photometric inflection method; night median MSAS=18.76; MSAS at inflection=17.55; depression=10.17°; smoothing=5-pt median; dark rows=468
isha,2020-08-07,20:01,0,42.905475,-1.0902,0.0,Zamorano J. et al. (2019). TESS-W sky brightness network. Zenodo monthly archives. https://zenodo.org/records/3378728. CC0 1.0.,TESS station stars337; photometric inflection method; night median MSAS=19.00; MSAS at inflection=17.49; depression=8.11°; smoothing=5-pt median; dark rows=439
fajr,2020-08-07,21:16,0,42.905475,-1.0902,0.0,Zamorano J. et al. (2019). TESS-W sky brightness network. Zenodo monthly archives. https://zenodo.org/records/3378728. CC0 1.0.,TESS station stars337; photometric inflection method; night median MSAS=19.00; MSAS at inflection=19.66; depression=18.78°; smoothing=5-pt median; dark rows=439
fajr,2020-08-10,04:04,0,42.905475,-1.0902,0.0,Zamorano J. et al. (2019). TESS-W sky brightness network. Zenodo monthly archives. https://zenodo.org/records/3378728. CC0 1.0.,TESS station stars337; photometric inflection method; night median MSAS=19.32; MSAS at inflection=18.35; depression=10.66°; smoothing=5-pt median; dark rows=471
isha,2020-08-11,20:54,0,42.905475,-1.0902,0.0,Zamorano J. et al. (2019). TESS-W sky brightness network. Zenodo monthly archives. https://zenodo.org/records/3378728. CC0 1.0.,TESS station stars337; photometric inflection method; night median MSAS=19.68; MSAS at inflection=19.92; depression=16.97°; smoothing=5-pt median; dark rows=482
fajr,2020-08-13,04:10,0,42.905475,-1.0902,0.0,Zamorano J. et al. (2019). TESS-W sky brightness network. Zenodo monthly archives. https://zenodo.org/records/3378728. CC0 1.0.,TESS station stars337; photometric inflection method; night median MSAS=19.77; MSAS at inflection=18.25; depression=10.30°; smoothing=5-pt median; dark rows=484
isha,2020-08-13,20:07,0,42.905475,-1.0902,0.0,Zamorano J. et al. (2019). TESS-W sky brightness network. Zenodo monthly archives. https://zenodo.org/records/3378728. CC0 1.0.,TESS station stars337; photometric inflection method; night median MSAS=20.22; MSAS at inflection=18.20; depression=10.51°; smoothing=5-pt median; dark rows=486
fajr,2020-08-14,04:01,0,42.905475,-1.0902,0.0,Zamorano J. et al. (2019). TESS-W sky brightness network. Zenodo monthly archives. https://zenodo.org/records/3378728. CC0 1.0.,TESS station stars337; photometric inflection method; night median MSAS=20.22; MSAS at inflection=18.86; depression=12.02°; smoothing=5-pt median; dark rows=486
isha,2020-08-15,20:41,0,42.905475,-1.0902,0.0,Zamorano J. et al. (2019). TESS-W sky brightness network. Zenodo monthly archives. https://zenodo.org/records/3378728. CC0 1.0.,TESS station stars337; photometric inflection method; night median MSAS=18.95; MSAS at inflection=18.70; depression=16.24°; smoothing=5-pt median; dark rows=494
fajr,2020-08-16,03:41,0,42.905475,-1.0902,0.0,Zamorano J. et al. (2019). TESS-W sky brightness network. Zenodo monthly archives. https://zenodo.org/records/3378728. CC0 1.0.,TESS station stars337; photometric inflection method; night median MSAS=18.95; MSAS at inflection=20.35; depression=15.48°; smoothing=5-pt median; dark rows=494
isha,2020-08-16,20:14,0,42.905475,-1.0902,0.0,Zamorano J. et al. (2019). TESS-W sky brightness network. Zenodo monthly archives. https://zenodo.org/records/3378728. CC0 1.0.,TESS station stars337; photometric inflection method; night median MSAS=20.35; MSAS at inflection=19.39; depression=12.46°; smoothing=5-pt median; dark rows=496
isha,2020-08-17,19:57,0,42.905475,-1.0902,0.0,Zamorano J. et al. (2019). TESS-W sky brightness network. Zenodo monthly archives. https://zenodo.org/records/3378728. CC0 1.0.,TESS station stars337; photometric inflection method; night median MSAS=19.69; MSAS at inflection=18.61; depression=9.92°; smoothing=5-pt median; dark rows=500
isha,2020-08-18,19:53,0,42.905475,-1.0902,0.0,Zamorano J. et al. (2019). TESS-W sky brightness network. Zenodo monthly archives. https://zenodo.org/records/3378728. CC0 1.0.,TESS station stars337; photometric inflection method; night median MSAS=20.36; MSAS at inflection=17.99; depression=9.59°; smoothing=5-pt median; dark rows=502
fajr,2020-08-19,04:02,0,42.905475,-1.0902,0.0,Zamorano J. et al. (2019). TESS-W sky brightness network. Zenodo monthly archives. https://zenodo.org/records/3378728. CC0 1.0.,TESS station stars337; photometric inflection method; night median MSAS=20.36; MSAS at inflection=19.88; depression=12.82°; smoothing=5-pt median; dark rows=502
isha,2020-08-19,19:56,0,42.905475,-1.0902,0.0,Zamorano J. et al. (2019). TESS-W sky brightness network. Zenodo monthly archives. https://zenodo.org/records/3378728. CC0 1.0.,TESS station stars337; photometric inflection method; night median MSAS=20.31; MSAS at inflection=18.26; depression=10.41°; smoothing=5-pt median; dark rows=506
isha,2020-08-21,20:57,0,42.905475,-1.0902,0.0,Zamorano J. et al. (2019). TESS-W sky brightness network. Zenodo monthly archives. https://zenodo.org/records/3378728. CC0 1.0.,TESS station stars337; photometric inflection method; night median MSAS=19.93; MSAS at inflection=20.18; depression=20.27°; smoothing=5-pt median; dark rows=512
isha,2020-08-25,20:10,0,42.905475,-1.0902,0.0,Zamorano J. et al. (2019). TESS-W sky brightness network. Zenodo monthly archives. https://zenodo.org/records/3378728. CC0 1.0.,TESS station stars337; photometric inflection method; night median MSAS=20.42; MSAS at inflection=19.82; depression=14.50°; smoothing=5-pt median; dark rows=523
fajr,2020-08-27,04:10,0,42.905475,-1.0902,0.0,Zamorano J. et al. (2019). TESS-W sky brightness network. Zenodo monthly archives. https://zenodo.org/records/3378728. CC0 1.0.,TESS station stars337; photometric inflection method; night median MSAS=20.45; MSAS at inflection=20.17; depression=13.41°; smoothing=5-pt median; dark rows=526
isha,2020-08-29,19:20,0,42.905475,-1.0902,0.0,Zamorano J. et al. (2019). TESS-W sky brightness network. Zenodo monthly archives. https://zenodo.org/records/3378728. CC0 1.0.,TESS station stars337; photometric inflection method; night median MSAS=18.54; MSAS at inflection=16.21; depression=7.25°; smoothing=5-pt median; dark rows=536
isha,2020-08-30,19:35,0,42.905475,-1.0902,0.0,Zamorano J. et al. (2019). TESS-W sky brightness network. Zenodo monthly archives. https://zenodo.org/records/3378728. CC0 1.0.,TESS station stars337; photometric inflection method; night median MSAS=19.32; MSAS at inflection=17.86; depression=10.14°; smoothing=5-pt median; dark rows=539
fajr,2020-08-31,04:25,0,42.905475,-1.0902,0.0,Zamorano J. et al. (2019). TESS-W sky brightness network. Zenodo monthly archives. https://zenodo.org/records/3378728. CC0 1.0.,TESS station stars337; photometric inflection method; night median MSAS=19.32; MSAS at inflection=19.48; depression=11.81°; smoothing=5-pt median; dark rows=539
isha,2020-08-31,20:34,0,42.905475,-1.0902,0.0,Zamorano J. et al. (2019). TESS-W sky brightness network. Zenodo monthly archives. https://zenodo.org/records/3378728. CC0 1.0.,TESS station stars337; photometric inflection method; night median MSAS=17.70; MSAS at inflection=17.83; depression=20.12°; smoothing=5-pt median; dark rows=266
isha,2020-08-25,22:40,1,69.348333,20.365,0.0,Zamorano J. et al. (2019). TESS-W sky brightness network. Zenodo monthly archives. https://zenodo.org/records/3378728. CC0 1.0.,TESS station stars34; photometric inflection method; night median MSAS=18.30; MSAS at inflection=17.49; depression=9.61°; smoothing=5-pt median; dark rows=78
fajr,2020-08-26,01:01,1,69.348333,20.365,0.0,Zamorano J. et al. (2019). TESS-W sky brightness network. Zenodo monthly archives. https://zenodo.org/records/3378728. CC0 1.0.,TESS station stars34; photometric inflection method; night median MSAS=18.30; MSAS at inflection=16.94; depression=9.08°; smoothing=5-pt median; dark rows=78
isha,2020-08-26,22:22,1,69.348333,20.365,0.0,Zamorano J. et al. (2019). TESS-W sky brightness network. Zenodo monthly archives. https://zenodo.org/records/3378728. CC0 1.0.,TESS station stars34; photometric inflection method; night median MSAS=18.11; MSAS at inflection=17.26; depression=9.51°; smoothing=5-pt median; dark rows=115
fajr,2020-08-28,00:40,1,69.348333,20.365,0.0,Zamorano J. et al. (2019). TESS-W sky brightness network. Zenodo monthly archives. https://zenodo.org/records/3378728. CC0 1.0.,TESS station stars34; photometric inflection method; night median MSAS=18.44; MSAS at inflection=18.04; depression=10.33°; smoothing=5-pt median; dark rows=139
fajr,2020-08-28,23:18,1,69.348333,20.365,0.0,Zamorano J. et al. (2019). TESS-W sky brightness network. Zenodo monthly archives. https://zenodo.org/records/3378728. CC0 1.0.,TESS station stars34; photometric inflection method; night median MSAS=18.59; MSAS at inflection=18.69; depression=11.28°; smoothing=5-pt median; dark rows=120
fajr,2020-08-30,00:50,1,69.348333,20.365,0.0,Zamorano J. et al. (2019). TESS-W sky brightness network. Zenodo monthly archives. https://zenodo.org/records/3378728. CC0 1.0.,TESS station stars34; photometric inflection method; night median MSAS=18.90; MSAS at inflection=18.98; depression=10.77°; smoothing=5-pt median; dark rows=153
isha,2020-08-30,23:22,1,69.348333,20.365,0.0,Zamorano J. et al. (2019). TESS-W sky brightness network. Zenodo monthly archives. https://zenodo.org/records/3378728. CC0 1.0.,TESS station stars34; photometric inflection method; night median MSAS=18.62; MSAS at inflection=18.72; depression=12.03°; smoothing=5-pt median; dark rows=149
fajr,2020-08-31,01:22,1,69.348333,20.365,0.0,Zamorano J. et al. (2019). TESS-W sky brightness network. Zenodo monthly archives. https://zenodo.org/records/3378728. CC0 1.0.,TESS station stars34; photometric inflection method; night median MSAS=18.62; MSAS at inflection=17.91; depression=10.06°; smoothing=5-pt median; dark rows=149
isha,2020-08-31,21:25,1,69.348333,20.365,0.0,Zamorano J. et al. (2019). TESS-W sky brightness network. Zenodo monthly archives. https://zenodo.org/records/3378728. CC0 1.0.,TESS station stars34; photometric inflection method; night median MSAS=19.06; MSAS at inflection=16.62; depression=9.07°; smoothing=5-pt median; dark rows=171
fajr,2020-08-31,23:54,1,69.348333,20.365,0.0,Zamorano J. et al. (2019). TESS-W sky brightness network. Zenodo monthly archives. https://zenodo.org/records/3378728. CC0 1.0.,TESS station stars34; photometric inflection method; night median MSAS=19.06; MSAS at inflection=19.36; depression=12.40°; smoothing=5-pt median; dark rows=171
fajr,2020-08-27,05:23,10,-30.8422,148.373,0.0,Zamorano J. et al. (2019). TESS-W sky brightness network. Zenodo monthly archives. https://zenodo.org/records/3378728. CC0 1.0.,TESS station stars345; photometric inflection method; night median MSAS=20.21; MSAS at inflection=21.43; depression=14.72°; smoothing=5-pt median; dark rows=665
fajr,2020-08-28,05:39,10,-30.8422,148.373,0.0,Zamorano J. et al. (2019). TESS-W sky brightness network. Zenodo monthly archives. https://zenodo.org/records/3378728. CC0 1.0.,TESS station stars345; photometric inflection method; night median MSAS=19.52; MSAS at inflection=18.86; depression=11.07°; smoothing=5-pt median; dark rows=664
fajr,2020-08-29,05:43,10,-30.8422,148.373,0.0,Zamorano J. et al. (2019). TESS-W sky brightness network. Zenodo monthly archives. https://zenodo.org/records/3378728. CC0 1.0.,TESS station stars345; photometric inflection method; night median MSAS=18.79; MSAS at inflection=17.54; depression=9.79°; smoothing=5-pt median; dark rows=662
isha,2020-08-29,19:02,10,-30.8422,148.373,0.0,Zamorano J. et al. (2019). TESS-W sky brightness network. Zenodo monthly archives. https://zenodo.org/records/3378728. CC0 1.0.,TESS station stars345; photometric inflection method; night median MSAS=18.02; MSAS at inflection=17.36; depression=16.37°; smoothing=5-pt median; dark rows=661
isha,2020-08-01,19:22,2,30.597378,34.762256,0.0,Zamorano J. et al. (2019). TESS-W sky brightness network. Zenodo monthly archives. https://zenodo.org/records/3378728. CC0 1.0.,TESS station stars347; photometric inflection method; night median MSAS=18.32; MSAS at inflection=17.07; depression=10.13°; smoothing=5-pt median; dark rows=529
fajr,2020-08-02,04:21,2,30.597378,34.762256,0.0,Zamorano J. et al. (2019). TESS-W sky brightness network. Zenodo monthly archives. https://zenodo.org/records/3378728. CC0 1.0.,TESS station stars347; photometric inflection method; night median MSAS=18.32; MSAS at inflection=15.82; depression=8.30°; smoothing=5-pt median; dark rows=529
isha,2020-08-02,19:34,2,30.597378,34.762256,0.0,Zamorano J. et al. (2019). TESS-W sky brightness network. Zenodo monthly archives. https://zenodo.org/records/3378728. CC0 1.0.,TESS station stars347; photometric inflection method; night median MSAS=18.08; MSAS at inflection=18.44; depression=12.55°; smoothing=5-pt median; dark rows=531
isha,2020-08-03,19:25,2,30.597378,34.762256,0.0,Zamorano J. et al. (2019). TESS-W sky brightness network. Zenodo monthly archives. https://zenodo.org/records/3378728. CC0 1.0.,TESS station stars347; photometric inflection method; night median MSAS=17.84; MSAS at inflection=17.95; depression=11.00°; smoothing=5-pt median; dark rows=533
fajr,2020-08-04,04:17,2,30.597378,34.762256,0.0,Zamorano J. et al. (2019). TESS-W sky brightness network. Zenodo monthly archives. https://zenodo.org/records/3378728. CC0 1.0.,TESS station stars347; photometric inflection method; night median MSAS=17.84; MSAS at inflection=16.81; depression=9.45°; smoothing=5-pt median; dark rows=533
isha,2020-08-04,19:12,2,30.597378,34.762256,0.0,Zamorano J. et al. (2019). TESS-W sky brightness network. Zenodo monthly archives. https://zenodo.org/records/3378728. CC0 1.0.,TESS station stars347; photometric inflection method; night median MSAS=18.04; MSAS at inflection=16.00; depression=8.75°; smoothing=5-pt median; dark rows=534
fajr,2020-08-06,04:22,2,30.597378,34.762256,0.0,Zamorano J. et al. (2019). TESS-W sky brightness network. Zenodo monthly archives. https://zenodo.org/records/3378728. CC0 1.0.,TESS station stars347; photometric inflection method; night median MSAS=18.00; MSAS at inflection=16.16; depression=8.78°; smoothing=5-pt median; dark rows=536
fajr,2020-08-08,04:21,2,30.597378,34.762256,0.0,Zamorano J. et al. (2019). TESS-W sky brightness network. Zenodo monthly archives. https://zenodo.org/records/3378728. CC0 1.0.,TESS station stars347; photometric inflection method; night median MSAS=18.83; MSAS at inflection=16.34; depression=9.14°; smoothing=5-pt median; dark rows=537
isha,2020-08-08,19:26,2,30.597378,34.762256,0.0,Zamorano J. et al. (2019). TESS-W sky brightness network. Zenodo monthly archives. https://zenodo.org/records/3378728. CC0 1.0.,TESS station stars347; photometric inflection method; night median MSAS=19.31; MSAS at inflection=19.40; depression=12.21°; smoothing=5-pt median; dark rows=529
isha,2020-08-10,19:41,2,30.597378,34.762256,0.0,Zamorano J. et al. (2019). TESS-W sky brightness network. Zenodo monthly archives. https://zenodo.org/records/3378728. CC0 1.0.,TESS station stars347; photometric inflection method; night median MSAS=20.33; MSAS at inflection=20.81; depression=15.53°; smoothing=5-pt median; dark rows=529
isha,2020-08-13,19:17,2,30.597378,34.762256,0.0,Zamorano J. et al. (2019). TESS-W sky brightness network. Zenodo monthly archives. https://zenodo.org/records/3378728. CC0 1.0.,TESS station stars347; photometric inflection method; night median MSAS=20.85; MSAS at inflection=18.60; depression=11.39°; smoothing=5-pt median; dark rows=525
isha,2020-08-14,19:18,2,30.597378,34.762256,0.0,Zamorano J. et al. (2019). TESS-W sky brightness network. Zenodo monthly archives. https://zenodo.org/records/3378728. CC0 1.0.,TESS station stars347; photometric inflection method; night median MSAS=21.00; MSAS at inflection=18.97; depression=11.81°; smoothing=5-pt median; dark rows=503
isha,2020-08-16,19:17,2,30.597378,34.762256,0.0,Zamorano J. et al. (2019). TESS-W sky brightness network. Zenodo monthly archives. https://zenodo.org/records/3378728. CC0 1.0.,TESS station stars347; photometric inflection method; night median MSAS=21.00; MSAS at inflection=19.28; depression=12.22°; smoothing=5-pt median; dark rows=555
fajr,2020-08-18,04:13,2,30.597378,34.762256,0.0,Zamorano J. et al. (2019). TESS-W sky brightness network. Zenodo monthly archives. https://zenodo.org/records/3378728. CC0 1.0.,TESS station stars347; photometric inflection method; night median MSAS=20.98; MSAS at inflection=19.47; depression=12.17°; smoothing=5-pt median; dark rows=542
isha,2020-08-19,19:13,2,30.597378,34.762256,0.0,Zamorano J. et al. (2019). TESS-W sky brightness network. Zenodo monthly archives. https://zenodo.org/records/3378728. CC0 1.0.,TESS station stars347; photometric inflection method; night median MSAS=20.96; MSAS at inflection=19.09; depression=12.06°; smoothing=5-pt median; dark rows=561
fajr,2020-08-21,04:02,2,30.597378,34.762256,0.0,Zamorano J. et al. (2019). TESS-W sky brightness network. Zenodo monthly archives. https://zenodo.org/records/3378728. CC0 1.0.,TESS station stars347; photometric inflection method; night median MSAS=20.96; MSAS at inflection=20.82; depression=14.84°; smoothing=5-pt median; dark rows=524
isha,2020-08-22,19:28,2,30.597378,34.762256,0.0,Zamorano J. et al. (2019). TESS-W sky brightness network. Zenodo monthly archives. https://zenodo.org/records/3378728. CC0 1.0.,TESS station stars347; photometric inflection method; night median MSAS=21.04; MSAS at inflection=20.83; depression=15.80°; smoothing=5-pt median; dark rows=548
fajr,2020-08-23,03:59,2,30.597378,34.762256,0.0,Zamorano J. et al. (2019). TESS-W sky brightness network. Zenodo monthly archives. https://zenodo.org/records/3378728. CC0 1.0.,TESS station stars347; photometric inflection method; night median MSAS=21.04; MSAS at inflection=21.01; depression=15.66°; smoothing=5-pt median; dark rows=548
isha,2020-08-25,19:11,2,30.597378,34.762256,0.0,Zamorano J. et al. (2019). TESS-W sky brightness network. Zenodo monthly archives. https://zenodo.org/records/3378728. CC0 1.0.,TESS station stars347; photometric inflection method; night median MSAS=20.99; MSAS at inflection=19.27; depression=13.19°; smoothing=5-pt median; dark rows=570
fajr,2020-08-26,04:00,2,30.597378,34.762256,0.0,Zamorano J. et al. (2019). TESS-W sky brightness network. Zenodo monthly archives. https://zenodo.org/records/3378728. CC0 1.0.,TESS station stars347; photometric inflection method; night median MSAS=20.99; MSAS at inflection=21.05; depression=15.98°; smoothing=5-pt median; dark rows=570
fajr,2020-08-29,04:23,2,30.597378,34.762256,0.0,Zamorano J. et al. (2019). TESS-W sky brightness network. Zenodo monthly archives. https://zenodo.org/records/3378728. CC0 1.0.,TESS station stars347; photometric inflection method; night median MSAS=19.24; MSAS at inflection=19.23; depression=11.75°; smoothing=5-pt median; dark rows=577
fajr,2020-08-30,04:28,2,30.597378,34.762256,0.0,Zamorano J. et al. (2019). TESS-W sky brightness network. Zenodo monthly archives. https://zenodo.org/records/3378728. CC0 1.0.,TESS station stars347; photometric inflection method; night median MSAS=18.50; MSAS at inflection=18.01; depression=10.75°; smoothing=5-pt median; dark rows=579
isha,2020-08-30,18:52,2,30.597378,34.762256,0.0,Zamorano J. et al. (2019). TESS-W sky brightness network. Zenodo monthly archives. https://zenodo.org/records/3378728. CC0 1.0.,TESS station stars347; photometric inflection method; night median MSAS=17.96; MSAS at inflection=17.21; depression=10.46°; smoothing=5-pt median; dark rows=580
fajr,2020-08-31,04:33,2,30.597378,34.762256,0.0,Zamorano J. et al. (2019). TESS-W sky brightness network. Zenodo monthly archives. https://zenodo.org/records/3378728. CC0 1.0.,TESS station stars347; photometric inflection method; night median MSAS=17.96; MSAS at inflection=17.53; depression=9.98°; smoothing=5-pt median; dark rows=580
isha,2020-08-31,19:15,2,30.597378,34.762256,0.0,Zamorano J. et al. (2019). TESS-W sky brightness network. Zenodo monthly archives. https://zenodo.org/records/3378728. CC0 1.0.,TESS station stars347; photometric inflection method; night median MSAS=17.65; MSAS at inflection=18.43; depression=15.49°; smoothing=5-pt median; dark rows=429
fajr,2020-08-02,03:59,0,39.8787,4.25623,0.0,Zamorano J. et al. (2019). TESS-W sky brightness network. Zenodo monthly archives. https://zenodo.org/records/3378728. CC0 1.0.,TESS station stars348; photometric inflection method; night median MSAS=17.94; MSAS at inflection=15.88; depression=8.14°; smoothing=5-pt median; dark rows=462
isha,2020-08-02,19:40,0,39.8787,4.25623,0.0,Zamorano J. et al. (2019). TESS-W sky brightness network. Zenodo monthly archives. https://zenodo.org/records/3378728. CC0 1.0.,TESS station stars348; photometric inflection method; night median MSAS=17.90; MSAS at inflection=16.49; depression=8.52°; smoothing=5-pt median; dark rows=476
fajr,2020-08-03,03:54,0,39.8787,4.25623,0.0,Zamorano J. et al. (2019). TESS-W sky brightness network. Zenodo monthly archives. https://zenodo.org/records/3378728. CC0 1.0.,TESS station stars348; photometric inflection method; night median MSAS=17.90; MSAS at inflection=16.81; depression=9.15°; smoothing=5-pt median; dark rows=476
isha,2020-08-03,19:36,0,39.8787,4.25623,0.0,Zamorano J. et al. (2019). TESS-W sky brightness network. Zenodo monthly archives. https://zenodo.org/records/3378728. CC0 1.0.,TESS station stars348; photometric inflection method; night median MSAS=17.72; MSAS at inflection=15.74; depression=8.11°; smoothing=5-pt median; dark rows=481
fajr,2020-08-04,03:09,0,39.8787,4.25623,0.0,Zamorano J. et al. (2019). TESS-W sky brightness network. Zenodo monthly archives. https://zenodo.org/records/3378728. CC0 1.0.,TESS station stars348; photometric inflection method; night median MSAS=17.72; MSAS at inflection=17.11; depression=16.41°; smoothing=5-pt median; dark rows=481
isha,2020-08-04,19:51,0,39.8787,4.25623,0.0,Zamorano J. et al. (2019). TESS-W sky brightness network. Zenodo monthly archives. https://zenodo.org/records/3378728. CC0 1.0.,TESS station stars348; photometric inflection method; night median MSAS=18.12; MSAS at inflection=17.84; depression=10.78°; smoothing=5-pt median; dark rows=483
isha,2020-08-05,19:37,0,39.8787,4.25623,0.0,Zamorano J. et al. (2019). TESS-W sky brightness network. Zenodo monthly archives. https://zenodo.org/records/3378728. CC0 1.0.,TESS station stars348; photometric inflection method; night median MSAS=18.27; MSAS at inflection=15.92; depression=8.65°; smoothing=5-pt median; dark rows=486
fajr,2020-08-06,03:55,0,39.8787,4.25623,0.0,Zamorano J. et al. (2019). TESS-W sky brightness network. Zenodo monthly archives. https://zenodo.org/records/3378728. CC0 1.0.,TESS station stars348; photometric inflection method; night median MSAS=18.27; MSAS at inflection=17.02; depression=9.52°; smoothing=5-pt median; dark rows=486
isha,2020-08-06,20:01,0,39.8787,4.25623,0.0,Zamorano J. et al. (2019). TESS-W sky brightness network. Zenodo monthly archives. https://zenodo.org/records/3378728. CC0 1.0.,TESS station stars348; photometric inflection method; night median MSAS=18.41; MSAS at inflection=17.86; depression=12.75°; smoothing=5-pt median; dark rows=488
fajr,2020-08-07,03:59,0,39.8787,4.25623,0.0,Zamorano J. et al. (2019). TESS-W sky brightness network. Zenodo monthly archives. https://zenodo.org/records/3378728. CC0 1.0.,TESS station stars348; photometric inflection method; night median MSAS=18.41; MSAS at inflection=16.63; depression=9.05°; smoothing=5-pt median; dark rows=488
isha,2020-08-07,19:43,0,39.8787,4.25623,0.0,Zamorano J. et al. (2019). TESS-W sky brightness network. Zenodo monthly archives. https://zenodo.org/records/3378728. CC0 1.0.,TESS station stars348; photometric inflection method; night median MSAS=18.71; MSAS at inflection=17.81; depression=10.19°; smoothing=5-pt median; dark rows=491
isha,2020-08-08,19:37,0,39.8787,4.25623,0.0,Zamorano J. et al. (2019). TESS-W sky brightness network. Zenodo monthly archives. https://zenodo.org/records/3378728. CC0 1.0.,TESS station stars348; photometric inflection method; night median MSAS=18.88; MSAS at inflection=17.31; depression=9.45°; smoothing=5-pt median; dark rows=493
isha,2020-08-09,19:31,0,39.8787,4.25623,0.0,Zamorano J. et al. (2019). TESS-W sky brightness network. Zenodo monthly archives. https://zenodo.org/records/3378728. CC0 1.0.,TESS station stars348; photometric inflection method; night median MSAS=19.12; MSAS at inflection=16.77; depression=8.64°; smoothing=5-pt median; dark rows=496
isha,2020-08-10,19:39,0,39.8787,4.25623,0.0,Zamorano J. et al. (2019). TESS-W sky brightness network. Zenodo monthly archives. https://zenodo.org/records/3378728. CC0 1.0.,TESS station stars348; photometric inflection method; night median MSAS=19.26; MSAS at inflection=17.95; depression=10.18°; smoothing=5-pt median; dark rows=499
isha,2020-08-11,19:41,0,39.8787,4.25623,0.0,Zamorano J. et al. (2019). TESS-W sky brightness network. Zenodo monthly archives. https://zenodo.org/records/3378728. CC0 1.0.,TESS station stars348; photometric inflection method; night median MSAS=19.24; MSAS at inflection=18.18; depression=10.76°; smoothing=5-pt median; dark rows=501
fajr,2020-08-12,03:52,0,39.8787,4.25623,0.0,Zamorano J. et al. (2019). TESS-W sky brightness network. Zenodo monthly archives. https://zenodo.org/records/3378728. CC0 1.0.,TESS station stars348; photometric inflection method; night median MSAS=19.24; MSAS at inflection=17.83; depression=11.24°; smoothing=5-pt median; dark rows=501
fajr,2020-08-13,03:17,0,39.8787,4.25623,0.0,Zamorano J. et al. (2019). TESS-W sky brightness network. Zenodo monthly archives. https://zenodo.org/records/3378728. CC0 1.0.,TESS station stars348; photometric inflection method; night median MSAS=19.15; MSAS at inflection=18.76; depression=16.93°; smoothing=5-pt median; dark rows=503
fajr,2020-08-15,04:01,0,39.8787,4.25623,0.0,Zamorano J. et al. (2019). TESS-W sky brightness network. Zenodo monthly archives. https://zenodo.org/records/3378728. CC0 1.0.,TESS station stars348; photometric inflection method; night median MSAS=19.48; MSAS at inflection=17.89; depression=10.31°; smoothing=5-pt median; dark rows=509
fajr,2020-08-17,03:12,0,39.8787,4.25623,0.0,Zamorano J. et al. (2019). TESS-W sky brightness network. Zenodo monthly archives. https://zenodo.org/records/3378728. CC0 1.0.,TESS station stars348; photometric inflection method; night median MSAS=19.29; MSAS at inflection=17.94; depression=18.66°; smoothing=5-pt median; dark rows=514
fajr,2020-08-18,04:08,0,39.8787,4.25623,0.0,Zamorano J. et al. (2019). TESS-W sky brightness network. Zenodo monthly archives. https://zenodo.org/records/3378728. CC0 1.0.,TESS station stars348; photometric inflection method; night median MSAS=19.47; MSAS at inflection=17.79; depression=9.55°; smoothing=5-pt median; dark rows=517
fajr,2020-08-19,04:05,0,39.8787,4.25623,0.0,Zamorano J. et al. (2019). TESS-W sky brightness network. Zenodo monthly archives. https://zenodo.org/records/3378728. CC0 1.0.,TESS station stars348; photometric inflection method; night median MSAS=19.27; MSAS at inflection=17.86; depression=10.41°; smoothing=5-pt median; dark rows=519
isha,2020-08-20,19:25,0,39.8787,4.25623,0.0,Zamorano J. et al. (2019). TESS-W sky brightness network. Zenodo monthly archives. https://zenodo.org/records/3378728. CC0 1.0.,TESS station stars348; photometric inflection method; night median MSAS=19.21; MSAS at inflection=17.77; depression=10.40°; smoothing=5-pt median; dark rows=525
fajr,2020-08-21,03:39,0,39.8787,4.25623,0.0,Zamorano J. et al. (2019). TESS-W sky brightness network. Zenodo monthly archives. https://zenodo.org/records/3378728. CC0 1.0.,TESS station stars348; photometric inflection method; night median MSAS=19.21; MSAS at inflection=18.53; depression=15.05°; smoothing=5-pt median; dark rows=525
fajr,2020-08-22,03:47,0,39.8787,4.25623,0.0,Zamorano J. et al. (2019). TESS-W sky brightness network. Zenodo monthly archives. https://zenodo.org/records/3378728. CC0 1.0.,TESS station stars348; photometric inflection method; night median MSAS=18.92; MSAS at inflection=16.93; depression=13.96°; smoothing=5-pt median; dark rows=528
isha,2020-08-23,19:25,0,39.8787,4.25623,0.0,Zamorano J. et al. (2019). TESS-W sky brightness network. Zenodo monthly archives. https://zenodo.org/records/3378728. CC0 1.0.,TESS station stars348; photometric inflection method; night median MSAS=19.65; MSAS at inflection=18.30; depression=11.31°; smoothing=5-pt median; dark rows=533
fajr,2020-08-25,04:00,0,39.8787,4.25623,0.0,Zamorano J. et al. (2019). TESS-W sky brightness network. Zenodo monthly archives. https://zenodo.org/records/3378728. CC0 1.0.,TESS station stars348; photometric inflection method; night median MSAS=19.68; MSAS at inflection=19.25; depression=12.43°; smoothing=5-pt median; dark rows=535
isha,2020-08-25,19:15,0,39.8787,4.25623,0.0,Zamorano J. et al. (2019). TESS-W sky brightness network. Zenodo monthly archives. https://zenodo.org/records/3378728. CC0 1.0.,TESS station stars348; photometric inflection method; night median MSAS=19.70; MSAS at inflection=17.38; depression=10.02°; smoothing=5-pt median; dark rows=538
isha,2020-08-26,19:15,0,39.8787,4.25623,0.0,Zamorano J. et al. (2019). TESS-W sky brightness network. Zenodo monthly archives. https://zenodo.org/records/3378728. CC0 1.0.,TESS station stars348; photometric inflection method; night median MSAS=19.67; MSAS at inflection=17.55; depression=10.33°; smoothing=5-pt median; dark rows=481
fajr,2020-08-28,04:18,0,39.8787,4.25623,0.0,Zamorano J. et al. (2019). TESS-W sky brightness network. Zenodo monthly archives. https://zenodo.org/records/3378728. CC0 1.0.,TESS station stars348; photometric inflection method; night median MSAS=19.47; MSAS at inflection=17.49; depression=9.74°; smoothing=5-pt median; dark rows=541
fajr,2020-08-29,03:29,0,39.8787,4.25623,0.0,Zamorano J. et al. (2019). TESS-W sky brightness network. Zenodo monthly archives. https://zenodo.org/records/3378728. CC0 1.0.,TESS station stars348; photometric inflection method; night median MSAS=17.51; MSAS at inflection=16.78; depression=18.40°; smoothing=5-pt median; dark rows=547
isha,2020-08-05,20:43,0,40.04912,4.05414,0.0,Zamorano J. et al. (2019). TESS-W sky brightness network. Zenodo monthly archives. https://zenodo.org/records/3378728. CC0 1.0.,TESS station stars349; photometric inflection method; night median MSAS=18.16; MSAS at inflection=19.90; depression=18.70°; smoothing=5-pt median; dark rows=457
fajr,2020-08-06,03:50,0,40.04912,4.05414,0.0,Zamorano J. et al. (2019). TESS-W sky brightness network. Zenodo monthly archives. https://zenodo.org/records/3378728. CC0 1.0.,TESS station stars349; photometric inflection method; night median MSAS=18.16; MSAS at inflection=17.50; depression=10.47°; smoothing=5-pt median; dark rows=457
isha,2020-08-06,20:01,0,40.04912,4.05414,0.0,Zamorano J. et al. (2019). TESS-W sky brightness network. Zenodo monthly archives. https://zenodo.org/records/3378728. CC0 1.0.,TESS station stars349; photometric inflection method; night median MSAS=19.19; MSAS at inflection=19.85; depression=12.61°; smoothing=5-pt median; dark rows=480
isha,2020-08-07,20:44,0,40.04912,4.05414,0.0,Zamorano J. et al. (2019). TESS-W sky brightness network. Zenodo monthly archives. https://zenodo.org/records/3378728. CC0 1.0.,TESS station stars349; photometric inflection method; night median MSAS=19.59; MSAS at inflection=21.38; depression=19.34°; smoothing=5-pt median; dark rows=490
isha,2020-08-08,19:45,0,40.04912,4.05414,0.0,Zamorano J. et al. (2019). TESS-W sky brightness network. Zenodo monthly archives. https://zenodo.org/records/3378728. CC0 1.0.,TESS station stars349; photometric inflection method; night median MSAS=19.84; MSAS at inflection=18.51; depression=10.56°; smoothing=5-pt median; dark rows=492
isha,2020-08-09,20:28,0,40.04912,4.05414,0.0,Zamorano J. et al. (2019). TESS-W sky brightness network. Zenodo monthly archives. https://zenodo.org/records/3378728. CC0 1.0.,TESS station stars349; photometric inflection method; night median MSAS=20.11; MSAS at inflection=20.71; depression=17.43°; smoothing=5-pt median; dark rows=492
fajr,2020-08-11,03:44,0,40.04912,4.05414,0.0,Zamorano J. et al. (2019). TESS-W sky brightness network. Zenodo monthly archives. https://zenodo.org/records/3378728. CC0 1.0.,TESS station stars349; photometric inflection method; night median MSAS=20.41; MSAS at inflection=18.16; depression=12.28°; smoothing=5-pt median; dark rows=475
fajr,2020-08-14,03:16,0,40.04912,4.05414,0.0,Zamorano J. et al. (2019). TESS-W sky brightness network. Zenodo monthly archives. https://zenodo.org/records/3378728. CC0 1.0.,TESS station stars349; photometric inflection method; night median MSAS=21.15; MSAS at inflection=19.02; depression=17.35°; smoothing=5-pt median; dark rows=399
fajr,2020-08-15,03:43,0,40.04912,4.05414,0.0,Zamorano J. et al. (2019). TESS-W sky brightness network. Zenodo monthly archives. https://zenodo.org/records/3378728. CC0 1.0.,TESS station stars349; photometric inflection method; night median MSAS=21.26; MSAS at inflection=20.40; depression=13.26°; smoothing=5-pt median; dark rows=502
isha,2020-08-16,20:07,0,40.04912,4.05414,0.0,Zamorano J. et al. (2019). TESS-W sky brightness network. Zenodo monthly archives. https://zenodo.org/records/3378728. CC0 1.0.,TESS station stars349; photometric inflection method; night median MSAS=21.30; MSAS at inflection=21.20; depression=16.04°; smoothing=5-pt median; dark rows=481
fajr,2020-08-17,03:58,0,40.04912,4.05414,0.0,Zamorano J. et al. (2019). TESS-W sky brightness network. Zenodo monthly archives. https://zenodo.org/records/3378728. CC0 1.0.,TESS station stars349; photometric inflection method; night median MSAS=21.30; MSAS at inflection=18.97; depression=11.21°; smoothing=5-pt median; dark rows=481
fajr,2020-08-18,03:59,0,40.04912,4.05414,0.0,Zamorano J. et al. (2019). TESS-W sky brightness network. Zenodo monthly archives. https://zenodo.org/records/3378728. CC0 1.0.,TESS station stars349; photometric inflection method; night median MSAS=21.15; MSAS at inflection=19.63; depression=11.28°; smoothing=5-pt median; dark rows=496
isha,2020-08-18,19:47,0,40.04912,4.05414,0.0,Zamorano J. et al. (2019). TESS-W sky brightness network. Zenodo monthly archives. https://zenodo.org/records/3378728. CC0 1.0.,TESS station stars349; photometric inflection method; night median MSAS=21.27; MSAS at inflection=20.29; depression=13.34°; smoothing=5-pt median; dark rows=446
isha,2020-08-19,20:37,0,40.04912,4.05414,0.0,Zamorano J. et al. (2019). TESS-W sky brightness network. Zenodo monthly archives. https://zenodo.org/records/3378728. CC0 1.0.,TESS station stars349; photometric inflection method; night median MSAS=21.18; MSAS at inflection=19.18; depression=21.49°; smoothing=5-pt median; dark rows=401
fajr,2020-08-21,03:40,0,40.04912,4.05414,0.0,Zamorano J. et al. (2019). TESS-W sky brightness network. Zenodo monthly archives. https://zenodo.org/records/3378728. CC0 1.0.,TESS station stars349; photometric inflection method; night median MSAS=21.22; MSAS at inflection=19.48; depression=14.98°; smoothing=5-pt median; dark rows=520
isha,2020-08-21,19:42,0,40.04912,4.05414,0.0,Zamorano J. et al. (2019). TESS-W sky brightness network. Zenodo monthly archives. https://zenodo.org/records/3378728. CC0 1.0.,TESS station stars349; photometric inflection method; night median MSAS=21.28; MSAS at inflection=19.11; depression=13.46°; smoothing=5-pt median; dark rows=525
fajr,2020-08-22,03:49,0,40.04912,4.05414,0.0,Zamorano J. et al. (2019). TESS-W sky brightness network. Zenodo monthly archives. https://zenodo.org/records/3378728. CC0 1.0.,TESS station stars349; photometric inflection method; night median MSAS=21.28; MSAS at inflection=20.64; depression=13.75°; smoothing=5-pt median; dark rows=525
isha,2020-08-22,20:09,0,40.04912,4.05414,0.0,Zamorano J. et al. (2019). TESS-W sky brightness network. Zenodo monthly archives. https://zenodo.org/records/3378728. CC0 1.0.,TESS station stars349; photometric inflection method; night median MSAS=21.36; MSAS at inflection=21.16; depression=18.11°; smoothing=5-pt median; dark rows=485
fajr,2020-08-25,03:23,0,40.04912,4.05414,0.0,Zamorano J. et al. (2019). TESS-W sky brightness network. Zenodo monthly archives. https://zenodo.org/records/3378728. CC0 1.0.,TESS station stars349; photometric inflection method; night median MSAS=21.35; MSAS at inflection=19.62; depression=18.68°; smoothing=5-pt median; dark rows=489
isha,2020-08-25,20:25,0,40.04912,4.05414,0.0,Zamorano J. et al. (2019). TESS-W sky brightness network. Zenodo monthly archives. https://zenodo.org/records/3378728. CC0 1.0.,TESS station stars349; photometric inflection method; night median MSAS=21.34; MSAS at inflection=19.88; depression=21.58°; smoothing=5-pt median; dark rows=529
isha,2020-08-27,19:15,0,40.04912,4.05414,0.0,Zamorano J. et al. (2019). TESS-W sky brightness network. Zenodo monthly archives. https://zenodo.org/records/3378728. CC0 1.0.,TESS station stars349; photometric inflection method; night median MSAS=20.14; MSAS at inflection=17.90; depression=10.47°; smoothing=5-pt median; dark rows=526
fajr,2020-08-28,03:07,0,40.04912,4.05414,0.0,Zamorano J. et al. (2019). TESS-W sky brightness network. Zenodo monthly archives. https://zenodo.org/records/3378728. CC0 1.0.,TESS station stars349; photometric inflection method; night median MSAS=20.14; MSAS at inflection=21.46; depression=21.91°; smoothing=5-pt median; dark rows=526
isha,2020-08-28,19:08,0,40.04912,4.05414,0.0,Zamorano J. et al. (2019). TESS-W sky brightness network. Zenodo monthly archives. https://zenodo.org/records/3378728. CC0 1.0.,TESS station stars349; photometric inflection method; night median MSAS=19.04; MSAS at inflection=17.63; depression=9.53°; smoothing=5-pt median; dark rows=510
fajr,2020-08-29,03:23,0,40.04912,4.05414,0.0,Zamorano J. et al. (2019). TESS-W sky brightness network. Zenodo monthly archives. https://zenodo.org/records/3378728. CC0 1.0.,TESS station stars349; photometric inflection method; night median MSAS=19.04; MSAS at inflection=19.06; depression=19.50°; smoothing=5-pt median; dark rows=510
isha,2020-08-29,19:03,0,40.04912,4.05414,0.0,Zamorano J. et al. (2019). TESS-W sky brightness network. Zenodo monthly archives. https://zenodo.org/records/3378728. CC0 1.0.,TESS station stars349; photometric inflection method; night median MSAS=18.97; MSAS at inflection=17.92; depression=8.88°; smoothing=5-pt median; dark rows=521
fajr,2020-08-30,04:15,0,40.04912,4.05414,0.0,Zamorano J. et al. (2019). TESS-W sky brightness network. Zenodo monthly archives. https://zenodo.org/records/3378728. CC0 1.0.,TESS station stars349; photometric inflection method; night median MSAS=18.97; MSAS at inflection=18.27; depression=10.73°; smoothing=5-pt median; dark rows=521
isha,2020-08-01,20:34,1,45.93,13.91,0.0,Zamorano J. et al. (2019). TESS-W sky brightness network. Zenodo monthly archives. https://zenodo.org/records/3378728. CC0 1.0.,TESS station stars35; photometric inflection method; night median MSAS=18.86; MSAS at inflection=17.84; depression=9.83°; smoothing=5-pt median; dark rows=424
isha,2020-08-02,20:18,1,45.93,13.91,0.0,Zamorano J. et al. (2019). TESS-W sky brightness network. Zenodo monthly archives. https://zenodo.org/records/3378728. CC0 1.0.,TESS station stars35; photometric inflection method; night median MSAS=18.26; MSAS at inflection=16.07; depression=7.74°; smoothing=5-pt median; dark rows=426
fajr,2020-08-03,03:14,1,45.93,13.91,0.0,Zamorano J. et al. (2019). TESS-W sky brightness network. Zenodo monthly archives. https://zenodo.org/records/3378728. CC0 1.0.,TESS station stars35; photometric inflection method; night median MSAS=18.26; MSAS at inflection=19.50; depression=14.22°; smoothing=5-pt median; dark rows=426
isha,2020-08-03,20:58,1,45.93,13.91,0.0,Zamorano J. et al. (2019). TESS-W sky brightness network. Zenodo monthly archives. https://zenodo.org/records/3378728. CC0 1.0.,TESS station stars35; photometric inflection method; night median MSAS=18.61; MSAS at inflection=19.00; depression=13.38°; smoothing=5-pt median; dark rows=430
isha,2020-08-04,20:29,1,45.93,13.91,0.0,Zamorano J. et al. (2019). TESS-W sky brightness network. Zenodo monthly archives. https://zenodo.org/records/3378728. CC0 1.0.,TESS station stars35; photometric inflection method; night median MSAS=17.95; MSAS at inflection=17.42; depression=9.82°; smoothing=5-pt median; dark rows=435
fajr,2020-08-05,02:35,1,45.93,13.91,0.0,Zamorano J. et al. (2019). TESS-W sky brightness network. Zenodo monthly archives. https://zenodo.org/records/3378728. CC0 1.0.,TESS station stars35; photometric inflection method; night median MSAS=17.95; MSAS at inflection=17.63; depression=19.18°; smoothing=5-pt median; dark rows=435
isha,2020-08-05,20:25,1,45.93,13.91,0.0,Zamorano J. et al. (2019). TESS-W sky brightness network. Zenodo monthly archives. https://zenodo.org/records/3378728. CC0 1.0.,TESS station stars35; photometric inflection method; night median MSAS=18.24; MSAS at inflection=17.33; depression=9.44°; smoothing=5-pt median; dark rows=437
fajr,2020-08-06,02:34,1,45.93,13.91,0.0,Zamorano J. et al. (2019). TESS-W sky brightness network. Zenodo monthly archives. https://zenodo.org/records/3378728. CC0 1.0.,TESS station stars35; photometric inflection method; night median MSAS=18.24; MSAS at inflection=17.91; depression=19.47°; smoothing=5-pt median; dark rows=437
fajr,2020-08-07,02:15,1,45.93,13.91,0.0,Zamorano J. et al. (2019). TESS-W sky brightness network. Zenodo monthly archives. https://zenodo.org/records/3378728. CC0 1.0.,TESS station stars35; photometric inflection method; night median MSAS=19.36; MSAS at inflection=18.82; depression=21.60°; smoothing=5-pt median; dark rows=424
isha,2020-08-07,20:56,1,45.93,13.91,0.0,Zamorano J. et al. (2019). TESS-W sky brightness network. Zenodo monthly archives. https://zenodo.org/records/3378728. CC0 1.0.,TESS station stars35; photometric inflection method; night median MSAS=19.89; MSAS at inflection=21.04; depression=14.20°; smoothing=5-pt median; dark rows=444
fajr,2020-08-09,03:33,1,45.93,13.91,0.0,Zamorano J. et al. (2019). TESS-W sky brightness network. Zenodo monthly archives. https://zenodo.org/records/3378728. CC0 1.0.,TESS station stars35; photometric inflection method; night median MSAS=19.83; MSAS at inflection=18.93; depression=13.09°; smoothing=5-pt median; dark rows=293
isha,2020-08-10,20:29,1,45.93,13.91,0.0,Zamorano J. et al. (2019). TESS-W sky brightness network. Zenodo monthly archives. https://zenodo.org/records/3378728. CC0 1.0.,TESS station stars35; photometric inflection method; night median MSAS=20.10; MSAS at inflection=19.58; depression=11.23°; smoothing=5-pt median; dark rows=413
fajr,2020-08-13,03:27,1,45.93,13.91,0.0,Zamorano J. et al. (2019). TESS-W sky brightness network. Zenodo monthly archives. https://zenodo.org/records/3378728. CC0 1.0.,TESS station stars35; photometric inflection method; night median MSAS=20.35; MSAS at inflection=19.82; depression=14.84°; smoothing=5-pt median; dark rows=460
isha,2020-08-14,20:23,1,45.93,13.91,0.0,Zamorano J. et al. (2019). TESS-W sky brightness network. Zenodo monthly archives. https://zenodo.org/records/3378728. CC0 1.0.,TESS station stars35; photometric inflection method; night median MSAS=20.47; MSAS at inflection=19.43; depression=11.52°; smoothing=5-pt median; dark rows=466
fajr,2020-08-15,04:02,1,45.93,13.91,0.0,Zamorano J. et al. (2019). TESS-W sky brightness network. Zenodo monthly archives. https://zenodo.org/records/3378728. CC0 1.0.,TESS station stars35; photometric inflection method; night median MSAS=20.47; MSAS at inflection=18.33; depression=10.48°; smoothing=5-pt median; dark rows=466
isha,2020-08-15,20:35,1,45.93,13.91,0.0,Zamorano J. et al. (2019). TESS-W sky brightness network. Zenodo monthly archives. https://zenodo.org/records/3378728. CC0 1.0.,TESS station stars35; photometric inflection method; night median MSAS=21.05; MSAS at inflection=20.76; depression=13.45°; smoothing=5-pt median; dark rows=470
fajr,2020-08-17,03:51,1,45.93,13.91,0.0,Zamorano J. et al. (2019). TESS-W sky brightness network. Zenodo monthly archives. https://zenodo.org/records/3378728. CC0 1.0.,TESS station stars35; photometric inflection method; night median MSAS=20.97; MSAS at inflection=19.89; depression=12.51°; smoothing=5-pt median; dark rows=474
isha,2020-08-17,20:27,1,45.93,13.91,0.0,Zamorano J. et al. (2019). TESS-W sky brightness network. Zenodo monthly archives. https://zenodo.org/records/3378728. CC0 1.0.,TESS station stars35; photometric inflection method; night median MSAS=21.24; MSAS at inflection=20.20; depression=12.93°; smoothing=5-pt median; dark rows=472
fajr,2020-08-18,03:41,1,45.93,13.91,0.0,Zamorano J. et al. (2019). TESS-W sky brightness network. Zenodo monthly archives. https://zenodo.org/records/3378728. CC0 1.0.,TESS station stars35; photometric inflection method; night median MSAS=21.24; MSAS at inflection=20.94; depression=14.12°; smoothing=5-pt median; dark rows=472
isha,2020-08-18,20:27,1,45.93,13.91,0.0,Zamorano J. et al. (2019). TESS-W sky brightness network. Zenodo monthly archives. https://zenodo.org/records/3378728. CC0 1.0.,TESS station stars35; photometric inflection method; night median MSAS=20.96; MSAS at inflection=19.90; depression=13.23°; smoothing=5-pt median; dark rows=474
isha,2020-08-19,20:29,1,45.93,13.91,0.0,Zamorano J. et al. (2019). TESS-W sky brightness network. Zenodo monthly archives. https://zenodo.org/records/3378728. CC0 1.0.,TESS station stars35; photometric inflection method; night median MSAS=21.16; MSAS at inflection=20.31; depression=13.90°; smoothing=5-pt median; dark rows=487
fajr,2020-08-23,03:28,1,45.93,13.91,0.0,Zamorano J. et al. (2019). TESS-W sky brightness network. Zenodo monthly archives. https://zenodo.org/records/3378728. CC0 1.0.,TESS station stars35; photometric inflection method; night median MSAS=21.31; MSAS at inflection=20.77; depression=17.06°; smoothing=5-pt median; dark rows=492
isha,2020-08-23,20:14,1,45.93,13.91,0.0,Zamorano J. et al. (2019). TESS-W sky brightness network. Zenodo monthly archives. https://zenodo.org/records/3378728. CC0 1.0.,TESS station stars35; photometric inflection method; night median MSAS=20.49; MSAS at inflection=20.15; depression=12.89°; smoothing=5-pt median; dark rows=427
fajr,2020-08-25,04:05,1,45.93,13.91,0.0,Zamorano J. et al. (2019). TESS-W sky brightness network. Zenodo monthly archives. https://zenodo.org/records/3378728. CC0 1.0.,TESS station stars35; photometric inflection method; night median MSAS=20.91; MSAS at inflection=20.20; depression=12.21°; smoothing=5-pt median; dark rows=498
fajr,2020-08-26,03:05,1,45.93,13.91,0.0,Zamorano J. et al. (2019). TESS-W sky brightness network. Zenodo monthly archives. https://zenodo.org/records/3378728. CC0 1.0.,TESS station stars35; photometric inflection method; night median MSAS=21.07; MSAS at inflection=21.32; depression=20.96°; smoothing=5-pt median; dark rows=507
fajr,2020-08-28,04:11,1,45.93,13.91,0.0,Zamorano J. et al. (2019). TESS-W sky brightness network. Zenodo monthly archives. https://zenodo.org/records/3378728. CC0 1.0.,TESS station stars35; photometric inflection method; night median MSAS=20.98; MSAS at inflection=19.80; depression=11.97°; smoothing=5-pt median; dark rows=492
isha,2020-08-28,19:43,1,45.93,13.91,0.0,Zamorano J. et al. (2019). TESS-W sky brightness network. Zenodo monthly archives. https://zenodo.org/records/3378728. CC0 1.0.,TESS station stars35; photometric inflection method; night median MSAS=20.03; MSAS at inflection=17.99; depression=9.62°; smoothing=5-pt median; dark rows=510
isha,2020-08-29,20:04,1,45.93,13.91,0.0,Zamorano J. et al. (2019). TESS-W sky brightness network. Zenodo monthly archives. https://zenodo.org/records/3378728. CC0 1.0.,TESS station stars35; photometric inflection method; night median MSAS=19.82; MSAS at inflection=18.86; depression=13.30°; smoothing=5-pt median; dark rows=498
fajr,2020-08-30,04:22,1,45.93,13.91,0.0,Zamorano J. et al. (2019). TESS-W sky brightness network. Zenodo monthly archives. https://zenodo.org/records/3378728. CC0 1.0.,TESS station stars35; photometric inflection method; night median MSAS=19.82; MSAS at inflection=20.43; depression=10.69°; smoothing=5-pt median; dark rows=498
isha,2020-08-30,20:13,1,45.93,13.91,0.0,Zamorano J. et al. (2019). TESS-W sky brightness network. Zenodo monthly archives. https://zenodo.org/records/3378728. CC0 1.0.,TESS station stars35; photometric inflection method; night median MSAS=19.20; MSAS at inflection=19.66; depression=14.93°; smoothing=5-pt median; dark rows=521
fajr,2020-08-31,04:27,1,45.93,13.91,0.0,Zamorano J. et al. (2019). TESS-W sky brightness network. Zenodo monthly archives. https://zenodo.org/records/3378728. CC0 1.0.,TESS station stars35; photometric inflection method; night median MSAS=19.20; MSAS at inflection=18.31; depression=10.17°; smoothing=5-pt median; dark rows=521
isha,2020-08-01,20:56,0,50.85571,-0.938489,0.0,Zamorano J. et al. (2019). TESS-W sky brightness network. Zenodo monthly archives. https://zenodo.org/records/3378728. CC0 1.0.,TESS station stars354; photometric inflection method; night median MSAS=19.14; MSAS at inflection=17.26; depression=9.36°; smoothing=5-pt median; dark rows=373
fajr,2020-08-02,03:07,0,50.85571,-0.938489,0.0,Zamorano J. et al. (2019). TESS-W sky brightness network. Zenodo monthly archives. https://zenodo.org/records/3378728. CC0 1.0.,TESS station stars354; photometric inflection method; night median MSAS=19.14; MSAS at inflection=17.82; depression=11.25°; smoothing=5-pt median; dark rows=373
isha,2020-08-03,20:56,0,50.85571,-0.938489,0.0,Zamorano J. et al. (2019). TESS-W sky brightness network. Zenodo monthly archives. https://zenodo.org/records/3378728. CC0 1.0.,TESS station stars354; photometric inflection method; night median MSAS=18.60; MSAS at inflection=17.52; depression=9.89°; smoothing=5-pt median; dark rows=75
isha,2020-08-04,20:58,0,50.85571,-0.938489,0.0,Zamorano J. et al. (2019). TESS-W sky brightness network. Zenodo monthly archives. https://zenodo.org/records/3378728. CC0 1.0.,TESS station stars354; photometric inflection method; night median MSAS=18.23; MSAS at inflection=17.87; depression=10.38°; smoothing=5-pt median; dark rows=76
fajr,2020-08-05,01:18,0,50.85571,-0.938489,0.0,Zamorano J. et al. (2019). TESS-W sky brightness network. Zenodo monthly archives. https://zenodo.org/records/3378728. CC0 1.0.,TESS station stars354; photometric inflection method; night median MSAS=18.23; MSAS at inflection=17.54; depression=20.60°; smoothing=5-pt median; dark rows=76
isha,2020-08-06,20:40,0,50.85571,-0.938489,0.0,Zamorano J. et al. (2019). TESS-W sky brightness network. Zenodo monthly archives. https://zenodo.org/records/3378728. CC0 1.0.,TESS station stars354; photometric inflection method; night median MSAS=19.06; MSAS at inflection=16.77; depression=8.72°; smoothing=5-pt median; dark rows=394
fajr,2020-08-07,03:31,0,50.85571,-0.938489,0.0,Zamorano J. et al. (2019). TESS-W sky brightness network. Zenodo monthly archives. https://zenodo.org/records/3378728. CC0 1.0.,TESS station stars354; photometric inflection method; night median MSAS=19.06; MSAS at inflection=17.20; depression=9.64°; smoothing=5-pt median; dark rows=394
isha,2020-08-07,23:05,0,50.85571,-0.938489,0.0,Zamorano J. et al. (2019). TESS-W sky brightness network. Zenodo monthly archives. https://zenodo.org/records/3378728. CC0 1.0.,TESS station stars354; photometric inflection method; night median MSAS=18.00; MSAS at inflection=18.15; depression=21.61°; smoothing=5-pt median; dark rows=400
isha,2020-08-08,23:02,0,50.85571,-0.938489,0.0,Zamorano J. et al. (2019). TESS-W sky brightness network. Zenodo monthly archives. https://zenodo.org/records/3378728. CC0 1.0.,TESS station stars354; photometric inflection method; night median MSAS=18.61; MSAS at inflection=18.59; depression=21.75°; smoothing=5-pt median; dark rows=404
fajr,2020-08-10,01:31,0,50.85571,-0.938489,0.0,Zamorano J. et al. (2019). TESS-W sky brightness network. Zenodo monthly archives. https://zenodo.org/records/3378728. CC0 1.0.,TESS station stars354; photometric inflection method; night median MSAS=18.92; MSAS at inflection=18.78; depression=21.29°; smoothing=5-pt median; dark rows=407
isha,2020-08-11,21:09,0,50.85571,-0.938489,0.0,Zamorano J. et al. (2019). TESS-W sky brightness network. Zenodo monthly archives. https://zenodo.org/records/3378728. CC0 1.0.,TESS station stars354; photometric inflection method; night median MSAS=19.75; MSAS at inflection=19.49; depression=13.49°; smoothing=5-pt median; dark rows=402
isha,2020-08-12,21:06,0,50.85571,-0.938489,0.0,Zamorano J. et al. (2019). TESS-W sky brightness network. Zenodo monthly archives. https://zenodo.org/records/3378728. CC0 1.0.,TESS station stars354; photometric inflection method; night median MSAS=18.28; MSAS at inflection=19.42; depression=13.36°; smoothing=5-pt median; dark rows=409
isha,2020-08-13,21:34,0,50.85571,-0.938489,0.0,Zamorano J. et al. (2019). TESS-W sky brightness network. Zenodo monthly archives. https://zenodo.org/records/3378728. CC0 1.0.,TESS station stars354; photometric inflection method; night median MSAS=18.37; MSAS at inflection=18.49; depression=16.65°; smoothing=5-pt median; dark rows=423
fajr,2020-08-14,02:53,0,50.85571,-0.938489,0.0,Zamorano J. et al. (2019). TESS-W sky brightness network. Zenodo monthly archives. https://zenodo.org/records/3378728. CC0 1.0.,TESS station stars354; photometric inflection method; night median MSAS=18.37; MSAS at inflection=18.01; depression=15.63°; smoothing=5-pt median; dark rows=423
isha,2020-08-14,21:22,0,50.85571,-0.938489,0.0,Zamorano J. et al. (2019). TESS-W sky brightness network. Zenodo monthly archives. https://zenodo.org/records/3378728. CC0 1.0.,TESS station stars354; photometric inflection method; night median MSAS=17.67; MSAS at inflection=17.49; depression=15.80°; smoothing=5-pt median; dark rows=420
fajr,2020-08-15,03:44,0,50.85571,-0.938489,0.0,Zamorano J. et al. (2019). TESS-W sky brightness network. Zenodo monthly archives. https://zenodo.org/records/3378728. CC0 1.0.,TESS station stars354; photometric inflection method; night median MSAS=17.67; MSAS at inflection=17.29; depression=9.93°; smoothing=5-pt median; dark rows=420
isha,2020-08-15,21:04,0,50.85571,-0.938489,0.0,Zamorano J. et al. (2019). TESS-W sky brightness network. Zenodo monthly archives. https://zenodo.org/records/3378728. CC0 1.0.,TESS station stars354; photometric inflection method; night median MSAS=18.19; MSAS at inflection=17.36; depression=14.11°; smoothing=5-pt median; dark rows=431
fajr,2020-08-16,02:50,0,50.85571,-0.938489,0.0,Zamorano J. et al. (2019). TESS-W sky brightness network. Zenodo monthly archives. https://zenodo.org/records/3378728. CC0 1.0.,TESS station stars354; photometric inflection method; night median MSAS=18.19; MSAS at inflection=17.88; depression=16.47°; smoothing=5-pt median; dark rows=431
isha,2020-08-16,20:27,0,50.85571,-0.938489,0.0,Zamorano J. et al. (2019). TESS-W sky brightness network. Zenodo monthly archives. https://zenodo.org/records/3378728. CC0 1.0.,TESS station stars354; photometric inflection method; night median MSAS=18.49; MSAS at inflection=18.01; depression=9.97°; smoothing=5-pt median; dark rows=436
isha,2020-08-17,21:48,0,50.85571,-0.938489,0.0,Zamorano J. et al. (2019). TESS-W sky brightness network. Zenodo monthly archives. https://zenodo.org/records/3378728. CC0 1.0.,TESS station stars354; photometric inflection method; night median MSAS=18.68; MSAS at inflection=19.15; depression=19.29°; smoothing=5-pt median; dark rows=439
fajr,2020-08-19,03:54,0,50.85571,-0.938489,0.0,Zamorano J. et al. (2019). TESS-W sky brightness network. Zenodo monthly archives. https://zenodo.org/records/3378728. CC0 1.0.,TESS station stars354; photometric inflection method; night median MSAS=19.66; MSAS at inflection=17.36; depression=9.65°; smoothing=5-pt median; dark rows=206
isha,2020-08-19,20:57,0,50.85571,-0.938489,0.0,Zamorano J. et al. (2019). TESS-W sky brightness network. Zenodo monthly archives. https://zenodo.org/records/3378728. CC0 1.0.,TESS station stars354; photometric inflection method; night median MSAS=18.05; MSAS at inflection=17.42; depression=14.47°; smoothing=5-pt median; dark rows=445
fajr,2020-08-20,03:02,0,50.85571,-0.938489,0.0,Zamorano J. et al. (2019). TESS-W sky brightness network. Zenodo monthly archives. https://zenodo.org/records/3378728. CC0 1.0.,TESS station stars354; photometric inflection method; night median MSAS=18.05; MSAS at inflection=18.84; depression=16.19°; smoothing=5-pt median; dark rows=445
fajr,2020-08-21,03:56,0,50.85571,-0.938489,0.0,Zamorano J. et al. (2019). TESS-W sky brightness network. Zenodo monthly archives. https://zenodo.org/records/3378728. CC0 1.0.,TESS station stars354; photometric inflection method; night median MSAS=19.42; MSAS at inflection=17.97; depression=9.93°; smoothing=5-pt median; dark rows=89
fajr,2020-08-22,04:08,0,50.85571,-0.938489,0.0,Zamorano J. et al. (2019). TESS-W sky brightness network. Zenodo monthly archives. https://zenodo.org/records/3378728. CC0 1.0.,TESS station stars354; photometric inflection method; night median MSAS=18.76; MSAS at inflection=16.87; depression=8.54°; smoothing=5-pt median; dark rows=90
fajr,2020-08-23,03:00,0,50.85571,-0.938489,0.0,Zamorano J. et al. (2019). TESS-W sky brightness network. Zenodo monthly archives. https://zenodo.org/records/3378728. CC0 1.0.,TESS station stars354; photometric inflection method; night median MSAS=19.05; MSAS at inflection=19.09; depression=17.29°; smoothing=5-pt median; dark rows=91
fajr,2020-08-24,03:04,0,50.85571,-0.938489,0.0,Zamorano J. et al. (2019). TESS-W sky brightness network. Zenodo monthly archives. https://zenodo.org/records/3378728. CC0 1.0.,TESS station stars354; photometric inflection method; night median MSAS=18.79; MSAS at inflection=18.79; depression=17.03°; smoothing=5-pt median; dark rows=47
isha,2020-08-24,20:44,0,50.85571,-0.938489,0.0,Zamorano J. et al. (2019). TESS-W sky brightness network. Zenodo monthly archives. https://zenodo.org/records/3378728. CC0 1.0.,TESS station stars354; photometric inflection method; night median MSAS=17.69; MSAS at inflection=17.25; depression=14.61°; smoothing=5-pt median; dark rows=262
fajr,2020-08-25,03:31,0,50.85571,-0.938489,0.0,Zamorano J. et al. (2019). TESS-W sky brightness network. Zenodo monthly archives. https://zenodo.org/records/3378728. CC0 1.0.,TESS station stars354; photometric inflection method; night median MSAS=17.69; MSAS at inflection=17.87; depression=14.17°; smoothing=5-pt median; dark rows=262
isha,2020-08-25,21:06,0,50.85571,-0.938489,0.0,Zamorano J. et al. (2019). TESS-W sky brightness network. Zenodo monthly archives. https://zenodo.org/records/3378728. CC0 1.0.,TESS station stars354; photometric inflection method; night median MSAS=18.43; MSAS at inflection=17.49; depression=17.53°; smoothing=5-pt median; dark rows=94
fajr,2020-08-26,03:49,0,50.85571,-0.938489,0.0,Zamorano J. et al. (2019). TESS-W sky brightness network. Zenodo monthly archives. https://zenodo.org/records/3378728. CC0 1.0.,TESS station stars354; photometric inflection method; night median MSAS=18.43; MSAS at inflection=18.14; depression=12.13°; smoothing=5-pt median; dark rows=94
isha,2020-08-26,20:28,0,50.85571,-0.938489,0.0,Zamorano J. et al. (2019). TESS-W sky brightness network. Zenodo monthly archives. https://zenodo.org/records/3378728. CC0 1.0.,TESS station stars354; photometric inflection method; night median MSAS=19.46; MSAS at inflection=18.54; depression=13.20°; smoothing=5-pt median; dark rows=94
fajr,2020-08-27,03:42,0,50.85571,-0.938489,0.0,Zamorano J. et al. (2019). TESS-W sky brightness network. Zenodo monthly archives. https://zenodo.org/records/3378728. CC0 1.0.,TESS station stars354; photometric inflection method; night median MSAS=19.46; MSAS at inflection=18.37; depression=13.30°; smoothing=5-pt median; dark rows=94
isha,2020-08-27,21:12,0,50.85571,-0.938489,0.0,Zamorano J. et al. (2019). TESS-W sky brightness network. Zenodo monthly archives. https://zenodo.org/records/3378728. CC0 1.0.,TESS station stars354; photometric inflection method; night median MSAS=19.35; MSAS at inflection=18.15; depression=18.90°; smoothing=5-pt median; dark rows=449
isha,2020-08-28,19:52,0,50.85571,-0.938489,0.0,Zamorano J. et al. (2019). TESS-W sky brightness network. Zenodo monthly archives. https://zenodo.org/records/3378728. CC0 1.0.,TESS station stars354; photometric inflection method; night median MSAS=18.21; MSAS at inflection=16.31; depression=9.02°; smoothing=5-pt median; dark rows=486
fajr,2020-08-29,02:55,0,50.85571,-0.938489,0.0,Zamorano J. et al. (2019). TESS-W sky brightness network. Zenodo monthly archives. https://zenodo.org/records/3378728. CC0 1.0.,TESS station stars354; photometric inflection method; night median MSAS=18.21; MSAS at inflection=18.70; depression=19.51°; smoothing=5-pt median; dark rows=486
isha,2020-08-29,21:24,0,50.85571,-0.938489,0.0,Zamorano J. et al. (2019). TESS-W sky brightness network. Zenodo monthly archives. https://zenodo.org/records/3378728. CC0 1.0.,TESS station stars354; photometric inflection method; night median MSAS=17.91; MSAS at inflection=17.15; depression=20.96°; smoothing=5-pt median; dark rows=81
fajr,2020-08-30,04:26,0,50.85571,-0.938489,0.0,Zamorano J. et al. (2019). TESS-W sky brightness network. Zenodo monthly archives. https://zenodo.org/records/3378728. CC0 1.0.,TESS station stars354; photometric inflection method; night median MSAS=17.91; MSAS at inflection=16.44; depression=7.94°; smoothing=5-pt median; dark rows=81
isha,2020-08-30,20:00,0,50.85571,-0.938489,0.0,Zamorano J. et al. (2019). TESS-W sky brightness network. Zenodo monthly archives. https://zenodo.org/records/3378728. CC0 1.0.,TESS station stars354; photometric inflection method; night median MSAS=18.43; MSAS at inflection=16.93; depression=10.75°; smoothing=5-pt median; dark rows=280
fajr,2020-08-31,04:10,0,50.85571,-0.938489,0.0,Zamorano J. et al. (2019). TESS-W sky brightness network. Zenodo monthly archives. https://zenodo.org/records/3378728. CC0 1.0.,TESS station stars354; photometric inflection method; night median MSAS=18.43; MSAS at inflection=17.62; depression=10.53°; smoothing=5-pt median; dark rows=280
fajr,2020-08-10,05:00,-5,-29.986013,-71.361086,0.0,Zamorano J. et al. (2019). TESS-W sky brightness network. Zenodo monthly archives. https://zenodo.org/records/3378728. CC0 1.0.,TESS station stars356; photometric inflection method; night median MSAS=17.57; MSAS at inflection=15.74; depression=18.33°; smoothing=5-pt median; dark rows=677
fajr,2020-08-11,05:09,-5,-29.986013,-71.361086,0.0,Zamorano J. et al. (2019). TESS-W sky brightness network. Zenodo monthly archives. https://zenodo.org/records/3378728. CC0 1.0.,TESS station stars356; photometric inflection method; night median MSAS=17.80; MSAS at inflection=16.07; depression=16.20°; smoothing=5-pt median; dark rows=694
isha,2020-08-12,17:57,-5,-29.986013,-71.361086,0.0,Zamorano J. et al. (2019). TESS-W sky brightness network. Zenodo monthly archives. https://zenodo.org/records/3378728. CC0 1.0.,TESS station stars356; photometric inflection method; night median MSAS=17.53; MSAS at inflection=15.45; depression=8.66°; smoothing=5-pt median; dark rows=688
isha,2020-08-14,17:59,-5,-29.986013,-71.361086,0.0,Zamorano J. et al. (2019). TESS-W sky brightness network. Zenodo monthly archives. https://zenodo.org/records/3378728. CC0 1.0.,TESS station stars356; photometric inflection method; night median MSAS=17.57; MSAS at inflection=15.72; depression=8.87°; smoothing=5-pt median; dark rows=688
fajr,2020-08-27,05:14,-5,-29.986013,-71.361086,0.0,Zamorano J. et al. (2019). TESS-W sky brightness network. Zenodo monthly archives. https://zenodo.org/records/3378728. CC0 1.0.,TESS station stars356; photometric inflection method; night median MSAS=17.94; MSAS at inflection=17.57; depression=11.87°; smoothing=5-pt median; dark rows=668
fajr,2020-08-07,05:43,-5,-29.983962,-70.988717,0.0,Zamorano J. et al. (2019). TESS-W sky brightness network. Zenodo monthly archives. https://zenodo.org/records/3378728. CC0 1.0.,TESS station stars359; photometric inflection method; night median MSAS=18.01; MSAS at inflection=17.08; depression=9.26°; smoothing=5-pt median; dark rows=695
isha,2020-08-07,18:02,-5,-29.983962,-70.988717,0.0,Zamorano J. et al. (2019). TESS-W sky brightness network. Zenodo monthly archives. https://zenodo.org/records/3378728. CC0 1.0.,TESS station stars359; photometric inflection method; night median MSAS=18.91; MSAS at inflection=17.87; depression=10.78°; smoothing=5-pt median; dark rows=666
fajr,2020-08-08,05:42,-5,-29.983962,-70.988717,0.0,Zamorano J. et al. (2019). TESS-W sky brightness network. Zenodo monthly archives. https://zenodo.org/records/3378728. CC0 1.0.,TESS station stars359; photometric inflection method; night median MSAS=18.91; MSAS at inflection=16.90; depression=9.32°; smoothing=5-pt median; dark rows=666
isha,2020-08-08,17:52,-5,-29.983962,-70.988717,0.0,Zamorano J. et al. (2019). TESS-W sky brightness network. Zenodo monthly archives. https://zenodo.org/records/3378728. CC0 1.0.,TESS station stars359; photometric inflection method; night median MSAS=18.05; MSAS at inflection=15.94; depression=8.55°; smoothing=5-pt median; dark rows=684
isha,2020-08-10,18:10,-5,-29.983962,-70.988717,0.0,Zamorano J. et al. (2019). TESS-W sky brightness network. Zenodo monthly archives. https://zenodo.org/records/3378728. CC0 1.0.,TESS station stars359; photometric inflection method; night median MSAS=20.60; MSAS at inflection=19.20; depression=12.10°; smoothing=5-pt median; dark rows=686
isha,2020-08-11,18:14,-5,-29.983962,-70.988717,0.0,Zamorano J. et al. (2019). TESS-W sky brightness network. Zenodo monthly archives. https://zenodo.org/records/3378728. CC0 1.0.,TESS station stars359; photometric inflection method; night median MSAS=20.56; MSAS at inflection=19.46; depression=12.77°; smoothing=5-pt median; dark rows=686
isha,2020-08-12,18:09,-5,-29.983962,-70.988717,0.0,Zamorano J. et al. (2019). TESS-W sky brightness network. Zenodo monthly archives. https://zenodo.org/records/3378728. CC0 1.0.,TESS station stars359; photometric inflection method; night median MSAS=20.79; MSAS at inflection=18.83; depression=11.64°; smoothing=5-pt median; dark rows=681
isha,2020-08-13,18:09,-5,-29.983962,-70.988717,0.0,Zamorano J. et al. (2019). TESS-W sky brightness network. Zenodo monthly archives. https://zenodo.org/records/3378728. CC0 1.0.,TESS station stars359; photometric inflection method; night median MSAS=18.92; MSAS at inflection=18.51; depression=11.46°; smoothing=5-pt median; dark rows=684
fajr,2020-08-18,05:36,-5,-29.983962,-70.988717,0.0,Zamorano J. et al. (2019). TESS-W sky brightness network. Zenodo monthly archives. https://zenodo.org/records/3378728. CC0 1.0.,TESS station stars359; photometric inflection method; night median MSAS=18.84; MSAS at inflection=17.22; depression=8.83°; smoothing=5-pt median; dark rows=679
fajr,2020-08-20,04:59,-5,-29.983962,-70.988717,0.0,Zamorano J. et al. (2019). TESS-W sky brightness network. Zenodo monthly archives. https://zenodo.org/records/3378728. CC0 1.0.,TESS station stars359; photometric inflection method; night median MSAS=21.27; MSAS at inflection=21.31; depression=16.25°; smoothing=5-pt median; dark rows=672
isha,2020-08-20,18:09,-5,-29.983962,-70.988717,0.0,Zamorano J. et al. (2019). TESS-W sky brightness network. Zenodo monthly archives. https://zenodo.org/records/3378728. CC0 1.0.,TESS station stars359; photometric inflection method; night median MSAS=19.11; MSAS at inflection=17.97; depression=10.86°; smoothing=5-pt median; dark rows=640
isha,2020-08-21,18:23,-5,-29.983962,-70.988717,0.0,Zamorano J. et al. (2019). TESS-W sky brightness network. Zenodo monthly archives. https://zenodo.org/records/3378728. CC0 1.0.,TESS station stars359; photometric inflection method; night median MSAS=20.56; MSAS at inflection=20.07; depression=13.78°; smoothing=5-pt median; dark rows=125
fajr,2020-08-21,19:01,-5,-29.983962,-70.988717,0.0,Zamorano J. et al. (2019). TESS-W sky brightness network. Zenodo monthly archives. https://zenodo.org/records/3378728. CC0 1.0.,TESS station stars359; photometric inflection method; night median MSAS=20.56; MSAS at inflection=20.57; depression=21.85°; smoothing=5-pt median; dark rows=125
isha,2020-08-22,18:05,-5,-29.983962,-70.988717,0.0,Zamorano J. et al. (2019). TESS-W sky brightness network. Zenodo monthly archives. https://zenodo.org/records/3378728. CC0 1.0.,TESS station stars359; photometric inflection method; night median MSAS=19.14; MSAS at inflection=17.14; depression=9.64°; smoothing=5-pt median; dark rows=671
fajr,2020-08-23,05:20,-5,-29.983962,-70.988717,0.0,Zamorano J. et al. (2019). TESS-W sky brightness network. Zenodo monthly archives. https://zenodo.org/records/3378728. CC0 1.0.,TESS station stars359; photometric inflection method; night median MSAS=19.14; MSAS at inflection=18.53; depression=11.22°; smoothing=5-pt median; dark rows=671
fajr,2020-08-24,05:15,-5,-29.983962,-70.988717,0.0,Zamorano J. et al. (2019). TESS-W sky brightness network. Zenodo monthly archives. https://zenodo.org/records/3378728. CC0 1.0.,TESS station stars359; photometric inflection method; night median MSAS=19.87; MSAS at inflection=19.18; depression=12.10°; smoothing=5-pt median; dark rows=668
isha,2020-08-25,19:02,-5,-29.983962,-70.988717,0.0,Zamorano J. et al. (2019). TESS-W sky brightness network. Zenodo monthly archives. https://zenodo.org/records/3378728. CC0 1.0.,TESS station stars359; photometric inflection method; night median MSAS=20.58; MSAS at inflection=18.29; depression=21.68°; smoothing=5-pt median; dark rows=635
fajr,2020-08-27,04:54,-5,-29.983962,-70.988717,0.0,Zamorano J. et al. (2019). TESS-W sky brightness network. Zenodo monthly archives. https://zenodo.org/records/3378728. CC0 1.0.,TESS station stars359; photometric inflection method; night median MSAS=20.19; MSAS at inflection=21.36; depression=15.92°; smoothing=5-pt median; dark rows=641
fajr,2020-08-29,05:19,-5,-29.983962,-70.988717,0.0,Zamorano J. et al. (2019). TESS-W sky brightness network. Zenodo monthly archives. https://zenodo.org/records/3378728. CC0 1.0.,TESS station stars359; photometric inflection method; night median MSAS=18.34; MSAS at inflection=18.09; depression=10.04°; smoothing=5-pt median; dark rows=655
isha,2020-08-01,19:15,10,-36.80537,144.67604,0.0,Zamorano J. et al. (2019). TESS-W sky brightness network. Zenodo monthly archives. https://zenodo.org/records/3378728. CC0 1.0.,TESS station stars361; photometric inflection method; night median MSAS=17.80; MSAS at inflection=18.10; depression=19.89°; smoothing=5-pt median; dark rows=718
isha,2020-08-02,18:07,10,-36.80537,144.67604,0.0,Zamorano J. et al. (2019). TESS-W sky brightness network. Zenodo monthly archives. https://zenodo.org/records/3378728. CC0 1.0.,TESS station stars361; photometric inflection method; night median MSAS=17.50; MSAS at inflection=17.31; depression=6.50°; smoothing=5-pt median; dark rows=716
isha,2020-08-04,18:20,10,-36.80537,144.67604,0.0,Zamorano J. et al. (2019). TESS-W sky brightness network. Zenodo monthly archives. https://zenodo.org/records/3378728. CC0 1.0.,TESS station stars361; photometric inflection method; night median MSAS=17.60; MSAS at inflection=19.42; depression=8.83°; smoothing=5-pt median; dark rows=715
fajr,2020-08-06,05:33,10,-36.80537,144.67604,0.0,Zamorano J. et al. (2019). TESS-W sky brightness network. Zenodo monthly archives. https://zenodo.org/records/3378728. CC0 1.0.,TESS station stars361; photometric inflection method; night median MSAS=18.00; MSAS at inflection=18.52; depression=20.56°; smoothing=5-pt median; dark rows=713
isha,2020-08-06,18:16,10,-36.80537,144.67604,0.0,Zamorano J. et al. (2019). TESS-W sky brightness network. Zenodo monthly archives. https://zenodo.org/records/3378728. CC0 1.0.,TESS station stars361; photometric inflection method; night median MSAS=17.82; MSAS at inflection=19.38; depression=7.65°; smoothing=5-pt median; dark rows=713
isha,2020-08-08,18:17,10,-36.80537,144.67604,0.0,Zamorano J. et al. (2019). TESS-W sky brightness network. Zenodo monthly archives. https://zenodo.org/records/3378728. CC0 1.0.,TESS station stars361; photometric inflection method; night median MSAS=19.76; MSAS at inflection=19.55; depression=7.71°; smoothing=5-pt median; dark rows=708
isha,2020-08-09,18:37,10,-36.80537,144.67604,0.0,Zamorano J. et al. (2019). TESS-W sky brightness network. Zenodo monthly archives. https://zenodo.org/records/3378728. CC0 1.0.,TESS station stars361; photometric inflection method; night median MSAS=19.39; MSAS at inflection=21.06; depression=11.37°; smoothing=5-pt median; dark rows=706
isha,2020-08-11,18:28,10,-36.80537,144.67604,0.0,Zamorano J. et al. (2019). TESS-W sky brightness network. Zenodo monthly archives. https://zenodo.org/records/3378728. CC0 1.0.,TESS station stars361; photometric inflection method; night median MSAS=20.79; MSAS at inflection=20.63; depression=9.47°; smoothing=5-pt median; dark rows=702
isha,2020-08-12,18:16,10,-36.80537,144.67604,0.0,Zamorano J. et al. (2019). TESS-W sky brightness network. Zenodo monthly archives. https://zenodo.org/records/3378728. CC0 1.0.,TESS station stars361; photometric inflection method; night median MSAS=20.98; MSAS at inflection=18.63; depression=6.83°; smoothing=5-pt median; dark rows=684
isha,2020-08-13,18:28,10,-36.80537,144.67604,0.0,Zamorano J. et al. (2019). TESS-W sky brightness network. Zenodo monthly archives. https://zenodo.org/records/3378728. CC0 1.0.,TESS station stars361; photometric inflection method; night median MSAS=21.26; MSAS at inflection=20.47; depression=9.02°; smoothing=5-pt median; dark rows=662
isha,2020-08-14,18:41,10,-36.80537,144.67604,0.0,Zamorano J. et al. (2019). TESS-W sky brightness network. Zenodo monthly archives. https://zenodo.org/records/3378728. CC0 1.0.,TESS station stars361; photometric inflection method; night median MSAS=21.59; MSAS at inflection=21.12; depression=11.42°; smoothing=5-pt median; dark rows=696
isha,2020-08-16,18:27,10,-36.80537,144.67604,0.0,Zamorano J. et al. (2019). TESS-W sky brightness network. Zenodo monthly archives. https://zenodo.org/records/3378728. CC0 1.0.,TESS station stars361; photometric inflection method; night median MSAS=21.47; MSAS at inflection=19.92; depression=8.53°; smoothing=5-pt median; dark rows=693
isha,2020-08-17,18:28,10,-36.80537,144.67604,0.0,Zamorano J. et al. (2019). TESS-W sky brightness network. Zenodo monthly archives. https://zenodo.org/records/3378728. CC0 1.0.,TESS station stars361; photometric inflection method; night median MSAS=21.50; MSAS at inflection=20.22; depression=8.53°; smoothing=5-pt median; dark rows=693
fajr,2020-08-18,05:22,10,-36.80537,144.67604,0.0,Zamorano J. et al. (2019). TESS-W sky brightness network. Zenodo monthly archives. https://zenodo.org/records/3378728. CC0 1.0.,TESS station stars361; photometric inflection method; night median MSAS=21.50; MSAS at inflection=20.64; depression=20.27°; smoothing=5-pt median; dark rows=693
isha,2020-08-18,18:45,10,-36.80537,144.67604,0.0,Zamorano J. et al. (2019). TESS-W sky brightness network. Zenodo monthly archives. https://zenodo.org/records/3378728. CC0 1.0.,TESS station stars361; photometric inflection method; night median MSAS=21.38; MSAS at inflection=20.81; depression=11.78°; smoothing=5-pt median; dark rows=689
isha,2020-08-19,18:44,10,-36.80537,144.67604,0.0,Zamorano J. et al. (2019). TESS-W sky brightness network. Zenodo monthly archives. https://zenodo.org/records/3378728. CC0 1.0.,TESS station stars361; photometric inflection method; night median MSAS=21.67; MSAS at inflection=20.96; depression=11.35°; smoothing=5-pt median; dark rows=689
fajr,2020-08-20,05:27,10,-36.80537,144.67604,0.0,Zamorano J. et al. (2019). TESS-W sky brightness network. Zenodo monthly archives. https://zenodo.org/records/3378728. CC0 1.0.,TESS station stars361; photometric inflection method; night median MSAS=21.67; MSAS at inflection=19.37; depression=18.73°; smoothing=5-pt median; dark rows=689
isha,2020-08-20,19:04,10,-36.80537,144.67604,0.0,Zamorano J. et al. (2019). TESS-W sky brightness network. Zenodo monthly archives. https://zenodo.org/records/3378728. CC0 1.0.,TESS station stars361; photometric inflection method; night median MSAS=21.70; MSAS at inflection=20.95; depression=15.24°; smoothing=5-pt median; dark rows=688
isha,2020-08-21,18:22,10,-36.80537,144.67604,0.0,Zamorano J. et al. (2019). TESS-W sky brightness network. Zenodo monthly archives. https://zenodo.org/records/3378728. CC0 1.0.,TESS station stars361; photometric inflection method; night median MSAS=21.53; MSAS at inflection=19.09; depression=6.75°; smoothing=5-pt median; dark rows=684
fajr,2020-08-24,05:08,10,-36.80537,144.67604,0.0,Zamorano J. et al. (2019). TESS-W sky brightness network. Zenodo monthly archives. https://zenodo.org/records/3378728. CC0 1.0.,TESS station stars361; photometric inflection method; night median MSAS=21.53; MSAS at inflection=21.36; depression=21.52°; smoothing=5-pt median; dark rows=682
isha,2020-08-25,19:10,10,-36.80537,144.67604,0.0,Zamorano J. et al. (2019). TESS-W sky brightness network. Zenodo monthly archives. https://zenodo.org/records/3378728. CC0 1.0.,TESS station stars361; photometric inflection method; night median MSAS=21.12; MSAS at inflection=19.11; depression=15.65°; smoothing=5-pt median; dark rows=676
isha,2020-08-26,19:32,10,-36.80537,144.67604,0.0,Zamorano J. et al. (2019). TESS-W sky brightness network. Zenodo monthly archives. https://zenodo.org/records/3378728. CC0 1.0.,TESS station stars361; photometric inflection method; night median MSAS=20.25; MSAS at inflection=17.90; depression=19.97°; smoothing=5-pt median; dark rows=675
fajr,2020-08-29,05:25,10,-36.80537,144.67604,0.0,Zamorano J. et al. (2019). TESS-W sky brightness network. Zenodo monthly archives. https://zenodo.org/records/3378728. CC0 1.0.,TESS station stars361; photometric inflection method; night median MSAS=18.69; MSAS at inflection=18.03; depression=16.89°; smoothing=5-pt median; dark rows=671
isha,2020-08-29,19:35,10,-36.80537,144.67604,0.0,Zamorano J. et al. (2019). TESS-W sky brightness network. Zenodo monthly archives. https://zenodo.org/records/3378728. CC0 1.0.,TESS station stars361; photometric inflection method; night median MSAS=18.09; MSAS at inflection=16.64; depression=20.14°; smoothing=5-pt median; dark rows=668
isha,2020-08-30,18:27,10,-36.80537,144.67604,0.0,Zamorano J. et al. (2019). TESS-W sky brightness network. Zenodo monthly archives. https://zenodo.org/records/3378728. CC0 1.0.,TESS station stars361; photometric inflection method; night median MSAS=17.83; MSAS at inflection=18.10; depression=6.37°; smoothing=5-pt median; dark rows=667
isha,2020-08-01,18:13,2,-24.995677,31.588355,0.0,Zamorano J. et al. (2019). TESS-W sky brightness network. Zenodo monthly archives. https://zenodo.org/records/3378728. CC0 1.0.,TESS station stars367; photometric inflection method; night median MSAS=17.54; MSAS at inflection=17.21; depression=10.46°; smoothing=5-pt median; dark rows=691
isha,2020-08-06,18:24,2,-24.995677,31.588355,0.0,Zamorano J. et al. (2019). TESS-W sky brightness network. Zenodo monthly archives. https://zenodo.org/records/3378728. CC0 1.0.,TESS station stars367; photometric inflection method; night median MSAS=18.56; MSAS at inflection=19.52; depression=12.49°; smoothing=5-pt median; dark rows=688
fajr,2020-08-07,05:09,2,-24.995677,31.588355,0.0,Zamorano J. et al. (2019). TESS-W sky brightness network. Zenodo monthly archives. https://zenodo.org/records/3378728. CC0 1.0.,TESS station stars367; photometric inflection method; night median MSAS=18.56; MSAS at inflection=18.22; depression=17.87°; smoothing=5-pt median; dark rows=688
fajr,2020-08-15,05:25,2,-24.995677,31.588355,0.0,Zamorano J. et al. (2019). TESS-W sky brightness network. Zenodo monthly archives. https://zenodo.org/records/3378728. CC0 1.0.,TESS station stars367; photometric inflection method; night median MSAS=21.03; MSAS at inflection=20.09; depression=13.12°; smoothing=5-pt median; dark rows=659
isha,2020-08-15,18:36,2,-24.995677,31.588355,0.0,Zamorano J. et al. (2019). TESS-W sky brightness network. Zenodo monthly archives. https://zenodo.org/records/3378728. CC0 1.0.,TESS station stars367; photometric inflection method; night median MSAS=21.19; MSAS at inflection=20.32; depression=14.34°; smoothing=5-pt median; dark rows=659
fajr,2020-08-16,05:14,2,-24.995677,31.588355,0.0,Zamorano J. et al. (2019). TESS-W sky brightness network. Zenodo monthly archives. https://zenodo.org/records/3378728. CC0 1.0.,TESS station stars367; photometric inflection method; night median MSAS=21.19; MSAS at inflection=21.10; depression=15.40°; smoothing=5-pt median; dark rows=659
isha,2020-08-19,19:01,2,-24.995677,31.588355,0.0,Zamorano J. et al. (2019). TESS-W sky brightness network. Zenodo monthly archives. https://zenodo.org/records/3378728. CC0 1.0.,TESS station stars367; photometric inflection method; night median MSAS=21.29; MSAS at inflection=20.95; depression=19.71°; smoothing=5-pt median; dark rows=669
fajr,2020-08-20,05:27,2,-24.995677,31.588355,0.0,Zamorano J. et al. (2019). TESS-W sky brightness network. Zenodo monthly archives. https://zenodo.org/records/3378728. CC0 1.0.,TESS station stars367; photometric inflection method; night median MSAS=21.29; MSAS at inflection=19.27; depression=11.65°; smoothing=5-pt median; dark rows=669
isha,2020-08-20,18:35,2,-24.995677,31.588355,0.0,Zamorano J. et al. (2019). TESS-W sky brightness network. Zenodo monthly archives. https://zenodo.org/records/3378728. CC0 1.0.,TESS station stars367; photometric inflection method; night median MSAS=20.81; MSAS at inflection=20.40; depression=13.85°; smoothing=5-pt median; dark rows=195
isha,2020-08-28,18:23,2,-24.995677,31.588355,0.0,Zamorano J. et al. (2019). TESS-W sky brightness network. Zenodo monthly archives. https://zenodo.org/records/3378728. CC0 1.0.,TESS station stars367; photometric inflection method; night median MSAS=17.83; MSAS at inflection=16.71; depression=10.41°; smoothing=5-pt median; dark rows=649
isha,2020-08-29,18:11,2,-24.995677,31.588355,0.0,Zamorano J. et al. (2019). TESS-W sky brightness network. Zenodo monthly archives. https://zenodo.org/records/3378728. CC0 1.0.,TESS station stars367; photometric inflection method; night median MSAS=18.80; MSAS at inflection=16.42; depression=7.60°; smoothing=5-pt median; dark rows=640
fajr,2020-08-30,05:26,2,-24.995677,31.588355,0.0,Zamorano J. et al. (2019). TESS-W sky brightness network. Zenodo monthly archives. https://zenodo.org/records/3378728. CC0 1.0.,TESS station stars367; photometric inflection method; night median MSAS=18.80; MSAS at inflection=19.82; depression=10.07°; smoothing=5-pt median; dark rows=640
fajr,2020-08-31,05:35,2,-24.995677,31.588355,0.0,Zamorano J. et al. (2019). TESS-W sky brightness network. Zenodo monthly archives. https://zenodo.org/records/3378728. CC0 1.0.,TESS station stars367; photometric inflection method; night median MSAS=17.85; MSAS at inflection=16.96; depression=7.64°; smoothing=5-pt median; dark rows=642
isha,2020-08-01,22:36,1,50.137403,9.160547,0.0,Zamorano J. et al. (2019). TESS-W sky brightness network. Zenodo monthly archives. https://zenodo.org/records/3378728. CC0 1.0.,TESS station stars369; photometric inflection method; night median MSAS=18.45; MSAS at inflection=18.43; depression=17.72°; smoothing=5-pt median; dark rows=384
fajr,2020-08-02,03:58,1,50.137403,9.160547,0.0,Zamorano J. et al. (2019). TESS-W sky brightness network. Zenodo monthly archives. https://zenodo.org/records/3378728. CC0 1.0.,TESS station stars369; photometric inflection method; night median MSAS=18.45; MSAS at inflection=17.45; depression=8.08°; smoothing=5-pt median; dark rows=384
isha,2020-08-02,21:51,1,50.137403,9.160547,0.0,Zamorano J. et al. (2019). TESS-W sky brightness network. Zenodo monthly archives. https://zenodo.org/records/3378728. CC0 1.0.,TESS station stars369; photometric inflection method; night median MSAS=18.30; MSAS at inflection=17.94; depression=13.93°; smoothing=5-pt median; dark rows=389
fajr,2020-08-03,01:21,1,50.137403,9.160547,0.0,Zamorano J. et al. (2019). TESS-W sky brightness network. Zenodo monthly archives. https://zenodo.org/records/3378728. CC0 1.0.,TESS station stars369; photometric inflection method; night median MSAS=18.30; MSAS at inflection=18.04; depression=21.45°; smoothing=5-pt median; dark rows=389
isha,2020-08-09,22:33,1,50.137403,9.160547,0.0,Zamorano J. et al. (2019). TESS-W sky brightness network. Zenodo monthly archives. https://zenodo.org/records/3378728. CC0 1.0.,TESS station stars369; photometric inflection method; night median MSAS=19.26; MSAS at inflection=20.23; depression=19.60°; smoothing=5-pt median; dark rows=415
isha,2020-08-10,21:12,1,50.137403,9.160547,0.0,Zamorano J. et al. (2019). TESS-W sky brightness network. Zenodo monthly archives. https://zenodo.org/records/3378728. CC0 1.0.,TESS station stars369; photometric inflection method; night median MSAS=19.41; MSAS at inflection=18.77; depression=11.78°; smoothing=5-pt median; dark rows=418
isha,2020-08-12,20:59,1,50.137403,9.160547,0.0,Zamorano J. et al. (2019). TESS-W sky brightness network. Zenodo monthly archives. https://zenodo.org/records/3378728. CC0 1.0.,TESS station stars369; photometric inflection method; night median MSAS=19.51; MSAS at inflection=18.20; depression=10.70°; smoothing=5-pt median; dark rows=427
fajr,2020-08-13,03:49,1,50.137403,9.160547,0.0,Zamorano J. et al. (2019). TESS-W sky brightness network. Zenodo monthly archives. https://zenodo.org/records/3378728. CC0 1.0.,TESS station stars369; photometric inflection method; night median MSAS=19.51; MSAS at inflection=18.25; depression=11.69°; smoothing=5-pt median; dark rows=427
isha,2020-08-13,20:46,1,50.137403,9.160547,0.0,Zamorano J. et al. (2019). TESS-W sky brightness network. Zenodo monthly archives. https://zenodo.org/records/3378728. CC0 1.0.,TESS station stars369; photometric inflection method; night median MSAS=18.79; MSAS at inflection=17.20; depression=9.41°; smoothing=5-pt median; dark rows=432
fajr,2020-08-14,04:15,1,50.137403,9.160547,0.0,Zamorano J. et al. (2019). TESS-W sky brightness network. Zenodo monthly archives. https://zenodo.org/records/3378728. CC0 1.0.,TESS station stars369; photometric inflection method; night median MSAS=18.79; MSAS at inflection=17.14; depression=8.65°; smoothing=5-pt median; dark rows=432
isha,2020-08-14,22:25,1,50.137403,9.160547,0.0,Zamorano J. et al. (2019). TESS-W sky brightness network. Zenodo monthly archives. https://zenodo.org/records/3378728. CC0 1.0.,TESS station stars369; photometric inflection method; night median MSAS=19.65; MSAS at inflection=18.98; depression=20.43°; smoothing=5-pt median; dark rows=435
isha,2020-08-15,20:59,1,50.137403,9.160547,0.0,Zamorano J. et al. (2019). TESS-W sky brightness network. Zenodo monthly archives. https://zenodo.org/records/3378728. CC0 1.0.,TESS station stars369; photometric inflection method; night median MSAS=20.62; MSAS at inflection=19.26; depression=11.60°; smoothing=5-pt median; dark rows=440
isha,2020-08-16,20:58,1,50.137403,9.160547,0.0,Zamorano J. et al. (2019). TESS-W sky brightness network. Zenodo monthly archives. https://zenodo.org/records/3378728. CC0 1.0.,TESS station stars369; photometric inflection method; night median MSAS=19.05; MSAS at inflection=19.56; depression=11.82°; smoothing=5-pt median; dark rows=444
fajr,2020-08-17,04:27,1,50.137403,9.160547,0.0,Zamorano J. et al. (2019). TESS-W sky brightness network. Zenodo monthly archives. https://zenodo.org/records/3378728. CC0 1.0.,TESS station stars369; photometric inflection method; night median MSAS=19.05; MSAS at inflection=17.72; depression=7.76°; smoothing=5-pt median; dark rows=444
isha,2020-08-17,20:54,1,50.137403,9.160547,0.0,Zamorano J. et al. (2019). TESS-W sky brightness network. Zenodo monthly archives. https://zenodo.org/records/3378728. CC0 1.0.,TESS station stars369; photometric inflection method; night median MSAS=20.08; MSAS at inflection=19.07; depression=11.51°; smoothing=5-pt median; dark rows=448
fajr,2020-08-18,03:16,1,50.137403,9.160547,0.0,Zamorano J. et al. (2019). TESS-W sky brightness network. Zenodo monthly archives. https://zenodo.org/records/3378728. CC0 1.0.,TESS station stars369; photometric inflection method; night median MSAS=20.08; MSAS at inflection=19.62; depression=16.78°; smoothing=5-pt median; dark rows=448
isha,2020-08-18,21:36,1,50.137403,9.160547,0.0,Zamorano J. et al. (2019). TESS-W sky brightness network. Zenodo monthly archives. https://zenodo.org/records/3378728. CC0 1.0.,TESS station stars369; photometric inflection method; night median MSAS=20.55; MSAS at inflection=20.69; depression=16.91°; smoothing=5-pt median; dark rows=381
isha,2020-08-19,21:20,1,50.137403,9.160547,0.0,Zamorano J. et al. (2019). TESS-W sky brightness network. Zenodo monthly archives. https://zenodo.org/records/3378728. CC0 1.0.,TESS station stars369; photometric inflection method; night median MSAS=19.35; MSAS at inflection=19.98; depression=15.38°; smoothing=5-pt median; dark rows=456
fajr,2020-08-20,04:18,1,50.137403,9.160547,0.0,Zamorano J. et al. (2019). TESS-W sky brightness network. Zenodo monthly archives. https://zenodo.org/records/3378728. CC0 1.0.,TESS station stars369; photometric inflection method; night median MSAS=19.35; MSAS at inflection=17.47; depression=9.69°; smoothing=5-pt median; dark rows=456
fajr,2020-08-21,04:13,1,50.137403,9.160547,0.0,Zamorano J. et al. (2019). TESS-W sky brightness network. Zenodo monthly archives. https://zenodo.org/records/3378728. CC0 1.0.,TESS station stars369; photometric inflection method; night median MSAS=20.71; MSAS at inflection=18.48; depression=10.63°; smoothing=5-pt median; dark rows=460
isha,2020-08-21,21:51,1,50.137403,9.160547,0.0,Zamorano J. et al. (2019). TESS-W sky brightness network. Zenodo monthly archives. https://zenodo.org/records/3378728. CC0 1.0.,TESS station stars369; photometric inflection method; night median MSAS=18.92; MSAS at inflection=19.84; depression=19.48°; smoothing=5-pt median; dark rows=464
fajr,2020-08-22,04:40,1,50.137403,9.160547,0.0,Zamorano J. et al. (2019). TESS-W sky brightness network. Zenodo monthly archives. https://zenodo.org/records/3378728. CC0 1.0.,TESS station stars369; photometric inflection method; night median MSAS=18.92; MSAS at inflection=16.45; depression=7.16°; smoothing=5-pt median; dark rows=464
isha,2020-08-22,21:33,1,50.137403,9.160547,0.0,Zamorano J. et al. (2019). TESS-W sky brightness network. Zenodo monthly archives. https://zenodo.org/records/3378728. CC0 1.0.,TESS station stars369; photometric inflection method; night median MSAS=19.79; MSAS at inflection=19.15; depression=17.84°; smoothing=5-pt median; dark rows=469
fajr,2020-08-23,02:41,1,50.137403,9.160547,0.0,Zamorano J. et al. (2019). TESS-W sky brightness network. Zenodo monthly archives. https://zenodo.org/records/3378728. CC0 1.0.,TESS station stars369; photometric inflection method; night median MSAS=19.79; MSAS at inflection=19.61; depression=21.79°; smoothing=5-pt median; dark rows=469
isha,2020-08-25,21:32,1,50.137403,9.160547,0.0,Zamorano J. et al. (2019). TESS-W sky brightness network. Zenodo monthly archives. https://zenodo.org/records/3378728. CC0 1.0.,TESS station stars369; photometric inflection method; night median MSAS=19.73; MSAS at inflection=19.21; depression=18.72°; smoothing=5-pt median; dark rows=480
fajr,2020-08-27,04:29,1,50.137403,9.160547,0.0,Zamorano J. et al. (2019). TESS-W sky brightness network. Zenodo monthly archives. https://zenodo.org/records/3378728. CC0 1.0.,TESS station stars369; photometric inflection method; night median MSAS=19.74; MSAS at inflection=17.97; depression=9.99°; smoothing=5-pt median; dark rows=484
isha,2020-08-27,21:51,1,50.137403,9.160547,0.0,Zamorano J. et al. (2019). TESS-W sky brightness network. Zenodo monthly archives. https://zenodo.org/records/3378728. CC0 1.0.,TESS station stars369; photometric inflection method; night median MSAS=19.42; MSAS at inflection=19.36; depression=21.55°; smoothing=5-pt median; dark rows=489
fajr,2020-08-28,03:05,1,50.137403,9.160547,0.0,Zamorano J. et al. (2019). TESS-W sky brightness network. Zenodo monthly archives. https://zenodo.org/records/3378728. CC0 1.0.,TESS station stars369; photometric inflection method; night median MSAS=19.42; MSAS at inflection=19.79; depression=20.75°; smoothing=5-pt median; dark rows=489
isha,2020-08-28,20:21,1,50.137403,9.160547,0.0,Zamorano J. et al. (2019). TESS-W sky brightness network. Zenodo monthly archives. https://zenodo.org/records/3378728. CC0 1.0.,TESS station stars369; photometric inflection method; night median MSAS=19.78; MSAS at inflection=17.42; depression=10.62°; smoothing=5-pt median; dark rows=493
fajr,2020-08-29,04:02,1,50.137403,9.160547,0.0,Zamorano J. et al. (2019). TESS-W sky brightness network. Zenodo monthly archives. https://zenodo.org/records/3378728. CC0 1.0.,TESS station stars369; photometric inflection method; night median MSAS=19.78; MSAS at inflection=20.05; depression=14.14°; smoothing=5-pt median; dark rows=493
isha,2020-08-29,20:16,1,50.137403,9.160547,0.0,Zamorano J. et al. (2019). TESS-W sky brightness network. Zenodo monthly archives. https://zenodo.org/records/3378728. CC0 1.0.,TESS station stars369; photometric inflection method; night median MSAS=18.81; MSAS at inflection=17.10; depression=10.26°; smoothing=5-pt median; dark rows=496
fajr,2020-08-31,04:20,1,50.137403,9.160547,0.0,Zamorano J. et al. (2019). TESS-W sky brightness network. Zenodo monthly archives. https://zenodo.org/records/3378728. CC0 1.0.,TESS station stars369; photometric inflection method; night median MSAS=18.53; MSAS at inflection=18.90; depression=12.20°; smoothing=5-pt median; dark rows=500
isha,2020-08-31,21:20,1,50.137403,9.160547,0.0,Zamorano J. et al. (2019). TESS-W sky brightness network. Zenodo monthly archives. https://zenodo.org/records/3378728. CC0 1.0.,TESS station stars369; photometric inflection method; night median MSAS=17.88; MSAS at inflection=17.80; depression=19.46°; smoothing=5-pt median; dark rows=286
isha,2020-08-05,18:04,12,-41.236167,175.483528,0.0,Zamorano J. et al. (2019). TESS-W sky brightness network. Zenodo monthly archives. https://zenodo.org/records/3378728. CC0 1.0.,TESS station stars373; photometric inflection method; night median MSAS=17.98; MSAS at inflection=15.55; depression=7.46°; smoothing=5-pt median; dark rows=724
fajr,2020-08-06,06:32,12,-41.236167,175.483528,0.0,Zamorano J. et al. (2019). TESS-W sky brightness network. Zenodo monthly archives. https://zenodo.org/records/3378728. CC0 1.0.,TESS station stars373; photometric inflection method; night median MSAS=17.98; MSAS at inflection=16.98; depression=9.31°; smoothing=5-pt median; dark rows=724
isha,2020-08-06,18:15,12,-41.236167,175.483528,0.0,Zamorano J. et al. (2019). TESS-W sky brightness network. Zenodo monthly archives. https://zenodo.org/records/3378728. CC0 1.0.,TESS station stars373; photometric inflection method; night median MSAS=17.75; MSAS at inflection=17.58; depression=9.32°; smoothing=5-pt median; dark rows=721
fajr,2020-08-07,06:30,12,-41.236167,175.483528,0.0,Zamorano J. et al. (2019). TESS-W sky brightness network. Zenodo monthly archives. https://zenodo.org/records/3378728. CC0 1.0.,TESS station stars373; photometric inflection method; night median MSAS=17.75; MSAS at inflection=17.36; depression=9.45°; smoothing=5-pt median; dark rows=721
isha,2020-08-07,18:10,12,-41.236167,175.483528,0.0,Zamorano J. et al. (2019). TESS-W sky brightness network. Zenodo monthly archives. https://zenodo.org/records/3378728. CC0 1.0.,TESS station stars373; photometric inflection method; night median MSAS=18.11; MSAS at inflection=16.33; depression=8.15°; smoothing=5-pt median; dark rows=721
fajr,2020-08-08,06:24,12,-41.236167,175.483528,0.0,Zamorano J. et al. (2019). TESS-W sky brightness network. Zenodo monthly archives. https://zenodo.org/records/3378728. CC0 1.0.,TESS station stars373; photometric inflection method; night median MSAS=18.11; MSAS at inflection=17.49; depression=10.36°; smoothing=5-pt median; dark rows=721
isha,2020-08-08,18:51,12,-41.236167,175.483528,0.0,Zamorano J. et al. (2019). TESS-W sky brightness network. Zenodo monthly archives. https://zenodo.org/records/3378728. CC0 1.0.,TESS station stars373; photometric inflection method; night median MSAS=19.47; MSAS at inflection=21.01; depression=15.69°; smoothing=5-pt median; dark rows=719
isha,2020-08-10,18:35,12,-41.236167,175.483528,0.0,Zamorano J. et al. (2019). TESS-W sky brightness network. Zenodo monthly archives. https://zenodo.org/records/3378728. CC0 1.0.,TESS station stars373; photometric inflection method; night median MSAS=20.79; MSAS at inflection=19.87; depression=12.39°; smoothing=5-pt median; dark rows=715
fajr,2020-08-12,05:37,12,-41.236167,175.483528,0.0,Zamorano J. et al. (2019). TESS-W sky brightness network. Zenodo monthly archives. https://zenodo.org/records/3378728. CC0 1.0.,TESS station stars373; photometric inflection method; night median MSAS=21.06; MSAS at inflection=19.74; depression=18.40°; smoothing=5-pt median; dark rows=711
isha,2020-08-12,18:34,12,-41.236167,175.483528,0.0,Zamorano J. et al. (2019). TESS-W sky brightness network. Zenodo monthly archives. https://zenodo.org/records/3378728. CC0 1.0.,TESS station stars373; photometric inflection method; night median MSAS=20.91; MSAS at inflection=19.44; depression=11.85°; smoothing=5-pt median; dark rows=710
fajr,2020-08-13,06:00,12,-41.236167,175.483528,0.0,Zamorano J. et al. (2019). TESS-W sky brightness network. Zenodo monthly archives. https://zenodo.org/records/3378728. CC0 1.0.,TESS station stars373; photometric inflection method; night median MSAS=20.91; MSAS at inflection=20.34; depression=13.77°; smoothing=5-pt median; dark rows=710
fajr,2020-08-14,06:11,12,-41.236167,175.483528,0.0,Zamorano J. et al. (2019). TESS-W sky brightness network. Zenodo monthly archives. https://zenodo.org/records/3378728. CC0 1.0.,TESS station stars373; photometric inflection method; night median MSAS=21.10; MSAS at inflection=19.00; depression=11.44°; smoothing=5-pt median; dark rows=682
fajr,2020-08-15,06:06,12,-41.236167,175.483528,0.0,Zamorano J. et al. (2019). TESS-W sky brightness network. Zenodo monthly archives. https://zenodo.org/records/3378728. CC0 1.0.,TESS station stars373; photometric inflection method; night median MSAS=21.37; MSAS at inflection=20.06; depression=12.12°; smoothing=5-pt median; dark rows=704
fajr,2020-08-17,05:53,12,-41.236167,175.483528,0.0,Zamorano J. et al. (2019). TESS-W sky brightness network. Zenodo monthly archives. https://zenodo.org/records/3378728. CC0 1.0.,TESS station stars373; photometric inflection method; night median MSAS=21.44; MSAS at inflection=20.85; depression=14.13°; smoothing=5-pt median; dark rows=700
isha,2020-08-17,18:37,12,-41.236167,175.483528,0.0,Zamorano J. et al. (2019). TESS-W sky brightness network. Zenodo monthly archives. https://zenodo.org/records/3378728. CC0 1.0.,TESS station stars373; photometric inflection method; night median MSAS=21.57; MSAS at inflection=19.39; depression=11.47°; smoothing=5-pt median; dark rows=700
fajr,2020-08-18,05:51,12,-41.236167,175.483528,0.0,Zamorano J. et al. (2019). TESS-W sky brightness network. Zenodo monthly archives. https://zenodo.org/records/3378728. CC0 1.0.,TESS station stars373; photometric inflection method; night median MSAS=21.57; MSAS at inflection=21.19; depression=14.34°; smoothing=5-pt median; dark rows=700
isha,2020-08-18,18:42,12,-41.236167,175.483528,0.0,Zamorano J. et al. (2019). TESS-W sky brightness network. Zenodo monthly archives. https://zenodo.org/records/3378728. CC0 1.0.,TESS station stars373; photometric inflection method; night median MSAS=21.48; MSAS at inflection=20.06; depression=12.33°; smoothing=5-pt median; dark rows=694
fajr,2020-08-19,06:08,12,-41.236167,175.483528,0.0,Zamorano J. et al. (2019). TESS-W sky brightness network. Zenodo monthly archives. https://zenodo.org/records/3378728. CC0 1.0.,TESS station stars373; photometric inflection method; night median MSAS=21.48; MSAS at inflection=19.14; depression=10.89°; smoothing=5-pt median; dark rows=694
isha,2020-08-20,19:08,12,-41.236167,175.483528,0.0,Zamorano J. et al. (2019). TESS-W sky brightness network. Zenodo monthly archives. https://zenodo.org/records/3378728. CC0 1.0.,TESS station stars373; photometric inflection method; night median MSAS=21.51; MSAS at inflection=20.72; depression=16.81°; smoothing=5-pt median; dark rows=686
isha,2020-08-21,18:50,12,-41.236167,175.483528,0.0,Zamorano J. et al. (2019). TESS-W sky brightness network. Zenodo monthly archives. https://zenodo.org/records/3378728. CC0 1.0.,TESS station stars373; photometric inflection method; night median MSAS=21.43; MSAS at inflection=20.40; depression=13.34°; smoothing=5-pt median; dark rows=689
isha,2020-08-25,19:40,12,-41.236167,175.483528,0.0,Zamorano J. et al. (2019). TESS-W sky brightness network. Zenodo monthly archives. https://zenodo.org/records/3378728. CC0 1.0.,TESS station stars373; photometric inflection method; night median MSAS=20.46; MSAS at inflection=18.92; depression=21.95°; smoothing=5-pt median; dark rows=682
fajr,2020-08-28,05:58,12,-41.236167,175.483528,0.0,Zamorano J. et al. (2019). TESS-W sky brightness network. Zenodo monthly archives. https://zenodo.org/records/3378728. CC0 1.0.,TESS station stars373; photometric inflection method; night median MSAS=19.55; MSAS at inflection=18.49; depression=10.36°; smoothing=5-pt median; dark rows=675
fajr,2020-08-29,05:58,12,-41.236167,175.483528,0.0,Zamorano J. et al. (2019). TESS-W sky brightness network. Zenodo monthly archives. https://zenodo.org/records/3378728. CC0 1.0.,TESS station stars373; photometric inflection method; night median MSAS=18.21; MSAS at inflection=18.00; depression=10.00°; smoothing=5-pt median; dark rows=675
isha,2020-08-29,18:53,12,-41.236167,175.483528,0.0,Zamorano J. et al. (2019). TESS-W sky brightness network. Zenodo monthly archives. https://zenodo.org/records/3378728. CC0 1.0.,TESS station stars373; photometric inflection method; night median MSAS=18.26; MSAS at inflection=18.01; depression=12.45°; smoothing=5-pt median; dark rows=670
isha,2020-08-30,18:34,12,-41.236167,175.483528,0.0,Zamorano J. et al. (2019). TESS-W sky brightness network. Zenodo monthly archives. https://zenodo.org/records/3378728. CC0 1.0.,TESS station stars373; photometric inflection method; night median MSAS=18.03; MSAS at inflection=16.44; depression=8.85°; smoothing=5-pt median; dark rows=669
fajr,2020-08-31,05:45,12,-41.236167,175.483528,0.0,Zamorano J. et al. (2019). TESS-W sky brightness network. Zenodo monthly archives. https://zenodo.org/records/3378728. CC0 1.0.,TESS station stars373; photometric inflection method; night median MSAS=18.03; MSAS at inflection=19.53; depression=11.89°; smoothing=5-pt median; dark rows=669
isha,2020-08-06,18:16,12,-40.993444,175.619639,0.0,Zamorano J. et al. (2019). TESS-W sky brightness network. Zenodo monthly archives. https://zenodo.org/records/3378728. CC0 1.0.,TESS station stars375; photometric inflection method; night median MSAS=17.54; MSAS at inflection=17.41; depression=9.56°; smoothing=5-pt median; dark rows=725
fajr,2020-08-07,06:32,12,-40.993444,175.619639,0.0,Zamorano J. et al. (2019). TESS-W sky brightness network. Zenodo monthly archives. https://zenodo.org/records/3378728. CC0 1.0.,TESS station stars375; photometric inflection method; night median MSAS=17.54; MSAS at inflection=17.26; depression=9.02°; smoothing=5-pt median; dark rows=725
isha,2020-08-07,19:10,12,-40.993444,175.619639,0.0,Zamorano J. et al. (2019). TESS-W sky brightness network. Zenodo monthly archives. https://zenodo.org/records/3378728. CC0 1.0.,TESS station stars375; photometric inflection method; night median MSAS=18.12; MSAS at inflection=20.12; depression=19.48°; smoothing=5-pt median; dark rows=722
fajr,2020-08-08,06:35,12,-40.993444,175.619639,0.0,Zamorano J. et al. (2019). TESS-W sky brightness network. Zenodo monthly archives. https://zenodo.org/records/3378728. CC0 1.0.,TESS station stars375; photometric inflection method; night median MSAS=18.12; MSAS at inflection=16.74; depression=8.21°; smoothing=5-pt median; dark rows=722
isha,2020-08-08,18:49,12,-40.993444,175.619639,0.0,Zamorano J. et al. (2019). TESS-W sky brightness network. Zenodo monthly archives. https://zenodo.org/records/3378728. CC0 1.0.,TESS station stars375; photometric inflection method; night median MSAS=19.10; MSAS at inflection=20.70; depression=15.31°; smoothing=5-pt median; dark rows=718
isha,2020-08-10,18:24,12,-40.993444,175.619639,0.0,Zamorano J. et al. (2019). TESS-W sky brightness network. Zenodo monthly archives. https://zenodo.org/records/3378728. CC0 1.0.,TESS station stars375; photometric inflection method; night median MSAS=20.64; MSAS at inflection=18.23; depression=10.43°; smoothing=5-pt median; dark rows=714
fajr,2020-08-13,06:13,12,-40.993444,175.619639,0.0,Zamorano J. et al. (2019). TESS-W sky brightness network. Zenodo monthly archives. https://zenodo.org/records/3378728. CC0 1.0.,TESS station stars375; photometric inflection method; night median MSAS=20.60; MSAS at inflection=18.81; depression=11.15°; smoothing=5-pt median; dark rows=688
isha,2020-08-16,18:42,12,-40.993444,175.619639,0.0,Zamorano J. et al. (2019). TESS-W sky brightness network. Zenodo monthly archives. https://zenodo.org/records/3378728. CC0 1.0.,TESS station stars375; photometric inflection method; night median MSAS=20.08; MSAS at inflection=19.47; depression=12.79°; smoothing=5-pt median; dark rows=699
fajr,2020-08-17,05:56,12,-40.993444,175.619639,0.0,Zamorano J. et al. (2019). TESS-W sky brightness network. Zenodo monthly archives. https://zenodo.org/records/3378728. CC0 1.0.,TESS station stars375; photometric inflection method; night median MSAS=20.08; MSAS at inflection=20.51; depression=13.38°; smoothing=5-pt median; dark rows=699
isha,2020-08-17,18:56,12,-40.993444,175.619639,0.0,Zamorano J. et al. (2019). TESS-W sky brightness network. Zenodo monthly archives. https://zenodo.org/records/3378728. CC0 1.0.,TESS station stars375; photometric inflection method; night median MSAS=21.29; MSAS at inflection=19.63; depression=15.22°; smoothing=5-pt median; dark rows=673
fajr,2020-08-18,05:53,12,-40.993444,175.619639,0.0,Zamorano J. et al. (2019). TESS-W sky brightness network. Zenodo monthly archives. https://zenodo.org/records/3378728. CC0 1.0.,TESS station stars375; photometric inflection method; night median MSAS=21.29; MSAS at inflection=20.72; depression=13.70°; smoothing=5-pt median; dark rows=673
isha,2020-08-18,18:39,12,-40.993444,175.619639,0.0,Zamorano J. et al. (2019). TESS-W sky brightness network. Zenodo monthly archives. https://zenodo.org/records/3378728. CC0 1.0.,TESS station stars375; photometric inflection method; night median MSAS=20.59; MSAS at inflection=19.70; depression=11.82°; smoothing=5-pt median; dark rows=697
fajr,2020-08-19,05:23,12,-40.993444,175.619639,0.0,Zamorano J. et al. (2019). TESS-W sky brightness network. Zenodo monthly archives. https://zenodo.org/records/3378728. CC0 1.0.,TESS station stars375; photometric inflection method; night median MSAS=20.59; MSAS at inflection=20.74; depression=19.22°; smoothing=5-pt median; dark rows=697
isha,2020-08-19,19:03,12,-40.993444,175.619639,0.0,Zamorano J. et al. (2019). TESS-W sky brightness network. Zenodo monthly archives. https://zenodo.org/records/3378728. CC0 1.0.,TESS station stars375; photometric inflection method; night median MSAS=20.11; MSAS at inflection=19.03; depression=16.09°; smoothing=5-pt median; dark rows=624
isha,2020-08-20,19:10,12,-40.993444,175.619639,0.0,Zamorano J. et al. (2019). TESS-W sky brightness network. Zenodo monthly archives. https://zenodo.org/records/3378728. CC0 1.0.,TESS station stars375; photometric inflection method; night median MSAS=19.25; MSAS at inflection=18.94; depression=17.25°; smoothing=5-pt median; dark rows=689
fajr,2020-08-21,05:24,12,-40.993444,175.619639,0.0,Zamorano J. et al. (2019). TESS-W sky brightness network. Zenodo monthly archives. https://zenodo.org/records/3378728. CC0 1.0.,TESS station stars375; photometric inflection method; night median MSAS=19.25; MSAS at inflection=21.10; depression=18.48°; smoothing=5-pt median; dark rows=689
isha,2020-08-24,18:58,12,-40.993444,175.619639,0.0,Zamorano J. et al. (2019). TESS-W sky brightness network. Zenodo monthly archives. https://zenodo.org/records/3378728. CC0 1.0.,TESS station stars375; photometric inflection method; night median MSAS=19.81; MSAS at inflection=18.55; depression=14.41°; smoothing=5-pt median; dark rows=685
fajr,2020-08-25,05:19,12,-40.993444,175.619639,0.0,Zamorano J. et al. (2019). TESS-W sky brightness network. Zenodo monthly archives. https://zenodo.org/records/3378728. CC0 1.0.,TESS station stars375; photometric inflection method; night median MSAS=19.81; MSAS at inflection=19.96; depression=18.31°; smoothing=5-pt median; dark rows=685
fajr,2020-08-26,05:59,12,-40.993444,175.619639,0.0,Zamorano J. et al. (2019). TESS-W sky brightness network. Zenodo monthly archives. https://zenodo.org/records/3378728. CC0 1.0.,TESS station stars375; photometric inflection method; night median MSAS=19.10; MSAS at inflection=18.41; depression=10.56°; smoothing=5-pt median; dark rows=624
fajr,2020-08-27,05:05,12,-40.993444,175.619639,0.0,Zamorano J. et al. (2019). TESS-W sky brightness network. Zenodo monthly archives. https://zenodo.org/records/3378728. CC0 1.0.,TESS station stars375; photometric inflection method; night median MSAS=20.35; MSAS at inflection=20.92; depression=20.53°; smoothing=5-pt median; dark rows=678
isha,2020-08-28,18:40,12,-40.993444,175.619639,0.0,Zamorano J. et al. (2019). TESS-W sky brightness network. Zenodo monthly archives. https://zenodo.org/records/3378728. CC0 1.0.,TESS station stars375; photometric inflection method; night median MSAS=18.58; MSAS at inflection=16.94; depression=10.24°; smoothing=5-pt median; dark rows=672
isha,2020-08-30,18:31,12,-40.993444,175.619639,0.0,Zamorano J. et al. (2019). TESS-W sky brightness network. Zenodo monthly archives. https://zenodo.org/records/3378728. CC0 1.0.,TESS station stars375; photometric inflection method; night median MSAS=17.89; MSAS at inflection=15.89; depression=8.34°; smoothing=5-pt median; dark rows=670
fajr,2020-08-31,05:41,12,-40.993444,175.619639,0.0,Zamorano J. et al. (2019). TESS-W sky brightness network. Zenodo monthly archives. https://zenodo.org/records/3378728. CC0 1.0.,TESS station stars375; photometric inflection method; night median MSAS=17.89; MSAS at inflection=19.88; depression=12.52°; smoothing=5-pt median; dark rows=670
isha,2020-08-08,06:39,12,-41.235916,175.438977,0.0,Zamorano J. et al. (2019). TESS-W sky brightness network. Zenodo monthly archives. https://zenodo.org/records/3378728. CC0 1.0.,TESS station stars376; photometric inflection method; night median MSAS=17.92; MSAS at inflection=15.83; depression=7.71°; smoothing=5-pt median; dark rows=76
fajr,2020-08-09,06:24,12,-41.235916,175.438977,0.0,Zamorano J. et al. (2019). TESS-W sky brightness network. Zenodo monthly archives. https://zenodo.org/records/3378728. CC0 1.0.,TESS station stars376; photometric inflection method; night median MSAS=18.52; MSAS at inflection=18.03; depression=10.24°; smoothing=5-pt median; dark rows=105
isha,2020-08-03,20:18,0,43.693262,-1.031568,0.0,Zamorano J. et al. (2019). TESS-W sky brightness network. Zenodo monthly archives. https://zenodo.org/records/3378728. CC0 1.0.,TESS station stars377; photometric inflection method; night median MSAS=18.07; MSAS at inflection=16.75; depression=9.40°; smoothing=5-pt median; dark rows=453
fajr,2020-08-04,03:19,0,43.693262,-1.031568,0.0,Zamorano J. et al. (2019). TESS-W sky brightness network. Zenodo monthly archives. https://zenodo.org/records/3378728. CC0 1.0.,TESS station stars377; photometric inflection method; night median MSAS=18.07; MSAS at inflection=17.14; depression=15.31°; smoothing=5-pt median; dark rows=453
isha,2020-08-04,20:13,0,43.693262,-1.031568,0.0,Zamorano J. et al. (2019). TESS-W sky brightness network. Zenodo monthly archives. https://zenodo.org/records/3378728. CC0 1.0.,TESS station stars377; photometric inflection method; night median MSAS=18.45; MSAS at inflection=16.33; depression=8.83°; smoothing=5-pt median; dark rows=456
fajr,2020-08-05,04:08,0,43.693262,-1.031568,0.0,Zamorano J. et al. (2019). TESS-W sky brightness network. Zenodo monthly archives. https://zenodo.org/records/3378728. CC0 1.0.,TESS station stars377; photometric inflection method; night median MSAS=18.45; MSAS at inflection=16.21; depression=8.60°; smoothing=5-pt median; dark rows=456
isha,2020-08-05,20:19,0,43.693262,-1.031568,0.0,Zamorano J. et al. (2019). TESS-W sky brightness network. Zenodo monthly archives. https://zenodo.org/records/3378728. CC0 1.0.,TESS station stars377; photometric inflection method; night median MSAS=18.62; MSAS at inflection=17.57; depression=10.00°; smoothing=5-pt median; dark rows=459
fajr,2020-08-06,03:08,0,43.693262,-1.031568,0.0,Zamorano J. et al. (2019). TESS-W sky brightness network. Zenodo monthly archives. https://zenodo.org/records/3378728. CC0 1.0.,TESS station stars377; photometric inflection method; night median MSAS=18.62; MSAS at inflection=18.46; depression=17.17°; smoothing=5-pt median; dark rows=459
isha,2020-08-06,20:48,0,43.693262,-1.031568,0.0,Zamorano J. et al. (2019). TESS-W sky brightness network. Zenodo monthly archives. https://zenodo.org/records/3378728. CC0 1.0.,TESS station stars377; photometric inflection method; night median MSAS=18.56; MSAS at inflection=19.79; depression=14.39°; smoothing=5-pt median; dark rows=461
isha,2020-08-08,20:10,0,43.693262,-1.031568,0.0,Zamorano J. et al. (2019). TESS-W sky brightness network. Zenodo monthly archives. https://zenodo.org/records/3378728. CC0 1.0.,TESS station stars377; photometric inflection method; night median MSAS=18.12; MSAS at inflection=17.33; depression=9.31°; smoothing=5-pt median; dark rows=469
fajr,2020-08-09,02:37,0,43.693262,-1.031568,0.0,Zamorano J. et al. (2019). TESS-W sky brightness network. Zenodo monthly archives. https://zenodo.org/records/3378728. CC0 1.0.,TESS station stars377; photometric inflection method; night median MSAS=18.12; MSAS at inflection=17.96; depression=21.65°; smoothing=5-pt median; dark rows=469
isha,2020-08-09,20:06,0,43.693262,-1.031568,0.0,Zamorano J. et al. (2019). TESS-W sky brightness network. Zenodo monthly archives. https://zenodo.org/records/3378728. CC0 1.0.,TESS station stars377; photometric inflection method; night median MSAS=17.83; MSAS at inflection=16.52; depression=8.93°; smoothing=5-pt median; dark rows=465
fajr,2020-08-10,02:58,0,43.693262,-1.031568,0.0,Zamorano J. et al. (2019). TESS-W sky brightness network. Zenodo monthly archives. https://zenodo.org/records/3378728. CC0 1.0.,TESS station stars377; photometric inflection method; night median MSAS=17.83; MSAS at inflection=17.06; depression=19.43°; smoothing=5-pt median; dark rows=465
fajr,2020-08-11,04:17,0,43.693262,-1.031568,0.0,Zamorano J. et al. (2019). TESS-W sky brightness network. Zenodo monthly archives. https://zenodo.org/records/3378728. CC0 1.0.,TESS station stars377; photometric inflection method; night median MSAS=18.82; MSAS at inflection=16.39; depression=8.47°; smoothing=5-pt median; dark rows=475
isha,2020-08-11,20:04,0,43.693262,-1.031568,0.0,Zamorano J. et al. (2019). TESS-W sky brightness network. Zenodo monthly archives. https://zenodo.org/records/3378728. CC0 1.0.,TESS station stars377; photometric inflection method; night median MSAS=18.20; MSAS at inflection=17.11; depression=9.15°; smoothing=5-pt median; dark rows=478
isha,2020-08-12,21:07,0,43.693262,-1.031568,0.0,Zamorano J. et al. (2019). TESS-W sky brightness network. Zenodo monthly archives. https://zenodo.org/records/3378728. CC0 1.0.,TESS station stars377; photometric inflection method; night median MSAS=18.31; MSAS at inflection=17.81; depression=18.45°; smoothing=5-pt median; dark rows=479
fajr,2020-08-13,04:17,0,43.693262,-1.031568,0.0,Zamorano J. et al. (2019). TESS-W sky brightness network. Zenodo monthly archives. https://zenodo.org/records/3378728. CC0 1.0.,TESS station stars377; photometric inflection method; night median MSAS=18.31; MSAS at inflection=16.64; depression=8.91°; smoothing=5-pt median; dark rows=479
isha,2020-08-14,20:14,0,43.693262,-1.031568,0.0,Zamorano J. et al. (2019). TESS-W sky brightness network. Zenodo monthly archives. https://zenodo.org/records/3378728. CC0 1.0.,TESS station stars377; photometric inflection method; night median MSAS=19.32; MSAS at inflection=18.75; depression=11.54°; smoothing=5-pt median; dark rows=480
fajr,2020-08-15,03:32,0,43.693262,-1.031568,0.0,Zamorano J. et al. (2019). TESS-W sky brightness network. Zenodo monthly archives. https://zenodo.org/records/3378728. CC0 1.0.,TESS station stars377; photometric inflection method; night median MSAS=19.32; MSAS at inflection=17.87; depression=15.94°; smoothing=5-pt median; dark rows=480
isha,2020-08-15,20:02,0,43.693262,-1.031568,0.0,Zamorano J. et al. (2019). TESS-W sky brightness network. Zenodo monthly archives. https://zenodo.org/records/3378728. CC0 1.0.,TESS station stars377; photometric inflection method; night median MSAS=19.05; MSAS at inflection=16.60; depression=9.95°; smoothing=5-pt median; dark rows=490
fajr,2020-08-16,02:59,0,43.693262,-1.031568,0.0,Zamorano J. et al. (2019). TESS-W sky brightness network. Zenodo monthly archives. https://zenodo.org/records/3378728. CC0 1.0.,TESS station stars377; photometric inflection method; night median MSAS=19.05; MSAS at inflection=18.09; depression=20.67°; smoothing=5-pt median; dark rows=490
isha,2020-08-16,20:21,0,43.693262,-1.031568,0.0,Zamorano J. et al. (2019). TESS-W sky brightness network. Zenodo monthly archives. https://zenodo.org/records/3378728. CC0 1.0.,TESS station stars377; photometric inflection method; night median MSAS=20.38; MSAS at inflection=19.75; depression=13.03°; smoothing=5-pt median; dark rows=493
fajr,2020-08-17,04:12,0,43.693262,-1.031568,0.0,Zamorano J. et al. (2019). TESS-W sky brightness network. Zenodo monthly archives. https://zenodo.org/records/3378728. CC0 1.0.,TESS station stars377; photometric inflection method; night median MSAS=20.38; MSAS at inflection=18.10; depression=10.51°; smoothing=5-pt median; dark rows=493
isha,2020-08-18,20:05,0,43.693262,-1.031568,0.0,Zamorano J. et al. (2019). TESS-W sky brightness network. Zenodo monthly archives. https://zenodo.org/records/3378728. CC0 1.0.,TESS station stars377; photometric inflection method; night median MSAS=20.40; MSAS at inflection=19.16; depression=11.25°; smoothing=5-pt median; dark rows=499
isha,2020-08-19,19:56,0,43.693262,-1.031568,0.0,Zamorano J. et al. (2019). TESS-W sky brightness network. Zenodo monthly archives. https://zenodo.org/records/3378728. CC0 1.0.,TESS station stars377; photometric inflection method; night median MSAS=20.33; MSAS at inflection=17.97; depression=10.07°; smoothing=5-pt median; dark rows=502
isha,2020-08-20,19:54,0,43.693262,-1.031568,0.0,Zamorano J. et al. (2019). TESS-W sky brightness network. Zenodo monthly archives. https://zenodo.org/records/3378728. CC0 1.0.,TESS station stars377; photometric inflection method; night median MSAS=19.78; MSAS at inflection=18.19; depression=10.10°; smoothing=5-pt median; dark rows=504
fajr,2020-08-21,04:23,0,43.693262,-1.031568,0.0,Zamorano J. et al. (2019). TESS-W sky brightness network. Zenodo monthly archives. https://zenodo.org/records/3378728. CC0 1.0.,TESS station stars377; photometric inflection method; night median MSAS=19.78; MSAS at inflection=17.42; depression=9.61°; smoothing=5-pt median; dark rows=504
isha,2020-08-13,19:51,0,41.561767,0.518017,0.0,Zamorano J. et al. (2019). TESS-W sky brightness network. Zenodo monthly archives. https://zenodo.org/records/3378728. CC0 1.0.,TESS station stars378; photometric inflection method; night median MSAS=17.86; MSAS at inflection=15.79; depression=9.58°; smoothing=5-pt median; dark rows=497
fajr,2020-08-14,04:12,0,41.561767,0.518017,0.0,Zamorano J. et al. (2019). TESS-W sky brightness network. Zenodo monthly archives. https://zenodo.org/records/3378728. CC0 1.0.,TESS station stars378; photometric inflection method; night median MSAS=17.86; MSAS at inflection=15.96; depression=9.91°; smoothing=5-pt median; dark rows=497
isha,2020-08-14,19:53,0,41.561767,0.518017,0.0,Zamorano J. et al. (2019). TESS-W sky brightness network. Zenodo monthly archives. https://zenodo.org/records/3378728. CC0 1.0.,TESS station stars378; photometric inflection method; night median MSAS=17.79; MSAS at inflection=16.53; depression=10.30°; smoothing=5-pt median; dark rows=499
fajr,2020-08-15,03:06,0,41.561767,0.518017,0.0,Zamorano J. et al. (2019). TESS-W sky brightness network. Zenodo monthly archives. https://zenodo.org/records/3378728. CC0 1.0.,TESS station stars378; photometric inflection method; night median MSAS=17.79; MSAS at inflection=17.33; depression=20.21°; smoothing=5-pt median; dark rows=499
isha,2020-08-15,20:03,0,41.561767,0.518017,0.0,Zamorano J. et al. (2019). TESS-W sky brightness network. Zenodo monthly archives. https://zenodo.org/records/3378728. CC0 1.0.,TESS station stars378; photometric inflection method; night median MSAS=17.78; MSAS at inflection=17.47; depression=12.07°; smoothing=5-pt median; dark rows=502
fajr,2020-08-17,04:07,0,41.561767,0.518017,0.0,Zamorano J. et al. (2019). TESS-W sky brightness network. Zenodo monthly archives. https://zenodo.org/records/3378728. CC0 1.0.,TESS station stars378; photometric inflection method; night median MSAS=18.10; MSAS at inflection=17.22; depression=11.26°; smoothing=5-pt median; dark rows=503
isha,2020-08-18,20:22,0,41.561767,0.518017,0.0,Zamorano J. et al. (2019). TESS-W sky brightness network. Zenodo monthly archives. https://zenodo.org/records/3378728. CC0 1.0.,TESS station stars378; photometric inflection method; night median MSAS=18.27; MSAS at inflection=16.99; depression=15.97°; smoothing=5-pt median; dark rows=510
fajr,2020-08-19,04:16,0,41.561767,0.518017,0.0,Zamorano J. et al. (2019). TESS-W sky brightness network. Zenodo monthly archives. https://zenodo.org/records/3378728. CC0 1.0.,TESS station stars378; photometric inflection method; night median MSAS=18.27; MSAS at inflection=16.67; depression=10.33°; smoothing=5-pt median; dark rows=510
isha,2020-08-19,19:48,0,41.561767,0.518017,0.0,Zamorano J. et al. (2019). TESS-W sky brightness network. Zenodo monthly archives. https://zenodo.org/records/3378728. CC0 1.0.,TESS station stars378; photometric inflection method; night median MSAS=18.19; MSAS at inflection=16.81; depression=10.81°; smoothing=5-pt median; dark rows=481
fajr,2020-08-20,04:12,0,41.561767,0.518017,0.0,Zamorano J. et al. (2019). TESS-W sky brightness network. Zenodo monthly archives. https://zenodo.org/records/3378728. CC0 1.0.,TESS station stars378; photometric inflection method; night median MSAS=18.19; MSAS at inflection=17.02; depression=11.13°; smoothing=5-pt median; dark rows=481
isha,2020-08-21,19:54,0,41.561767,0.518017,0.0,Zamorano J. et al. (2019). TESS-W sky brightness network. Zenodo monthly archives. https://zenodo.org/records/3378728. CC0 1.0.,TESS station stars378; photometric inflection method; night median MSAS=18.12; MSAS at inflection=17.57; depression=12.30°; smoothing=5-pt median; dark rows=519
fajr,2020-08-22,04:15,0,41.561767,0.518017,0.0,Zamorano J. et al. (2019). TESS-W sky brightness network. Zenodo monthly archives. https://zenodo.org/records/3378728. CC0 1.0.,TESS station stars378; photometric inflection method; night median MSAS=18.12; MSAS at inflection=16.94; depression=10.98°; smoothing=5-pt median; dark rows=519
isha,2020-08-22,19:42,0,41.561767,0.518017,0.0,Zamorano J. et al. (2019). TESS-W sky brightness network. Zenodo monthly archives. https://zenodo.org/records/3378728. CC0 1.0.,TESS station stars378; photometric inflection method; night median MSAS=18.17; MSAS at inflection=16.66; depression=10.64°; smoothing=5-pt median; dark rows=521
isha,2020-08-24,19:37,0,41.561767,0.518017,0.0,Zamorano J. et al. (2019). TESS-W sky brightness network. Zenodo monthly archives. https://zenodo.org/records/3378728. CC0 1.0.,TESS station stars378; photometric inflection method; night median MSAS=18.12; MSAS at inflection=16.33; depression=10.38°; smoothing=5-pt median; dark rows=529
fajr,2020-08-25,04:21,0,41.561767,0.518017,0.0,Zamorano J. et al. (2019). TESS-W sky brightness network. Zenodo monthly archives. https://zenodo.org/records/3378728. CC0 1.0.,TESS station stars378; photometric inflection method; night median MSAS=18.12; MSAS at inflection=16.56; depression=10.55°; smoothing=5-pt median; dark rows=529
isha,2020-08-25,19:54,0,41.561767,0.518017,0.0,Zamorano J. et al. (2019). TESS-W sky brightness network. Zenodo monthly archives. https://zenodo.org/records/3378728. CC0 1.0.,TESS station stars378; photometric inflection method; night median MSAS=18.11; MSAS at inflection=17.45; depression=13.56°; smoothing=5-pt median; dark rows=530
fajr,2020-08-28,04:27,0,41.561767,0.518017,0.0,Zamorano J. et al. (2019). TESS-W sky brightness network. Zenodo monthly archives. https://zenodo.org/records/3378728. CC0 1.0.,TESS station stars378; photometric inflection method; night median MSAS=17.75; MSAS at inflection=16.32; depression=10.13°; smoothing=5-pt median; dark rows=537
fajr,2020-08-01,03:42,-1,29.037232,-13.624039,0.0,Zamorano J. et al. (2019). TESS-W sky brightness network. Zenodo monthly archives. https://zenodo.org/records/3378728. CC0 1.0.,TESS station stars382; photometric inflection method; night median MSAS=17.62; MSAS at inflection=18.16; depression=18.85°; smoothing=5-pt median; dark rows=328
isha,2020-08-09,19:34,-1,29.037232,-13.624039,0.0,Zamorano J. et al. (2019). TESS-W sky brightness network. Zenodo monthly archives. https://zenodo.org/records/3378728. CC0 1.0.,TESS station stars382; photometric inflection method; night median MSAS=17.86; MSAS at inflection=17.85; depression=11.95°; smoothing=5-pt median; dark rows=545
fajr,2020-08-10,04:41,-1,29.037232,-13.624039,0.0,Zamorano J. et al. (2019). TESS-W sky brightness network. Zenodo monthly archives. https://zenodo.org/records/3378728. CC0 1.0.,TESS station stars382; photometric inflection method; night median MSAS=17.86; MSAS at inflection=16.63; depression=8.80°; smoothing=5-pt median; dark rows=545
fajr,2020-08-11,04:39,-1,29.037232,-13.624039,0.0,Zamorano J. et al. (2019). TESS-W sky brightness network. Zenodo monthly archives. https://zenodo.org/records/3378728. CC0 1.0.,TESS station stars382; photometric inflection method; night median MSAS=18.28; MSAS at inflection=16.10; depression=9.31°; smoothing=5-pt median; dark rows=549
fajr,2020-08-12,04:25,-1,29.037232,-13.624039,0.0,Zamorano J. et al. (2019). TESS-W sky brightness network. Zenodo monthly archives. https://zenodo.org/records/3378728. CC0 1.0.,TESS station stars382; photometric inflection method; night median MSAS=18.94; MSAS at inflection=18.03; depression=12.37°; smoothing=5-pt median; dark rows=553
isha,2020-08-12,19:30,-1,29.037232,-13.624039,0.0,Zamorano J. et al. (2019). TESS-W sky brightness network. Zenodo monthly archives. https://zenodo.org/records/3378728. CC0 1.0.,TESS station stars382; photometric inflection method; night median MSAS=18.38; MSAS at inflection=18.07; depression=11.74°; smoothing=5-pt median; dark rows=460
fajr,2020-08-13,04:10,-1,29.037232,-13.624039,0.0,Zamorano J. et al. (2019). TESS-W sky brightness network. Zenodo monthly archives. https://zenodo.org/records/3378728. CC0 1.0.,TESS station stars382; photometric inflection method; night median MSAS=18.38; MSAS at inflection=18.47; depression=15.36°; smoothing=5-pt median; dark rows=460
isha,2020-08-15,19:39,-1,29.037232,-13.624039,0.0,Zamorano J. et al. (2019). TESS-W sky brightness network. Zenodo monthly archives. https://zenodo.org/records/3378728. CC0 1.0.,TESS station stars382; photometric inflection method; night median MSAS=19.31; MSAS at inflection=18.91; depression=14.21°; smoothing=5-pt median; dark rows=560
fajr,2020-08-16,04:12,-1,29.037232,-13.624039,0.0,Zamorano J. et al. (2019). TESS-W sky brightness network. Zenodo monthly archives. https://zenodo.org/records/3378728. CC0 1.0.,TESS station stars382; photometric inflection method; night median MSAS=19.31; MSAS at inflection=18.30; depression=15.50°; smoothing=5-pt median; dark rows=560
isha,2020-08-16,19:53,-1,29.037232,-13.624039,0.0,Zamorano J. et al. (2019). TESS-W sky brightness network. Zenodo monthly archives. https://zenodo.org/records/3378728. CC0 1.0.,TESS station stars382; photometric inflection method; night median MSAS=19.55; MSAS at inflection=19.34; depression=17.18°; smoothing=5-pt median; dark rows=562
fajr,2020-08-17,04:16,-1,29.037232,-13.624039,0.0,Zamorano J. et al. (2019). TESS-W sky brightness network. Zenodo monthly archives. https://zenodo.org/records/3378728. CC0 1.0.,TESS station stars382; photometric inflection method; night median MSAS=19.55; MSAS at inflection=19.57; depression=14.83°; smoothing=5-pt median; dark rows=562
isha,2020-08-17,19:34,-1,29.037232,-13.624039,0.0,Zamorano J. et al. (2019). TESS-W sky brightness network. Zenodo monthly archives. https://zenodo.org/records/3378728. CC0 1.0.,TESS station stars382; photometric inflection method; night median MSAS=18.92; MSAS at inflection=19.40; depression=13.67°; smoothing=5-pt median; dark rows=564
fajr,2020-08-18,03:58,-1,29.037232,-13.624039,0.0,Zamorano J. et al. (2019). TESS-W sky brightness network. Zenodo monthly archives. https://zenodo.org/records/3378728. CC0 1.0.,TESS station stars382; photometric inflection method; night median MSAS=18.92; MSAS at inflection=18.23; depression=18.51°; smoothing=5-pt median; dark rows=564
isha,2020-08-18,19:27,-1,29.037232,-13.624039,0.0,Zamorano J. et al. (2019). TESS-W sky brightness network. Zenodo monthly archives. https://zenodo.org/records/3378728. CC0 1.0.,TESS station stars382; photometric inflection method; night median MSAS=18.15; MSAS at inflection=17.97; depression=12.44°; smoothing=5-pt median; dark rows=565
fajr,2020-08-19,04:22,-1,29.037232,-13.624039,0.0,Zamorano J. et al. (2019). TESS-W sky brightness network. Zenodo monthly archives. https://zenodo.org/records/3378728. CC0 1.0.,TESS station stars382; photometric inflection method; night median MSAS=18.15; MSAS at inflection=18.51; depression=13.95°; smoothing=5-pt median; dark rows=565
isha,2020-08-20,19:33,-1,29.037232,-13.624039,0.0,Zamorano J. et al. (2019). TESS-W sky brightness network. Zenodo monthly archives. https://zenodo.org/records/3378728. CC0 1.0.,TESS station stars382; photometric inflection method; night median MSAS=18.47; MSAS at inflection=18.55; depression=14.14°; smoothing=5-pt median; dark rows=569
fajr,2020-08-21,04:45,-1,29.037232,-13.624039,0.0,Zamorano J. et al. (2019). TESS-W sky brightness network. Zenodo monthly archives. https://zenodo.org/records/3378728. CC0 1.0.,TESS station stars382; photometric inflection method; night median MSAS=18.47; MSAS at inflection=16.82; depression=9.52°; smoothing=5-pt median; dark rows=569
fajr,2020-08-22,03:50,-1,29.037232,-13.624039,0.0,Zamorano J. et al. (2019). TESS-W sky brightness network. Zenodo monthly archives. https://zenodo.org/records/3378728. CC0 1.0.,TESS station stars382; photometric inflection method; night median MSAS=18.94; MSAS at inflection=18.89; depression=20.73°; smoothing=5-pt median; dark rows=569
fajr,2020-08-25,04:39,-1,29.037232,-13.624039,0.0,Zamorano J. et al. (2019). TESS-W sky brightness network. Zenodo monthly archives. https://zenodo.org/records/3378728. CC0 1.0.,TESS station stars382; photometric inflection method; night median MSAS=18.32; MSAS at inflection=18.16; depression=11.12°; smoothing=5-pt median; dark rows=573
fajr,2020-08-27,04:47,-1,29.037232,-13.624039,0.0,Zamorano J. et al. (2019). TESS-W sky brightness network. Zenodo monthly archives. https://zenodo.org/records/3378728. CC0 1.0.,TESS station stars382; photometric inflection method; night median MSAS=19.09; MSAS at inflection=17.41; depression=9.73°; smoothing=5-pt median; dark rows=575
isha,2020-08-27,19:07,-1,29.037232,-13.624039,0.0,Zamorano J. et al. (2019). TESS-W sky brightness network. Zenodo monthly archives. https://zenodo.org/records/3378728. CC0 1.0.,TESS station stars382; photometric inflection method; night median MSAS=19.24; MSAS at inflection=17.47; depression=10.62°; smoothing=5-pt median; dark rows=578
fajr,2020-08-28,04:23,-1,29.037232,-13.624039,0.0,Zamorano J. et al. (2019). TESS-W sky brightness network. Zenodo monthly archives. https://zenodo.org/records/3378728. CC0 1.0.,TESS station stars382; photometric inflection method; night median MSAS=19.24; MSAS at inflection=19.56; depression=14.81°; smoothing=5-pt median; dark rows=578
isha,2020-08-28,19:28,-1,29.037232,-13.624039,0.0,Zamorano J. et al. (2019). TESS-W sky brightness network. Zenodo monthly archives. https://zenodo.org/records/3378728. CC0 1.0.,TESS station stars382; photometric inflection method; night median MSAS=17.87; MSAS at inflection=17.21; depression=15.16°; smoothing=5-pt median; dark rows=577
isha,2020-08-29,19:48,-1,29.037232,-13.624039,0.0,Zamorano J. et al. (2019). TESS-W sky brightness network. Zenodo monthly archives. https://zenodo.org/records/3378728. CC0 1.0.,TESS station stars382; photometric inflection method; night median MSAS=18.21; MSAS at inflection=17.46; depression=19.51°; smoothing=5-pt median; dark rows=580
fajr,2020-08-30,04:35,-1,29.037232,-13.624039,0.0,Zamorano J. et al. (2019). TESS-W sky brightness network. Zenodo monthly archives. https://zenodo.org/records/3378728. CC0 1.0.,TESS station stars382; photometric inflection method; night median MSAS=18.21; MSAS at inflection=19.77; depression=12.62°; smoothing=5-pt median; dark rows=580
fajr,2020-08-01,04:41,-1,28.760962,-17.877906,0.0,Zamorano J. et al. (2019). TESS-W sky brightness network. Zenodo monthly archives. https://zenodo.org/records/3378728. CC0 1.0.,TESS station stars383; photometric inflection method; night median MSAS=18.81; MSAS at inflection=18.67; depression=11.12°; smoothing=5-pt median; dark rows=346
fajr,2020-08-02,04:48,-1,28.760962,-17.877906,0.0,Zamorano J. et al. (2019). TESS-W sky brightness network. Zenodo monthly archives. https://zenodo.org/records/3378728. CC0 1.0.,TESS station stars383; photometric inflection method; night median MSAS=18.14; MSAS at inflection=17.64; depression=9.95°; smoothing=5-pt median; dark rows=539
isha,2020-08-02,20:19,-1,28.760962,-17.877906,0.0,Zamorano J. et al. (2019). TESS-W sky brightness network. Zenodo monthly archives. https://zenodo.org/records/3378728. CC0 1.0.,TESS station stars383; photometric inflection method; night median MSAS=18.45; MSAS at inflection=18.55; depression=16.13°; smoothing=5-pt median; dark rows=540
fajr,2020-08-03,04:57,-1,28.760962,-17.877906,0.0,Zamorano J. et al. (2019). TESS-W sky brightness network. Zenodo monthly archives. https://zenodo.org/records/3378728. CC0 1.0.,TESS station stars383; photometric inflection method; night median MSAS=18.45; MSAS at inflection=15.97; depression=8.30°; smoothing=5-pt median; dark rows=540
isha,2020-08-03,19:46,-1,28.760962,-17.877906,0.0,Zamorano J. et al. (2019). TESS-W sky brightness network. Zenodo monthly archives. https://zenodo.org/records/3378728. CC0 1.0.,TESS station stars383; photometric inflection method; night median MSAS=18.49; MSAS at inflection=17.36; depression=10.06°; smoothing=5-pt median; dark rows=542
fajr,2020-08-04,04:55,-1,28.760962,-17.877906,0.0,Zamorano J. et al. (2019). TESS-W sky brightness network. Zenodo monthly archives. https://zenodo.org/records/3378728. CC0 1.0.,TESS station stars383; photometric inflection method; night median MSAS=18.49; MSAS at inflection=16.21; depression=8.68°; smoothing=5-pt median; dark rows=542
fajr,2020-08-06,04:53,-1,28.760962,-17.877906,0.0,Zamorano J. et al. (2019). TESS-W sky brightness network. Zenodo monthly archives. https://zenodo.org/records/3378728. CC0 1.0.,TESS station stars383; photometric inflection method; night median MSAS=18.77; MSAS at inflection=17.01; depression=9.49°; smoothing=5-pt median; dark rows=545
isha,2020-08-06,19:54,-1,28.760962,-17.877906,0.0,Zamorano J. et al. (2019). TESS-W sky brightness network. Zenodo monthly archives. https://zenodo.org/records/3378728. CC0 1.0.,TESS station stars383; photometric inflection method; night median MSAS=18.84; MSAS at inflection=19.72; depression=12.22°; smoothing=5-pt median; dark rows=547
isha,2020-08-09,19:49,-1,28.760962,-17.877906,0.0,Zamorano J. et al. (2019). TESS-W sky brightness network. Zenodo monthly archives. https://zenodo.org/records/3378728. CC0 1.0.,TESS station stars383; photometric inflection method; night median MSAS=20.58; MSAS at inflection=19.05; depression=11.73°; smoothing=5-pt median; dark rows=551
fajr,2020-08-11,04:35,-1,28.760962,-17.877906,0.0,Zamorano J. et al. (2019). TESS-W sky brightness network. Zenodo monthly archives. https://zenodo.org/records/3378728. CC0 1.0.,TESS station stars383; photometric inflection method; night median MSAS=20.83; MSAS at inflection=19.48; depression=13.70°; smoothing=5-pt median; dark rows=553
isha,2020-08-11,19:48,-1,28.760962,-17.877906,0.0,Zamorano J. et al. (2019). TESS-W sky brightness network. Zenodo monthly archives. https://zenodo.org/records/3378728. CC0 1.0.,TESS station stars383; photometric inflection method; night median MSAS=21.08; MSAS at inflection=19.04; depression=11.84°; smoothing=5-pt median; dark rows=553
fajr,2020-08-13,04:48,-1,28.760962,-17.877906,0.0,Zamorano J. et al. (2019). TESS-W sky brightness network. Zenodo monthly archives. https://zenodo.org/records/3378728. CC0 1.0.,TESS station stars383; photometric inflection method; night median MSAS=21.24; MSAS at inflection=18.92; depression=11.44°; smoothing=5-pt median; dark rows=557
isha,2020-08-13,19:49,-1,28.760962,-17.877906,0.0,Zamorano J. et al. (2019). TESS-W sky brightness network. Zenodo monthly archives. https://zenodo.org/records/3378728. CC0 1.0.,TESS station stars383; photometric inflection method; night median MSAS=21.27; MSAS at inflection=19.77; depression=12.63°; smoothing=5-pt median; dark rows=559
fajr,2020-08-17,04:46,-1,28.760962,-17.877906,0.0,Zamorano J. et al. (2019). TESS-W sky brightness network. Zenodo monthly archives. https://zenodo.org/records/3378728. CC0 1.0.,TESS station stars383; photometric inflection method; night median MSAS=21.37; MSAS at inflection=19.70; depression=12.37°; smoothing=5-pt median; dark rows=563
fajr,2020-08-18,04:47,-1,28.760962,-17.877906,0.0,Zamorano J. et al. (2019). TESS-W sky brightness network. Zenodo monthly archives. https://zenodo.org/records/3378728. CC0 1.0.,TESS station stars383; photometric inflection method; night median MSAS=21.47; MSAS at inflection=19.52; depression=12.15°; smoothing=5-pt median; dark rows=563
fajr,2020-08-19,04:25,-1,28.760962,-17.877906,0.0,Zamorano J. et al. (2019). TESS-W sky brightness network. Zenodo monthly archives. https://zenodo.org/records/3378728. CC0 1.0.,TESS station stars383; photometric inflection method; night median MSAS=21.42; MSAS at inflection=21.42; depression=16.74°; smoothing=5-pt median; dark rows=567
fajr,2020-08-21,04:38,-1,28.760962,-17.877906,0.0,Zamorano J. et al. (2019). TESS-W sky brightness network. Zenodo monthly archives. https://zenodo.org/records/3378728. CC0 1.0.,TESS station stars383; photometric inflection method; night median MSAS=21.38; MSAS at inflection=21.02; depression=14.46°; smoothing=5-pt median; dark rows=570
isha,2020-08-24,19:34,-1,28.760962,-17.877906,0.0,Zamorano J. et al. (2019). TESS-W sky brightness network. Zenodo monthly archives. https://zenodo.org/records/3378728. CC0 1.0.,TESS station stars383; photometric inflection method; night median MSAS=21.45; MSAS at inflection=19.18; depression=12.11°; smoothing=5-pt median; dark rows=577
fajr,2020-08-28,04:58,-1,28.760962,-17.877906,0.0,Zamorano J. et al. (2019). TESS-W sky brightness network. Zenodo monthly archives. https://zenodo.org/records/3378728. CC0 1.0.,TESS station stars383; photometric inflection method; night median MSAS=19.91; MSAS at inflection=18.90; depression=11.32°; smoothing=5-pt median; dark rows=582
fajr,2020-08-30,04:54,-1,28.760962,-17.877906,0.0,Zamorano J. et al. (2019). TESS-W sky brightness network. Zenodo monthly archives. https://zenodo.org/records/3378728. CC0 1.0.,TESS station stars383; photometric inflection method; night median MSAS=19.69; MSAS at inflection=19.84; depression=12.44°; smoothing=5-pt median; dark rows=585
isha,2020-08-30,19:23,-1,28.760962,-17.877906,0.0,Zamorano J. et al. (2019). TESS-W sky brightness network. Zenodo monthly archives. https://zenodo.org/records/3378728. CC0 1.0.,TESS station stars383; photometric inflection method; night median MSAS=19.46; MSAS at inflection=18.02; depression=11.21°; smoothing=5-pt median; dark rows=587
fajr,2020-08-31,05:08,-1,28.760962,-17.877906,0.0,Zamorano J. et al. (2019). TESS-W sky brightness network. Zenodo monthly archives. https://zenodo.org/records/3378728. CC0 1.0.,TESS station stars383; photometric inflection method; night median MSAS=19.46; MSAS at inflection=17.04; depression=9.47°; smoothing=5-pt median; dark rows=587
fajr,2020-08-01,04:23,0,40.270266,-6.104225,0.0,Zamorano J. et al. (2019). TESS-W sky brightness network. Zenodo monthly archives. https://zenodo.org/records/3378728. CC0 1.0.,TESS station stars384; photometric inflection method; night median MSAS=19.92; MSAS at inflection=18.49; depression=10.54°; smoothing=5-pt median; dark rows=267
fajr,2020-08-02,04:18,0,40.270266,-6.104225,0.0,Zamorano J. et al. (2019). TESS-W sky brightness network. Zenodo monthly archives. https://zenodo.org/records/3378728. CC0 1.0.,TESS station stars384; photometric inflection method; night median MSAS=18.87; MSAS at inflection=19.55; depression=11.62°; smoothing=5-pt median; dark rows=474
isha,2020-08-02,20:47,0,40.270266,-6.104225,0.0,Zamorano J. et al. (2019). TESS-W sky brightness network. Zenodo monthly archives. https://zenodo.org/records/3378728. CC0 1.0.,TESS station stars384; photometric inflection method; night median MSAS=17.66; MSAS at inflection=17.75; depression=12.37°; smoothing=5-pt median; dark rows=477
fajr,2020-08-03,04:23,0,40.270266,-6.104225,0.0,Zamorano J. et al. (2019). TESS-W sky brightness network. Zenodo monthly archives. https://zenodo.org/records/3378728. CC0 1.0.,TESS station stars384; photometric inflection method; night median MSAS=17.66; MSAS at inflection=18.56; depression=11.05°; smoothing=5-pt median; dark rows=477
isha,2020-08-03,21:07,0,40.270266,-6.104225,0.0,Zamorano J. et al. (2019). TESS-W sky brightness network. Zenodo monthly archives. https://zenodo.org/records/3378728. CC0 1.0.,TESS station stars384; photometric inflection method; night median MSAS=18.24; MSAS at inflection=18.88; depression=15.60°; smoothing=5-pt median; dark rows=479
fajr,2020-08-04,04:01,0,40.270266,-6.104225,0.0,Zamorano J. et al. (2019). TESS-W sky brightness network. Zenodo monthly archives. https://zenodo.org/records/3378728. CC0 1.0.,TESS station stars384; photometric inflection method; night median MSAS=18.24; MSAS at inflection=18.68; depression=14.48°; smoothing=5-pt median; dark rows=479
isha,2020-08-04,20:37,0,40.270266,-6.104225,0.0,Zamorano J. et al. (2019). TESS-W sky brightness network. Zenodo monthly archives. https://zenodo.org/records/3378728. CC0 1.0.,TESS station stars384; photometric inflection method; night median MSAS=18.53; MSAS at inflection=18.99; depression=11.38°; smoothing=5-pt median; dark rows=481
fajr,2020-08-05,04:42,0,40.270266,-6.104225,0.0,Zamorano J. et al. (2019). TESS-W sky brightness network. Zenodo monthly archives. https://zenodo.org/records/3378728. CC0 1.0.,TESS station stars384; photometric inflection method; night median MSAS=18.53; MSAS at inflection=16.10; depression=8.35°; smoothing=5-pt median; dark rows=481
fajr,2020-08-07,04:32,0,40.270266,-6.104225,0.0,Zamorano J. et al. (2019). TESS-W sky brightness network. Zenodo monthly archives. https://zenodo.org/records/3378728. CC0 1.0.,TESS station stars384; photometric inflection method; night median MSAS=18.78; MSAS at inflection=17.59; depression=10.23°; smoothing=5-pt median; dark rows=486
isha,2020-08-07,20:26,0,40.270266,-6.104225,0.0,Zamorano J. et al. (2019). TESS-W sky brightness network. Zenodo monthly archives. https://zenodo.org/records/3378728. CC0 1.0.,TESS station stars384; photometric inflection method; night median MSAS=19.11; MSAS at inflection=17.93; depression=10.15°; smoothing=5-pt median; dark rows=489
fajr,2020-08-08,03:23,0,40.270266,-6.104225,0.0,Zamorano J. et al. (2019). TESS-W sky brightness network. Zenodo monthly archives. https://zenodo.org/records/3378728. CC0 1.0.,TESS station stars384; photometric inflection method; night median MSAS=19.11; MSAS at inflection=18.43; depression=20.84°; smoothing=5-pt median; dark rows=489
isha,2020-08-08,20:42,0,40.270266,-6.104225,0.0,Zamorano J. et al. (2019). TESS-W sky brightness network. Zenodo monthly archives. https://zenodo.org/records/3378728. CC0 1.0.,TESS station stars384; photometric inflection method; night median MSAS=19.84; MSAS at inflection=20.35; depression=12.95°; smoothing=5-pt median; dark rows=491
isha,2020-08-09,20:38,0,40.270266,-6.104225,0.0,Zamorano J. et al. (2019). TESS-W sky brightness network. Zenodo monthly archives. https://zenodo.org/records/3378728. CC0 1.0.,TESS station stars384; photometric inflection method; night median MSAS=19.54; MSAS at inflection=20.07; depression=12.55°; smoothing=5-pt median; dark rows=493
fajr,2020-08-17,04:29,0,40.270266,-6.104225,0.0,Zamorano J. et al. (2019). TESS-W sky brightness network. Zenodo monthly archives. https://zenodo.org/records/3378728. CC0 1.0.,TESS station stars384; photometric inflection method; night median MSAS=21.34; MSAS at inflection=20.44; depression=12.79°; smoothing=5-pt median; dark rows=512
isha,2020-08-18,20:29,0,40.270266,-6.104225,0.0,Zamorano J. et al. (2019). TESS-W sky brightness network. Zenodo monthly archives. https://zenodo.org/records/3378728. CC0 1.0.,TESS station stars384; photometric inflection method; night median MSAS=21.27; MSAS at inflection=20.72; depression=13.58°; smoothing=5-pt median; dark rows=336
isha,2020-08-22,20:09,0,40.270266,-6.104225,0.0,Zamorano J. et al. (2019). TESS-W sky brightness network. Zenodo monthly archives. https://zenodo.org/records/3378728. CC0 1.0.,TESS station stars384; photometric inflection method; night median MSAS=21.32; MSAS at inflection=19.01; depression=11.35°; smoothing=5-pt median; dark rows=529
isha,2020-08-23,20:19,0,40.270266,-6.104225,0.0,Zamorano J. et al. (2019). TESS-W sky brightness network. Zenodo monthly archives. https://zenodo.org/records/3378728. CC0 1.0.,TESS station stars384; photometric inflection method; night median MSAS=21.29; MSAS at inflection=20.38; depression=13.20°; smoothing=5-pt median; dark rows=532
fajr,2020-08-25,04:32,0,40.270266,-6.104225,0.0,Zamorano J. et al. (2019). TESS-W sky brightness network. Zenodo monthly archives. https://zenodo.org/records/3378728. CC0 1.0.,TESS station stars384; photometric inflection method; night median MSAS=21.33; MSAS at inflection=20.91; depression=13.89°; smoothing=5-pt median; dark rows=534
fajr,2020-08-25,20:40,0,40.270266,-6.104225,0.0,Zamorano J. et al. (2019). TESS-W sky brightness network. Zenodo monthly archives. https://zenodo.org/records/3378728. CC0 1.0.,TESS station stars384; photometric inflection method; night median MSAS=20.39; MSAS at inflection=20.49; depression=17.44°; smoothing=5-pt median; dark rows=122
fajr,2020-08-29,04:53,0,40.270266,-6.104225,0.0,Zamorano J. et al. (2019). TESS-W sky brightness network. Zenodo monthly archives. https://zenodo.org/records/3378728. CC0 1.0.,TESS station stars384; photometric inflection method; night median MSAS=20.18; MSAS at inflection=19.21; depression=11.03°; smoothing=5-pt median; dark rows=545
isha,2020-08-29,20:16,0,40.270266,-6.104225,0.0,Zamorano J. et al. (2019). TESS-W sky brightness network. Zenodo monthly archives. https://zenodo.org/records/3378728. CC0 1.0.,TESS station stars384; photometric inflection method; night median MSAS=19.80; MSAS at inflection=18.96; depression=14.48°; smoothing=5-pt median; dark rows=548
fajr,2020-08-30,05:00,0,40.270266,-6.104225,0.0,Zamorano J. et al. (2019). TESS-W sky brightness network. Zenodo monthly archives. https://zenodo.org/records/3378728. CC0 1.0.,TESS station stars384; photometric inflection method; night median MSAS=19.80; MSAS at inflection=18.12; depression=9.99°; smoothing=5-pt median; dark rows=548
isha,2020-08-31,20:07,0,40.270266,-6.104225,0.0,Zamorano J. et al. (2019). TESS-W sky brightness network. Zenodo monthly archives. https://zenodo.org/records/3378728. CC0 1.0.,TESS station stars384; photometric inflection method; night median MSAS=18.19; MSAS at inflection=18.75; depression=13.69°; smoothing=5-pt median; dark rows=252
fajr,2020-08-01,03:17,0,40.164273,-6.099435,0.0,Zamorano J. et al. (2019). TESS-W sky brightness network. Zenodo monthly archives. https://zenodo.org/records/3378728. CC0 1.0.,TESS station stars387; photometric inflection method; night median MSAS=20.07; MSAS at inflection=21.20; depression=20.17°; smoothing=5-pt median; dark rows=246
isha,2020-08-02,21:38,0,40.164273,-6.099435,0.0,Zamorano J. et al. (2019). TESS-W sky brightness network. Zenodo monthly archives. https://zenodo.org/records/3378728. CC0 1.0.,TESS station stars387; photometric inflection method; night median MSAS=17.62; MSAS at inflection=17.95; depression=19.83°; smoothing=5-pt median; dark rows=456
fajr,2020-08-03,03:57,0,40.164273,-6.099435,0.0,Zamorano J. et al. (2019). TESS-W sky brightness network. Zenodo monthly archives. https://zenodo.org/records/3378728. CC0 1.0.,TESS station stars387; photometric inflection method; night median MSAS=17.62; MSAS at inflection=18.57; depression=14.99°; smoothing=5-pt median; dark rows=456
isha,2020-08-04,21:42,0,40.164273,-6.099435,0.0,Zamorano J. et al. (2019). TESS-W sky brightness network. Zenodo monthly archives. https://zenodo.org/records/3378728. CC0 1.0.,TESS station stars387; photometric inflection method; night median MSAS=18.65; MSAS at inflection=19.39; depression=20.84°; smoothing=5-pt median; dark rows=366
fajr,2020-08-05,04:40,0,40.164273,-6.099435,0.0,Zamorano J. et al. (2019). TESS-W sky brightness network. Zenodo monthly archives. https://zenodo.org/records/3378728. CC0 1.0.,TESS station stars387; photometric inflection method; night median MSAS=18.65; MSAS at inflection=16.34; depression=8.71°; smoothing=5-pt median; dark rows=366
fajr,2020-08-06,04:01,0,40.164273,-6.099435,0.0,Zamorano J. et al. (2019). TESS-W sky brightness network. Zenodo monthly archives. https://zenodo.org/records/3378728. CC0 1.0.,TESS station stars387; photometric inflection method; night median MSAS=18.50; MSAS at inflection=18.36; depression=15.03°; smoothing=5-pt median; dark rows=428
isha,2020-08-07,20:24,0,40.164273,-6.099435,0.0,Zamorano J. et al. (2019). TESS-W sky brightness network. Zenodo monthly archives. https://zenodo.org/records/3378728. CC0 1.0.,TESS station stars387; photometric inflection method; night median MSAS=19.13; MSAS at inflection=17.76; depression=9.99°; smoothing=5-pt median; dark rows=466
fajr,2020-08-08,03:18,0,40.164273,-6.099435,0.0,Zamorano J. et al. (2019). TESS-W sky brightness network. Zenodo monthly archives. https://zenodo.org/records/3378728. CC0 1.0.,TESS station stars387; photometric inflection method; night median MSAS=19.13; MSAS at inflection=17.76; depression=21.54°; smoothing=5-pt median; dark rows=466
fajr,2020-08-09,04:30,0,40.164273,-6.099435,0.0,Zamorano J. et al. (2019). TESS-W sky brightness network. Zenodo monthly archives. https://zenodo.org/records/3378728. CC0 1.0.,TESS station stars387; photometric inflection method; night median MSAS=19.48; MSAS at inflection=18.18; depression=11.10°; smoothing=5-pt median; dark rows=462
isha,2020-08-09,20:25,0,40.164273,-6.099435,0.0,Zamorano J. et al. (2019). TESS-W sky brightness network. Zenodo monthly archives. https://zenodo.org/records/3378728. CC0 1.0.,TESS station stars387; photometric inflection method; night median MSAS=19.69; MSAS at inflection=18.08; depression=10.60°; smoothing=5-pt median; dark rows=400
isha,2020-08-11,20:22,0,40.164273,-6.099435,0.0,Zamorano J. et al. (2019). TESS-W sky brightness network. Zenodo monthly archives. https://zenodo.org/records/3378728. CC0 1.0.,TESS station stars387; photometric inflection method; night median MSAS=20.70; MSAS at inflection=18.71; depression=10.55°; smoothing=5-pt median; dark rows=421
fajr,2020-08-12,03:24,0,40.164273,-6.099435,0.0,Zamorano J. et al. (2019). TESS-W sky brightness network. Zenodo monthly archives. https://zenodo.org/records/3378728. CC0 1.0.,TESS station stars387; photometric inflection method; night median MSAS=20.70; MSAS at inflection=19.77; depression=21.63°; smoothing=5-pt median; dark rows=421
fajr,2020-08-16,04:11,0,40.164273,-6.099435,0.0,Zamorano J. et al. (2019). TESS-W sky brightness network. Zenodo monthly archives. https://zenodo.org/records/3378728. CC0 1.0.,TESS station stars387; photometric inflection method; night median MSAS=21.02; MSAS at inflection=20.94; depression=15.49°; smoothing=5-pt median; dark rows=367
isha,2020-08-19,21:13,0,40.164273,-6.099435,0.0,Zamorano J. et al. (2019). TESS-W sky brightness network. Zenodo monthly archives. https://zenodo.org/records/3378728. CC0 1.0.,TESS station stars387; photometric inflection method; night median MSAS=21.26; MSAS at inflection=21.35; depression=20.77°; smoothing=5-pt median; dark rows=366
fajr,2020-08-20,04:28,0,40.164273,-6.099435,0.0,Zamorano J. et al. (2019). TESS-W sky brightness network. Zenodo monthly archives. https://zenodo.org/records/3378728. CC0 1.0.,TESS station stars387; photometric inflection method; night median MSAS=21.26; MSAS at inflection=20.66; depression=13.54°; smoothing=5-pt median; dark rows=366
isha,2020-08-20,20:38,0,40.164273,-6.099435,0.0,Zamorano J. et al. (2019). TESS-W sky brightness network. Zenodo monthly archives. https://zenodo.org/records/3378728. CC0 1.0.,TESS station stars387; photometric inflection method; night median MSAS=21.19; MSAS at inflection=21.25; depression=15.56°; smoothing=5-pt median; dark rows=284
fajr,2020-08-22,04:28,0,40.164273,-6.099435,0.0,Zamorano J. et al. (2019). TESS-W sky brightness network. Zenodo monthly archives. https://zenodo.org/records/3378728. CC0 1.0.,TESS station stars387; photometric inflection method; night median MSAS=21.29; MSAS at inflection=20.76; depression=13.88°; smoothing=5-pt median; dark rows=518
isha,2020-08-22,20:20,0,40.164273,-6.099435,0.0,Zamorano J. et al. (2019). TESS-W sky brightness network. Zenodo monthly archives. https://zenodo.org/records/3378728. CC0 1.0.,TESS station stars387; photometric inflection method; night median MSAS=21.21; MSAS at inflection=20.32; depression=13.16°; smoothing=5-pt median; dark rows=395
fajr,2020-08-26,04:39,0,40.164273,-6.099435,0.0,Zamorano J. et al. (2019). TESS-W sky brightness network. Zenodo monthly archives. https://zenodo.org/records/3378728. CC0 1.0.,TESS station stars387; photometric inflection method; night median MSAS=21.29; MSAS at inflection=20.31; depression=12.93°; smoothing=5-pt median; dark rows=473
isha,2020-08-28,21:02,0,40.164273,-6.099435,0.0,Zamorano J. et al. (2019). TESS-W sky brightness network. Zenodo monthly archives. https://zenodo.org/records/3378728. CC0 1.0.,TESS station stars387; photometric inflection method; night median MSAS=18.85; MSAS at inflection=18.76; depression=21.91°; smoothing=5-pt median; dark rows=197
isha,2020-08-29,20:03,0,40.164273,-6.099435,0.0,Zamorano J. et al. (2019). TESS-W sky brightness network. Zenodo monthly archives. https://zenodo.org/records/3378728. CC0 1.0.,TESS station stars387; photometric inflection method; night median MSAS=19.22; MSAS at inflection=18.95; depression=12.28°; smoothing=5-pt median; dark rows=412
fajr,2020-08-31,20:25,0,40.164273,-6.099435,0.0,Zamorano J. et al. (2019). TESS-W sky brightness network. Zenodo monthly archives. https://zenodo.org/records/3378728. CC0 1.0.,TESS station stars387; photometric inflection method; night median MSAS=18.53; MSAS at inflection=18.20; depression=16.70°; smoothing=5-pt median; dark rows=97
isha,2020-08-01,21:31,0,43.815139,-1.380222,0.0,Zamorano J. et al. (2019). TESS-W sky brightness network. Zenodo monthly archives. https://zenodo.org/records/3378728. CC0 1.0.,TESS station stars398; photometric inflection method; night median MSAS=17.71; MSAS at inflection=17.74; depression=18.32°; smoothing=5-pt median; dark rows=447
fajr,2020-08-02,04:06,0,43.815139,-1.380222,0.0,Zamorano J. et al. (2019). TESS-W sky brightness network. Zenodo monthly archives. https://zenodo.org/records/3378728. CC0 1.0.,TESS station stars398; photometric inflection method; night median MSAS=17.71; MSAS at inflection=16.36; depression=8.43°; smoothing=5-pt median; dark rows=447
isha,2020-08-03,20:20,0,43.815139,-1.380222,0.0,Zamorano J. et al. (2019). TESS-W sky brightness network. Zenodo monthly archives. https://zenodo.org/records/3378728. CC0 1.0.,TESS station stars398; photometric inflection method; night median MSAS=18.08; MSAS at inflection=16.39; depression=9.39°; smoothing=5-pt median; dark rows=451
fajr,2020-08-06,04:08,0,43.815139,-1.380222,0.0,Zamorano J. et al. (2019). TESS-W sky brightness network. Zenodo monthly archives. https://zenodo.org/records/3378728. CC0 1.0.,TESS station stars398; photometric inflection method; night median MSAS=18.52; MSAS at inflection=16.72; depression=9.04°; smoothing=5-pt median; dark rows=459
isha,2020-08-07,21:42,0,43.815139,-1.380222,0.0,Zamorano J. et al. (2019). TESS-W sky brightness network. Zenodo monthly archives. https://zenodo.org/records/3378728. CC0 1.0.,TESS station stars398; photometric inflection method; night median MSAS=18.44; MSAS at inflection=18.18; depression=21.17°; smoothing=5-pt median; dark rows=465
fajr,2020-08-08,02:56,0,43.815139,-1.380222,0.0,Zamorano J. et al. (2019). TESS-W sky brightness network. Zenodo monthly archives. https://zenodo.org/records/3378728. CC0 1.0.,TESS station stars398; photometric inflection method; night median MSAS=18.44; MSAS at inflection=17.56; depression=19.24°; smoothing=5-pt median; dark rows=465
isha,2020-08-09,20:40,0,43.815139,-1.380222,0.0,Zamorano J. et al. (2019). TESS-W sky brightness network. Zenodo monthly archives. https://zenodo.org/records/3378728. CC0 1.0.,TESS station stars398; photometric inflection method; night median MSAS=18.51; MSAS at inflection=18.49; depression=13.69°; smoothing=5-pt median; dark rows=471
isha,2020-08-10,20:53,0,43.815139,-1.380222,0.0,Zamorano J. et al. (2019). TESS-W sky brightness network. Zenodo monthly archives. https://zenodo.org/records/3378728. CC0 1.0.,TESS station stars398; photometric inflection method; night median MSAS=19.33; MSAS at inflection=20.02; depression=15.83°; smoothing=5-pt median; dark rows=474
isha,2020-08-11,20:37,0,43.815139,-1.380222,0.0,Zamorano J. et al. (2019). TESS-W sky brightness network. Zenodo monthly archives. https://zenodo.org/records/3378728. CC0 1.0.,TESS station stars398; photometric inflection method; night median MSAS=18.61; MSAS at inflection=18.60; depression=13.81°; smoothing=5-pt median; dark rows=477
fajr,2020-08-12,04:05,0,43.815139,-1.380222,0.0,Zamorano J. et al. (2019). TESS-W sky brightness network. Zenodo monthly archives. https://zenodo.org/records/3378728. CC0 1.0.,TESS station stars398; photometric inflection method; night median MSAS=18.61; MSAS at inflection=18.21; depression=10.63°; smoothing=5-pt median; dark rows=477
isha,2020-08-13,20:31,0,43.815139,-1.380222,0.0,Zamorano J. et al. (2019). TESS-W sky brightness network. Zenodo monthly archives. https://zenodo.org/records/3378728. CC0 1.0.,TESS station stars398; photometric inflection method; night median MSAS=20.13; MSAS at inflection=19.62; depression=13.52°; smoothing=5-pt median; dark rows=483
fajr,2020-08-14,03:27,0,43.815139,-1.380222,0.0,Zamorano J. et al. (2019). TESS-W sky brightness network. Zenodo monthly archives. https://zenodo.org/records/3378728. CC0 1.0.,TESS station stars398; photometric inflection method; night median MSAS=20.13; MSAS at inflection=20.27; depression=16.55°; smoothing=5-pt median; dark rows=483
isha,2020-08-15,20:35,0,43.815139,-1.380222,0.0,Zamorano J. et al. (2019). TESS-W sky brightness network. Zenodo monthly archives. https://zenodo.org/records/3378728. CC0 1.0.,TESS station stars398; photometric inflection method; night median MSAS=19.32; MSAS at inflection=18.03; depression=14.59°; smoothing=5-pt median; dark rows=488
fajr,2020-08-16,03:45,0,43.815139,-1.380222,0.0,Zamorano J. et al. (2019). TESS-W sky brightness network. Zenodo monthly archives. https://zenodo.org/records/3378728. CC0 1.0.,TESS station stars398; photometric inflection method; night median MSAS=19.32; MSAS at inflection=18.80; depression=14.44°; smoothing=5-pt median; dark rows=488
isha,2020-08-16,20:23,0,43.815139,-1.380222,0.0,Zamorano J. et al. (2019). TESS-W sky brightness network. Zenodo monthly archives. https://zenodo.org/records/3378728. CC0 1.0.,TESS station stars398; photometric inflection method; night median MSAS=20.49; MSAS at inflection=19.92; depression=13.10°; smoothing=5-pt median; dark rows=493
fajr,2020-08-17,04:14,0,43.815139,-1.380222,0.0,Zamorano J. et al. (2019). TESS-W sky brightness network. Zenodo monthly archives. https://zenodo.org/records/3378728. CC0 1.0.,TESS station stars398; photometric inflection method; night median MSAS=20.49; MSAS at inflection=18.03; depression=10.32°; smoothing=5-pt median; dark rows=493
isha,2020-08-18,20:02,0,43.815139,-1.380222,0.0,Zamorano J. et al. (2019). TESS-W sky brightness network. Zenodo monthly archives. https://zenodo.org/records/3378728. CC0 1.0.,TESS station stars398; photometric inflection method; night median MSAS=20.58; MSAS at inflection=18.68; depression=10.50°; smoothing=5-pt median; dark rows=497
isha,2020-08-20,21:06,0,43.815139,-1.380222,0.0,Zamorano J. et al. (2019). TESS-W sky brightness network. Zenodo monthly archives. https://zenodo.org/records/3378728. CC0 1.0.,TESS station stars398; photometric inflection method; night median MSAS=19.52; MSAS at inflection=18.50; depression=20.48°; smoothing=5-pt median; dark rows=503
fajr,2020-08-21,03:51,0,43.815139,-1.380222,0.0,Zamorano J. et al. (2019). TESS-W sky brightness network. Zenodo monthly archives. https://zenodo.org/records/3378728. CC0 1.0.,TESS station stars398; photometric inflection method; night median MSAS=19.52; MSAS at inflection=19.82; depression=14.66°; smoothing=5-pt median; dark rows=503
isha,2020-08-22,20:53,0,43.815139,-1.380222,0.0,Zamorano J. et al. (2019). TESS-W sky brightness network. Zenodo monthly archives. https://zenodo.org/records/3378728. CC0 1.0.,TESS station stars398; photometric inflection method; night median MSAS=20.37; MSAS at inflection=20.12; depression=19.22°; smoothing=5-pt median; dark rows=511
isha,2020-08-24,19:59,0,43.815139,-1.380222,0.0,Zamorano J. et al. (2019). TESS-W sky brightness network. Zenodo monthly archives. https://zenodo.org/records/3378728. CC0 1.0.,TESS station stars398; photometric inflection method; night median MSAS=20.62; MSAS at inflection=18.76; depression=11.77°; smoothing=5-pt median; dark rows=517
isha,2020-08-26,20:03,0,43.815139,-1.380222,0.0,Zamorano J. et al. (2019). TESS-W sky brightness network. Zenodo monthly archives. https://zenodo.org/records/3378728. CC0 1.0.,TESS station stars398; photometric inflection method; night median MSAS=19.88; MSAS at inflection=19.44; depression=12.99°; smoothing=5-pt median; dark rows=512
fajr,2020-08-27,04:27,0,43.815139,-1.380222,0.0,Zamorano J. et al. (2019). TESS-W sky brightness network. Zenodo monthly archives. https://zenodo.org/records/3378728. CC0 1.0.,TESS station stars398; photometric inflection method; night median MSAS=19.88; MSAS at inflection=18.22; depression=10.37°; smoothing=5-pt median; dark rows=512
isha,2020-08-27,20:51,0,43.815139,-1.380222,0.0,Zamorano J. et al. (2019). TESS-W sky brightness network. Zenodo monthly archives. https://zenodo.org/records/3378728. CC0 1.0.,TESS station stars398; photometric inflection method; night median MSAS=18.44; MSAS at inflection=17.03; depression=20.59°; smoothing=5-pt median; dark rows=504
fajr,2020-08-28,04:05,0,43.815139,-1.380222,0.0,Zamorano J. et al. (2019). TESS-W sky brightness network. Zenodo monthly archives. https://zenodo.org/records/3378728. CC0 1.0.,TESS station stars398; photometric inflection method; night median MSAS=18.44; MSAS at inflection=17.90; depression=14.10°; smoothing=5-pt median; dark rows=504
isha,2020-08-28,19:47,0,43.815139,-1.380222,0.0,Zamorano J. et al. (2019). TESS-W sky brightness network. Zenodo monthly archives. https://zenodo.org/records/3378728. CC0 1.0.,TESS station stars398; photometric inflection method; night median MSAS=19.27; MSAS at inflection=17.48; depression=11.03°; smoothing=5-pt median; dark rows=51
fajr,2020-08-29,04:23,0,43.815139,-1.380222,0.0,Zamorano J. et al. (2019). TESS-W sky brightness network. Zenodo monthly archives. https://zenodo.org/records/3378728. CC0 1.0.,TESS station stars398; photometric inflection method; night median MSAS=19.27; MSAS at inflection=18.95; depression=11.44°; smoothing=5-pt median; dark rows=51
isha,2020-08-29,20:17,0,43.815139,-1.380222,0.0,Zamorano J. et al. (2019). TESS-W sky brightness network. Zenodo monthly archives. https://zenodo.org/records/3378728. CC0 1.0.,TESS station stars398; photometric inflection method; night median MSAS=18.11; MSAS at inflection=18.19; depression=16.11°; smoothing=5-pt median; dark rows=529
fajr,2020-08-30,03:48,0,43.815139,-1.380222,0.0,Zamorano J. et al. (2019). TESS-W sky brightness network. Zenodo monthly archives. https://zenodo.org/records/3378728. CC0 1.0.,TESS station stars398; photometric inflection method; night median MSAS=18.11; MSAS at inflection=20.26; depression=17.22°; smoothing=5-pt median; dark rows=529
isha,2020-08-30,20:03,0,43.815139,-1.380222,0.0,Zamorano J. et al. (2019). TESS-W sky brightness network. Zenodo monthly archives. https://zenodo.org/records/3378728. CC0 1.0.,TESS station stars398; photometric inflection method; night median MSAS=18.91; MSAS at inflection=18.68; depression=14.26°; smoothing=5-pt median; dark rows=52
fajr,2020-08-31,04:17,0,43.815139,-1.380222,0.0,Zamorano J. et al. (2019). TESS-W sky brightness network. Zenodo monthly archives. https://zenodo.org/records/3378728. CC0 1.0.,TESS station stars398; photometric inflection method; night median MSAS=18.91; MSAS at inflection=19.93; depression=12.83°; smoothing=5-pt median; dark rows=52
isha,2020-08-31,19:36,0,43.815139,-1.380222,0.0,Zamorano J. et al. (2019). TESS-W sky brightness network. Zenodo monthly archives. https://zenodo.org/records/3378728. CC0 1.0.,TESS station stars398; photometric inflection method; night median MSAS=17.63; MSAS at inflection=17.49; depression=10.24°; smoothing=5-pt median; dark rows=260
isha,2020-08-18,20:05,-1,28.6865,-17.7665,0.0,Zamorano J. et al. (2019). TESS-W sky brightness network. Zenodo monthly archives. https://zenodo.org/records/3378728. CC0 1.0.,TESS station stars4; photometric inflection method; night median MSAS=19.34; MSAS at inflection=17.98; depression=16.99°; smoothing=5-pt median; dark rows=1130
fajr,2020-08-19,04:43,-1,28.6865,-17.7665,0.0,Zamorano J. et al. (2019). TESS-W sky brightness network. Zenodo monthly archives. https://zenodo.org/records/3378728. CC0 1.0.,TESS station stars4; photometric inflection method; night median MSAS=19.34; MSAS at inflection=19.05; depression=13.21°; smoothing=5-pt median; dark rows=1130
isha,2020-08-19,19:30,-1,28.6865,-17.7665,0.0,Zamorano J. et al. (2019). TESS-W sky brightness network. Zenodo monthly archives. https://zenodo.org/records/3378728. CC0 1.0.,TESS station stars4; photometric inflection method; night median MSAS=19.33; MSAS at inflection=17.44; depression=10.16°; smoothing=5-pt median; dark rows=1133
isha,2020-08-20,19:34,-1,28.6865,-17.7665,0.0,Zamorano J. et al. (2019). TESS-W sky brightness network. Zenodo monthly archives. https://zenodo.org/records/3378728. CC0 1.0.,TESS station stars4; photometric inflection method; night median MSAS=19.37; MSAS at inflection=17.98; depression=11.21°; smoothing=5-pt median; dark rows=1134
isha,2020-08-23,20:22,-1,28.6865,-17.7665,0.0,Zamorano J. et al. (2019). TESS-W sky brightness network. Zenodo monthly archives. https://zenodo.org/records/3378728. CC0 1.0.,TESS station stars4; photometric inflection method; night median MSAS=19.40; MSAS at inflection=18.48; depression=21.61°; smoothing=5-pt median; dark rows=1144
fajr,2020-08-24,04:03,-1,28.6865,-17.7665,0.0,Zamorano J. et al. (2019). TESS-W sky brightness network. Zenodo monthly archives. https://zenodo.org/records/3378728. CC0 1.0.,TESS station stars4; photometric inflection method; night median MSAS=19.40; MSAS at inflection=19.39; depression=21.86°; smoothing=5-pt median; dark rows=1144
fajr,2020-08-25,05:02,-1,28.6865,-17.7665,0.0,Zamorano J. et al. (2019). TESS-W sky brightness network. Zenodo monthly archives. https://zenodo.org/records/3378728. CC0 1.0.,TESS station stars4; photometric inflection method; night median MSAS=19.41; MSAS at inflection=17.75; depression=9.89°; smoothing=5-pt median; dark rows=1124
isha,2020-08-25,19:22,-1,28.6865,-17.7665,0.0,Zamorano J. et al. (2019). TESS-W sky brightness network. Zenodo monthly archives. https://zenodo.org/records/3378728. CC0 1.0.,TESS station stars4; photometric inflection method; night median MSAS=19.20; MSAS at inflection=17.10; depression=9.82°; smoothing=5-pt median; dark rows=1019
fajr,2020-08-26,04:42,-1,28.6865,-17.7665,0.0,Zamorano J. et al. (2019). TESS-W sky brightness network. Zenodo monthly archives. https://zenodo.org/records/3378728. CC0 1.0.,TESS station stars4; photometric inflection method; night median MSAS=19.20; MSAS at inflection=19.02; depression=14.19°; smoothing=5-pt median; dark rows=1019
isha,2020-08-26,19:30,-1,28.6865,-17.7665,0.0,Zamorano J. et al. (2019). TESS-W sky brightness network. Zenodo monthly archives. https://zenodo.org/records/3378728. CC0 1.0.,TESS station stars4; photometric inflection method; night median MSAS=18.77; MSAS at inflection=17.60; depression=11.79°; smoothing=5-pt median; dark rows=1159
fajr,2020-08-29,05:04,-1,28.6865,-17.7665,0.0,Zamorano J. et al. (2019). TESS-W sky brightness network. Zenodo monthly archives. https://zenodo.org/records/3378728. CC0 1.0.,TESS station stars4; photometric inflection method; night median MSAS=18.55; MSAS at inflection=17.84; depression=10.12°; smoothing=5-pt median; dark rows=1168
isha,2020-08-29,20:11,-1,28.6865,-17.7665,0.0,Zamorano J. et al. (2019). TESS-W sky brightness network. Zenodo monthly archives. https://zenodo.org/records/3378728. CC0 1.0.,TESS station stars4; photometric inflection method; night median MSAS=17.55; MSAS at inflection=17.75; depression=21.02°; smoothing=5-pt median; dark rows=1166
fajr,2020-08-30,04:43,-1,28.6865,-17.7665,0.0,Zamorano J. et al. (2019). TESS-W sky brightness network. Zenodo monthly archives. https://zenodo.org/records/3378728. CC0 1.0.,TESS station stars4; photometric inflection method; night median MSAS=17.55; MSAS at inflection=18.48; depression=14.62°; smoothing=5-pt median; dark rows=1166
isha,2020-08-30,19:39,-1,28.6865,-17.7665,0.0,Zamorano J. et al. (2019). TESS-W sky brightness network. Zenodo monthly archives. https://zenodo.org/records/3378728. CC0 1.0.,TESS station stars4; photometric inflection method; night median MSAS=17.68; MSAS at inflection=17.33; depression=14.72°; smoothing=5-pt median; dark rows=1151
fajr,2020-08-31,05:00,-1,28.6865,-17.7665,0.0,Zamorano J. et al. (2019). TESS-W sky brightness network. Zenodo monthly archives. https://zenodo.org/records/3378728. CC0 1.0.,TESS station stars4; photometric inflection method; night median MSAS=17.68; MSAS at inflection=17.33; depression=11.18°; smoothing=5-pt median; dark rows=1151
fajr,2020-08-02,03:51,-1,41.177424,-8.605964,0.0,Zamorano J. et al. (2019). TESS-W sky brightness network. Zenodo monthly archives. https://zenodo.org/records/3378728. CC0 1.0.,TESS station stars40; photometric inflection method; night median MSAS=17.65; MSAS at inflection=15.25; depression=7.35°; smoothing=5-pt median; dark rows=414
fajr,2020-08-05,03:34,-1,41.177424,-8.605964,0.0,Zamorano J. et al. (2019). TESS-W sky brightness network. Zenodo monthly archives. https://zenodo.org/records/3378728. CC0 1.0.,TESS station stars40; photometric inflection method; night median MSAS=17.57; MSAS at inflection=17.27; depression=10.69°; smoothing=5-pt median; dark rows=416
fajr,2020-08-06,03:41,-1,41.177424,-8.605964,0.0,Zamorano J. et al. (2019). TESS-W sky brightness network. Zenodo monthly archives. https://zenodo.org/records/3378728. CC0 1.0.,TESS station stars40; photometric inflection method; night median MSAS=17.54; MSAS at inflection=16.75; depression=9.82°; smoothing=5-pt median; dark rows=426
isha,2020-08-12,19:33,-1,41.177424,-8.605964,0.0,Zamorano J. et al. (2019). TESS-W sky brightness network. Zenodo monthly archives. https://zenodo.org/records/3378728. CC0 1.0.,TESS station stars40; photometric inflection method; night median MSAS=18.20; MSAS at inflection=17.39; depression=10.40°; smoothing=5-pt median; dark rows=442
isha,2020-08-14,20:36,-1,41.177424,-8.605964,0.0,Zamorano J. et al. (2019). TESS-W sky brightness network. Zenodo monthly archives. https://zenodo.org/records/3378728. CC0 1.0.,TESS station stars40; photometric inflection method; night median MSAS=17.79; MSAS at inflection=17.77; depression=20.58°; smoothing=5-pt median; dark rows=444
fajr,2020-08-15,04:02,-1,41.177424,-8.605964,0.0,Zamorano J. et al. (2019). TESS-W sky brightness network. Zenodo monthly archives. https://zenodo.org/records/3378728. CC0 1.0.,TESS station stars40; photometric inflection method; night median MSAS=17.79; MSAS at inflection=15.90; depression=8.12°; smoothing=5-pt median; dark rows=444
fajr,2020-08-16,02:39,-1,41.177424,-8.605964,0.0,Zamorano J. et al. (2019). TESS-W sky brightness network. Zenodo monthly archives. https://zenodo.org/records/3378728. CC0 1.0.,TESS station stars40; photometric inflection method; night median MSAS=18.01; MSAS at inflection=17.09; depression=21.11°; smoothing=5-pt median; dark rows=449
isha,2020-08-20,19:16,-1,41.177424,-8.605964,0.0,Zamorano J. et al. (2019). TESS-W sky brightness network. Zenodo monthly archives. https://zenodo.org/records/3378728. CC0 1.0.,TESS station stars40; photometric inflection method; night median MSAS=18.01; MSAS at inflection=17.13; depression=9.72°; smoothing=5-pt median; dark rows=453
isha,2020-08-22,19:05,-1,41.177424,-8.605964,0.0,Zamorano J. et al. (2019). TESS-W sky brightness network. Zenodo monthly archives. https://zenodo.org/records/3378728. CC0 1.0.,TESS station stars40; photometric inflection method; night median MSAS=18.24; MSAS at inflection=16.06; depression=8.53°; smoothing=5-pt median; dark rows=468
isha,2020-08-29,19:02,-1,41.177424,-8.605964,0.0,Zamorano J. et al. (2019). TESS-W sky brightness network. Zenodo monthly archives. https://zenodo.org/records/3378728. CC0 1.0.,TESS station stars40; photometric inflection method; night median MSAS=17.94; MSAS at inflection=17.16; depression=10.02°; smoothing=5-pt median; dark rows=486
fajr,2020-08-31,04:04,-1,41.177424,-8.605964,0.0,Zamorano J. et al. (2019). TESS-W sky brightness network. Zenodo monthly archives. https://zenodo.org/records/3378728. CC0 1.0.,TESS station stars40; photometric inflection method; night median MSAS=17.82; MSAS at inflection=17.91; depression=10.83°; smoothing=5-pt median; dark rows=483
isha,2020-08-01,19:48,-1,41.177424,-8.605964,0.0,Zamorano J. et al. (2019). TESS-W sky brightness network. Zenodo monthly archives. https://zenodo.org/records/3378728. CC0 1.0.,TESS station stars41; photometric inflection method; night median MSAS=17.92; MSAS at inflection=17.57; depression=10.27°; smoothing=5-pt median; dark rows=409
fajr,2020-08-02,03:37,-1,41.177424,-8.605964,0.0,Zamorano J. et al. (2019). TESS-W sky brightness network. Zenodo monthly archives. https://zenodo.org/records/3378728. CC0 1.0.,TESS station stars41; photometric inflection method; night median MSAS=17.92; MSAS at inflection=17.73; depression=9.69°; smoothing=5-pt median; dark rows=409
fajr,2020-08-04,03:41,-1,41.177424,-8.605964,0.0,Zamorano J. et al. (2019). TESS-W sky brightness network. Zenodo monthly archives. https://zenodo.org/records/3378728. CC0 1.0.,TESS station stars41; photometric inflection method; night median MSAS=17.82; MSAS at inflection=17.37; depression=9.44°; smoothing=5-pt median; dark rows=421
isha,2020-08-05,19:46,-1,41.177424,-8.605964,0.0,Zamorano J. et al. (2019). TESS-W sky brightness network. Zenodo monthly archives. https://zenodo.org/records/3378728. CC0 1.0.,TESS station stars41; photometric inflection method; night median MSAS=17.82; MSAS at inflection=17.95; depression=10.93°; smoothing=5-pt median; dark rows=420
isha,2020-08-12,19:17,-1,41.177424,-8.605964,0.0,Zamorano J. et al. (2019). TESS-W sky brightness network. Zenodo monthly archives. https://zenodo.org/records/3378728. CC0 1.0.,TESS station stars41; photometric inflection method; night median MSAS=18.38; MSAS at inflection=15.99; depression=7.78°; smoothing=5-pt median; dark rows=439
fajr,2020-08-15,03:55,-1,41.177424,-8.605964,0.0,Zamorano J. et al. (2019). TESS-W sky brightness network. Zenodo monthly archives. https://zenodo.org/records/3378728. CC0 1.0.,TESS station stars41; photometric inflection method; night median MSAS=17.99; MSAS at inflection=17.33; depression=9.20°; smoothing=5-pt median; dark rows=445
isha,2020-08-15,19:23,-1,41.177424,-8.605964,0.0,Zamorano J. et al. (2019). TESS-W sky brightness network. Zenodo monthly archives. https://zenodo.org/records/3378728. CC0 1.0.,TESS station stars41; photometric inflection method; night median MSAS=18.19; MSAS at inflection=17.43; depression=9.55°; smoothing=5-pt median; dark rows=442
isha,2020-08-20,19:29,-1,41.177424,-8.605964,0.0,Zamorano J. et al. (2019). TESS-W sky brightness network. Zenodo monthly archives. https://zenodo.org/records/3378728. CC0 1.0.,TESS station stars41; photometric inflection method; night median MSAS=18.25; MSAS at inflection=17.66; depression=11.98°; smoothing=5-pt median; dark rows=452
fajr,2020-08-21,04:11,-1,41.177424,-8.605964,0.0,Zamorano J. et al. (2019). TESS-W sky brightness network. Zenodo monthly archives. https://zenodo.org/records/3378728. CC0 1.0.,TESS station stars41; photometric inflection method; night median MSAS=18.25; MSAS at inflection=16.10; depression=7.73°; smoothing=5-pt median; dark rows=452
isha,2020-08-21,19:07,-1,41.177424,-8.605964,0.0,Zamorano J. et al. (2019). TESS-W sky brightness network. Zenodo monthly archives. https://zenodo.org/records/3378728. CC0 1.0.,TESS station stars41; photometric inflection method; night median MSAS=18.47; MSAS at inflection=16.57; depression=8.48°; smoothing=5-pt median; dark rows=463
isha,2020-08-22,19:05,-1,41.177424,-8.605964,0.0,Zamorano J. et al. (2019). TESS-W sky brightness network. Zenodo monthly archives. https://zenodo.org/records/3378728. CC0 1.0.,TESS station stars41; photometric inflection method; night median MSAS=18.49; MSAS at inflection=16.44; depression=8.39°; smoothing=5-pt median; dark rows=466
isha,2020-08-23,19:01,-1,41.177424,-8.605964,0.0,Zamorano J. et al. (2019). TESS-W sky brightness network. Zenodo monthly archives. https://zenodo.org/records/3378728. CC0 1.0.,TESS station stars41; photometric inflection method; night median MSAS=18.49; MSAS at inflection=16.50; depression=8.11°; smoothing=5-pt median; dark rows=468
isha,2020-08-25,19:05,-1,41.177424,-8.605964,0.0,Zamorano J. et al. (2019). TESS-W sky brightness network. Zenodo monthly archives. https://zenodo.org/records/3378728. CC0 1.0.,TESS station stars41; photometric inflection method; night median MSAS=18.56; MSAS at inflection=17.35; depression=9.34°; smoothing=5-pt median; dark rows=474
fajr,2020-08-26,04:11,-1,41.177424,-8.605964,0.0,Zamorano J. et al. (2019). TESS-W sky brightness network. Zenodo monthly archives. https://zenodo.org/records/3378728. CC0 1.0.,TESS station stars41; photometric inflection method; night median MSAS=18.56; MSAS at inflection=16.96; depression=8.62°; smoothing=5-pt median; dark rows=474
isha,2020-08-28,19:11,-1,41.177424,-8.605964,0.0,Zamorano J. et al. (2019). TESS-W sky brightness network. Zenodo monthly archives. https://zenodo.org/records/3378728. CC0 1.0.,TESS station stars41; photometric inflection method; night median MSAS=18.31; MSAS at inflection=17.89; depression=11.28°; smoothing=5-pt median; dark rows=476
fajr,2020-08-30,04:14,-1,41.177424,-8.605964,0.0,Zamorano J. et al. (2019). TESS-W sky brightness network. Zenodo monthly archives. https://zenodo.org/records/3378728. CC0 1.0.,TESS station stars41; photometric inflection method; night median MSAS=18.22; MSAS at inflection=17.23; depression=8.92°; smoothing=5-pt median; dark rows=480
isha,2020-08-16,20:08,0,40.923742,-1.495649,0.0,Zamorano J. et al. (2019). TESS-W sky brightness network. Zenodo monthly archives. https://zenodo.org/records/3378728. CC0 1.0.,TESS station stars44; photometric inflection method; night median MSAS=20.95; MSAS at inflection=19.77; depression=12.22°; smoothing=5-pt median; dark rows=504
isha,2020-08-17,19:54,0,40.923742,-1.495649,0.0,Zamorano J. et al. (2019). TESS-W sky brightness network. Zenodo monthly archives. https://zenodo.org/records/3378728. CC0 1.0.,TESS station stars44; photometric inflection method; night median MSAS=20.94; MSAS at inflection=18.61; depression=10.18°; smoothing=5-pt median; dark rows=507
fajr,2020-08-18,04:23,0,40.923742,-1.495649,0.0,Zamorano J. et al. (2019). TESS-W sky brightness network. Zenodo monthly archives. https://zenodo.org/records/3378728. CC0 1.0.,TESS station stars44; photometric inflection method; night median MSAS=20.94; MSAS at inflection=18.83; depression=10.58°; smoothing=5-pt median; dark rows=507
fajr,2020-08-19,04:11,0,40.923742,-1.495649,0.0,Zamorano J. et al. (2019). TESS-W sky brightness network. Zenodo monthly archives. https://zenodo.org/records/3378728. CC0 1.0.,TESS station stars44; photometric inflection method; night median MSAS=20.84; MSAS at inflection=20.35; depression=12.63°; smoothing=5-pt median; dark rows=508
isha,2020-08-19,19:53,0,40.923742,-1.495649,0.0,Zamorano J. et al. (2019). TESS-W sky brightness network. Zenodo monthly archives. https://zenodo.org/records/3378728. CC0 1.0.,TESS station stars44; photometric inflection method; night median MSAS=20.79; MSAS at inflection=18.36; depression=10.48°; smoothing=5-pt median; dark rows=511
isha,2020-08-21,20:02,0,40.923742,-1.495649,0.0,Zamorano J. et al. (2019). TESS-W sky brightness network. Zenodo monthly archives. https://zenodo.org/records/3378728. CC0 1.0.,TESS station stars44; photometric inflection method; night median MSAS=20.90; MSAS at inflection=19.96; depression=12.62°; smoothing=5-pt median; dark rows=519
fajr,2020-08-31,04:36,0,40.923742,-1.495649,0.0,Zamorano J. et al. (2019). TESS-W sky brightness network. Zenodo monthly archives. https://zenodo.org/records/3378728. CC0 1.0.,TESS station stars44; photometric inflection method; night median MSAS=19.00; MSAS at inflection=19.18; depression=10.95°; smoothing=5-pt median; dark rows=544
isha,2020-08-05,20:26,1,45.402694,11.884872,0.0,Zamorano J. et al. (2019). TESS-W sky brightness network. Zenodo monthly archives. https://zenodo.org/records/3378728. CC0 1.0.,TESS station stars47; photometric inflection method; night median MSAS=18.41; MSAS at inflection=16.52; depression=8.73°; smoothing=5-pt median; dark rows=322
fajr,2020-08-06,03:42,1,45.402694,11.884872,0.0,Zamorano J. et al. (2019). TESS-W sky brightness network. Zenodo monthly archives. https://zenodo.org/records/3378728. CC0 1.0.,TESS station stars47; photometric inflection method; night median MSAS=18.41; MSAS at inflection=16.75; depression=12.74°; smoothing=5-pt median; dark rows=322
isha,2020-08-06,20:39,1,45.402694,11.884872,0.0,Zamorano J. et al. (2019). TESS-W sky brightness network. Zenodo monthly archives. https://zenodo.org/records/3378728. CC0 1.0.,TESS station stars47; photometric inflection method; night median MSAS=17.68; MSAS at inflection=17.93; depression=10.91°; smoothing=5-pt median; dark rows=325
fajr,2020-08-07,02:44,1,45.402694,11.884872,0.0,Zamorano J. et al. (2019). TESS-W sky brightness network. Zenodo monthly archives. https://zenodo.org/records/3378728. CC0 1.0.,TESS station stars47; photometric inflection method; night median MSAS=17.68; MSAS at inflection=17.06; depression=19.92°; smoothing=5-pt median; dark rows=325
isha,2020-08-08,20:41,1,45.402694,11.884872,0.0,Zamorano J. et al. (2019). TESS-W sky brightness network. Zenodo monthly archives. https://zenodo.org/records/3378728. CC0 1.0.,TESS station stars47; photometric inflection method; night median MSAS=18.23; MSAS at inflection=18.01; depression=11.60°; smoothing=5-pt median; dark rows=344
fajr,2020-08-09,04:10,1,45.402694,11.884872,0.0,Zamorano J. et al. (2019). TESS-W sky brightness network. Zenodo monthly archives. https://zenodo.org/records/3378728. CC0 1.0.,TESS station stars47; photometric inflection method; night median MSAS=18.23; MSAS at inflection=16.98; depression=9.47°; smoothing=5-pt median; dark rows=344
fajr,2020-08-10,04:13,1,45.402694,11.884872,0.0,Zamorano J. et al. (2019). TESS-W sky brightness network. Zenodo monthly archives. https://zenodo.org/records/3378728. CC0 1.0.,TESS station stars47; photometric inflection method; night median MSAS=18.05; MSAS at inflection=16.81; depression=9.16°; smoothing=5-pt median; dark rows=335
isha,2020-08-10,20:32,1,45.402694,11.884872,0.0,Zamorano J. et al. (2019). TESS-W sky brightness network. Zenodo monthly archives. https://zenodo.org/records/3378728. CC0 1.0.,TESS station stars47; photometric inflection method; night median MSAS=18.02; MSAS at inflection=17.86; depression=10.83°; smoothing=5-pt median; dark rows=329
fajr,2020-08-11,04:17,1,45.402694,11.884872,0.0,Zamorano J. et al. (2019). TESS-W sky brightness network. Zenodo monthly archives. https://zenodo.org/records/3378728. CC0 1.0.,TESS station stars47; photometric inflection method; night median MSAS=18.02; MSAS at inflection=16.62; depression=8.81°; smoothing=5-pt median; dark rows=329
isha,2020-08-11,20:14,1,45.402694,11.884872,0.0,Zamorano J. et al. (2019). TESS-W sky brightness network. Zenodo monthly archives. https://zenodo.org/records/3378728. CC0 1.0.,TESS station stars47; photometric inflection method; night median MSAS=18.07; MSAS at inflection=16.60; depression=8.47°; smoothing=5-pt median; dark rows=343
fajr,2020-08-12,04:23,1,45.402694,11.884872,0.0,Zamorano J. et al. (2019). TESS-W sky brightness network. Zenodo monthly archives. https://zenodo.org/records/3378728. CC0 1.0.,TESS station stars47; photometric inflection method; night median MSAS=18.07; MSAS at inflection=16.05; depression=8.16°; smoothing=5-pt median; dark rows=343
isha,2020-08-12,20:37,1,45.402694,11.884872,0.0,Zamorano J. et al. (2019). TESS-W sky brightness network. Zenodo monthly archives. https://zenodo.org/records/3378728. CC0 1.0.,TESS station stars47; photometric inflection method; night median MSAS=17.80; MSAS at inflection=17.16; depression=12.08°; smoothing=5-pt median; dark rows=344
isha,2020-08-13,20:11,1,45.402694,11.884872,0.0,Zamorano J. et al. (2019). TESS-W sky brightness network. Zenodo monthly archives. https://zenodo.org/records/3378728. CC0 1.0.,TESS station stars47; photometric inflection method; night median MSAS=18.15; MSAS at inflection=16.70; depression=8.59°; smoothing=5-pt median; dark rows=328
fajr,2020-08-14,03:10,1,45.402694,11.884872,0.0,Zamorano J. et al. (2019). TESS-W sky brightness network. Zenodo monthly archives. https://zenodo.org/records/3378728. CC0 1.0.,TESS station stars47; photometric inflection method; night median MSAS=18.15; MSAS at inflection=16.99; depression=18.69°; smoothing=5-pt median; dark rows=328
isha,2020-08-14,20:20,1,45.402694,11.884872,0.0,Zamorano J. et al. (2019). TESS-W sky brightness network. Zenodo monthly archives. https://zenodo.org/records/3378728. CC0 1.0.,TESS station stars47; photometric inflection method; night median MSAS=17.72; MSAS at inflection=17.46; depression=10.18°; smoothing=5-pt median; dark rows=349
isha,2020-08-15,20:27,1,45.402694,11.884872,0.0,Zamorano J. et al. (2019). TESS-W sky brightness network. Zenodo monthly archives. https://zenodo.org/records/3378728. CC0 1.0.,TESS station stars47; photometric inflection method; night median MSAS=18.61; MSAS at inflection=18.35; depression=11.58°; smoothing=5-pt median; dark rows=356
isha,2020-08-16,20:04,1,45.402694,11.884872,0.0,Zamorano J. et al. (2019). TESS-W sky brightness network. Zenodo monthly archives. https://zenodo.org/records/3378728. CC0 1.0.,TESS station stars47; photometric inflection method; night median MSAS=17.80; MSAS at inflection=16.36; depression=8.25°; smoothing=5-pt median; dark rows=347
isha,2020-08-17,20:56,1,45.402694,11.884872,0.0,Zamorano J. et al. (2019). TESS-W sky brightness network. Zenodo monthly archives. https://zenodo.org/records/3378728. CC0 1.0.,TESS station stars47; photometric inflection method; night median MSAS=18.50; MSAS at inflection=17.31; depression=16.15°; smoothing=5-pt median; dark rows=341
isha,2020-08-19,21:30,1,45.402694,11.884872,0.0,Zamorano J. et al. (2019). TESS-W sky brightness network. Zenodo monthly archives. https://zenodo.org/records/3378728. CC0 1.0.,TESS station stars47; photometric inflection method; night median MSAS=17.76; MSAS at inflection=17.55; depression=21.25°; smoothing=5-pt median; dark rows=326
fajr,2020-08-20,04:38,1,45.402694,11.884872,0.0,Zamorano J. et al. (2019). TESS-W sky brightness network. Zenodo monthly archives. https://zenodo.org/records/3378728. CC0 1.0.,TESS station stars47; photometric inflection method; night median MSAS=17.76; MSAS at inflection=15.39; depression=7.48°; smoothing=5-pt median; dark rows=326
isha,2020-08-20,20:23,1,45.402694,11.884872,0.0,Zamorano J. et al. (2019). TESS-W sky brightness network. Zenodo monthly archives. https://zenodo.org/records/3378728. CC0 1.0.,TESS station stars47; photometric inflection method; night median MSAS=18.34; MSAS at inflection=18.22; depression=12.44°; smoothing=5-pt median; dark rows=371
fajr,2020-08-21,04:35,1,45.402694,11.884872,0.0,Zamorano J. et al. (2019). TESS-W sky brightness network. Zenodo monthly archives. https://zenodo.org/records/3378728. CC0 1.0.,TESS station stars47; photometric inflection method; night median MSAS=18.34; MSAS at inflection=15.98; depression=8.22°; smoothing=5-pt median; dark rows=371
fajr,2020-08-22,04:36,1,45.402694,11.884872,0.0,Zamorano J. et al. (2019). TESS-W sky brightness network. Zenodo monthly archives. https://zenodo.org/records/3378728. CC0 1.0.,TESS station stars47; photometric inflection method; night median MSAS=18.48; MSAS at inflection=16.02; depression=8.31°; smoothing=5-pt median; dark rows=373
isha,2020-08-22,20:15,1,45.402694,11.884872,0.0,Zamorano J. et al. (2019). TESS-W sky brightness network. Zenodo monthly archives. https://zenodo.org/records/3378728. CC0 1.0.,TESS station stars47; photometric inflection method; night median MSAS=18.30; MSAS at inflection=17.05; depression=11.76°; smoothing=5-pt median; dark rows=350
fajr,2020-08-23,03:34,1,45.402694,11.884872,0.0,Zamorano J. et al. (2019). TESS-W sky brightness network. Zenodo monthly archives. https://zenodo.org/records/3378728. CC0 1.0.,TESS station stars47; photometric inflection method; night median MSAS=18.30; MSAS at inflection=17.33; depression=17.76°; smoothing=5-pt median; dark rows=350
fajr,2020-08-24,04:39,1,45.402694,11.884872,0.0,Zamorano J. et al. (2019). TESS-W sky brightness network. Zenodo monthly archives. https://zenodo.org/records/3378728. CC0 1.0.,TESS station stars47; photometric inflection method; night median MSAS=18.73; MSAS at inflection=16.33; depression=8.15°; smoothing=5-pt median; dark rows=355
isha,2020-08-24,19:55,1,45.402694,11.884872,0.0,Zamorano J. et al. (2019). TESS-W sky brightness network. Zenodo monthly archives. https://zenodo.org/records/3378728. CC0 1.0.,TESS station stars47; photometric inflection method; night median MSAS=18.38; MSAS at inflection=16.77; depression=9.34°; smoothing=5-pt median; dark rows=350
fajr,2020-08-25,04:27,1,45.402694,11.884872,0.0,Zamorano J. et al. (2019). TESS-W sky brightness network. Zenodo monthly archives. https://zenodo.org/records/3378728. CC0 1.0.,TESS station stars47; photometric inflection method; night median MSAS=18.38; MSAS at inflection=18.10; depression=10.38°; smoothing=5-pt median; dark rows=350
isha,2020-08-25,20:22,1,45.402694,11.884872,0.0,Zamorano J. et al. (2019). TESS-W sky brightness network. Zenodo monthly archives. https://zenodo.org/records/3378728. CC0 1.0.,TESS station stars47; photometric inflection method; night median MSAS=18.57; MSAS at inflection=18.28; depression=13.82°; smoothing=5-pt median; dark rows=347
fajr,2020-08-26,04:17,1,45.402694,11.884872,0.0,Zamorano J. et al. (2019). TESS-W sky brightness network. Zenodo monthly archives. https://zenodo.org/records/3378728. CC0 1.0.,TESS station stars47; photometric inflection method; night median MSAS=18.57; MSAS at inflection=18.49; depression=12.12°; smoothing=5-pt median; dark rows=347
isha,2020-08-27,20:02,1,45.402694,11.884872,0.0,Zamorano J. et al. (2019). TESS-W sky brightness network. Zenodo monthly archives. https://zenodo.org/records/3378728. CC0 1.0.,TESS station stars47; photometric inflection method; night median MSAS=18.30; MSAS at inflection=17.64; depression=11.40°; smoothing=5-pt median; dark rows=359
isha,2020-08-30,19:43,1,45.402694,11.884872,0.0,Zamorano J. et al. (2019). TESS-W sky brightness network. Zenodo monthly archives. https://zenodo.org/records/3378728. CC0 1.0.,TESS station stars47; photometric inflection method; night median MSAS=17.55; MSAS at inflection=16.95; depression=9.27°; smoothing=5-pt median; dark rows=376
fajr,2020-08-31,03:37,1,45.402694,11.884872,0.0,Zamorano J. et al. (2019). TESS-W sky brightness network. Zenodo monthly archives. https://zenodo.org/records/3378728. CC0 1.0.,TESS station stars47; photometric inflection method; night median MSAS=17.55; MSAS at inflection=17.30; depression=19.25°; smoothing=5-pt median; dark rows=376
fajr,2020-08-05,04:39,0,36.879285,-2.438345,0.0,Zamorano J. et al. (2019). TESS-W sky brightness network. Zenodo monthly archives. https://zenodo.org/records/3378728. CC0 1.0.,TESS station stars52; photometric inflection method; night median MSAS=17.84; MSAS at inflection=15.58; depression=8.00°; smoothing=5-pt median; dark rows=985
isha,2020-08-05,19:55,0,36.879285,-2.438345,0.0,Zamorano J. et al. (2019). TESS-W sky brightness network. Zenodo monthly archives. https://zenodo.org/records/3378728. CC0 1.0.,TESS station stars52; photometric inflection method; night median MSAS=17.99; MSAS at inflection=16.20; depression=8.69°; smoothing=5-pt median; dark rows=1003
fajr,2020-08-06,04:37,0,36.879285,-2.438345,0.0,Zamorano J. et al. (2019). TESS-W sky brightness network. Zenodo monthly archives. https://zenodo.org/records/3378728. CC0 1.0.,TESS station stars52; photometric inflection method; night median MSAS=17.99; MSAS at inflection=15.95; depression=8.46°; smoothing=5-pt median; dark rows=1003
fajr,2020-08-07,04:20,0,36.879285,-2.438345,0.0,Zamorano J. et al. (2019). TESS-W sky brightness network. Zenodo monthly archives. https://zenodo.org/records/3378728. CC0 1.0.,TESS station stars52; photometric inflection method; night median MSAS=18.05; MSAS at inflection=17.61; depression=11.55°; smoothing=5-pt median; dark rows=955
isha,2020-08-07,19:54,0,36.879285,-2.438345,0.0,Zamorano J. et al. (2019). TESS-W sky brightness network. Zenodo monthly archives. https://zenodo.org/records/3378728. CC0 1.0.,TESS station stars52; photometric inflection method; night median MSAS=18.36; MSAS at inflection=16.51; depression=8.91°; smoothing=5-pt median; dark rows=1013
fajr,2020-08-08,04:37,0,36.879285,-2.438345,0.0,Zamorano J. et al. (2019). TESS-W sky brightness network. Zenodo monthly archives. https://zenodo.org/records/3378728. CC0 1.0.,TESS station stars52; photometric inflection method; night median MSAS=18.36; MSAS at inflection=16.31; depression=8.87°; smoothing=5-pt median; dark rows=1013
fajr,2020-08-10,04:33,0,36.879285,-2.438345,0.0,Zamorano J. et al. (2019). TESS-W sky brightness network. Zenodo monthly archives. https://zenodo.org/records/3378728. CC0 1.0.,TESS station stars52; photometric inflection method; night median MSAS=18.16; MSAS at inflection=17.10; depression=9.84°; smoothing=5-pt median; dark rows=1016
fajr,2020-08-13,04:42,0,36.879285,-2.438345,0.0,Zamorano J. et al. (2019). TESS-W sky brightness network. Zenodo monthly archives. https://zenodo.org/records/3378728. CC0 1.0.,TESS station stars52; photometric inflection method; night median MSAS=18.71; MSAS at inflection=16.47; depression=8.79°; smoothing=5-pt median; dark rows=989
isha,2020-08-13,19:54,0,36.879285,-2.438345,0.0,Zamorano J. et al. (2019). TESS-W sky brightness network. Zenodo monthly archives. https://zenodo.org/records/3378728. CC0 1.0.,TESS station stars52; photometric inflection method; night median MSAS=18.86; MSAS at inflection=17.60; depression=10.34°; smoothing=5-pt median; dark rows=1033
fajr,2020-08-14,04:34,0,36.879285,-2.438345,0.0,Zamorano J. et al. (2019). TESS-W sky brightness network. Zenodo monthly archives. https://zenodo.org/records/3378728. CC0 1.0.,TESS station stars52; photometric inflection method; night median MSAS=18.86; MSAS at inflection=17.76; depression=10.42°; smoothing=5-pt median; dark rows=1033
isha,2020-08-14,20:52,0,36.879285,-2.438345,0.0,Zamorano J. et al. (2019). TESS-W sky brightness network. Zenodo monthly archives. https://zenodo.org/records/3378728. CC0 1.0.,TESS station stars52; photometric inflection method; night median MSAS=18.74; MSAS at inflection=18.62; depression=20.44°; smoothing=5-pt median; dark rows=1041
fajr,2020-08-15,04:32,0,36.879285,-2.438345,0.0,Zamorano J. et al. (2019). TESS-W sky brightness network. Zenodo monthly archives. https://zenodo.org/records/3378728. CC0 1.0.,TESS station stars52; photometric inflection method; night median MSAS=18.74; MSAS at inflection=18.03; depression=10.85°; smoothing=5-pt median; dark rows=1041
isha,2020-08-15,20:08,0,36.879285,-2.438345,0.0,Zamorano J. et al. (2019). TESS-W sky brightness network. Zenodo monthly archives. https://zenodo.org/records/3378728. CC0 1.0.,TESS station stars52; photometric inflection method; night median MSAS=18.44; MSAS at inflection=18.44; depression=13.36°; smoothing=5-pt median; dark rows=1039
fajr,2020-08-16,03:29,0,36.879285,-2.438345,0.0,Zamorano J. et al. (2019). TESS-W sky brightness network. Zenodo monthly archives. https://zenodo.org/records/3378728. CC0 1.0.,TESS station stars52; photometric inflection method; night median MSAS=18.44; MSAS at inflection=18.62; depression=21.74°; smoothing=5-pt median; dark rows=1039
isha,2020-08-16,19:50,0,36.879285,-2.438345,0.0,Zamorano J. et al. (2019). TESS-W sky brightness network. Zenodo monthly archives. https://zenodo.org/records/3378728. CC0 1.0.,TESS station stars52; photometric inflection method; night median MSAS=18.87; MSAS at inflection=17.72; depression=10.39°; smoothing=5-pt median; dark rows=1036
fajr,2020-08-17,04:41,0,36.879285,-2.438345,0.0,Zamorano J. et al. (2019). TESS-W sky brightness network. Zenodo monthly archives. https://zenodo.org/records/3378728. CC0 1.0.,TESS station stars52; photometric inflection method; night median MSAS=18.87; MSAS at inflection=17.24; depression=9.64°; smoothing=5-pt median; dark rows=1036
isha,2020-08-17,19:50,0,36.879285,-2.438345,0.0,Zamorano J. et al. (2019). TESS-W sky brightness network. Zenodo monthly archives. https://zenodo.org/records/3378728. CC0 1.0.,TESS station stars52; photometric inflection method; night median MSAS=18.89; MSAS at inflection=17.77; depression=10.55°; smoothing=5-pt median; dark rows=1039
isha,2020-08-19,19:48,0,36.879285,-2.438345,0.0,Zamorano J. et al. (2019). TESS-W sky brightness network. Zenodo monthly archives. https://zenodo.org/records/3378728. CC0 1.0.,TESS station stars52; photometric inflection method; night median MSAS=18.45; MSAS at inflection=17.75; depression=10.81°; smoothing=5-pt median; dark rows=1070
fajr,2020-08-20,04:47,0,36.879285,-2.438345,0.0,Zamorano J. et al. (2019). TESS-W sky brightness network. Zenodo monthly archives. https://zenodo.org/records/3378728. CC0 1.0.,TESS station stars52; photometric inflection method; night median MSAS=18.45; MSAS at inflection=16.49; depression=9.06°; smoothing=5-pt median; dark rows=1070
fajr,2020-08-21,03:39,0,36.879285,-2.438345,0.0,Zamorano J. et al. (2019). TESS-W sky brightness network. Zenodo monthly archives. https://zenodo.org/records/3378728. CC0 1.0.,TESS station stars52; photometric inflection method; night median MSAS=18.41; MSAS at inflection=18.00; depression=21.23°; smoothing=5-pt median; dark rows=1058
fajr,2020-08-22,04:46,0,36.879285,-2.438345,0.0,Zamorano J. et al. (2019). TESS-W sky brightness network. Zenodo monthly archives. https://zenodo.org/records/3378728. CC0 1.0.,TESS station stars52; photometric inflection method; night median MSAS=18.68; MSAS at inflection=17.19; depression=9.64°; smoothing=5-pt median; dark rows=1070
isha,2020-08-22,19:35,0,36.879285,-2.438345,0.0,Zamorano J. et al. (2019). TESS-W sky brightness network. Zenodo monthly archives. https://zenodo.org/records/3378728. CC0 1.0.,TESS station stars52; photometric inflection method; night median MSAS=18.61; MSAS at inflection=16.66; depression=9.20°; smoothing=5-pt median; dark rows=1056
isha,2020-08-23,19:39,0,36.879285,-2.438345,0.0,Zamorano J. et al. (2019). TESS-W sky brightness network. Zenodo monthly archives. https://zenodo.org/records/3378728. CC0 1.0.,TESS station stars52; photometric inflection method; night median MSAS=18.53; MSAS at inflection=17.34; depression=10.15°; smoothing=5-pt median; dark rows=1068
isha,2020-08-24,19:53,0,36.879285,-2.438345,0.0,Zamorano J. et al. (2019). TESS-W sky brightness network. Zenodo monthly archives. https://zenodo.org/records/3378728. CC0 1.0.,TESS station stars52; photometric inflection method; night median MSAS=18.67; MSAS at inflection=18.16; depression=13.06°; smoothing=5-pt median; dark rows=1082
fajr,2020-08-25,04:40,0,36.879285,-2.438345,0.0,Zamorano J. et al. (2019). TESS-W sky brightness network. Zenodo monthly archives. https://zenodo.org/records/3378728. CC0 1.0.,TESS station stars52; photometric inflection method; night median MSAS=18.67; MSAS at inflection=18.15; depression=11.21°; smoothing=5-pt median; dark rows=1082
isha,2020-08-26,19:27,0,36.879285,-2.438345,0.0,Zamorano J. et al. (2019). TESS-W sky brightness network. Zenodo monthly archives. https://zenodo.org/records/3378728. CC0 1.0.,TESS station stars52; photometric inflection method; night median MSAS=18.61; MSAS at inflection=16.36; depression=8.85°; smoothing=5-pt median; dark rows=1091
fajr,2020-08-27,04:50,0,36.879285,-2.438345,0.0,Zamorano J. et al. (2019). TESS-W sky brightness network. Zenodo monthly archives. https://zenodo.org/records/3378728. CC0 1.0.,TESS station stars52; photometric inflection method; night median MSAS=18.61; MSAS at inflection=17.20; depression=9.71°; smoothing=5-pt median; dark rows=1091
fajr,2020-08-28,04:25,0,36.879285,-2.438345,0.0,Zamorano J. et al. (2019). TESS-W sky brightness network. Zenodo monthly archives. https://zenodo.org/records/3378728. CC0 1.0.,TESS station stars52; photometric inflection method; night median MSAS=18.22; MSAS at inflection=18.09; depression=14.51°; smoothing=5-pt median; dark rows=1095
fajr,2020-08-29,04:41,0,36.879285,-2.438345,0.0,Zamorano J. et al. (2019). TESS-W sky brightness network. Zenodo monthly archives. https://zenodo.org/records/3378728. CC0 1.0.,TESS station stars52; photometric inflection method; night median MSAS=18.46; MSAS at inflection=18.25; depression=11.70°; smoothing=5-pt median; dark rows=1093
isha,2020-08-29,19:24,0,36.879285,-2.438345,0.0,Zamorano J. et al. (2019). TESS-W sky brightness network. Zenodo monthly archives. https://zenodo.org/records/3378728. CC0 1.0.,TESS station stars52; photometric inflection method; night median MSAS=18.27; MSAS at inflection=16.64; depression=8.98°; smoothing=5-pt median; dark rows=1087
fajr,2020-08-30,04:36,0,36.879285,-2.438345,0.0,Zamorano J. et al. (2019). TESS-W sky brightness network. Zenodo monthly archives. https://zenodo.org/records/3378728. CC0 1.0.,TESS station stars52; photometric inflection method; night median MSAS=18.27; MSAS at inflection=18.73; depression=12.95°; smoothing=5-pt median; dark rows=1087
fajr,2020-08-31,03:50,0,36.879285,-2.438345,0.0,Zamorano J. et al. (2019). TESS-W sky brightness network. Zenodo monthly archives. https://zenodo.org/records/3378728. CC0 1.0.,TESS station stars52; photometric inflection method; night median MSAS=18.20; MSAS at inflection=18.86; depression=21.34°; smoothing=5-pt median; dark rows=1072
fajr,2020-08-01,03:24,-5,45.734626,-71.676243,0.0,Zamorano J. et al. (2019). TESS-W sky brightness network. Zenodo monthly archives. https://zenodo.org/records/3378728. CC0 1.0.,TESS station stars60; photometric inflection method; night median MSAS=19.74; MSAS at inflection=18.66; depression=10.51°; smoothing=5-pt median; dark rows=416
isha,2020-08-01,20:42,-5,45.734626,-71.676243,0.0,Zamorano J. et al. (2019). TESS-W sky brightness network. Zenodo monthly archives. https://zenodo.org/records/3378728. CC0 1.0.,TESS station stars60; photometric inflection method; night median MSAS=18.96; MSAS at inflection=18.16; depression=13.33°; smoothing=5-pt median; dark rows=425
fajr,2020-08-02,03:31,-5,45.734626,-71.676243,0.0,Zamorano J. et al. (2019). TESS-W sky brightness network. Zenodo monthly archives. https://zenodo.org/records/3378728. CC0 1.0.,TESS station stars60; photometric inflection method; night median MSAS=18.96; MSAS at inflection=17.35; depression=9.65°; smoothing=5-pt median; dark rows=425
isha,2020-08-02,21:34,-5,45.734626,-71.676243,0.0,Zamorano J. et al. (2019). TESS-W sky brightness network. Zenodo monthly archives. https://zenodo.org/records/3378728. CC0 1.0.,TESS station stars60; photometric inflection method; night median MSAS=18.83; MSAS at inflection=18.76; depression=19.47°; smoothing=5-pt median; dark rows=397
fajr,2020-08-03,03:34,-5,45.734626,-71.676243,0.0,Zamorano J. et al. (2019). TESS-W sky brightness network. Zenodo monthly archives. https://zenodo.org/records/3378728. CC0 1.0.,TESS station stars60; photometric inflection method; night median MSAS=18.83; MSAS at inflection=17.58; depression=9.45°; smoothing=5-pt median; dark rows=397
fajr,2020-08-05,02:45,-5,45.734626,-71.676243,0.0,Zamorano J. et al. (2019). TESS-W sky brightness network. Zenodo monthly archives. https://zenodo.org/records/3378728. CC0 1.0.,TESS station stars60; photometric inflection method; night median MSAS=18.74; MSAS at inflection=18.09; depression=16.20°; smoothing=5-pt median; dark rows=331
isha,2020-08-05,21:02,-5,45.734626,-71.676243,0.0,Zamorano J. et al. (2019). TESS-W sky brightness network. Zenodo monthly archives. https://zenodo.org/records/3378728. CC0 1.0.,TESS station stars60; photometric inflection method; night median MSAS=19.22; MSAS at inflection=20.48; depression=16.74°; smoothing=5-pt median; dark rows=260
isha,2020-08-08,20:08,-5,45.734626,-71.676243,0.0,Zamorano J. et al. (2019). TESS-W sky brightness network. Zenodo monthly archives. https://zenodo.org/records/3378728. CC0 1.0.,TESS station stars60; photometric inflection method; night median MSAS=19.54; MSAS at inflection=18.80; depression=10.51°; smoothing=5-pt median; dark rows=443
fajr,2020-08-09,03:40,-5,45.734626,-71.676243,0.0,Zamorano J. et al. (2019). TESS-W sky brightness network. Zenodo monthly archives. https://zenodo.org/records/3378728. CC0 1.0.,TESS station stars60; photometric inflection method; night median MSAS=19.54; MSAS at inflection=17.39; depression=9.94°; smoothing=5-pt median; dark rows=443
isha,2020-08-09,20:50,-5,45.734626,-71.676243,0.0,Zamorano J. et al. (2019). TESS-W sky brightness network. Zenodo monthly archives. https://zenodo.org/records/3378728. CC0 1.0.,TESS station stars60; photometric inflection method; night median MSAS=20.51; MSAS at inflection=21.43; depression=16.35°; smoothing=5-pt median; dark rows=387
fajr,2020-08-10,03:36,-5,45.734626,-71.676243,0.0,Zamorano J. et al. (2019). TESS-W sky brightness network. Zenodo monthly archives. https://zenodo.org/records/3378728. CC0 1.0.,TESS station stars60; photometric inflection method; night median MSAS=20.51; MSAS at inflection=18.70; depression=10.74°; smoothing=5-pt median; dark rows=387
fajr,2020-08-12,03:02,-5,45.734626,-71.676243,0.0,Zamorano J. et al. (2019). TESS-W sky brightness network. Zenodo monthly archives. https://zenodo.org/records/3378728. CC0 1.0.,TESS station stars60; photometric inflection method; night median MSAS=20.93; MSAS at inflection=21.23; depression=15.79°; smoothing=5-pt median; dark rows=459
isha,2020-08-13,20:17,-5,45.734626,-71.676243,0.0,Zamorano J. et al. (2019). TESS-W sky brightness network. Zenodo monthly archives. https://zenodo.org/records/3378728. CC0 1.0.,TESS station stars60; photometric inflection method; night median MSAS=21.15; MSAS at inflection=20.53; depression=13.04°; smoothing=5-pt median; dark rows=454
fajr,2020-08-14,03:19,-5,45.734626,-71.676243,0.0,Zamorano J. et al. (2019). TESS-W sky brightness network. Zenodo monthly archives. https://zenodo.org/records/3378728. CC0 1.0.,TESS station stars60; photometric inflection method; night median MSAS=21.15; MSAS at inflection=20.53; depression=13.91°; smoothing=5-pt median; dark rows=454
isha,2020-08-14,20:12,-5,45.734626,-71.676243,0.0,Zamorano J. et al. (2019). TESS-W sky brightness network. Zenodo monthly archives. https://zenodo.org/records/3378728. CC0 1.0.,TESS station stars60; photometric inflection method; night median MSAS=21.39; MSAS at inflection=20.30; depression=12.70°; smoothing=5-pt median; dark rows=453
fajr,2020-08-15,03:26,-5,45.734626,-71.676243,0.0,Zamorano J. et al. (2019). TESS-W sky brightness network. Zenodo monthly archives. https://zenodo.org/records/3378728. CC0 1.0.,TESS station stars60; photometric inflection method; night median MSAS=21.39; MSAS at inflection=20.66; depression=13.19°; smoothing=5-pt median; dark rows=453
fajr,2020-08-17,03:31,-5,45.734626,-71.676243,0.0,Zamorano J. et al. (2019). TESS-W sky brightness network. Zenodo monthly archives. https://zenodo.org/records/3378728. CC0 1.0.,TESS station stars60; photometric inflection method; night median MSAS=21.42; MSAS at inflection=20.28; depression=12.92°; smoothing=5-pt median; dark rows=471
fajr,2020-08-19,03:36,-5,45.734626,-71.676243,0.0,Zamorano J. et al. (2019). TESS-W sky brightness network. Zenodo monthly archives. https://zenodo.org/records/3378728. CC0 1.0.,TESS station stars60; photometric inflection method; night median MSAS=21.34; MSAS at inflection=20.32; depression=12.67°; smoothing=5-pt median; dark rows=481
isha,2020-08-19,19:52,-5,45.734626,-71.676243,0.0,Zamorano J. et al. (2019). TESS-W sky brightness network. Zenodo monthly archives. https://zenodo.org/records/3378728. CC0 1.0.,TESS station stars60; photometric inflection method; night median MSAS=21.37; MSAS at inflection=19.24; depression=11.24°; smoothing=5-pt median; dark rows=481
fajr,2020-08-20,03:35,-5,45.734626,-71.676243,0.0,Zamorano J. et al. (2019). TESS-W sky brightness network. Zenodo monthly archives. https://zenodo.org/records/3378728. CC0 1.0.,TESS station stars60; photometric inflection method; night median MSAS=21.37; MSAS at inflection=20.46; depression=13.06°; smoothing=5-pt median; dark rows=481
isha,2020-08-21,19:55,-5,45.734626,-71.676243,0.0,Zamorano J. et al. (2019). TESS-W sky brightness network. Zenodo monthly archives. https://zenodo.org/records/3378728. CC0 1.0.,TESS station stars60; photometric inflection method; night median MSAS=21.46; MSAS at inflection=20.08; depression=12.30°; smoothing=5-pt median; dark rows=467
isha,2020-08-22,19:52,-5,45.734626,-71.676243,0.0,Zamorano J. et al. (2019). TESS-W sky brightness network. Zenodo monthly archives. https://zenodo.org/records/3378728. CC0 1.0.,TESS station stars60; photometric inflection method; night median MSAS=21.27; MSAS at inflection=20.02; depression=12.08°; smoothing=5-pt median; dark rows=425
isha,2020-08-24,19:56,-5,45.734626,-71.676243,0.0,Zamorano J. et al. (2019). TESS-W sky brightness network. Zenodo monthly archives. https://zenodo.org/records/3378728. CC0 1.0.,TESS station stars60; photometric inflection method; night median MSAS=21.37; MSAS at inflection=20.34; depression=13.31°; smoothing=5-pt median; dark rows=459
fajr,2020-08-25,02:50,-5,45.734626,-71.676243,0.0,Zamorano J. et al. (2019). TESS-W sky brightness network. Zenodo monthly archives. https://zenodo.org/records/3378728. CC0 1.0.,TESS station stars60; photometric inflection method; night median MSAS=21.37; MSAS at inflection=21.47; depression=20.46°; smoothing=5-pt median; dark rows=459
fajr,2020-08-26,03:33,-5,45.734626,-71.676243,0.0,Zamorano J. et al. (2019). TESS-W sky brightness network. Zenodo monthly archives. https://zenodo.org/records/3378728. CC0 1.0.,TESS station stars60; photometric inflection method; night median MSAS=21.41; MSAS at inflection=21.28; depression=14.75°; smoothing=5-pt median; dark rows=497
isha,2020-08-27,19:44,-5,45.734626,-71.676243,0.0,Zamorano J. et al. (2019). TESS-W sky brightness network. Zenodo monthly archives. https://zenodo.org/records/3378728. CC0 1.0.,TESS station stars60; photometric inflection method; night median MSAS=20.78; MSAS at inflection=19.63; depression=12.42°; smoothing=5-pt median; dark rows=507
fajr,2020-08-28,04:00,-5,45.734626,-71.676243,0.0,Zamorano J. et al. (2019). TESS-W sky brightness network. Zenodo monthly archives. https://zenodo.org/records/3378728. CC0 1.0.,TESS station stars60; photometric inflection method; night median MSAS=20.78; MSAS at inflection=19.22; depression=11.18°; smoothing=5-pt median; dark rows=507
isha,2020-08-28,20:10,-5,45.734626,-71.676243,0.0,Zamorano J. et al. (2019). TESS-W sky brightness network. Zenodo monthly archives. https://zenodo.org/records/3378728. CC0 1.0.,TESS station stars60; photometric inflection method; night median MSAS=18.99; MSAS at inflection=18.81; depression=16.64°; smoothing=5-pt median; dark rows=323
fajr,2020-08-31,04:13,-5,45.734626,-71.676243,0.0,Zamorano J. et al. (2019). TESS-W sky brightness network. Zenodo monthly archives. https://zenodo.org/records/3378728. CC0 1.0.,TESS station stars60; photometric inflection method; night median MSAS=19.39; MSAS at inflection=17.81; depression=9.72°; smoothing=5-pt median; dark rows=498
isha,2020-08-01,20:04,0,42.024592,0.734797,0.0,Zamorano J. et al. (2019). TESS-W sky brightness network. Zenodo monthly archives. https://zenodo.org/records/3378728. CC0 1.0.,TESS station stars62; photometric inflection method; night median MSAS=19.18; MSAS at inflection=16.88; depression=8.74°; smoothing=5-pt median; dark rows=441
fajr,2020-08-02,04:05,0,42.024592,0.734797,0.0,Zamorano J. et al. (2019). TESS-W sky brightness network. Zenodo monthly archives. https://zenodo.org/records/3378728. CC0 1.0.,TESS station stars62; photometric inflection method; night median MSAS=19.18; MSAS at inflection=16.71; depression=8.36°; smoothing=5-pt median; dark rows=441
fajr,2020-08-03,02:53,0,42.024592,0.734797,0.0,Zamorano J. et al. (2019). TESS-W sky brightness network. Zenodo monthly archives. https://zenodo.org/records/3378728. CC0 1.0.,TESS station stars62; photometric inflection method; night median MSAS=18.27; MSAS at inflection=19.42; depression=18.82°; smoothing=5-pt median; dark rows=411
fajr,2020-08-04,04:08,0,42.024592,0.734797,0.0,Zamorano J. et al. (2019). TESS-W sky brightness network. Zenodo monthly archives. https://zenodo.org/records/3378728. CC0 1.0.,TESS station stars62; photometric inflection method; night median MSAS=18.64; MSAS at inflection=16.70; depression=8.30°; smoothing=5-pt median; dark rows=443
isha,2020-08-04,21:30,0,42.024592,0.734797,0.0,Zamorano J. et al. (2019). TESS-W sky brightness network. Zenodo monthly archives. https://zenodo.org/records/3378728. CC0 1.0.,TESS station stars62; photometric inflection method; night median MSAS=19.15; MSAS at inflection=19.69; depression=21.35°; smoothing=5-pt median; dark rows=440
isha,2020-08-05,20:29,0,42.024592,0.734797,0.0,Zamorano J. et al. (2019). TESS-W sky brightness network. Zenodo monthly archives. https://zenodo.org/records/3378728. CC0 1.0.,TESS station stars62; photometric inflection method; night median MSAS=19.20; MSAS at inflection=20.78; depression=13.51°; smoothing=5-pt median; dark rows=440
fajr,2020-08-07,04:04,0,42.024592,0.734797,0.0,Zamorano J. et al. (2019). TESS-W sky brightness network. Zenodo monthly archives. https://zenodo.org/records/3378728. CC0 1.0.,TESS station stars62; photometric inflection method; night median MSAS=19.52; MSAS at inflection=17.13; depression=9.40°; smoothing=5-pt median; dark rows=450
isha,2020-08-22,20:14,0,42.024592,0.734797,0.0,Zamorano J. et al. (2019). TESS-W sky brightness network. Zenodo monthly archives. https://zenodo.org/records/3378728. CC0 1.0.,TESS station stars62; photometric inflection method; night median MSAS=21.46; MSAS at inflection=21.03; depression=15.82°; smoothing=5-pt median; dark rows=493
isha,2020-08-24,19:49,0,42.024592,0.734797,0.0,Zamorano J. et al. (2019). TESS-W sky brightness network. Zenodo monthly archives. https://zenodo.org/records/3378728. CC0 1.0.,TESS station stars62; photometric inflection method; night median MSAS=21.39; MSAS at inflection=20.03; depression=12.33°; smoothing=5-pt median; dark rows=504
isha,2020-08-27,20:12,0,42.024592,0.734797,0.0,Zamorano J. et al. (2019). TESS-W sky brightness network. Zenodo monthly archives. https://zenodo.org/records/3378728. CC0 1.0.,TESS station stars62; photometric inflection method; night median MSAS=20.80; MSAS at inflection=20.02; depression=16.95°; smoothing=5-pt median; dark rows=509
isha,2020-08-31,19:12,0,42.024592,0.734797,0.0,Zamorano J. et al. (2019). TESS-W sky brightness network. Zenodo monthly archives. https://zenodo.org/records/3378728. CC0 1.0.,TESS station stars62; photometric inflection method; night median MSAS=17.95; MSAS at inflection=16.68; depression=8.14°; smoothing=5-pt median; dark rows=232
fajr,2020-08-02,04:18,1,45.051036,10.919761,0.0,Zamorano J. et al. (2019). TESS-W sky brightness network. Zenodo monthly archives. https://zenodo.org/records/3378728. CC0 1.0.,TESS station stars64; photometric inflection method; night median MSAS=18.01; MSAS at inflection=16.40; depression=7.55°; smoothing=5-pt median; dark rows=418
isha,2020-08-02,21:53,1,45.051036,10.919761,0.0,Zamorano J. et al. (2019). TESS-W sky brightness network. Zenodo monthly archives. https://zenodo.org/records/3378728. CC0 1.0.,TESS station stars64; photometric inflection method; night median MSAS=17.58; MSAS at inflection=17.57; depression=18.94°; smoothing=5-pt median; dark rows=424
fajr,2020-08-03,04:12,1,45.051036,10.919761,0.0,Zamorano J. et al. (2019). TESS-W sky brightness network. Zenodo monthly archives. https://zenodo.org/records/3378728. CC0 1.0.,TESS station stars64; photometric inflection method; night median MSAS=17.58; MSAS at inflection=17.41; depression=8.66°; smoothing=5-pt median; dark rows=424
isha,2020-08-04,21:00,1,45.051036,10.919761,0.0,Zamorano J. et al. (2019). TESS-W sky brightness network. Zenodo monthly archives. https://zenodo.org/records/3378728. CC0 1.0.,TESS station stars64; photometric inflection method; night median MSAS=17.52; MSAS at inflection=19.10; depression=12.91°; smoothing=5-pt median; dark rows=440
fajr,2020-08-05,04:10,1,45.051036,10.919761,0.0,Zamorano J. et al. (2019). TESS-W sky brightness network. Zenodo monthly archives. https://zenodo.org/records/3378728. CC0 1.0.,TESS station stars64; photometric inflection method; night median MSAS=17.52; MSAS at inflection=16.77; depression=9.32°; smoothing=5-pt median; dark rows=440
isha,2020-08-05,21:57,1,45.051036,10.919761,0.0,Zamorano J. et al. (2019). TESS-W sky brightness network. Zenodo monthly archives. https://zenodo.org/records/3378728. CC0 1.0.,TESS station stars64; photometric inflection method; night median MSAS=18.79; MSAS at inflection=19.46; depression=20.06°; smoothing=5-pt median; dark rows=440
isha,2020-08-07,20:45,1,45.051036,10.919761,0.0,Zamorano J. et al. (2019). TESS-W sky brightness network. Zenodo monthly archives. https://zenodo.org/records/3378728. CC0 1.0.,TESS station stars64; photometric inflection method; night median MSAS=19.08; MSAS at inflection=18.97; depression=11.56°; smoothing=5-pt median; dark rows=451
fajr,2020-08-08,04:00,1,45.051036,10.919761,0.0,Zamorano J. et al. (2019). TESS-W sky brightness network. Zenodo monthly archives. https://zenodo.org/records/3378728. CC0 1.0.,TESS station stars64; photometric inflection method; night median MSAS=19.08; MSAS at inflection=18.16; depression=11.39°; smoothing=5-pt median; dark rows=451
isha,2020-08-08,20:38,1,45.051036,10.919761,0.0,Zamorano J. et al. (2019). TESS-W sky brightness network. Zenodo monthly archives. https://zenodo.org/records/3378728. CC0 1.0.,TESS station stars64; photometric inflection method; night median MSAS=19.36; MSAS at inflection=18.57; depression=10.89°; smoothing=5-pt median; dark rows=454
fajr,2020-08-09,03:53,1,45.051036,10.919761,0.0,Zamorano J. et al. (2019). TESS-W sky brightness network. Zenodo monthly archives. https://zenodo.org/records/3378728. CC0 1.0.,TESS station stars64; photometric inflection method; night median MSAS=19.36; MSAS at inflection=18.45; depression=12.65°; smoothing=5-pt median; dark rows=454
isha,2020-08-09,20:31,1,45.051036,10.919761,0.0,Zamorano J. et al. (2019). TESS-W sky brightness network. Zenodo monthly archives. https://zenodo.org/records/3378728. CC0 1.0.,TESS station stars64; photometric inflection method; night median MSAS=19.51; MSAS at inflection=18.06; depression=10.05°; smoothing=5-pt median; dark rows=456
isha,2020-08-10,20:59,1,45.051036,10.919761,0.0,Zamorano J. et al. (2019). TESS-W sky brightness network. Zenodo monthly archives. https://zenodo.org/records/3378728. CC0 1.0.,TESS station stars64; photometric inflection method; night median MSAS=19.21; MSAS at inflection=19.70; depression=14.34°; smoothing=5-pt median; dark rows=463
fajr,2020-08-11,03:47,1,45.051036,10.919761,0.0,Zamorano J. et al. (2019). TESS-W sky brightness network. Zenodo monthly archives. https://zenodo.org/records/3378728. CC0 1.0.,TESS station stars64; photometric inflection method; night median MSAS=19.21; MSAS at inflection=18.92; depression=13.79°; smoothing=5-pt median; dark rows=463
isha,2020-08-11,20:47,1,45.051036,10.919761,0.0,Zamorano J. et al. (2019). TESS-W sky brightness network. Zenodo monthly archives. https://zenodo.org/records/3378728. CC0 1.0.,TESS station stars64; photometric inflection method; night median MSAS=19.79; MSAS at inflection=19.66; depression=12.92°; smoothing=5-pt median; dark rows=459
fajr,2020-08-12,04:15,1,45.051036,10.919761,0.0,Zamorano J. et al. (2019). TESS-W sky brightness network. Zenodo monthly archives. https://zenodo.org/records/3378728. CC0 1.0.,TESS station stars64; photometric inflection method; night median MSAS=19.79; MSAS at inflection=17.81; depression=10.01°; smoothing=5-pt median; dark rows=459
fajr,2020-08-14,04:13,1,45.051036,10.919761,0.0,Zamorano J. et al. (2019). TESS-W sky brightness network. Zenodo monthly archives. https://zenodo.org/records/3378728. CC0 1.0.,TESS station stars64; photometric inflection method; night median MSAS=19.80; MSAS at inflection=18.55; depression=10.87°; smoothing=5-pt median; dark rows=468
fajr,2020-08-16,04:22,1,45.051036,10.919761,0.0,Zamorano J. et al. (2019). TESS-W sky brightness network. Zenodo monthly archives. https://zenodo.org/records/3378728. CC0 1.0.,TESS station stars64; photometric inflection method; night median MSAS=20.01; MSAS at inflection=18.04; depression=9.96°; smoothing=5-pt median; dark rows=475
isha,2020-08-17,20:16,1,45.051036,10.919761,0.0,Zamorano J. et al. (2019). TESS-W sky brightness network. Zenodo monthly archives. https://zenodo.org/records/3378728. CC0 1.0.,TESS station stars64; photometric inflection method; night median MSAS=19.81; MSAS at inflection=17.89; depression=10.04°; smoothing=5-pt median; dark rows=477
fajr,2020-08-18,04:22,1,45.051036,10.919761,0.0,Zamorano J. et al. (2019). TESS-W sky brightness network. Zenodo monthly archives. https://zenodo.org/records/3378728. CC0 1.0.,TESS station stars64; photometric inflection method; night median MSAS=19.81; MSAS at inflection=17.73; depression=10.40°; smoothing=5-pt median; dark rows=477
isha,2020-08-18,20:19,1,45.051036,10.919761,0.0,Zamorano J. et al. (2019). TESS-W sky brightness network. Zenodo monthly archives. https://zenodo.org/records/3378728. CC0 1.0.,TESS station stars64; photometric inflection method; night median MSAS=19.39; MSAS at inflection=18.60; depression=10.71°; smoothing=5-pt median; dark rows=484
fajr,2020-08-19,04:17,1,45.051036,10.919761,0.0,Zamorano J. et al. (2019). TESS-W sky brightness network. Zenodo monthly archives. https://zenodo.org/records/3378728. CC0 1.0.,TESS station stars64; photometric inflection method; night median MSAS=19.39; MSAS at inflection=18.83; depression=11.30°; smoothing=5-pt median; dark rows=484
fajr,2020-08-21,04:25,1,45.051036,10.919761,0.0,Zamorano J. et al. (2019). TESS-W sky brightness network. Zenodo monthly archives. https://zenodo.org/records/3378728. CC0 1.0.,TESS station stars64; photometric inflection method; night median MSAS=20.12; MSAS at inflection=18.26; depression=10.55°; smoothing=5-pt median; dark rows=489
isha,2020-08-22,20:34,1,45.051036,10.919761,0.0,Zamorano J. et al. (2019). TESS-W sky brightness network. Zenodo monthly archives. https://zenodo.org/records/3378728. CC0 1.0.,TESS station stars64; photometric inflection method; night median MSAS=20.10; MSAS at inflection=19.87; depression=14.18°; smoothing=5-pt median; dark rows=499
isha,2020-08-23,20:14,1,45.051036,10.919761,0.0,Zamorano J. et al. (2019). TESS-W sky brightness network. Zenodo monthly archives. https://zenodo.org/records/3378728. CC0 1.0.,TESS station stars64; photometric inflection method; night median MSAS=19.52; MSAS at inflection=17.30; depression=11.52°; smoothing=5-pt median; dark rows=500
fajr,2020-08-24,03:30,1,45.051036,10.919761,0.0,Zamorano J. et al. (2019). TESS-W sky brightness network. Zenodo monthly archives. https://zenodo.org/records/3378728. CC0 1.0.,TESS station stars64; photometric inflection method; night median MSAS=19.52; MSAS at inflection=19.25; depression=19.30°; smoothing=5-pt median; dark rows=500
fajr,2020-08-25,04:04,1,45.051036,10.919761,0.0,Zamorano J. et al. (2019). TESS-W sky brightness network. Zenodo monthly archives. https://zenodo.org/records/3378728. CC0 1.0.,TESS station stars64; photometric inflection method; night median MSAS=20.21; MSAS at inflection=20.21; depression=14.60°; smoothing=5-pt median; dark rows=506
isha,2020-08-26,19:51,1,45.051036,10.919761,0.0,Zamorano J. et al. (2019). TESS-W sky brightness network. Zenodo monthly archives. https://zenodo.org/records/3378728. CC0 1.0.,TESS station stars64; photometric inflection method; night median MSAS=18.22; MSAS at inflection=16.60; depression=8.84°; smoothing=5-pt median; dark rows=512
fajr,2020-08-27,04:38,1,45.051036,10.919761,0.0,Zamorano J. et al. (2019). TESS-W sky brightness network. Zenodo monthly archives. https://zenodo.org/records/3378728. CC0 1.0.,TESS station stars64; photometric inflection method; night median MSAS=18.22; MSAS at inflection=17.89; depression=9.83°; smoothing=5-pt median; dark rows=512
fajr,2020-08-29,03:35,1,45.051036,10.919761,0.0,Zamorano J. et al. (2019). TESS-W sky brightness network. Zenodo monthly archives. https://zenodo.org/records/3378728. CC0 1.0.,TESS station stars64; photometric inflection method; night median MSAS=18.97; MSAS at inflection=19.93; depression=19.80°; smoothing=5-pt median; dark rows=469
isha,2020-08-29,21:11,1,45.051036,10.919761,0.0,Zamorano J. et al. (2019). TESS-W sky brightness network. Zenodo monthly archives. https://zenodo.org/records/3378728. CC0 1.0.,TESS station stars64; photometric inflection method; night median MSAS=17.94; MSAS at inflection=17.75; depression=21.76°; smoothing=5-pt median; dark rows=523
fajr,2020-08-30,03:44,1,45.051036,10.919761,0.0,Zamorano J. et al. (2019). TESS-W sky brightness network. Zenodo monthly archives. https://zenodo.org/records/3378728. CC0 1.0.,TESS station stars64; photometric inflection method; night median MSAS=17.94; MSAS at inflection=18.21; depression=18.73°; smoothing=5-pt median; dark rows=523
fajr,2020-08-31,04:34,1,45.051036,10.919761,0.0,Zamorano J. et al. (2019). TESS-W sky brightness network. Zenodo monthly archives. https://zenodo.org/records/3378728. CC0 1.0.,TESS station stars64; photometric inflection method; night median MSAS=18.56; MSAS at inflection=18.95; depression=11.35°; smoothing=5-pt median; dark rows=526
isha,2020-08-31,19:47,1,45.051036,10.919761,0.0,Zamorano J. et al. (2019). TESS-W sky brightness network. Zenodo monthly archives. https://zenodo.org/records/3378728. CC0 1.0.,TESS station stars64; photometric inflection method; night median MSAS=17.57; MSAS at inflection=17.12; depression=9.67°; smoothing=5-pt median; dark rows=263
isha,2020-08-01,20:43,0,39.78058,-6.0163,0.0,Zamorano J. et al. (2019). TESS-W sky brightness network. Zenodo monthly archives. https://zenodo.org/records/3378728. CC0 1.0.,TESS station stars66; photometric inflection method; night median MSAS=19.16; MSAS at inflection=18.76; depression=11.89°; smoothing=5-pt median; dark rows=473
fajr,2020-08-02,04:28,0,39.78058,-6.0163,0.0,Zamorano J. et al. (2019). TESS-W sky brightness network. Zenodo monthly archives. https://zenodo.org/records/3378728. CC0 1.0.,TESS station stars66; photometric inflection method; night median MSAS=19.16; MSAS at inflection=18.12; depression=10.14°; smoothing=5-pt median; dark rows=473
fajr,2020-08-03,04:46,0,39.78058,-6.0163,0.0,Zamorano J. et al. (2019). TESS-W sky brightness network. Zenodo monthly archives. https://zenodo.org/records/3378728. CC0 1.0.,TESS station stars66; photometric inflection method; night median MSAS=17.75; MSAS at inflection=15.58; depression=7.37°; smoothing=5-pt median; dark rows=466
isha,2020-08-03,20:34,0,39.78058,-6.0163,0.0,Zamorano J. et al. (2019). TESS-W sky brightness network. Zenodo monthly archives. https://zenodo.org/records/3378728. CC0 1.0.,TESS station stars66; photometric inflection method; night median MSAS=18.49; MSAS at inflection=18.14; depression=10.98°; smoothing=5-pt median; dark rows=476
fajr,2020-08-05,04:34,0,39.78058,-6.0163,0.0,Zamorano J. et al. (2019). TESS-W sky brightness network. Zenodo monthly archives. https://zenodo.org/records/3378728. CC0 1.0.,TESS station stars66; photometric inflection method; night median MSAS=18.81; MSAS at inflection=17.38; depression=9.80°; smoothing=5-pt median; dark rows=479
isha,2020-08-05,20:40,0,39.78058,-6.0163,0.0,Zamorano J. et al. (2019). TESS-W sky brightness network. Zenodo monthly archives. https://zenodo.org/records/3378728. CC0 1.0.,TESS station stars66; photometric inflection method; night median MSAS=18.58; MSAS at inflection=19.84; depression=12.35°; smoothing=5-pt median; dark rows=480
fajr,2020-08-06,04:30,0,39.78058,-6.0163,0.0,Zamorano J. et al. (2019). TESS-W sky brightness network. Zenodo monthly archives. https://zenodo.org/records/3378728. CC0 1.0.,TESS station stars66; photometric inflection method; night median MSAS=18.58; MSAS at inflection=17.87; depression=10.63°; smoothing=5-pt median; dark rows=480
isha,2020-08-06,20:22,0,39.78058,-6.0163,0.0,Zamorano J. et al. (2019). TESS-W sky brightness network. Zenodo monthly archives. https://zenodo.org/records/3378728. CC0 1.0.,TESS station stars66; photometric inflection method; night median MSAS=19.02; MSAS at inflection=17.48; depression=9.68°; smoothing=5-pt median; dark rows=479
fajr,2020-08-08,04:39,0,39.78058,-6.0163,0.0,Zamorano J. et al. (2019). TESS-W sky brightness network. Zenodo monthly archives. https://zenodo.org/records/3378728. CC0 1.0.,TESS station stars66; photometric inflection method; night median MSAS=19.25; MSAS at inflection=17.26; depression=9.48°; smoothing=5-pt median; dark rows=451
fajr,2020-08-10,04:22,0,39.78058,-6.0163,0.0,Zamorano J. et al. (2019). TESS-W sky brightness network. Zenodo monthly archives. https://zenodo.org/records/3378728. CC0 1.0.,TESS station stars66; photometric inflection method; night median MSAS=20.00; MSAS at inflection=18.91; depression=12.64°; smoothing=5-pt median; dark rows=435
fajr,2020-08-11,04:31,0,39.78058,-6.0163,0.0,Zamorano J. et al. (2019). TESS-W sky brightness network. Zenodo monthly archives. https://zenodo.org/records/3378728. CC0 1.0.,TESS station stars66; photometric inflection method; night median MSAS=20.27; MSAS at inflection=18.27; depression=11.39°; smoothing=5-pt median; dark rows=485
isha,2020-08-11,20:39,0,39.78058,-6.0163,0.0,Zamorano J. et al. (2019). TESS-W sky brightness network. Zenodo monthly archives. https://zenodo.org/records/3378728. CC0 1.0.,TESS station stars66; photometric inflection method; night median MSAS=20.64; MSAS at inflection=20.82; depression=13.68°; smoothing=5-pt median; dark rows=499
fajr,2020-08-13,04:21,0,39.78058,-6.0163,0.0,Zamorano J. et al. (2019). TESS-W sky brightness network. Zenodo monthly archives. https://zenodo.org/records/3378728. CC0 1.0.,TESS station stars66; photometric inflection method; night median MSAS=21.00; MSAS at inflection=20.05; depression=13.38°; smoothing=5-pt median; dark rows=498
fajr,2020-08-14,04:36,0,39.78058,-6.0163,0.0,Zamorano J. et al. (2019). TESS-W sky brightness network. Zenodo monthly archives. https://zenodo.org/records/3378728. CC0 1.0.,TESS station stars66; photometric inflection method; night median MSAS=21.10; MSAS at inflection=18.89; depression=11.13°; smoothing=5-pt median; dark rows=499
fajr,2020-08-16,04:40,0,39.78058,-6.0163,0.0,Zamorano J. et al. (2019). TESS-W sky brightness network. Zenodo monthly archives. https://zenodo.org/records/3378728. CC0 1.0.,TESS station stars66; photometric inflection method; night median MSAS=21.15; MSAS at inflection=18.88; depression=10.91°; smoothing=5-pt median; dark rows=507
isha,2020-08-16,20:17,0,39.78058,-6.0163,0.0,Zamorano J. et al. (2019). TESS-W sky brightness network. Zenodo monthly archives. https://zenodo.org/records/3378728. CC0 1.0.,TESS station stars66; photometric inflection method; night median MSAS=21.23; MSAS at inflection=19.18; depression=11.24°; smoothing=5-pt median; dark rows=503
fajr,2020-08-20,04:32,0,39.78058,-6.0163,0.0,Zamorano J. et al. (2019). TESS-W sky brightness network. Zenodo monthly archives. https://zenodo.org/records/3378728. CC0 1.0.,TESS station stars66; photometric inflection method; night median MSAS=21.10; MSAS at inflection=20.32; depression=12.94°; smoothing=5-pt median; dark rows=509
fajr,2020-08-21,04:37,0,39.78058,-6.0163,0.0,Zamorano J. et al. (2019). TESS-W sky brightness network. Zenodo monthly archives. https://zenodo.org/records/3378728. CC0 1.0.,TESS station stars66; photometric inflection method; night median MSAS=21.16; MSAS at inflection=19.45; depression=12.39°; smoothing=5-pt median; dark rows=514
isha,2020-08-21,20:14,0,39.78058,-6.0163,0.0,Zamorano J. et al. (2019). TESS-W sky brightness network. Zenodo monthly archives. https://zenodo.org/records/3378728. CC0 1.0.,TESS station stars66; photometric inflection method; night median MSAS=21.18; MSAS at inflection=19.82; depression=12.17°; smoothing=5-pt median; dark rows=509
fajr,2020-08-24,04:31,0,39.78058,-6.0163,0.0,Zamorano J. et al. (2019). TESS-W sky brightness network. Zenodo monthly archives. https://zenodo.org/records/3378728. CC0 1.0.,TESS station stars66; photometric inflection method; night median MSAS=21.07; MSAS at inflection=20.88; depression=13.99°; smoothing=5-pt median; dark rows=508
isha,2020-08-24,20:07,0,39.78058,-6.0163,0.0,Zamorano J. et al. (2019). TESS-W sky brightness network. Zenodo monthly archives. https://zenodo.org/records/3378728. CC0 1.0.,TESS station stars66; photometric inflection method; night median MSAS=21.03; MSAS at inflection=19.19; depression=11.73°; smoothing=5-pt median; dark rows=494
fajr,2020-08-25,04:29,0,39.78058,-6.0163,0.0,Zamorano J. et al. (2019). TESS-W sky brightness network. Zenodo monthly archives. https://zenodo.org/records/3378728. CC0 1.0.,TESS station stars66; photometric inflection method; night median MSAS=21.03; MSAS at inflection=21.01; depression=14.56°; smoothing=5-pt median; dark rows=494
isha,2020-08-28,20:26,0,39.78058,-6.0163,0.0,Zamorano J. et al. (2019). TESS-W sky brightness network. Zenodo monthly archives. https://zenodo.org/records/3378728. CC0 1.0.,TESS station stars66; photometric inflection method; night median MSAS=20.08; MSAS at inflection=18.26; depression=16.31°; smoothing=5-pt median; dark rows=509
fajr,2020-08-29,04:09,0,39.78058,-6.0163,0.0,Zamorano J. et al. (2019). TESS-W sky brightness network. Zenodo monthly archives. https://zenodo.org/records/3378728. CC0 1.0.,TESS station stars66; photometric inflection method; night median MSAS=20.08; MSAS at inflection=21.21; depression=18.65°; smoothing=5-pt median; dark rows=509
isha,2020-08-29,19:52,0,39.78058,-6.0163,0.0,Zamorano J. et al. (2019). TESS-W sky brightness network. Zenodo monthly archives. https://zenodo.org/records/3378728. CC0 1.0.,TESS station stars66; photometric inflection method; night median MSAS=19.65; MSAS at inflection=18.25; depression=10.51°; smoothing=5-pt median; dark rows=497
fajr,2020-08-30,05:00,0,39.78058,-6.0163,0.0,Zamorano J. et al. (2019). TESS-W sky brightness network. Zenodo monthly archives. https://zenodo.org/records/3378728. CC0 1.0.,TESS station stars66; photometric inflection method; night median MSAS=19.65; MSAS at inflection=18.09; depression=10.02°; smoothing=5-pt median; dark rows=497
isha,2020-08-31,19:39,0,39.78058,-6.0163,0.0,Zamorano J. et al. (2019). TESS-W sky brightness network. Zenodo monthly archives. https://zenodo.org/records/3378728. CC0 1.0.,TESS station stars66; photometric inflection method; night median MSAS=18.86; MSAS at inflection=17.10; depression=8.81°; smoothing=5-pt median; dark rows=248
fajr,2020-08-05,03:59,0,42.81732,-1.64543,0.0,Zamorano J. et al. (2019). TESS-W sky brightness network. Zenodo monthly archives. https://zenodo.org/records/3378728. CC0 1.0.,TESS station stars7; photometric inflection method; night median MSAS=18.49; MSAS at inflection=17.94; depression=10.79°; smoothing=5-pt median; dark rows=460
isha,2020-08-06,20:06,0,42.81732,-1.64543,0.0,Zamorano J. et al. (2019). TESS-W sky brightness network. Zenodo monthly archives. https://zenodo.org/records/3378728. CC0 1.0.,TESS station stars7; photometric inflection method; night median MSAS=17.77; MSAS at inflection=15.73; depression=8.35°; smoothing=5-pt median; dark rows=466
fajr,2020-08-07,04:02,0,42.81732,-1.64543,0.0,Zamorano J. et al. (2019). TESS-W sky brightness network. Zenodo monthly archives. https://zenodo.org/records/3378728. CC0 1.0.,TESS station stars7; photometric inflection method; night median MSAS=17.77; MSAS at inflection=17.35; depression=10.82°; smoothing=5-pt median; dark rows=466
fajr,2020-08-10,03:33,0,42.81732,-1.64543,0.0,Zamorano J. et al. (2019). TESS-W sky brightness network. Zenodo monthly archives. https://zenodo.org/records/3378728. CC0 1.0.,TESS station stars7; photometric inflection method; night median MSAS=17.77; MSAS at inflection=17.74; depression=15.64°; smoothing=5-pt median; dark rows=477
isha,2020-08-10,20:40,0,42.81732,-1.64543,0.0,Zamorano J. et al. (2019). TESS-W sky brightness network. Zenodo monthly archives. https://zenodo.org/records/3378728. CC0 1.0.,TESS station stars7; photometric inflection method; night median MSAS=17.96; MSAS at inflection=17.46; depression=14.44°; smoothing=5-pt median; dark rows=480
fajr,2020-08-11,03:46,0,42.81732,-1.64543,0.0,Zamorano J. et al. (2019). TESS-W sky brightness network. Zenodo monthly archives. https://zenodo.org/records/3378728. CC0 1.0.,TESS station stars7; photometric inflection method; night median MSAS=17.96; MSAS at inflection=17.20; depression=14.06°; smoothing=5-pt median; dark rows=480
isha,2020-08-13,20:46,0,42.81732,-1.64543,0.0,Zamorano J. et al. (2019). TESS-W sky brightness network. Zenodo monthly archives. https://zenodo.org/records/3378728. CC0 1.0.,TESS station stars7; photometric inflection method; night median MSAS=17.67; MSAS at inflection=16.09; depression=16.03°; smoothing=5-pt median; dark rows=486
fajr,2020-08-14,03:12,0,42.81732,-1.64543,0.0,Zamorano J. et al. (2019). TESS-W sky brightness network. Zenodo monthly archives. https://zenodo.org/records/3378728. CC0 1.0.,TESS station stars7; photometric inflection method; night median MSAS=17.67; MSAS at inflection=18.38; depression=19.43°; smoothing=5-pt median; dark rows=486
isha,2020-08-16,19:59,0,42.81732,-1.64543,0.0,Zamorano J. et al. (2019). TESS-W sky brightness network. Zenodo monthly archives. https://zenodo.org/records/3378728. CC0 1.0.,TESS station stars7; photometric inflection method; night median MSAS=18.87; MSAS at inflection=17.04; depression=9.65°; smoothing=5-pt median; dark rows=496
fajr,2020-08-17,04:15,0,42.81732,-1.64543,0.0,Zamorano J. et al. (2019). TESS-W sky brightness network. Zenodo monthly archives. https://zenodo.org/records/3378728. CC0 1.0.,TESS station stars7; photometric inflection method; night median MSAS=18.87; MSAS at inflection=18.20; depression=10.80°; smoothing=5-pt median; dark rows=496
fajr,2020-08-19,04:32,0,42.81732,-1.64543,0.0,Zamorano J. et al. (2019). TESS-W sky brightness network. Zenodo monthly archives. https://zenodo.org/records/3378728. CC0 1.0.,TESS station stars7; photometric inflection method; night median MSAS=18.81; MSAS at inflection=16.85; depression=8.47°; smoothing=5-pt median; dark rows=505
fajr,2020-08-20,04:24,0,42.81732,-1.64543,0.0,Zamorano J. et al. (2019). TESS-W sky brightness network. Zenodo monthly archives. https://zenodo.org/records/3378728. CC0 1.0.,TESS station stars7; photometric inflection method; night median MSAS=18.75; MSAS at inflection=17.71; depression=10.05°; smoothing=5-pt median; dark rows=507
fajr,2020-08-21,04:09,0,42.81732,-1.64543,0.0,Zamorano J. et al. (2019). TESS-W sky brightness network. Zenodo monthly archives. https://zenodo.org/records/3378728. CC0 1.0.,TESS station stars7; photometric inflection method; night median MSAS=18.39; MSAS at inflection=16.14; depression=12.60°; smoothing=5-pt median; dark rows=510
isha,2020-08-21,21:01,0,42.81732,-1.64543,0.0,Zamorano J. et al. (2019). TESS-W sky brightness network. Zenodo monthly archives. https://zenodo.org/records/3378728. CC0 1.0.,TESS station stars7; photometric inflection method; night median MSAS=18.92; MSAS at inflection=18.16; depression=20.61°; smoothing=5-pt median; dark rows=510
fajr,2020-08-22,04:33,0,42.81732,-1.64543,0.0,Zamorano J. et al. (2019). TESS-W sky brightness network. Zenodo monthly archives. https://zenodo.org/records/3378728. CC0 1.0.,TESS station stars7; photometric inflection method; night median MSAS=18.92; MSAS at inflection=16.98; depression=8.98°; smoothing=5-pt median; dark rows=510
isha,2020-08-22,20:31,0,42.81732,-1.64543,0.0,Zamorano J. et al. (2019). TESS-W sky brightness network. Zenodo monthly archives. https://zenodo.org/records/3378728. CC0 1.0.,TESS station stars7; photometric inflection method; night median MSAS=17.66; MSAS at inflection=16.61; depression=16.43°; smoothing=5-pt median; dark rows=513
fajr,2020-08-23,04:07,0,42.81732,-1.64543,0.0,Zamorano J. et al. (2019). TESS-W sky brightness network. Zenodo monthly archives. https://zenodo.org/records/3378728. CC0 1.0.,TESS station stars7; photometric inflection method; night median MSAS=17.66; MSAS at inflection=17.61; depression=13.35°; smoothing=5-pt median; dark rows=513
fajr,2020-08-24,03:55,0,42.81732,-1.64543,0.0,Zamorano J. et al. (2019). TESS-W sky brightness network. Zenodo monthly archives. https://zenodo.org/records/3378728. CC0 1.0.,TESS station stars7; photometric inflection method; night median MSAS=17.78; MSAS at inflection=17.21; depression=15.53°; smoothing=5-pt median; dark rows=497
isha,2020-08-24,19:45,0,42.81732,-1.64543,0.0,Zamorano J. et al. (2019). TESS-W sky brightness network. Zenodo monthly archives. https://zenodo.org/records/3378728. CC0 1.0.,TESS station stars7; photometric inflection method; night median MSAS=18.90; MSAS at inflection=17.23; depression=9.65°; smoothing=5-pt median; dark rows=516
fajr,2020-08-25,04:33,0,42.81732,-1.64543,0.0,Zamorano J. et al. (2019). TESS-W sky brightness network. Zenodo monthly archives. https://zenodo.org/records/3378728. CC0 1.0.,TESS station stars7; photometric inflection method; night median MSAS=18.90; MSAS at inflection=17.34; depression=9.52°; smoothing=5-pt median; dark rows=516
isha,2020-08-26,19:37,0,42.81732,-1.64543,0.0,Zamorano J. et al. (2019). TESS-W sky brightness network. Zenodo monthly archives. https://zenodo.org/records/3378728. CC0 1.0.,TESS station stars7; photometric inflection method; night median MSAS=18.81; MSAS at inflection=16.82; depression=8.92°; smoothing=5-pt median; dark rows=529
fajr,2020-08-27,04:41,0,42.81732,-1.64543,0.0,Zamorano J. et al. (2019). TESS-W sky brightness network. Zenodo monthly archives. https://zenodo.org/records/3378728. CC0 1.0.,TESS station stars7; photometric inflection method; night median MSAS=18.81; MSAS at inflection=16.61; depression=8.57°; smoothing=5-pt median; dark rows=529
isha,2020-08-30,20:41,0,42.81732,-1.64543,0.0,Zamorano J. et al. (2019). TESS-W sky brightness network. Zenodo monthly archives. https://zenodo.org/records/3378728. CC0 1.0.,TESS station stars7; photometric inflection method; night median MSAS=18.52; MSAS at inflection=17.96; depression=20.54°; smoothing=5-pt median; dark rows=534
isha,2020-08-05,20:07,0,43.568147,1.327194,0.0,Zamorano J. et al. (2019). TESS-W sky brightness network. Zenodo monthly archives. https://zenodo.org/records/3378728. CC0 1.0.,TESS station stars71; photometric inflection method; night median MSAS=18.80; MSAS at inflection=17.30; depression=9.60°; smoothing=5-pt median; dark rows=252
fajr,2020-08-06,03:42,0,43.568147,1.327194,0.0,Zamorano J. et al. (2019). TESS-W sky brightness network. Zenodo monthly archives. https://zenodo.org/records/3378728. CC0 1.0.,TESS station stars71; photometric inflection method; night median MSAS=18.80; MSAS at inflection=18.28; depression=11.42°; smoothing=5-pt median; dark rows=252
isha,2020-08-06,20:23,0,43.568147,1.327194,0.0,Zamorano J. et al. (2019). TESS-W sky brightness network. Zenodo monthly archives. https://zenodo.org/records/3378728. CC0 1.0.,TESS station stars71; photometric inflection method; night median MSAS=18.79; MSAS at inflection=18.69; depression=12.25°; smoothing=5-pt median; dark rows=90
fajr,2020-08-08,04:10,0,43.568147,1.327194,0.0,Zamorano J. et al. (2019). TESS-W sky brightness network. Zenodo monthly archives. https://zenodo.org/records/3378728. CC0 1.0.,TESS station stars71; photometric inflection method; night median MSAS=18.01; MSAS at inflection=15.77; depression=7.46°; smoothing=5-pt median; dark rows=92
fajr,2020-08-09,02:44,0,43.568147,1.327194,0.0,Zamorano J. et al. (2019). TESS-W sky brightness network. Zenodo monthly archives. https://zenodo.org/records/3378728. CC0 1.0.,TESS station stars71; photometric inflection method; night median MSAS=18.09; MSAS at inflection=17.55; depression=19.76°; smoothing=5-pt median; dark rows=243
isha,2020-08-12,19:58,0,43.568147,1.327194,0.0,Zamorano J. et al. (2019). TESS-W sky brightness network. Zenodo monthly archives. https://zenodo.org/records/3378728. CC0 1.0.,TESS station stars71; photometric inflection method; night median MSAS=18.98; MSAS at inflection=17.60; depression=10.00°; smoothing=5-pt median; dark rows=335
isha,2020-08-14,19:55,0,43.568147,1.327194,0.0,Zamorano J. et al. (2019). TESS-W sky brightness network. Zenodo monthly archives. https://zenodo.org/records/3378728. CC0 1.0.,TESS station stars71; photometric inflection method; night median MSAS=19.18; MSAS at inflection=17.77; depression=10.09°; smoothing=5-pt median; dark rows=298
fajr,2020-08-18,04:14,0,43.568147,1.327194,0.0,Zamorano J. et al. (2019). TESS-W sky brightness network. Zenodo monthly archives. https://zenodo.org/records/3378728. CC0 1.0.,TESS station stars71; photometric inflection method; night median MSAS=18.27; MSAS at inflection=17.17; depression=8.85°; smoothing=5-pt median; dark rows=384
fajr,2020-08-19,03:31,0,43.568147,1.327194,0.0,Zamorano J. et al. (2019). TESS-W sky brightness network. Zenodo monthly archives. https://zenodo.org/records/3378728. CC0 1.0.,TESS station stars71; photometric inflection method; night median MSAS=19.67; MSAS at inflection=19.67; depression=15.82°; smoothing=5-pt median; dark rows=447
isha,2020-08-20,20:30,0,43.568147,1.327194,0.0,Zamorano J. et al. (2019). TESS-W sky brightness network. Zenodo monthly archives. https://zenodo.org/records/3378728. CC0 1.0.,TESS station stars71; photometric inflection method; night median MSAS=19.50; MSAS at inflection=18.94; depression=17.09°; smoothing=5-pt median; dark rows=411
fajr,2020-08-21,03:31,0,43.568147,1.327194,0.0,Zamorano J. et al. (2019). TESS-W sky brightness network. Zenodo monthly archives. https://zenodo.org/records/3378728. CC0 1.0.,TESS station stars71; photometric inflection method; night median MSAS=19.50; MSAS at inflection=19.36; depression=16.23°; smoothing=5-pt median; dark rows=411
isha,2020-08-22,19:28,0,43.568147,1.327194,0.0,Zamorano J. et al. (2019). TESS-W sky brightness network. Zenodo monthly archives. https://zenodo.org/records/3378728. CC0 1.0.,TESS station stars71; photometric inflection method; night median MSAS=17.71; MSAS at inflection=15.71; depression=7.90°; smoothing=5-pt median; dark rows=489
fajr,2020-08-23,04:18,0,43.568147,1.327194,0.0,Zamorano J. et al. (2019). TESS-W sky brightness network. Zenodo monthly archives. https://zenodo.org/records/3378728. CC0 1.0.,TESS station stars71; photometric inflection method; night median MSAS=17.71; MSAS at inflection=16.78; depression=9.38°; smoothing=5-pt median; dark rows=489
isha,2020-08-27,19:35,0,43.568147,1.327194,0.0,Zamorano J. et al. (2019). TESS-W sky brightness network. Zenodo monthly archives. https://zenodo.org/records/3378728. CC0 1.0.,TESS station stars71; photometric inflection method; night median MSAS=18.62; MSAS at inflection=17.18; depression=10.67°; smoothing=5-pt median; dark rows=420
isha,2020-08-01,20:18,0,40.349958,-1.170225,0.0,Zamorano J. et al. (2019). TESS-W sky brightness network. Zenodo monthly archives. https://zenodo.org/records/3378728. CC0 1.0.,TESS station stars73; photometric inflection method; night median MSAS=18.13; MSAS at inflection=17.69; depression=10.75°; smoothing=5-pt median; dark rows=468
fajr,2020-08-02,03:54,0,40.349958,-1.170225,0.0,Zamorano J. et al. (2019). TESS-W sky brightness network. Zenodo monthly archives. https://zenodo.org/records/3378728. CC0 1.0.,TESS station stars73; photometric inflection method; night median MSAS=18.13; MSAS at inflection=19.52; depression=12.25°; smoothing=5-pt median; dark rows=468
isha,2020-08-04,20:21,0,40.349958,-1.170225,0.0,Zamorano J. et al. (2019). TESS-W sky brightness network. Zenodo monthly archives. https://zenodo.org/records/3378728. CC0 1.0.,TESS station stars73; photometric inflection method; night median MSAS=17.70; MSAS at inflection=18.94; depression=11.92°; smoothing=5-pt median; dark rows=479
fajr,2020-08-05,03:46,0,40.349958,-1.170225,0.0,Zamorano J. et al. (2019). TESS-W sky brightness network. Zenodo monthly archives. https://zenodo.org/records/3378728. CC0 1.0.,TESS station stars73; photometric inflection method; night median MSAS=17.70; MSAS at inflection=17.04; depression=13.99°; smoothing=5-pt median; dark rows=479
isha,2020-08-05,20:01,0,40.349958,-1.170225,0.0,Zamorano J. et al. (2019). TESS-W sky brightness network. Zenodo monthly archives. https://zenodo.org/records/3378728. CC0 1.0.,TESS station stars73; photometric inflection method; night median MSAS=17.85; MSAS at inflection=16.09; depression=8.84°; smoothing=5-pt median; dark rows=479
isha,2020-08-06,20:02,0,40.349958,-1.170225,0.0,Zamorano J. et al. (2019). TESS-W sky brightness network. Zenodo monthly archives. https://zenodo.org/records/3378728. CC0 1.0.,TESS station stars73; photometric inflection method; night median MSAS=18.23; MSAS at inflection=16.23; depression=9.30°; smoothing=5-pt median; dark rows=485
isha,2020-08-07,20:29,0,40.349958,-1.170225,0.0,Zamorano J. et al. (2019). TESS-W sky brightness network. Zenodo monthly archives. https://zenodo.org/records/3378728. CC0 1.0.,TESS station stars73; photometric inflection method; night median MSAS=18.76; MSAS at inflection=20.04; depression=13.75°; smoothing=5-pt median; dark rows=486
isha,2020-08-08,20:19,0,40.349958,-1.170225,0.0,Zamorano J. et al. (2019). TESS-W sky brightness network. Zenodo monthly archives. https://zenodo.org/records/3378728. CC0 1.0.,TESS station stars73; photometric inflection method; night median MSAS=18.29; MSAS at inflection=19.21; depression=12.49°; smoothing=5-pt median; dark rows=446
fajr,2020-08-09,04:25,0,40.349958,-1.170225,0.0,Zamorano J. et al. (2019). TESS-W sky brightness network. Zenodo monthly archives. https://zenodo.org/records/3378728. CC0 1.0.,TESS station stars73; photometric inflection method; night median MSAS=18.29; MSAS at inflection=16.00; depression=8.55°; smoothing=5-pt median; dark rows=446
isha,2020-08-09,21:01,0,40.349958,-1.170225,0.0,Zamorano J. et al. (2019). TESS-W sky brightness network. Zenodo monthly archives. https://zenodo.org/records/3378728. CC0 1.0.,TESS station stars73; photometric inflection method; night median MSAS=18.66; MSAS at inflection=19.32; depression=19.01°; smoothing=5-pt median; dark rows=494
isha,2020-08-10,20:29,0,40.349958,-1.170225,0.0,Zamorano J. et al. (2019). TESS-W sky brightness network. Zenodo monthly archives. https://zenodo.org/records/3378728. CC0 1.0.,TESS station stars73; photometric inflection method; night median MSAS=19.01; MSAS at inflection=20.13; depression=14.55°; smoothing=5-pt median; dark rows=429
isha,2020-08-11,20:17,0,40.349958,-1.170225,0.0,Zamorano J. et al. (2019). TESS-W sky brightness network. Zenodo monthly archives. https://zenodo.org/records/3378728. CC0 1.0.,TESS station stars73; photometric inflection method; night median MSAS=18.31; MSAS at inflection=17.67; depression=12.83°; smoothing=5-pt median; dark rows=497
fajr,2020-08-12,03:01,0,40.349958,-1.170225,0.0,Zamorano J. et al. (2019). TESS-W sky brightness network. Zenodo monthly archives. https://zenodo.org/records/3378728. CC0 1.0.,TESS station stars73; photometric inflection method; night median MSAS=18.31; MSAS at inflection=19.69; depression=21.89°; smoothing=5-pt median; dark rows=497
isha,2020-08-15,20:16,0,40.349958,-1.170225,0.0,Zamorano J. et al. (2019). TESS-W sky brightness network. Zenodo monthly archives. https://zenodo.org/records/3378728. CC0 1.0.,TESS station stars73; photometric inflection method; night median MSAS=20.50; MSAS at inflection=20.11; depression=13.72°; smoothing=5-pt median; dark rows=508
isha,2020-08-17,20:08,0,40.349958,-1.170225,0.0,Zamorano J. et al. (2019). TESS-W sky brightness network. Zenodo monthly archives. https://zenodo.org/records/3378728. CC0 1.0.,TESS station stars73; photometric inflection method; night median MSAS=20.54; MSAS at inflection=19.83; depression=12.95°; smoothing=5-pt median; dark rows=516
isha,2020-08-19,19:59,0,40.349958,-1.170225,0.0,Zamorano J. et al. (2019). TESS-W sky brightness network. Zenodo monthly archives. https://zenodo.org/records/3378728. CC0 1.0.,TESS station stars73; photometric inflection method; night median MSAS=20.41; MSAS at inflection=19.13; depression=11.99°; smoothing=5-pt median; dark rows=520
fajr,2020-08-23,04:15,0,40.349958,-1.170225,0.0,Zamorano J. et al. (2019). TESS-W sky brightness network. Zenodo monthly archives. https://zenodo.org/records/3378728. CC0 1.0.,TESS station stars73; photometric inflection method; night median MSAS=20.31; MSAS at inflection=19.70; depression=12.87°; smoothing=5-pt median; dark rows=525
isha,2020-08-23,20:51,0,40.349958,-1.170225,0.0,Zamorano J. et al. (2019). TESS-W sky brightness network. Zenodo monthly archives. https://zenodo.org/records/3378728. CC0 1.0.,TESS station stars73; photometric inflection method; night median MSAS=19.21; MSAS at inflection=20.10; depression=21.60°; smoothing=5-pt median; dark rows=531
fajr,2020-08-24,04:10,0,40.349958,-1.170225,0.0,Zamorano J. et al. (2019). TESS-W sky brightness network. Zenodo monthly archives. https://zenodo.org/records/3378728. CC0 1.0.,TESS station stars73; photometric inflection method; night median MSAS=19.21; MSAS at inflection=18.67; depression=14.01°; smoothing=5-pt median; dark rows=531
fajr,2020-08-25,04:26,0,40.349958,-1.170225,0.0,Zamorano J. et al. (2019). TESS-W sky brightness network. Zenodo monthly archives. https://zenodo.org/records/3378728. CC0 1.0.,TESS station stars73; photometric inflection method; night median MSAS=19.75; MSAS at inflection=18.78; depression=11.40°; smoothing=5-pt median; dark rows=524
isha,2020-08-25,19:44,0,40.349958,-1.170225,0.0,Zamorano J. et al. (2019). TESS-W sky brightness network. Zenodo monthly archives. https://zenodo.org/records/3378728. CC0 1.0.,TESS station stars73; photometric inflection method; night median MSAS=20.47; MSAS at inflection=18.32; depression=11.21°; smoothing=5-pt median; dark rows=535
fajr,2020-08-26,04:30,0,40.349958,-1.170225,0.0,Zamorano J. et al. (2019). TESS-W sky brightness network. Zenodo monthly archives. https://zenodo.org/records/3378728. CC0 1.0.,TESS station stars73; photometric inflection method; night median MSAS=20.47; MSAS at inflection=18.50; depression=10.99°; smoothing=5-pt median; dark rows=535
isha,2020-08-26,19:49,0,40.349958,-1.170225,0.0,Zamorano J. et al. (2019). TESS-W sky brightness network. Zenodo monthly archives. https://zenodo.org/records/3378728. CC0 1.0.,TESS station stars73; photometric inflection method; night median MSAS=20.37; MSAS at inflection=18.51; depression=12.30°; smoothing=5-pt median; dark rows=538
fajr,2020-08-28,04:25,0,40.349958,-1.170225,0.0,Zamorano J. et al. (2019). TESS-W sky brightness network. Zenodo monthly archives. https://zenodo.org/records/3378728. CC0 1.0.,TESS station stars73; photometric inflection method; night median MSAS=19.51; MSAS at inflection=19.43; depression=12.26°; smoothing=5-pt median; dark rows=526
isha,2020-08-28,20:12,0,40.349958,-1.170225,0.0,Zamorano J. et al. (2019). TESS-W sky brightness network. Zenodo monthly archives. https://zenodo.org/records/3378728. CC0 1.0.,TESS station stars73; photometric inflection method; night median MSAS=17.92; MSAS at inflection=18.65; depression=16.82°; smoothing=5-pt median; dark rows=541
fajr,2020-08-30,04:49,0,40.349958,-1.170225,0.0,Zamorano J. et al. (2019). TESS-W sky brightness network. Zenodo monthly archives. https://zenodo.org/records/3378728. CC0 1.0.,TESS station stars73; photometric inflection method; night median MSAS=18.63; MSAS at inflection=16.33; depression=8.40°; smoothing=5-pt median; dark rows=536
fajr,2020-08-31,04:28,0,40.349958,-1.170225,0.0,Zamorano J. et al. (2019). TESS-W sky brightness network. Zenodo monthly archives. https://zenodo.org/records/3378728. CC0 1.0.,TESS station stars73; photometric inflection method; night median MSAS=18.37; MSAS at inflection=19.63; depression=12.25°; smoothing=5-pt median; dark rows=551
isha,2020-08-31,19:13,0,40.349958,-1.170225,0.0,Zamorano J. et al. (2019). TESS-W sky brightness network. Zenodo monthly archives. https://zenodo.org/records/3378728. CC0 1.0.,TESS station stars73; photometric inflection method; night median MSAS=17.80; MSAS at inflection=15.32; depression=7.44°; smoothing=5-pt median; dark rows=271
isha,2020-08-12,21:06,0,39.478898,-0.376524,0.0,Zamorano J. et al. (2019). TESS-W sky brightness network. Zenodo monthly archives. https://zenodo.org/records/3378728. CC0 1.0.,TESS station stars75; photometric inflection method; night median MSAS=17.89; MSAS at inflection=17.36; depression=21.53°; smoothing=5-pt median; dark rows=490
isha,2020-08-13,19:58,0,39.478898,-0.376524,0.0,Zamorano J. et al. (2019). TESS-W sky brightness network. Zenodo monthly archives. https://zenodo.org/records/3378728. CC0 1.0.,TESS station stars75; photometric inflection method; night median MSAS=17.66; MSAS at inflection=17.33; depression=11.27°; smoothing=5-pt median; dark rows=502
fajr,2020-08-14,03:41,0,39.478898,-0.376524,0.0,Zamorano J. et al. (2019). TESS-W sky brightness network. Zenodo monthly archives. https://zenodo.org/records/3378728. CC0 1.0.,TESS station stars75; photometric inflection method; night median MSAS=17.66; MSAS at inflection=15.89; depression=16.59°; smoothing=5-pt median; dark rows=502
isha,2020-08-16,19:35,0,39.478898,-0.376524,0.0,Zamorano J. et al. (2019). TESS-W sky brightness network. Zenodo monthly archives. https://zenodo.org/records/3378728. CC0 1.0.,TESS station stars75; photometric inflection method; night median MSAS=18.42; MSAS at inflection=15.94; depression=8.02°; smoothing=5-pt median; dark rows=514
fajr,2020-08-18,04:36,0,39.478898,-0.376524,0.0,Zamorano J. et al. (2019). TESS-W sky brightness network. Zenodo monthly archives. https://zenodo.org/records/3378728. CC0 1.0.,TESS station stars75; photometric inflection method; night median MSAS=18.31; MSAS at inflection=16.73; depression=8.24°; smoothing=5-pt median; dark rows=516
isha,2020-08-19,19:47,0,39.478898,-0.376524,0.0,Zamorano J. et al. (2019). TESS-W sky brightness network. Zenodo monthly archives. https://zenodo.org/records/3378728. CC0 1.0.,TESS station stars75; photometric inflection method; night median MSAS=18.25; MSAS at inflection=17.30; depression=11.01°; smoothing=5-pt median; dark rows=476
fajr,2020-08-20,04:27,0,39.478898,-0.376524,0.0,Zamorano J. et al. (2019). TESS-W sky brightness network. Zenodo monthly archives. https://zenodo.org/records/3378728. CC0 1.0.,TESS station stars75; photometric inflection method; night median MSAS=18.25; MSAS at inflection=17.48; depression=10.07°; smoothing=5-pt median; dark rows=476
isha,2020-08-20,19:35,0,39.478898,-0.376524,0.0,Zamorano J. et al. (2019). TESS-W sky brightness network. Zenodo monthly archives. https://zenodo.org/records/3378728. CC0 1.0.,TESS station stars75; photometric inflection method; night median MSAS=17.84; MSAS at inflection=16.22; depression=9.10°; smoothing=5-pt median; dark rows=499
fajr,2020-08-21,04:43,0,39.478898,-0.376524,0.0,Zamorano J. et al. (2019). TESS-W sky brightness network. Zenodo monthly archives. https://zenodo.org/records/3378728. CC0 1.0.,TESS station stars75; photometric inflection method; night median MSAS=17.84; MSAS at inflection=15.46; depression=7.51°; smoothing=5-pt median; dark rows=499
isha,2020-08-21,19:28,0,39.478898,-0.376524,0.0,Zamorano J. et al. (2019). TESS-W sky brightness network. Zenodo monthly archives. https://zenodo.org/records/3378728. CC0 1.0.,TESS station stars75; photometric inflection method; night median MSAS=18.00; MSAS at inflection=15.76; depression=8.17°; smoothing=5-pt median; dark rows=520
isha,2020-08-22,19:44,0,39.478898,-0.376524,0.0,Zamorano J. et al. (2019). TESS-W sky brightness network. Zenodo monthly archives. https://zenodo.org/records/3378728. CC0 1.0.,TESS station stars75; photometric inflection method; night median MSAS=17.68; MSAS at inflection=17.23; depression=11.21°; smoothing=5-pt median; dark rows=507
isha,2020-08-25,20:32,0,39.478898,-0.376524,0.0,Zamorano J. et al. (2019). TESS-W sky brightness network. Zenodo monthly archives. https://zenodo.org/records/3378728. CC0 1.0.,TESS station stars75; photometric inflection method; night median MSAS=18.12; MSAS at inflection=15.69; depression=20.16°; smoothing=5-pt median; dark rows=536
isha,2020-08-26,19:28,0,39.478898,-0.376524,0.0,Zamorano J. et al. (2019). TESS-W sky brightness network. Zenodo monthly archives. https://zenodo.org/records/3378728. CC0 1.0.,TESS station stars75; photometric inflection method; night median MSAS=18.18; MSAS at inflection=16.65; depression=9.52°; smoothing=5-pt median; dark rows=505
isha,2020-08-27,20:10,0,39.478898,-0.376524,0.0,Zamorano J. et al. (2019). TESS-W sky brightness network. Zenodo monthly archives. https://zenodo.org/records/3378728. CC0 1.0.,TESS station stars75; photometric inflection method; night median MSAS=17.63; MSAS at inflection=16.85; depression=17.16°; smoothing=5-pt median; dark rows=541
isha,2020-08-29,20:20,0,39.478898,-0.376524,0.0,Zamorano J. et al. (2019). TESS-W sky brightness network. Zenodo monthly archives. https://zenodo.org/records/3378728. CC0 1.0.,TESS station stars75; photometric inflection method; night median MSAS=18.12; MSAS at inflection=15.68; depression=19.42°; smoothing=5-pt median; dark rows=548
fajr,2020-08-30,04:47,0,39.478898,-0.376524,0.0,Zamorano J. et al. (2019). TESS-W sky brightness network. Zenodo monthly archives. https://zenodo.org/records/3378728. CC0 1.0.,TESS station stars75; photometric inflection method; night median MSAS=18.12; MSAS at inflection=16.81; depression=8.49°; smoothing=5-pt median; dark rows=548
isha,2020-08-30,19:11,0,39.478898,-0.376524,0.0,Zamorano J. et al. (2019). TESS-W sky brightness network. Zenodo monthly archives. https://zenodo.org/records/3378728. CC0 1.0.,TESS station stars75; photometric inflection method; night median MSAS=17.74; MSAS at inflection=15.39; depression=7.68°; smoothing=5-pt median; dark rows=549
fajr,2020-08-31,04:48,0,39.478898,-0.376524,0.0,Zamorano J. et al. (2019). TESS-W sky brightness network. Zenodo monthly archives. https://zenodo.org/records/3378728. CC0 1.0.,TESS station stars75; photometric inflection method; night median MSAS=17.74; MSAS at inflection=16.71; depression=8.33°; smoothing=5-pt median; dark rows=549
isha,2020-08-12,19:47,0,39.478898,-0.376524,0.0,Zamorano J. et al. (2019). TESS-W sky brightness network. Zenodo monthly archives. https://zenodo.org/records/3378728. CC0 1.0.,TESS station stars76; photometric inflection method; night median MSAS=17.82; MSAS at inflection=16.14; depression=9.16°; smoothing=5-pt median; dark rows=506
isha,2020-08-13,19:38,0,39.478898,-0.376524,0.0,Zamorano J. et al. (2019). TESS-W sky brightness network. Zenodo monthly archives. https://zenodo.org/records/3378728. CC0 1.0.,TESS station stars76; photometric inflection method; night median MSAS=17.62; MSAS at inflection=15.24; depression=7.76°; smoothing=5-pt median; dark rows=505
fajr,2020-08-14,04:12,0,39.478898,-0.376524,0.0,Zamorano J. et al. (2019). TESS-W sky brightness network. Zenodo monthly archives. https://zenodo.org/records/3378728. CC0 1.0.,TESS station stars76; photometric inflection method; night median MSAS=17.62; MSAS at inflection=16.25; depression=11.46°; smoothing=5-pt median; dark rows=505
fajr,2020-08-16,04:31,0,39.478898,-0.376524,0.0,Zamorano J. et al. (2019). TESS-W sky brightness network. Zenodo monthly archives. https://zenodo.org/records/3378728. CC0 1.0.,TESS station stars76; photometric inflection method; night median MSAS=18.18; MSAS at inflection=16.42; depression=8.71°; smoothing=5-pt median; dark rows=515
isha,2020-08-16,19:44,0,39.478898,-0.376524,0.0,Zamorano J. et al. (2019). TESS-W sky brightness network. Zenodo monthly archives. https://zenodo.org/records/3378728. CC0 1.0.,TESS station stars76; photometric inflection method; night median MSAS=18.31; MSAS at inflection=16.83; depression=9.54°; smoothing=5-pt median; dark rows=514
fajr,2020-08-17,04:35,0,39.478898,-0.376524,0.0,Zamorano J. et al. (2019). TESS-W sky brightness network. Zenodo monthly archives. https://zenodo.org/records/3378728. CC0 1.0.,TESS station stars76; photometric inflection method; night median MSAS=18.31; MSAS at inflection=15.86; depression=8.09°; smoothing=5-pt median; dark rows=514
fajr,2020-08-18,04:38,0,39.478898,-0.376524,0.0,Zamorano J. et al. (2019). TESS-W sky brightness network. Zenodo monthly archives. https://zenodo.org/records/3378728. CC0 1.0.,TESS station stars76; photometric inflection method; night median MSAS=18.20; MSAS at inflection=15.93; depression=7.81°; smoothing=5-pt median; dark rows=516
isha,2020-08-19,19:35,0,39.478898,-0.376524,0.0,Zamorano J. et al. (2019). TESS-W sky brightness network. Zenodo monthly archives. https://zenodo.org/records/3378728. CC0 1.0.,TESS station stars76; photometric inflection method; night median MSAS=18.15; MSAS at inflection=16.21; depression=8.91°; smoothing=5-pt median; dark rows=500
isha,2020-08-20,19:57,0,39.478898,-0.376524,0.0,Zamorano J. et al. (2019). TESS-W sky brightness network. Zenodo monthly archives. https://zenodo.org/records/3378728. CC0 1.0.,TESS station stars76; photometric inflection method; night median MSAS=17.79; MSAS at inflection=16.56; depression=12.90°; smoothing=5-pt median; dark rows=485
fajr,2020-08-21,04:30,0,39.478898,-0.376524,0.0,Zamorano J. et al. (2019). TESS-W sky brightness network. Zenodo monthly archives. https://zenodo.org/records/3378728. CC0 1.0.,TESS station stars76; photometric inflection method; night median MSAS=17.79; MSAS at inflection=17.06; depression=9.75°; smoothing=5-pt median; dark rows=485
isha,2020-08-21,19:39,0,39.478898,-0.376524,0.0,Zamorano J. et al. (2019). TESS-W sky brightness network. Zenodo monthly archives. https://zenodo.org/records/3378728. CC0 1.0.,TESS station stars76; photometric inflection method; night median MSAS=17.94; MSAS at inflection=16.87; depression=10.05°; smoothing=5-pt median; dark rows=518
fajr,2020-08-22,04:40,0,39.478898,-0.376524,0.0,Zamorano J. et al. (2019). TESS-W sky brightness network. Zenodo monthly archives. https://zenodo.org/records/3378728. CC0 1.0.,TESS station stars76; photometric inflection method; night median MSAS=17.94; MSAS at inflection=15.78; depression=8.24°; smoothing=5-pt median; dark rows=518
isha,2020-08-22,19:43,0,39.478898,-0.376524,0.0,Zamorano J. et al. (2019). TESS-W sky brightness network. Zenodo monthly archives. https://zenodo.org/records/3378728. CC0 1.0.,TESS station stars76; photometric inflection method; night median MSAS=17.64; MSAS at inflection=17.12; depression=11.08°; smoothing=5-pt median; dark rows=520
fajr,2020-08-23,04:00,0,39.478898,-0.376524,0.0,Zamorano J. et al. (2019). TESS-W sky brightness network. Zenodo monthly archives. https://zenodo.org/records/3378728. CC0 1.0.,TESS station stars76; photometric inflection method; night median MSAS=17.64; MSAS at inflection=16.35; depression=15.37°; smoothing=5-pt median; dark rows=520
isha,2020-08-25,20:30,0,39.478898,-0.376524,0.0,Zamorano J. et al. (2019). TESS-W sky brightness network. Zenodo monthly archives. https://zenodo.org/records/3378728. CC0 1.0.,TESS station stars76; photometric inflection method; night median MSAS=18.04; MSAS at inflection=15.56; depression=19.87°; smoothing=5-pt median; dark rows=534
isha,2020-08-27,19:24,0,39.478898,-0.376524,0.0,Zamorano J. et al. (2019). TESS-W sky brightness network. Zenodo monthly archives. https://zenodo.org/records/3378728. CC0 1.0.,TESS station stars76; photometric inflection method; night median MSAS=17.62; MSAS at inflection=16.20; depression=9.08°; smoothing=5-pt median; dark rows=538
fajr,2020-08-28,03:49,0,39.478898,-0.376524,0.0,Zamorano J. et al. (2019). TESS-W sky brightness network. Zenodo monthly archives. https://zenodo.org/records/3378728. CC0 1.0.,TESS station stars76; photometric inflection method; night median MSAS=17.62; MSAS at inflection=17.43; depression=18.14°; smoothing=5-pt median; dark rows=538
isha,2020-08-29,19:39,0,39.478898,-0.376524,0.0,Zamorano J. et al. (2019). TESS-W sky brightness network. Zenodo monthly archives. https://zenodo.org/records/3378728. CC0 1.0.,TESS station stars76; photometric inflection method; night median MSAS=18.03; MSAS at inflection=16.01; depression=12.42°; smoothing=5-pt median; dark rows=545
isha,2020-08-30,19:24,0,39.478898,-0.376524,0.0,Zamorano J. et al. (2019). TESS-W sky brightness network. Zenodo monthly archives. https://zenodo.org/records/3378728. CC0 1.0.,TESS station stars76; photometric inflection method; night median MSAS=17.70; MSAS at inflection=16.89; depression=9.94°; smoothing=5-pt median; dark rows=533
fajr,2020-08-31,03:44,0,39.478898,-0.376524,0.0,Zamorano J. et al. (2019). TESS-W sky brightness network. Zenodo monthly archives. https://zenodo.org/records/3378728. CC0 1.0.,TESS station stars76; photometric inflection method; night median MSAS=17.70; MSAS at inflection=18.40; depression=19.62°; smoothing=5-pt median; dark rows=533
fajr,2020-08-04,03:21,0,43.34756,-4.059549,0.0,Zamorano J. et al. (2019). TESS-W sky brightness network. Zenodo monthly archives. https://zenodo.org/records/3378728. CC0 1.0.,TESS station stars81; photometric inflection method; night median MSAS=17.72; MSAS at inflection=17.46; depression=16.94°; smoothing=5-pt median; dark rows=322
fajr,2020-08-05,03:59,0,43.34756,-4.059549,0.0,Zamorano J. et al. (2019). TESS-W sky brightness network. Zenodo monthly archives. https://zenodo.org/records/3378728. CC0 1.0.,TESS station stars81; photometric inflection method; night median MSAS=17.89; MSAS at inflection=17.81; depression=11.91°; smoothing=5-pt median; dark rows=445
fajr,2020-08-06,04:23,0,43.34756,-4.059549,0.0,Zamorano J. et al. (2019). TESS-W sky brightness network. Zenodo monthly archives. https://zenodo.org/records/3378728. CC0 1.0.,TESS station stars81; photometric inflection method; night median MSAS=17.94; MSAS at inflection=16.31; depression=8.63°; smoothing=5-pt median; dark rows=459
isha,2020-08-13,21:26,0,43.34756,-4.059549,0.0,Zamorano J. et al. (2019). TESS-W sky brightness network. Zenodo monthly archives. https://zenodo.org/records/3378728. CC0 1.0.,TESS station stars81; photometric inflection method; night median MSAS=18.58; MSAS at inflection=17.02; depression=19.85°; smoothing=5-pt median; dark rows=461
isha,2020-08-15,21:28,0,43.34756,-4.059549,0.0,Zamorano J. et al. (2019). TESS-W sky brightness network. Zenodo monthly archives. https://zenodo.org/records/3378728. CC0 1.0.,TESS station stars81; photometric inflection method; night median MSAS=18.49; MSAS at inflection=16.53; depression=20.71°; smoothing=5-pt median; dark rows=284
fajr,2020-08-16,03:05,0,43.34756,-4.059549,0.0,Zamorano J. et al. (2019). TESS-W sky brightness network. Zenodo monthly archives. https://zenodo.org/records/3378728. CC0 1.0.,TESS station stars81; photometric inflection method; night median MSAS=18.49; MSAS at inflection=17.02; depression=21.65°; smoothing=5-pt median; dark rows=284
isha,2020-08-16,20:03,0,43.34756,-4.059549,0.0,Zamorano J. et al. (2019). TESS-W sky brightness network. Zenodo monthly archives. https://zenodo.org/records/3378728. CC0 1.0.,TESS station stars81; photometric inflection method; night median MSAS=18.22; MSAS at inflection=16.11; depression=8.63°; smoothing=5-pt median; dark rows=473
fajr,2020-08-17,03:34,0,43.34756,-4.059549,0.0,Zamorano J. et al. (2019). TESS-W sky brightness network. Zenodo monthly archives. https://zenodo.org/records/3378728. CC0 1.0.,TESS station stars81; photometric inflection method; night median MSAS=18.22; MSAS at inflection=17.61; depression=18.08°; smoothing=5-pt median; dark rows=473
isha,2020-08-17,20:08,0,43.34756,-4.059549,0.0,Zamorano J. et al. (2019). TESS-W sky brightness network. Zenodo monthly archives. https://zenodo.org/records/3378728. CC0 1.0.,TESS station stars81; photometric inflection method; night median MSAS=18.06; MSAS at inflection=17.35; depression=9.59°; smoothing=5-pt median; dark rows=494
fajr,2020-08-18,04:24,0,43.34756,-4.059549,0.0,Zamorano J. et al. (2019). TESS-W sky brightness network. Zenodo monthly archives. https://zenodo.org/records/3378728. CC0 1.0.,TESS station stars81; photometric inflection method; night median MSAS=18.06; MSAS at inflection=17.81; depression=10.90°; smoothing=5-pt median; dark rows=494
isha,2020-08-18,20:21,0,43.34756,-4.059549,0.0,Zamorano J. et al. (2019). TESS-W sky brightness network. Zenodo monthly archives. https://zenodo.org/records/3378728. CC0 1.0.,TESS station stars81; photometric inflection method; night median MSAS=18.56; MSAS at inflection=18.10; depression=12.02°; smoothing=5-pt median; dark rows=438
fajr,2020-08-19,04:32,0,43.34756,-4.059549,0.0,Zamorano J. et al. (2019). TESS-W sky brightness network. Zenodo monthly archives. https://zenodo.org/records/3378728. CC0 1.0.,TESS station stars81; photometric inflection method; night median MSAS=18.56; MSAS at inflection=17.72; depression=9.79°; smoothing=5-pt median; dark rows=438
isha,2020-08-24,19:49,0,43.34756,-4.059549,0.0,Zamorano J. et al. (2019). TESS-W sky brightness network. Zenodo monthly archives. https://zenodo.org/records/3378728. CC0 1.0.,TESS station stars81; photometric inflection method; night median MSAS=18.68; MSAS at inflection=16.69; depression=8.58°; smoothing=5-pt median; dark rows=210
isha,2020-08-26,19:48,0,43.34756,-4.059549,0.0,Zamorano J. et al. (2019). TESS-W sky brightness network. Zenodo monthly archives. https://zenodo.org/records/3378728. CC0 1.0.,TESS station stars81; photometric inflection method; night median MSAS=18.27; MSAS at inflection=16.37; depression=8.96°; smoothing=5-pt median; dark rows=454
isha,2020-08-30,20:54,0,43.34756,-4.059549,0.0,Zamorano J. et al. (2019). TESS-W sky brightness network. Zenodo monthly archives. https://zenodo.org/records/3378728. CC0 1.0.,TESS station stars81; photometric inflection method; night median MSAS=18.08; MSAS at inflection=17.53; depression=20.79°; smoothing=5-pt median; dark rows=412
isha,2020-08-02,22:35,1,59.267231,18.137398,0.0,Zamorano J. et al. (2019). TESS-W sky brightness network. Zenodo monthly archives. https://zenodo.org/records/3378728. CC0 1.0.,TESS station stars83; photometric inflection method; night median MSAS=18.18; MSAS at inflection=17.11; depression=11.62°; smoothing=5-pt median; dark rows=220
isha,2020-08-03,22:43,1,59.267231,18.137398,0.0,Zamorano J. et al. (2019). TESS-W sky brightness network. Zenodo monthly archives. https://zenodo.org/records/3378728. CC0 1.0.,TESS station stars83; photometric inflection method; night median MSAS=18.15; MSAS at inflection=18.06; depression=12.20°; smoothing=5-pt median; dark rows=223
isha,2020-08-04,21:52,1,59.267231,18.137398,0.0,Zamorano J. et al. (2019). TESS-W sky brightness network. Zenodo monthly archives. https://zenodo.org/records/3378728. CC0 1.0.,TESS station stars83; photometric inflection method; night median MSAS=17.64; MSAS at inflection=17.34; depression=9.89°; smoothing=5-pt median; dark rows=227
fajr,2020-08-05,01:14,1,59.267231,18.137398,0.0,Zamorano J. et al. (2019). TESS-W sky brightness network. Zenodo monthly archives. https://zenodo.org/records/3378728. CC0 1.0.,TESS station stars83; photometric inflection method; night median MSAS=17.64; MSAS at inflection=18.00; depression=12.06°; smoothing=5-pt median; dark rows=227
isha,2020-08-06,21:43,1,59.267231,18.137398,0.0,Zamorano J. et al. (2019). TESS-W sky brightness network. Zenodo monthly archives. https://zenodo.org/records/3378728. CC0 1.0.,TESS station stars83; photometric inflection method; night median MSAS=18.25; MSAS at inflection=17.46; depression=9.88°; smoothing=5-pt median; dark rows=238
fajr,2020-08-07,01:38,1,59.267231,18.137398,0.0,Zamorano J. et al. (2019). TESS-W sky brightness network. Zenodo monthly archives. https://zenodo.org/records/3378728. CC0 1.0.,TESS station stars83; photometric inflection method; night median MSAS=18.25; MSAS at inflection=18.06; depression=11.42°; smoothing=5-pt median; dark rows=238
isha,2020-08-08,23:00,1,59.267231,18.137398,0.0,Zamorano J. et al. (2019). TESS-W sky brightness network. Zenodo monthly archives. https://zenodo.org/records/3378728. CC0 1.0.,TESS station stars83; photometric inflection method; night median MSAS=18.22; MSAS at inflection=17.83; depression=14.18°; smoothing=5-pt median; dark rows=267
fajr,2020-08-09,01:02,1,59.267231,18.137398,0.0,Zamorano J. et al. (2019). TESS-W sky brightness network. Zenodo monthly archives. https://zenodo.org/records/3378728. CC0 1.0.,TESS station stars83; photometric inflection method; night median MSAS=18.22; MSAS at inflection=18.48; depression=13.62°; smoothing=5-pt median; dark rows=267
isha,2020-08-09,21:26,1,59.267231,18.137398,0.0,Zamorano J. et al. (2019). TESS-W sky brightness network. Zenodo monthly archives. https://zenodo.org/records/3378728. CC0 1.0.,TESS station stars83; photometric inflection method; night median MSAS=17.97; MSAS at inflection=16.53; depression=9.49°; smoothing=5-pt median; dark rows=279
isha,2020-08-10,22:07,1,59.267231,18.137398,0.0,Zamorano J. et al. (2019). TESS-W sky brightness network. Zenodo monthly archives. https://zenodo.org/records/3378728. CC0 1.0.,TESS station stars83; photometric inflection method; night median MSAS=18.56; MSAS at inflection=18.28; depression=12.50°; smoothing=5-pt median; dark rows=250
fajr,2020-08-11,02:29,1,59.267231,18.137398,0.0,Zamorano J. et al. (2019). TESS-W sky brightness network. Zenodo monthly archives. https://zenodo.org/records/3378728. CC0 1.0.,TESS station stars83; photometric inflection method; night median MSAS=18.56; MSAS at inflection=16.90; depression=9.08°; smoothing=5-pt median; dark rows=250
isha,2020-08-11,21:21,1,59.267231,18.137398,0.0,Zamorano J. et al. (2019). TESS-W sky brightness network. Zenodo monthly archives. https://zenodo.org/records/3378728. CC0 1.0.,TESS station stars83; photometric inflection method; night median MSAS=18.47; MSAS at inflection=17.29; depression=9.73°; smoothing=5-pt median; dark rows=291
isha,2020-08-12,23:53,1,59.267231,18.137398,0.0,Zamorano J. et al. (2019). TESS-W sky brightness network. Zenodo monthly archives. https://zenodo.org/records/3378728. CC0 1.0.,TESS station stars83; photometric inflection method; night median MSAS=18.03; MSAS at inflection=17.10; depression=16.13°; smoothing=5-pt median; dark rows=294
fajr,2020-08-13,02:32,1,59.267231,18.137398,0.0,Zamorano J. et al. (2019). TESS-W sky brightness network. Zenodo monthly archives. https://zenodo.org/records/3378728. CC0 1.0.,TESS station stars83; photometric inflection method; night median MSAS=18.03; MSAS at inflection=17.26; depression=9.36°; smoothing=5-pt median; dark rows=294
isha,2020-08-14,21:23,1,59.267231,18.137398,0.0,Zamorano J. et al. (2019). TESS-W sky brightness network. Zenodo monthly archives. https://zenodo.org/records/3378728. CC0 1.0.,TESS station stars83; photometric inflection method; night median MSAS=18.64; MSAS at inflection=17.70; depression=10.78°; smoothing=5-pt median; dark rows=306
fajr,2020-08-15,02:51,1,59.267231,18.137398,0.0,Zamorano J. et al. (2019). TESS-W sky brightness network. Zenodo monthly archives. https://zenodo.org/records/3378728. CC0 1.0.,TESS station stars83; photometric inflection method; night median MSAS=18.64; MSAS at inflection=16.24; depression=8.25°; smoothing=5-pt median; dark rows=306
isha,2020-08-16,23:06,1,59.267231,18.137398,0.0,Zamorano J. et al. (2019). TESS-W sky brightness network. Zenodo monthly archives. https://zenodo.org/records/3378728. CC0 1.0.,TESS station stars83; photometric inflection method; night median MSAS=18.37; MSAS at inflection=18.07; depression=16.80°; smoothing=5-pt median; dark rows=320
fajr,2020-08-17,02:09,1,59.267231,18.137398,0.0,Zamorano J. et al. (2019). TESS-W sky brightness network. Zenodo monthly archives. https://zenodo.org/records/3378728. CC0 1.0.,TESS station stars83; photometric inflection method; night median MSAS=18.37; MSAS at inflection=18.51; depression=12.19°; smoothing=5-pt median; dark rows=320
isha,2020-08-17,21:28,1,59.267231,18.137398,0.0,Zamorano J. et al. (2019). TESS-W sky brightness network. Zenodo monthly archives. https://zenodo.org/records/3378728. CC0 1.0.,TESS station stars83; photometric inflection method; night median MSAS=18.38; MSAS at inflection=17.87; depression=12.12°; smoothing=5-pt median; dark rows=329
fajr,2020-08-18,02:56,1,59.267231,18.137398,0.0,Zamorano J. et al. (2019). TESS-W sky brightness network. Zenodo monthly archives. https://zenodo.org/records/3378728. CC0 1.0.,TESS station stars83; photometric inflection method; night median MSAS=18.38; MSAS at inflection=16.66; depression=8.71°; smoothing=5-pt median; dark rows=329
isha,2020-08-18,23:50,1,59.267231,18.137398,0.0,Zamorano J. et al. (2019). TESS-W sky brightness network. Zenodo monthly archives. https://zenodo.org/records/3378728. CC0 1.0.,TESS station stars83; photometric inflection method; night median MSAS=18.47; MSAS at inflection=18.68; depression=18.03°; smoothing=5-pt median; dark rows=338
fajr,2020-08-19,01:39,1,59.267231,18.137398,0.0,Zamorano J. et al. (2019). TESS-W sky brightness network. Zenodo monthly archives. https://zenodo.org/records/3378728. CC0 1.0.,TESS station stars83; photometric inflection method; night median MSAS=18.47; MSAS at inflection=18.27; depression=14.78°; smoothing=5-pt median; dark rows=338
isha,2020-08-19,23:33,1,59.267231,18.137398,0.0,Zamorano J. et al. (2019). TESS-W sky brightness network. Zenodo monthly archives. https://zenodo.org/records/3378728. CC0 1.0.,TESS station stars83; photometric inflection method; night median MSAS=18.41; MSAS at inflection=18.48; depression=18.27°; smoothing=5-pt median; dark rows=348
fajr,2020-08-20,02:55,1,59.267231,18.137398,0.0,Zamorano J. et al. (2019). TESS-W sky brightness network. Zenodo monthly archives. https://zenodo.org/records/3378728. CC0 1.0.,TESS station stars83; photometric inflection method; night median MSAS=18.41; MSAS at inflection=16.04; depression=9.30°; smoothing=5-pt median; dark rows=348
fajr,2020-08-21,03:01,1,59.267231,18.137398,0.0,Zamorano J. et al. (2019). TESS-W sky brightness network. Zenodo monthly archives. https://zenodo.org/records/3378728. CC0 1.0.,TESS station stars83; photometric inflection method; night median MSAS=17.84; MSAS at inflection=16.31; depression=9.04°; smoothing=5-pt median; dark rows=355
fajr,2020-08-24,00:55,1,59.267231,18.137398,0.0,Zamorano J. et al. (2019). TESS-W sky brightness network. Zenodo monthly archives. https://zenodo.org/records/3378728. CC0 1.0.,TESS station stars83; photometric inflection method; night median MSAS=18.69; MSAS at inflection=18.05; depression=18.49°; smoothing=5-pt median; dark rows=343
isha,2020-08-24,21:11,1,59.267231,18.137398,0.0,Zamorano J. et al. (2019). TESS-W sky brightness network. Zenodo monthly archives. https://zenodo.org/records/3378728. CC0 1.0.,TESS station stars83; photometric inflection method; night median MSAS=18.74; MSAS at inflection=18.17; depression=13.15°; smoothing=5-pt median; dark rows=380
isha,2020-08-25,23:02,1,59.267231,18.137398,0.0,Zamorano J. et al. (2019). TESS-W sky brightness network. Zenodo monthly archives. https://zenodo.org/records/3378728. CC0 1.0.,TESS station stars83; photometric inflection method; night median MSAS=18.77; MSAS at inflection=18.57; depression=19.76°; smoothing=5-pt median; dark rows=377
isha,2020-08-26,22:17,1,59.267231,18.137398,0.0,Zamorano J. et al. (2019). TESS-W sky brightness network. Zenodo monthly archives. https://zenodo.org/records/3378728. CC0 1.0.,TESS station stars83; photometric inflection method; night median MSAS=18.77; MSAS at inflection=17.88; depression=18.31°; smoothing=5-pt median; dark rows=398
fajr,2020-08-27,03:14,1,59.267231,18.137398,0.0,Zamorano J. et al. (2019). TESS-W sky brightness network. Zenodo monthly archives. https://zenodo.org/records/3378728. CC0 1.0.,TESS station stars83; photometric inflection method; night median MSAS=18.77; MSAS at inflection=17.49; depression=9.52°; smoothing=5-pt median; dark rows=398
isha,2020-08-27,20:55,1,59.267231,18.137398,0.0,Zamorano J. et al. (2019). TESS-W sky brightness network. Zenodo monthly archives. https://zenodo.org/records/3378728. CC0 1.0.,TESS station stars83; photometric inflection method; night median MSAS=17.59; MSAS at inflection=16.69; depression=12.79°; smoothing=5-pt median; dark rows=393
fajr,2020-08-10,00:19,1,64.209031,18.849575,0.0,Zamorano J. et al. (2019). TESS-W sky brightness network. Zenodo monthly archives. https://zenodo.org/records/3378728. CC0 1.0.,TESS station stars86; photometric inflection method; night median MSAS=18.14; MSAS at inflection=18.01; depression=10.09°; smoothing=5-pt median; dark rows=68
isha,2020-08-10,22:54,1,64.209031,18.849575,0.0,Zamorano J. et al. (2019). TESS-W sky brightness network. Zenodo monthly archives. https://zenodo.org/records/3378728. CC0 1.0.,TESS station stars86; photometric inflection method; night median MSAS=18.39; MSAS at inflection=17.93; depression=9.87°; smoothing=5-pt median; dark rows=100
fajr,2020-08-11,00:40,1,64.209031,18.849575,0.0,Zamorano J. et al. (2019). TESS-W sky brightness network. Zenodo monthly archives. https://zenodo.org/records/3378728. CC0 1.0.,TESS station stars86; photometric inflection method; night median MSAS=18.39; MSAS at inflection=17.95; depression=10.00°; smoothing=5-pt median; dark rows=100
fajr,2020-08-12,01:26,1,64.209031,18.849575,0.0,Zamorano J. et al. (2019). TESS-W sky brightness network. Zenodo monthly archives. https://zenodo.org/records/3378728. CC0 1.0.,TESS station stars86; photometric inflection method; night median MSAS=18.62; MSAS at inflection=16.77; depression=8.78°; smoothing=5-pt median; dark rows=122
isha,2020-08-12,22:34,1,64.209031,18.849575,0.0,Zamorano J. et al. (2019). TESS-W sky brightness network. Zenodo monthly archives. https://zenodo.org/records/3378728. CC0 1.0.,TESS station stars86; photometric inflection method; night median MSAS=18.61; MSAS at inflection=17.64; depression=9.87°; smoothing=5-pt median; dark rows=141
fajr,2020-08-13,01:21,1,64.209031,18.849575,0.0,Zamorano J. et al. (2019). TESS-W sky brightness network. Zenodo monthly archives. https://zenodo.org/records/3378728. CC0 1.0.,TESS station stars86; photometric inflection method; night median MSAS=18.61; MSAS at inflection=17.88; depression=9.26°; smoothing=5-pt median; dark rows=141
fajr,2020-08-14,00:52,1,64.209031,18.849575,0.0,Zamorano J. et al. (2019). TESS-W sky brightness network. Zenodo monthly archives. https://zenodo.org/records/3378728. CC0 1.0.,TESS station stars86; photometric inflection method; night median MSAS=19.27; MSAS at inflection=19.11; depression=10.59°; smoothing=5-pt median; dark rows=156
isha,2020-08-14,21:49,1,64.209031,18.849575,0.0,Zamorano J. et al. (2019). TESS-W sky brightness network. Zenodo monthly archives. https://zenodo.org/records/3378728. CC0 1.0.,TESS station stars86; photometric inflection method; night median MSAS=19.17; MSAS at inflection=16.81; depression=8.51°; smoothing=5-pt median; dark rows=175
fajr,2020-08-15,00:52,1,64.209031,18.849575,0.0,Zamorano J. et al. (2019). TESS-W sky brightness network. Zenodo monthly archives. https://zenodo.org/records/3378728. CC0 1.0.,TESS station stars86; photometric inflection method; night median MSAS=19.17; MSAS at inflection=18.95; depression=10.88°; smoothing=5-pt median; dark rows=175
fajr,2020-08-16,01:42,1,64.209031,18.849575,0.0,Zamorano J. et al. (2019). TESS-W sky brightness network. Zenodo monthly archives. https://zenodo.org/records/3378728. CC0 1.0.,TESS station stars86; photometric inflection method; night median MSAS=19.34; MSAS at inflection=17.28; depression=9.20°; smoothing=5-pt median; dark rows=190
isha,2020-08-16,21:51,1,64.209031,18.849575,0.0,Zamorano J. et al. (2019). TESS-W sky brightness network. Zenodo monthly archives. https://zenodo.org/records/3378728. CC0 1.0.,TESS station stars86; photometric inflection method; night median MSAS=19.59; MSAS at inflection=17.15; depression=9.25°; smoothing=5-pt median; dark rows=202
fajr,2020-08-17,00:36,1,64.209031,18.849575,0.0,Zamorano J. et al. (2019). TESS-W sky brightness network. Zenodo monthly archives. https://zenodo.org/records/3378728. CC0 1.0.,TESS station stars86; photometric inflection method; night median MSAS=19.59; MSAS at inflection=19.67; depression=11.91°; smoothing=5-pt median; dark rows=202
isha,2020-08-17,22:43,1,64.209031,18.849575,0.0,Zamorano J. et al. (2019). TESS-W sky brightness network. Zenodo monthly archives. https://zenodo.org/records/3378728. CC0 1.0.,TESS station stars86; photometric inflection method; night median MSAS=19.77; MSAS at inflection=19.49; depression=11.77°; smoothing=5-pt median; dark rows=216
fajr,2020-08-19,01:27,1,64.209031,18.849575,0.0,Zamorano J. et al. (2019). TESS-W sky brightness network. Zenodo monthly archives. https://zenodo.org/records/3378728. CC0 1.0.,TESS station stars86; photometric inflection method; night median MSAS=19.73; MSAS at inflection=18.54; depression=10.81°; smoothing=5-pt median; dark rows=228
fajr,2020-08-20,00:35,1,64.209031,18.849575,0.0,Zamorano J. et al. (2019). TESS-W sky brightness network. Zenodo monthly archives. https://zenodo.org/records/3378728. CC0 1.0.,TESS station stars86; photometric inflection method; night median MSAS=20.30; MSAS at inflection=21.80; depression=12.90°; smoothing=5-pt median; dark rows=240
fajr,2020-08-23,01:27,1,64.209031,18.849575,0.0,Zamorano J. et al. (2019). TESS-W sky brightness network. Zenodo monthly archives. https://zenodo.org/records/3378728. CC0 1.0.,TESS station stars86; photometric inflection method; night median MSAS=20.05; MSAS at inflection=19.73; depression=12.08°; smoothing=5-pt median; dark rows=264
fajr,2020-08-25,01:54,1,64.209031,18.849575,0.0,Zamorano J. et al. (2019). TESS-W sky brightness network. Zenodo monthly archives. https://zenodo.org/records/3378728. CC0 1.0.,TESS station stars86; photometric inflection method; night median MSAS=20.87; MSAS at inflection=19.34; depression=11.32°; smoothing=5-pt median; dark rows=290
isha,2020-08-25,22:14,1,64.209031,18.849575,0.0,Zamorano J. et al. (2019). TESS-W sky brightness network. Zenodo monthly archives. https://zenodo.org/records/3378728. CC0 1.0.,TESS station stars86; photometric inflection method; night median MSAS=21.01; MSAS at inflection=20.72; depression=13.44°; smoothing=5-pt median; dark rows=303
isha,2020-08-26,22:22,1,64.209031,18.849575,0.0,Zamorano J. et al. (2019). TESS-W sky brightness network. Zenodo monthly archives. https://zenodo.org/records/3378728. CC0 1.0.,TESS station stars86; photometric inflection method; night median MSAS=21.08; MSAS at inflection=20.95; depression=14.11°; smoothing=5-pt median; dark rows=315
fajr,2020-08-27,02:13,1,64.209031,18.849575,0.0,Zamorano J. et al. (2019). TESS-W sky brightness network. Zenodo monthly archives. https://zenodo.org/records/3378728. CC0 1.0.,TESS station stars86; photometric inflection method; night median MSAS=21.08; MSAS at inflection=18.84; depression=10.78°; smoothing=5-pt median; dark rows=315
isha,2020-08-27,21:59,1,64.209031,18.849575,0.0,Zamorano J. et al. (2019). TESS-W sky brightness network. Zenodo monthly archives. https://zenodo.org/records/3378728. CC0 1.0.,TESS station stars86; photometric inflection method; night median MSAS=21.17; MSAS at inflection=20.64; depression=13.41°; smoothing=5-pt median; dark rows=324
isha,2020-08-29,22:45,1,64.209031,18.849575,0.0,Zamorano J. et al. (2019). TESS-W sky brightness network. Zenodo monthly archives. https://zenodo.org/records/3378728. CC0 1.0.,TESS station stars86; photometric inflection method; night median MSAS=20.73; MSAS at inflection=20.67; depression=15.97°; smoothing=5-pt median; dark rows=332
fajr,2020-08-30,01:42,1,64.209031,18.849575,0.0,Zamorano J. et al. (2019). TESS-W sky brightness network. Zenodo monthly archives. https://zenodo.org/records/3378728. CC0 1.0.,TESS station stars86; photometric inflection method; night median MSAS=20.73; MSAS at inflection=20.77; depression=13.63°; smoothing=5-pt median; dark rows=332
isha,2020-08-30,22:57,1,64.209031,18.849575,0.0,Zamorano J. et al. (2019). TESS-W sky brightness network. Zenodo monthly archives. https://zenodo.org/records/3378728. CC0 1.0.,TESS station stars86; photometric inflection method; night median MSAS=21.00; MSAS at inflection=21.25; depression=16.67°; smoothing=5-pt median; dark rows=345
isha,2020-08-31,21:33,1,64.209031,18.849575,0.0,Zamorano J. et al. (2019). TESS-W sky brightness network. Zenodo monthly archives. https://zenodo.org/records/3378728. CC0 1.0.,TESS station stars86; photometric inflection method; night median MSAS=19.55; MSAS at inflection=19.39; depression=13.45°; smoothing=5-pt median; dark rows=256
fajr,2020-09-01,00:33,1,64.209031,18.849575,0.0,Zamorano J. et al. (2019). TESS-W sky brightness network. Zenodo monthly archives. https://zenodo.org/records/3378728. CC0 1.0.,TESS station stars86; photometric inflection method; night median MSAS=19.55; MSAS at inflection=19.78; depression=17.02°; smoothing=5-pt median; dark rows=256
isha,2020-08-04,20:28,0,43.262171,-2.948617,0.0,Zamorano J. et al. (2019). TESS-W sky brightness network. Zenodo monthly archives. https://zenodo.org/records/3378728. CC0 1.0.,TESS station stars88; photometric inflection method; night median MSAS=17.72; MSAS at inflection=17.30; depression=10.21°; smoothing=5-pt median; dark rows=438
isha,2020-08-05,20:19,0,43.262171,-2.948617,0.0,Zamorano J. et al. (2019). TESS-W sky brightness network. Zenodo monthly archives. https://zenodo.org/records/3378728. CC0 1.0.,TESS station stars88; photometric inflection method; night median MSAS=17.69; MSAS at inflection=16.49; depression=9.04°; smoothing=5-pt median; dark rows=456
fajr,2020-08-06,04:06,0,43.262171,-2.948617,0.0,Zamorano J. et al. (2019). TESS-W sky brightness network. Zenodo monthly archives. https://zenodo.org/records/3378728. CC0 1.0.,TESS station stars88; photometric inflection method; night median MSAS=17.69; MSAS at inflection=17.24; depression=10.58°; smoothing=5-pt median; dark rows=456
isha,2020-08-15,21:13,0,43.262171,-2.948617,0.0,Zamorano J. et al. (2019). TESS-W sky brightness network. Zenodo monthly archives. https://zenodo.org/records/3378728. CC0 1.0.,TESS station stars88; photometric inflection method; night median MSAS=17.93; MSAS at inflection=16.84; depression=19.47°; smoothing=5-pt median; dark rows=485
fajr,2020-08-16,03:37,0,43.262171,-2.948617,0.0,Zamorano J. et al. (2019). TESS-W sky brightness network. Zenodo monthly archives. https://zenodo.org/records/3378728. CC0 1.0.,TESS station stars88; photometric inflection method; night median MSAS=17.93; MSAS at inflection=16.97; depression=16.91°; smoothing=5-pt median; dark rows=485
isha,2020-08-16,20:19,0,43.262171,-2.948617,0.0,Zamorano J. et al. (2019). TESS-W sky brightness network. Zenodo monthly archives. https://zenodo.org/records/3378728. CC0 1.0.,TESS station stars88; photometric inflection method; night median MSAS=18.03; MSAS at inflection=17.71; depression=11.91°; smoothing=5-pt median; dark rows=492
fajr,2020-08-17,03:17,0,43.262171,-2.948617,0.0,Zamorano J. et al. (2019). TESS-W sky brightness network. Zenodo monthly archives. https://zenodo.org/records/3378728. CC0 1.0.,TESS station stars88; photometric inflection method; night median MSAS=18.03; MSAS at inflection=18.04; depression=19.87°; smoothing=5-pt median; dark rows=492
isha,2020-08-18,19:56,0,43.262171,-2.948617,0.0,Zamorano J. et al. (2019). TESS-W sky brightness network. Zenodo monthly archives. https://zenodo.org/records/3378728. CC0 1.0.,TESS station stars88; photometric inflection method; night median MSAS=18.08; MSAS at inflection=16.62; depression=8.75°; smoothing=5-pt median; dark rows=498
fajr,2020-08-19,04:16,0,43.262171,-2.948617,0.0,Zamorano J. et al. (2019). TESS-W sky brightness network. Zenodo monthly archives. https://zenodo.org/records/3378728. CC0 1.0.,TESS station stars88; photometric inflection method; night median MSAS=18.08; MSAS at inflection=17.57; depression=11.74°; smoothing=5-pt median; dark rows=498
fajr,2020-08-22,04:41,0,43.262171,-2.948617,0.0,Zamorano J. et al. (2019). TESS-W sky brightness network. Zenodo monthly archives. https://zenodo.org/records/3378728. CC0 1.0.,TESS station stars88; photometric inflection method; night median MSAS=17.86; MSAS at inflection=16.02; depression=8.31°; smoothing=5-pt median; dark rows=508
fajr,2020-08-24,03:28,0,43.262171,-2.948617,0.0,Zamorano J. et al. (2019). TESS-W sky brightness network. Zenodo monthly archives. https://zenodo.org/records/3378728. CC0 1.0.,TESS station stars88; photometric inflection method; night median MSAS=17.51; MSAS at inflection=17.78; depression=19.99°; smoothing=5-pt median; dark rows=515
isha,2020-08-24,19:47,0,43.262171,-2.948617,0.0,Zamorano J. et al. (2019). TESS-W sky brightness network. Zenodo monthly archives. https://zenodo.org/records/3378728. CC0 1.0.,TESS station stars88; photometric inflection method; night median MSAS=18.12; MSAS at inflection=16.59; depression=8.96°; smoothing=5-pt median; dark rows=482
fajr,2020-08-31,04:24,0,43.262171,-2.948617,0.0,Zamorano J. et al. (2019). TESS-W sky brightness network. Zenodo monthly archives. https://zenodo.org/records/3378728. CC0 1.0.,TESS station stars88; photometric inflection method; night median MSAS=17.77; MSAS at inflection=18.02; depression=12.95°; smoothing=5-pt median; dark rows=529
isha,2020-07-31,19:17,-7,30.534095,-98.905275,0.0,Zamorano J. et al. (2019). TESS-W sky brightness network. Zenodo monthly archives. https://zenodo.org/records/3378728. CC0 1.0.,TESS station stars89; photometric inflection method; night median MSAS=18.48; MSAS at inflection=18.39; depression=10.13°; smoothing=5-pt median; dark rows=514
isha,2020-08-02,19:25,-7,30.534095,-98.905275,0.0,Zamorano J. et al. (2019). TESS-W sky brightness network. Zenodo monthly archives. https://zenodo.org/records/3378728. CC0 1.0.,TESS station stars89; photometric inflection method; night median MSAS=18.07; MSAS at inflection=18.16; depression=12.04°; smoothing=5-pt median; dark rows=465
fajr,2020-08-03,04:16,-7,30.534095,-98.905275,0.0,Zamorano J. et al. (2019). TESS-W sky brightness network. Zenodo monthly archives. https://zenodo.org/records/3378728. CC0 1.0.,TESS station stars89; photometric inflection method; night median MSAS=18.07; MSAS at inflection=16.31; depression=8.51°; smoothing=5-pt median; dark rows=465
isha,2020-08-03,19:10,-7,30.534095,-98.905275,0.0,Zamorano J. et al. (2019). TESS-W sky brightness network. Zenodo monthly archives. https://zenodo.org/records/3378728. CC0 1.0.,TESS station stars89; photometric inflection method; night median MSAS=18.12; MSAS at inflection=16.99; depression=9.25°; smoothing=5-pt median; dark rows=413
fajr,2020-08-04,04:21,-7,30.534095,-98.905275,0.0,Zamorano J. et al. (2019). TESS-W sky brightness network. Zenodo monthly archives. https://zenodo.org/records/3378728. CC0 1.0.,TESS station stars89; photometric inflection method; night median MSAS=18.12; MSAS at inflection=15.67; depression=7.57°; smoothing=5-pt median; dark rows=413
isha,2020-08-05,19:17,-7,30.534095,-98.905275,0.0,Zamorano J. et al. (2019). TESS-W sky brightness network. Zenodo monthly archives. https://zenodo.org/records/3378728. CC0 1.0.,TESS station stars89; photometric inflection method; night median MSAS=18.64; MSAS at inflection=18.82; depression=10.91°; smoothing=5-pt median; dark rows=527
fajr,2020-08-07,04:06,-7,30.534095,-98.905275,0.0,Zamorano J. et al. (2019). TESS-W sky brightness network. Zenodo monthly archives. https://zenodo.org/records/3378728. CC0 1.0.,TESS station stars89; photometric inflection method; night median MSAS=19.29; MSAS at inflection=17.96; depression=11.00°; smoothing=5-pt median; dark rows=456
isha,2020-08-08,19:22,-7,30.534095,-98.905275,0.0,Zamorano J. et al. (2019). TESS-W sky brightness network. Zenodo monthly archives. https://zenodo.org/records/3378728. CC0 1.0.,TESS station stars89; photometric inflection method; night median MSAS=20.22; MSAS at inflection=20.22; depression=12.54°; smoothing=5-pt median; dark rows=535
fajr,2020-08-09,03:37,-7,30.534095,-98.905275,0.0,Zamorano J. et al. (2019). TESS-W sky brightness network. Zenodo monthly archives. https://zenodo.org/records/3378728. CC0 1.0.,TESS station stars89; photometric inflection method; night median MSAS=20.22; MSAS at inflection=18.27; depression=16.87°; smoothing=5-pt median; dark rows=535
fajr,2020-08-10,03:44,-7,30.534095,-98.905275,0.0,Zamorano J. et al. (2019). TESS-W sky brightness network. Zenodo monthly archives. https://zenodo.org/records/3378728. CC0 1.0.,TESS station stars89; photometric inflection method; night median MSAS=20.50; MSAS at inflection=18.37; depression=15.57°; smoothing=5-pt median; dark rows=533
isha,2020-08-10,19:14,-7,30.534095,-98.905275,0.0,Zamorano J. et al. (2019). TESS-W sky brightness network. Zenodo monthly archives. https://zenodo.org/records/3378728. CC0 1.0.,TESS station stars89; photometric inflection method; night median MSAS=21.00; MSAS at inflection=19.29; depression=11.32°; smoothing=5-pt median; dark rows=540
isha,2020-08-17,19:04,-7,30.534095,-98.905275,0.0,Zamorano J. et al. (2019). TESS-W sky brightness network. Zenodo monthly archives. https://zenodo.org/records/3378728. CC0 1.0.,TESS station stars89; photometric inflection method; night median MSAS=21.85; MSAS at inflection=19.36; depression=11.04°; smoothing=5-pt median; dark rows=481
isha,2020-08-18,19:06,-7,30.534095,-98.905275,0.0,Zamorano J. et al. (2019). TESS-W sky brightness network. Zenodo monthly archives. https://zenodo.org/records/3378728. CC0 1.0.,TESS station stars89; photometric inflection method; night median MSAS=21.70; MSAS at inflection=19.51; depression=11.65°; smoothing=5-pt median; dark rows=502
isha,2020-08-21,19:11,-7,30.534095,-98.905275,0.0,Zamorano J. et al. (2019). TESS-W sky brightness network. Zenodo monthly archives. https://zenodo.org/records/3378728. CC0 1.0.,TESS station stars89; photometric inflection method; night median MSAS=21.75; MSAS at inflection=20.95; depression=13.36°; smoothing=5-pt median; dark rows=559
fajr,2020-08-22,03:57,-7,30.534095,-98.905275,0.0,Zamorano J. et al. (2019). TESS-W sky brightness network. Zenodo monthly archives. https://zenodo.org/records/3378728. CC0 1.0.,TESS station stars89; photometric inflection method; night median MSAS=21.75; MSAS at inflection=21.91; depression=15.01°; smoothing=5-pt median; dark rows=559
fajr,2020-08-24,04:10,-7,30.534095,-98.905275,0.0,Zamorano J. et al. (2019). TESS-W sky brightness network. Zenodo monthly archives. https://zenodo.org/records/3378728. CC0 1.0.,TESS station stars89; photometric inflection method; night median MSAS=21.65; MSAS at inflection=20.49; depression=12.65°; smoothing=5-pt median; dark rows=561
fajr,2020-08-28,04:24,-7,30.534095,-98.905275,0.0,Zamorano J. et al. (2019). TESS-W sky brightness network. Zenodo monthly archives. https://zenodo.org/records/3378728. CC0 1.0.,TESS station stars89; photometric inflection method; night median MSAS=20.25; MSAS at inflection=18.61; depression=10.39°; smoothing=5-pt median; dark rows=543
isha,2020-08-29,18:45,-7,30.534095,-98.905275,0.0,Zamorano J. et al. (2019). TESS-W sky brightness network. Zenodo monthly archives. https://zenodo.org/records/3378728. CC0 1.0.,TESS station stars89; photometric inflection method; night median MSAS=19.15; MSAS at inflection=17.79; depression=10.15°; smoothing=5-pt median; dark rows=570
isha,2020-08-30,18:38,-7,30.534095,-98.905275,0.0,Zamorano J. et al. (2019). TESS-W sky brightness network. Zenodo monthly archives. https://zenodo.org/records/3378728. CC0 1.0.,TESS station stars89; photometric inflection method; night median MSAS=18.82; MSAS at inflection=16.80; depression=8.94°; smoothing=5-pt median; dark rows=567
isha,2020-08-02,21:36,0,38.409226,-4.894376,0.0,Zamorano J. et al. (2019). TESS-W sky brightness network. Zenodo monthly archives. https://zenodo.org/records/3378728. CC0 1.0.,TESS station stars9; photometric inflection method; night median MSAS=17.87; MSAS at inflection=17.87; depression=21.52°; smoothing=5-pt median; dark rows=377
isha,2020-08-05,20:13,0,38.409226,-4.894376,0.0,Zamorano J. et al. (2019). TESS-W sky brightness network. Zenodo monthly archives. https://zenodo.org/records/3378728. CC0 1.0.,TESS station stars9; photometric inflection method; night median MSAS=18.18; MSAS at inflection=17.00; depression=9.40°; smoothing=5-pt median; dark rows=495
fajr,2020-08-06,04:22,0,38.409226,-4.894376,0.0,Zamorano J. et al. (2019). TESS-W sky brightness network. Zenodo monthly archives. https://zenodo.org/records/3378728. CC0 1.0.,TESS station stars9; photometric inflection method; night median MSAS=18.18; MSAS at inflection=18.38; depression=11.88°; smoothing=5-pt median; dark rows=495
isha,2020-08-06,20:10,0,38.409226,-4.894376,0.0,Zamorano J. et al. (2019). TESS-W sky brightness network. Zenodo monthly archives. https://zenodo.org/records/3378728. CC0 1.0.,TESS station stars9; photometric inflection method; night median MSAS=18.19; MSAS at inflection=16.67; depression=8.99°; smoothing=5-pt median; dark rows=498
fajr,2020-08-07,04:43,0,38.409226,-4.894376,0.0,Zamorano J. et al. (2019). TESS-W sky brightness network. Zenodo monthly archives. https://zenodo.org/records/3378728. CC0 1.0.,TESS station stars9; photometric inflection method; night median MSAS=18.19; MSAS at inflection=16.13; depression=8.62°; smoothing=5-pt median; dark rows=498
isha,2020-08-07,20:22,0,38.409226,-4.894376,0.0,Zamorano J. et al. (2019). TESS-W sky brightness network. Zenodo monthly archives. https://zenodo.org/records/3378728. CC0 1.0.,TESS station stars9; photometric inflection method; night median MSAS=18.32; MSAS at inflection=18.49; depression=11.31°; smoothing=5-pt median; dark rows=500
fajr,2020-08-08,04:22,0,38.409226,-4.894376,0.0,Zamorano J. et al. (2019). TESS-W sky brightness network. Zenodo monthly archives. https://zenodo.org/records/3378728. CC0 1.0.,TESS station stars9; photometric inflection method; night median MSAS=18.32; MSAS at inflection=17.58; depression=12.30°; smoothing=5-pt median; dark rows=500
isha,2020-08-08,20:21,0,38.409226,-4.894376,0.0,Zamorano J. et al. (2019). TESS-W sky brightness network. Zenodo monthly archives. https://zenodo.org/records/3378728. CC0 1.0.,TESS station stars9; photometric inflection method; night median MSAS=19.05; MSAS at inflection=18.56; depression=11.44°; smoothing=5-pt median; dark rows=340
fajr,2020-08-11,04:10,0,38.409226,-4.894376,0.0,Zamorano J. et al. (2019). TESS-W sky brightness network. Zenodo monthly archives. https://zenodo.org/records/3378728. CC0 1.0.,TESS station stars9; photometric inflection method; night median MSAS=19.19; MSAS at inflection=17.96; depression=14.85°; smoothing=5-pt median; dark rows=507
isha,2020-08-13,20:20,0,38.409226,-4.894376,0.0,Zamorano J. et al. (2019). TESS-W sky brightness network. Zenodo monthly archives. https://zenodo.org/records/3378728. CC0 1.0.,TESS station stars9; photometric inflection method; night median MSAS=19.78; MSAS at inflection=19.21; depression=12.50°; smoothing=5-pt median; dark rows=474
isha,2020-08-14,20:19,0,38.409226,-4.894376,0.0,Zamorano J. et al. (2019). TESS-W sky brightness network. Zenodo monthly archives. https://zenodo.org/records/3378728. CC0 1.0.,TESS station stars9; photometric inflection method; night median MSAS=20.02; MSAS at inflection=19.21; depression=12.44°; smoothing=5-pt median; dark rows=391
fajr,2020-08-17,04:17,0,38.409226,-4.894376,0.0,Zamorano J. et al. (2019). TESS-W sky brightness network. Zenodo monthly archives. https://zenodo.org/records/3378728. CC0 1.0.,TESS station stars9; photometric inflection method; night median MSAS=20.16; MSAS at inflection=20.18; depression=14.81°; smoothing=5-pt median; dark rows=383
fajr,2020-08-19,03:40,0,38.409226,-4.894376,0.0,Zamorano J. et al. (2019). TESS-W sky brightness network. Zenodo monthly archives. https://zenodo.org/records/3378728. CC0 1.0.,TESS station stars9; photometric inflection method; night median MSAS=20.20; MSAS at inflection=20.26; depression=21.19°; smoothing=5-pt median; dark rows=468
fajr,2020-08-22,04:47,0,38.409226,-4.894376,0.0,Zamorano J. et al. (2019). TESS-W sky brightness network. Zenodo monthly archives. https://zenodo.org/records/3378728. CC0 1.0.,TESS station stars9; photometric inflection method; night median MSAS=20.19; MSAS at inflection=18.14; depression=10.58°; smoothing=5-pt median; dark rows=399
fajr,2020-08-23,04:46,0,38.409226,-4.894376,0.0,Zamorano J. et al. (2019). TESS-W sky brightness network. Zenodo monthly archives. https://zenodo.org/records/3378728. CC0 1.0.,TESS station stars9; photometric inflection method; night median MSAS=20.16; MSAS at inflection=18.56; depression=11.04°; smoothing=5-pt median; dark rows=537
isha,2020-08-26,20:09,0,38.409226,-4.894376,0.0,Zamorano J. et al. (2019). TESS-W sky brightness network. Zenodo monthly archives. https://zenodo.org/records/3378728. CC0 1.0.,TESS station stars9; photometric inflection method; night median MSAS=20.06; MSAS at inflection=19.13; depression=14.06°; smoothing=5-pt median; dark rows=548
fajr,2020-08-27,04:10,0,38.409226,-4.894376,0.0,Zamorano J. et al. (2019). TESS-W sky brightness network. Zenodo monthly archives. https://zenodo.org/records/3378728. CC0 1.0.,TESS station stars9; photometric inflection method; night median MSAS=20.06; MSAS at inflection=20.12; depression=18.03°; smoothing=5-pt median; dark rows=548
isha,2020-08-28,19:54,0,38.409226,-4.894376,0.0,Zamorano J. et al. (2019). TESS-W sky brightness network. Zenodo monthly archives. https://zenodo.org/records/3378728. CC0 1.0.,TESS station stars9; photometric inflection method; night median MSAS=19.42; MSAS at inflection=18.56; depression=11.96°; smoothing=5-pt median; dark rows=553
fajr,2020-08-29,04:47,0,38.409226,-4.894376,0.0,Zamorano J. et al. (2019). TESS-W sky brightness network. Zenodo monthly archives. https://zenodo.org/records/3378728. CC0 1.0.,TESS station stars9; photometric inflection method; night median MSAS=19.42; MSAS at inflection=19.40; depression=11.88°; smoothing=5-pt median; dark rows=553
fajr,2020-08-30,05:00,0,38.409226,-4.894376,0.0,Zamorano J. et al. (2019). TESS-W sky brightness network. Zenodo monthly archives. https://zenodo.org/records/3378728. CC0 1.0.,TESS station stars9; photometric inflection method; night median MSAS=19.41; MSAS at inflection=17.49; depression=9.63°; smoothing=5-pt median; dark rows=554
fajr,2020-08-31,04:38,0,38.409226,-4.894376,0.0,Zamorano J. et al. (2019). TESS-W sky brightness network. Zenodo monthly archives. https://zenodo.org/records/3378728. CC0 1.0.,TESS station stars9; photometric inflection method; night median MSAS=19.09; MSAS at inflection=20.04; depression=13.82°; smoothing=5-pt median; dark rows=558
isha,2020-08-31,19:44,0,38.409226,-4.894376,0.0,Zamorano J. et al. (2019). TESS-W sky brightness network. Zenodo monthly archives. https://zenodo.org/records/3378728. CC0 1.0.,TESS station stars9; photometric inflection method; night median MSAS=18.12; MSAS at inflection=18.21; depression=10.96°; smoothing=5-pt median; dark rows=260
isha,2020-08-01,21:51,2,42.637673,23.295422,0.0,Zamorano J. et al. (2019). TESS-W sky brightness network. Zenodo monthly archives. https://zenodo.org/records/3378728. CC0 1.0.,TESS station stars92; photometric inflection method; night median MSAS=18.51; MSAS at inflection=17.04; depression=19.12°; smoothing=5-pt median; dark rows=385
fajr,2020-08-02,04:11,2,42.637673,23.295422,0.0,Zamorano J. et al. (2019). TESS-W sky brightness network. Zenodo monthly archives. https://zenodo.org/records/3378728. CC0 1.0.,TESS station stars92; photometric inflection method; night median MSAS=18.51; MSAS at inflection=18.80; depression=11.59°; smoothing=5-pt median; dark rows=385
isha,2020-08-07,21:08,2,42.637673,23.295422,0.0,Zamorano J. et al. (2019). TESS-W sky brightness network. Zenodo monthly archives. https://zenodo.org/records/3378728. CC0 1.0.,TESS station stars92; photometric inflection method; night median MSAS=17.93; MSAS at inflection=18.82; depression=14.89°; smoothing=5-pt median; dark rows=353
fajr,2020-08-08,04:44,2,42.637673,23.295422,0.0,Zamorano J. et al. (2019). TESS-W sky brightness network. Zenodo monthly archives. https://zenodo.org/records/3378728. CC0 1.0.,TESS station stars92; photometric inflection method; night median MSAS=17.93; MSAS at inflection=15.71; depression=7.64°; smoothing=5-pt median; dark rows=353
isha,2020-08-10,20:37,2,42.637673,23.295422,0.0,Zamorano J. et al. (2019). TESS-W sky brightness network. Zenodo monthly archives. https://zenodo.org/records/3378728. CC0 1.0.,TESS station stars92; photometric inflection method; night median MSAS=19.10; MSAS at inflection=18.50; depression=11.09°; smoothing=5-pt median; dark rows=402
isha,2020-08-14,20:36,2,42.637673,23.295422,0.0,Zamorano J. et al. (2019). TESS-W sky brightness network. Zenodo monthly archives. https://zenodo.org/records/3378728. CC0 1.0.,TESS station stars92; photometric inflection method; night median MSAS=18.87; MSAS at inflection=18.60; depression=11.94°; smoothing=5-pt median; dark rows=444
fajr,2020-08-15,04:10,2,42.637673,23.295422,0.0,Zamorano J. et al. (2019). TESS-W sky brightness network. Zenodo monthly archives. https://zenodo.org/records/3378728. CC0 1.0.,TESS station stars92; photometric inflection method; night median MSAS=18.87; MSAS at inflection=18.80; depression=14.39°; smoothing=5-pt median; dark rows=444
isha,2020-08-25,21:21,2,42.637673,23.295422,0.0,Zamorano J. et al. (2019). TESS-W sky brightness network. Zenodo monthly archives. https://zenodo.org/records/3378728. CC0 1.0.,TESS station stars92; photometric inflection method; night median MSAS=19.08; MSAS at inflection=18.81; depression=21.97°; smoothing=5-pt median; dark rows=479
isha,2020-08-26,20:18,2,42.637673,23.295422,0.0,Zamorano J. et al. (2019). TESS-W sky brightness network. Zenodo monthly archives. https://zenodo.org/records/3378728. CC0 1.0.,TESS station stars92; photometric inflection method; night median MSAS=19.20; MSAS at inflection=18.76; depression=12.44°; smoothing=5-pt median; dark rows=459
fajr,2020-08-27,04:59,2,42.637673,23.295422,0.0,Zamorano J. et al. (2019). TESS-W sky brightness network. Zenodo monthly archives. https://zenodo.org/records/3378728. CC0 1.0.,TESS station stars92; photometric inflection method; night median MSAS=19.20; MSAS at inflection=17.35; depression=8.99°; smoothing=5-pt median; dark rows=459
isha,2020-08-27,20:13,2,42.637673,23.295422,0.0,Zamorano J. et al. (2019). TESS-W sky brightness network. Zenodo monthly archives. https://zenodo.org/records/3378728. CC0 1.0.,TESS station stars92; photometric inflection method; night median MSAS=19.14; MSAS at inflection=18.64; depression=11.97°; smoothing=5-pt median; dark rows=458
isha,2020-08-28,21:01,2,42.637673,23.295422,0.0,Zamorano J. et al. (2019). TESS-W sky brightness network. Zenodo monthly archives. https://zenodo.org/records/3378728. CC0 1.0.,TESS station stars92; photometric inflection method; night median MSAS=19.05; MSAS at inflection=18.74; depression=19.99°; smoothing=5-pt median; dark rows=415
isha,2020-08-29,20:11,2,42.637673,23.295422,0.0,Zamorano J. et al. (2019). TESS-W sky brightness network. Zenodo monthly archives. https://zenodo.org/records/3378728. CC0 1.0.,TESS station stars92; photometric inflection method; night median MSAS=18.83; MSAS at inflection=18.48; depression=12.22°; smoothing=5-pt median; dark rows=495
fajr,2020-08-30,04:43,2,42.637673,23.295422,0.0,Zamorano J. et al. (2019). TESS-W sky brightness network. Zenodo monthly archives. https://zenodo.org/records/3378728. CC0 1.0.,TESS station stars92; photometric inflection method; night median MSAS=18.83; MSAS at inflection=18.99; depression=12.38°; smoothing=5-pt median; dark rows=495
isha,2020-08-31,19:43,2,42.637673,23.295422,0.0,Zamorano J. et al. (2019). TESS-W sky brightness network. Zenodo monthly archives. https://zenodo.org/records/3378728. CC0 1.0.,TESS station stars92; photometric inflection method; night median MSAS=18.38; MSAS at inflection=16.24; depression=8.07°; smoothing=5-pt median; dark rows=329
